timestamp ET,open,high,low,close,volume,Vwap_RTH,Vwap_ETH
4/10/2023 2:38,15649.25,15651.25,15649,15651,28,0,15673.61355
4/10/2023 2:39,15651.25,15652.5,15651,15651.5,79,0,15673.55881
4/10/2023 2:40,15651.75,15651.75,15650.5,15651.25,19,0,15673.54539
4/10/2023 2:41,15651,15651.5,15650,15650.5,29,0,15673.52447
4/10/2023 2:42,15650.75,15651,15650.5,15650.75,17,0,15673.51227
4/10/2023 2:43,15650.75,15650.75,15648.25,15649.25,36,0,15673.48498
4/10/2023 2:44,15648.75,15649.25,15648.25,15648.5,25,0,15673.46546
4/10/2023 2:45,15648.25,15648.25,15646.5,15647.25,109,0,15673.3762
4/10/2023 2:46,15647.25,15647.5,15645.5,15647.5,95,0,15673.29741
4/10/2023 2:47,15647.5,15650,15647.5,15650,53,0,15673.25752
4/10/2023 2:48,15650,15650.25,15648.75,15648.75,41,0,15673.22686
4/10/2023 2:49,15648.75,15648.75,15644.75,15645.5,80,0,15673.16
4/10/2023 2:50,15645.25,15646.25,15644.25,15644.75,45,0,15673.12079
4/10/2023 2:51,15644.75,15645.75,15644.75,15645.25,38,0,15673.08796
4/10/2023 2:52,15645.5,15645.5,15641,15641.75,179,0,15672.92056
4/10/2023 2:53,15641.75,15643.25,15641.5,15643.25,68,0,15672.85728
4/10/2023 2:54,15643,15645.75,15642.25,15645.25,90,0,15672.77876
4/10/2023 2:55,15645,15645.75,15644,15644.5,50,0,15672.73584
4/10/2023 2:56,15644.5,15644.5,15643.5,15644.25,27,0,15672.71216
4/10/2023 2:57,15644.25,15645,15642.75,15642.75,52,0,15672.66575
4/10/2023 2:58,15642.5,15642.5,15632.75,15633.75,399,0,15672.22814
4/10/2023 2:59,15633.5,15636.5,15632,15634.75,152,0,15672.05544
4/10/2023 3:00,15635,15636.5,15634.5,15634.75,87,0,15671.95947
4/10/2023 3:01,15635.25,15639.5,15634.75,15638.25,216,0,15671.73783
4/10/2023 3:02,15637.5,15638,15633,15634.75,197,0,15671.52503
4/10/2023 3:03,15634.75,15637.75,15634,15636.75,109,0,15671.4113
4/10/2023 3:04,15636.25,15636.5,15633.25,15635.75,138,0,15671.2643
4/10/2023 3:05,15635.75,15636,15633,15634.5,104,0,15671.15227
4/10/2023 3:06,15634.25,15635.75,15633.25,15635.75,67,0,15671.08128
4/10/2023 3:07,15636.25,15637.5,15635,15637,73,0,15671.00762
4/10/2023 3:08,15637,15638.5,15636.75,15637.5,85,0,15670.92492
4/10/2023 3:09,15637.75,15640,15637.75,15640,115,0,15670.81924
4/10/2023 3:10,15639.5,15639.75,15638.25,15638.25,36,0,15670.78579
4/10/2023 3:11,15638.5,15642.75,15638.5,15642.25,116,0,15670.68655
4/10/2023 3:12,15641.75,15643,15641.25,15642,47,0,15670.64777
4/10/2023 3:13,15641.75,15643.5,15639.75,15641,108,0,15670.55699
4/10/2023 3:14,15640.75,15642.75,15640.75,15642.75,31,0,15670.53164
4/10/2023 3:15,15642.25,15643.5,15642,15642,29,0,15670.5083
4/10/2023 3:16,15642,15643.75,15642,15643.5,39,0,15670.47763
4/10/2023 3:17,15643.25,15647,15643.25,15644.25,135,0,15670.37875
4/10/2023 3:18,15644.5,15648.5,15644.5,15647.25,64,0,15670.33564
4/10/2023 3:19,15647.75,15649,15647.5,15648.75,80,0,15670.28576
4/10/2023 3:20,15648.25,15649,15645.75,15646.25,99,0,15670.22037
4/10/2023 3:21,15645.75,15646.75,15645.5,15646,50,0,15670.18618
4/10/2023 3:22,15646.25,15647.75,15645.25,15645.5,103,0,15670.11631
4/10/2023 3:23,15645.25,15646.75,15645.25,15646.25,31,0,15670.09528
4/10/2023 3:24,15646.75,15648.75,15646.75,15647,27,0,15670.07808
4/10/2023 3:25,15647,15648,15646.75,15646.75,39,0,15670.05291
4/10/2023 3:26,15647.25,15647.75,15646.75,15647.5,36,0,15670.0299
4/10/2023 3:27,15647.75,15651,15647.75,15649.5,104,0,15669.96976
4/10/2023 3:28,15649.75,15650,15647,15648,112,0,15669.90198
4/10/2023 3:29,15648.25,15648.75,15646.25,15646.25,49,0,15669.87076
4/10/2023 3:30,15646,15646.75,15643.5,15644.25,114,0,15669.79129
4/10/2023 3:31,15644.25,15646,15644,15644.75,64,0,15669.74705
4/10/2023 3:32,15644.75,15645.75,15644,15644.25,66,0,15669.70113
4/10/2023 3:33,15644.5,15644.75,15643.5,15644,36,0,15669.67557
4/10/2023 3:34,15644.25,15647.5,15644.25,15646.75,68,0,15669.63136
4/10/2023 3:35,15646.75,15647.5,15645,15645.25,50,0,15669.5986
4/10/2023 3:36,15645.75,15646,15645,15646,19,0,15669.58605
4/10/2023 3:37,15645.75,15646.25,15645.25,15646,21,0,15669.57229
4/10/2023 3:38,15646.25,15648.5,15645.75,15647.25,80,0,15669.52294
4/10/2023 3:39,15647.25,15647.75,15646.75,15647,41,0,15669.49773
4/10/2023 3:40,15647,15648,15646.5,15646.5,24,0,15669.4829
4/10/2023 3:41,15646.5,15648.25,15646.5,15648.25,20,0,15669.47091
4/10/2023 3:42,15648.5,15651,15648.5,15650,91,0,15669.42195
4/10/2023 3:43,15650.5,15651.5,15648.75,15649.75,58,0,15669.39114
4/10/2023 3:44,15649.5,15649.75,15648,15648.25,30,0,15669.37414
4/10/2023 3:45,15648.75,15649,15647.75,15648.75,30,0,15669.35704
4/10/2023 3:46,15648.75,15650.75,15648.75,15650.25,58,0,15669.3263
4/10/2023 3:47,15649.75,15650.75,15649,15649.75,21,0,15669.31514
4/10/2023 3:48,15649.25,15650.25,15648.75,15649,30,0,15669.29882
4/10/2023 3:49,15648.75,15648.75,15648,15648,21,0,15669.28679
4/10/2023 3:50,15648,15650.25,15647.5,15649.75,25,0,15669.27311
4/10/2023 3:51,15649.75,15655,15649.75,15653.75,152,0,15669.20544
4/10/2023 3:52,15654,15655.75,15653.25,15654,88,0,15669.17008
4/10/2023 3:53,15653.75,15656,15653.75,15655.5,93,0,15669.13477
4/10/2023 3:54,15655.5,15656.25,15655,15655.75,59,0,15669.11339
4/10/2023 3:55,15656,15656.75,15653.75,15655.5,130,0,15669.06535
4/10/2023 3:56,15655.75,15658.25,15655.5,15657.75,81,0,15669.03957
4/10/2023 3:57,15658,15658.75,15656.25,15658.5,76,0,15669.01682
4/10/2023 3:58,15658.25,15659.5,15657.5,15658,118,0,15668.98327
4/10/2023 3:59,15658,15659,15655.75,15658.25,125,0,15668.94574
4/10/2023 4:00,15658,15658.25,15656,15656.25,115,0,15668.9089
4/10/2023 4:01,15656.5,15659,15656.25,15657.5,159,0,15668.86147
4/10/2023 4:02,15658,15658.5,15655.75,15656,119,0,15668.82363
4/10/2023 4:03,15655.5,15656,15654.5,15656,105,0,15668.787
4/10/2023 4:04,15655.5,15656.5,15655.25,15655.5,27,0,15668.77779
4/10/2023 4:05,15655.75,15658.25,15655.75,15658.25,56,0,15668.76117
4/10/2023 4:06,15658.25,15659.75,15658.25,15659,100,0,15668.73573
4/10/2023 4:07,15659,15659.5,15657.75,15658,62,0,15668.71909
4/10/2023 4:08,15658.5,15660.75,15658.25,15660.5,82,0,15668.70017
4/10/2023 4:09,15660,15662,15659.5,15661.25,144,0,15668.67118
4/10/2023 4:10,15661.5,15665.5,15661.5,15665.5,262,0,15668.64086
4/10/2023 4:11,15665,15667,15664.5,15666,188,0,15668.62737
4/10/2023 4:12,15666.25,15666.25,15662.5,15664.5,186,0,15668.60744
4/10/2023 4:13,15664.25,15667,15664.25,15666,100,0,15668.60018
4/10/2023 4:14,15666.25,15667.25,15665.5,15666.75,111,0,15668.59428
4/10/2023 4:15,15667,15667,15664.75,15666.25,71,0,15668.58963
4/10/2023 4:16,15665.75,15666.75,15665,15666,71,0,15668.58484
4/10/2023 4:17,15665,15665.25,15663.25,15664.25,148,0,15668.56872
4/10/2023 4:18,15664.25,15666.25,15664.25,15664.75,71,0,15668.56252
4/10/2023 4:19,15664.75,15665.75,15663,15663,78,0,15668.55345
4/10/2023 4:20,15663.5,15665,15663.25,15665,116,0,15668.54147
4/10/2023 4:21,15665,15665.25,15664.75,15664.75,21,0,15668.53957
4/10/2023 4:22,15664.75,15665,15662.75,15664,98,0,15668.5283
4/10/2023 4:23,15664,15664.25,15663.25,15664.25,57,0,15668.52176
4/10/2023 4:24,15664.25,15664.25,15661.25,15661.5,91,0,15668.5078
4/10/2023 4:25,15661.25,15661.5,15658.5,15659,124,0,15668.4807
4/10/2023 4:26,15658.5,15659.25,15657.5,15658,66,0,15668.46404
4/10/2023 4:27,15658,15659,15657.75,15658.5,63,0,15668.44844
4/10/2023 4:28,15658.25,15660,15658.25,15659.75,62,0,15668.43454
4/10/2023 4:29,15659.75,15659.75,15657.5,15658.75,71,0,15668.41751
4/10/2023 4:30,15658.5,15658.5,15656.25,15656.75,61,0,15668.40068
4/10/2023 4:31,15656.5,15657.25,15655.5,15655.75,50,0,15668.3857
4/10/2023 4:32,15655.75,15656.75,15655.5,15656.5,51,0,15668.37056
4/10/2023 4:33,15656.5,15657.75,15656.25,15656.5,43,0,15668.35843
4/10/2023 4:34,15656.5,15657.5,15656,15657.5,39,0,15668.34762
4/10/2023 4:35,15657.25,15658.5,15657,15657.75,78,0,15668.32748
4/10/2023 4:36,15657.75,15659.5,15657.5,15659.5,45,0,15668.31708
4/10/2023 4:37,15659,15659.75,15658.25,15659.5,52,0,15668.30551
4/10/2023 4:38,15659.25,15659.5,15657.75,15658,28,0,15668.29879
4/10/2023 4:39,15657.75,15659.25,15657.75,15659,21,0,15668.29387
4/10/2023 4:40,15659.25,15659.75,15658.75,15659.75,22,0,15668.28913
4/10/2023 4:41,15659.75,15660.5,15659.5,15660.25,25,0,15668.28416
4/10/2023 4:42,15659.75,15660.25,15659.5,15660,36,0,15668.27686
4/10/2023 4:43,15659.5,15660,15659.25,15659.25,24,0,15668.27176
4/10/2023 4:44,15659.5,15660.25,15659,15660.25,43,0,15668.26298
4/10/2023 4:45,15660.25,15662.25,15660.25,15661.75,56,0,15668.25372
4/10/2023 4:46,15661.25,15662.25,15661,15661.75,38,0,15668.24768
4/10/2023 4:47,15662,15662,15660.5,15660.75,86,0,15668.23284
4/10/2023 4:48,15660.5,15660.75,15659.75,15660,38,0,15668.22546
4/10/2023 4:49,15660,15662,15660,15661.25,23,0,15668.22151
4/10/2023 4:50,15661.75,15662.75,15661.25,15661.5,37,0,15668.21583
4/10/2023 4:51,15662,15662,15660.5,15661,43,0,15668.20855
4/10/2023 4:52,15660.75,15660.75,15659.5,15659.75,110,0,15668.18693
4/10/2023 4:53,15659.75,15660.75,15659.75,15660.5,37,0,15668.17998
4/10/2023 4:54,15661,15663.75,15660.75,15663.5,57,0,15668.17248
4/10/2023 4:55,15663.25,15665.25,15663.25,15664.75,96,0,15668.16388
4/10/2023 4:56,15664.25,15664.5,15663,15663.25,27,0,15668.16094
4/10/2023 4:57,15663.5,15663.75,15662.5,15663.25,48,0,15668.15523
4/10/2023 4:58,15663,15663,15662.25,15662.5,21,0,15668.15245
4/10/2023 4:59,15663,15666.5,15662.75,15664,98,0,15668.14376
4/10/2023 5:00,15664.5,15666.5,15664.5,15666.5,32,0,15668.14201
4/10/2023 5:01,15666.75,15667,15665.25,15665.75,100,0,15668.13695
4/10/2023 5:02,15666.25,15666.5,15663.75,15665.75,76,0,15668.13192
4/10/2023 5:03,15664.5,15664.75,15663.5,15663.5,45,0,15668.12744
4/10/2023 5:04,15663.75,15664.25,15663.75,15664.25,20,0,15668.12554
4/10/2023 5:05,15664.25,15665.75,15664.25,15665.75,17,0,15668.12438
4/10/2023 5:06,15665.25,15665.5,15664.5,15665.25,28,0,15668.12238
4/10/2023 5:07,15665,15665.75,15665,15665.5,14,0,15668.12149
4/10/2023 5:08,15665.75,15666.25,15665.75,15665.75,24,0,15668.12024
4/10/2023 5:09,15666,15666.5,15665.75,15666.25,21,0,15668.11928
4/10/2023 5:10,15666,15667.25,15666,15666.75,36,0,15668.11805
4/10/2023 5:11,15666.75,15677.5,15666,15675,625,0,15668.18629
4/10/2023 5:12,15674.75,15676.25,15672.75,15675.5,142,0,15668.20807
4/10/2023 5:13,15675.5,15680.5,15675.5,15680.5,256,0,15668.27047
4/10/2023 5:14,15680.75,15682,15679.5,15679.5,145,0,15668.31047
4/10/2023 5:15,15679.75,15680.75,15678.25,15678.25,139,0,15668.3446
4/10/2023 5:16,15678.5,15680.25,15677.75,15678.75,102,0,15668.36913
4/10/2023 5:17,15678.5,15679.5,15677,15677.75,113,0,15668.39403
4/10/2023 5:18,15678,15681.5,15677.5,15679.5,109,0,15668.42142
4/10/2023 5:19,15679.25,15681,15678.75,15680,89,0,15668.44452
4/10/2023 5:20,15680,15680.75,15679,15680.25,42,0,15668.45547
4/10/2023 5:21,15680.5,15682.25,15679.25,15680,139,0,15668.49312
4/10/2023 5:22,15679.75,15680,15678.75,15679.75,38,0,15668.50252
4/10/2023 5:23,15680,15680,15677.5,15677.5,39,0,15668.51113
4/10/2023 5:24,15677.5,15678.5,15677.25,15678.25,52,0,15668.52219
4/10/2023 5:25,15678.5,15679.25,15677.75,15679.25,15,0,15668.52563
4/10/2023 5:26,15678.75,15678.75,15677.5,15678.25,31,0,15668.53233
4/10/2023 5:27,15678,15678.5,15676.75,15678.25,45,0,15668.54169
4/10/2023 5:28,15678.25,15679.25,15677.25,15678.25,40,0,15668.55037
4/10/2023 5:29,15678,15678.75,15677.5,15678.75,19,0,15668.55453
4/10/2023 5:30,15678.25,15679.25,15678,15678.75,37,0,15668.56288
4/10/2023 5:31,15678.25,15681,15678.25,15681,80,0,15668.58343
4/10/2023 5:32,15680.75,15681,15679.75,15680.75,39,0,15668.59378
4/10/2023 5:33,15679.75,15680,15678.5,15679.25,56,0,15668.60705
4/10/2023 5:34,15679.5,15679.5,15678,15678.75,46,0,15668.61742
4/10/2023 5:35,15678.5,15682.75,15678.25,15679.5,183,0,15668.6642
4/10/2023 5:36,15679.25,15679.75,15678.25,15679.5,57,0,15668.67743
4/10/2023 5:37,15679.25,15681.75,15679.25,15681.75,55,0,15668.69229
4/10/2023 5:38,15681.75,15681.75,15680.25,15680.75,43,0,15668.70388
4/10/2023 5:39,15680.5,15682.5,15679.5,15682.5,50,0,15668.71798
4/10/2023 5:40,15682.25,15682.25,15680.75,15681.25,49,0,15668.73167
4/10/2023 5:41,15681.25,15681.25,15680,15680.5,21,0,15668.73715
4/10/2023 5:42,15681,15682.5,15681,15682,32,0,15668.74636
4/10/2023 5:43,15681.75,15685.25,15681.75,15685,214,0,15668.81778
4/10/2023 5:44,15685.5,15686,15684.25,15684.5,91,0,15668.84977
4/10/2023 5:45,15685,15686,15684.75,15686,61,0,15668.87203
4/10/2023 5:46,15686.25,15688.75,15686.25,15688.5,146,0,15668.9322
4/10/2023 5:47,15688.25,15688.25,15685,15686,61,0,15668.95535
4/10/2023 5:48,15686.25,15686.25,15683.75,15684,92,0,15668.98667
4/10/2023 5:49,15684.5,15685.75,15683.25,15685.5,80,0,15669.01409
4/10/2023 5:50,15685,15685.75,15683.5,15684.25,38,0,15669.02681
4/10/2023 5:51,15684,15684.5,15683.5,15683.5,32,0,15669.03704
4/10/2023 5:52,15683.75,15683.75,15681,15681.25,77,0,15669.05856
4/10/2023 5:53,15681.25,15681.25,15679,15680.25,72,0,15669.07577
4/10/2023 5:54,15680,15680,15678,15678.5,65,0,15669.08941
4/10/2023 5:55,15678.5,15679,15678,15678.75,47,0,15669.09899
4/10/2023 5:56,15679,15680,15678.25,15680,60,0,15669.11226
4/10/2023 5:57,15679.75,15679.75,15676.75,15677.25,91,0,15669.12941
4/10/2023 5:58,15677.25,15678.75,15677.25,15678.75,32,0,15669.13566
4/10/2023 5:59,15678.75,15680,15678.75,15679.75,23,0,15669.14075
4/10/2023 6:00,15680,15680,15679.5,15679.5,16,0,15669.14435
4/10/2023 6:01,15679.25,15682.25,15679.25,15680.25,102,0,15669.16923
4/10/2023 6:02,15679.5,15680.25,15679,15680,29,0,15669.17577
4/10/2023 6:03,15680,15681,15679.75,15680.75,38,0,15669.18494
4/10/2023 6:04,15680.75,15681.25,15680.25,15680.75,27,0,15669.19158
4/10/2023 6:05,15680.75,15683.25,15680.75,15683.25,49,0,15669.20536
4/10/2023 6:06,15683.25,15683.25,15681,15681,56,0,15669.22028
4/10/2023 6:07,15681,15682,15680.25,15682,48,0,15669.2327
4/10/2023 6:08,15682,15682.25,15680.75,15681,24,0,15669.23886
4/10/2023 6:09,15681.25,15681.5,15679.75,15680.5,46,0,15669.24991
4/10/2023 6:10,15680,15680.75,15679,15679,36,0,15669.25778
4/10/2023 6:11,15678.75,15680.5,15678.25,15680,37,0,15669.26586
4/10/2023 6:12,15680,15680,15678.25,15678.25,48,0,15669.27557
4/10/2023 6:13,15678,15678,15677,15677,48,0,15669.28373
4/10/2023 6:14,15677.25,15677.75,15677,15677.75,24,0,15669.28789
4/10/2023 6:15,15678.25,15684.5,15677.5,15683.25,177,0,15669.33425
4/10/2023 6:16,15683.5,15690,15683,15689.25,353,0,15669.46742
4/10/2023 6:17,15689.75,15690.5,15685.75,15686.75,129,0,15669.51627
4/10/2023 6:18,15686.75,15686.75,15685.5,15686,31,0,15669.52695
4/10/2023 6:19,15686,15686.5,15685.5,15686,19,0,15669.53345
4/10/2023 6:20,15686,15686,15683.75,15684,58,0,15669.55158
4/10/2023 6:21,15683.5,15686.25,15683.5,15685.75,31,0,15669.56162
4/10/2023 6:22,15685.25,15686,15684.75,15684.75,23,0,15669.56906
4/10/2023 6:23,15684.5,15684.75,15683.75,15684.5,26,0,15669.57702
4/10/2023 6:24,15684.25,15684.75,15681.75,15682,55,0,15669.59211
4/10/2023 6:25,15682,15682.75,15681.5,15682.75,42,0,15669.60318
4/10/2023 6:26,15682.75,15683.25,15681.75,15682.25,25,0,15669.6098
4/10/2023 6:27,15682.25,15682.75,15680.5,15680.5,43,0,15669.62014
4/10/2023 6:28,15680.5,15682,15680.25,15682,42,0,15669.63037
4/10/2023 6:29,15682,15683.5,15682,15683.25,79,0,15669.65199
4/10/2023 6:30,15683,15683.25,15680,15681.5,88,0,15669.67359
4/10/2023 6:31,15681.25,15682.25,15677.75,15682,134,0,15669.7038
4/10/2023 6:32,15681.75,15682.75,15681.25,15681.75,64,0,15669.71981
4/10/2023 6:33,15681.5,15683,15681.5,15682.5,38,0,15669.72962
4/10/2023 6:34,15682.5,15683.75,15682.25,15683.5,46,0,15669.74226
4/10/2023 6:35,15683.5,15685.75,15683.25,15685.5,72,0,15669.76444
4/10/2023 6:36,15684.75,15685.75,15682.75,15682.75,74,0,15669.78554
4/10/2023 6:37,15683.25,15684.75,15683.25,15684.75,30,0,15669.79438
4/10/2023 6:38,15684.75,15684.75,15684.25,15684.25,11,0,15669.79766
4/10/2023 6:39,15684.5,15685.75,15684.5,15685.5,26,0,15669.80584
4/10/2023 6:40,15685.75,15687,15683.25,15683.75,97,0,15669.83513
4/10/2023 6:41,15683.5,15684.5,15682,15682.75,35,0,15669.84454
4/10/2023 6:42,15682.75,15682.75,15681.25,15681.5,47,0,15669.85597
4/10/2023 6:43,15681.75,15682.5,15681.75,15682.25,32,0,15669.86396
4/10/2023 6:44,15682.75,15683.5,15682.25,15682.5,38,0,15669.87388
4/10/2023 6:45,15682.25,15682.5,15680.75,15681,83,0,15669.89325
4/10/2023 6:46,15681.5,15682.25,15681,15681.75,40,0,15669.90277
4/10/2023 6:47,15681.75,15681.75,15680,15680,45,0,15669.91247
4/10/2023 6:48,15680,15681,15676.75,15679.25,143,0,15669.93863
4/10/2023 6:49,15679.75,15679.75,15677.25,15677.75,56,0,15669.94799
4/10/2023 6:50,15678.25,15679,15677.75,15678.75,35,0,15669.954
4/10/2023 6:51,15679,15680.25,15678.75,15678.75,35,0,15669.96054
4/10/2023 6:52,15679,15679.75,15679,15679,22,0,15669.96464
4/10/2023 6:53,15679,15680,15679,15680,33,0,15669.97106
4/10/2023 6:54,15679.75,15681.25,15678.25,15679,69,0,15669.98423
4/10/2023 6:55,15679,15680.25,15678.75,15679.25,29,0,15669.9897
4/10/2023 6:56,15678.75,15678.75,15673.75,15677.5,205,0,15670.01699
4/10/2023 6:57,15677.5,15678,15676.25,15676.5,52,0,15670.02414
4/10/2023 6:58,15676.75,15678.75,15676.75,15678.5,33,0,15670.02937
4/10/2023 6:59,15678.5,15678.5,15677.5,15677.75,30,0,15670.03408
4/10/2023 7:00,15677.5,15678,15675.75,15677.5,57,0,15670.04206
4/10/2023 7:01,15677.5,15679.25,15675.75,15676.5,94,0,15670.05534
4/10/2023 7:02,15676.25,15676.25,15671.5,15674.25,271,0,15670.07643
4/10/2023 7:03,15673.5,15674.25,15672.5,15673.5,92,0,15670.08248
4/10/2023 7:04,15673,15673.25,15670,15670,140,0,15670.08523
4/10/2023 7:05,15670,15670.75,15668.75,15668.75,122,0,15670.08363
4/10/2023 7:06,15668.75,15671,15668.25,15668.75,198,0,15670.08073
4/10/2023 7:07,15668.75,15669,15666.5,15666.5,160,0,15670.07218
4/10/2023 7:08,15667.25,15667.25,15665.75,15667,122,0,15670.06412
4/10/2023 7:09,15667,15669.25,15666.5,15668.5,137,0,15670.05887
4/10/2023 7:10,15668.75,15670.75,15668.75,15670.25,74,0,15670.05867
4/10/2023 7:11,15670.25,15671.5,15669.5,15669.5,104,0,15670.05888
4/10/2023 7:12,15669.25,15670.75,15669,15670,101,0,15670.05861
4/10/2023 7:13,15669.75,15670.25,15668.25,15668.25,66,0,15670.05716
4/10/2023 7:14,15668.25,15668.75,15666.5,15667,71,0,15670.05356
4/10/2023 7:15,15666.5,15668,15664.5,15664.75,154,0,15670.04087
4/10/2023 7:16,15664.5,15666.25,15663.25,15663.5,254,0,15670.01325
4/10/2023 7:17,15663.5,15664.25,15661.25,15663.25,143,0,15669.99397
4/10/2023 7:18,15663.5,15663.5,15660.25,15661.75,174,0,15669.96709
4/10/2023 7:19,15661.25,15662.5,15660.25,15661.25,89,0,15669.95256
4/10/2023 7:20,15661.25,15661.5,15657,15658.75,181,0,15669.9155
4/10/2023 7:21,15658.5,15659.25,15655.25,15655.25,174,0,15669.87194
4/10/2023 7:22,15655.75,15655.75,15652.25,15653.5,314,0,15669.77793
4/10/2023 7:23,15653,15653.5,15648.75,15650.5,225,0,15669.69904
4/10/2023 7:24,15650.25,15651.5,15648.25,15648.75,116,0,15669.65557
4/10/2023 7:25,15649.25,15649.5,15645.75,15646.25,190,0,15669.57659
4/10/2023 7:26,15646.5,15649.25,15637,15641.5,602,0,15669.27953
4/10/2023 7:27,15641,15642,15638.25,15639.25,277,0,15669.13117
4/10/2023 7:28,15638.75,15640,15637.75,15639.75,183,0,15669.03176
4/10/2023 7:29,15639.75,15640,15634.5,15634.5,310,0,15668.84903
4/10/2023 7:30,15634.5,15636.25,15629.5,15630.25,407,0,15668.58064
4/10/2023 7:31,15630.5,15630.5,15626,15626.25,516,0,15668.20552
4/10/2023 7:32,15626.25,15626.75,15622.25,15625,533,0,15667.79788
4/10/2023 7:33,15624.75,15625.5,15618.25,15619.25,406,0,15667.46649
4/10/2023 7:34,15618.5,15623.5,15617.75,15623.5,293,0,15667.2332
4/10/2023 7:35,15623.25,15623.5,15619.25,15620,231,0,15667.04828
4/10/2023 7:36,15619.75,15622.75,15619.25,15621.5,184,0,15666.90283
4/10/2023 7:37,15621.5,15621.75,15619,15620.25,141,0,15666.78998
4/10/2023 7:38,15619.75,15622.25,15619.25,15619.75,169,0,15666.65567
4/10/2023 7:39,15619.25,15625.25,15617,15622.75,442,0,15666.31745
4/10/2023 7:40,15622.5,15623,15619.5,15621.75,133,0,15666.21611
4/10/2023 7:41,15621.25,15625.25,15621.25,15625,126,0,15666.12568
4/10/2023 7:42,15624.75,15626.25,15623,15623.75,166,0,15666.00853
4/10/2023 7:43,15623.25,15625.75,15622.25,15622.25,111,0,15665.92884
4/10/2023 7:44,15622,15626,15621.5,15625.5,104,0,15665.85606
4/10/2023 7:45,15625.25,15626.5,15624.5,15625.75,107,0,15665.78368
4/10/2023 7:46,15625.5,15626,15623.75,15624.25,142,0,15665.68586
4/10/2023 7:47,15624,15624,15622,15622.75,117,0,15665.60218
4/10/2023 7:48,15623,15623.5,15619.25,15621.5,158,0,15665.48574
4/10/2023 7:49,15621.75,15623.5,15621,15623,80,0,15665.42846
4/10/2023 7:50,15623.25,15625,15621.75,15624.75,97,0,15665.36137
4/10/2023 7:51,15625.25,15626.75,15625,15626.25,170,0,15665.25041
4/10/2023 7:52,15626,15628.25,15626,15628,225,0,15665.10977
4/10/2023 7:53,15628,15628,15624.75,15625,150,0,15665.01289
4/10/2023 7:54,15625.25,15628,15623.5,15627.75,158,0,15664.91265
4/10/2023 7:55,15628,15632.75,15628,15631,388,0,15664.6951
4/10/2023 7:56,15631,15632.75,15630.5,15631.25,150,0,15664.61398
4/10/2023 7:57,15631.75,15632.75,15630.75,15631.75,115,0,15664.55251
4/10/2023 7:58,15631.75,15631.75,15628.5,15631,233,0,15664.42365
4/10/2023 7:59,15630.75,15633,15630,15630.25,97,0,15664.37134
4/10/2023 8:00,15630.25,15635.25,15629.5,15635.25,301,0,15664.22095
4/10/2023 8:01,15635.5,15636,15632.5,15632.5,340,0,15664.05464
4/10/2023 8:02,15632.5,15632.5,15625.5,15625.5,313,0,15663.87404
4/10/2023 8:03,15625.75,15628,15623.75,15625.75,369,0,15663.65173
4/10/2023 8:04,15626,15626.25,15622,15622.5,292,0,15663.4673
4/10/2023 8:05,15622.75,15623.75,15617.75,15619.75,408,0,15663.19218
4/10/2023 8:06,15619,15619.5,15611,15612.25,542,0,15662.78018
4/10/2023 8:07,15611.75,15614.5,15608.5,15609.25,502,0,15662.37766
4/10/2023 8:08,15608.75,15611.25,15606.75,15611,401,0,15662.05391
4/10/2023 8:09,15610.5,15614.5,15610.25,15610.75,295,0,15661.82802
4/10/2023 8:10,15610.25,15614,15610,15612.75,129,0,15661.73069
4/10/2023 8:11,15612.75,15613.75,15610.25,15611.5,150,0,15661.61705
4/10/2023 8:12,15611.5,15612.75,15609.5,15612,219,0,15661.45068
4/10/2023 8:13,15611.75,15612.25,15604.25,15607,485,0,15661.06003
4/10/2023 8:14,15606.75,15608,15605.5,15607.75,192,0,15660.9048
4/10/2023 8:15,15608,15609.75,15605.75,15608.25,274,0,15660.6882
4/10/2023 8:16,15608.25,15608.25,15603.25,15604.5,273,0,15660.46368
4/10/2023 8:17,15604.25,15606.5,15603,15606.5,201,0,15660.29953
4/10/2023 8:18,15606.5,15606.75,15600,15600.75,527,0,15659.85181
4/10/2023 8:19,15601,15601.75,15592.75,15595.25,1013,0,15658.92359
4/10/2023 8:20,15595.75,15596,15591,15593,410,0,15658.53641
4/10/2023 8:21,15592.5,15593.5,15588.25,15588.75,435,0,15658.11089
4/10/2023 8:22,15589.25,15589.25,15584.25,15588,478,0,15657.62898
4/10/2023 8:23,15588,15590.75,15585,15590.5,386,0,15657.25322
4/10/2023 8:24,15590.5,15590.5,15587.75,15588.75,257,0,15657.00621
4/10/2023 8:25,15588.25,15588.5,15580.75,15584.5,527,0,15656.47271
4/10/2023 8:26,15584,15589,15582.75,15587.75,333,0,15656.14851
4/10/2023 8:27,15587.25,15589.5,15586,15588.5,230,0,15655.93113
4/10/2023 8:28,15588.75,15589,15583.75,15584.5,188,0,15655.74861
4/10/2023 8:29,15584.5,15587.5,15583.5,15586,248,0,15655.50901
4/10/2023 8:30,15585.5,15588,15584.75,15587.75,202,0,15655.3183
4/10/2023 8:31,15588,15590.25,15583.5,15586.25,671,0,15654.69081
4/10/2023 8:32,15586.75,15591,15580.25,15584.75,587,0,15654.14063
4/10/2023 8:33,15585,15587,15583.25,15585.75,221,0,15653.93575
4/10/2023 8:34,15586.25,15587.25,15581,15582.25,347,0,15653.60798
4/10/2023 8:35,15581.75,15582.5,15577.75,15579.25,510,0,15653.10682
4/10/2023 8:36,15579.75,15583.25,15579,15582.25,275,0,15652.84549
4/10/2023 8:37,15582.5,15588.25,15582,15588,265,0,15652.61152
4/10/2023 8:38,15588.5,15593.75,15588.5,15592.5,587,0,15652.14142
4/10/2023 8:39,15593,15593.5,15590.25,15592,287,0,15651.91545
4/10/2023 8:40,15592.25,15593.5,15590.5,15591.25,143,0,15651.80318
4/10/2023 8:41,15591.75,15593.75,15589.75,15592.25,221,0,15651.63098
4/10/2023 8:42,15592.5,15596.5,15592.5,15594,355,0,15651.36753
4/10/2023 8:43,15594,15594.75,15592,15592.75,167,0,15651.24192
4/10/2023 8:44,15592.5,15595.75,15591,15594.75,174,0,15651.11311
4/10/2023 8:45,15595.25,15596.5,15592.75,15596.5,263,0,15650.9243
4/10/2023 8:46,15596.75,15596.75,15591.75,15593.5,238,0,15650.75073
4/10/2023 8:47,15593.5,15595.75,15592.25,15595,231,0,15650.58425
4/10/2023 8:48,15595.25,15595.5,15592.5,15593.75,176,0,15650.45713
4/10/2023 8:49,15594,15595.5,15592.25,15593.25,143,0,15650.35381
4/10/2023 8:50,15593,15593.75,15585.5,15586.75,441,0,15650.00965
4/10/2023 8:51,15586.5,15587.75,15582,15583.75,545,0,15649.56105
4/10/2023 8:52,15584.25,15588.25,15583,15587.75,262,0,15649.35359
4/10/2023 8:53,15587.75,15592.25,15586.75,15590.5,289,0,15649.13895
4/10/2023 8:54,15590.75,15596,15589.75,15595.5,243,0,15648.9715
4/10/2023 8:55,15595.5,15596,15591,15592.25,252,0,15648.79684
4/10/2023 8:56,15592.75,15595,15587.25,15594.75,359,0,15648.54657
4/10/2023 8:57,15594.25,15595,15589,15589.5,297,0,15648.33692
4/10/2023 8:58,15589.5,15589.5,15582.75,15585.25,492,0,15647.9609
4/10/2023 8:59,15585.5,15586.5,15584,15585.25,249,0,15647.77055
4/10/2023 9:00,15586,15587,15583.25,15584.5,239,0,15647.58795
4/10/2023 9:01,15584,15584.75,15582.5,15583.75,283,0,15647.36882
4/10/2023 9:02,15584,15587.25,15583.25,15586,159,0,15647.24989
4/10/2023 9:03,15586,15589.75,15585.5,15589.25,227,0,15647.08818
4/10/2023 9:04,15589.5,15594,15589,15592.75,220,0,15646.94223
4/10/2023 9:05,15593.25,15594,15591.25,15593.25,153,0,15646.84286
4/10/2023 9:06,15593,15593,15587.25,15588,234,0,15646.68201
4/10/2023 9:07,15587.75,15588,15578.25,15579,740,0,15646.11193
4/10/2023 9:08,15579,15579,15573.25,15577.25,796,0,15645.46067
4/10/2023 9:09,15577,15583,15576.75,15581.5,394,0,15645.16085
4/10/2023 9:10,15580.75,15582.5,15578,15582.5,200,0,15645.01107
4/10/2023 9:11,15582.75,15586.25,15582,15585,307,0,15644.79472
4/10/2023 9:12,15585,15585.75,15583.25,15583.75,229,0,15644.6339
4/10/2023 9:13,15583.25,15586.25,15582.5,15585.5,129,0,15644.54443
4/10/2023 9:14,15585,15585.25,15582.75,15584.25,89,0,15644.48217
4/10/2023 9:15,15584,15584.25,15580,15584.25,181,0,15644.35334
4/10/2023 9:16,15584.25,15584.25,15580.75,15581.5,173,0,15644.22937
4/10/2023 9:17,15581.5,15582.25,15578.75,15578.75,203,0,15644.07928
4/10/2023 9:18,15578.75,15582.25,15577.75,15581.75,278,0,15643.87701
4/10/2023 9:19,15581.75,15582.25,15577,15578,221,0,15643.71333
4/10/2023 9:20,15577.75,15578.25,15576,15577,177,0,15643.5788
4/10/2023 9:21,15577,15580.75,15576,15579.5,243,0,15643.39959
4/10/2023 9:22,15579.25,15580.75,15578.75,15579.75,156,0,15643.28684
4/10/2023 9:23,15579.75,15580.75,15579.25,15579.75,132,0,15643.19199
4/10/2023 9:24,15580,15580.5,15577.75,15579.5,168,0,15643.07042
4/10/2023 9:25,15579.25,15583.25,15578.5,15581,345,0,15642.82869
4/10/2023 9:26,15581,15582.25,15574.75,15575.75,619,0,15642.37656
4/10/2023 9:27,15575.25,15576.5,15573.75,15574.75,325,0,15642.13231
4/10/2023 9:28,15575,15575,15561.5,15565,1950,0,15640.53644
4/10/2023 9:29,15565,15569.5,15563.75,15569,578,0,15640.07795
4/10/2023 9:30,15568.5,15571,15566.75,15568.25,731,0,15639.5161
4/10/2023 9:31,15568.5,15575,15561.75,15566.25,5213,15567.66667,15635.69894
4/10/2023 9:32,15566.25,15568.75,15549.75,15550,3680,15562.90787,15632.82399
4/10/2023 9:33,15549.75,15555.25,15543.25,15545,3286,15558.84063,15630.16644
4/10/2023 9:34,15545.5,15558.5,15544.25,15556.5,1939,15558.04991,15628.76994
4/10/2023 9:35,15556.5,15557,15547,15552,1751,15557.38235,15627.53419
4/10/2023 9:36,15551.75,15552.25,15530,15532.75,3026,15554.33169,15625.11997
4/10/2023 9:37,15532.75,15532.75,15521,15530.75,3237,15550.50482,15622.39194
4/10/2023 9:38,15531.25,15538,15526,15529.25,2306,15548.67219,15620.59764
4/10/2023 9:39,15529.75,15530,15518.75,15521.5,2707,15546.15361,15618.4064
4/10/2023 9:40,15522,15533.25,15520.75,15531.75,1929,15544.98786,15616.98598
4/10/2023 9:41,15532.5,15533.75,15521,15524.5,2814,15543.34902,15614.94378
4/10/2023 9:42,15524.75,15528.25,15517.75,15526.75,2241,15542.09493,15613.34392
4/10/2023 9:43,15527,15539.5,15525.75,15530.5,2309,15541.44995,15611.89036
4/10/2023 9:44,15530.75,15534.5,15527.5,15530.25,1264,15541.09123,15611.10512
4/10/2023 9:45,15530,15533,15522.5,15532.5,1430,15540.66156,15610.21954
4/10/2023 9:46,15532.5,15534.5,15523.75,15526,1631,15540.15828,15609.21737
4/10/2023 9:47,15525.75,15527,15500.75,15507.25,4287,15537.44699,15606.18605
4/10/2023 9:48,15507,15511.5,15502.75,15510.5,1951,15536.23503,15604.82038
4/10/2023 9:49,15510.25,15519.5,15507,15512.25,2188,15535.1978,15603.40527
4/10/2023 9:50,15512.5,15517,15507,15508,1594,15534.4278,15602.37651
4/10/2023 9:51,15508,15515.75,15504.5,15508.25,2350,15533.32528,15600.88202
4/10/2023 9:52,15508.5,15511.5,15501.75,15506,2685,15532.0309,15599.17663
4/10/2023 9:53,15505.75,15506.75,15492.25,15493.5,2761,15530.40336,15597.3235
4/10/2023 9:54,15493.5,15506,15492.75,15502.5,1974,15529.42581,15596.07698
4/10/2023 9:55,15502.75,15511.25,15500.5,15510.5,1998,15528.72279,15594.93751
4/10/2023 9:56,15511,15515.5,15505.25,15514.25,2195,15528.14456,15593.77815
4/10/2023 9:57,15513.75,15520.75,15511.75,15517.25,2087,15527.78354,15592.76962
4/10/2023 9:58,15517.5,15519.5,15502.75,15506.5,3698,15526.82928,15590.88746
4/10/2023 9:59,15506.5,15513.25,15506.5,15509.5,1482,15526.4778,15590.15836
4/10/2023 10:00,15509.5,15513.5,15503.75,15511.75,1025,15526.24188,15589.66119
4/10/2023 10:01,15511.75,15511.75,15498.5,15499,2091,15525.59732,15588.58385
4/10/2023 10:02,15499,15506.25,15495.75,15504.25,1917,15525.01227,15587.60818
4/10/2023 10:03,15504,15512.75,15503.5,15510.5,1510,15524.70288,15586.91519
4/10/2023 10:04,15510.25,15514.5,15505.75,15509,1191,15524.47956,15586.3829
4/10/2023 10:05,15509.5,15518.25,15507.75,15517,1208,15524.32816,15585.88231
4/10/2023 10:06,15516.5,15522.5,15515.25,15515.5,1715,15524.19169,15585.21681
4/10/2023 10:07,15515.25,15516.25,15505.5,15508.5,1955,15523.86576,15584.38945
4/10/2023 10:08,15508.5,15515,15507,15508,1257,15523.66282,15583.86645
4/10/2023 10:09,15507.5,15517.25,15505,15517.25,1344,15523.50109,15583.33896
4/10/2023 10:10,15517.5,15520.25,15514.25,15517,1075,15523.42398,15582.94641
4/10/2023 10:11,15517.25,15521.75,15517,15519.25,861,15523.38447,15582.64559
4/10/2023 10:12,15519.5,15521.5,15514.25,15520,810,15523.34125,15582.36185
4/10/2023 10:13,15520,15530.75,15518.75,15528.5,1948,15523.3976,15581.76783
4/10/2023 10:14,15528.25,15531.5,15526.75,15531.5,1132,15523.4769,15581.4522
4/10/2023 10:15,15531,15535.5,15524.5,15525.5,1732,15523.56869,15580.96357
4/10/2023 10:16,15525.25,15537.75,15525,15537,1669,15523.73621,15580.54303
4/10/2023 10:17,15536.75,15542,15533,15540.75,1797,15524.00777,15580.14859
4/10/2023 10:18,15541,15543.25,15537,15538.75,1208,15524.19796,15579.89438
4/10/2023 10:19,15538.5,15544.75,15538.25,15539.5,1116,15524.38255,15579.66908
4/10/2023 10:20,15539.75,15540,15533.5,15534,1127,15524.50944,15579.41522
4/10/2023 10:21,15533.75,15535.75,15524.75,15525.25,1760,15524.57874,15578.95963
4/10/2023 10:22,15525.25,15532.5,15524.5,15530.25,1218,15524.63116,15578.65218
4/10/2023 10:23,15530,15537.5,15529.75,15533.5,1131,15524.72685,15578.39567
4/10/2023 10:24,15533.5,15539.5,15531.25,15535.75,875,15524.8152,15578.20763
4/10/2023 10:25,15536,15539.5,15532,15538.5,661,15524.88818,15578.07051
4/10/2023 10:26,15538.25,15544.75,15535.75,15543,1023,15525.04185,15577.88294
4/10/2023 10:27,15543,15543.5,15531.25,15532,1260,15525.16301,15577.6198
4/10/2023 10:28,15531.75,15534.25,15527.5,15532.25,1241,15525.23207,15577.33792
4/10/2023 10:29,15532,15532,15513.75,15517.5,2708,15525.13316,15576.60016
4/10/2023 10:30,15517.5,15521.5,15515.25,15519,1122,15525.06909,15576.28662
4/10/2023 10:31,15519,15528.25,15517.75,15527.75,1472,15525.06293,15575.92261
4/10/2023 10:32,15528,15536.5,15527.75,15529.5,1419,15525.13759,15575.62147
4/10/2023 10:33,15529.5,15534.5,15527.5,15528,798,15525.17037,15575.44918
4/10/2023 10:34,15527.75,15534.5,15527.5,15530,691,15525.20226,15575.3032
4/10/2023 10:35,15530,15536.75,15526.75,15535.75,811,15525.25557,15575.1423
4/10/2023 10:36,15535.75,15542.75,15534,15542,1558,15525.43937,15574.88385
4/10/2023 10:37,15541.75,15548.25,15537.75,15546.75,1807,15525.71515,15574.62777
4/10/2023 10:38,15546.75,15553.75,15546.75,15549,1862,15526.07407,15574.41602
4/10/2023 10:39,15548.5,15550.5,15545.5,15548.75,861,15526.22563,15574.3131
4/10/2023 10:40,15548.5,15554.25,15547.5,15550.5,1039,15526.42624,15574.20178
4/10/2023 10:41,15550.25,15555.5,15548,15548.75,1202,15526.65427,15574.0743
4/10/2023 10:42,15549,15549,15544,15546,1163,15526.83116,15573.92917
4/10/2023 10:43,15546.25,15552.25,15544.25,15552,831,15526.97583,15573.83818
4/10/2023 10:44,15552.25,15554.5,15547.75,15554,1044,15527.17553,15573.73687
4/10/2023 10:45,15554.25,15566.5,15552.5,15563.5,2309,15527.75738,15573.60531
4/10/2023 10:46,15563.75,15564,15552.25,15556,3980,15528.61558,15573.32573
4/10/2023 10:47,15556.25,15562,15554.75,15560,1086,15528.85295,15573.25815
4/10/2023 10:48,15559.75,15564.25,15558.5,15561.25,705,15529.01729,15573.22195
4/10/2023 10:49,15561.5,15564.75,15559.75,15564,883,15529.23024,15573.1826
4/10/2023 10:50,15564.25,15566.25,15561,15565.75,727,15529.4113,15573.15509
4/10/2023 10:51,15565.75,15565.75,15554.75,15556,1696,15529.76112,15573.05198
4/10/2023 10:52,15556,15558.25,15554,15557,806,15529.91089,15572.99525
4/10/2023 10:53,15557,15558.75,15555,15555.25,534,15530.00888,15572.95769
4/10/2023 10:54,15555.25,15558.25,15551.25,15555.5,1472,15530.26179,15572.8468
4/10/2023 10:55,15555.5,15557.25,15551.5,15556.25,936,15530.41996,15572.77699
4/10/2023 10:56,15556,15558.75,15553.75,15556.75,759,15530.55405,15572.72526
4/10/2023 10:57,15556.75,15559.25,15548.5,15548.5,938,15530.69042,15572.64492
4/10/2023 10:58,15548.75,15551,15546,15550,879,15530.79845,15572.559
4/10/2023 10:59,15550.25,15554.25,15546.75,15546.75,876,15530.90632,15572.47488
4/10/2023 11:00,15546.5,15548,15540.75,15543.25,1568,15531.04192,15572.29214
4/10/2023 11:01,15543,15548.75,15543,15547.25,1225,15531.16464,15572.16263
4/10/2023 11:02,15547,15558.5,15543.5,15558,1623,15531.39788,15572.03899
4/10/2023 11:03,15558.25,15563,15557,15559,1604,15531.6888,15571.95922
4/10/2023 11:04,15560,15568.75,15560,15567.75,1631,15532.03894,15571.91715
4/10/2023 11:05,15567.75,15570.75,15561.5,15565.25,2143,15532.4926,15571.86553
4/10/2023 11:06,15565.25,15572,15564.5,15569,1010,15532.71898,15571.85212
4/10/2023 11:07,15569,15576.25,15567.5,15576,1600,15533.11868,15571.86089
4/10/2023 11:08,15576,15578,15570.5,15571.75,1029,15533.37264,15571.86713
4/10/2023 11:09,15571.75,15578.5,15569.75,15575.25,907,15533.59984,15571.87642
4/10/2023 11:10,15575.75,15578.75,15575,15576.75,792,15533.80739,15571.89165
4/10/2023 11:11,15577,15583,15576,15582.25,1218,15534.14898,15571.93172
4/10/2023 11:12,15582.5,15583,15578.5,15581,1052,15534.44263,15571.96772
4/10/2023 11:13,15581.25,15587.75,15581,15587,1452,15534.87994,15572.04144
4/10/2023 11:14,15586.75,15591.75,15586.75,15590.75,1292,15535.29697,15572.12846
4/10/2023 11:15,15590.5,15593.5,15587.25,15590.75,1165,15535.67272,15572.20952
4/10/2023 11:16,15591,15596.25,15591,15595,1814,15536.2853,15572.35875
4/10/2023 11:17,15595,15597.75,15593,15596.75,1730,15536.87499,15572.51051
4/10/2023 11:18,15597,15597.25,15592,15592.75,1113,15537.23663,15572.59951
4/10/2023 11:19,15592.5,15593.25,15588,15589.25,1605,15537.71546,15572.70381
4/10/2023 11:20,15589.25,15589.25,15585,15587,1150,15538.03339,15572.76473
4/10/2023 11:21,15587.25,15589,15585,15586.5,849,15538.26432,15572.80859
4/10/2023 11:22,15586.5,15596,15586.5,15592.5,1053,15538.57591,15572.88122
4/10/2023 11:23,15592.5,15597,15591.5,15596.75,697,15538.79331,15572.93769
4/10/2023 11:24,15596.75,15596.75,15585.75,15585.75,997,15539.07038,15572.99741
4/10/2023 11:25,15586,15586.5,15580.25,15582,1523,15539.43392,15573.05203
4/10/2023 11:26,15582.25,15583.5,15580.75,15582.75,816,15539.62365,15573.07933
4/10/2023 11:27,15583,15588.75,15581.5,15587.25,973,15539.86607,15573.12391
4/10/2023 11:28,15587.25,15589.75,15585.5,15587.25,470,15539.98647,15573.14814
4/10/2023 11:29,15587.25,15588,15581.5,15583.5,584,15540.12531,15573.17152
4/10/2023 11:30,15584,15589.75,15583.25,15589.5,516,15540.25601,15573.19793
4/10/2023 11:31,15589.25,15596,15589.25,15593.75,1170,15540.58388,15573.28034
4/10/2023 11:32,15593.75,15595,15589,15592.25,834,15540.81107,15573.33596
4/10/2023 11:33,15592,15592,15584.75,15588,959,15541.0505,15573.38651
4/10/2023 11:34,15587.75,15589.75,15586,15589.75,408,15541.15217,15573.40827
4/10/2023 11:35,15589.75,15593.25,15589,15591.75,455,15541.27179,15573.43701
4/10/2023 11:36,15591.75,15598.25,15587.75,15595,938,15541.52802,15573.50366
4/10/2023 11:37,15594.75,15602.5,15593.5,15601.25,1492,15541.97226,15573.63701
4/10/2023 11:38,15600.75,15601.5,15593.75,15594.5,948,15542.23878,15573.71276
4/10/2023 11:39,15594.5,15598.5,15593.5,15598.25,576,15542.39994,15573.75888
4/10/2023 11:40,15598,15603,15597,15602.5,886,15542.66448,15573.84199
4/10/2023 11:41,15602.25,15603.5,15598.75,15602.5,977,15542.95714,15573.93558
4/10/2023 11:42,15602,15604.75,15599.25,15603.5,615,15543.14274,15573.99611
4/10/2023 11:43,15603.25,15608.5,15602.75,15607,1109,15543.49454,15574.11826
4/10/2023 11:44,15606.75,15608.5,15601.25,15606.75,1940,15544.09493,15574.32586
4/10/2023 11:45,15606.75,15613,15606.5,15612.75,1569,15544.61287,15574.51969
4/10/2023 11:46,15612.75,15613.25,15608.5,15609.75,1072,15544.96082,15574.65004
4/10/2023 11:47,15610,15611,15603.25,15604.25,1141,15545.30292,15574.7711
4/10/2023 11:48,15603.75,15605.75,15601.25,15603.75,746,15545.51513,15574.84328
4/10/2023 11:49,15603.5,15605.75,15602,15603,448,15545.64183,15574.88646
4/10/2023 11:50,15602.75,15604.5,15600.25,15603,622,15545.8138,15574.9441
4/10/2023 11:51,15602.75,15604.75,15599,15600.75,883,15546.05153,15575.02233
4/10/2023 11:52,15600.75,15600.75,15593.75,15594.25,1043,15546.3034,15575.09594
4/10/2023 11:53,15594.5,15601.25,15593.5,15600.25,855,15546.51653,15575.1618
4/10/2023 11:54,15600.5,15600.5,15592.5,15592.5,638,15546.66477,15575.20403
4/10/2023 11:55,15592.5,15593.25,15590.5,15591.25,1086,15546.897,15575.26296
4/10/2023 11:56,15591,15591.25,15586.75,15587.25,1634,15547.21688,15575.33343
4/10/2023 11:57,15587.5,15587.75,15581.75,15584,1198,15547.42629,15575.36929
4/10/2023 11:58,15584,15585,15577.75,15584.5,1686,15547.70071,15575.40789
4/10/2023 11:59,15584.5,15584.5,15577.75,15579.75,806,15547.82385,15575.42162
4/10/2023 12:00,15579.25,15579.5,15575.25,15576.25,941,15547.95053,15575.42641
4/10/2023 12:01,15577,15577.5,15573,15573.5,1232,15548.10155,15575.4234
4/10/2023 12:02,15573.5,15573.5,15567.5,15570.75,2055,15548.31154,15575.39162
4/10/2023 12:03,15570.75,15571.75,15564.5,15567.75,1716,15548.46392,15575.3513
4/10/2023 12:04,15567.75,15568,15557.5,15557.75,1784,15548.56465,15575.27086
4/10/2023 12:05,15557.5,15557.5,15549.25,15555,2499,15548.62383,15575.10353
4/10/2023 12:06,15555,15555.25,15545.25,15547.25,1752,15548.62864,15574.96228
4/10/2023 12:07,15547.5,15547.5,15539,15543.25,2075,15548.58008,15574.75839
4/10/2023 12:08,15543.25,15551.25,15540.75,15547.75,1631,15548.56601,15574.61672
4/10/2023 12:09,15547.75,15550,15545.5,15545.75,717,15548.56143,15574.556
4/10/2023 12:10,15545.75,15558,15545.75,15557.25,1370,15548.59138,15574.46833
4/10/2023 12:11,15557.25,15559,15554,15556,1299,15548.6342,15574.39646
4/10/2023 12:12,15556,15560.5,15555.5,15558,865,15548.66857,15574.3533
4/10/2023 12:13,15558,15558,15552.25,15553.75,924,15548.69199,15574.2981
4/10/2023 12:14,15553.5,15553.5,15549,15553,792,15548.70247,15574.24424
4/10/2023 12:15,15553,15553.75,15548.75,15549.75,676,15548.70828,15574.19626
4/10/2023 12:16,15550,15556.25,15548.5,15555.75,1153,15548.73138,15574.12442
4/10/2023 12:17,15555.5,15557.25,15553.25,15555,753,15548.75157,15574.08155
4/10/2023 12:18,15555,15559,15553.25,15557.5,715,15548.77483,15574.04405
4/10/2023 12:19,15557.5,15559.75,15554.5,15559,538,15548.79484,15574.01781
4/10/2023 12:20,15558.75,15561.5,15556.25,15559.25,622,15548.82108,15573.98991
4/10/2023 12:21,15559.5,15568,15558.75,15566,1307,15548.904,15573.95204
4/10/2023 12:22,15566.25,15567.25,15563.5,15565.25,637,15548.94692,15573.93573
4/10/2023 12:23,15564.75,15566.5,15561.25,15562.75,929,15549.00216,15573.90702
4/10/2023 12:24,15562.75,15564,15560.5,15564,433,15549.02659,15573.89284
4/10/2023 12:25,15563.75,15570,15563.75,15567.25,778,15549.08343,15573.87702
4/10/2023 12:26,15567.25,15570,15565.25,15568.75,748,15549.14079,15573.86407
4/10/2023 12:27,15569,15571.25,15568.5,15568.75,609,15549.19092,15573.85626
4/10/2023 12:28,15569,15575.75,15568.25,15574.5,1007,15549.28679,15573.85324
4/10/2023 12:29,15575,15576.5,15571,15572.25,929,15549.3761,15573.85161
4/10/2023 12:30,15572.5,15573.75,15570.5,15571.5,524,15549.42338,15573.84865
4/10/2023 12:31,15571.25,15575.75,15570.25,15575,847,15549.50531,15573.8482
4/10/2023 12:32,15574.75,15576.5,15572.75,15574,854,15549.5899,15573.84961
4/10/2023 12:33,15574.5,15585.5,15574.5,15584.75,1823,15549.82015,15573.89033
4/10/2023 12:34,15584.75,15593.25,15584.25,15591.5,2101,15550.14792,15573.98549
4/10/2023 12:35,15591.5,15593.25,15588.5,15591,1084,15550.32021,15574.03802
4/10/2023 12:36,15591,15596.75,15590.75,15596.5,1609,15550.59666,15574.13257
4/10/2023 12:37,15596.75,15608,15596.5,15605.5,2191,15551.04056,15574.31371
4/10/2023 12:38,15605.25,15606.25,15602.25,15604.5,1126,15551.2701,15574.40911
4/10/2023 12:39,15604.5,15619,15603.25,15618.75,2306,15551.81569,15574.66294
4/10/2023 12:40,15619,15632,15618.75,15623.75,4576,15553.06101,15575.29852
4/10/2023 12:41,15623.5,15627.5,15621,15627,1795,15553.5402,15575.5451
4/10/2023 12:42,15627.25,15632.25,15620.75,15623.5,1999,15554.06886,15575.81868
4/10/2023 12:43,15623.25,15628.5,15623.25,15627.5,919,15554.31239,15575.94576
4/10/2023 12:44,15627.5,15629.75,15622.5,15624.5,1225,15554.63074,15576.11137
4/10/2023 12:45,15624.75,15626.75,15622.75,15625.75,918,15554.86579,15576.23351
4/10/2023 12:46,15625.5,15629.75,15625.25,15629.25,1487,15555.25933,15576.44214
4/10/2023 12:47,15629.5,15632.5,15627.75,15630.5,1040,15555.54019,15576.59314
4/10/2023 12:48,15630.25,15633.75,15628.75,15632,819,15555.76356,15576.71421
4/10/2023 12:49,15632,15642.5,15631.75,15637.75,1974,15556.33764,15577.03468
4/10/2023 12:50,15637.5,15640.5,15636,15640,931,15556.61056,15577.18839
4/10/2023 12:51,15640.25,15643.75,15635.25,15635.5,1191,15556.95427,15577.38179
4/10/2023 12:52,15635.75,15640.25,15635,15635.5,663,15557.14143,15577.48672
4/10/2023 12:53,15635.5,15639.5,15635,15637,783,15557.36202,15577.61068
4/10/2023 12:54,15637,15638.25,15632,15632.5,1020,15557.63713,15577.76353
4/10/2023 12:55,15633,15633.25,15627,15629.75,1316,15557.96965,15577.94476
4/10/2023 12:56,15629.5,15633.25,15628,15630.75,876,15558.19134,15578.06625
4/10/2023 12:57,15630.75,15634,15630,15631.5,670,15558.3627,15578.16084
4/10/2023 12:58,15631.5,15636.25,15631.5,15635.5,584,15558.51665,15578.24697
4/10/2023 12:59,15635.75,15638.25,15634.75,15636.5,673,15558.69813,15578.34957
4/10/2023 13:00,15636.75,15638.75,15633.75,15638.5,510,15558.83597,15578.42775
4/10/2023 13:01,15638.75,15641.5,15634,15636.5,1261,15559.17618,15578.62125
4/10/2023 13:02,15635.75,15642.5,15634.25,15639.5,818,15559.39926,15578.74911
4/10/2023 13:03,15639.75,15647.5,15638.75,15645.75,1314,15559.77855,15578.97123
4/10/2023 13:04,15646,15646.25,15637.75,15640,1263,15560.12848,15579.17462
4/10/2023 13:05,15640,15646,15638.5,15639.5,973,15560.39602,15579.3304
4/10/2023 13:06,15639.5,15645.5,15637.75,15638.25,732,15560.59407,15579.44551
4/10/2023 13:07,15638.75,15648.25,15637.75,15646.5,996,15560.87428,15579.61082
4/10/2023 13:08,15646.75,15649.5,15641.5,15642.75,801,15561.09939,15579.744
4/10/2023 13:09,15642.5,15648.5,15642.25,15646.5,647,15561.28287,15579.85311
4/10/2023 13:10,15646.25,15649.75,15644.75,15646.5,763,15561.50141,15579.98374
4/10/2023 13:11,15646.5,15650.25,15645.5,15649.5,938,15561.77298,15580.14703
4/10/2023 13:12,15650,15654.75,15649,15651,1392,15562.1875,15580.39909
4/10/2023 13:13,15651.25,15655.25,15650.5,15652,917,15562.46151,15580.56649
4/10/2023 13:14,15652.25,15653.75,15645.5,15647,953,15562.73249,15580.73042
4/10/2023 13:15,15647.25,15650.75,15645.5,15650.75,785,15562.95507,15580.86535
4/10/2023 13:16,15651,15652,15644.75,15648.5,911,15563.21019,15581.01995
4/10/2023 13:17,15648.75,15651,15646,15649.75,498,15563.34983,15581.10478
4/10/2023 13:18,15649.75,15654.5,15647.75,15652.75,753,15563.56687,15581.23784
4/10/2023 13:19,15653,15655.5,15650.25,15651.25,782,15563.79283,15581.37679
4/10/2023 13:20,15650.75,15651.75,15647,15647.75,665,15563.97653,15581.48873
4/10/2023 13:21,15647.5,15648.25,15644.75,15648.25,741,15564.17608,15581.60978
4/10/2023 13:22,15648,15654.25,15646.75,15654,1088,15564.48345,15581.79911
4/10/2023 13:23,15654.25,15656.5,15649.75,15651,994,15564.76478,15581.97303
4/10/2023 13:24,15650.75,15651,15645.25,15649.25,799,15564.97957,15582.10447
4/10/2023 13:25,15649.25,15649.25,15644.5,15646.5,652,15565.15038,15582.20853
4/10/2023 13:26,15646.5,15657.25,15646.25,15655.75,816,15565.37966,15582.35103
4/10/2023 13:27,15655.75,15660.5,15653.75,15658.5,925,15565.65139,15582.5221
4/10/2023 13:28,15658,15660.25,15655,15656.75,556,15565.8135,15582.62421
4/10/2023 13:29,15657,15658.75,15655.75,15657.25,487,15565.9549,15582.71333
4/10/2023 13:30,15657.5,15661.25,15657.5,15659,682,15566.15651,15582.8411
4/10/2023 13:31,15659.25,15662.75,15657.75,15659.25,923,15566.42992,15583.01486
4/10/2023 13:32,15659,15662.25,15654.75,15656,635,15566.61259,15583.13046
4/10/2023 13:33,15656,15660.25,15653,15653.75,625,15566.78774,15583.24084
4/10/2023 13:34,15654.25,15658,15653.5,15656.5,474,15566.92061,15583.32472
4/10/2023 13:35,15656.75,15659.5,15652.75,15656.75,475,15567.05385,15583.40897
4/10/2023 13:36,15656.5,15657.5,15650,15651.75,633,15567.22437,15583.51594
4/10/2023 13:37,15651.75,15652.5,15647,15649.5,785,15567.42652,15583.64166
4/10/2023 13:38,15649.5,15650,15646.75,15649.25,586,15567.57494,15583.73378
4/10/2023 13:39,15649.5,15651.25,15647,15647.25,485,15567.69713,15583.80963
4/10/2023 13:40,15647,15651.5,15645.75,15646.75,864,15567.91254,15583.94327
4/10/2023 13:41,15646.75,15649,15641,15641.25,1034,15568.15523,15584.09191
4/10/2023 13:42,15641.5,15643.5,15638,15638,1197,15568.41978,15584.25183
4/10/2023 13:43,15638,15638.75,15634.5,15635.25,1211,15568.67181,15584.40208
4/10/2023 13:44,15635.25,15640.75,15634.75,15637.75,699,15568.81982,15584.49105
4/10/2023 13:45,15637.75,15645.25,15637.5,15645,777,15568.99509,15584.59854
4/10/2023 13:46,15645,15646.75,15642.25,15646.25,765,15569.17268,15584.70853
4/10/2023 13:47,15646.25,15652,15644.75,15652,957,15569.40677,15584.85578
4/10/2023 13:48,15652.25,15656,15651.75,15655.25,1146,15569.70181,15585.0441
4/10/2023 13:49,15655.25,15658.75,15654.5,15655.25,1030,15569.97095,15585.21696
4/10/2023 13:50,15655.25,15661,15653.75,15655.75,1021,15570.23814,15585.38907
4/10/2023 13:51,15655.5,15657.75,15652.25,15656,725,15570.4236,15585.50823
4/10/2023 13:52,15656,15657.5,15653,15654.5,470,15570.54293,15585.5849
4/10/2023 13:53,15655,15657.5,15654,15655.25,275,15570.61308,15585.63005
4/10/2023 13:54,15655.75,15658.75,15649,15651,920,15570.83957,15585.77495
4/10/2023 13:55,15651.25,15653.25,15644.25,15646,830,15571.03025,15585.89528
4/10/2023 13:56,15645.75,15649,15641,15648,1077,15571.2704,15586.04613
4/10/2023 13:57,15648.25,15651,15647,15647,465,15571.37683,15586.11355
4/10/2023 13:58,15646.75,15646.75,15643.25,15644.75,672,15571.52332,15586.20539
4/10/2023 13:59,15645,15648,15643,15647.75,424,15571.61712,15586.2645
4/10/2023 14:00,15647.25,15652,15646.25,15649.25,541,15571.74113,15586.34341
4/10/2023 14:01,15649.25,15651.25,15642.25,15645.5,971,15571.9546,15586.47819
4/10/2023 14:02,15645.25,15646.25,15642.25,15646.25,481,15572.05789,15586.54315
4/10/2023 14:03,15646,15649.75,15644.5,15649.5,581,15572.18738,15586.62545
4/10/2023 14:04,15649,15652.5,15648.25,15651.5,632,15572.33299,15586.71885
4/10/2023 14:05,15651.5,15656,15650.75,15656,623,15572.48239,15586.81568
4/10/2023 14:06,15656.25,15662,15656,15661.25,1162,15572.77822,15587.0102
4/10/2023 14:07,15661.25,15665,15659,15661.75,1322,15573.12069,15587.2368
4/10/2023 14:08,15662,15662.5,15656.5,15657.75,765,15573.31101,15587.36206
4/10/2023 14:09,15658,15661,15654.75,15658.5,629,15573.46535,15587.46353
4/10/2023 14:10,15658.5,15659,15652,15652.25,537,15573.59098,15587.54544
4/10/2023 14:11,15652,15655.25,15648.5,15653.25,698,15573.7495,15587.64831
4/10/2023 14:12,15653.25,15660.75,15651,15660.5,577,15573.8885,15587.73975
4/10/2023 14:13,15660.25,15663.25,15659.25,15660.75,710,15574.06639,15587.85786
4/10/2023 14:14,15661.25,15666.5,15661,15664.25,562,15574.21126,15587.95468
4/10/2023 14:15,15664.75,15665.75,15659.5,15662.75,622,15574.36882,15588.05979
4/10/2023 14:16,15662.25,15669,15662,15665.25,1225,15574.68711,15588.27354
4/10/2023 14:17,15665.25,15675.5,15665,15673.25,1625,15575.13283,15588.57658
4/10/2023 14:18,15673.5,15675,15668.5,15671.75,1274,15575.48121,15588.81404
4/10/2023 14:19,15672,15676,15671.75,15674.75,933,15575.74112,15588.99213
4/10/2023 14:20,15675,15675.75,15671.25,15671.75,717,15575.93741,15589.12648
4/10/2023 14:21,15672,15675.25,15670.75,15673.5,573,15576.09411,15589.23386
4/10/2023 14:22,15673.5,15676.5,15672.25,15673,583,15576.25425,15589.34381
4/10/2023 14:23,15673.25,15677.25,15670.75,15676,668,15576.4385,15589.47055
4/10/2023 14:24,15675.5,15676.5,15671.25,15672.75,707,15576.63045,15589.60245
4/10/2023 14:25,15672.5,15673.5,15667.75,15668.5,723,15576.81873,15589.73117
4/10/2023 14:26,15668.5,15672,15666.5,15670.75,1006,15577.07898,15589.90921
4/10/2023 14:27,15670.5,15670.75,15665.5,15666.5,512,15577.20779,15589.99707
4/10/2023 14:28,15666.75,15667,15663,15663.5,812,15577.40438,15590.13048
4/10/2023 14:29,15663.5,15666.5,15662.25,15666,698,15577.57347,15590.24541
4/10/2023 14:30,15666.25,15667.25,15663.75,15665.75,887,15577.78904,15590.39227
4/10/2023 14:31,15666.25,15669,15662.75,15667.75,821,15577.9897,15590.52933
4/10/2023 14:32,15667,15671.25,15665.75,15669.25,756,15578.17835,15590.65884
4/10/2023 14:33,15669,15671.5,15667.5,15671,489,15578.30164,15590.74371
4/10/2023 14:34,15671.25,15673.25,15670,15671.5,640,15578.46527,15590.85674
4/10/2023 14:35,15671.5,15672,15665.25,15666.5,766,15578.65268,15590.98548
4/10/2023 14:36,15666.5,15668.5,15661.25,15666,1332,15578.96703,15591.20059
4/10/2023 14:37,15666.25,15668.75,15661.75,15662.5,590,15579.10407,15591.2943
4/10/2023 14:38,15662.25,15664.75,15660.75,15661.25,463,15579.20868,15591.36558
4/10/2023 14:39,15661.75,15664,15659.25,15663.25,588,15579.34102,15591.45579
4/10/2023 14:40,15663.25,15665.5,15661.25,15661.75,370,15579.42475,15591.51297
4/10/2023 14:41,15662,15663.75,15655.75,15656.75,748,15579.58525,15591.62169
4/10/2023 14:42,15657,15657.25,15649,15652,1454,15579.87187,15591.81321
4/10/2023 14:43,15652,15652.5,15649,15649.25,619,15579.98905,15591.89105
4/10/2023 14:44,15649.75,15653.25,15649.25,15651.75,567,15580.09782,15591.9636
4/10/2023 14:45,15651.75,15652,15648.5,15651.5,437,15580.18055,15592.01869
4/10/2023 14:46,15651,15653.25,15649.5,15653.25,387,15580.25503,15592.06849
4/10/2023 14:47,15653,15656.75,15652.5,15656,703,15580.39574,15592.1634
4/10/2023 14:48,15656.5,15657.5,15653,15655.5,536,15580.50302,15592.23585
4/10/2023 14:49,15655.25,15658.75,15653.25,15653.75,527,15580.60808,15592.30683
4/10/2023 14:50,15654,15655.5,15652.25,15654.5,540,15580.71375,15592.37806
4/10/2023 14:51,15654.5,15661.75,15654.5,15660.5,1096,15580.94136,15592.53339
4/10/2023 14:52,15660.25,15667,15660,15663.75,1253,15581.21544,15592.72251
4/10/2023 14:53,15663.75,15667.75,15662.75,15667,759,15581.38509,15592.84021
4/10/2023 14:54,15666.75,15673.75,15666.5,15672.25,871,15581.59041,15592.98402
4/10/2023 14:55,15672,15673.75,15668.5,15669.5,841,15581.78721,15593.12194
4/10/2023 14:56,15669.25,15674.25,15669.25,15673.5,768,15581.9697,15593.25029
4/10/2023 14:57,15673.75,15676,15671.75,15675,807,15582.16472,15593.38797
4/10/2023 14:58,15675.25,15677.25,15673.25,15673.75,580,15582.30513,15593.48724
4/10/2023 14:59,15674.5,15678.5,15674.25,15677.25,760,15582.49228,15593.62002
4/10/2023 15:00,15677.5,15683.5,15677.5,15682,1707,15582.92914,15593.93218
4/10/2023 15:01,15682,15687.5,15681.5,15682.25,1709,15583.3748,15594.25228
4/10/2023 15:02,15682,15686.75,15682,15684.5,1238,15583.69731,15594.48446
4/10/2023 15:03,15684.5,15685.5,15676,15677.5,1362,15584.03314,15594.72509
4/10/2023 15:04,15677.5,15677.75,15669.25,15672.75,1274,15584.32421,15594.93204
4/10/2023 15:05,15672.25,15677,15672,15675,779,15584.50408,15595.06033
4/10/2023 15:06,15675.25,15678.25,15674.25,15677.5,632,15584.6527,15595.16671
4/10/2023 15:07,15677.25,15678.5,15672,15672,438,15584.75263,15595.23801
4/10/2023 15:08,15672.25,15675.25,15669.25,15675.25,690,15584.908,15595.34878
4/10/2023 15:09,15675,15677,15671.75,15675.75,576,15585.03959,15595.44289
4/10/2023 15:10,15675.75,15677.5,15673.25,15676.5,467,15585.14709,15595.5199
4/10/2023 15:11,15676.5,15678.75,15674.25,15676.25,682,15585.30477,15595.63303
4/10/2023 15:12,15676.5,15677.25,15669.75,15671.75,611,15585.44016,15595.72974
4/10/2023 15:13,15672,15673.25,15669.5,15670.25,444,15585.53614,15595.79812
4/10/2023 15:14,15670.25,15674.25,15669.75,15671.75,559,15585.65796,15595.88509
4/10/2023 15:15,15671.25,15671.25,15663.75,15666.5,1069,15585.87719,15596.04049
4/10/2023 15:16,15666.75,15670.25,15665.5,15668.75,712,15586.02435,15596.14506
4/10/2023 15:17,15669,15671,15665,15667,742,15586.17621,15596.25297
4/10/2023 15:18,15667,15673,15667,15672.75,548,15586.29247,15596.33607
4/10/2023 15:19,15671.75,15673.75,15668.75,15672.75,617,15586.42427,15596.43046
4/10/2023 15:20,15672.25,15675.5,15670.25,15674,587,15586.55148,15596.52182
4/10/2023 15:21,15673.75,15676,15668.75,15671,949,15586.7532,15596.66651
4/10/2023 15:22,15671,15674.5,15670.25,15672,447,15586.84826,15596.73477
4/10/2023 15:23,15672.25,15677.5,15671,15676.25,613,15586.98233,15596.83148
4/10/2023 15:24,15676,15677.25,15669.5,15671.25,801,15587.15244,15596.95386
4/10/2023 15:25,15671,15671,15665,15666.75,779,15587.30744,15597.06453
4/10/2023 15:26,15666.75,15668,15662.5,15664.25,1049,15587.50832,15597.2074
4/10/2023 15:27,15664.5,15666.5,15662.75,15665,705,15587.64245,15597.30284
4/10/2023 15:28,15665.5,15667,15662.5,15662.75,505,15587.73741,15597.37037
4/10/2023 15:29,15663,15666.5,15661,15665.75,660,15587.86171,15597.45886
4/10/2023 15:30,15666,15667.25,15661.75,15662.25,611,15587.97542,15597.53976
4/10/2023 15:31,15662.25,15666.25,15659.5,15660.25,760,15588.11313,15597.63746
4/10/2023 15:32,15660.5,15668.25,15659.75,15668,1160,15588.33177,15597.7937
4/10/2023 15:33,15668,15671.5,15664.5,15668.25,847,15588.49631,15597.91196
4/10/2023 15:34,15668.25,15670.25,15666.25,15669,432,15588.58041,15597.97248
4/10/2023 15:35,15669.25,15669.5,15661.25,15661.5,610,15588.69232,15598.05241
4/10/2023 15:36,15661.75,15662.25,15659.25,15660.75,849,15588.84065,15598.15775
4/10/2023 15:37,15660.75,15664.75,15660.25,15662.5,480,15588.92628,15598.21881
4/10/2023 15:38,15662.75,15665.25,15659.5,15664.75,760,15589.06268,15598.31625
4/10/2023 15:39,15665,15667.75,15662.25,15663.75,771,15589.20317,15598.41695
4/10/2023 15:40,15663.75,15670.5,15663.25,15670,626,15589.32189,15598.5026
4/10/2023 15:41,15669.75,15673.5,15668.25,15673,1033,15589.52611,15598.65091
4/10/2023 15:42,15672.75,15676.5,15669.25,15671.75,1346,15589.79365,15598.84568
4/10/2023 15:43,15671.5,15673.25,15668.25,15672,893,15589.96736,15598.97201
4/10/2023 15:44,15672,15674.5,15669,15671.5,533,15590.07132,15599.04772
4/10/2023 15:45,15671.25,15672.25,15665,15665.5,602,15590.18256,15599.12824
4/10/2023 15:46,15665.5,15665.75,15659.25,15663,1117,15590.37506,15599.26645
4/10/2023 15:47,15663.25,15672.25,15663.25,15671.75,722,15590.50995,15599.36448
4/10/2023 15:48,15672,15674,15667.5,15670.5,689,15590.64082,15599.45989
4/10/2023 15:49,15670.25,15674.5,15669.5,15672,691,15590.77382,15599.55711
4/10/2023 15:50,15671.75,15674.25,15668.25,15672.75,619,15590.89224,15599.64368
4/10/2023 15:51,15672.75,15677.5,15665.25,15671,1724,15591.21818,15599.88202
4/10/2023 15:52,15671.25,15672.25,15665.5,15667.25,1185,15591.43258,15600.03828
4/10/2023 15:53,15667.5,15672.25,15666.25,15671,871,15591.59247,15600.15518
4/10/2023 15:54,15671,15673,15666.25,15672,1449,15591.859,15600.35043
4/10/2023 15:55,15671.75,15671.75,15664.75,15665.5,989,15592.03278,15600.47723
4/10/2023 15:56,15665.25,15672.25,15665.25,15671.75,1490,15592.30145,15600.67424
4/10/2023 15:57,15671.75,15672.5,15667,15672.25,1031,15592.48825,15600.81154
4/10/2023 15:58,15672,15676.5,15670.25,15674.5,1169,15592.70753,15600.9736
4/10/2023 15:59,15674.5,15675.5,15671,15673.75,1124,15592.91639,15601.12803
4/10/2023 16:00,15674,15689.5,15672.75,15689.25,5789,15594.11222,15602.02625
4/10/2023 16:01,15689.25,15689.25,15681.25,15686,2783,15594.68645,15602.4598
4/10/2023 16:02,15685.75,15689,15684.25,15687.75,853,15594.8639,15602.59417
4/10/2023 16:03,15687.5,15691.75,15687,15691.5,760,15595.02669,15602.71789
4/10/2023 16:04,15691.25,15695.25,15691,15694.5,805,15595.20485,15602.85379
4/10/2023 16:05,15694.5,15698,15693.25,15694.75,1107,15595.45313,15603.0436
4/10/2023 16:06,15694.5,15696.75,15693.25,15694.75,697,15595.60818,15603.16218
4/10/2023 16:07,15694.5,15698,15694.5,15696.25,504,15595.72149,15603.24897
4/10/2023 16:08,15696.25,15696.75,15694.75,15695.5,439,15595.81941,15603.32397
4/10/2023 16:09,15695.25,15695.25,15692.5,15694.5,539,15595.93747,15603.4143
4/10/2023 16:10,15694.75,15697.5,15694.75,15695.25,527,15596.05469,15603.50416
4/10/2023 16:11,15695.25,15696.5,15693.75,15694,280,15596.11618,15603.55127
4/10/2023 16:12,15693.75,15695.5,15693.25,15694.5,315,15596.18503,15603.60401
4/10/2023 16:13,15694.5,15695,15693,15693.5,321,15596.25467,15603.65735
4/10/2023 16:14,15693.5,15695.75,15693,15694.75,277,15596.3151,15603.70367
4/10/2023 16:15,15694.5,15696.5,15694.25,15696,127,15596.34309,15603.72515
4/10/2023 16:16,15696.25,15696.75,15693.5,15693.75,273,15596.40264,15603.77082
4/10/2023 16:17,15694.25,15694.75,15693,15693.5,253,15596.45725,15603.81267
4/10/2023 16:18,15694,15695,15692.75,15695,91,15596.47698,15603.8278
4/10/2023 16:19,15694.75,15695.25,15694,15695,73,15596.49288,15603.84
4/10/2023 16:20,15694.75,15695.25,15693.25,15693.75,68,15596.50759,15603.85128
4/10/2023 16:21,15694,15695.75,15693.5,15695.75,63,15596.52134,15603.86183
4/10/2023 16:22,15695.25,15695.5,15693,15693.75,85,15596.53971,15603.87592
4/10/2023 16:23,15693.5,15694.75,15693.25,15694.25,65,15596.55376,15603.88669
4/10/2023 16:24,15694.75,15695,15693.75,15693.75,49,15596.56435,15603.89482
4/10/2023 16:25,15694.25,15694.25,15691.5,15692,163,15596.59901,15603.92136
4/10/2023 16:26,15691.5,15693.25,15691.5,15692.5,117,15596.62382,15603.94037
4/10/2023 16:27,15693,15693,15692,15692.75,92,15596.64336,15603.95534
4/10/2023 16:28,15692.75,15694.25,15692.5,15694.25,162,15596.67813,15603.98201
4/10/2023 16:29,15694,15694,15692.75,15694,53,15596.68949,15603.99073
4/10/2023 16:30,15693.75,15694.5,15693.25,15694.25,77,15596.70606,15604.00344
4/10/2023 16:31,15694.5,15696.75,15694.5,15696.25,319,15596.77595,15604.05716
4/10/2023 16:32,15696.25,15697,15695,15695.5,208,15596.82147,15604.09215
4/10/2023 16:33,15695.5,15695.75,15694.25,15694.5,110,15596.84528,15604.11044
4/10/2023 16:34,15694.75,15696.25,15694.5,15694.5,109,15596.86892,15604.12861
4/10/2023 16:35,15694.25,15695.25,15693.25,15693.75,129,15596.8966,15604.14986
4/10/2023 16:36,15694,15694,15692.5,15692.75,98,15596.91741,15604.16582
4/10/2023 16:37,15692.75,15693,15691.25,15692.5,141,15596.94706,15604.18856
4/10/2023 16:38,15692.25,15694.75,15692.25,15693.75,163,15596.9818,15604.21523
4/10/2023 16:39,15694,15695,15693.75,15694.75,91,15597.00137,15604.23027
4/10/2023 16:40,15694.25,15694.75,15693.25,15694.25,54,15597.01293,15604.23915
4/10/2023 16:41,15694.25,15695.25,15694,15694.25,104,15597.03528,15604.25632
4/10/2023 16:42,15694.25,15695.75,15694.25,15695,201,15597.07866,15604.28968
4/10/2023 16:43,15694.75,15695.5,15693.5,15694,224,15597.12664,15604.32655
4/10/2023 16:44,15693.75,15693.75,15692,15692.25,176,15597.16365,15604.35497
4/10/2023 16:45,15692.5,15694.25,15692.25,15693.75,92,15597.18314,15604.36994
4/10/2023 16:46,15693.75,15694,15691.75,15692.25,251,15597.23586,15604.41042
4/10/2023 16:47,15692.5,15692.75,15690.25,15691.25,220,15597.28141,15604.44536
4/10/2023 16:48,15691,15692.25,15690.75,15692,75,15597.29697,15604.4573
4/10/2023 16:49,15692,15692.75,15691.5,15692,121,15597.32218,15604.47665
4/10/2023 16:50,15692,15692,15691.25,15692,101,15597.34313,15604.49274
4/10/2023 16:51,15692.25,15692.5,15691.25,15692,79,15597.35955,15604.50534
4/10/2023 16:52,15692.25,15693.25,15691.5,15691.5,135,15597.38763,15604.5269
4/10/2023 16:53,15691.75,15692,15690.75,15691,146,15597.41772,15604.54999
4/10/2023 16:54,15690.5,15693,15690.25,15693,94,15597.43725,15604.56499
4/10/2023 16:55,15692.75,15693,15690.75,15691.5,139,15597.46601,15604.58708
4/10/2023 16:56,15691.25,15692,15691.25,15691.5,61,15597.47861,15604.59675
4/10/2023 16:57,15691.25,15691.75,15690.75,15691.5,49,15597.4887,15604.6045
4/10/2023 16:58,15691.5,15692.25,15691.25,15691.75,37,15597.49635,15604.61037
4/10/2023 16:59,15691.5,15691.75,15690.75,15691.75,54,15597.50747,15604.61891
4/10/2023 17:00,15691.75,15692,15689.5,15690.75,167,15597.54161,15604.64511
4/10/2023 18:01,15688,15689.25,15683,15685,160,0,15685.75
4/10/2023 18:02,15685,15686.75,15684.5,15686.75,113,0,15685.85348
4/10/2023 18:03,15686.5,15688.5,15686.25,15687.5,61,0,15686.13897
4/10/2023 18:04,15687.75,15688.75,15686.75,15688.25,61,0,15686.4135
4/10/2023 18:05,15688.5,15689,15686.5,15687,58,0,15686.55261
4/10/2023 18:06,15686.75,15688,15686.25,15687.75,70,0,15686.65711
4/10/2023 18:07,15688,15688,15686,15686.5,63,0,15686.67605
4/10/2023 18:08,15686.5,15687.75,15686,15687.5,50,0,15686.70807
4/10/2023 18:09,15687.5,15690.5,15687.25,15690.5,66,0,15686.96273
4/10/2023 18:10,15690.25,15691.5,15690.25,15690.5,29,0,15687.11297
4/10/2023 18:11,15690.5,15691.75,15690.5,15691,37,0,15687.30425
4/10/2023 18:12,15691.25,15691.5,15690.75,15691.25,11,0,15687.35879
4/10/2023 18:13,15690.5,15691,15689.75,15689.75,28,0,15687.45622
4/10/2023 18:14,15690.25,15690.75,15689,15689,30,0,15687.53246
4/10/2023 18:15,15689.75,15689.75,15689.25,15689.75,8,0,15687.55187
4/10/2023 18:16,15690,15691,15689.75,15691,13,0,15687.5978
4/10/2023 18:17,15690.75,15693,15690.5,15691.75,39,0,15687.77834
4/10/2023 18:18,15691.75,15693.5,15691.75,15693,53,0,15688.0557
4/10/2023 18:19,15693.25,15693.5,15692.25,15692.25,24,0,15688.16932
4/10/2023 18:20,15692.25,15693,15692.25,15692.25,12,0,15688.22203
4/10/2023 18:21,15693,15694.5,15692.25,15692.5,59,0,15688.49649
4/10/2023 18:22,15693,15693.75,15693,15693.25,14,0,15688.56043
4/10/2023 18:23,15693.75,15694.5,15693.75,15694.25,14,0,15688.63358
4/10/2023 18:24,15694.25,15694.25,15693,15693,23,0,15688.73396
4/10/2023 18:25,15693,15693.5,15693,15693,16,0,15688.79774
4/10/2023 18:26,15692.75,15692.75,15692.5,15692.75,8,0,15688.82537
4/10/2023 18:27,15693.25,15693.75,15692.75,15693.5,20,0,15688.90446
4/10/2023 18:28,15693.5,15693.5,15692.5,15692.5,21,0,15688.97552
4/10/2023 18:29,15693,15693.5,15693,15693.25,11,0,15689.01564
4/10/2023 18:30,15693,15694,15693,15694,15,0,15689.07442
4/10/2023 18:31,15694,15695.5,15693.5,15694.5,70,0,15689.37656
4/10/2023 18:32,15694.25,15694.25,15692.75,15693.75,26,0,15689.46181
4/10/2023 18:33,15693.5,15694,15692,15692.75,56,0,15689.6063
4/10/2023 18:34,15692.75,15692.75,15692.25,15692.5,19,0,15689.64678
4/10/2023 18:35,15692.75,15693,15692.25,15692.5,24,0,15689.69778
4/10/2023 18:36,15692.75,15692.75,15691.25,15691.25,49,0,15689.76805
4/10/2023 18:37,15691.5,15691.5,15689.25,15689.5,42,0,15689.77704
4/10/2023 18:38,15689.75,15689.75,15689.25,15689.25,60,0,15689.76294
4/10/2023 18:39,15689.25,15690.25,15689.25,15689.75,32,0,15689.76267
4/10/2023 18:40,15689.25,15690.75,15689,15690.75,32,0,15689.77077
4/10/2023 18:41,15690.75,15691,15689.75,15689.75,13,0,15689.77396
4/10/2023 18:42,15689.5,15689.5,15687.75,15688.25,33,0,15689.74838
4/10/2023 18:43,15688.5,15689,15688.5,15689,19,0,15689.73792
4/10/2023 18:44,15689,15689,15688.25,15688.25,24,0,15689.72029
4/10/2023 18:45,15688.25,15688.25,15688,15688.25,10,0,15689.71113
4/10/2023 18:46,15688.25,15689.5,15688,15688.25,40,0,15689.68515
4/10/2023 18:47,15688.25,15688.75,15687.25,15688.5,33,0,15689.65682
4/10/2023 18:48,15688.25,15688.5,15687.75,15687.75,21,0,15689.63738
4/10/2023 18:49,15688.25,15689.5,15688.25,15689.5,11,0,15689.634
4/10/2023 18:50,15689.75,15690.5,15689.25,15690.5,21,0,15689.63918
4/10/2023 18:51,15691,15691.25,15690.75,15691,26,0,15689.65832
4/10/2023 18:52,15691,15691.25,15690.75,15691,10,0,15689.66555
4/10/2023 18:53,15691,15692.5,15690.5,15692,50,0,15689.71799
4/10/2023 18:54,15691.75,15691.75,15690,15690,23,0,15689.72829
4/10/2023 18:55,15690,15690.75,15690,15690.5,5,0,15689.73007
4/10/2023 18:56,15690.5,15690.5,15689.25,15690.25,20,0,15689.73283
4/10/2023 18:57,15690,15690,15690,15690,3,0,15689.73324
4/10/2023 18:58,15689.5,15690.25,15688,15689.5,76,0,15689.71519
4/10/2023 18:59,15689.5,15691.25,15689.5,15691.25,14,0,15689.72169
4/10/2023 19:00,15690.75,15691,15690.25,15690.25,6,0,15689.72397
4/10/2023 19:01,15690.75,15691,15689.5,15689.5,27,0,15689.72755
4/10/2023 19:02,15689.25,15689.75,15688.75,15689.75,15,0,15689.72532
4/10/2023 19:03,15689.25,15689.5,15688.75,15689.25,10,0,15689.72267
4/10/2023 19:04,15689,15690.75,15689,15690.75,14,0,15689.7256
4/10/2023 19:05,15690.75,15691,15688.25,15688.75,55,0,15689.71569
4/10/2023 19:06,15688.5,15689.25,15688,15688.5,19,0,15689.70588
4/10/2023 19:07,15688.5,15689.5,15688.25,15689.5,11,0,15689.70278
4/10/2023 19:08,15689.75,15689.75,15688.75,15689.5,22,0,15689.69913
4/10/2023 19:09,15689.25,15690.25,15688.75,15690.25,18,0,15689.69954
4/10/2023 19:10,15690.5,15691.75,15690.25,15691.25,24,0,15689.71417
4/10/2023 19:11,15691.25,15691.25,15689.75,15690,23,0,15689.72038
4/10/2023 19:12,15690.25,15691,15689.5,15691,14,0,15689.72511
4/10/2023 19:13,15691.25,15693.5,15691.25,15693,62,0,15689.79992
4/10/2023 19:14,15692.5,15693,15692.25,15692.75,26,0,15689.83104
4/10/2023 19:15,15693,15693.25,15691.75,15692.75,46,0,15689.8829
4/10/2023 19:16,15692.5,15694.25,15692.5,15693.5,42,0,15689.94268
4/10/2023 19:17,15693.5,15694,15693,15694,19,0,15689.97096
4/10/2023 19:18,15694,15696,15693.5,15695.75,86,0,15690.14084
4/10/2023 19:19,15695.75,15696,15694.25,15695.5,72,0,15690.27914
4/10/2023 19:20,15695.75,15696,15694.5,15694.75,71,0,15690.40403
4/10/2023 19:21,15694.75,15695,15693.75,15693.75,55,0,15690.47831
4/10/2023 19:22,15693.75,15694.25,15693.25,15694.25,34,0,15690.51977
4/10/2023 19:23,15694.5,15695.25,15694.5,15695,30,0,15690.56605
4/10/2023 19:24,15694.75,15694.75,15694.25,15694.75,10,0,15690.5801
4/10/2023 19:25,15695.25,15695.25,15694,15694,19,0,15690.60542
4/10/2023 19:26,15694,15695.25,15693.5,15694,60,0,15690.67982
4/10/2023 19:27,15694,15695.25,15694,15694.75,40,0,15690.73336
4/10/2023 19:28,15694,15694.5,15694,15694.25,11,0,15690.74629
4/10/2023 19:29,15694.5,15694.75,15693.75,15693.75,16,0,15690.76406
4/10/2023 19:30,15694,15694,15693.25,15693.25,11,0,15690.77403
4/10/2023 19:31,15693,15693,15691.5,15691.75,67,0,15690.80248
4/10/2023 19:32,15692.5,15694.5,15692,15694.5,13,0,15690.8145
4/10/2023 19:33,15694.5,15696,15693.25,15695.75,103,0,15690.94922
4/10/2023 19:34,15695.5,15697.25,15695.5,15695.75,46,0,15691.02316
4/10/2023 19:35,15695.75,15695.75,15694.75,15695,10,0,15691.03588
4/10/2023 19:36,15694.75,15694.75,15692.25,15694,81,0,15691.09974
4/10/2023 19:37,15693.5,15694,15692.25,15693.75,34,0,15691.12227
4/10/2023 19:38,15693.25,15695.25,15692.75,15693.5,67,0,15691.1751
4/10/2023 19:39,15693.75,15693.75,15692.5,15692.75,9,0,15691.17987
4/10/2023 19:40,15692.75,15692.75,15691.5,15692.25,27,0,15691.18754
4/10/2023 19:41,15692.25,15692.5,15691.5,15692.25,31,0,15691.19546
4/10/2023 19:42,15692,15692.25,15691,15691.75,10,0,15691.1968
4/10/2023 19:43,15691.25,15691.5,15690.25,15691.25,35,0,15691.19486
4/10/2023 19:44,15691,15691.5,15690.5,15691.25,17,0,15691.19433
4/10/2023 19:45,15691,15691.75,15691,15691.25,15,0,15691.19491
4/10/2023 19:46,15691.25,15691.5,15690,15690.5,16,0,15691.19256
4/10/2023 19:47,15691,15691.25,15688.5,15690,146,0,15691.14281
4/10/2023 19:48,15690.5,15691,15689.25,15689.75,28,0,15691.13432
4/10/2023 19:49,15690,15690,15689.5,15689.75,45,0,15691.118
4/10/2023 19:50,15689.75,15691.75,15689.75,15690.25,64,0,15691.10919
4/10/2023 19:51,15690.75,15692.25,15690.75,15691.5,38,0,15691.11298
4/10/2023 19:52,15691.75,15692.5,15691.25,15691.75,28,0,15691.11809
4/10/2023 19:53,15691.5,15691.5,15690.75,15691.5,11,0,15691.11845
4/10/2023 19:54,15691.25,15693,15691.25,15693,10,0,15691.12172
4/10/2023 19:55,15693,15694.25,15693,15693.5,39,0,15691.14568
4/10/2023 19:56,15693.75,15695,15693.25,15694.75,34,0,15691.1725
4/10/2023 19:57,15695.5,15696.5,15694,15696.25,157,0,15691.33746
4/10/2023 19:58,15696.25,15697.75,15695.75,15696.75,81,0,15691.43992
4/10/2023 19:59,15696.5,15699.25,15696.5,15697.75,156,0,15691.66481
4/10/2023 20:00,15697.5,15698.25,15696.75,15697,65,0,15691.74669
4/10/2023 20:01,15696.75,15698,15696.25,15697.25,100,0,15691.86451
4/10/2023 20:02,15698,15698.5,15696.75,15696.75,49,0,15691.92215
4/10/2023 20:03,15697,15697,15695.5,15695.5,40,0,15691.95694
4/10/2023 20:04,15696.25,15697.5,15696.25,15696.25,30,0,15691.98688
4/10/2023 20:05,15696.25,15696.75,15694.5,15694.5,36,0,15692.01158
4/10/2023 20:06,15694.5,15695.25,15690,15690.25,146,0,15692.00627
4/10/2023 20:07,15691.25,15691.25,15685.75,15687,148,0,15691.88884
4/10/2023 20:08,15687,15689,15686.75,15688,63,0,15691.83989
4/10/2023 20:09,15687.75,15689.25,15686.75,15689.25,67,0,15691.7956
4/10/2023 20:10,15689.25,15691.5,15688.25,15690.25,92,0,15691.76426
4/10/2023 20:11,15690.25,15692.5,15689.25,15692.5,68,0,15691.75983
4/10/2023 20:12,15692,15695.25,15692,15695.25,89,0,15691.7993
4/10/2023 20:13,15695.25,15702.25,15695,15701.75,262,0,15692.16156
4/10/2023 20:14,15701.5,15702.5,15699.25,15702,177,0,15692.43574
4/10/2023 20:15,15702.5,15707.5,15702,15706.5,248,0,15692.95882
4/10/2023 20:16,15706,15711.25,15705.25,15709.5,309,0,15693.71438
4/10/2023 20:17,15709.5,15709.75,15706.25,15707.5,133,0,15694.00076
4/10/2023 20:18,15707.75,15710,15706.75,15709,85,0,15694.18738
4/10/2023 20:19,15708.5,15709.75,15706,15709.5,57,0,15694.30845
4/10/2023 20:20,15709.25,15710,15706.5,15706.5,92,0,15694.48942
4/10/2023 20:21,15706.25,15707,15704.75,15705,90,0,15694.63453
4/10/2023 20:22,15705.25,15705.5,15704.25,15705.25,66,0,15694.733
4/10/2023 20:23,15705,15705,15703.25,15704,74,0,15694.83155
4/10/2023 20:24,15703.5,15704.25,15702,15702,64,0,15694.90308
4/10/2023 20:25,15702.25,15702.25,15698.25,15699.25,119,0,15694.9859
4/10/2023 20:26,15699.5,15701.25,15697.25,15698,144,0,15695.0613
4/10/2023 20:27,15697.75,15697.75,15695,15695.75,116,0,15695.07848
4/10/2023 20:28,15696.25,15696.25,15693.5,15694,97,0,15695.07212
4/10/2023 20:29,15694,15695.75,15693,15693.75,82,0,15695.06241
4/10/2023 20:30,15693.75,15694.5,15692.25,15693.75,63,0,15695.04964
4/10/2023 20:31,15694,15695,15692.5,15694.5,66,0,15695.04072
4/10/2023 20:32,15694,15694,15686.75,15688.5,256,0,15694.87201
4/10/2023 20:33,15688.25,15690.25,15687.75,15688.5,63,0,15694.82499
4/10/2023 20:34,15688.5,15690.75,15688,15690.5,75,0,15694.77838
4/10/2023 20:35,15690.25,15691.75,15690.25,15691,44,0,15694.75813
4/10/2023 20:36,15690,15692.75,15689,15692,80,0,15694.72428
4/10/2023 20:37,15691.75,15693.25,15691.25,15691.5,76,0,15694.69953
4/10/2023 20:38,15691,15691,15687.75,15687.75,71,0,15694.65016
4/10/2023 20:39,15688,15688,15678.75,15680.5,453,0,15694.02679
4/10/2023 20:40,15681,15686,15681,15682.5,351,0,15693.61429
4/10/2023 20:41,15682.75,15684.25,15681.5,15684.25,250,0,15693.34348
4/10/2023 20:42,15684.75,15684.75,15677.25,15677.25,277,0,15692.958
4/10/2023 20:43,15677.25,15678.25,15674.75,15677,290,0,15692.48828
4/10/2023 20:44,15676.75,15680.75,15676.75,15679.75,108,0,15692.34587
4/10/2023 20:45,15679.75,15682.75,15679.75,15682.5,83,0,15692.25938
4/10/2023 20:46,15682.5,15683.25,15679.5,15679.5,156,0,15692.08683
4/10/2023 20:47,15680.25,15681.25,15679.75,15680.5,76,0,15692.00281
4/10/2023 20:48,15680.25,15680.5,15678,15679,47,0,15691.9455
4/10/2023 20:49,15678.5,15680.5,15678.5,15680.25,36,0,15691.90394
4/10/2023 20:50,15680.75,15680.75,15677.5,15680,72,0,15691.81941
4/10/2023 20:51,15680,15681,15678.5,15679.25,101,0,15691.70431
4/10/2023 20:52,15678.75,15679.75,15676.5,15678.25,92,0,15691.5893
4/10/2023 20:53,15678.25,15680.25,15678.25,15679,94,0,15691.48239
4/10/2023 20:54,15679.25,15679.5,15677.25,15679.25,91,0,15691.37651
4/10/2023 20:55,15679.25,15679.5,15678.5,15679.5,20,0,15691.35437
4/10/2023 20:56,15679.75,15681.75,15679.75,15680.25,85,0,15691.27203
4/10/2023 20:57,15680.5,15680.75,15678.75,15679,63,0,15691.20571
4/10/2023 20:58,15679.5,15684.75,15679.5,15682.5,143,0,15691.09263
4/10/2023 20:59,15682.5,15685.25,15681.5,15685,118,0,15691.01863
4/10/2023 21:00,15685.25,15686.75,15684.75,15686.75,148,0,15690.95561
4/10/2023 21:01,15686.25,15687,15684.25,15684.75,109,0,15690.90323
4/10/2023 21:02,15685,15685.25,15681,15681,85,0,15690.84202
4/10/2023 21:03,15681,15682.25,15680,15681,42,0,15690.80737
4/10/2023 21:04,15681,15681.5,15680,15681,35,0,15690.77794
4/10/2023 21:05,15680.75,15680.75,15678.75,15678.75,53,0,15690.7274
4/10/2023 21:06,15678.75,15680.75,15677.5,15678.5,88,0,15690.64081
4/10/2023 21:07,15678.25,15679,15677.75,15678.25,30,0,15690.61013
4/10/2023 21:08,15678.75,15679.5,15677.75,15679,59,0,15690.55226
4/10/2023 21:09,15678.5,15680,15678.25,15679.5,44,0,15690.51128
4/10/2023 21:10,15679.75,15682,15679.5,15680,48,0,15690.47184
4/10/2023 21:11,15680,15682.5,15679.5,15679.75,63,0,15690.42097
4/10/2023 21:12,15679.75,15680.25,15679.25,15679.75,50,0,15690.37759
4/10/2023 21:13,15680,15680.25,15678.5,15679.25,47,0,15690.33553
4/10/2023 21:14,15678.5,15679.5,15677.5,15678,51,0,15690.28615
4/10/2023 21:15,15678.5,15679.5,15677.25,15677.75,22,0,15690.26468
4/10/2023 21:16,15678,15683.25,15678,15680.75,147,0,15690.15238
4/10/2023 21:17,15680.5,15682.25,15680,15681,79,0,15690.09571
4/10/2023 21:18,15680.5,15681.25,15680,15681,56,0,15690.0545
4/10/2023 21:19,15681,15682.25,15681,15681,31,0,15690.03346
4/10/2023 21:20,15681.25,15682.5,15681,15681.75,45,0,15690.00429
4/10/2023 21:21,15682,15683.75,15681.5,15683.25,105,0,15689.94583
4/10/2023 21:22,15683.5,15683.75,15682.5,15683,59,0,15689.91453
4/10/2023 21:23,15683,15686.75,15683,15684,148,0,15689.85424
4/10/2023 21:24,15684.25,15684.5,15683.25,15683.75,33,0,15689.8391
4/10/2023 21:25,15684.25,15685,15682.75,15682.75,44,0,15689.81791
4/10/2023 21:26,15682.75,15685.5,15682.5,15684,90,0,15689.77841
4/10/2023 21:27,15684,15686.75,15684,15686,83,0,15689.7523
4/10/2023 21:28,15686.25,15686.25,15684.5,15684.5,47,0,15689.7359
4/10/2023 21:29,15684.25,15686,15684,15685.5,105,0,15689.70034
4/10/2023 21:30,15685.75,15687.25,15684.75,15686,43,0,15689.68858
4/10/2023 21:31,15685.5,15689.25,15685.5,15687.25,137,0,15689.66497
4/10/2023 21:32,15686.75,15687,15683.25,15683.25,45,0,15689.64802
4/10/2023 21:33,15684.25,15684.5,15679.75,15681.25,141,0,15689.5685
4/10/2023 21:34,15681,15682.5,15678.5,15679.5,93,0,15689.50581
4/10/2023 21:35,15679.75,15680.25,15678.5,15678.75,94,0,15689.43659
4/10/2023 21:36,15678.75,15681.25,15678.25,15681.25,77,0,15689.38649
4/10/2023 21:37,15681.25,15682,15680.25,15681,70,0,15689.34553
4/10/2023 21:38,15682,15684.5,15680.5,15684.5,99,0,15689.30272
4/10/2023 21:39,15684.5,15688.25,15684,15688,112,0,15689.28286
4/10/2023 21:40,15688,15691.5,15687.75,15688.75,197,0,15689.28355
4/10/2023 21:41,15689.25,15691.5,15687,15687,111,0,15689.27763
4/10/2023 21:42,15686.75,15686.75,15684,15684.75,60,0,15689.26093
4/10/2023 21:43,15685.5,15688.25,15685.5,15687.75,38,0,15689.25556
4/10/2023 21:44,15687.25,15687.75,15684.75,15686.25,36,0,15689.24827
4/10/2023 21:45,15685.5,15685.5,15684,15684.75,20,0,15689.24221
4/10/2023 21:46,15684.5,15685.25,15682.25,15682.75,78,0,15689.2118
4/10/2023 21:47,15682.5,15682.75,15679.5,15682,106,0,15689.15688
4/10/2023 21:48,15682,15683.75,15682,15683.5,28,0,15689.1456
4/10/2023 21:49,15682.75,15683.25,15682.25,15683,18,0,15689.13807
4/10/2023 21:50,15682,15682.5,15680.75,15681.75,43,0,15689.11684
4/10/2023 21:51,15682.25,15682.25,15680,15681,62,0,15689.08407
4/10/2023 21:52,15681,15681.5,15679.75,15680.5,67,0,15689.04675
4/10/2023 21:53,15680.75,15682.25,15679.5,15681.5,64,0,15689.0135
4/10/2023 21:54,15681.75,15684.75,15681.5,15684.75,83,0,15688.98471
4/10/2023 21:55,15684.75,15685.5,15684.25,15684.75,32,0,15688.97611
4/10/2023 21:56,15685.25,15686.5,15685.25,15685.5,41,0,15688.96756
4/10/2023 21:57,15685.75,15685.75,15684.25,15684.75,32,0,15688.95921
4/10/2023 21:58,15685.25,15686.25,15684,15685.5,45,0,15688.94848
4/10/2023 21:59,15685.75,15686.75,15685,15686.75,44,0,15688.94064
4/10/2023 22:00,15686.75,15686.75,15685.5,15685.5,22,0,15688.93638
4/10/2023 22:01,15685,15686.25,15684.75,15685,40,0,15688.92718
4/10/2023 22:02,15685,15687.5,15683.75,15687.25,104,0,15688.90898
4/10/2023 22:03,15686.75,15687.75,15685.25,15687.75,60,0,15688.90143
4/10/2023 22:04,15687.5,15688.75,15686,15686.75,66,0,15688.89423
4/10/2023 22:05,15686.75,15689.75,15685.5,15688.75,74,0,15688.89008
4/10/2023 22:06,15688.5,15690,15687.25,15687.75,101,0,15688.88658
4/10/2023 22:07,15687.5,15688.25,15686.75,15687.75,72,0,15688.88077
4/10/2023 22:08,15687.25,15689.75,15687.25,15689.25,47,0,15688.88039
4/10/2023 22:09,15689.75,15690.75,15687.75,15690.25,64,0,15688.88316
4/10/2023 22:10,15690,15692.5,15689.25,15691.25,97,0,15688.89572
4/10/2023 22:11,15690.75,15696,15690.25,15693.75,231,0,15688.95753
4/10/2023 22:12,15693.5,15695.75,15692.5,15693,131,0,15688.99509
4/10/2023 22:13,15692.75,15695,15692.75,15694,69,0,15689.01533
4/10/2023 22:14,15693.75,15694.75,15692.25,15694.25,40,0,15689.02659
4/10/2023 22:15,15694.5,15695.5,15692.75,15693.25,69,0,15689.04622
4/10/2023 22:16,15693.5,15694.5,15692.5,15692.75,49,0,15689.05838
4/10/2023 22:17,15692.75,15694.5,15691.25,15692.75,82,0,15689.07656
4/10/2023 22:18,15692.5,15694.25,15692,15693.5,44,0,15689.08732
4/10/2023 22:19,15692.75,15693.75,15692.5,15692.75,42,0,15689.09693
4/10/2023 22:20,15693,15694,15692.5,15692.5,33,0,15689.10444
4/10/2023 22:21,15693,15694,15690.5,15691.25,116,0,15689.12334
4/10/2023 22:22,15692,15693.75,15692,15693.25,38,0,15689.13186
4/10/2023 22:23,15693.5,15693.75,15691.75,15693.75,32,0,15689.13916
4/10/2023 22:24,15694,15695.5,15693.5,15694.5,60,0,15689.15766
4/10/2023 22:25,15694.25,15694.5,15692.5,15693.25,56,0,15689.17133
4/10/2023 22:26,15694.5,15694.5,15691.5,15692,35,0,15689.17833
4/10/2023 22:27,15692.25,15696.75,15691.5,15696.25,104,0,15689.21178
4/10/2023 22:28,15696,15698.25,15695,15698.25,135,0,15689.27239
4/10/2023 22:29,15698.25,15698.5,15695.5,15696,152,0,15689.33528
4/10/2023 22:30,15695.5,15696,15694.5,15696,58,0,15689.35523
4/10/2023 22:31,15696,15697.5,15695.75,15695.75,57,0,15689.37734
4/10/2023 22:32,15696,15696,15694.5,15695.75,43,0,15689.39175
4/10/2023 22:33,15695.75,15696,15694.75,15694.75,20,0,15689.39815
4/10/2023 22:34,15694.5,15695.75,15694.5,15695.25,26,0,15689.40644
4/10/2023 22:35,15695.5,15695.5,15693.25,15693.25,76,0,15689.42568
4/10/2023 22:36,15693.5,15694,15692.75,15693.75,187,0,15689.46723
4/10/2023 22:37,15693.25,15695.75,15693.25,15694,60,0,15689.4831
4/10/2023 22:38,15694.25,15694.5,15693.25,15693.75,20,0,15689.48782
4/10/2023 22:39,15693.75,15695.25,15692.75,15694,76,0,15689.50637
4/10/2023 22:40,15693.25,15693.5,15693,15693.25,18,0,15689.51001
4/10/2023 22:41,15693.75,15694.25,15692.5,15694,37,0,15689.51813
4/10/2023 22:42,15693.5,15694.75,15693.5,15694.75,17,0,15689.52254
4/10/2023 22:43,15695,15696.75,15694.5,15696.75,96,0,15689.55587
4/10/2023 22:44,15696.25,15696.25,15694.25,15695.5,44,0,15689.56946
4/10/2023 22:45,15695.75,15695.75,15695,15695,6,0,15689.57128
4/10/2023 22:46,15695.25,15695.75,15694.5,15695.25,24,0,15689.57844
4/10/2023 22:47,15694.75,15694.75,15693.5,15694,33,0,15689.58637
4/10/2023 22:48,15693.75,15694.25,15690.75,15692.75,72,0,15689.59782
4/10/2023 22:49,15692.5,15692.5,15690.75,15691.25,67,0,15689.60456
4/10/2023 22:50,15691.25,15693.25,15691.25,15692.75,36,0,15689.6099
4/10/2023 22:51,15693.25,15694.25,15693,15694,69,0,15689.62493
4/10/2023 22:52,15694,15694,15692,15692.25,38,0,15689.63116
4/10/2023 22:53,15691.75,15692.75,15690.75,15692.75,31,0,15689.63515
4/10/2023 22:54,15692.25,15694,15692.25,15693,31,0,15689.64074
4/10/2023 22:55,15692.5,15693.25,15692.5,15693,18,0,15689.64382
4/10/2023 22:56,15692,15692,15689.5,15689.75,81,0,15689.64708
4/10/2023 22:57,15689.5,15689.5,15688.25,15689,49,0,15689.64522
4/10/2023 22:58,15689.5,15690.25,15687.25,15688,81,0,15689.64043
4/10/2023 22:59,15688.25,15689,15687.75,15688.75,35,0,15689.63837
4/10/2023 23:00,15689,15689,15686.25,15687.5,83,0,15689.6296
4/10/2023 23:01,15687.25,15688.75,15686.75,15687.75,53,0,15689.6245
4/10/2023 23:02,15687.75,15688.5,15687.5,15688.5,30,0,15689.62226
4/10/2023 23:03,15688.75,15690,15687.25,15687.25,71,0,15689.61699
4/10/2023 23:04,15687.75,15688,15687,15688,31,0,15689.61391
4/10/2023 23:05,15688.75,15689.5,15688.75,15688.75,14,0,15689.61347
4/10/2023 23:06,15689.5,15691.25,15689,15689.5,50,0,15689.61424
4/10/2023 23:07,15689.75,15691,15688.5,15688.5,35,0,15689.61374
4/10/2023 23:08,15688,15690,15688,15690,27,0,15689.61336
4/10/2023 23:09,15690.5,15691.25,15689.5,15689.75,54,0,15689.61487
4/10/2023 23:10,15689.5,15689.75,15688,15688.5,33,0,15689.61343
4/10/2023 23:11,15688,15689.25,15687,15688,78,0,15689.60745
4/10/2023 23:12,15688,15688,15684.75,15685.75,109,0,15689.58873
4/10/2023 23:13,15686.25,15688,15686,15688,35,0,15689.5848
4/10/2023 23:14,15688.25,15688.25,15687.25,15687.25,11,0,15689.58371
4/10/2023 23:15,15687.5,15688.5,15687.5,15688,18,0,15689.58229
4/10/2023 23:16,15688,15688.75,15687.5,15687.5,33,0,15689.57956
4/10/2023 23:17,15687.75,15688.25,15687.5,15688,21,0,15689.57783
4/10/2023 23:18,15688.25,15688.25,15687,15688,30,0,15689.57511
4/10/2023 23:19,15688,15690.25,15688,15689.25,44,0,15689.57422
4/10/2023 23:20,15689,15689.25,15687.75,15688.25,24,0,15689.57285
4/10/2023 23:21,15687.75,15689,15687.25,15687.5,46,0,15689.5691
4/10/2023 23:22,15687.75,15691.25,15687.25,15690.75,78,0,15689.56979
4/10/2023 23:23,15691,15695.25,15691,15693,195,0,15689.60309
4/10/2023 23:24,15693,15694.5,15692.25,15693.5,50,0,15689.61233
4/10/2023 23:25,15693.25,15694,15692.75,15693.5,31,0,15689.61804
4/10/2023 23:26,15693.75,15694,15691.25,15691.5,46,0,15689.62389
4/10/2023 23:27,15691.75,15692.5,15691.25,15691.75,33,0,15689.6274
4/10/2023 23:28,15691.75,15691.75,15690,15690.75,55,0,15689.63059
4/10/2023 23:29,15690.75,15691.75,15690.25,15691.75,27,0,15689.63269
4/10/2023 23:30,15691.5,15691.5,15690.5,15691.25,43,0,15689.63568
4/10/2023 23:31,15691.75,15691.75,15688.25,15688.25,57,0,15689.63508
4/10/2023 23:32,15688.75,15690,15688,15688.25,41,0,15689.63335
4/10/2023 23:33,15687.75,15689.5,15687,15688,63,0,15689.62896
4/10/2023 23:34,15687.75,15689,15687.5,15688,41,0,15689.62611
4/10/2023 23:35,15688.5,15689.25,15687.75,15688.75,22,0,15689.62502
4/10/2023 23:36,15688.75,15688.75,15687.5,15688.25,37,0,15689.62247
4/10/2023 23:37,15687.75,15688.25,15686.25,15686.25,47,0,15689.61646
4/10/2023 23:38,15686.5,15686.75,15685.5,15686,39,0,15689.60997
4/10/2023 23:39,15686.25,15686.25,15685.25,15685.75,30,0,15689.60451
4/10/2023 23:40,15685.75,15686,15683,15683.75,130,0,15689.57194
4/10/2023 23:41,15683.5,15684.5,15682,15683.5,168,0,15689.52328
4/10/2023 23:42,15684,15685,15683.75,15684.75,38,0,15689.51444
4/10/2023 23:43,15684.5,15684.5,15682.75,15682.75,46,0,15689.50129
4/10/2023 23:44,15683,15683,15681.75,15681.75,34,0,15689.48977
4/10/2023 23:45,15682.5,15683.25,15682.25,15682.5,38,0,15689.47782
4/10/2023 23:46,15682.25,15683.25,15680.75,15680.75,44,0,15689.46184
4/10/2023 23:47,15681.5,15682.25,15680.5,15680.5,72,0,15689.43418
4/10/2023 23:48,15680.75,15681,15678.5,15680.75,130,0,15689.37878
4/10/2023 23:49,15680.25,15680.25,15678.75,15678.75,29,0,15689.36541
4/10/2023 23:50,15679.25,15680.5,15678.75,15679.75,55,0,15689.34119
4/10/2023 23:51,15679.75,15679.75,15678.75,15678.75,21,0,15689.33142
4/10/2023 23:52,15679,15679.5,15678.5,15679.25,44,0,15689.31101
4/10/2023 23:53,15679.5,15681.5,15679.5,15680.5,48,0,15689.2919
4/10/2023 23:54,15679.75,15679.75,15677.75,15678.75,64,0,15689.26152
4/10/2023 23:55,15678.5,15680.5,15678.5,15679.75,40,0,15689.24411
4/10/2023 23:56,15679.75,15680,15673.5,15673.75,233,0,15689.10422
4/10/2023 23:57,15674,15676.5,15673.25,15676.5,112,0,15689.03634
4/10/2023 23:58,15676.75,15678,15676.75,15678,43,0,15689.01458
4/10/2023 23:59,15677.75,15679,15677.25,15677.25,29,0,15689.00027
4/11/2023 0:00,15677,15677.5,15676.25,15676.5,27,0,15688.98569
4/11/2023 0:01,15676.5,15678,15676,15678,51,0,15688.95956
4/11/2023 0:02,15678,15680.5,15678,15678.75,96,0,15688.91803
4/11/2023 0:03,15678.5,15679.75,15678.5,15679,24,0,15688.90771
4/11/2023 0:04,15679.75,15679.75,15678.25,15679.5,20,0,15688.89919
4/11/2023 0:05,15679.75,15681.75,15679,15679,116,0,15688.85387
4/11/2023 0:06,15679.25,15679.5,15678,15678.25,45,0,15688.83381
4/11/2023 0:07,15679,15679.25,15677.5,15678.75,31,0,15688.81992
4/11/2023 0:08,15678.75,15680.25,15678.75,15679.75,29,0,15688.80833
4/11/2023 0:09,15680.25,15681,15679.5,15680.25,52,0,15688.7891
4/11/2023 0:10,15680.5,15681,15679.25,15679.5,42,0,15688.77304
4/11/2023 0:11,15679.25,15682,15679.25,15680.5,52,0,15688.75471
4/11/2023 0:12,15680.5,15680.75,15679.25,15680.75,57,0,15688.73391
4/11/2023 0:13,15681,15681.5,15680.5,15680.75,23,0,15688.7262
4/11/2023 0:14,15680.75,15680.75,15679.75,15680.5,15,0,15688.72081
4/11/2023 0:15,15680.25,15681.5,15680.25,15681.5,16,0,15688.71557
4/11/2023 0:16,15680.75,15681.5,15679.75,15681.25,25,0,15688.70715
4/11/2023 0:17,15681.25,15681.25,15680.25,15680.25,13,0,15688.70263
4/11/2023 0:18,15680.75,15681,15679.5,15681,19,0,15688.69597
4/11/2023 0:19,15681,15681.5,15680.5,15680.5,8,0,15688.69329
4/11/2023 0:20,15680.25,15680.25,15679.25,15679.75,30,0,15688.68185
4/11/2023 0:21,15680,15680.5,15679.5,15680.25,13,0,15688.67708
4/11/2023 0:22,15680.5,15681.25,15680.5,15681,8,0,15688.67444
4/11/2023 0:23,15680.5,15680.5,15678.25,15678.75,45,0,15688.65624
4/11/2023 0:24,15679,15679.75,15678.75,15679,19,0,15688.64858
4/11/2023 0:25,15679.25,15680,15679,15679.75,7,0,15688.64589
4/11/2023 0:26,15680,15680,15679,15679.5,17,0,15688.63929
4/11/2023 0:27,15678.75,15679.75,15678.5,15679.75,17,0,15688.63258
4/11/2023 0:28,15679,15679.5,15678.75,15679.5,10,0,15688.6286
4/11/2023 0:29,15679.5,15681.5,15679.5,15681.25,32,0,15688.61793
4/11/2023 0:30,15681.5,15682,15681,15681.5,32,0,15688.60829
4/11/2023 0:31,15681.75,15683.5,15681.75,15682.75,43,0,15688.59751
4/11/2023 0:32,15682.75,15683.25,15682.25,15683,42,0,15688.58731
4/11/2023 0:33,15682.75,15682.75,15681.25,15681.25,17,0,15688.58242
4/11/2023 0:34,15681,15681,15680.25,15680.25,39,0,15688.56917
4/11/2023 0:35,15680.75,15682.5,15680.75,15682,21,0,15688.56315
4/11/2023 0:36,15682,15682.25,15680.75,15680.75,33,0,15688.55303
4/11/2023 0:37,15680.5,15680.5,15679.5,15680,20,0,15688.54587
4/11/2023 0:38,15680,15680,15678,15679,52,0,15688.52511
4/11/2023 0:39,15679,15680.25,15678.25,15680.25,29,0,15688.51428
4/11/2023 0:40,15680.25,15680.75,15679.75,15680.25,33,0,15688.50291
4/11/2023 0:41,15680.5,15681.25,15680.25,15680.25,16,0,15688.49763
4/11/2023 0:42,15681.25,15682.25,15681,15682.25,15,0,15688.49346
4/11/2023 0:43,15682.25,15682.5,15681.25,15681.5,18,0,15688.48841
4/11/2023 0:44,15681.5,15682,15680.5,15680.5,16,0,15688.48343
4/11/2023 0:45,15680.25,15681.75,15680.25,15681.75,13,0,15688.47952
4/11/2023 0:46,15681.5,15682.5,15681.25,15681.25,19,0,15688.47414
4/11/2023 0:47,15681.25,15682.25,15680.75,15681,17,0,15688.46911
4/11/2023 0:48,15680.5,15680.5,15676.25,15676.5,139,0,15688.40762
4/11/2023 0:49,15676.75,15677.5,15676,15676,38,0,15688.38897
4/11/2023 0:50,15676.75,15677,15674.75,15674.75,50,0,15688.36248
4/11/2023 0:51,15675,15676.25,15675,15675.25,53,0,15688.33451
4/11/2023 0:52,15675,15675.75,15674.5,15675.75,42,0,15688.31214
4/11/2023 0:53,15676,15676.25,15675.75,15675.75,20,0,15688.302
4/11/2023 0:54,15675.5,15675.5,15671.75,15673.75,109,0,15688.237
4/11/2023 0:55,15673.5,15673.5,15672.25,15672.5,32,0,15688.21683
4/11/2023 0:56,15672.5,15673.75,15672.25,15672.75,53,0,15688.18391
4/11/2023 0:57,15673,15675.25,15673,15674.75,37,0,15688.16313
4/11/2023 0:58,15674.75,15675,15673.75,15674.5,38,0,15688.14199
4/11/2023 0:59,15674.75,15674.75,15672.5,15673,27,0,15688.12591
4/11/2023 1:00,15672.75,15673.5,15670.75,15671.25,97,0,15688.06226
4/11/2023 1:01,15671.25,15674,15671.25,15674,91,0,15688.00756
4/11/2023 1:02,15674.5,15675.25,15672.75,15672.75,58,0,15687.97406
4/11/2023 1:03,15672.25,15673,15671.75,15673,30,0,15687.9556
4/11/2023 1:04,15672.5,15673,15671.5,15673,48,0,15687.92599
4/11/2023 1:05,15673,15673.25,15671.25,15673.25,48,0,15687.89665
4/11/2023 1:06,15673.5,15673.5,15671.25,15672,48,0,15687.86679
4/11/2023 1:07,15671.75,15673.75,15671.5,15673.75,53,0,15687.83553
4/11/2023 1:08,15674,15674,15670.75,15671,66,0,15687.79395
4/11/2023 1:09,15671,15671.25,15669.25,15670.5,97,0,15687.72718
4/11/2023 1:10,15670.5,15671.75,15669.75,15671.5,43,0,15687.69888
4/11/2023 1:11,15671.75,15672.5,15671.5,15672.5,52,0,15687.66716
4/11/2023 1:12,15671.75,15673,15670.5,15672.25,58,0,15687.63136
4/11/2023 1:13,15672.5,15674.75,15672.25,15673.75,65,0,15687.59567
4/11/2023 1:14,15674,15675.5,15674,15675.5,45,0,15687.57356
4/11/2023 1:15,15675.5,15677,15674.75,15676.5,61,0,15687.54627
4/11/2023 1:16,15676.75,15677.75,15676.5,15676.5,49,0,15687.52604
4/11/2023 1:17,15676.5,15676.75,15675.5,15676.25,28,0,15687.5137
4/11/2023 1:18,15676.25,15676.75,15675.25,15676,30,0,15687.50031
4/11/2023 1:19,15676.25,15676.5,15675.75,15675.75,35,0,15687.48473
4/11/2023 1:20,15676,15677.25,15675.25,15676.5,35,0,15687.46964
4/11/2023 1:21,15676.5,15676.5,15675,15675.25,23,0,15687.45908
4/11/2023 1:22,15675.5,15677,15675,15677,19,0,15687.45092
4/11/2023 1:23,15677.5,15679.25,15676.5,15677.75,123,0,15687.40548
4/11/2023 1:24,15677.75,15677.75,15677.25,15677.5,27,0,15687.39522
4/11/2023 1:25,15677.75,15678.25,15676.75,15678,69,0,15687.36953
4/11/2023 1:26,15678.25,15679,15677.25,15677.75,46,0,15687.35306
4/11/2023 1:27,15677.75,15678.25,15676,15676.5,37,0,15687.33833
4/11/2023 1:28,15676.5,15676.5,15675.25,15675.5,30,0,15687.32508
4/11/2023 1:29,15676,15677.5,15674.75,15675.75,59,0,15687.29967
4/11/2023 1:30,15675.75,15676.75,15675.25,15676.5,32,0,15687.28615
4/11/2023 1:31,15676.5,15679.75,15676.5,15678.5,58,0,15687.26629
4/11/2023 1:32,15678.75,15680,15678.5,15680,83,0,15687.24194
4/11/2023 1:33,15680.25,15680.25,15679,15679.75,28,0,15687.23394
4/11/2023 1:34,15679.5,15679.5,15677.5,15679,83,0,15687.20719
4/11/2023 1:35,15679.25,15679.5,15678.25,15678.5,40,0,15687.19448
4/11/2023 1:36,15678.25,15678.5,15676.75,15678.5,43,0,15687.17952
4/11/2023 1:37,15679,15679.5,15678.5,15679.25,17,0,15687.17436
4/11/2023 1:38,15678.75,15679.5,15678.75,15679,18,0,15687.16891
4/11/2023 1:39,15679.75,15680.5,15678.75,15679.25,31,0,15687.16002
4/11/2023 1:40,15679.25,15681.25,15679.25,15680.75,29,0,15687.15271
4/11/2023 1:41,15680.5,15681,15679.5,15680.25,36,0,15687.14344
4/11/2023 1:42,15680.5,15681,15680.25,15680.5,19,0,15687.13879
4/11/2023 1:43,15680.25,15682.25,15679.25,15681.75,91,0,15687.11831
4/11/2023 1:44,15682.25,15684.25,15682.25,15683.25,118,0,15687.10142
4/11/2023 1:45,15683.75,15685.25,15683.75,15684.25,88,0,15687.09271
4/11/2023 1:46,15684,15685,15683.25,15684.25,58,0,15687.08646
4/11/2023 1:47,15684.75,15684.75,15683,15683,43,0,15687.08093
4/11/2023 1:48,15682.75,15683.75,15682,15683.75,21,0,15687.07791
4/11/2023 1:49,15683,15685.75,15683,15685.5,49,0,15687.07373
4/11/2023 1:50,15685.5,15686.5,15684.5,15686.5,53,0,15687.07133
4/11/2023 1:51,15686.5,15688.25,15684.75,15686.25,144,0,15687.0679
4/11/2023 1:52,15685.75,15690,15685,15688.25,135,0,15687.07123
4/11/2023 1:53,15688,15689.25,15687,15687,39,0,15687.07219
4/11/2023 1:54,15686.5,15687.75,15685.25,15686.75,35,0,15687.07157
4/11/2023 1:55,15686,15687,15684.75,15685.25,46,0,15687.06924
4/11/2023 1:56,15685.5,15687.25,15685.5,15686.25,49,0,15687.06794
4/11/2023 1:57,15685.75,15688.5,15685.25,15687.75,52,0,15687.06813
4/11/2023 1:58,15687.75,15688.75,15687.5,15688,39,0,15687.06955
4/11/2023 1:59,15688.25,15689,15686.5,15687.5,57,0,15687.07077
4/11/2023 2:00,15687.25,15687.5,15684.75,15686,52,0,15687.06893
4/11/2023 2:01,15686.25,15687.5,15684.25,15684.5,95,0,15687.06334
4/11/2023 2:02,15685,15687.25,15684.75,15685,116,0,15687.0576
4/11/2023 2:03,15685.75,15686.5,15683.5,15683.75,68,0,15687.05164
4/11/2023 2:04,15684,15686.75,15683.75,15684.75,87,0,15687.0456
4/11/2023 2:05,15684.75,15685.75,15683.25,15684.75,55,0,15687.04084
4/11/2023 2:06,15684.75,15689,15683.75,15688.5,93,0,15687.04098
4/11/2023 2:07,15688.5,15690.25,15687.25,15689,221,0,15687.05477
4/11/2023 2:08,15689.25,15692.5,15687.25,15691,168,0,15687.07335
4/11/2023 2:09,15691,15692.75,15689.25,15689.75,126,0,15687.08859
4/11/2023 2:10,15690,15692.25,15689,15691,72,0,15687.09765
4/11/2023 2:11,15691.5,15691.75,15689.25,15689.75,55,0,15687.1036
4/11/2023 2:12,15689.75,15693,15689.75,15692,63,0,15687.11326
4/11/2023 2:13,15691.75,15693.25,15691,15693,63,0,15687.12468
4/11/2023 2:14,15692.5,15692.5,15690.5,15690.75,41,0,15687.13045
4/11/2023 2:15,15690.25,15693.25,15690.25,15693,45,0,15687.13817
4/11/2023 2:16,15692.75,15696.25,15692.25,15695.5,165,0,15687.18025
4/11/2023 2:17,15695.25,15696,15694.5,15695,39,0,15687.19079
4/11/2023 2:18,15695.5,15698.25,15695.5,15696.5,126,0,15687.23136
4/11/2023 2:19,15696.5,15696.5,15692.75,15693.75,80,0,15687.25045
4/11/2023 2:20,15693.75,15694.75,15692.5,15693,117,0,15687.27459
4/11/2023 2:21,15693.5,15693.5,15691.75,15692.75,101,0,15687.29276
4/11/2023 2:22,15692.75,15693,15691,15691.75,46,0,15687.29984
4/11/2023 2:23,15692.25,15694.75,15691.5,15694.25,53,0,15687.31076
4/11/2023 2:24,15694.75,15696,15694.75,15695.25,56,0,15687.32567
4/11/2023 2:25,15695,15695.5,15693,15693,34,0,15687.333
4/11/2023 2:26,15693,15693.25,15691.5,15692.5,65,0,15687.34393
4/11/2023 2:27,15692.25,15692.75,15690.75,15691.5,52,0,15687.35135
4/11/2023 2:28,15691.25,15692.5,15691.25,15692.5,47,0,15687.35869
4/11/2023 2:29,15692.75,15693.5,15692.5,15693.25,53,0,15687.36867
4/11/2023 2:30,15693.25,15693.25,15690.75,15690.75,26,0,15687.37227
4/11/2023 2:31,15690.5,15692.75,15689.75,15692.5,59,0,15687.38059
4/11/2023 2:32,15692.25,15694,15691,15694,41,0,15687.38814
4/11/2023 2:33,15693.75,15693.75,15691.5,15691.5,36,0,15687.39387
4/11/2023 2:34,15691.25,15692.5,15690.75,15692.25,18,0,15687.39648
4/11/2023 2:35,15692,15693.75,15691,15691,43,0,15687.40283
4/11/2023 2:36,15691.5,15691.5,15690.25,15690.25,32,0,15687.40624
4/11/2023 2:37,15690,15691,15689.75,15690.25,34,0,15687.40948
4/11/2023 2:38,15690.25,15690.25,15688.25,15689.75,35,0,15687.41177
4/11/2023 2:39,15690,15690.75,15690,15690.75,23,0,15687.41408
4/11/2023 2:40,15690.25,15692,15690,15690,27,0,15687.41693
4/11/2023 2:41,15690.25,15690.75,15689.5,15689.75,18,0,15687.41845
4/11/2023 2:42,15690,15692,15689.75,15691.75,22,0,15687.42112
4/11/2023 2:43,15692,15693.75,15691.25,15692.75,117,0,15687.44066
4/11/2023 2:44,15692.25,15692.75,15692,15692.75,13,0,15687.44278
4/11/2023 2:45,15692.25,15692.75,15691,15691.25,55,0,15687.45028
4/11/2023 2:46,15690.5,15691.25,15689.75,15690,25,0,15687.4526
4/11/2023 2:47,15690.25,15690.25,15688.25,15688.75,34,0,15687.45439
4/11/2023 2:48,15689.25,15689.25,15682.25,15684.5,221,0,15687.4394
4/11/2023 2:49,15684.75,15686.5,15683.75,15686.25,53,0,15687.43612
4/11/2023 2:50,15686.25,15686.75,15685,15685,33,0,15687.43417
4/11/2023 2:51,15684.75,15686,15683.75,15686,62,0,15687.42986
4/11/2023 2:52,15685.75,15686.25,15685,15685,15,0,15687.42889
4/11/2023 2:53,15685.5,15686.25,15685,15685.75,38,0,15687.42677
4/11/2023 2:54,15685.75,15688.25,15685.75,15687.5,54,0,15687.42632
4/11/2023 2:55,15687.25,15688.5,15686.75,15687,38,0,15687.42631
4/11/2023 2:56,15687.25,15687.5,15685.75,15687,51,0,15687.42522
4/11/2023 2:57,15687,15689.5,15687,15688.75,49,0,15687.42675
4/11/2023 2:58,15689,15689,15687,15687.5,39,0,15687.42725
4/11/2023 2:59,15687.5,15688.25,15685.25,15685.75,46,0,15687.42579
4/11/2023 3:00,15685.25,15686.25,15683,15683.75,85,0,15687.41753
4/11/2023 3:01,15684.25,15689.5,15681.5,15687.25,351,0,15687.40298
4/11/2023 3:02,15687.25,15689.75,15687,15687.75,138,0,15687.40624
4/11/2023 3:03,15687.75,15694,15686.75,15693.75,219,0,15687.43379
4/11/2023 3:04,15694.25,15694.75,15691.5,15693.5,166,0,15687.46331
4/11/2023 3:05,15693.75,15693.75,15690.25,15692,127,0,15687.48086
4/11/2023 3:06,15692,15692,15685,15685,161,0,15687.48014
4/11/2023 3:07,15685.25,15686,15677,15680,404,0,15687.40175
4/11/2023 3:08,15680,15684.75,15679.75,15682,250,0,15687.36286
4/11/2023 3:09,15681.25,15685.5,15680.25,15682.5,154,0,15687.34184
4/11/2023 3:10,15682.5,15687.5,15682,15686.75,195,0,15687.3308
4/11/2023 3:11,15686.25,15690.25,15686.25,15688.25,142,0,15687.33462
4/11/2023 3:12,15689,15689.75,15685,15686.5,120,0,15687.33374
4/11/2023 3:13,15685.75,15688.75,15684.5,15684.5,71,0,15687.33081
4/11/2023 3:14,15685,15686.25,15683.5,15683.5,63,0,15687.32547
4/11/2023 3:15,15683.5,15684.25,15681.25,15681.75,148,0,15687.30444
4/11/2023 3:16,15682.25,15685.25,15682,15684.5,153,0,15687.2895
4/11/2023 3:17,15685,15687.25,15683.75,15684.25,57,0,15687.28588
4/11/2023 3:18,15684.75,15684.75,15680.75,15681,71,0,15687.27544
4/11/2023 3:19,15681.75,15682,15679,15681.5,123,0,15687.25276
4/11/2023 3:20,15681.75,15681.75,15677,15677.75,146,0,15687.21773
4/11/2023 3:21,15678,15681.25,15677.25,15680,101,0,15687.19558
4/11/2023 3:22,15681,15682.25,15680,15682.25,77,0,15687.18315
4/11/2023 3:23,15682.25,15686.25,15682.25,15685.5,152,0,15687.17235
4/11/2023 3:24,15685.25,15687.75,15683.5,15685.25,115,0,15687.16694
4/11/2023 3:25,15685,15689,15684.75,15689,112,0,15687.16824
4/11/2023 3:26,15689,15694.75,15689,15693,249,0,15687.2035
4/11/2023 3:27,15692.5,15698,15691.25,15697.75,213,0,15687.25342
4/11/2023 3:28,15698.25,15698.25,15692,15693.75,222,0,15687.29872
4/11/2023 3:29,15694.25,15695.25,15691.75,15692.25,100,0,15687.31459
4/11/2023 3:30,15692.75,15695.5,15690.5,15695.5,165,0,15687.34399
4/11/2023 3:31,15695.25,15701.75,15694.5,15700.5,460,0,15687.48764
4/11/2023 3:32,15700.75,15704.5,15699.25,15700.5,301,0,15687.59988
4/11/2023 3:33,15700.25,15701.75,15697.75,15700.5,152,0,15687.65013
4/11/2023 3:34,15700.75,15701.25,15699,15700.75,107,0,15687.6862
4/11/2023 3:35,15700.75,15701.75,15696.75,15698,117,0,15687.72077
4/11/2023 3:36,15698,15698.75,15693.75,15694.25,131,0,15687.74797
4/11/2023 3:37,15694.75,15695.5,15692.25,15694.75,94,0,15687.76387
4/11/2023 3:38,15695.5,15698,15693.75,15694.5,94,0,15687.78277
4/11/2023 3:39,15695,15695,15692.25,15693.5,55,0,15687.79114
4/11/2023 3:40,15693,15693.25,15690,15691.25,175,0,15687.8081
4/11/2023 3:41,15691,15691.75,15688,15691.5,135,0,15687.81726
4/11/2023 3:42,15691.5,15692.5,15689,15689.75,147,0,15687.82717
4/11/2023 3:43,15689.25,15689.25,15685.75,15687.25,209,0,15687.82496
4/11/2023 3:44,15687.75,15690.75,15686.25,15689.25,110,0,15687.82758
4/11/2023 3:45,15690.5,15691.25,15687.25,15689.75,115,0,15687.83226
4/11/2023 3:46,15689.75,15692.75,15689.5,15690.75,111,0,15687.84125
4/11/2023 3:47,15690.5,15692.75,15689.75,15692.5,44,0,15687.84555
4/11/2023 3:48,15692.25,15694.25,15691.75,15692.25,97,0,15687.85767
4/11/2023 3:49,15691.5,15693,15689,15689.5,172,0,15687.8692
4/11/2023 3:50,15690,15691.75,15688.75,15689,71,0,15687.87273
4/11/2023 3:51,15689,15692.5,15688.75,15692,89,0,15687.87995
4/11/2023 3:52,15691.25,15691.75,15689.5,15689.75,29,0,15687.88175
4/11/2023 3:53,15689.75,15690.75,15688.25,15690.75,52,0,15687.88442
4/11/2023 3:54,15690.5,15692.5,15689.75,15691,53,0,15687.88868
4/11/2023 3:55,15691,15692.75,15690.75,15690.75,76,0,15687.89542
4/11/2023 3:56,15690.75,15692.5,15689.5,15692.25,93,0,15687.90363
4/11/2023 3:57,15692.25,15693,15688.75,15688.75,93,0,15687.9089
4/11/2023 3:58,15689.25,15690.75,15687.5,15690.75,54,0,15687.91127
4/11/2023 3:59,15692,15694,15691.5,15692.75,79,0,15687.9208
4/11/2023 4:00,15692.5,15692.5,15688.5,15690.25,69,0,15687.92509
4/11/2023 4:01,15690.25,15692.5,15688.75,15691,118,0,15687.93336
4/11/2023 4:02,15691.5,15692.75,15690.25,15692.75,60,0,15687.93928
4/11/2023 4:03,15692,15693.25,15691.5,15693,52,0,15687.94525
4/11/2023 4:04,15692.5,15699.75,15692.5,15698.75,192,0,15687.98807
4/11/2023 4:05,15699.25,15701.5,15699,15701.25,164,0,15688.03874
4/11/2023 4:06,15701.25,15702.25,15698.75,15700,137,0,15688.07992
4/11/2023 4:07,15700.25,15700.75,15698,15698,99,0,15688.10609
4/11/2023 4:08,15698.25,15701,15698.25,15700.5,124,0,15688.1417
4/11/2023 4:09,15700.25,15700.25,15697,15699.75,125,0,15688.1746
4/11/2023 4:10,15700,15701.75,15699.5,15699.75,102,0,15688.20459
4/11/2023 4:11,15700.5,15702.25,15700.25,15702.25,66,0,15688.22591
4/11/2023 4:12,15702.5,15703.75,15701.25,15702.25,92,0,15688.25736
4/11/2023 4:13,15701.5,15705,15700.5,15705,134,0,15688.30641
4/11/2023 4:14,15705.25,15712.5,15702.75,15711.25,473,0,15688.53693
4/11/2023 4:15,15711.5,15711.5,15706.25,15706.75,214,0,15688.63617
4/11/2023 4:16,15706.25,15708,15704,15707.75,141,0,15688.69575
4/11/2023 4:17,15707.25,15708.75,15707,15708.25,69,0,15688.72706
4/11/2023 4:18,15708.75,15710.5,15708.25,15710.25,72,0,15688.76244
4/11/2023 4:19,15710.5,15711,15708.25,15709.25,105,0,15688.81341
4/11/2023 4:20,15709.25,15709.25,15706.5,15706.75,136,0,15688.87271
4/11/2023 4:21,15706.75,15708.5,15706.5,15708.5,66,0,15688.90186
4/11/2023 4:22,15708.75,15709.25,15706.75,15706.75,59,0,15688.92751
4/11/2023 4:23,15706.75,15706.75,15705.5,15706.75,55,0,15688.94975
4/11/2023 4:24,15707,15707.5,15705,15705.5,59,0,15688.9731
4/11/2023 4:25,15705.25,15706.5,15705.25,15705.5,41,0,15688.98904
4/11/2023 4:26,15705.25,15705.25,15701.25,15702.25,139,0,15689.03378
4/11/2023 4:27,15702.75,15702.75,15700.25,15700.75,118,0,15689.067
4/11/2023 4:28,15700.75,15704.5,15700.75,15704.25,63,0,15689.08744
4/11/2023 4:29,15704.5,15704.75,15703,15703.5,73,0,15689.11203
4/11/2023 4:30,15703.5,15703.5,15700.75,15701.25,50,0,15689.12663
4/11/2023 4:31,15700.75,15704.75,15700.25,15704.5,84,0,15689.15364
4/11/2023 4:32,15704.25,15705.75,15704,15705.75,72,0,15689.18
4/11/2023 4:33,15705.5,15705.5,15704.25,15705.25,22,0,15689.18796
4/11/2023 4:34,15705.25,15706.25,15704.5,15704.5,31,0,15689.19921
4/11/2023 4:35,15705,15705.25,15704.25,15704.25,35,0,15689.2115
4/11/2023 4:36,15704.5,15704.5,15703.5,15704.25,37,0,15689.22404
4/11/2023 4:37,15704,15706.25,15703.25,15706,97,0,15689.25923
4/11/2023 4:38,15706.25,15707,15705.5,15706.75,94,0,15689.29584
4/11/2023 4:39,15706.75,15707.25,15704.75,15705.25,55,0,15689.31636
4/11/2023 4:40,15705.25,15706.75,15704,15704.25,43,0,15689.33163
4/11/2023 4:41,15704.5,15705.75,15704.5,15705.25,22,0,15689.33952
4/11/2023 4:42,15705.5,15706,15702.5,15704,76,0,15689.36499
4/11/2023 4:43,15704,15704,15701.75,15702.25,37,0,15689.3761
4/11/2023 4:44,15701.75,15702,15700.75,15701.75,46,0,15689.38868
4/11/2023 4:45,15701.75,15701.75,15699.75,15700.5,52,0,15689.4019
4/11/2023 4:46,15700.75,15702.75,15700.75,15702,59,0,15689.4184
4/11/2023 4:47,15701.75,15703.25,15701,15701.5,69,0,15689.43778
4/11/2023 4:48,15701.75,15703.5,15701.5,15702.5,54,0,15689.45361
4/11/2023 4:49,15702.25,15707.5,15701.25,15707,124,0,15689.49744
4/11/2023 4:50,15707,15707,15703.75,15704,54,0,15689.51605
4/11/2023 4:51,15704.25,15706.5,15703.5,15706.5,63,0,15689.53852
4/11/2023 4:52,15706.25,15707,15705,15706.5,72,0,15689.5652
4/11/2023 4:53,15706.5,15708.5,15705.25,15707.5,139,0,15689.6193
4/11/2023 4:54,15708,15708.25,15707,15708.25,67,0,15689.64636
4/11/2023 4:55,15708.25,15708.5,15707.25,15707.5,54,0,15689.66802
4/11/2023 4:56,15707.25,15708.75,15706.75,15707.25,105,0,15689.7096
4/11/2023 4:57,15707,15709.75,15707,15709.5,90,0,15689.74741
4/11/2023 4:58,15710,15711.5,15709.75,15711.25,107,0,15689.79706
4/11/2023 4:59,15711.75,15715.75,15711.5,15714.25,450,0,15690.03277
4/11/2023 5:00,15714,15715.5,15714,15715.25,92,0,15690.08256
4/11/2023 5:01,15715,15718.25,15713.5,15716.25,258,0,15690.22718
4/11/2023 5:02,15716.25,15716.75,15714.75,15715.5,125,0,15690.29576
4/11/2023 5:03,15715,15720.75,15715,15718.25,354,0,15690.50569
4/11/2023 5:04,15718.75,15722,15718.75,15721,181,0,15690.62178
4/11/2023 5:05,15720.75,15722.25,15718.5,15719,171,0,15690.7282
4/11/2023 5:06,15718.75,15724,15717.75,15721,286,0,15690.91053
4/11/2023 5:07,15720.75,15722,15719.5,15720.25,97,0,15690.97118
4/11/2023 5:08,15720.25,15721.75,15719.75,15721,42,0,15690.99759
4/11/2023 5:09,15721,15722,15720,15721.5,109,0,15691.06667
4/11/2023 5:10,15721.75,15721.75,15717.25,15718.25,118,0,15691.13595
4/11/2023 5:11,15717.75,15720.25,15717.75,15719.5,70,0,15691.17701
4/11/2023 5:12,15719.75,15720,15717.75,15718.75,72,0,15691.21861
4/11/2023 5:13,15718.75,15718.75,15717.25,15717.5,50,0,15691.24638
4/11/2023 5:14,15717.25,15717.5,15715.75,15717.5,63,0,15691.28009
4/11/2023 5:15,15717.5,15718.75,15715.75,15715.75,68,0,15691.31614
4/11/2023 5:16,15716.25,15717.75,15715,15717.75,58,0,15691.34691
4/11/2023 5:17,15717.75,15720.75,15717.5,15720.75,71,0,15691.38865
4/11/2023 5:18,15720.5,15723.5,15720.5,15723.5,84,0,15691.4428
4/11/2023 5:19,15723.5,15724.25,15721,15723.25,179,0,15691.55881
4/11/2023 5:20,15722.75,15724,15721.25,15721.5,86,0,15691.61321
4/11/2023 5:21,15721.75,15721.75,15718.5,15719.75,85,0,15691.66285
4/11/2023 5:22,15720.5,15720.5,15718.75,15719.75,38,0,15691.68472
4/11/2023 5:23,15720.25,15720.25,15717.25,15717.75,38,0,15691.70559
4/11/2023 5:24,15717.75,15718.25,15716,15716.5,66,0,15691.73972
4/11/2023 5:25,15716.75,15720.75,15716.75,15720.75,61,0,15691.77431
4/11/2023 5:26,15720.75,15721.5,15718.25,15721.5,46,0,15691.80128
4/11/2023 5:27,15721.75,15722.75,15721.25,15721.5,71,0,15691.84486
4/11/2023 5:28,15721.75,15723,15721.75,15723,61,0,15691.88313
4/11/2023 5:29,15722.5,15722.5,15720.75,15721,39,0,15691.90663
4/11/2023 5:30,15721,15721.5,15718.5,15718.75,70,0,15691.94609
4/11/2023 5:31,15718.75,15720,15718.25,15719.75,68,0,15691.98397
4/11/2023 5:32,15719.75,15720.25,15718.5,15719.75,33,0,15692.00242
4/11/2023 5:33,15720,15720.25,15718.75,15719.25,39,0,15692.02414
4/11/2023 5:34,15719.5,15720.75,15719.25,15720.75,75,0,15692.06707
4/11/2023 5:35,15721,15722,15719.25,15720.25,70,0,15692.10737
4/11/2023 5:36,15719.25,15721.5,15718.25,15721,43,0,15692.13186
4/11/2023 5:37,15720.75,15721.75,15717.5,15718.25,64,0,15692.16682
4/11/2023 5:38,15718,15719.25,15718,15718.25,23,0,15692.17905
4/11/2023 5:39,15718,15719.25,15717.75,15719.25,49,0,15692.20532
4/11/2023 5:40,15718.75,15720.5,15718,15720.25,72,0,15692.24504
4/11/2023 5:41,15720.25,15729.5,15720.25,15725.25,798,0,15692.76334
4/11/2023 5:42,15725.25,15725.25,15721.75,15723.5,127,0,15692.84055
4/11/2023 5:43,15723.75,15723.75,15721.75,15723.25,100,0,15692.89992
4/11/2023 5:44,15723.25,15725.75,15723.25,15724.5,104,0,15692.96466
4/11/2023 5:45,15724.5,15724.5,15721.25,15721.75,83,0,15693.01287
4/11/2023 5:46,15722,15722.25,15720.25,15720.75,120,0,15693.07897
4/11/2023 5:47,15720.5,15722.75,15720.25,15721.75,105,0,15693.13757
4/11/2023 5:48,15721.25,15722.5,15720.25,15720.25,60,0,15693.17027
4/11/2023 5:49,15721,15721.25,15719.25,15719.75,57,0,15693.20024
4/11/2023 5:50,15719.75,15720.5,15719.5,15720.25,77,0,15693.24062
4/11/2023 5:51,15720.25,15721.5,15719.5,15719.75,56,0,15693.27009
4/11/2023 5:52,15719.75,15720.5,15718,15720.5,106,0,15693.3245
4/11/2023 5:53,15720.75,15723.75,15720.25,15723,125,0,15693.39484
4/11/2023 5:54,15723,15725.5,15722.5,15725.5,130,0,15693.47308
4/11/2023 5:55,15725.75,15726.5,15724.25,15725.5,89,0,15693.528
4/11/2023 5:56,15725.25,15728.5,15725.25,15727.5,136,0,15693.61592
4/11/2023 5:57,15727.25,15730.5,15726.75,15728.5,266,0,15693.7942
4/11/2023 5:58,15728.25,15730.75,15728.25,15730,139,0,15693.88952
4/11/2023 5:59,15730.5,15733.25,15729.5,15732,181,0,15694.01949
4/11/2023 6:00,15731.75,15732.25,15730.5,15732.25,106,0,15694.09536
4/11/2023 6:01,15732.75,15733.5,15729.25,15729.75,158,0,15694.20539
4/11/2023 6:02,15730.25,15730.75,15729,15729.5,84,0,15694.26189
4/11/2023 6:03,15729.25,15731.5,15728.5,15731,68,0,15694.30826
4/11/2023 6:04,15731,15731.25,15729.75,15731,87,0,15694.36794
4/11/2023 6:05,15731,15731.25,15728,15728.75,75,0,15694.41736
4/11/2023 6:06,15728.5,15728.5,15724.75,15727,113,0,15694.48606
4/11/2023 6:07,15727.25,15727.25,15726,15727.25,40,0,15694.51037
4/11/2023 6:08,15727.25,15729,15726.75,15728.75,51,0,15694.54259
4/11/2023 6:09,15729,15729.25,15726,15727,69,0,15694.58511
4/11/2023 6:10,15727.5,15729,15727,15728.25,22,0,15694.59892
4/11/2023 6:11,15728.25,15728.25,15727.25,15727.25,31,0,15694.61807
4/11/2023 6:12,15727.75,15727.75,15726.25,15726.75,77,0,15694.66458
4/11/2023 6:13,15726.75,15726.75,15723.5,15723.75,124,0,15694.73399
4/11/2023 6:14,15723.75,15729.5,15721.5,15726.75,398,0,15694.96384
4/11/2023 6:15,15727,15733.25,15726.5,15730.75,254,0,15695.12866
4/11/2023 6:16,15730.75,15731.5,15729.5,15731.25,69,0,15695.17391
4/11/2023 6:17,15731.5,15731.75,15730,15730.5,59,0,15695.21251
4/11/2023 6:18,15730.5,15732,15730,15730.5,69,0,15695.25766
4/11/2023 6:19,15731,15731,15728.75,15729.25,52,0,15695.29049
4/11/2023 6:20,15729.5,15729.5,15726.75,15727.25,50,0,15695.32032
4/11/2023 6:21,15727.5,15731.75,15727.25,15730,181,0,15695.43391
4/11/2023 6:22,15730.5,15730.75,15728.5,15729.75,36,0,15695.45641
4/11/2023 6:23,15730.25,15730.25,15725.5,15725.75,93,0,15695.51017
4/11/2023 6:24,15726,15726.25,15723,15723.25,81,0,15695.55242
4/11/2023 6:25,15723.75,15729.25,15723.75,15728.5,296,0,15695.72184
4/11/2023 6:26,15728,15729.5,15725.75,15726,87,0,15695.77116
4/11/2023 6:27,15726.25,15727.5,15725.5,15725.5,47,0,15695.79696
4/11/2023 6:28,15725.25,15726,15724.25,15725.25,56,0,15695.82663
4/11/2023 6:29,15725.75,15726.5,15724.5,15726,43,0,15695.84976
4/11/2023 6:30,15725.5,15727,15725.5,15727,54,0,15695.87957
4/11/2023 6:31,15727,15727.25,15724.5,15724.5,72,0,15695.91783
4/11/2023 6:32,15725,15725,15721,15722.5,187,0,15696.00806
4/11/2023 6:33,15722.25,15723.75,15721.25,15721.75,67,0,15696.03954
4/11/2023 6:34,15721.5,15722.5,15717.25,15717.25,181,0,15696.11371
4/11/2023 6:35,15717,15717.25,15714,15716.75,212,0,15696.18868
4/11/2023 6:36,15717.25,15718.25,15713,15713.25,210,0,15696.25803
4/11/2023 6:37,15713.5,15713.75,15710,15712,361,0,15696.35753
4/11/2023 6:38,15711.5,15712.5,15710.75,15711.25,87,0,15696.38069
4/11/2023 6:39,15711.5,15711.75,15710.25,15711,69,0,15696.39839
4/11/2023 6:40,15711.25,15713,15710,15710.5,164,0,15696.44079
4/11/2023 6:41,15711,15711.5,15708.25,15711.5,165,0,15696.48103
4/11/2023 6:42,15711.75,15711.75,15707.5,15708.75,148,0,15696.51415
4/11/2023 6:43,15708.75,15710,15708.5,15709,56,0,15696.52647
4/11/2023 6:44,15709.5,15711.5,15709.25,15710.25,60,0,15696.54086
4/11/2023 6:45,15710.75,15710.75,15709.25,15709.25,76,0,15696.55828
4/11/2023 6:46,15709,15709.25,15707,15707,99,0,15696.57747
4/11/2023 6:47,15706.75,15708.75,15706.75,15707.75,116,0,15696.59987
4/11/2023 6:48,15707.5,15708.75,15706.25,15706.5,96,0,15696.61738
4/11/2023 6:49,15706.25,15707.25,15704.75,15705,171,0,15696.644
4/11/2023 6:50,15705.25,15705.25,15701.5,15702.75,229,0,15696.6696
4/11/2023 6:51,15702.25,15704.5,15701.25,15701.75,122,0,15696.68177
4/11/2023 6:52,15701.75,15702.75,15699,15699.5,287,0,15696.70001
4/11/2023 6:53,15699.5,15702.5,15699.5,15701.25,137,0,15696.71021
4/11/2023 6:54,15701.75,15703.25,15700.75,15701.75,73,0,15696.71665
4/11/2023 6:55,15702.25,15705.5,15702,15705.25,157,0,15696.73666
4/11/2023 6:56,15704.5,15706.25,15702.25,15706,197,0,15696.76354
4/11/2023 6:57,15706.25,15708.25,15704.5,15707,168,0,15696.79128
4/11/2023 6:58,15707.5,15707.5,15706,15707.25,82,0,15696.80521
4/11/2023 6:59,15707,15707.75,15705.5,15705.5,70,0,15696.8163
4/11/2023 7:00,15705.25,15705.5,15703.25,15704.25,140,0,15696.8339
4/11/2023 7:01,15704,15708.25,15703.25,15706.75,180,0,15696.86167
4/11/2023 7:02,15706.75,15708,15705.5,15707,75,0,15696.87413
4/11/2023 7:03,15707,15707.5,15701.25,15701.25,171,0,15696.89247
4/11/2023 7:04,15701,15703,15700.5,15703,119,0,15696.90288
4/11/2023 7:05,15702.75,15702.75,15699,15699.25,149,0,15696.91133
4/11/2023 7:06,15699.25,15699.25,15690.25,15691,540,0,15696.88114
4/11/2023 7:07,15691.5,15691.5,15674.25,15678,976,0,15696.63504
4/11/2023 7:08,15677.75,15680.25,15671.5,15673,617,0,15696.421
4/11/2023 7:09,15672.5,15678,15672.5,15675,285,0,15696.32469
4/11/2023 7:10,15675.25,15676.5,15674,15675.5,131,0,15696.28106
4/11/2023 7:11,15674.75,15675.5,15670.5,15671,335,0,15696.15444
4/11/2023 7:12,15670.75,15671.75,15666.75,15671.25,375,0,15696.00006
4/11/2023 7:13,15670.5,15671.5,15668.75,15670,296,0,15695.88025
4/11/2023 7:14,15669.5,15671.75,15668,15668.5,313,0,15695.75152
4/11/2023 7:15,15668,15668,15661.5,15661.75,593,0,15695.45928
4/11/2023 7:16,15662.25,15667.75,15661.5,15667.75,325,0,15695.31091
4/11/2023 7:17,15667,15668.5,15663,15663,222,0,15695.20758
4/11/2023 7:18,15663,15668,15662.75,15667.75,201,0,15695.11872
4/11/2023 7:19,15667.5,15670,15667.5,15669.75,180,0,15695.04756
4/11/2023 7:20,15669.5,15670.75,15667.5,15670.75,188,0,15694.97532
4/11/2023 7:21,15670.25,15673,15670.25,15671,266,0,15694.88083
4/11/2023 7:22,15670.75,15671.5,15667.75,15671,241,0,15694.79104
4/11/2023 7:23,15671.25,15673.75,15671.25,15673.5,150,0,15694.74167
4/11/2023 7:24,15673,15673.25,15670,15670,74,0,15694.71545
4/11/2023 7:25,15669.75,15670.75,15667.5,15669.75,127,0,15694.66728
4/11/2023 7:26,15670.25,15671.25,15666.75,15667,189,0,15694.5931
4/11/2023 7:27,15667.25,15671.25,15666.75,15669.75,108,0,15694.55238
4/11/2023 7:28,15669.5,15670.5,15668.5,15670.25,80,0,15694.52289
4/11/2023 7:29,15670.5,15671.25,15667.75,15669.25,135,0,15694.47262
4/11/2023 7:30,15669.25,15670.5,15658.25,15660.25,577,0,15694.20556
4/11/2023 7:31,15660.5,15668,15659.25,15667.25,291,0,15694.0804
4/11/2023 7:32,15667.25,15668.5,15663.25,15663.25,240,0,15693.97855
4/11/2023 7:33,15663.25,15666,15661,15665.75,187,0,15693.89765
4/11/2023 7:34,15666.25,15668.25,15662.5,15663,209,0,15693.80876
4/11/2023 7:35,15663.5,15664.25,15661.75,15663.75,84,0,15693.77157
4/11/2023 7:36,15664,15664.25,15660.5,15662.5,204,0,15693.67915
4/11/2023 7:37,15662.5,15662.5,15656,15657.75,324,0,15693.51641
4/11/2023 7:38,15657.25,15657.5,15651.75,15652.75,459,0,15693.25728
4/11/2023 7:39,15652.5,15654,15650.25,15651.75,322,0,15693.06836
4/11/2023 7:40,15651.75,15656.25,15651.25,15654,326,0,15692.8873
4/11/2023 7:41,15653.75,15657,15652.5,15657,224,0,15692.76913
4/11/2023 7:42,15656.5,15656.75,15653,15653.75,133,0,15692.69745
4/11/2023 7:43,15653.5,15654.25,15651.25,15651.75,140,0,15692.61818
4/11/2023 7:44,15651.5,15654.75,15650.5,15654.75,258,0,15692.47622
4/11/2023 7:45,15654.5,15657.5,15654.25,15657.5,154,0,15692.39862
4/11/2023 7:46,15657,15658,15655.25,15657.75,135,0,15692.33196
4/11/2023 7:47,15657.75,15663,15657.75,15662.5,237,0,15692.22899
4/11/2023 7:48,15662.75,15664.5,15656.25,15657.25,628,0,15691.94426
4/11/2023 7:49,15657.5,15661.5,15657.5,15658.5,86,0,15691.90545
4/11/2023 7:50,15658.25,15659.5,15651.25,15651.25,282,0,15691.75887
4/11/2023 7:51,15651.25,15656.25,15651.25,15655,164,0,15691.67451
4/11/2023 7:52,15655.5,15661,15655.5,15658.5,173,0,15691.59578
4/11/2023 7:53,15659,15661.75,15658,15661.25,111,0,15691.54848
4/11/2023 7:54,15661,15663.5,15660.25,15662.25,164,0,15691.48258
4/11/2023 7:55,15662.25,15665.5,15662.25,15664.75,147,0,15691.42808
4/11/2023 7:56,15664.75,15665.5,15663.75,15664,149,0,15691.37357
4/11/2023 7:57,15663.75,15665,15662.25,15664.75,176,0,15691.30847
4/11/2023 7:58,15664.75,15666.5,15662.75,15665.25,111,0,15691.26882
4/11/2023 7:59,15664.75,15664.75,15662,15663.25,114,0,15691.22592
4/11/2023 8:00,15663,15663,15660.25,15661,165,0,15691.1598
4/11/2023 8:01,15661,15662,15656.5,15660.25,300,0,15691.03298
4/11/2023 8:02,15660.5,15660.5,15655.5,15660.5,149,0,15690.96888
4/11/2023 8:03,15660.5,15664.25,15659.75,15661.5,138,0,15690.91526
4/11/2023 8:04,15661.25,15661.75,15660,15661,68,0,15690.88808
4/11/2023 8:05,15661,15661,15657.25,15659.25,162,0,15690.81976
4/11/2023 8:06,15659.25,15660,15658,15660,93,0,15690.78087
4/11/2023 8:07,15659.75,15662.25,15657.5,15662,152,0,15690.72004
4/11/2023 8:08,15661.5,15661.5,15658,15660.5,161,0,15690.65464
4/11/2023 8:09,15660.75,15662.75,15660,15661.25,113,0,15690.61089
4/11/2023 8:10,15661.75,15663.75,15659.75,15662.75,186,0,15690.54099
4/11/2023 8:11,15662.5,15665.25,15661.75,15665,334,0,15690.42474
4/11/2023 8:12,15664.5,15666.75,15663.5,15666,169,0,15690.36943
4/11/2023 8:13,15666.25,15669,15665.75,15667.5,261,0,15690.29131
4/11/2023 8:14,15667.5,15668.25,15665.25,15666.25,129,0,15690.2515
4/11/2023 8:15,15666.5,15667.25,15665,15666.5,114,0,15690.21593
4/11/2023 8:16,15666.75,15670.5,15666.5,15668.5,187,0,15690.16326
4/11/2023 8:17,15668.75,15669.25,15665.75,15666.75,97,0,15690.13448
4/11/2023 8:18,15666.75,15669.5,15665.75,15667.25,184,0,15690.08066
4/11/2023 8:19,15668.5,15669.75,15667,15667.5,100,0,15690.05228
4/11/2023 8:20,15667.75,15668.5,15666,15666.75,81,0,15690.02829
4/11/2023 8:21,15667,15668,15664,15665.5,155,0,15689.98005
4/11/2023 8:22,15665.5,15670.25,15664.25,15669.75,167,0,15689.9331
4/11/2023 8:23,15670,15674.5,15670,15674.25,341,0,15689.85894
4/11/2023 8:24,15673.75,15675,15672,15674.75,186,0,15689.82112
4/11/2023 8:25,15674.75,15675.25,15673,15673.75,185,0,15689.78389
4/11/2023 8:26,15673.25,15675.25,15672.75,15673.5,155,0,15689.7525
4/11/2023 8:27,15673,15674.25,15672,15672.25,118,0,15689.72719
4/11/2023 8:28,15672.25,15672.75,15670.5,15671.25,147,0,15689.69329
4/11/2023 8:29,15671.25,15673,15670,15670.25,151,0,15689.6578
4/11/2023 8:30,15669.75,15670,15666,15667.25,281,0,15689.58032
4/11/2023 8:31,15667.25,15673.5,15664.75,15672,485,0,15689.46204
4/11/2023 8:32,15672.25,15674.25,15670.75,15671.25,111,0,15689.43794
4/11/2023 8:33,15671.5,15672,15668.5,15668.5,124,0,15689.40737
4/11/2023 8:34,15668.5,15673,15668.5,15670.5,86,0,15689.38729
4/11/2023 8:35,15670,15672,15669.25,15670.25,112,0,15689.36097
4/11/2023 8:36,15670.5,15674.75,15670,15673.75,161,0,15689.32793
4/11/2023 8:37,15673.75,15677.5,15673.5,15675.75,347,0,15689.26897
4/11/2023 8:38,15675.75,15680,15674.25,15678.25,388,0,15689.21278
4/11/2023 8:39,15678.75,15678.75,15676,15677.5,157,0,15689.19004
4/11/2023 8:40,15677.5,15678.25,15674.75,15677,203,0,15689.1589
4/11/2023 8:41,15677.25,15679.5,15675.75,15679,196,0,15689.13237
4/11/2023 8:42,15678.75,15681.25,15678.25,15681.25,240,0,15689.10639
4/11/2023 8:43,15681,15681,15679.75,15680.75,86,0,15689.09738
4/11/2023 8:44,15680.25,15680.25,15676.5,15677.75,203,0,15689.07044
4/11/2023 8:45,15677.75,15681,15677.25,15679.25,189,0,15689.04777
4/11/2023 8:46,15679,15681,15678.75,15680.75,106,0,15689.03638
4/11/2023 8:47,15680.5,15681.5,15679.5,15680.5,175,0,15689.01834
4/11/2023 8:48,15680.75,15681.5,15680,15681,98,0,15689.00867
4/11/2023 8:49,15680.5,15680.5,15678.5,15680.25,109,0,15688.99652
4/11/2023 8:50,15680.25,15680.25,15675.25,15676,275,0,15688.95747
4/11/2023 8:51,15676.5,15677.5,15674,15676,268,0,15688.91538
4/11/2023 8:52,15676.25,15677,15675,15675,118,0,15688.8967
4/11/2023 8:53,15675.25,15676,15673.5,15675.5,245,0,15688.85614
4/11/2023 8:54,15675.5,15677,15674.75,15674.75,146,0,15688.83295
4/11/2023 8:55,15674.75,15675,15671.5,15672,232,0,15688.78893
4/11/2023 8:56,15671.75,15672.75,15668.5,15668.75,323,0,15688.71723
4/11/2023 8:57,15669.25,15669.25,15665,15667,360,0,15688.62561
4/11/2023 8:58,15667,15668.75,15666.75,15668.5,123,0,15688.59581
4/11/2023 8:59,15668.5,15668.75,15661,15662.25,345,0,15688.49653
4/11/2023 9:00,15661.75,15662,15659,15661.25,333,0,15688.38885
4/11/2023 9:01,15661,15664,15659.25,15663,244,0,15688.31425
4/11/2023 9:02,15662.75,15664.5,15662.5,15664,204,0,15688.25596
4/11/2023 9:03,15663.5,15663.75,15656.75,15657,390,0,15688.12502
4/11/2023 9:04,15657,15659.75,15656,15658.5,258,0,15688.03583
4/11/2023 9:05,15658.25,15660,15656.25,15659,218,0,15687.96171
4/11/2023 9:06,15658.5,15658.75,15653.75,15656.5,322,0,15687.84524
4/11/2023 9:07,15656.5,15657.5,15651.75,15654.5,347,0,15687.71376
4/11/2023 9:08,15654.25,15662.25,15652.75,15662.25,325,0,15687.60816
4/11/2023 9:09,15662,15664.75,15660,15660.5,461,0,15687.47357
4/11/2023 9:10,15660.5,15665.25,15660.5,15664.25,392,0,15687.36721
4/11/2023 9:11,15664.5,15669.75,15664,15669.25,335,0,15687.2933
4/11/2023 9:12,15670,15672.25,15669.75,15670.25,327,0,15687.23294
4/11/2023 9:13,15670.75,15672.25,15669.75,15671.75,214,0,15687.19487
4/11/2023 9:14,15672,15680,15672,15678,673,0,15687.11659
4/11/2023 9:15,15677.5,15681,15675.75,15680.5,565,0,15687.06676
4/11/2023 9:16,15681,15684.25,15680.75,15684,613,0,15687.03957
4/11/2023 9:17,15684.25,15688.25,15684.25,15686.75,591,0,15687.03558
4/11/2023 9:18,15686.75,15686.75,15681,15681.5,399,0,15687.01857
4/11/2023 9:19,15681.25,15685.5,15680,15683,299,0,15687.00511
4/11/2023 9:20,15683,15684,15682.25,15682.75,133,0,15686.99939
4/11/2023 9:21,15682.5,15682.75,15680.5,15681,157,0,15686.98999
4/11/2023 9:22,15680.75,15683.25,15679,15681.5,192,0,15686.9782
4/11/2023 9:23,15681.75,15682.25,15678.5,15681.5,184,0,15686.96596
4/11/2023 9:24,15681.75,15683,15678.25,15681.25,275,0,15686.94801
4/11/2023 9:25,15681.5,15685.25,15680.5,15683.75,186,0,15686.94053
4/11/2023 9:26,15683.75,15683.75,15673.25,15678.5,945,0,15686.85662
4/11/2023 9:27,15678.75,15679,15674,15675.25,221,0,15686.83163
4/11/2023 9:28,15674.75,15676.75,15672.5,15676.75,329,0,15686.79206
4/11/2023 9:29,15676.5,15682.5,15676.5,15680.5,443,0,15686.75996
4/11/2023 9:30,15680.75,15685,15676.75,15684.25,540,0,15686.73335
4/11/2023 9:31,15684,15684.75,15661.25,15661.25,3748,15669.08333,15686.07403
4/11/2023 9:32,15661.25,15663.75,15646.25,15656.25,4201,15661.86058,15684.84199
4/11/2023 9:33,15656.5,15662.75,15649.75,15654.25,2602,15660.31254,15684.13139
4/11/2023 9:34,15654.25,15672.75,15654.25,15667,2945,15661.26266,15683.61066
4/11/2023 9:35,15667,15677.75,15665,15672.75,2259,15662.77832,15683.37383
4/11/2023 9:36,15673.25,15685.25,15673.25,15676.75,3014,15665.28959,15683.24431
4/11/2023 9:37,15676.5,15679.75,15662.5,15663.25,2164,15665.62147,15682.97281
4/11/2023 9:38,15663.25,15667,15655.25,15658.5,2526,15665.04309,15682.49467
4/11/2023 9:39,15658,15661.75,15649.75,15653.5,1996,15664.25558,15682.04499
4/11/2023 9:40,15653.75,15654.75,15642.75,15654.5,2993,15662.8259,15681.29388
4/11/2023 9:41,15654.75,15657.5,15640.5,15643,2370,15661.60884,15680.65593
4/11/2023 9:42,15642.75,15643.5,15634.25,15635.25,2457,15659.84096,15679.84257
4/11/2023 9:43,15635,15635,15624.5,15627,2750,15657.47397,15678.78477
4/11/2023 9:44,15626.5,15636.25,15625.25,15634.75,2489,15655.83308,15677.92437
4/11/2023 9:45,15634.75,15643.25,15629.5,15637,2485,15654.66633,15677.17769
4/11/2023 9:46,15636.75,15645,15634.25,15641.25,2104,15653.95855,15676.62023
4/11/2023 9:47,15641.25,15643.75,15633.75,15639.75,1597,15653.4271,15676.19593
4/11/2023 9:48,15640,15646.5,15635,15645.75,1962,15652.96415,15675.73328
4/11/2023 9:49,15646.25,15648.25,15642.25,15645.75,1730,15652.69433,15675.37151
4/11/2023 9:50,15645.75,15646,15629.75,15630,2015,15651.997,15674.82152
4/11/2023 9:51,15630,15637.75,15628.75,15631.5,1876,15651.30339,15674.2903
4/11/2023 9:52,15630.75,15635.75,15627.25,15629.75,1610,15650.69436,15673.82624
4/11/2023 9:53,15629.75,15637.5,15627.75,15628.25,1382,15650.20612,15673.43802
4/11/2023 9:54,15628.5,15635,15617.5,15627.25,2901,15649.02815,15672.55973
4/11/2023 9:55,15627.25,15629.75,15622.75,15628,1954,15648.3069,15671.98959
4/11/2023 9:56,15628.25,15636,15628.25,15634.25,1976,15647.81459,15671.50203
4/11/2023 9:57,15634.25,15640.25,15632.25,15638.25,1961,15647.48102,15671.07987
4/11/2023 9:58,15638.25,15643.75,15635.75,15640,1384,15647.3193,15670.81298
4/11/2023 9:59,15640.25,15643.75,15638.25,15640.5,1013,15647.22045,15670.62672
4/11/2023 10:00,15640.25,15640.75,15625.25,15631.25,2140,15646.75866,15670.13172
4/11/2023 10:01,15631.75,15637.5,15629,15634.25,1511,15646.47473,15669.80044
4/11/2023 10:02,15634,15638.25,15626.25,15631.5,1558,15646.16009,15669.45043
4/11/2023 10:03,15631.75,15636.75,15629.25,15631.25,1200,15645.93377,15669.18818
4/11/2023 10:04,15631.5,15641.5,15628.75,15640.25,1354,15645.76777,15668.93171
4/11/2023 10:05,15640,15644.5,15633.75,15634,1758,15645.57456,15668.61066
4/11/2023 10:06,15634,15635,15621.5,15623,2527,15644.96062,15668.00292
4/11/2023 10:07,15622.75,15629.5,15621.75,15627.5,1255,15644.66624,15667.70579
4/11/2023 10:08,15627.5,15632.5,15622.75,15629.25,1584,15644.34497,15667.35381
4/11/2023 10:09,15629.5,15632,15623.75,15627.25,1124,15644.11768,15667.10469
4/11/2023 10:10,15627.5,15631.75,15623.75,15629.25,1065,15643.91539,15666.87496
4/11/2023 10:11,15629.25,15634,15622,15622.5,1768,15643.54755,15666.47928
4/11/2023 10:12,15622.5,15625.75,15620.25,15622.25,1303,15643.23466,15666.16825
4/11/2023 10:13,15622.25,15624,15609.5,15609.75,3192,15642.21034,15665.28198
4/11/2023 10:14,15610,15617.75,15608.75,15617.5,1973,15641.61821,15664.75181
4/11/2023 10:15,15617.5,15622.5,15609,15609,1731,15641.09769,15664.28511
4/11/2023 10:16,15609.25,15616.75,15607.75,15611.25,1903,15640.51566,15663.76605
4/11/2023 10:17,15611,15616.25,15606,15606.5,1465,15640.04788,15663.35574
4/11/2023 10:18,15606.75,15609,15593.25,15595.25,3802,15638.50403,15662.11858
4/11/2023 10:19,15595.5,15601.25,15593.75,15597.5,2026,15637.69515,15661.46166
4/11/2023 10:20,15597.5,15606.25,15596.75,15604,1626,15637.14402,15660.98313
4/11/2023 10:21,15604,15614.5,15603.5,15611,2397,15636.5269,15660.37812
4/11/2023 10:22,15611.25,15614.25,15606.75,15610.75,1247,15636.22727,15660.07457
4/11/2023 10:23,15611,15612.5,15605.75,15611.5,1255,15635.92497,15659.76872
4/11/2023 10:24,15611.75,15618,15609.75,15615.75,1288,15635.67528,15659.48719
4/11/2023 10:25,15615.5,15622.25,15615.5,15622,1453,15635.47078,15659.2115
4/11/2023 10:26,15622.25,15626.25,15620.5,15623.75,1959,15635.26494,15658.87918
4/11/2023 10:27,15623.75,15628.25,15621,15621.75,1403,15635.12385,15658.64605
4/11/2023 10:28,15621.75,15628,15620.25,15625.75,1153,15635.02034,15658.46218
4/11/2023 10:29,15625.75,15630.25,15623.5,15629,911,15634.96263,15658.33072
4/11/2023 10:30,15629,15632,15626.75,15630.25,1053,15634.91555,15658.19035
4/11/2023 10:31,15630,15632,15624.5,15627.25,1299,15634.83962,15658.00857
4/11/2023 10:32,15627,15629.75,15622,15625,1096,15634.75567,15657.84512
4/11/2023 10:33,15625,15627.75,15619,15620.25,1256,15634.62789,15657.64116
4/11/2023 10:34,15620.5,15626.25,15618.25,15621.75,978,15634.5282,15657.48285
4/11/2023 10:35,15621.5,15625.25,15609.5,15611,1855,15634.24196,15657.12919
4/11/2023 10:36,15610.75,15612.5,15602.25,15604.5,2878,15633.6154,15656.47877
4/11/2023 10:37,15604.5,15607,15594.75,15597.5,2465,15632.97461,15655.86238
4/11/2023 10:38,15597.5,15606,15597.5,15605.25,2284,15632.45671,15655.33464
4/11/2023 10:39,15605.25,15614.25,15603,15610,1899,15632.1266,15654.95449
4/11/2023 10:40,15610.5,15612.75,15605.25,15606.25,1318,15631.89321,15654.68863
4/11/2023 10:41,15606.5,15612.25,15603,15609.75,1542,15631.62864,15654.38304
4/11/2023 10:42,15609.75,15616.75,15606.25,15608.75,1712,15631.3695,15654.06478
4/11/2023 10:43,15608.75,15611.5,15599.5,15602.25,1560,15631.07042,15653.73823
4/11/2023 10:44,15602,15604,15599.25,15601.5,1042,15630.85348,15653.5101
4/11/2023 10:45,15601.75,15601.75,15591.5,15594.5,2557,15630.23393,15652.89846
4/11/2023 10:46,15594.25,15600.75,15592.25,15599.5,1526,15629.89112,15652.54956
4/11/2023 10:47,15599.75,15599.75,15587,15587.75,2026,15629.36466,15652.04333
4/11/2023 10:48,15587.75,15591.25,15583.5,15588,1944,15628.82203,15651.5345
4/11/2023 10:49,15588,15599.5,15587.5,15598,1764,15628.42809,15651.13243
4/11/2023 10:50,15598.25,15606,15596.5,15605.25,1548,15628.1666,15650.83131
4/11/2023 10:51,15605.5,15612,15604.75,15611,1553,15627.97651,15650.57418
4/11/2023 10:52,15610.75,15611,15605.5,15608.25,802,15627.87467,15650.43945
4/11/2023 10:53,15608.5,15611.5,15601,15603,1100,15627.71502,15650.24264
4/11/2023 10:54,15603,15605.25,15596.75,15601.25,1283,15627.4984,15649.99464
4/11/2023 10:55,15601.25,15605,15597.75,15598.25,866,15627.35007,15649.82611
4/11/2023 10:56,15598,15600,15592.5,15598.25,1161,15627.12891,15649.58648
4/11/2023 10:57,15598.25,15599.25,15589.5,15590.5,1142,15626.88727,15649.33589
4/11/2023 10:58,15590.5,15595.5,15587.75,15591.25,1092,15626.64873,15649.09164
4/11/2023 10:59,15591.25,15592,15582.5,15587.5,1543,15626.27779,15648.72531
4/11/2023 11:00,15587.5,15590.75,15583.25,15589.25,1179,15626.00202,15648.45019
4/11/2023 11:01,15589,15592.25,15586.5,15591.25,1802,15625.61242,15648.04986
4/11/2023 11:02,15590.5,15594.25,15582.75,15585.5,1823,15625.1997,15647.63322
4/11/2023 11:03,15585.75,15591.5,15585.75,15586.75,1003,15624.97937,15647.4083
4/11/2023 11:04,15586.75,15589.25,15580.5,15589.25,1499,15624.64029,15647.06596
4/11/2023 11:05,15589.25,15593.75,15588,15588.75,1342,15624.37161,15646.78186
4/11/2023 11:06,15589,15599,15587.5,15598,1556,15624.10707,15646.48285
4/11/2023 11:07,15597.75,15603,15596.5,15598.5,1320,15623.92027,15646.25374
4/11/2023 11:08,15598.75,15598.75,15592,15594.25,955,15623.76336,15646.07419
4/11/2023 11:09,15594,15599,15591.75,15597,1106,15623.58948,15645.87151
4/11/2023 11:10,15597.25,15599,15589.25,15593.25,1023,15623.41861,15645.67774
4/11/2023 11:11,15593.75,15599,15592,15592.25,870,15623.27766,15645.51592
4/11/2023 11:12,15592,15596.25,15587.25,15592,1309,15623.04941,15645.26216
4/11/2023 11:13,15592.25,15601.5,15588.25,15601.25,1299,15622.8631,15645.03682
4/11/2023 11:14,15601.5,15606,15600.25,15605.75,1184,15622.74093,15644.86291
4/11/2023 11:15,15606,15610.75,15605,15608.25,1101,15622.65268,15644.71822
4/11/2023 11:16,15608.5,15612.5,15606.5,15608.25,1009,15622.57864,15644.59049
4/11/2023 11:17,15608.5,15610.5,15606.5,15609.25,484,15622.54254,15644.52898
4/11/2023 11:18,15609.75,15614.25,15607,15611,754,15622.49478,15644.4389
4/11/2023 11:19,15611.25,15614,15609,15609.75,656,15622.45412,15644.3613
4/11/2023 11:20,15609.75,15618.25,15609.5,15616,1296,15622.39989,15644.22575
4/11/2023 11:21,15616.5,15620.25,15614,15616.5,1465,15622.35752,15644.08594
4/11/2023 11:22,15616.5,15616.5,15612,15616,1013,15622.31753,15643.98275
4/11/2023 11:23,15616.25,15618.5,15613.5,15617,864,15622.29052,15643.89981
4/11/2023 11:24,15616.5,15619.25,15615.25,15617.25,812,15622.26923,15643.82489
4/11/2023 11:25,15617.5,15619.5,15615.75,15618,742,15622.25186,15643.75808
4/11/2023 11:26,15618.25,15618.5,15612.75,15613,1148,15622.2075,15643.64354
4/11/2023 11:27,15613,15613.75,15604.75,15605.25,1608,15622.09011,15643.44703
4/11/2023 11:28,15605.25,15608.5,15603.5,15604,940,15622.01004,15643.32488
4/11/2023 11:29,15604.5,15607,15602.25,15605,660,15621.95232,15643.23827
4/11/2023 11:30,15605.5,15607.75,15598.25,15600,1173,15621.83443,15643.07436
4/11/2023 11:31,15599.5,15603.75,15595,15601.75,1327,15621.69057,15642.88229
4/11/2023 11:32,15601.5,15602.25,15598.5,15600,617,15621.62458,15642.79374
4/11/2023 11:33,15600.25,15604,15599,15602.75,593,15621.56646,15642.71231
4/11/2023 11:34,15602.5,15606.25,15602,15602.75,1205,15621.45983,15642.55487
4/11/2023 11:35,15603,15605.25,15600.75,15602.25,940,15621.37328,15642.43007
4/11/2023 11:36,15602,15602,15589.5,15590,1583,15621.16041,15642.17482
4/11/2023 11:37,15589.5,15589.5,15581.5,15585,1995,15620.81478,15641.80104
4/11/2023 11:38,15585,15585.5,15581.5,15584,899,15620.65398,15641.62928
4/11/2023 11:39,15584,15587,15582,15585.5,776,15620.52064,15641.4848
4/11/2023 11:40,15585.5,15599,15584.75,15597.5,1814,15620.28971,15641.20262
4/11/2023 11:41,15598,15599.75,15593.75,15595,872,15620.19009,15641.07501
4/11/2023 11:42,15594.5,15598,15593.25,15595.25,621,15620.11769,15640.98323
4/11/2023 11:43,15595.25,15600,15594.5,15595,698,15620.0401,15640.88277
4/11/2023 11:44,15594.75,15595.75,15586.25,15586.5,1227,15619.86475,15640.67958
4/11/2023 11:45,15586.5,15589.25,15583.5,15585.75,708,15619.75347,15640.55548
4/11/2023 11:46,15586,15587.5,15578.25,15581.5,1501,15619.49391,15640.27622
4/11/2023 11:47,15581.25,15585.75,15581,15581.5,669,15619.38041,15640.15333
4/11/2023 11:48,15581.25,15587,15580.5,15586.5,640,15619.27813,15640.04016
4/11/2023 11:49,15586.75,15596.25,15586.25,15595.5,1354,15619.11328,15639.83664
4/11/2023 11:50,15595.5,15599.75,15595.25,15598.25,881,15619.02752,15639.71931
4/11/2023 11:51,15598.75,15603.25,15596.75,15602,936,15618.94954,15639.604
4/11/2023 11:52,15602,15602.5,15597.5,15598,726,15618.88513,15639.51197
4/11/2023 11:53,15598.75,15603.25,15597.5,15598.75,743,15618.82133,15639.41939
4/11/2023 11:54,15598.75,15603.5,15596,15600.75,828,15618.75166,15639.31738
4/11/2023 11:55,15601.25,15605.75,15601.25,15603.25,859,15618.69273,15639.22105
4/11/2023 11:56,15603,15605,15598.75,15599.25,880,15618.62335,15639.11627
4/11/2023 11:57,15599,15599,15590.75,15595.75,1283,15618.49002,15638.94132
4/11/2023 11:58,15595.5,15604.5,15594,15604,945,15618.4164,15638.82991
4/11/2023 11:59,15604.25,15604.75,15598.5,15600.75,569,15618.37362,15638.76402
4/11/2023 12:00,15601.5,15604.75,15599.75,15600.5,670,15618.32451,15638.68742
4/11/2023 12:01,15600.75,15607.25,15600.75,15606.5,1207,15618.25343,15638.56195
4/11/2023 12:02,15606.75,15610.75,15604.5,15608.5,1332,15618.19368,15638.43713
4/11/2023 12:03,15608.25,15612.25,15607,15611.5,933,15618.16164,15638.35694
4/11/2023 12:04,15611.5,15614.25,15608.25,15612.75,1035,15618.13309,15638.27323
4/11/2023 12:05,15612.75,15613.75,15610,15611,632,15618.11533,15638.22206
4/11/2023 12:06,15611,15613.25,15606.5,15610.25,824,15618.08673,15638.15168
4/11/2023 12:07,15609.75,15611.25,15604.5,15606.25,649,15618.05697,15638.09127
4/11/2023 12:08,15606,15608.75,15603.25,15605.25,941,15618.00778,15637.99961
4/11/2023 12:09,15605,15609.75,15604.75,15608.75,916,15617.96803,15637.91639
4/11/2023 12:10,15608.75,15612,15605,15611,455,15617.95144,15637.87738
4/11/2023 12:11,15611.25,15618.75,15610.25,15618.5,1442,15617.93862,15637.78245
4/11/2023 12:12,15618,15623.5,15616.5,15622.25,1277,15617.95361,15637.71774
4/11/2023 12:13,15622.5,15629.5,15622.25,15627,2487,15618.03886,15637.63352
4/11/2023 12:14,15627,15627.75,15620.25,15620.75,1194,15618.06281,15637.5818
4/11/2023 12:15,15620.75,15622.25,15617.75,15618.5,801,15618.06753,15637.53928
4/11/2023 12:16,15618.25,15619,15612.75,15616.5,1030,15618.05919,15637.47459
4/11/2023 12:17,15616.5,15616.5,15611.75,15612,670,15618.04653,15637.4275
4/11/2023 12:18,15612.5,15612.75,15607.75,15607.75,898,15618.0151,15637.35421
4/11/2023 12:19,15608,15610,15605.25,15606.25,1067,15617.96837,15637.26065
4/11/2023 12:20,15606.75,15608.5,15603.25,15608,1100,15617.91803,15637.16294
4/11/2023 12:21,15608,15615,15608,15614.25,1741,15617.8798,15637.03882
4/11/2023 12:22,15614,15616,15610.25,15613.75,931,15617.86297,15636.97541
4/11/2023 12:23,15614.25,15617.25,15611.5,15612.75,652,15617.85254,15636.93214
4/11/2023 12:24,15612.5,15612.75,15604,15604.75,1337,15617.79617,15636.81845
4/11/2023 12:25,15605,15608.75,15604,15608.5,734,15617.76524,15636.75622
4/11/2023 12:26,15608.5,15609.25,15598,15599.25,1165,15617.69407,15636.64172
4/11/2023 12:27,15599.5,15607.5,15599,15606.25,887,15617.64753,15636.56029
4/11/2023 12:28,15606.5,15610.5,15606.5,15609.75,641,15617.62574,15636.51015
4/11/2023 12:29,15609.75,15611.5,15607.5,15607.75,571,15617.60642,15636.46565
4/11/2023 12:30,15607.25,15612,15607.25,15611.5,576,15617.59,15636.42307
4/11/2023 12:31,15611.75,15615.75,15610.5,15613.5,707,15617.57814,15636.37696
4/11/2023 12:32,15613.25,15613.25,15608,15609.75,575,15617.56208,15636.33488
4/11/2023 12:33,15610,15617.75,15609,15616,1065,15617.54853,15636.26898
4/11/2023 12:34,15616.25,15617.25,15612,15613.5,792,15617.53853,15636.22024
4/11/2023 12:35,15613.5,15614,15607.25,15608,624,15617.51996,15636.17415
4/11/2023 12:36,15608.25,15608.25,15600.25,15601.75,1147,15617.45844,15636.06964
4/11/2023 12:37,15601.75,15602,15588,15589,3433,15617.1432,15635.66225
4/11/2023 12:38,15589.25,15596.25,15588,15595.75,1494,15617.0104,15635.48873
4/11/2023 12:39,15595.5,15599,15594.5,15598,891,15616.94461,15635.39527
4/11/2023 12:40,15598,15598,15591.25,15594.75,1025,15616.85997,15635.28132
4/11/2023 12:41,15595,15602.75,15594,15597.75,1000,15616.79093,15635.18028
4/11/2023 12:42,15597.75,15602.25,15597.75,15601.5,580,15616.75611,15635.12562
4/11/2023 12:43,15601.5,15604,15596.25,15596.25,666,15616.71223,15635.06004
4/11/2023 12:44,15596.25,15604.5,15596,15603.5,590,15616.67894,15635.00614
4/11/2023 12:45,15603.75,15604.75,15601.75,15604.25,457,15616.65702,15634.9673
4/11/2023 12:46,15604.5,15608.75,15602,15608.25,709,15616.63029,15634.91248
4/11/2023 12:47,15608.5,15611.5,15606,15608.5,947,15616.60284,15634.84554
4/11/2023 12:48,15609,15611.25,15606.75,15607.75,557,15616.58661,15634.8062
4/11/2023 12:49,15607.5,15611.5,15607.25,15611,440,15616.57597,15634.77679
4/11/2023 12:50,15611.25,15612.75,15608.75,15610,512,15616.5647,15634.74345
4/11/2023 12:51,15610,15611.5,15608.25,15610.5,503,15616.55292,15634.71022
4/11/2023 12:52,15610.75,15615.25,15610.5,15612,641,15616.54375,15634.67229
4/11/2023 12:53,15611.75,15618.25,15610.5,15618.25,899,15616.54092,15634.62671
4/11/2023 12:54,15617.75,15621.5,15617.25,15621.25,954,15616.55273,15634.58958
4/11/2023 12:55,15620.75,15622.75,15619,15621,1049,15616.56907,15634.55153
4/11/2023 12:56,15621.25,15621.75,15617,15618.75,699,15616.57553,15634.52304
4/11/2023 12:57,15618.25,15620.5,15616.25,15617.75,523,15616.57849,15634.50042
4/11/2023 12:58,15617.75,15622.5,15616,15622,601,15616.58613,15634.47767
4/11/2023 12:59,15622.25,15625,15619.25,15624.5,698,15616.60176,15634.4564
4/11/2023 13:00,15624.75,15625.5,15620.5,15622.25,622,15616.61525,15634.43724
4/11/2023 13:01,15622.5,15625.25,15621.5,15625.25,633,15616.6317,15634.41988
4/11/2023 13:02,15625.25,15626.75,15619.25,15624.75,1139,15616.65947,15634.38755
4/11/2023 13:03,15625,15625.5,15620.25,15620.5,538,15616.66968,15634.37023
4/11/2023 13:04,15620.25,15622.5,15618,15619,557,15616.67584,15634.34909
4/11/2023 13:05,15618.75,15619.5,15613.75,15618.25,874,15616.67733,15634.30995
4/11/2023 13:06,15618.75,15625,15618.25,15620.75,626,15616.68746,15634.28882
4/11/2023 13:07,15620.75,15623.5,15619.25,15621,581,15616.69665,15634.26914
4/11/2023 13:08,15621,15623.5,15617.75,15623.5,380,15616.70308,15634.25663
4/11/2023 13:09,15623,15627,15619,15626.25,953,15616.72736,15634.23153
4/11/2023 13:10,15625.25,15625.75,15620.25,15620.25,835,15616.74275,15634.20533
4/11/2023 13:11,15620.25,15621.75,15618,15619.25,572,15616.7485,15634.18388
4/11/2023 13:12,15619.5,15620.25,15613,15615,1088,15616.74602,15634.13322
4/11/2023 13:13,15615,15618,15615,15616.75,338,15616.74583,15634.11798
4/11/2023 13:14,15617,15617.5,15612.75,15613.25,415,15616.74265,15634.09708
4/11/2023 13:15,15613.25,15613.25,15602.5,15604.5,1201,15616.70185,15634.01302
4/11/2023 13:16,15604.5,15609.5,15604,15607,721,15616.67772,15633.96296
4/11/2023 13:17,15606.75,15610,15606,15609,563,15616.66182,15633.92615
4/11/2023 13:18,15609.25,15615,15608.25,15610.25,888,15616.64535,15633.87471
4/11/2023 13:19,15610.25,15610.75,15604.75,15605.5,527,15616.62823,15633.83872
4/11/2023 13:20,15605.25,15612.25,15605,15611.5,448,15616.61761,15633.81113
4/11/2023 13:21,15611.75,15614.5,15609.25,15611.5,527,15616.609,15633.78165
4/11/2023 13:22,15611.5,15612,15608.5,15612,293,15616.60332,15633.76461
4/11/2023 13:23,15611.75,15614.75,15610.75,15613,373,15616.59861,15633.74485
4/11/2023 13:24,15613.25,15616.5,15611.75,15615.25,413,15616.59571,15633.72476
4/11/2023 13:25,15615,15619.75,15614.5,15618.75,677,15616.59813,15633.69731
4/11/2023 13:26,15618.25,15620.25,15616.5,15619.75,445,15616.60145,15633.68064
4/11/2023 13:27,15619.75,15623,15618.25,15622.75,416,15616.608,15633.6677
4/11/2023 13:28,15622.5,15624.75,15622,15622.25,509,15616.61881,15633.65404
4/11/2023 13:29,15622.25,15625.25,15621,15624.5,480,15616.6299,15633.6419
4/11/2023 13:30,15624.25,15627.25,15623.25,15625.25,604,15616.64714,15633.62918
4/11/2023 13:31,15625.5,15633.75,15625.25,15632.25,1391,15616.71026,15633.61801
4/11/2023 13:32,15632.5,15634.25,15629,15633.75,1200,15616.77181,15633.61417
4/11/2023 13:33,15633.25,15634,15630.75,15632,451,15616.79469,15633.61263
4/11/2023 13:34,15632,15632,15626.75,15628,756,15616.82466,15633.60381
4/11/2023 13:35,15628,15629,15625,15625,459,15616.8389,15633.59553
4/11/2023 13:36,15625,15626.25,15621.5,15622.25,638,15616.8524,15633.5793
4/11/2023 13:37,15622.5,15629.25,15622.5,15628.75,672,15616.87421,15633.56809
4/11/2023 13:38,15628.5,15631.75,15627.25,15627.5,574,15616.89648,15633.56137
4/11/2023 13:39,15627.75,15628.25,15624,15625.5,511,15616.91142,15633.55173
4/11/2023 13:40,15625.75,15630.5,15625.5,15629.5,412,15616.92686,15633.5466
4/11/2023 13:41,15629.5,15632.5,15629.5,15631.25,443,15616.94712,15633.54392
4/11/2023 13:42,15631.5,15633.75,15630.5,15632.75,406,15616.96728,15633.54271
4/11/2023 13:43,15632.5,15633.25,15627.5,15633.25,606,15616.99531,15633.53942
4/11/2023 13:44,15633.25,15635,15631,15632.25,718,15617.03165,15633.53803
4/11/2023 13:45,15632.75,15636.5,15632.75,15634,556,15617.06265,15633.53922
4/11/2023 13:46,15634,15640.75,15634,15640.75,1593,15617.17161,15633.5585
4/11/2023 13:47,15640.75,15641.75,15636.5,15638.25,852,15617.23034,15633.56944
4/11/2023 13:48,15638,15643,15637.5,15642,1091,15617.31199,15633.58868
4/11/2023 13:49,15642.25,15646.75,15641.75,15644,1391,15617.42992,15633.62427
4/11/2023 13:50,15644.5,15647,15642,15644.5,1099,15617.52352,15633.65311
4/11/2023 13:51,15644.25,15647,15641.75,15643.25,978,15617.60474,15633.67747
4/11/2023 13:52,15643.25,15645.25,15641.25,15642.75,676,15617.65864,15633.69275
4/11/2023 13:53,15642.75,15643.75,15640.5,15640.75,886,15617.72503,15633.7097
4/11/2023 13:54,15640.5,15640.75,15636,15638.25,1023,15617.79063,15633.72101
4/11/2023 13:55,15638.5,15645.5,15638.5,15643.5,843,15617.85526,15633.73868
4/11/2023 13:56,15643.5,15644.5,15640.25,15643.25,651,15617.90528,15633.75254
4/11/2023 13:57,15643,15646.25,15641.5,15644,521,15617.94719,15633.76515
4/11/2023 13:58,15644.25,15645.5,15640.75,15641.5,490,15617.98445,15633.77542
4/11/2023 13:59,15641.5,15647.5,15641.5,15647.5,736,15618.04683,15633.79591
4/11/2023 14:00,15647.5,15649,15645.75,15646.5,854,15618.12301,15633.82279
4/11/2023 14:01,15646.75,15650.5,15646.5,15648.75,1231,15618.23777,15633.86571
4/11/2023 14:02,15649,15650.5,15644.75,15645.75,758,15618.30434,15633.88919
4/11/2023 14:03,15645.75,15649.25,15643,15643.25,890,15618.37714,15633.91281
4/11/2023 14:04,15643.5,15646.25,15637.75,15638.25,1214,15618.45955,15633.93228
4/11/2023 14:05,15638.25,15641,15637,15640.25,1045,15618.52578,15633.9457
4/11/2023 14:06,15640.25,15640.5,15635.25,15637.25,675,15618.56478,15633.95157
4/11/2023 14:07,15637,15641.5,15634,15640.25,837,15618.61522,15633.96061
4/11/2023 14:08,15640.25,15645,15640,15641.5,710,15618.66546,15633.97418
4/11/2023 14:09,15641.5,15641.5,15638.75,15640,328,15618.68654,15633.97884
4/11/2023 14:10,15639.75,15641.25,15638.25,15640,357,15618.70917,15633.9837
4/11/2023 14:11,15639.75,15640.25,15634.5,15635,739,15618.74869,15633.98816
4/11/2023 14:12,15635,15638.25,15634.25,15636,464,15618.77283,15633.9905
4/11/2023 14:13,15636.5,15642,15635.75,15641,526,15618.80548,15633.99731
4/11/2023 14:14,15640.75,15641.75,15637.5,15637.75,534,15618.83759,15634.00349
4/11/2023 14:15,15638,15638.5,15633.5,15634,569,15618.86549,15634.00524
4/11/2023 14:16,15633.5,15637.25,15628.75,15635.75,1349,15618.92561,15634.00496
4/11/2023 14:17,15635.75,15639.5,15634.25,15639.25,561,15618.95669,15634.00968
4/11/2023 14:18,15639,15641,15637.25,15638,519,15618.98701,15634.01534
4/11/2023 14:19,15638,15640,15636.75,15639.75,323,15619.00591,15634.01891
4/11/2023 14:20,15639.75,15642.75,15639,15641.25,535,15619.04055,15634.02747
4/11/2023 14:21,15641.75,15646.25,15639.25,15644,799,15619.09717,15634.04418
4/11/2023 14:22,15644.25,15646,15640,15641,552,15619.13478,15634.05463
4/11/2023 14:23,15641,15645.25,15640.75,15644,315,15619.15711,15634.06131
4/11/2023 14:24,15643.75,15644,15640.25,15640.75,355,15619.1805,15634.06747
4/11/2023 14:25,15640.5,15641.75,15637.25,15641.75,413,15619.20594,15634.07329
4/11/2023 14:26,15641.25,15646.25,15640.25,15645.75,402,15619.23513,15634.08245
4/11/2023 14:27,15645.75,15647,15644,15645.5,478,15619.27174,15634.09487
4/11/2023 14:28,15645.25,15648,15644.5,15647,415,15619.30464,15634.10657
4/11/2023 14:29,15647,15650.5,15646.5,15650,903,15619.38252,15634.13707
4/11/2023 14:30,15650.25,15652,15649,15651.25,653,15619.4419,15634.16164
4/11/2023 14:31,15651.5,15656.75,15651.5,15656.5,1733,15619.61923,15634.24278
4/11/2023 14:32,15656,15656.5,15653,15655.75,876,15619.70861,15634.28389
4/11/2023 14:33,15655.75,15657.75,15654,15655.25,699,15619.78078,15634.31748
4/11/2023 14:34,15654.75,15655.75,15651,15655,949,15619.87355,15634.35921
4/11/2023 14:35,15654.5,15654.5,15648,15649.25,816,15619.94514,15634.38885
4/11/2023 14:36,15649.25,15651.75,15648.25,15651.5,530,15619.99133,15634.40795
4/11/2023 14:37,15651.25,15651.75,15646,15646,649,15620.04294,15634.42752
4/11/2023 14:38,15646.25,15649,15645,15648.25,618,15620.09102,15634.44543
4/11/2023 14:39,15648.25,15650.5,15647.5,15649.75,381,15620.12256,15634.45799
4/11/2023 14:40,15649.75,15651.25,15648.25,15650.5,365,15620.15349,15634.47062
4/11/2023 14:41,15651,15654,15650.5,15653.25,525,15620.20171,15634.49177
4/11/2023 14:42,15653.25,15655,15652.5,15655,483,15620.24811,15634.51288
4/11/2023 14:43,15654.75,15656.5,15653.5,15653.75,634,15620.30956,15634.54111
4/11/2023 14:44,15653.75,15656.75,15652.75,15654.5,523,15620.36022,15634.56443
4/11/2023 14:45,15654.5,15654.5,15649.5,15649.75,535,15620.40673,15634.58418
4/11/2023 14:46,15649.75,15653.25,15649.25,15651.25,554,15620.45475,15634.60459
4/11/2023 14:47,15650.75,15653.75,15648.5,15650.5,725,15620.51669,15634.63069
4/11/2023 14:48,15650.75,15654.5,15650,15653.75,440,15620.55642,15634.64827
4/11/2023 14:49,15653.75,15653.75,15650.5,15652.25,442,15620.59551,15634.66532
4/11/2023 14:50,15652.25,15656.75,15651.75,15652,696,15620.65946,15634.69415
4/11/2023 14:51,15652,15652,15646.5,15648.5,767,15620.72003,15634.71824
4/11/2023 14:52,15648.75,15650,15645,15649.5,830,15620.78335,15634.7427
4/11/2023 14:53,15649.75,15650.5,15645.5,15646.5,459,15620.8174,15634.75552
4/11/2023 14:54,15646,15648.25,15645,15647.5,505,15620.85394,15634.76895
4/11/2023 14:55,15647.25,15649.5,15644.25,15646.5,550,15620.89337,15634.78334
4/11/2023 14:56,15646.25,15647.5,15643.5,15647,455,15620.92495,15634.79448
4/11/2023 14:57,15647,15649.25,15645.75,15646.75,358,15620.95098,15634.8042
4/11/2023 14:58,15646.75,15650.5,15645.25,15649.5,457,15620.98561,15634.81775
4/11/2023 14:59,15649.5,15652,15647.75,15651.75,457,15621.02277,15634.83335
4/11/2023 15:00,15651.75,15654,15650.75,15651.5,474,15621.06327,15634.85112
4/11/2023 15:01,15652,15654.25,15649.75,15651.25,903,15621.13933,15634.88423
4/11/2023 15:02,15651.25,15652.25,15645.5,15646.75,697,15621.19093,15634.90428
4/11/2023 15:03,15647,15647,15643.25,15645.5,854,15621.24709,15634.92339
4/11/2023 15:04,15645.75,15649.5,15645.25,15647,579,15621.28817,15634.9388
4/11/2023 15:05,15647,15650,15646,15646.75,526,15621.32586,15634.95315
4/11/2023 15:06,15647,15647,15643,15644,779,15621.3753,15634.96944
4/11/2023 15:07,15644.5,15644.5,15637.25,15638.75,1320,15621.4425,15634.98417
4/11/2023 15:08,15638.25,15644.25,15636.5,15642.5,759,15621.4828,15634.9941
4/11/2023 15:09,15642.25,15642.5,15638,15638.25,461,15621.50534,15634.99863
4/11/2023 15:10,15637.75,15643.25,15637.25,15641.75,416,15621.52693,15635.00375
4/11/2023 15:11,15641.25,15646.25,15640,15644.75,664,15621.56651,15635.01604
4/11/2023 15:12,15644.75,15645.5,15641.5,15644.25,373,15621.58877,15635.023
4/11/2023 15:13,15644.25,15653.25,15643,15651.5,1210,15621.67851,15635.05966
4/11/2023 15:14,15651.25,15653.25,15650.75,15651.5,568,15621.72436,15635.07992
4/11/2023 15:15,15651.75,15651.75,15648.5,15650.75,530,15621.76489,15635.0971
4/11/2023 15:16,15651,15656,15650.25,15654,1037,15621.85239,15635.13737
4/11/2023 15:17,15654,15654.25,15649.75,15652.25,557,15621.89721,15635.15736
4/11/2023 15:18,15652,15653,15649.75,15652.5,364,15621.92611,15635.17014
4/11/2023 15:19,15652.25,15655.5,15649.25,15653.75,832,15621.99434,15635.20118
4/11/2023 15:20,15654,15655.25,15652.75,15653.5,268,15622.01697,15635.21172
4/11/2023 15:21,15653.25,15653.75,15650.25,15652.75,385,15622.0478,15635.22555
4/11/2023 15:22,15652.75,15654.5,15651.75,15653.25,292,15622.07185,15635.2366
4/11/2023 15:23,15653.25,15657.25,15653.25,15654.5,754,15622.13743,15635.26796
4/11/2023 15:24,15654.5,15658.25,15653.5,15655.75,1054,15622.23099,15635.31348
4/11/2023 15:25,15656,15656,15650.5,15651.25,621,15622.28056,15635.33597
4/11/2023 15:26,15651.5,15652.25,15645.5,15645.75,957,15622.34471,15635.361
4/11/2023 15:27,15646.25,15648.5,15645.75,15648,501,15622.37761,15635.37363
4/11/2023 15:28,15648.25,15648.5,15643.5,15645,592,15622.41368,15635.38635
4/11/2023 15:29,15645,15649.25,15644,15646.5,591,15622.45098,15635.40015
4/11/2023 15:30,15646.75,15650.75,15646.75,15648.5,619,15622.4933,15635.41726
4/11/2023 15:31,15648.5,15651.5,15645.25,15649.75,859,15622.55216,15635.44122
4/11/2023 15:32,15649.5,15651,15648,15649,571,15622.59189,15635.45769
4/11/2023 15:33,15649,15649.25,15641.25,15643.5,929,15622.64504,15635.47543
4/11/2023 15:34,15643.75,15646.75,15643,15644.5,743,15622.68752,15635.48969
4/11/2023 15:35,15644.75,15645,15639,15639.75,755,15622.7237,15635.49867
4/11/2023 15:36,15640,15641.5,15636,15637,1265,15622.77397,15635.50563
4/11/2023 15:37,15637,15639,15632.25,15635,1145,15622.81111,15635.50542
4/11/2023 15:38,15635.25,15635.5,15631.25,15633.5,830,15622.83364,15635.50186
4/11/2023 15:39,15633.5,15633.5,15619.25,15622.25,2593,15622.84793,15635.44626
4/11/2023 15:40,15622.25,15622.5,15612.75,15618,2829,15622.81151,15635.34464
4/11/2023 15:41,15618,15618,15613.25,15614.25,1061,15622.79108,15635.30127
4/11/2023 15:42,15614.25,15621.25,15613.75,15618,1191,15622.77576,15635.25883
4/11/2023 15:43,15618,15618.75,15608,15610.5,3008,15622.69811,15635.12082
4/11/2023 15:44,15610.5,15616,15608.5,15613.25,1008,15622.67277,15635.07528
4/11/2023 15:45,15613.5,15614.25,15608.5,15612.5,724,15622.65314,15635.04148
4/11/2023 15:46,15612.25,15612.75,15605.75,15608,1123,15622.61474,15634.9827
4/11/2023 15:47,15607.75,15608.25,15601.75,15607,1258,15622.56215,15634.90924
4/11/2023 15:48,15606.5,15606.5,15601.25,15604.5,1152,15622.50979,15634.83866
4/11/2023 15:49,15604.5,15607.75,15600.25,15605.5,1121,15622.46027,15634.77121
4/11/2023 15:50,15605.75,15606.75,15599.75,15601.5,1422,15622.39146,15634.68093
4/11/2023 15:51,15601,15601,15589.25,15596.5,2775,15622.21084,15634.46755
4/11/2023 15:52,15596.75,15601.25,15591.25,15593.25,2238,15622.06513,15634.29568
4/11/2023 15:53,15593,15596,15590.25,15591.25,1462,15621.96112,15634.17637
4/11/2023 15:54,15591.25,15593.25,15588.5,15591,1515,15621.84836,15634.04878
4/11/2023 15:55,15591,15599.25,15587,15599,2483,15621.68996,15633.86134
4/11/2023 15:56,15599.25,15600.25,15587.5,15589.75,2409,15621.52332,15633.66919
4/11/2023 15:57,15590,15595.25,15588.75,15590.75,1764,15621.39868,15633.52651
4/11/2023 15:58,15591,15592.25,15586.25,15590.75,2385,15621.22154,15633.32677
4/11/2023 15:59,15591,15597.25,15590.75,15597.25,2082,15621.09446,15633.17505
4/11/2023 16:00,15597.25,15603.25,15594.75,15601.25,7257,15620.73875,15632.71914
4/11/2023 16:01,15601.25,15607.25,15599.75,15606.5,3059,15620.62547,15632.55782
4/11/2023 16:02,15606.25,15610.25,15605.25,15608.75,988,15620.59728,15632.51272
4/11/2023 16:03,15608.5,15609.5,15606,15608.25,738,15620.57602,15632.4789
4/11/2023 16:04,15608.5,15609.25,15605.5,15606.5,547,15620.55928,15632.45305
4/11/2023 16:05,15606.25,15606.5,15603.5,15604.5,374,15620.54595,15632.43384
4/11/2023 16:06,15604.25,15605.25,15602.75,15604.5,547,15620.52566,15632.40512
4/11/2023 16:07,15604.75,15607.5,15604.5,15607.25,327,15620.51523,15632.38934
4/11/2023 16:08,15607.25,15609.75,15606.75,15608.75,444,15620.50309,15632.3696
4/11/2023 16:09,15609,15609.5,15605.25,15605.5,259,15620.49504,15632.3573
4/11/2023 16:10,15605.25,15606,15603.75,15605,237,15620.48671,15632.34524
4/11/2023 16:11,15605.25,15607.5,15604.25,15606,289,15620.47721,15632.33109
4/11/2023 16:12,15606,15607.5,15605.5,15606,135,15620.4729,15632.32459
4/11/2023 16:13,15606.25,15608.5,15606,15606.25,271,15620.46462,15632.31185
4/11/2023 16:14,15606.25,15608.75,15605.5,15608,279,15620.45642,15632.299
4/11/2023 16:15,15608.25,15608.5,15605.75,15605.75,193,15620.45043,15632.28985
4/11/2023 16:16,15605.75,15607.5,15605,15607.5,127,15620.44649,15632.28384
4/11/2023 16:17,15607.5,15608,15607.25,15607.5,49,15620.44507,15632.2816
4/11/2023 16:18,15607.25,15607.25,15606.25,15607,64,15620.44311,15632.27859
4/11/2023 16:19,15606.75,15607.5,15605.75,15607.5,46,15620.44171,15632.27643
4/11/2023 16:20,15606.75,15607,15605.75,15606.75,74,15620.43939,15632.27291
4/11/2023 16:21,15606.75,15608.5,15606.75,15608,67,15620.43748,15632.26987
4/11/2023 16:22,15608.25,15608.5,15607.25,15607.75,28,15620.43668,15632.26861
4/11/2023 16:23,15607.75,15608.5,15607.5,15607.5,84,15620.4343,15632.26481
4/11/2023 16:24,15607.5,15609,15607.25,15608.5,158,15620.42997,15632.25781
4/11/2023 16:25,15608.25,15609.5,15607.75,15609.25,69,15620.42818,15632.25482
4/11/2023 16:26,15609.5,15610,15607.5,15608,153,15620.42408,15632.24811
4/11/2023 16:27,15608.25,15610.5,15608.25,15609.5,72,15620.4223,15632.24508
4/11/2023 16:28,15609.75,15609.75,15609,15609.75,38,15620.42136,15632.24348
4/11/2023 16:29,15610,15610.5,15609.5,15609.5,38,15620.42046,15632.24191
4/11/2023 16:30,15609.75,15611.25,15609.75,15610.5,86,15620.41854,15632.23846
4/11/2023 16:31,15610.5,15611.25,15610.5,15611,47,15620.41754,15632.23661
4/11/2023 16:32,15610.75,15611,15609.25,15610.5,48,15620.41644,15632.23466
4/11/2023 16:33,15610.5,15610.5,15609.25,15610,37,15620.41557,15632.23314
4/11/2023 16:34,15609.75,15611.25,15609.5,15610.75,58,15620.41428,15632.23081
4/11/2023 16:35,15610.5,15612.25,15610.25,15610.75,86,15620.41248,15632.22746
4/11/2023 16:36,15610.75,15611,15609.5,15611,45,15620.41148,15632.22566
4/11/2023 16:37,15610.5,15611,15609.75,15610.5,24,15620.41094,15632.22469
4/11/2023 16:38,15610.25,15610.25,15609.25,15609.75,35,15620.4101,15632.22324
4/11/2023 16:39,15609.75,15609.75,15609,15609.25,37,15620.40918,15632.22168
4/11/2023 16:40,15609.5,15609.75,15607.5,15607.75,62,15620.40751,15632.21895
4/11/2023 16:41,15607.5,15607.5,15606.25,15607,38,15620.40636,15632.21717
4/11/2023 16:42,15606.5,15608.5,15606.5,15608.25,41,15620.40519,15632.21532
4/11/2023 16:43,15608.75,15609.5,15608,15609,28,15620.40446,15632.21412
4/11/2023 16:44,15609.25,15611.25,15609.25,15610.25,195,15620.40003,15632.20623
4/11/2023 16:45,15610.5,15610.5,15608,15608.5,70,15620.39824,15632.20323
4/11/2023 16:46,15608.5,15609.75,15607.5,15608.25,116,15620.39514,15632.19817
4/11/2023 16:47,15608.75,15610,15608.25,15609.25,62,15620.39358,15632.19554
4/11/2023 16:48,15609.5,15609.5,15608.5,15609,23,15620.393,15632.19455
4/11/2023 16:49,15609.5,15610.25,15608.5,15608.5,42,15620.39193,15632.19277
4/11/2023 16:50,15608,15608,15602.5,15602.75,232,15620.38364,15632.1809
4/11/2023 16:51,15603.25,15606,15602.75,15606,111,15620.37979,15632.17533
4/11/2023 16:52,15606,15609.5,15606,15609.5,125,15620.37642,15632.16985
4/11/2023 16:53,15609,15609.75,15607.75,15607.75,33,15620.37554,15632.16841
4/11/2023 16:54,15607.75,15609,15607,15609,73,15620.37357,15632.16521
4/11/2023 16:55,15609.25,15610,15608.5,15609.5,79,15620.37162,15632.16189
4/11/2023 16:56,15609.5,15610,15607,15608.25,114,15620.36857,15632.15691
4/11/2023 16:57,15607.75,15608.25,15606.5,15606.5,74,15620.36638,15632.1535
4/11/2023 16:58,15606.75,15607.5,15606.25,15606.25,42,15620.36509,15632.15153
4/11/2023 16:59,15606.75,15608,15605.75,15605.75,47,15620.36363,15632.14931
4/11/2023 17:00,15606.5,15607,15604.75,15606,96,15620.36053,15632.14468
4/11/2023 18:01,15598.5,15605,15598.5,15603.25,167,0,15602.25
4/11/2023 18:02,15604.5,15604.75,15602.25,15602.75,72,0,15602.55126
4/11/2023 18:03,15603.25,15604,15601,15601.5,72,0,15602.46222
4/11/2023 18:04,15602,15603.25,15601.5,15603.25,29,0,15602.47966
4/11/2023 18:05,15603,15603.25,15602.75,15602.75,16,0,15602.4993
4/11/2023 18:06,15603.5,15606.75,15603.5,15605,99,0,15603.06154
4/11/2023 18:07,15605,15606.75,15605,15606,33,0,15603.25461
4/11/2023 18:08,15605.75,15607.5,15605.5,15606.75,54,0,15603.58625
4/11/2023 18:09,15606.75,15607.5,15606.25,15606.25,30,0,15603.74781
4/11/2023 18:10,15606,15606.5,15605.5,15605.5,29,0,15603.84845
4/11/2023 18:11,15605.75,15607.25,15605.75,15607.25,37,0,15604.01672
4/11/2023 18:12,15607.5,15611.5,15607.5,15611,100,0,15604.82746
4/11/2023 18:13,15611.25,15611.25,15609.25,15609.75,24,0,15604.993
4/11/2023 18:14,15610,15610.25,15608.75,15608.75,20,0,15605.10188
4/11/2023 18:15,15608.75,15610.25,15608.25,15609.5,23,0,15605.22277
4/11/2023 18:16,15610,15610,15608.25,15608.75,24,0,15605.33213
4/11/2023 18:17,15608.75,15608.75,15608.75,15608.75,2,0,15605.34035
4/11/2023 18:18,15608.75,15609,15607.25,15607.75,28,0,15605.42705
4/11/2023 18:19,15608,15608.25,15607.25,15607.25,12,0,15605.45675
4/11/2023 18:20,15607.75,15608,15606.75,15608,25,0,15605.51609
4/11/2023 18:21,15608.5,15609.5,15608.5,15608.5,34,0,15605.63737
4/11/2023 18:22,15608.25,15608.25,15606.5,15607.25,21,0,15605.67482
4/11/2023 18:23,15607.25,15608.5,15607.25,15608.25,40,0,15605.76867
4/11/2023 18:24,15608.5,15608.5,15607,15607.25,29,0,15605.82026
4/11/2023 18:25,15607.25,15608.5,15607.25,15607.75,18,0,15605.85517
4/11/2023 18:26,15608,15608.5,15607.25,15608.5,25,0,15605.90757
4/11/2023 18:27,15608.25,15609,15608.25,15609,21,0,15605.96264
4/11/2023 18:28,15609.25,15609.25,15608.75,15608.75,2,0,15605.96808
4/11/2023 18:29,15609.25,15609.75,15607.75,15607.75,20,0,15606.01236
4/11/2023 18:30,15607.5,15608.75,15607.25,15608.5,23,0,15606.05624
4/11/2023 18:31,15609.25,15611.25,15609.25,15610,57,0,15606.25379
4/11/2023 18:32,15610.5,15611.5,15610.5,15611.5,14,0,15606.31111
4/11/2023 18:33,15611,15611.5,15608.5,15609.75,65,0,15606.49638
4/11/2023 18:34,15609.5,15609.5,15607.75,15607.75,17,0,15606.52074
4/11/2023 18:35,15608.25,15609.25,15607.75,15609.25,32,0,15606.57503
4/11/2023 18:36,15609,15609.25,15608.5,15609.25,18,0,15606.6078
4/11/2023 18:37,15609.25,15610.25,15608.25,15610.25,60,0,15606.73605
4/11/2023 18:38,15610.5,15611.25,15609.25,15610,75,0,15606.91144
4/11/2023 18:39,15609.75,15612,15609.25,15611.25,79,0,15607.11185
4/11/2023 18:40,15611,15611.75,15610.5,15611.75,32,0,15607.19745
4/11/2023 18:41,15612.25,15612.5,15610.5,15610.5,39,0,15607.29319
4/11/2023 18:42,15611.25,15611.25,15610.75,15610.75,22,0,15607.34182
4/11/2023 18:43,15610.5,15611.5,15610.5,15610.75,18,0,15607.38066
4/11/2023 18:44,15610.5,15610.75,15610,15610.25,30,0,15607.43317
4/11/2023 18:45,15610,15610.25,15610,15610.25,13,0,15607.45407
4/11/2023 18:46,15609.75,15609.75,15608.5,15608.5,53,0,15607.49829
4/11/2023 18:47,15608.25,15608.75,15607.25,15607.5,54,0,15607.5083
4/11/2023 18:48,15607.75,15609,15607.75,15608,26,0,15607.51882
4/11/2023 18:49,15608,15608.25,15607.5,15607.5,11,0,15607.5202
4/11/2023 18:50,15607.5,15609.25,15607.25,15608.25,24,0,15607.52958
4/11/2023 18:51,15608.5,15608.75,15607.75,15608.75,16,0,15607.53711
4/11/2023 18:52,15609,15609,15606.75,15608,63,0,15607.54939
4/11/2023 18:53,15607.75,15607.75,15607,15607,11,0,15607.54771
4/11/2023 18:54,15607.25,15608,15607,15608,18,0,15607.54879
4/11/2023 18:55,15607.75,15608.75,15607.75,15608.75,11,0,15607.5536
4/11/2023 18:56,15609,15609,15608,15608.25,6,0,15607.5562
4/11/2023 18:57,15608.5,15609.75,15608.5,15609.75,12,0,15607.56683
4/11/2023 18:58,15609.25,15609.25,15608.75,15608.75,20,0,15607.58016
4/11/2023 18:59,15608.75,15610.25,15608.75,15610,74,0,15607.65372
4/11/2023 19:00,15609.75,15611.25,15609.75,15610,60,0,15607.72819
4/11/2023 19:01,15610,15610.25,15609.25,15609.5,68,0,15607.78738
4/11/2023 19:02,15609.5,15610.5,15608.75,15609.5,56,0,15607.83144
4/11/2023 19:03,15609.75,15609.75,15609.75,15609.75,5,0,15607.83563
4/11/2023 19:04,15609.5,15610.25,15609.25,15609.5,11,0,15607.84439
4/11/2023 19:05,15609.25,15609.75,15609,15609.5,26,0,15607.86197
4/11/2023 19:06,15609.5,15610.75,15609.5,15610.75,35,0,15607.89862
4/11/2023 19:07,15610.5,15610.75,15609,15609.75,40,0,15607.93087
4/11/2023 19:08,15609.75,15609.75,15609,15609.25,7,0,15607.93495
4/11/2023 19:09,15609,15610.5,15608.5,15610.25,22,0,15607.95139
4/11/2023 19:10,15610.25,15611.5,15610,15611,37,0,15607.99463
4/11/2023 19:11,15610.5,15610.5,15609.75,15610.25,7,0,15608.00078
4/11/2023 19:12,15610,15611.75,15610,15611.75,27,0,15608.03497
4/11/2023 19:13,15611.5,15613.25,15611.5,15611.75,58,0,15608.12865
4/11/2023 19:14,15611,15611.25,15610.75,15611.25,4,0,15608.13326
4/11/2023 19:16,15611.5,15613.75,15611,15612.75,76,0,15608.25907
4/11/2023 19:17,15612.75,15612.75,15612.25,15612.75,28,0,15608.30448
4/11/2023 19:18,15612.75,15613.5,15612.25,15612.5,22,0,15608.34087
4/11/2023 19:19,15612.75,15612.75,15610.75,15611.25,32,0,15608.37901
4/11/2023 19:20,15611.5,15612.25,15611.5,15612,15,0,15608.39842
4/11/2023 19:21,15612.25,15613,15611.75,15612.75,19,0,15608.42671
4/11/2023 19:22,15612.75,15612.75,15612,15612.25,21,0,15608.45628
4/11/2023 19:23,15612.25,15612.75,15612,15612.75,6,0,15608.465
4/11/2023 19:24,15612.75,15612.75,15612.75,15612.75,7,0,15608.47576
4/11/2023 19:25,15612,15613.25,15612,15612.75,8,0,15608.48775
4/11/2023 19:26,15613,15613.25,15612.5,15612.75,16,0,15608.51248
4/11/2023 19:27,15613.5,15614.25,15613.25,15613.5,28,0,15608.56329
4/11/2023 19:28,15613.25,15614,15613.25,15613.25,21,0,15608.59953
4/11/2023 19:29,15613.5,15614,15611,15613,83,0,15608.71419
4/11/2023 19:30,15612.75,15614.5,15612,15612.75,58,0,15608.79861
4/11/2023 19:31,15613,15614,15612.25,15612.25,48,0,15608.8621
4/11/2023 19:32,15612.25,15614.5,15612.25,15613.25,68,0,15608.95962
4/11/2023 19:33,15612.5,15612.75,15611.75,15612.5,29,0,15608.99071
4/11/2023 19:34,15612.5,15613,15612.25,15612.5,17,0,15609.01001
4/11/2023 19:35,15612.75,15613.5,15612.5,15613.25,29,0,15609.047
4/11/2023 19:36,15613.5,15614,15613.25,15613.25,26,0,15609.08297
4/11/2023 19:37,15613.25,15613.75,15612.5,15613.75,31,0,15609.12351
4/11/2023 19:38,15614,15616,15613.75,15615.75,87,0,15609.28107
4/11/2023 19:39,15616.25,15617,15615.5,15616.75,65,0,15609.4174
4/11/2023 19:40,15617.25,15621,15617,15617.5,147,0,15609.7936
4/11/2023 19:41,15617.25,15621.25,15616,15621,155,0,15610.1963
4/11/2023 19:42,15621,15621.25,15619,15619.5,48,0,15610.32065
4/11/2023 19:43,15618.5,15619.75,15618.25,15619.75,34,0,15610.40084
4/11/2023 19:44,15619.75,15619.75,15619,15619.25,9,0,15610.42202
4/11/2023 19:45,15619,15620.75,15618.75,15619,51,0,15610.5424
4/11/2023 19:46,15619.25,15619.75,15617.75,15618,43,0,15610.63039
4/11/2023 19:47,15618.5,15618.5,15616.75,15617,27,0,15610.67718
4/11/2023 19:48,15617.5,15617.5,15616.75,15617,20,0,15610.70973
4/11/2023 19:49,15616.75,15617.5,15616.25,15616.75,26,0,15610.74992
4/11/2023 19:50,15616.25,15617,15616,15617,20,0,15610.77963
4/11/2023 19:51,15617.25,15618.25,15616.25,15616.5,44,0,15610.84762
4/11/2023 19:52,15616.5,15617.25,15615.5,15615.5,46,0,15610.90676
4/11/2023 19:53,15615.75,15617.25,15615.25,15616.75,32,0,15610.94972
4/11/2023 19:54,15617,15618,15616.75,15616.75,19,0,15610.97837
4/11/2023 19:55,15617.75,15618,15616.75,15618,28,0,15611.02293
4/11/2023 19:56,15617.75,15618,15617.5,15617.5,17,0,15611.05002
4/11/2023 19:57,15618,15618.5,15616.5,15617.25,40,0,15611.11054
4/11/2023 19:58,15617.5,15618,15616.75,15617.25,21,0,15611.14144
4/11/2023 19:59,15616.75,15617,15616,15616.25,26,0,15611.17368
4/11/2023 20:00,15616.25,15616.25,15613.75,15614.25,68,0,15611.22993
4/11/2023 20:01,15614.25,15617.5,15613,15616.75,94,0,15611.32613
4/11/2023 20:02,15616.75,15617.25,15615.25,15617.25,52,0,15611.3873
4/11/2023 20:03,15617.5,15617.75,15615.75,15616.5,28,0,15611.42017
4/11/2023 20:04,15616,15617.5,15616,15617,15,0,15611.43816
4/11/2023 20:05,15617.25,15617.25,15616.25,15616.75,17,0,15611.4581
4/11/2023 20:06,15617.5,15618.5,15616.5,15616.5,44,0,15611.51303
4/11/2023 20:07,15616.25,15616.5,15615,15615.25,18,0,15611.52899
4/11/2023 20:08,15615,15617.5,15614.75,15614.75,33,0,15611.55852
4/11/2023 20:09,15614.75,15615,15613.75,15613.75,16,0,15611.56751
4/11/2023 20:10,15614,15614,15610.75,15611.5,58,0,15611.57388
4/11/2023 20:11,15611.75,15613.25,15610.75,15612,83,0,15611.58128
4/11/2023 20:12,15611.5,15613.75,15611.5,15612.5,55,0,15611.59267
4/11/2023 20:13,15613,15614.5,15613,15614.5,29,0,15611.60702
4/11/2023 20:14,15614.5,15615,15614.25,15614.75,18,0,15611.6183
4/11/2023 20:15,15615.25,15616.5,15615.25,15615.75,29,0,15611.64319
4/11/2023 20:16,15615,15616,15613.75,15614.25,38,0,15611.6664
4/11/2023 20:17,15613.75,15613.75,15611.25,15611.75,79,0,15611.67557
4/11/2023 20:18,15611.25,15611.75,15608.25,15611,115,0,15611.64556
4/11/2023 20:19,15610,15610.75,15608.75,15610.5,54,0,15611.62846
4/11/2023 20:20,15610.25,15611,15609.75,15610,22,0,15611.62265
4/11/2023 20:21,15609.25,15612.5,15608.75,15611.25,91,0,15611.60913
4/11/2023 20:22,15611,15611,15605.5,15607,195,0,15611.47541
4/11/2023 20:23,15607.25,15607.5,15605.75,15606.75,130,0,15611.36449
4/11/2023 20:24,15606.75,15606.75,15603.75,15605.25,121,0,15611.23597
4/11/2023 20:25,15605.5,15606.5,15605,15606.5,41,0,15611.19895
4/11/2023 20:26,15607,15607.5,15605,15607.5,46,0,15611.16327
4/11/2023 20:27,15607.5,15607.5,15604.25,15604.25,45,0,15611.11872
4/11/2023 20:28,15604.75,15605.75,15604.5,15605.75,40,0,15611.07969
4/11/2023 20:29,15605.5,15607.5,15605.5,15606.75,44,0,15611.04657
4/11/2023 20:30,15606.75,15607.75,15606.75,15607.75,18,0,15611.03566
4/11/2023 20:31,15607.75,15607.75,15606.25,15606.25,27,0,15611.01644
4/11/2023 20:32,15606,15609,15605.25,15608.25,69,0,15610.97658
4/11/2023 20:33,15609,15609.25,15606.5,15607.25,49,0,15610.95014
4/11/2023 20:34,15607.75,15609.75,15607.75,15609.25,35,0,15610.93861
4/11/2023 20:35,15609.5,15610.75,15608.5,15609.25,70,0,15610.92248
4/11/2023 20:36,15608.75,15610,15608.75,15609.25,22,0,15610.91689
4/11/2023 20:37,15609.75,15610.75,15607.75,15609.25,91,0,15610.89302
4/11/2023 20:38,15609.75,15610,15609,15609.75,53,0,15610.88219
4/11/2023 20:39,15609.5,15610,15608,15608,18,0,15610.87598
4/11/2023 20:40,15607.5,15607.75,15605.75,15605.75,74,0,15610.8252
4/11/2023 20:41,15605.5,15605.5,15601,15604.5,256,0,15610.55391
4/11/2023 20:42,15604.5,15606.75,15604.5,15606,66,0,15610.50743
4/11/2023 20:43,15606,15608,15606,15606.75,70,0,15610.47095
4/11/2023 20:44,15606.5,15608,15606.25,15607.25,22,0,15610.46044
4/11/2023 20:45,15607.25,15608.75,15607.25,15608.25,43,0,15610.44574
4/11/2023 20:46,15608.25,15608.25,15605.25,15606.25,76,0,15610.404
4/11/2023 20:47,15605.75,15607.25,15605,15606.75,20,0,15610.39245
4/11/2023 20:48,15607,15608.25,15606.75,15607.75,25,0,15610.38253
4/11/2023 20:49,15607.75,15609,15607.5,15607.5,21,0,15610.37548
4/11/2023 20:50,15607.25,15608,15607.25,15607.75,14,0,15610.37015
4/11/2023 20:51,15608,15608.5,15607,15607.25,19,0,15610.36272
4/11/2023 20:52,15607.75,15609,15607.25,15608.5,41,0,15610.35065
4/11/2023 20:53,15608.75,15609.5,15606.75,15607.25,44,0,15610.3353
4/11/2023 20:54,15607.25,15608.25,15607.25,15608.25,8,0,15610.33262
4/11/2023 20:55,15608,15608,15607,15607.5,33,0,15610.31974
4/11/2023 20:56,15608,15609,15608,15608.5,18,0,15610.31523
4/11/2023 20:57,15608.5,15609.5,15607.75,15607.75,39,0,15610.30467
4/11/2023 20:58,15607.5,15607.75,15606.75,15607.25,21,0,15610.29592
4/11/2023 20:59,15607.25,15608.5,15607.25,15608.5,11,0,15610.29261
4/11/2023 21:00,15608.25,15609,15608.25,15608.5,19,0,15610.2882
4/11/2023 21:01,15608.25,15610.75,15606.75,15609.75,132,0,15610.26698
4/11/2023 21:02,15609.25,15610.5,15609,15610.5,29,0,15610.26596
4/11/2023 21:03,15610.5,15615,15610.25,15615,125,0,15610.31743
4/11/2023 21:04,15614.5,15614.5,15612,15612.25,67,0,15610.34
4/11/2023 21:05,15612.25,15613,15610.75,15611.5,32,0,15610.34582
4/11/2023 21:06,15611,15612.5,15611,15612.5,29,0,15610.35198
4/11/2023 21:07,15612,15612.25,15608.75,15609.25,79,0,15610.34928
4/11/2023 21:08,15609.75,15610.25,15609.25,15610.25,16,0,15610.3484
4/11/2023 21:09,15610,15610.5,15606.75,15608,57,0,15610.33452
4/11/2023 21:10,15608.25,15608.25,15607.5,15607.5,15,0,15610.32964
4/11/2023 21:11,15607.5,15608,15607.25,15607.25,23,0,15610.32147
4/11/2023 21:12,15607.25,15608,15604.25,15607.25,112,0,15610.26851
4/11/2023 21:13,15606.75,15608,15606.75,15607.75,32,0,15610.25759
4/11/2023 21:14,15608.25,15610,15608,15609.25,36,0,15610.2524
4/11/2023 21:15,15609.5,15609.75,15608.25,15608.5,27,0,15610.24772
4/11/2023 21:16,15608.75,15609.75,15608.25,15609.25,24,0,15610.24431
4/11/2023 21:17,15608.5,15610.25,15608,15609.75,16,0,15610.24253
4/11/2023 21:18,15610,15610.5,15609.75,15610,21,0,15610.24213
4/11/2023 21:19,15610.5,15611,15606.25,15607,165,0,15610.19973
4/11/2023 21:20,15606.75,15607,15605.25,15605.25,20,0,15610.18937
4/11/2023 21:21,15606.5,15607.25,15604.25,15604.25,68,0,15610.1498
4/11/2023 21:22,15603.75,15604.5,15602,15602.75,111,0,15610.05861
4/11/2023 21:23,15603.25,15605.5,15602,15602.75,122,0,15609.96571
4/11/2023 21:24,15602.5,15603.75,15601.5,15603.25,47,0,15609.92749
4/11/2023 21:25,15603.5,15604.75,15603.25,15604.25,50,0,15609.89436
4/11/2023 21:26,15604,15604,15602.75,15604,25,0,15609.87652
4/11/2023 21:27,15604.5,15604.75,15603.5,15603.5,17,0,15609.86509
4/11/2023 21:28,15603.5,15604.75,15603.5,15604,19,0,15609.85272
4/11/2023 21:29,15604,15604,15601.25,15603,52,0,15609.81137
4/11/2023 21:30,15603.25,15603.25,15601.75,15602,40,0,15609.77804
4/11/2023 21:31,15601.75,15602.5,15599.25,15602.25,199,0,15609.59482
4/11/2023 21:32,15603.25,15603.25,15602,15602.5,26,0,15609.575
4/11/2023 21:33,15602.25,15602.5,15601,15601.5,25,0,15609.55356
4/11/2023 21:34,15602,15603.5,15601.75,15602.75,50,0,15609.51643
4/11/2023 21:35,15603,15603.5,15601.75,15602.75,31,0,15609.4936
4/11/2023 21:36,15602.5,15602.75,15600.75,15601.25,51,0,15609.45048
4/11/2023 21:37,15601,15601.5,15599.5,15600,45,0,15609.40684
4/11/2023 21:38,15599.5,15599.5,15594.75,15595.75,284,0,15609.03321
4/11/2023 21:39,15596.25,15597.5,15594,15594.75,108,0,15608.88303
4/11/2023 21:40,15594.25,15597,15591.25,15596.75,164,0,15608.65434
4/11/2023 21:41,15597,15600,15597,15599.25,159,0,15608.49865
4/11/2023 21:42,15599.75,15600,15596.5,15596.75,224,0,15608.26577
4/11/2023 21:43,15596.25,15598,15595.5,15596.75,118,0,15608.13583
4/11/2023 21:44,15596.5,15598,15595.5,15596.75,80,0,15608.04938
4/11/2023 21:45,15596.25,15598.5,15596.25,15597.75,47,0,15608.00254
4/11/2023 21:46,15598,15598.25,15595.5,15596.5,31,0,15607.96967
4/11/2023 21:47,15595.75,15597.5,15595.75,15596.25,21,0,15607.94703
4/11/2023 21:48,15596.75,15597.25,15594.75,15595.75,61,0,15607.87842
4/11/2023 21:49,15596,15596.5,15595,15596,27,0,15607.8481
4/11/2023 21:50,15595.75,15597,15594.5,15596.25,42,0,15607.80155
4/11/2023 21:51,15596.75,15598.25,15596.75,15598.25,41,0,15607.76342
4/11/2023 21:52,15598.5,15598.5,15597,15598,35,0,15607.73136
4/11/2023 21:53,15597.5,15600,15597.25,15600,54,0,15607.6885
4/11/2023 21:54,15599.75,15600.5,15599,15599.75,43,0,15607.6573
4/11/2023 21:55,15599.5,15602.25,15598.75,15601.75,96,0,15607.59866
4/11/2023 21:56,15601.75,15602.75,15600.75,15602,80,0,15607.55716
4/11/2023 21:57,15601.75,15603,15601.5,15602.75,36,0,15607.54056
4/11/2023 21:58,15601.75,15602.25,15600.25,15601.25,67,0,15607.50299
4/11/2023 21:59,15601.5,15602.25,15601.5,15601.5,11,0,15607.49736
4/11/2023 22:00,15601.25,15602.25,15601,15602,19,0,15607.48765
4/11/2023 22:01,15601.75,15604.5,15601.75,15603.25,114,0,15607.4443
4/11/2023 22:02,15603.75,15606.25,15603,15604,117,0,15607.41344
4/11/2023 22:03,15603.75,15604.5,15603.25,15604.25,22,0,15607.40691
4/11/2023 22:04,15604.25,15604.5,15603.5,15604.25,21,0,15607.40085
4/11/2023 22:05,15604.75,15604.75,15603,15603,32,0,15607.39028
4/11/2023 22:06,15603.5,15604.25,15602.5,15603.75,46,0,15607.37485
4/11/2023 22:07,15603.75,15604.25,15602.25,15603.25,47,0,15607.3582
4/11/2023 22:08,15603.75,15604,15602.25,15602.25,28,0,15607.34735
4/11/2023 22:09,15602.5,15602.5,15601.75,15602.25,18,0,15607.33938
4/11/2023 22:10,15602,15602,15600.75,15601.25,37,0,15607.32043
4/11/2023 22:11,15601,15601.75,15599.75,15601,47,0,15607.29454
4/11/2023 22:12,15600.75,15601.25,15600.5,15601,17,0,15607.28535
4/11/2023 22:13,15601,15603.25,15601,15603.25,34,0,15607.27159
4/11/2023 22:14,15603,15603.5,15602.25,15602.25,31,0,15607.25956
4/11/2023 22:15,15601.75,15603,15601.75,15602.75,8,0,15607.25635
4/11/2023 22:16,15602.25,15603.75,15601.75,15603.5,31,0,15607.24526
4/11/2023 22:17,15603.25,15603.75,15602.5,15602.5,24,0,15607.23654
4/11/2023 22:18,15603.25,15604.75,15602.75,15603.25,60,0,15607.21825
4/11/2023 22:19,15603.25,15603.25,15601.75,15602.25,57,0,15607.19552
4/11/2023 22:20,15602.75,15603,15601.5,15602.75,23,0,15607.1864
4/11/2023 22:21,15603,15603.5,15601.75,15602,28,0,15607.17536
4/11/2023 22:22,15602,15602,15601,15601.75,22,0,15607.1652
4/11/2023 22:23,15601.75,15602,15601.25,15601.75,13,0,15607.15931
4/11/2023 22:24,15601.25,15601.25,15600,15600,19,0,15607.14876
4/11/2023 22:25,15599.75,15600.5,15599,15600.5,29,0,15607.13173
4/11/2023 22:26,15600.25,15601.25,15599.75,15601,24,0,15607.119
4/11/2023 22:27,15600.25,15601.5,15600.25,15600.75,12,0,15607.11283
4/11/2023 22:28,15600.75,15600.75,15599,15599.25,23,0,15607.09883
4/11/2023 22:29,15599.25,15599.75,15598.5,15599.75,40,0,15607.07351
4/11/2023 22:30,15600,15600.5,15599.5,15599.5,21,0,15607.06115
4/11/2023 22:31,15599.5,15600.25,15598,15598,42,0,15607.03285
4/11/2023 22:32,15598,15598.75,15597.75,15598.5,32,0,15607.01034
4/11/2023 22:33,15598,15598.75,15597.5,15597.5,25,0,15606.99199
4/11/2023 22:34,15597.75,15599,15597.75,15598,26,0,15606.97369
4/11/2023 22:35,15597.75,15598.25,15597.5,15597.75,19,0,15606.95972
4/11/2023 22:36,15597.5,15598.25,15597.5,15598.25,22,0,15606.9439
4/11/2023 22:37,15598.25,15599.5,15595.75,15598.25,81,0,15606.88505
4/11/2023 22:38,15598.25,15599.25,15598.25,15598.75,65,0,15606.8431
4/11/2023 22:39,15599.25,15600.75,15599.25,15599.75,40,0,15606.82119
4/11/2023 22:40,15599.75,15599.75,15599,15599.25,12,0,15606.81409
4/11/2023 22:41,15599.5,15602.75,15599.5,15602.75,75,0,15606.78377
4/11/2023 22:42,15603,15603,15601.5,15601.75,25,0,15606.77456
4/11/2023 22:43,15602.25,15602.5,15601.75,15601.75,3,0,15606.77344
4/11/2023 22:44,15602.25,15603.5,15601.75,15603.5,25,0,15606.7659
4/11/2023 22:45,15603.25,15603.75,15602.75,15603.75,20,0,15606.76067
4/11/2023 22:46,15603.75,15604.25,15603.25,15603.25,35,0,15606.75201
4/11/2023 22:47,15603,15603,15601.25,15601.75,12,0,15606.74757
4/11/2023 22:48,15602.25,15602.25,15602,15602,8,0,15606.74467
4/11/2023 22:49,15601.25,15601.25,15600,15600,19,0,15606.73533
4/11/2023 22:50,15599.75,15600,15598.25,15599.25,62,0,15606.69907
4/11/2023 22:51,15599.25,15600.5,15599.25,15600,14,0,15606.69174
4/11/2023 22:52,15599.75,15600.25,15599.25,15599.5,17,0,15606.68253
4/11/2023 22:53,15599.25,15599.25,15598.25,15598.25,15,0,15606.67318
4/11/2023 22:54,15598.5,15599.25,15598.5,15598.75,19,0,15606.66173
4/11/2023 22:55,15599.25,15599.25,15598.75,15598.75,9,0,15606.65637
4/11/2023 22:56,15599.25,15599.5,15598,15598.75,15,0,15606.64727
4/11/2023 22:57,15598.5,15598.75,15597.25,15597.5,28,0,15606.62837
4/11/2023 22:58,15597.5,15598,15597,15598,12,0,15606.62014
4/11/2023 22:59,15598.25,15600.75,15598.25,15600.25,24,0,15606.60755
4/11/2023 23:00,15600.25,15602.75,15600,15602,40,0,15606.59225
4/11/2023 23:01,15602.25,15602.75,15601.25,15601.25,43,0,15606.57645
4/11/2023 23:02,15601.75,15601.75,15599.25,15599.5,39,0,15606.55753
4/11/2023 23:03,15600,15600,15599,15599.5,13,0,15606.5506
4/11/2023 23:04,15598.75,15599.25,15598.25,15598.25,18,0,15606.53977
4/11/2023 23:05,15598.25,15598.75,15597.75,15598.5,18,0,15606.52863
4/11/2023 23:06,15598.25,15600,15598,15599.5,46,0,15606.50319
4/11/2023 23:07,15600,15600,15599.25,15599.75,18,0,15606.49396
4/11/2023 23:08,15599.25,15599.25,15599.25,15599.25,2,0,15606.49287
4/11/2023 23:09,15598.75,15599.25,15598,15598,14,0,15606.4844
4/11/2023 23:10,15597.75,15599.25,15597.5,15599.25,23,0,15606.47095
4/11/2023 23:11,15599.25,15599.75,15599.25,15599.5,10,0,15606.46574
4/11/2023 23:12,15599.75,15600.25,15599.25,15599.75,13,0,15606.45922
4/11/2023 23:13,15600.25,15600.5,15599.25,15599.25,17,0,15606.45061
4/11/2023 23:14,15599,15599.25,15598.25,15598.25,16,0,15606.44123
4/11/2023 23:15,15598.25,15599.5,15598.25,15599.25,15,0,15606.43293
4/11/2023 23:16,15599.5,15599.5,15598.75,15599,10,0,15606.42746
4/11/2023 23:17,15599,15599.5,15598.25,15598.25,9,0,15606.42227
4/11/2023 23:18,15597.5,15598.25,15597.25,15598.25,18,0,15606.41091
4/11/2023 23:19,15598.25,15598.75,15597.5,15597.5,17,0,15606.40021
4/11/2023 23:20,15597.25,15598.75,15597.25,15598.75,17,0,15606.38995
4/11/2023 23:21,15598.5,15599.75,15598,15598.5,26,0,15606.37528
4/11/2023 23:22,15599,15599.5,15599,15599.5,11,0,15606.36956
4/11/2023 23:23,15599.5,15600.25,15598.75,15599.75,38,0,15606.35058
4/11/2023 23:24,15599.75,15599.75,15598.75,15599.75,24,0,15606.33835
4/11/2023 23:25,15599.25,15599.75,15598.75,15599,9,0,15606.33361
4/11/2023 23:26,15598.5,15600,15598.5,15599.25,21,0,15606.3227
4/11/2023 23:27,15599,15600,15599,15599.75,7,0,15606.31924
4/11/2023 23:28,15599.5,15600.25,15599.5,15600,17,0,15606.31128
4/11/2023 23:29,15600,15600.25,15599.25,15600.25,11,0,15606.30613
4/11/2023 23:30,15600,15600.5,15599.5,15599.75,15,0,15606.29913
4/11/2023 23:31,15599.75,15600.25,15599.5,15599.75,14,0,15606.29253
4/11/2023 23:32,15599.25,15599.75,15598.25,15599.75,23,0,15606.28073
4/11/2023 23:33,15599.75,15601.25,15599.75,15600.5,24,0,15606.27064
4/11/2023 23:34,15600,15601,15600,15600.75,13,0,15606.26526
4/11/2023 23:35,15600.75,15601.5,15600.5,15600.5,21,0,15606.25699
4/11/2023 23:36,15600.75,15602.25,15600,15601.5,65,0,15606.23349
4/11/2023 23:37,15601.25,15602.25,15601,15601.75,15,0,15606.22855
4/11/2023 23:38,15601.5,15602,15600,15600.25,31,0,15606.21632
4/11/2023 23:39,15600,15601,15600,15600.75,42,0,15606.19935
4/11/2023 23:40,15600.5,15600.75,15598.25,15600.25,106,0,15606.15067
4/11/2023 23:41,15599.75,15600.75,15599.5,15600.25,22,0,15606.14131
4/11/2023 23:42,15600.25,15600.75,15599.5,15600.25,26,0,15606.13028
4/11/2023 23:43,15600.5,15601,15600,15600,5,0,15606.12823
4/11/2023 23:44,15600.25,15600.25,15600,15600,2,0,15606.12737
4/11/2023 23:45,15599.5,15600.5,15599,15599.75,20,0,15606.11834
4/11/2023 23:46,15599.75,15600.25,15599,15599,16,0,15606.11075
4/11/2023 23:47,15599,15599.75,15598.75,15599.75,18,0,15606.10224
4/11/2023 23:48,15599,15599,15596,15597,98,0,15606.04193
4/11/2023 23:49,15597,15597.25,15595.25,15595.25,80,0,15605.9854
4/11/2023 23:50,15595.75,15598,15595.5,15598,46,0,15605.95719
4/11/2023 23:51,15597.5,15598,15596.5,15597,16,0,15605.94741
4/11/2023 23:52,15597.25,15597.75,15596.5,15596.75,35,0,15605.92571
4/11/2023 23:53,15596.25,15597.75,15596.25,15597.75,6,0,15605.9221
4/11/2023 23:54,15597.25,15599.75,15597.25,15599,37,0,15605.90355
4/11/2023 23:55,15599.5,15599.5,15598.75,15598.75,12,0,15605.89783
4/11/2023 23:56,15599,15599,15599,15599,1,0,15605.89735
4/11/2023 23:57,15598.5,15598.5,15597,15597.25,26,0,15605.88245
4/11/2023 23:58,15597.25,15598.25,15596.75,15597.5,27,0,15605.86688
4/11/2023 23:59,15598,15598,15597.25,15597.75,13,0,15605.85956
4/12/2023 0:00,15597.75,15598.25,15597.5,15597.75,22,0,15605.84744
4/12/2023 0:01,15597.75,15597.75,15596.5,15597.25,27,0,15605.83138
4/12/2023 0:02,15597,15597.5,15596.25,15596.5,28,0,15605.814
4/12/2023 0:03,15596.25,15597.5,15596.25,15597.25,18,0,15605.80316
4/12/2023 0:04,15597,15597.25,15596,15596.5,21,0,15605.78996
4/12/2023 0:05,15596.25,15596.5,15595.75,15596.25,37,0,15605.76574
4/12/2023 0:06,15596.75,15598.25,15596.75,15597.5,17,0,15605.75619
4/12/2023 0:07,15597.25,15597.75,15596,15596.5,38,0,15605.733
4/12/2023 0:08,15596.5,15597.25,15595.75,15596.5,28,0,15605.71552
4/12/2023 0:09,15596.25,15596.25,15595.75,15596,16,0,15605.70501
4/12/2023 0:10,15596.25,15596.25,15595.25,15595.25,16,0,15605.69408
4/12/2023 0:11,15595.25,15596,15595,15595.25,22,0,15605.67885
4/12/2023 0:12,15595.75,15597.5,15595.75,15597.25,15,0,15605.66991
4/12/2023 0:13,15597.75,15598,15597,15597.5,16,0,15605.66112
4/12/2023 0:14,15597,15597.75,15596.75,15597.75,19,0,15605.6506
4/12/2023 0:15,15597.25,15597.75,15597.25,15597.75,5,0,15605.6479
4/12/2023 0:16,15598,15598,15597.25,15597.25,20,0,15605.63697
4/12/2023 0:17,15597.5,15598.5,15597.5,15598,16,0,15605.62878
4/12/2023 0:18,15598,15599,15598,15598.5,42,0,15605.60879
4/12/2023 0:19,15598.5,15600.5,15598.25,15599.25,41,0,15605.59165
4/12/2023 0:20,15599.25,15600,15598.75,15600,33,0,15605.57847
4/12/2023 0:21,15600,15601.25,15600,15601,41,0,15605.56535
4/12/2023 0:22,15600.75,15601.25,15600.75,15600.75,22,0,15605.55858
4/12/2023 0:23,15600.5,15602,15600.25,15602,38,0,15605.54819
4/12/2023 0:24,15602,15602.75,15601,15601,87,0,15605.52555
4/12/2023 0:25,15600.75,15601.5,15600.5,15600.5,14,0,15605.52124
4/12/2023 0:26,15600.25,15600.75,15600.25,15600.5,17,0,15605.51565
4/12/2023 0:27,15600.5,15601.5,15600.5,15601,7,0,15605.51358
4/12/2023 0:28,15601,15601.25,15600.25,15601,14,0,15605.50929
4/12/2023 0:29,15601.5,15601.5,15600.5,15601.25,10,0,15605.5064
4/12/2023 0:30,15601.5,15601.5,15600.25,15600.75,13,0,15605.50243
4/12/2023 0:31,15600,15601.75,15600,15601.25,22,0,15605.49597
4/12/2023 0:32,15601.75,15601.75,15600,15600.75,16,0,15605.49111
4/12/2023 0:33,15600.5,15600.75,15599.75,15600.5,26,0,15605.48238
4/12/2023 0:34,15601,15601.25,15600.5,15600.75,15,0,15605.47785
4/12/2023 0:35,15600.75,15601.25,15600.25,15601.25,20,0,15605.47193
4/12/2023 0:36,15601.5,15601.75,15601.25,15601.5,12,0,15605.46884
4/12/2023 0:37,15601.25,15602.75,15601.25,15602.5,17,0,15605.4652
4/12/2023 0:38,15602.25,15602.5,15601.75,15602,14,0,15605.46214
4/12/2023 0:39,15602.25,15603.5,15602,15602.5,38,0,15605.45528
4/12/2023 0:40,15602.5,15603,15601.75,15603,9,0,15605.45361
4/12/2023 0:41,15603,15607.5,15603,15607.25,172,0,15605.45869
4/12/2023 0:42,15607.25,15608.25,15606,15607,89,0,15605.46787
4/12/2023 0:43,15607,15608,15606.25,15608,64,0,15605.47575
4/12/2023 0:44,15608.25,15609.75,15607.25,15608,89,0,15605.49174
4/12/2023 0:45,15608.75,15608.75,15606.75,15607,45,0,15605.4974
4/12/2023 0:46,15607.5,15608,15603,15604,111,0,15605.49396
4/12/2023 0:47,15603.5,15604,15602.5,15602.5,86,0,15605.48069
4/12/2023 0:48,15602.75,15603.5,15601.5,15603.25,50,0,15605.47226
4/12/2023 0:49,15603.25,15603.5,15603,15603,7,0,15605.47126
4/12/2023 0:50,15603.25,15603.25,15603,15603,12,0,15605.4695
4/12/2023 0:51,15602.5,15602.75,15601.5,15602.5,37,0,15605.46217
4/12/2023 0:52,15602.25,15603.25,15602.25,15602.75,28,0,15605.45751
4/12/2023 0:53,15602.75,15603.25,15602.75,15603,11,0,15605.45585
4/12/2023 0:54,15603.25,15604,15599.25,15600.25,167,0,15605.41235
4/12/2023 0:55,15600,15601.75,15598.5,15599.75,110,0,15605.37643
4/12/2023 0:56,15599.75,15600,15598.25,15598.5,51,0,15605.35662
4/12/2023 0:57,15598.25,15599.25,15598.25,15598.75,17,0,15605.34987
4/12/2023 0:58,15598.5,15599,15598,15598,24,0,15605.33977
4/12/2023 0:59,15598.5,15599.5,15598.5,15598.75,19,0,15605.33245
4/12/2023 1:00,15599,15600,15599,15600,29,0,15605.32263
4/12/2023 1:01,15599.75,15600.75,15599.25,15600.25,49,0,15605.30731
4/12/2023 1:02,15600.75,15601,15599.25,15599.75,70,0,15605.28524
4/12/2023 1:03,15599.25,15600.25,15598.75,15600.25,23,0,15605.27769
4/12/2023 1:04,15600.5,15603.5,15600.5,15601.25,94,0,15605.25813
4/12/2023 1:05,15601,15602.25,15600.75,15601.75,23,0,15605.25315
4/12/2023 1:06,15602,15602.25,15601.75,15602.25,8,0,15605.25166
4/12/2023 1:07,15601.75,15602.5,15601.5,15602.5,10,0,15605.24984
4/12/2023 1:08,15602,15602.5,15602,15602.5,4,0,15605.24916
4/12/2023 1:09,15602.25,15603.5,15601.25,15603.25,30,0,15605.24461
4/12/2023 1:10,15603.5,15603.5,15602.25,15602.25,20,0,15605.24158
4/12/2023 1:11,15602,15603,15601.25,15602.5,63,0,15605.23057
4/12/2023 1:12,15602.5,15602.75,15601.75,15601.75,19,0,15605.22708
4/12/2023 1:13,15601.5,15601.5,15598.75,15599.25,77,0,15605.20294
4/12/2023 1:14,15599,15599.5,15598.25,15598.75,55,0,15605.18264
4/12/2023 1:15,15599.5,15600,15597,15597,54,0,15605.16024
4/12/2023 1:16,15597.25,15598,15596,15597.25,59,0,15605.13281
4/12/2023 1:17,15596.75,15599.75,15596.75,15597.25,100,0,15605.09152
4/12/2023 1:18,15597.5,15598.75,15597.5,15598.75,29,0,15605.08032
4/12/2023 1:19,15598.25,15598.5,15597,15597.25,45,0,15605.06109
4/12/2023 1:20,15598,15599.25,15598,15599.25,22,0,15605.0533
4/12/2023 1:21,15599.5,15600.5,15598.75,15600.25,35,0,15605.04292
4/12/2023 1:22,15600.25,15601.25,15600.25,15601.25,24,0,15605.0373
4/12/2023 1:23,15601,15602.75,15601,15602.5,47,0,15605.02945
4/12/2023 1:24,15601.75,15602.5,15600.5,15601,46,0,15605.01985
4/12/2023 1:25,15601,15601.25,15600.25,15601.25,14,0,15605.01661
4/12/2023 1:26,15601,15601.75,15600.75,15600.75,20,0,15605.01218
4/12/2023 1:27,15600.5,15601.25,15600.25,15600.75,10,0,15605.00978
4/12/2023 1:28,15600.5,15600.5,15599,15599.25,20,0,15605.00368
4/12/2023 1:29,15598.75,15599.25,15597.75,15597.75,24,0,15604.99458
4/12/2023 1:30,15599,15599.75,15599,15599.5,20,0,15604.98832
4/12/2023 1:31,15599.75,15599.75,15598.5,15599,31,0,15604.97808
4/12/2023 1:32,15599.25,15600.5,15599.25,15600.5,17,0,15604.97342
4/12/2023 1:33,15600.25,15600.75,15600.25,15600.75,10,0,15604.97097
4/12/2023 1:34,15600,15600,15598.75,15599.5,12,0,15604.96724
4/12/2023 1:35,15599.75,15599.75,15599.5,15599.5,4,0,15604.96604
4/12/2023 1:36,15599.5,15600,15599.25,15599.5,7,0,15604.96394
4/12/2023 1:37,15599.75,15601,15599.75,15600.75,10,0,15604.96145
4/12/2023 1:38,15600.75,15601,15600.5,15601,9,0,15604.95937
4/12/2023 1:39,15601,15602.5,15601,15601.75,27,0,15604.95455
4/12/2023 1:40,15601.75,15604.5,15601.75,15603.75,42,0,15604.95077
4/12/2023 1:41,15603.5,15604.5,15602.75,15602.75,40,0,15604.94718
4/12/2023 1:42,15602,15602.5,15600.75,15600.75,29,0,15604.94138
4/12/2023 1:43,15601,15602.25,15600.75,15602,34,0,15604.93523
4/12/2023 1:44,15602.25,15602.25,15600.25,15600.75,28,0,15604.92928
4/12/2023 1:45,15601.25,15601.25,15598.75,15599.25,118,0,15604.89579
4/12/2023 1:46,15599.75,15601.25,15598.75,15601.25,124,0,15604.86556
4/12/2023 1:47,15600.75,15601.5,15600.5,15601.25,27,0,15604.86001
4/12/2023 1:48,15601,15601,15600.25,15600.5,15,0,15604.85652
4/12/2023 1:49,15600,15600,15599.5,15599.5,12,0,15604.85314
4/12/2023 1:50,15599.5,15600.75,15599.5,15600.25,15,0,15604.84933
4/12/2023 1:51,15599.75,15599.75,15598.75,15599.5,30,0,15604.84037
4/12/2023 1:52,15599.75,15600.75,15599.75,15600.25,22,0,15604.83491
4/12/2023 1:53,15601,15603.25,15601,15602,32,0,15604.83016
4/12/2023 1:54,15601.75,15601.75,15601,15601.5,39,0,15604.82299
4/12/2023 1:55,15601.75,15602,15600.75,15601.5,22,0,15604.81895
4/12/2023 1:56,15601.75,15601.75,15600.5,15601.5,20,0,15604.81512
4/12/2023 1:57,15601.5,15601.75,15601.25,15601.5,18,0,15604.81191
4/12/2023 1:58,15601.75,15602.25,15601.5,15602.25,18,0,15604.8092
4/12/2023 1:59,15602.5,15602.5,15601.5,15601.75,24,0,15604.80548
4/12/2023 2:00,15601.5,15601.75,15600.25,15601.5,34,0,15604.79886
4/12/2023 2:01,15601.25,15603,15599.25,15600,136,0,15604.76963
4/12/2023 2:02,15599.5,15599.75,15598,15598,55,0,15604.75162
4/12/2023 2:03,15598,15599,15598,15598.75,38,0,15604.73924
4/12/2023 2:04,15598.5,15598.5,15597,15597,48,0,15604.72093
4/12/2023 2:05,15597.25,15597.75,15596.5,15596.75,33,0,15604.70752
4/12/2023 2:06,15596.75,15597,15595.75,15596.75,77,0,15604.67441
4/12/2023 2:07,15596.75,15596.75,15593,15593,117,0,15604.6109
4/12/2023 2:08,15593.25,15596,15593.25,15595.25,50,0,15604.58551
4/12/2023 2:09,15595.5,15595.5,15594,15594.75,44,0,15604.56309
4/12/2023 2:10,15594.5,15596,15594.5,15594.75,44,0,15604.54152
4/12/2023 2:11,15594.75,15594.75,15590,15590.25,141,0,15604.44834
4/12/2023 2:12,15590.5,15592.5,15590.5,15591.75,42,0,15604.42067
4/12/2023 2:13,15591.75,15593,15591.25,15591.5,33,0,15604.39957
4/12/2023 2:14,15591.75,15593.5,15591.75,15593.25,29,0,15604.38245
4/12/2023 2:15,15593.5,15593.5,15588,15589.75,133,0,15604.28826
4/12/2023 2:16,15590.25,15591,15586,15587.75,214,0,15604.11608
4/12/2023 2:17,15588.5,15589.25,15587,15589.25,49,0,15604.07779
4/12/2023 2:18,15588.75,15589.25,15586.75,15587.5,86,0,15604.00818
4/12/2023 2:19,15587.5,15590,15587,15588.5,89,0,15603.93971
4/12/2023 2:20,15588.25,15588.5,15587.25,15587.5,41,0,15603.90684
4/12/2023 2:21,15587.5,15589.25,15586.5,15588.25,78,0,15603.84565
4/12/2023 2:22,15588,15590,15586.5,15589,84,0,15603.78235
4/12/2023 2:23,15589,15591.75,15588.75,15589.75,121,0,15603.70142
4/12/2023 2:24,15590,15590.25,15588.75,15589,30,0,15603.6804
4/12/2023 2:25,15588.5,15588.5,15586.75,15587.75,63,0,15603.63137
4/12/2023 2:26,15588.25,15590,15588.25,15589.25,49,0,15603.597
4/12/2023 2:27,15589.25,15589.25,15583,15583.75,246,0,15603.38172
4/12/2023 2:28,15583.75,15584.5,15575.5,15576.25,628,0,15602.66218
4/12/2023 2:29,15576.75,15578.5,15575.75,15576,218,0,15602.40206
4/12/2023 2:30,15576,15577.25,15574,15576.5,234,0,15602.11971
4/12/2023 2:31,15576.25,15579.5,15573.25,15578.5,241,0,15601.84781
4/12/2023 2:32,15578.75,15579,15576,15577.25,135,0,15601.70008
4/12/2023 2:33,15577.25,15577.75,15573,15576.75,138,0,15601.54117
4/12/2023 2:34,15576.5,15579.25,15575.75,15578.5,151,0,15601.38288
4/12/2023 2:35,15578.5,15579.5,15577.5,15579,101,0,15601.28188
4/12/2023 2:36,15579.25,15580.25,15579,15579.25,173,0,15601.11724
4/12/2023 2:37,15579,15579.25,15576.5,15576.75,96,0,15601.0186
4/12/2023 2:38,15577.25,15578.25,15575.75,15578.25,65,0,15600.95205
4/12/2023 2:39,15578.25,15579.25,15577.75,15579,39,0,15600.9144
4/12/2023 2:40,15579,15579.25,15576.75,15577,50,0,15600.86417
4/12/2023 2:41,15576.5,15578,15576.25,15577.75,37,0,15600.8266
4/12/2023 2:42,15577.5,15577.5,15576.5,15577.25,25,0,15600.80102
4/12/2023 2:43,15577.25,15578.75,15577.25,15577.5,37,0,15600.76445
4/12/2023 2:44,15578.25,15579,15578.25,15578.75,42,0,15600.72458
4/12/2023 2:45,15578.75,15580.75,15578.75,15579.75,69,0,15600.6626
4/12/2023 2:46,15579.5,15582.25,15579.5,15582.25,90,0,15600.58838
4/12/2023 2:47,15582.25,15583.75,15582,15583.75,69,0,15600.53724
4/12/2023 2:48,15583,15585,15583,15584,109,0,15600.46092
4/12/2023 2:49,15583.75,15585.75,15583.5,15585.25,107,0,15600.39043
4/12/2023 2:50,15585.25,15585.5,15584,15585,70,0,15600.34467
4/12/2023 2:51,15584.75,15585,15581.75,15583.75,103,0,15600.27206
4/12/2023 2:52,15583.5,15584,15582,15584,70,0,15600.22259
4/12/2023 2:53,15584,15586.5,15584,15586.5,79,0,15600.17477
4/12/2023 2:54,15586.75,15587.75,15584.75,15586,145,0,15600.09081
4/12/2023 2:55,15586,15586.25,15584.75,15584.75,51,0,15600.05958
4/12/2023 2:56,15585.5,15586.75,15585.5,15585.75,40,0,15600.03642
4/12/2023 2:57,15585.5,15585.75,15583.75,15585,81,0,15599.98588
4/12/2023 2:58,15584.75,15586.25,15584.25,15585,41,0,15599.96098
4/12/2023 2:59,15585.25,15587,15583.75,15584.75,65,0,15599.92168
4/12/2023 3:00,15584.75,15585.25,15583.25,15583.75,177,0,15599.80793
4/12/2023 3:01,15583.5,15583.5,15578,15579.5,469,0,15599.44426
4/12/2023 3:02,15580,15583.25,15577,15581.5,205,0,15599.29156
4/12/2023 3:03,15581.5,15585.5,15581.5,15583,136,0,15599.2063
4/12/2023 3:04,15583.5,15584.25,15579,15584,159,0,15599.10208
4/12/2023 3:05,15583.75,15584,15582,15582,69,0,15599.05793
4/12/2023 3:06,15582,15584.5,15581.5,15582.25,76,0,15599.00981
4/12/2023 3:07,15582.5,15583,15581.25,15582.75,78,0,15598.95947
4/12/2023 3:08,15582.75,15585,15580.75,15581,110,0,15598.88864
4/12/2023 3:09,15580.25,15581,15578.75,15580,91,0,15598.82233
4/12/2023 3:10,15579.75,15582,15579.75,15580.75,55,0,15598.78442
4/12/2023 3:11,15580,15580,15576.75,15577.75,106,0,15598.701
4/12/2023 3:12,15578.25,15579.75,15576.5,15579.5,85,0,15598.63595
4/12/2023 3:13,15579.75,15581.5,15579.5,15581,61,0,15598.59434
4/12/2023 3:14,15580.5,15582,15578,15581.75,61,0,15598.55274
4/12/2023 3:15,15582,15582.5,15577.75,15578.75,66,0,15598.50565
4/12/2023 3:16,15579.25,15581.75,15579,15581.5,79,0,15598.45282
4/12/2023 3:17,15581.25,15582.25,15580.75,15582,51,0,15598.42064
4/12/2023 3:18,15582.5,15584.5,15581.25,15584,96,0,15598.36609
4/12/2023 3:19,15583.75,15585,15581.5,15582.25,82,0,15598.31879
4/12/2023 3:20,15581.75,15583,15581,15582.5,71,0,15598.27608
4/12/2023 3:21,15582,15583,15579.75,15583,161,0,15598.17858
4/12/2023 3:22,15583,15585,15583,15584,106,0,15598.12316
4/12/2023 3:23,15584,15586.75,15583,15586.5,111,0,15598.07136
4/12/2023 3:24,15586.5,15588,15585.75,15587.25,97,0,15598.03206
4/12/2023 3:25,15586.5,15587.25,15584.5,15587,83,0,15597.99639
4/12/2023 3:26,15587.25,15589,15586,15587,186,0,15597.92452
4/12/2023 3:27,15587.25,15588,15583.75,15584,107,0,15597.87556
4/12/2023 3:28,15584,15584.5,15582,15582.5,53,0,15597.84716
4/12/2023 3:29,15582.5,15582.5,15578.25,15580,150,0,15597.75257
4/12/2023 3:30,15580.5,15581,15579,15580.5,75,0,15597.70543
4/12/2023 3:31,15580,15580.5,15573.5,15575.25,236,0,15597.52738
4/12/2023 3:32,15575,15579.75,15575,15575.5,144,0,15597.42188
4/12/2023 3:33,15575.5,15576.75,15574.25,15575.5,70,0,15597.36791
4/12/2023 3:34,15575.25,15577.5,15570,15570.75,255,0,15597.14907
4/12/2023 3:35,15570.5,15570.5,15567.5,15569,202,0,15596.95224
4/12/2023 3:36,15568.75,15570.75,15566.5,15566.75,196,0,15596.75713
4/12/2023 3:37,15566.5,15567.5,15563.25,15567,241,0,15596.50367
4/12/2023 3:38,15566.25,15566.75,15564.75,15565.75,70,0,15596.43044
4/12/2023 3:39,15565.5,15567.5,15564,15567.5,117,0,15596.31112
4/12/2023 3:40,15567.5,15568.75,15567.25,15567.75,63,0,15596.25063
4/12/2023 3:41,15567.75,15572.75,15567.5,15572,173,0,15596.10233
4/12/2023 3:42,15572,15577.5,15571.75,15576.75,189,0,15595.97121
4/12/2023 3:43,15576.75,15579.5,15576.75,15578.75,133,0,15595.8932
4/12/2023 3:44,15579,15581.5,15578.5,15579.75,135,0,15595.82179
4/12/2023 3:45,15579.5,15581.25,15579.25,15580.75,69,0,15595.78668
4/12/2023 3:46,15581,15583.25,15581,15582.25,128,0,15595.72934
4/12/2023 3:47,15582,15584.5,15580.75,15581.25,105,0,15595.68266
4/12/2023 3:48,15581.5,15581.5,15578,15579.25,133,0,15595.61277
4/12/2023 3:49,15580.25,15581.5,15579.25,15579.75,76,0,15595.57456
4/12/2023 3:50,15580.5,15584.75,15580.5,15584,96,0,15595.53564
4/12/2023 3:51,15584.25,15587.25,15583,15584.5,279,0,15595.44035
4/12/2023 3:52,15584.25,15585.25,15582,15585.25,61,0,15595.41827
4/12/2023 3:53,15585.5,15587,15583.75,15586.25,119,0,15595.38116
4/12/2023 3:54,15586.25,15586.25,15580.5,15582,135,0,15595.32758
4/12/2023 3:55,15583,15584.5,15581.75,15582,64,0,15595.302
4/12/2023 3:56,15582,15584,15581.5,15583.5,45,0,15595.28444
4/12/2023 3:57,15583.5,15586.25,15583.5,15585,46,0,15595.26933
4/12/2023 3:58,15584.75,15585.25,15583,15584.5,50,0,15595.2519
4/12/2023 3:59,15584.75,15586,15584,15585,45,0,15595.23732
4/12/2023 4:00,15585.5,15587,15585,15586.75,111,0,15595.20592
4/12/2023 4:01,15587,15587.5,15585.25,15587,87,0,15595.18237
4/12/2023 4:02,15586.75,15593.25,15586,15592,287,0,15595.13982
4/12/2023 4:03,15592.25,15594.75,15591.25,15591.5,259,0,15595.11871
4/12/2023 4:04,15592,15596,15591.75,15593,218,0,15595.10845
4/12/2023 4:05,15593.25,15596.25,15592.75,15595.5,110,0,15595.10753
4/12/2023 4:06,15595.25,15598.75,15595,15598,211,0,15595.12125
4/12/2023 4:07,15598,15598,15593.25,15594.25,158,0,15595.12147
4/12/2023 4:08,15594,15596.75,15593.75,15596.75,58,0,15595.12257
4/12/2023 4:09,15596.75,15604.25,15596.75,15603.75,322,0,15595.18471
4/12/2023 4:10,15603.5,15604.75,15601.25,15604.5,150,0,15595.2218
4/12/2023 4:11,15604.25,15608.25,15603.75,15607,281,0,15595.31389
4/12/2023 4:12,15607.25,15608.75,15606,15606.75,212,0,15595.38753
4/12/2023 4:13,15606,15606.75,15604.5,15605.75,107,0,15595.41967
4/12/2023 4:14,15605.75,15607.5,15604.75,15605.25,142,0,15595.46269
4/12/2023 4:15,15606.25,15607,15605.5,15606.25,80,0,15595.48774
4/12/2023 4:16,15606.5,15613.5,15606.5,15613.25,398,0,15595.66587
4/12/2023 4:17,15612.75,15616,15612.25,15612.25,314,0,15595.82513
4/12/2023 4:18,15612.5,15612.75,15610.25,15612,125,0,15595.88125
4/12/2023 4:19,15612.25,15615.5,15611.5,15615.25,113,0,15595.93935
4/12/2023 4:20,15615.25,15615.5,15610,15613.75,199,0,15596.03519
4/12/2023 4:21,15613.75,15614,15609,15612,213,0,15596.12817
4/12/2023 4:22,15612.25,15612.25,15611,15611.5,106,0,15596.17378
4/12/2023 4:23,15611.75,15612.75,15610.75,15612,49,0,15596.19511
4/12/2023 4:24,15612.25,15615.5,15612.25,15613.25,85,0,15596.23631
4/12/2023 4:25,15613,15613.75,15611.5,15612.5,66,0,15596.26618
4/12/2023 4:26,15612,15613,15610,15612.25,139,0,15596.32554
4/12/2023 4:27,15612,15614.25,15611.25,15612.5,203,0,15596.41653
4/12/2023 4:28,15612.75,15614.75,15611.75,15612.25,66,0,15596.44634
4/12/2023 4:29,15612.25,15612.25,15609.75,15611.25,106,0,15596.4887
4/12/2023 4:30,15611.25,15611.25,15609.75,15611,42,0,15596.50494
4/12/2023 4:31,15611,15611.75,15609.5,15610.25,80,0,15596.5354
4/12/2023 4:32,15610.25,15611,15607,15611,292,0,15596.6389
4/12/2023 4:33,15610.75,15611.25,15607,15607.5,125,0,15596.67907
4/12/2023 4:34,15607.75,15609.5,15607.25,15608.5,73,0,15596.70208
4/12/2023 4:35,15608.5,15609,15606.25,15606.5,75,0,15596.72328
4/12/2023 4:36,15606,15609,15605.5,15608.75,125,0,15596.76009
4/12/2023 4:37,15609.25,15610,15607.75,15609.75,51,0,15596.77696
4/12/2023 4:38,15610,15610.5,15607.25,15607.5,66,0,15596.79742
4/12/2023 4:39,15607.75,15608.75,15606.5,15606.75,32,0,15596.80639
4/12/2023 4:40,15606.75,15606.75,15602,15602.75,185,0,15596.8408
4/12/2023 4:41,15603,15603,15600.5,15602,143,0,15596.85963
4/12/2023 4:42,15601.75,15602.5,15601.25,15602.5,55,0,15596.86719
4/12/2023 4:43,15602.5,15603.75,15602,15602.75,55,0,15596.87582
4/12/2023 4:44,15602.75,15602.75,15601.25,15601.75,39,0,15596.88098
4/12/2023 4:45,15602.25,15602.5,15601.5,15602.5,41,0,15596.88667
4/12/2023 4:46,15601.75,15602.25,15600.5,15602,77,0,15596.89614
4/12/2023 4:47,15601.5,15603.25,15601.25,15602.5,67,0,15596.90566
4/12/2023 4:48,15602.75,15603,15601.75,15602.5,39,0,15596.91128
4/12/2023 4:49,15603,15605.75,15603,15605.5,102,0,15596.9321
4/12/2023 4:50,15605.5,15606.25,15604,15604.25,87,0,15596.94996
4/12/2023 4:51,15604.5,15604.5,15603,15604,32,0,15596.95568
4/12/2023 4:52,15604.25,15604.5,15602.75,15604.5,49,0,15596.96453
4/12/2023 4:53,15604.25,15606,15604,15605.75,35,0,15596.97204
4/12/2023 4:54,15605,15605.5,15604.5,15604.5,35,0,15596.97916
4/12/2023 4:55,15604.25,15604.25,15601.75,15603.5,97,0,15596.99466
4/12/2023 4:56,15602.75,15603.25,15601.25,15601.5,60,0,15597.0024
4/12/2023 4:57,15601.25,15602.25,15600.25,15601.5,76,0,15597.01087
4/12/2023 4:58,15601.5,15601.75,15598.75,15598.75,106,0,15597.01832
4/12/2023 4:59,15598.5,15599,15596,15597.5,177,0,15597.0205
4/12/2023 5:00,15596.75,15602,15596.5,15602,105,0,15597.02891
4/12/2023 5:01,15601.75,15603.5,15601,15601.25,86,0,15597.0396
4/12/2023 5:02,15601,15601.5,15599.5,15599.5,67,0,15597.04492
4/12/2023 5:03,15599.5,15601.25,15598.75,15599.5,48,0,15597.04831
4/12/2023 5:04,15599.25,15604,15595,15599.25,508,0,15597.07841
4/12/2023 5:05,15598.75,15601,15598.75,15600.5,61,0,15597.08299
4/12/2023 5:06,15600.5,15600.5,15599.25,15599.25,21,0,15597.08435
4/12/2023 5:07,15599.25,15599.5,15597.5,15597.5,42,0,15597.08548
4/12/2023 5:08,15597.25,15600.5,15596.5,15598.5,43,0,15597.087
4/12/2023 5:09,15598,15600,15596.5,15600,84,0,15597.09065
4/12/2023 5:10,15600,15604,15600,15603,109,0,15597.10482
4/12/2023 5:11,15603.5,15604.75,15602,15602,86,0,15597.11719
4/12/2023 5:12,15601.75,15601.75,15599.5,15601,65,0,15597.12302
4/12/2023 5:13,15601,15601.25,15598.5,15600,30,0,15597.12509
4/12/2023 5:14,15599.5,15600.25,15598.5,15600.25,14,0,15597.12597
4/12/2023 5:15,15599.75,15601,15599.5,15599.75,43,0,15597.1291
4/12/2023 5:16,15599.5,15599.75,15597.5,15597.5,78,0,15597.13126
4/12/2023 5:17,15597.5,15598.75,15597.25,15597.75,55,0,15597.13232
4/12/2023 5:18,15598.75,15599.5,15598.5,15599.25,45,0,15597.13447
4/12/2023 5:19,15599,15599,15596.25,15596.25,51,0,15597.13451
4/12/2023 5:20,15595.75,15596,15594.25,15595.5,136,0,15597.12825
4/12/2023 5:21,15595.25,15595.25,15592,15593.75,116,0,15597.11847
4/12/2023 5:22,15594.25,15595.25,15593.5,15594.75,72,0,15597.11388
4/12/2023 5:23,15594.75,15595.75,15593.25,15595.75,72,0,15597.11004
4/12/2023 5:24,15596.25,15599.75,15596.25,15598.5,137,0,15597.11354
4/12/2023 5:25,15598.5,15599,15597.75,15598.5,26,0,15597.11436
4/12/2023 5:26,15599,15600.75,15597.75,15599.5,109,0,15597.1202
4/12/2023 5:27,15600.5,15603.75,15600.5,15602.5,137,0,15597.13709
4/12/2023 5:28,15603,15603.75,15601.5,15603.25,51,0,15597.14407
4/12/2023 5:29,15603.25,15606.5,15602.75,15603.25,198,0,15597.1773
4/12/2023 5:30,15603.25,15606.75,15603.25,15606,94,0,15597.19558
4/12/2023 5:31,15606,15608.5,15606,15607,178,0,15597.23772
4/12/2023 5:32,15607.25,15607.5,15605.5,15607,95,0,15597.25894
4/12/2023 5:33,15607.5,15609,15607,15607.75,93,0,15597.28237
4/12/2023 5:34,15607.25,15607.75,15607,15607.5,29,0,15597.28931
4/12/2023 5:35,15607.75,15610.5,15607,15609.75,112,0,15597.32043
4/12/2023 5:36,15609.5,15611,15607.75,15608.25,83,0,15597.34323
4/12/2023 5:37,15608,15608,15605,15605.5,96,0,15597.3631
4/12/2023 5:38,15605,15607.5,15604.75,15607,55,0,15597.37477
4/12/2023 5:39,15607.25,15607.5,15606.25,15607.25,30,0,15597.38153
4/12/2023 5:40,15607.5,15608.5,15607.5,15608.5,58,0,15597.39616
4/12/2023 5:41,15607.5,15607.5,15605.25,15607,79,0,15597.4131
4/12/2023 5:42,15606.75,15607,15605.5,15606.25,58,0,15597.42504
4/12/2023 5:43,15606.25,15607.25,15605.75,15607.25,30,0,15597.43156
4/12/2023 5:44,15606.75,15607.25,15606.5,15606.75,21,0,15597.43615
4/12/2023 5:45,15607,15608.5,15605,15605,101,0,15597.45663
4/12/2023 5:46,15605.5,15607,15604,15607,101,0,15597.47663
4/12/2023 5:47,15607.5,15610.25,15607.5,15609.25,65,0,15597.49396
4/12/2023 5:48,15608.75,15610.75,15608.25,15609.25,68,0,15597.51269
4/12/2023 5:49,15608.75,15608.75,15606.25,15606.5,30,0,15597.51937
4/12/2023 5:50,15606.75,15606.75,15603.5,15604.5,87,0,15597.5342
4/12/2023 5:51,15605,15605.75,15604.75,15605.75,32,0,15597.54
4/12/2023 5:52,15605.25,15606.75,15604.25,15606.25,104,0,15597.55961
4/12/2023 5:53,15606.5,15608.75,15606.25,15608.5,54,0,15597.57234
4/12/2023 5:54,15608.5,15610.5,15606.5,15609.75,54,0,15597.58637
4/12/2023 5:55,15609.75,15610.75,15608.75,15608.75,76,0,15597.60693
4/12/2023 5:56,15609.25,15617.25,15609.25,15617,378,0,15597.75172
4/12/2023 5:57,15617,15619.75,15614,15615.25,229,0,15597.8477
4/12/2023 5:58,15615.75,15616,15609.25,15613,237,0,15597.92694
4/12/2023 5:59,15613.25,15613.75,15611,15612.75,59,0,15597.9462
4/12/2023 6:00,15612.75,15615,15612.75,15614.25,69,0,15597.97098
4/12/2023 6:01,15615,15619.25,15615,15617.5,134,0,15598.02861
4/12/2023 6:02,15617.5,15619,15616.25,15617,94,0,15598.06917
4/12/2023 6:03,15617,15618.75,15616.75,15618.75,57,0,15598.09453
4/12/2023 6:04,15618.5,15619.25,15617.5,15618.75,56,0,15598.1199
4/12/2023 6:05,15618.75,15622,15618.5,15620.25,188,0,15598.21189
4/12/2023 6:06,15620.25,15620.5,15618.25,15618.75,106,0,15598.26089
4/12/2023 6:07,15618.5,15619.25,15616.5,15618.5,123,0,15598.31452
4/12/2023 6:08,15618.75,15621.25,15618,15620.25,75,0,15598.34997
4/12/2023 6:09,15621,15623.75,15619.5,15623.25,141,0,15598.4235
4/12/2023 6:10,15623.25,15624.25,15621,15624,163,0,15598.51119
4/12/2023 6:11,15624.25,15625.5,15621.25,15622.25,242,0,15598.6398
4/12/2023 6:12,15622.5,15623.75,15621.75,15623.25,82,0,15598.68293
4/12/2023 6:13,15623,15623.5,15620,15620.5,103,0,15598.73336
4/12/2023 6:14,15620.75,15621.5,15619.75,15621.5,56,0,15598.76018
4/12/2023 6:15,15621,15621,15616.5,15617.5,172,0,15598.83259
4/12/2023 6:16,15617.75,15617.75,15612.25,15613.25,329,0,15598.9421
4/12/2023 6:17,15613.25,15613.75,15610,15611,132,0,15598.97764
4/12/2023 6:18,15611.25,15613,15611.25,15612.25,53,0,15598.99251
4/12/2023 6:19,15613,15615.75,15612.5,15612.5,82,0,15599.01792
4/12/2023 6:20,15612.25,15612.5,15609.75,15610.75,65,0,15599.03444
4/12/2023 6:21,15610.5,15610.5,15608.25,15610.25,108,0,15599.05874
4/12/2023 6:22,15609.75,15610.75,15608.25,15609.75,90,0,15599.07874
4/12/2023 6:23,15609,15609.75,15607.25,15607.75,82,0,15599.0946
4/12/2023 6:24,15607.75,15609,15606,15609,94,0,15599.11221
4/12/2023 6:25,15609.25,15610.75,15608.75,15610.25,55,0,15599.1247
4/12/2023 6:26,15610,15610.25,15607.75,15608.5,65,0,15599.13794
4/12/2023 6:27,15608.75,15610.5,15608.25,15609.25,43,0,15599.14714
4/12/2023 6:28,15609.5,15609.75,15607.5,15609,64,0,15599.16001
4/12/2023 6:29,15609.25,15611.75,15609.25,15611,93,0,15599.18237
4/12/2023 6:30,15610.75,15610.75,15608.75,15609.75,45,0,15599.1923
4/12/2023 6:31,15610,15611.25,15609.25,15610,53,0,15599.20443
4/12/2023 6:32,15610.25,15610.25,15607.25,15608.75,102,0,15599.2247
4/12/2023 6:33,15609,15609.25,15605,15605,134,0,15599.2447
4/12/2023 6:34,15605.25,15608.75,15604.75,15608.25,90,0,15599.25963
4/12/2023 6:35,15608.5,15610.25,15608.25,15608.75,75,0,15599.27487
4/12/2023 6:36,15608,15609.5,15607.5,15609,55,0,15599.28554
4/12/2023 6:37,15608.75,15608.75,15607.5,15608.75,27,0,15599.29058
4/12/2023 6:38,15609,15610.25,15607.25,15607.25,59,0,15599.30149
4/12/2023 6:39,15607.75,15608.5,15607.25,15608.5,35,0,15599.30782
4/12/2023 6:40,15608.5,15608.75,15605,15605.25,83,0,15599.31982
4/12/2023 6:41,15605.25,15606,15603.75,15604.75,92,0,15599.33023
4/12/2023 6:42,15604.75,15604.75,15600.5,15600.75,196,0,15599.34094
4/12/2023 6:43,15601,15603.25,15601,15601.5,95,0,15599.34593
4/12/2023 6:44,15601.75,15602.75,15598.5,15598.5,114,0,15599.34726
4/12/2023 6:45,15599,15601.75,15599,15601.5,68,0,15599.3492
4/12/2023 6:46,15601.5,15604.25,15601.25,15601.75,191,0,15599.36107
4/12/2023 6:47,15602,15603.25,15600.25,15600.75,131,0,15599.36651
4/12/2023 6:48,15600.5,15604.5,15600.5,15604.25,73,0,15599.37198
4/12/2023 6:49,15604,15604.5,15601.75,15601.75,80,0,15599.37729
4/12/2023 6:50,15602.5,15604,15602,15603,48,0,15599.38079
4/12/2023 6:51,15603.25,15604,15602,15602.5,77,0,15599.38613
4/12/2023 6:52,15602.5,15602.5,15601.25,15601.25,43,0,15599.3881
4/12/2023 6:53,15601.25,15601.5,15599.75,15600,46,0,15599.38905
4/12/2023 6:54,15599.75,15601,15599.5,15600.25,43,0,15599.38979
4/12/2023 6:55,15600.75,15600.75,15597.25,15597.75,89,0,15599.38836
4/12/2023 6:56,15597.75,15598.5,15595.5,15596,139,0,15599.38081
4/12/2023 6:57,15596.25,15598,15596.25,15597.25,64,0,15599.37799
4/12/2023 6:58,15597.25,15598.75,15594.5,15595.75,140,0,15599.36952
4/12/2023 6:59,15595.75,15596,15593,15594.25,101,0,15599.3596
4/12/2023 7:00,15593.75,15595.75,15593,15595.25,109,0,15599.34948
4/12/2023 7:01,15596,15597.25,15594.5,15596,175,0,15599.33763
4/12/2023 7:02,15595.75,15597.5,15592.25,15592.75,254,0,15599.31187
4/12/2023 7:03,15592.5,15598.75,15592.5,15595.25,186,0,15599.29801
4/12/2023 7:04,15595.5,15601.75,15594.5,15600.75,175,0,15599.29699
4/12/2023 7:05,15600.5,15602,15599,15599.5,68,0,15599.29814
4/12/2023 7:06,15599,15600.25,15598,15598.25,76,0,15599.29745
4/12/2023 7:07,15598.5,15598.5,15596,15596.25,175,0,15599.28939
4/12/2023 7:08,15596.25,15597.75,15595.5,15596.5,114,0,15599.28343
4/12/2023 7:09,15596.75,15597.25,15594,15594.5,143,0,15599.27232
4/12/2023 7:10,15594.5,15596.75,15594.25,15596,64,0,15599.26788
4/12/2023 7:11,15596,15596.25,15595,15595,18,0,15599.26654
4/12/2023 7:12,15595,15595.25,15593.25,15594.25,76,0,15599.25922
4/12/2023 7:13,15594.25,15598,15594.25,15597.75,103,0,15599.2541
4/12/2023 7:14,15598,15601.25,15598,15600.25,117,0,15599.2554
4/12/2023 7:15,15599.75,15600.5,15599,15599.5,122,0,15599.25636
4/12/2023 7:16,15600,15603,15599.5,15602.25,233,0,15599.26666
4/12/2023 7:17,15602.75,15603,15600.5,15600.5,64,0,15599.26917
4/12/2023 7:18,15600.25,15600.25,15596.25,15596.25,120,0,15599.26534
4/12/2023 7:19,15596,15596,15594.25,15595,111,0,15599.25657
4/12/2023 7:20,15595,15595.25,15590.5,15592.5,180,0,15599.23452
4/12/2023 7:21,15592.25,15592.75,15588.75,15589.25,188,0,15599.20283
4/12/2023 7:22,15589,15591.75,15589,15590.5,106,0,15599.18539
4/12/2023 7:23,15590.5,15592,15590.5,15591.5,48,0,15599.17834
4/12/2023 7:24,15591.25,15591.75,15590,15590.75,86,0,15599.16494
4/12/2023 7:25,15590.5,15592.5,15590,15590.25,95,0,15599.15033
4/12/2023 7:26,15590.25,15590.25,15588.5,15589.5,115,0,15599.12951
4/12/2023 7:27,15589.75,15591.25,15589.25,15589.75,62,0,15599.11909
4/12/2023 7:28,15590,15592,15590,15592,90,0,15599.10609
4/12/2023 7:29,15591.75,15592.5,15591,15591.5,52,0,15599.09892
4/12/2023 7:30,15591.5,15592.25,15590.25,15590.5,41,0,15599.09277
4/12/2023 7:31,15590.75,15594.25,15589.5,15594.25,173,0,15599.07225
4/12/2023 7:32,15594.5,15596.25,15593.25,15594.5,203,0,15599.0558
4/12/2023 7:33,15594.5,15595.25,15593.5,15594.5,72,0,15599.04967
4/12/2023 7:34,15594,15595,15592.75,15593.5,64,0,15599.04344
4/12/2023 7:35,15593.5,15594.25,15592.75,15593,65,0,15599.03664
4/12/2023 7:36,15592.75,15596.75,15592.75,15596.5,103,0,15599.02967
4/12/2023 7:37,15596.5,15598.5,15595.5,15595.75,162,0,15599.02244
4/12/2023 7:38,15596.25,15597.5,15594.25,15594.25,69,0,15599.01781
4/12/2023 7:39,15594,15594.75,15593,15593.5,66,0,15599.01148
4/12/2023 7:40,15592.75,15596,15592,15595.5,98,0,15599.00345
4/12/2023 7:41,15595.75,15598,15595.25,15597,91,0,15598.99974
4/12/2023 7:42,15596.75,15597.5,15595.25,15596.25,72,0,15598.99626
4/12/2023 7:43,15596.25,15604.5,15595.25,15602.75,291,0,15599.00589
4/12/2023 7:44,15602.75,15608,15601.25,15606,356,0,15599.0446
4/12/2023 7:45,15606,15608.75,15605.5,15608.5,150,0,15599.06746
4/12/2023 7:46,15608.5,15609.75,15606.25,15608.25,92,0,15599.08224
4/12/2023 7:47,15608.25,15611.5,15608,15610.5,167,0,15599.11463
4/12/2023 7:48,15610.25,15610.75,15608.25,15608.75,96,0,15599.13188
4/12/2023 7:49,15609,15612,15608.75,15610,89,0,15599.1494
4/12/2023 7:50,15610.25,15611.75,15609.5,15610.5,66,0,15599.16275
4/12/2023 7:51,15610.5,15612.25,15610,15610.5,63,0,15599.17583
4/12/2023 7:52,15610,15610.25,15607.75,15608.5,68,0,15599.18742
4/12/2023 7:53,15608.25,15610.5,15608.25,15610,99,0,15599.20554
4/12/2023 7:54,15610,15613.25,15610,15612,153,0,15599.23926
4/12/2023 7:55,15612.25,15614,15611.75,15613.25,105,0,15599.26459
4/12/2023 7:56,15613.25,15614,15612.25,15613.5,109,0,15599.29127
4/12/2023 7:57,15613.25,15616.25,15613.25,15614.25,138,0,15599.32811
4/12/2023 7:58,15614.5,15618.75,15614.25,15618.25,176,0,15599.3825
4/12/2023 7:59,15618.5,15619.5,15617.25,15619.25,118,0,15599.42202
4/12/2023 8:00,15618.5,15618.75,15615.5,15617.5,149,0,15599.46804
4/12/2023 8:01,15617,15619,15613.75,15614.25,179,0,15599.51812
4/12/2023 8:02,15614.25,15614.5,15607.75,15608.75,352,0,15599.58347
4/12/2023 8:03,15609,15611.25,15606.75,15607.5,171,0,15599.60957
4/12/2023 8:04,15607.25,15609,15606.75,15608.75,116,0,15599.62652
4/12/2023 8:05,15608.5,15608.75,15606,15607,124,0,15599.64264
4/12/2023 8:06,15606.5,15607,15605.25,15606.25,191,0,15599.66381
4/12/2023 8:07,15606.25,15607.25,15604.5,15607.25,152,0,15599.68099
4/12/2023 8:08,15607.5,15607.5,15604,15605.75,153,0,15599.69669
4/12/2023 8:09,15605.75,15609.75,15604.5,15609,235,0,15599.72855
4/12/2023 8:10,15609,15609,15606.5,15608,145,0,15599.74829
4/12/2023 8:11,15608.25,15612.25,15605.5,15612,271,0,15599.79436
4/12/2023 8:12,15611.5,15611.5,15606,15606.75,185,0,15599.81992
4/12/2023 8:13,15606,15606.75,15605.25,15606,91,0,15599.82928
4/12/2023 8:14,15605.75,15605.75,15602.5,15603.5,132,0,15599.83823
4/12/2023 8:15,15603.5,15603.5,15601,15602.25,128,0,15599.84335
4/12/2023 8:16,15602,15602.25,15597.5,15599.25,266,0,15599.84257
4/12/2023 8:17,15599.5,15599.5,15596.25,15597.5,197,0,15599.8358
4/12/2023 8:18,15597.25,15599.75,15595.5,15599.75,183,0,15599.83129
4/12/2023 8:19,15599.25,15600.5,15595.75,15599,290,0,15599.82459
4/12/2023 8:20,15598.5,15598.75,15596.25,15597.5,139,0,15599.81933
4/12/2023 8:21,15597.25,15601.25,15596.75,15600,241,0,15599.81743
4/12/2023 8:22,15600,15601.5,15599.75,15600.5,128,0,15599.81902
4/12/2023 8:23,15601,15603.25,15600.25,15602.5,109,0,15599.82286
4/12/2023 8:24,15602.25,15606.5,15601.75,15606.5,190,0,15599.83845
4/12/2023 8:25,15606,15608,15605,15605.75,218,0,15599.86088
4/12/2023 8:26,15605.75,15605.75,15598.75,15599.25,356,0,15599.86877
4/12/2023 8:27,15599,15601,15597.75,15601,205,0,15599.86893
4/12/2023 8:28,15601.5,15604.75,15597.75,15600,445,0,15599.87571
4/12/2023 8:29,15600,15601.25,15582.75,15587.25,720,0,15599.76935
4/12/2023 8:30,15587.25,15593,15575.25,15577.5,1004,0,15599.49376
4/12/2023 8:31,15582,15709.5,15576.5,15705.5,6266,0,15605.14767
4/12/2023 8:32,15706,15739.75,15702.25,15708.25,3944,0,15610.99704
4/12/2023 8:33,15707.25,15734,15706.75,15730,2706,0,15614.90517
4/12/2023 8:34,15730.25,15747.5,15729.5,15741,2911,0,15619.38432
4/12/2023 8:35,15742,15756,15741,15754.5,2418,0,15623.19102
4/12/2023 8:36,15754.5,15766.5,15749.5,15753,2383,0,15626.89464
4/12/2023 8:37,15753.5,15756.25,15741.25,15748.25,2284,0,15630.05478
4/12/2023 8:38,15747.5,15751.25,15741.5,15745.25,1319,0,15631.76792
4/12/2023 8:39,15744.75,15745,15728.5,15729.25,1880,0,15633.88164
4/12/2023 8:40,15729.25,15731.25,15724,15730.25,1678,0,15635.59201
4/12/2023 8:41,15730.5,15739.25,15730,15733.75,1581,0,15637.24556
4/12/2023 8:42,15734,15738,15731.25,15735.5,612,0,15637.87463
4/12/2023 8:43,15735.75,15736,15715.75,15720,1844,0,15639.51259
4/12/2023 8:44,15719.5,15731,15719.25,15729.25,1461,0,15640.80511
4/12/2023 8:45,15729.25,15736.5,15719,15721.5,1359,0,15641.96203
4/12/2023 8:46,15721.75,15723.75,15704.25,15712.75,1930,0,15643.32235
4/12/2023 8:47,15712.75,15716.5,15700.25,15703,2012,0,15644.55061
4/12/2023 8:48,15702.5,15714,15702.5,15708,1258,0,15645.31363
4/12/2023 8:49,15708,15718.5,15708,15716.75,930,0,15645.92097
4/12/2023 8:50,15717,15717,15700.75,15706.75,1325,0,15646.69076
4/12/2023 8:51,15706,15716.25,15702.75,15715.75,875,0,15647.21644
4/12/2023 8:52,15716,15721.5,15711.5,15718.75,802,0,15647.7326
4/12/2023 8:53,15719,15721.5,15709.75,15712.5,689,0,15648.15322
4/12/2023 8:54,15712.5,15720.25,15712.5,15714.75,405,0,15648.4026
4/12/2023 8:55,15715.25,15719.75,15706.75,15707.5,680,0,15648.78955
4/12/2023 8:56,15707.5,15720.25,15707,15718.75,729,0,15649.22532
4/12/2023 8:57,15718.75,15727.75,15717.5,15723,1039,0,15649.90522
4/12/2023 8:58,15723.75,15726.75,15715,15715.5,619,0,15650.28424
4/12/2023 8:59,15716.25,15716.75,15710.25,15711.5,651,0,15650.6426
4/12/2023 9:00,15711.75,15713.5,15696.75,15698.75,933,0,15651.069
4/12/2023 9:01,15699,15706.25,15688.75,15690.5,1203,0,15651.52725
4/12/2023 9:02,15691,15704.5,15690.25,15699.75,915,0,15651.89299
4/12/2023 9:03,15700.75,15706.25,15698.75,15704.25,661,0,15652.18136
4/12/2023 9:04,15704.25,15706.75,15696.75,15700.5,900,0,15652.55548
4/12/2023 9:05,15699.75,15705.5,15692.5,15699.25,924,0,15652.91626
4/12/2023 9:06,15699.25,15699.5,15686.75,15687.25,825,0,15653.17925
4/12/2023 9:07,15687.75,15698.75,15685.5,15696.75,745,0,15653.42908
4/12/2023 9:08,15696.5,15699.5,15690,15699.25,653,0,15653.65943
4/12/2023 9:09,15698.75,15701.5,15696.5,15699.75,616,0,15653.88962
4/12/2023 9:10,15700.5,15701,15692.75,15693,505,0,15654.06149
4/12/2023 9:11,15693.5,15698,15692.5,15697,372,0,15654.18794
4/12/2023 9:12,15697.25,15702.25,15695.75,15700,666,0,15654.43131
4/12/2023 9:13,15699.75,15706.25,15698,15704.75,578,0,15654.65747
4/12/2023 9:14,15705,15713,15705,15711.5,844,0,15655.03011
4/12/2023 9:15,15711.5,15715,15707,15707.5,639,0,15655.30891
4/12/2023 9:16,15707.5,15709.75,15703,15707.75,539,0,15655.52906
4/12/2023 9:17,15708.25,15710.75,15701.75,15704.25,559,0,15655.74989
4/12/2023 9:18,15704.75,15707,15692.75,15699.75,918,0,15656.06698
4/12/2023 9:19,15699,15702.75,15698.5,15700.75,366,0,15656.19452
4/12/2023 9:20,15700.75,15705.25,15698.75,15700.25,435,0,15656.3477
4/12/2023 9:21,15700.25,15700.25,15697,15698.5,303,0,15656.44711
4/12/2023 9:22,15698.75,15700.5,15697.5,15698.75,268,0,15656.53534
4/12/2023 9:23,15699,15704,15690.75,15691,674,0,15656.73658
4/12/2023 9:24,15691,15693.25,15687.75,15691.75,594,0,15656.89244
4/12/2023 9:25,15691.5,15697.75,15691.5,15693.5,495,0,15657.03386
4/12/2023 9:26,15693.25,15694.5,15683.75,15688.75,1128,0,15657.30726
4/12/2023 9:27,15688.5,15689.25,15682,15685.25,563,0,15657.42709
4/12/2023 9:28,15685.5,15685.5,15672.5,15677,1040,0,15657.58997
4/12/2023 9:29,15677.25,15683,15677.25,15681.25,655,0,15657.70184
4/12/2023 9:30,15681,15685.5,15679.5,15681.25,1172,0,15657.91301
4/12/2023 9:31,15681.75,15689.25,15661.25,15662.5,6454,15671,15658.50878
4/12/2023 9:32,15662.25,15696,15660.75,15689.5,4689,15675.66389,15659.26353
4/12/2023 9:33,15689.25,15704,15686.75,15694.5,3057,15679.84454,15659.9959
4/12/2023 9:34,15694.5,15705.25,15693.25,15702.75,2059,15682.44975,15660.54497
4/12/2023 9:35,15702.25,15705,15672,15674.5,3054,15682.66854,15661.00493
4/12/2023 9:36,15674.5,15676.75,15664,15667.75,2427,15681.19843,15661.1362
4/12/2023 9:37,15667,15680.75,15665.5,15678,1691,15680.73305,15661.28122
4/12/2023 9:38,15678.25,15681.5,15668,15668.25,1301,15680.30435,15661.37309
4/12/2023 9:39,15668.25,15677.75,15666.75,15671,1530,15679.81083,15661.47214
4/12/2023 9:40,15671,15674.5,15649.75,15659.5,3638,15677.55249,15661.46725
4/12/2023 9:41,15659.75,15667.5,15643,15644.25,2504,15675.54574,15661.31968
4/12/2023 9:42,15644,15646,15618.75,15621,4163,15670.19927,15660.52682
4/12/2023 9:43,15621.5,15634.25,15621,15631,2752,15667.29817,15660.02606
4/12/2023 9:44,15630.75,15636.75,15615,15617.75,2245,15664.91449,15659.55824
4/12/2023 9:45,15617.5,15617.75,15608.25,15617.5,2780,15661.75392,15658.86102
4/12/2023 9:46,15617.75,15619.75,15602,15602.25,3383,15657.94372,15657.92101
4/12/2023 9:47,15602.25,15605.25,15576.75,15581.75,4687,15651.68171,15656.17325
4/12/2023 9:48,15581.5,15583.5,15560.25,15562.25,4874,15644.61888,15653.95883
4/12/2023 9:49,15562.5,15584.25,15558.25,15583.5,4082,15640.01038,15652.32706
4/12/2023 9:50,15583.75,15590.75,15579.25,15590.75,3106,15637.4527,15651.31018
4/12/2023 9:51,15590.75,15593,15583.25,15591.5,2243,15635.83219,15650.62119
4/12/2023 9:52,15592.5,15595.75,15587,15589.75,1833,15634.62898,15650.08363
4/12/2023 9:53,15589.75,15591,15575.75,15580,1957,15633.17518,15649.43867
4/12/2023 9:54,15580,15583.5,15572.25,15579.25,2001,15631.66176,15648.75405
4/12/2023 9:55,15579.75,15593.25,15579.75,15590.5,2039,15630.463,15648.16216
4/12/2023 9:56,15591,15603.5,15591,15598.75,2792,15629.28206,15647.5003
4/12/2023 9:57,15598.75,15604,15592.25,15600.75,1789,15628.59744,15647.09569
4/12/2023 9:58,15601,15601.25,15590,15598.5,1230,15628.10742,15646.80762
4/12/2023 9:59,15598.75,15600.5,15592.75,15594.25,1387,15627.55983,15646.4819
4/12/2023 10:00,15594.25,15596.25,15589.5,15590,969,15627.14228,15646.2394
4/12/2023 10:01,15589.75,15596.5,15570.5,15572.5,2861,15625.56065,15645.37931
4/12/2023 10:02,15572,15590.25,15569.25,15586.25,1939,15624.59368,15644.82709
4/12/2023 10:03,15586.25,15604,15586.25,15600,2085,15623.94576,15644.38141
4/12/2023 10:04,15600,15612.5,15600,15607.25,2371,15623.49816,15643.98712
4/12/2023 10:05,15607,15612.75,15605,15609.5,1371,15623.28644,15643.77784
4/12/2023 10:06,15609.5,15615.75,15601,15614.25,1910,15623.02671,15643.50079
4/12/2023 10:07,15614.5,15624,15613.25,15619.25,2320,15622.927,15643.25506
4/12/2023 10:08,15619.25,15627.25,15619.25,15625.5,2076,15622.94936,15643.08493
4/12/2023 10:09,15625.75,15631,15621.5,15622.25,1492,15622.97838,15642.9703
4/12/2023 10:10,15622.75,15628.5,15616.25,15618,1624,15622.9458,15642.81986
4/12/2023 10:11,15618,15628,15617.5,15626.75,1255,15622.95952,15642.72162
4/12/2023 10:12,15626.75,15639,15626.75,15639,2358,15623.22456,15642.64547
4/12/2023 10:13,15638.75,15640,15629.5,15635,1256,15623.36003,15642.60508
4/12/2023 10:14,15635.25,15638.75,15632.75,15636.75,783,15623.45192,15642.58413
4/12/2023 10:15,15637,15638.25,15627.5,15629.5,1456,15623.56188,15642.5198
4/12/2023 10:16,15630,15639.25,15628.75,15637,1674,15623.73354,15642.46881
4/12/2023 10:17,15637.5,15642.25,15629.5,15636,1641,15623.91017,15642.42554
4/12/2023 10:18,15635.75,15638.75,15625.75,15625.75,1207,15623.9753,15642.36588
4/12/2023 10:19,15626.25,15626.25,15613,15614.25,2302,15623.85414,15642.14179
4/12/2023 10:20,15614,15619.25,15611.75,15615.5,1301,15623.76203,15642.00496
4/12/2023 10:21,15616,15629.25,15615.5,15626,1504,15623.75978,15641.89623
4/12/2023 10:22,15626.5,15643.25,15626.5,15642,1867,15623.9673,15641.86244
4/12/2023 10:23,15642.25,15648,15640.75,15645.25,1704,15624.25389,15641.88093
4/12/2023 10:24,15645.5,15646.5,15628.5,15633.5,3244,15624.55983,15641.81008
4/12/2023 10:25,15633.75,15640,15632.5,15637,1286,15624.68016,15641.78411
4/12/2023 10:26,15636.5,15636.5,15615.25,15619,2848,15624.65622,15641.58907
4/12/2023 10:27,15618.25,15627.75,15614.25,15623.25,1478,15624.62366,15641.47935
4/12/2023 10:28,15623.75,15629,15617.75,15621.5,1034,15624.60909,15641.40716
4/12/2023 10:29,15621.75,15639.25,15621.25,15639,1561,15624.70839,15641.35949
4/12/2023 10:30,15639,15644.75,15639,15643.5,1449,15624.8971,15641.36514
4/12/2023 10:31,15643.25,15653.75,15631.5,15634,4095,15625.33134,15641.34112
4/12/2023 10:32,15634,15641.25,15632,15633.5,1494,15625.43953,15641.31005
4/12/2023 10:33,15633.75,15642.75,15632.75,15637.5,1243,15625.54596,15641.29377
4/12/2023 10:34,15637.25,15637.25,15612.5,15613.25,2452,15625.46922,15641.11642
4/12/2023 10:35,15613.75,15613.75,15597.5,15598,2584,15625.07796,15640.76934
4/12/2023 10:36,15597.75,15603,15591.75,15592.25,2569,15624.57561,15640.36382
4/12/2023 10:37,15592.25,15592.5,15582,15584.25,2339,15623.98874,15639.92443
4/12/2023 10:38,15584.25,15589.25,15564.75,15566.25,3319,15622.91326,15639.16688
4/12/2023 10:39,15566.75,15581.5,15564.25,15579.5,2548,15622.14492,15638.61136
4/12/2023 10:40,15580,15583.25,15567.75,15569.75,1657,15621.64286,15638.24683
4/12/2023 10:41,15568.5,15583,15566.5,15582,1446,15621.24518,15637.94949
4/12/2023 10:42,15581.5,15590.5,15576.25,15590,1776,15620.8578,15637.63825
4/12/2023 10:43,15590.25,15596.75,15585.75,15591.25,1637,15620.56429,15637.3855
4/12/2023 10:44,15591.5,15593.25,15580.25,15582.25,1239,15620.30129,15637.17138
4/12/2023 10:45,15582.75,15587.75,15576.5,15578.75,1143,15620.03313,15636.95937
4/12/2023 10:46,15579.5,15586,15576.25,15578.5,1502,15619.67959,15636.67949
4/12/2023 10:47,15579.25,15590,15572.75,15590,1690,15619.32883,15636.38995
4/12/2023 10:48,15590.25,15594.5,15587.25,15588.25,1322,15619.10344,15636.19041
4/12/2023 10:49,15589.25,15598.75,15582.5,15597,1412,15618.8889,15635.99175
4/12/2023 10:50,15597.5,15601.5,15593.25,15594.5,1368,15618.71304,15635.81718
4/12/2023 10:51,15594.75,15602.25,15590,15600.75,1008,15618.59237,15635.69358
4/12/2023 10:52,15600.25,15601.25,15587.5,15589.25,1013,15618.44385,15635.55395
4/12/2023 10:53,15588.75,15588.75,15568.75,15570.25,1758,15618.02522,15635.21995
4/12/2023 10:54,15570.5,15581.5,15567.25,15578.5,1248,15617.73184,15634.98445
4/12/2023 10:55,15578,15578.75,15567.75,15568.75,1193,15617.42881,15634.74598
4/12/2023 10:56,15568.75,15569,15537.75,15539.75,5524,15615.39763,15633.27153
4/12/2023 10:57,15540.25,15546.5,15530.75,15537.25,2761,15614.27127,15632.46265
4/12/2023 10:58,15537,15553.75,15536.75,15551.25,2352,15613.44882,15631.84971
4/12/2023 10:59,15551,15552.5,15540.25,15541.75,1347,15612.96997,15631.49272
4/12/2023 11:00,15541.25,15547.5,15533.5,15533.75,1193,15612.51096,15631.15514
4/12/2023 11:01,15534.25,15547.5,15530,15538.25,2308,15611.6427,15630.51127
4/12/2023 11:02,15538.25,15540.25,15529.5,15533.5,1491,15611.06117,15630.08143
4/12/2023 11:03,15534,15540.75,15530.25,15536,1490,15610.49806,15629.66126
4/12/2023 11:04,15536.25,15540.25,15532.5,15533,1351,15609.9919,15629.28183
4/12/2023 11:05,15532.75,15538.25,15529.75,15533,1728,15609.34082,15628.79284
4/12/2023 11:06,15532.75,15544.75,15529,15537,1847,15608.68645,15628.29335
4/12/2023 11:07,15537.25,15538,15532,15535.75,839,15608.38628,15628.06414
4/12/2023 11:08,15536.25,15536.25,15518.75,15520.25,2282,15607.47033,15627.37872
4/12/2023 11:09,15520.5,15524.75,15511,15522,2669,15606.35021,15626.54349
4/12/2023 11:10,15522.5,15526,15515.25,15517.25,1568,15605.70717,15626.05992
4/12/2023 11:11,15517.25,15521.75,15514,15514.5,1405,15605.12089,15625.61923
4/12/2023 11:12,15514.75,15519.25,15506.5,15508,1481,15604.47326,15625.13526
4/12/2023 11:13,15508,15512.25,15502.25,15506.25,1858,15603.63612,15624.51097
4/12/2023 11:14,15506.25,15508,15500.5,15504,1468,15602.96626,15624.01093
4/12/2023 11:15,15504.5,15517.75,15503.75,15516.5,1911,15602.18154,15623.41192
4/12/2023 11:16,15517,15523.5,15515,15519.25,1768,15601.52009,15622.89605
4/12/2023 11:17,15518.75,15522,15513,15521.5,1193,15601.07746,15622.54945
4/12/2023 11:18,15521.5,15529.75,15519.5,15528.5,1533,15600.56398,15622.13762
4/12/2023 11:19,15528.5,15529,15521.5,15525.75,1083,15600.20304,15621.8473
4/12/2023 11:20,15526,15530.25,15523.5,15524.75,1098,15599.84425,15621.557
4/12/2023 11:21,15525,15535,15524.5,15532.25,1012,15599.53628,15621.30331
4/12/2023 11:22,15533,15542.25,15532.75,15539,1599,15599.10695,15620.93787
4/12/2023 11:23,15539,15542.5,15537.5,15538,997,15598.84805,15620.71527
4/12/2023 11:24,15537.75,15548.5,15537.75,15544.75,1256,15598.54859,15620.45141
4/12/2023 11:25,15544.25,15546,15537.75,15542.75,724,15598.37276,15620.29718
4/12/2023 11:26,15542.75,15544.75,15540.5,15542.75,598,15598.22964,15620.17106
4/12/2023 11:27,15542.75,15546.5,15540.5,15541.25,629,15598.08012,15620.03898
4/12/2023 11:28,15542,15549.25,15539.5,15548.5,750,15597.9125,15619.88817
4/12/2023 11:29,15549,15554,15545.25,15546.5,1287,15597.64283,15619.64065
4/12/2023 11:30,15547.25,15551.25,15546,15551,644,15597.51127,15619.51888
4/12/2023 11:31,15550.75,15552,15544.5,15545.25,920,15597.31616,15619.34029
4/12/2023 11:32,15545.5,15554,15543.5,15552.25,1189,15597.07954,15619.11929
4/12/2023 11:33,15552.25,15553.75,15547.25,15548.5,677,15596.94563,15618.99393
4/12/2023 11:34,15548.25,15549.75,15541.5,15546.25,1203,15596.68949,15618.75947
4/12/2023 11:35,15546.25,15551,15544,15547.75,719,15596.54286,15618.6234
4/12/2023 11:36,15547.25,15551.25,15541,15542,904,15596.34913,15618.44626
4/12/2023 11:37,15542,15549.75,15540.75,15547.75,1016,15596.13871,15618.25177
4/12/2023 11:38,15547.5,15549.25,15540.5,15543.25,578,15596.01562,15618.13892
4/12/2023 11:39,15543.75,15544.25,15535,15538.75,1223,15595.7321,15617.88517
4/12/2023 11:40,15538.75,15548.25,15538.75,15544,1026,15595.51453,15617.68522
4/12/2023 11:41,15544.5,15558.75,15543.75,15555.5,1353,15595.2797,15617.45505
4/12/2023 11:42,15555.25,15557,15550,15555.75,907,15595.12952,15617.30541
4/12/2023 11:43,15555.75,15563.25,15552.25,15557.5,1315,15594.93175,15617.1014
4/12/2023 11:44,15558,15565.25,15557.25,15564.25,860,15594.81931,15616.97897
4/12/2023 11:45,15564,15567.25,15560.75,15567,809,15594.72311,15616.87005
4/12/2023 11:46,15566.75,15572.5,15563.5,15571.5,1396,15594.58163,15616.69819
4/12/2023 11:47,15571.5,15586,15571.5,15581,2540,15594.43123,15616.45594
4/12/2023 11:48,15581.25,15583,15575.75,15577.5,1191,15594.35825,15616.34115
4/12/2023 11:49,15577.5,15582.25,15577,15577.75,860,15594.30681,15616.25924
4/12/2023 11:50,15577.75,15584.75,15576.25,15582.25,1012,15594.25489,15616.16868
4/12/2023 11:51,15582,15584.25,15579.75,15583,808,15594.21764,15616.09927
4/12/2023 11:52,15582.75,15583.75,15577.5,15582.25,863,15594.17423,15616.02291
4/12/2023 11:53,15582.25,15589,15579.5,15588.25,1026,15594.14039,15615.944
4/12/2023 11:54,15587.75,15591.75,15587.25,15590,1408,15594.11634,15615.85085
4/12/2023 11:55,15590,15591,15584,15586,1043,15594.0881,15615.77529
4/12/2023 11:56,15586,15591.25,15584.25,15591,841,15594.07135,15615.71851
4/12/2023 11:57,15591,15594.75,15589.25,15593.75,1044,15594.06548,15615.65814
4/12/2023 11:58,15594,15603.25,15593.75,15598.5,2074,15594.09995,15615.56966
4/12/2023 11:59,15598,15601.25,15596,15597,1031,15594.11527,15615.52495
4/12/2023 12:00,15597,15600,15594,15596.25,955,15594.12463,15615.48059
4/12/2023 12:01,15596.5,15600,15590,15598.25,1251,15594.1337,15615.42074
4/12/2023 12:02,15598,15606.25,15598,15600.25,1324,15594.16964,15615.37543
4/12/2023 12:03,15600.25,15607.5,15600.25,15603,890,15594.2004,15615.34968
4/12/2023 12:04,15603.25,15603.75,15598,15602.5,860,15594.22312,15615.32035
4/12/2023 12:05,15602.5,15603.25,15596.25,15600.5,919,15594.24249,15615.28596
4/12/2023 12:06,15600.5,15601.75,15596.5,15598.25,865,15594.25693,15615.25127
4/12/2023 12:07,15598.5,15607.75,15598.5,15602.75,1086,15594.29132,15615.21893
4/12/2023 12:08,15603,15605.25,15601.25,15602.5,457,15594.30572,15615.20537
4/12/2023 12:09,15602.5,15611,15602,15610.5,831,15594.34625,15615.19053
4/12/2023 12:10,15610.75,15614,15605,15606,1456,15594.41929,15615.16642
4/12/2023 12:11,15606.25,15609.25,15603.25,15604.25,855,15594.45342,15615.14667
4/12/2023 12:12,15604,15604.5,15597.25,15601.75,1590,15594.49138,15615.09331
4/12/2023 12:13,15601.75,15608.25,15601,15606.5,876,15594.52478,15615.07266
4/12/2023 12:14,15606.5,15608.5,15601.75,15602.5,693,15594.54861,15615.05472
4/12/2023 12:15,15603.25,15605.5,15599,15599.25,567,15594.56202,15615.03603
4/12/2023 12:16,15599.25,15603.25,15597.75,15598.5,715,15594.57529,15615.01011
4/12/2023 12:17,15599,15602.75,15595.5,15601.25,837,15594.59073,15614.97988
4/12/2023 12:18,15600.75,15600.75,15591,15591.5,865,15594.59021,15614.93764
4/12/2023 12:19,15591.5,15601,15587.5,15600.25,1475,15594.59873,15614.87242
4/12/2023 12:20,15600.5,15602.25,15595.5,15598.75,755,15594.60983,15614.84381
4/12/2023 12:21,15599,15599.5,15593,15594.75,553,15594.61201,15614.8189
4/12/2023 12:22,15594.75,15598,15593,15594,723,15594.61298,15614.78516
4/12/2023 12:23,15594.25,15610.5,15593,15610.25,997,15594.64723,15614.76126
4/12/2023 12:24,15610,15610.75,15599.25,15600,729,15594.66898,15614.74172
4/12/2023 12:25,15599.75,15605.25,15599.25,15600.5,461,15594.68005,15614.7276
4/12/2023 12:26,15600.75,15609,15599.75,15605.5,780,15594.70692,15614.7094
4/12/2023 12:27,15605.5,15613.25,15603.75,15611,899,15594.75178,15614.69812
4/12/2023 12:28,15610.75,15616.75,15607,15607,1447,15594.82789,15614.68315
4/12/2023 12:29,15606.75,15609.5,15601.75,15602,826,15594.8547,15614.66346
4/12/2023 12:30,15601.75,15604.75,15600,15601.5,587,15594.86904,15614.64634
4/12/2023 12:31,15602.25,15607.5,15601.75,15607,637,15594.89168,15614.63273
4/12/2023 12:32,15606.75,15610.75,15601.75,15603.75,670,15594.9154,15614.61846
4/12/2023 12:33,15603.5,15609.75,15603.5,15607.75,469,15594.93443,15614.61021
4/12/2023 12:34,15607.25,15610.25,15605.75,15606.75,501,15594.95567,15614.60209
4/12/2023 12:35,15606.25,15607.25,15600,15601,786,15594.97616,15614.58065
4/12/2023 12:36,15600.75,15602.75,15598,15601,522,15594.98593,15614.56385
4/12/2023 12:37,15600.75,15604.25,15596.75,15600,580,15594.99626,15614.5449
4/12/2023 12:38,15600,15602,15595.75,15596.75,396,15595.00043,15614.53002
4/12/2023 12:39,15596.75,15600.75,15594,15600.25,659,15595.00772,15614.50557
4/12/2023 12:40,15600,15605,15599.25,15604.25,530,15595.02147,15614.49142
4/12/2023 12:41,15604.25,15606.25,15599.75,15603,678,15595.03935,15614.47362
4/12/2023 12:42,15602.75,15604.5,15597.75,15600.25,529,15595.04947,15614.45716
4/12/2023 12:43,15601,15603.25,15592,15593,838,15595.05232,15614.42209
4/12/2023 12:44,15592.75,15596.25,15589.25,15593.75,1099,15595.04522,15614.36882
4/12/2023 12:45,15594,15596,15589,15591.25,627,15595.03915,15614.33713
4/12/2023 12:46,15591.25,15598.75,15588.75,15598,808,15595.03948,15614.30206
4/12/2023 12:47,15598,15605.25,15596.25,15603.5,718,15595.05498,15614.28155
4/12/2023 12:48,15604,15611.5,15601,15602.25,1210,15595.09368,15614.25601
4/12/2023 12:49,15602,15602.75,15595,15595.25,722,15595.0997,15614.22905
4/12/2023 12:50,15595.25,15600.25,15593.5,15598.75,838,15595.10619,15614.19756
4/12/2023 12:51,15598.75,15602,15593.5,15594,553,15595.10867,15614.1756
4/12/2023 12:52,15594,15596,15591.25,15591.75,642,15595.10432,15614.14515
4/12/2023 12:53,15592,15598,15591,15597.25,552,15595.10487,15614.12201
4/12/2023 12:54,15597.5,15599,15595.25,15598.25,300,15595.10718,15614.11086
4/12/2023 12:55,15598.5,15607,15598.25,15605,685,15595.12539,15614.09451
4/12/2023 12:56,15605.25,15612.5,15605,15611,1015,15595.17191,15614.08412
4/12/2023 12:57,15611,15613.75,15608.5,15611,715,15595.20811,15614.07935
4/12/2023 12:58,15611,15614.75,15609.5,15609.75,669,15595.24236,15614.07527
4/12/2023 12:59,15610,15612.75,15607.25,15609.75,571,15595.26891,15614.07
4/12/2023 13:00,15609.75,15614,15608.75,15610.25,367,15595.28718,15614.06751
4/12/2023 13:01,15610.5,15614.5,15607.25,15610,978,15595.33439,15614.05997
4/12/2023 13:02,15610,15612,15594.75,15596.5,1856,15595.36786,15614.00693
4/12/2023 13:03,15596.75,15597.5,15589,15593,1267,15595.35915,15613.94894
4/12/2023 13:04,15593.25,15600.75,15591,15597.25,772,15595.36149,15613.91912
4/12/2023 13:05,15597,15601.5,15593.5,15599.75,603,15595.36691,15613.89844
4/12/2023 13:06,15600.25,15606.75,15597.25,15605,775,15595.38528,15613.87997
4/12/2023 13:07,15605.5,15611.25,15601,15608.75,716,15595.41103,15613.86922
4/12/2023 13:08,15608.75,15612.5,15607.75,15610.25,540,15595.43567,15613.86486
4/12/2023 13:09,15610.5,15614.75,15610.5,15613.75,769,15595.47733,15613.86342
4/12/2023 13:10,15614.25,15616.25,15610.25,15612.25,599,15595.50949,15613.86218
4/12/2023 13:11,15612.5,15619.25,15612.5,15618.5,1288,15595.59339,15613.87025
4/12/2023 13:12,15618,15632,15617.75,15628.75,3094,15595.88076,15613.95215
4/12/2023 13:13,15629.25,15631,15625,15627.75,1197,15595.99683,15613.98805
4/12/2023 13:14,15628,15632.75,15627.25,15632.75,979,15596.1,15614.02356
4/12/2023 13:15,15632.25,15633.75,15627.75,15629.5,932,15596.19602,15614.05607
4/12/2023 13:16,15629.5,15632,15622,15624.5,1938,15596.36981,15614.10605
4/12/2023 13:17,15624.75,15627.75,15622.75,15624.5,912,15596.44772,15614.12717
4/12/2023 13:18,15624,15625.25,15617.25,15619,1306,15596.54109,15614.14482
4/12/2023 13:19,15618.75,15622.25,15617.25,15622,436,15596.5721,15614.15068
4/12/2023 13:20,15622,15622.75,15617.5,15621,385,15596.59932,15614.15579
4/12/2023 13:21,15620.75,15622.25,15615.75,15616,445,15596.62752,15614.1594
4/12/2023 13:22,15616,15620.75,15615,15616.5,632,15596.66635,15614.16375
4/12/2023 13:23,15616,15620.75,15614.5,15620.5,497,15596.6985,15614.16838
4/12/2023 13:24,15620,15620.25,15607,15610.25,965,15596.74337,15614.16499
4/12/2023 13:25,15610,15613.75,15608.5,15613.25,404,15596.76129,15614.16301
4/12/2023 13:26,15613.5,15614.5,15610.75,15612.75,281,15596.77442,15614.16213
4/12/2023 13:27,15612.75,15616.25,15612.5,15613.25,506,15596.79998,15614.16196
4/12/2023 13:28,15613.25,15622.75,15612,15621,617,15596.83932,15614.16768
4/12/2023 13:29,15621.25,15625.5,15621.25,15622,707,15596.89318,15614.18063
4/12/2023 13:30,15622.25,15623,15616.5,15617.25,658,15596.93544,15614.18714
4/12/2023 13:31,15617.75,15624,15617.75,15621,546,15596.97355,15614.19482
4/12/2023 13:32,15621.25,15625,15619,15621.75,482,15597.0085,15614.20258
4/12/2023 13:33,15620.75,15626.75,15620.25,15623.5,390,15597.0385,15614.21014
4/12/2023 13:34,15623.5,15629.25,15623.5,15626,935,15597.11759,15614.23356
4/12/2023 13:35,15626,15626.25,15620,15621.25,493,15597.15378,15614.24203
4/12/2023 13:36,15621.25,15624,15620.25,15623.25,387,15597.18211,15614.24867
4/12/2023 13:37,15623,15623,15614.5,15615.75,646,15597.22042,15614.25336
4/12/2023 13:38,15616.25,15619.75,15614.75,15616.75,463,15597.2469,15614.25608
4/12/2023 13:39,15616.25,15617,15600.25,15601.5,2086,15597.30065,15614.22162
4/12/2023 13:40,15601.25,15604.25,15597.75,15601.5,990,15597.31157,15614.19501
4/12/2023 13:41,15601.25,15608.25,15600,15607,802,15597.32932,15614.17999
4/12/2023 13:42,15606,15607.75,15600.75,15602.5,457,15597.33756,15614.17012
4/12/2023 13:43,15602.5,15604.5,15595.75,15599,793,15597.34298,15614.14668
4/12/2023 13:44,15598.75,15599.75,15593.75,15596.25,1235,15597.34033,15614.10232
4/12/2023 13:45,15596.25,15597,15592.25,15593.75,575,15597.33545,15614.0791
4/12/2023 13:46,15593.5,15593.75,15582.5,15583.5,1489,15597.29045,15613.99573
4/12/2023 13:47,15583,15590.75,15582.75,15590,863,15597.26756,15613.94983
4/12/2023 13:48,15590,15595,15588.75,15593.5,635,15597.25894,15613.92207
4/12/2023 13:49,15593.25,15593.5,15588.5,15592.75,436,15597.25202,15613.90232
4/12/2023 13:50,15592.75,15593.75,15588.5,15590.5,359,15597.24567,15613.88559
4/12/2023 13:51,15591,15592.75,15587.75,15591.75,485,15597.23688,15613.86287
4/12/2023 13:52,15591.5,15598.5,15590.75,15596.5,729,15597.23285,15613.83543
4/12/2023 13:53,15596,15596.5,15591.25,15591.75,297,15597.22949,15613.82303
4/12/2023 13:54,15591.5,15598.25,15591.25,15595.5,301,15597.22762,15613.81159
4/12/2023 13:55,15594.75,15595,15589.5,15591,276,15597.22349,15613.79934
4/12/2023 13:56,15591.25,15593.75,15588.25,15593.25,398,15597.21745,15613.78164
4/12/2023 13:57,15592.75,15593,15590,15591,214,15597.21396,15613.77196
4/12/2023 13:58,15590.75,15594.25,15590.75,15591.75,302,15597.2098,15613.75886
4/12/2023 13:59,15592.25,15596,15591.25,15595,230,15597.20781,15613.74975
4/12/2023 14:00,15595.5,15596,15591.5,15591.5,286,15597.20449,15613.73781
4/12/2023 14:01,15591.5,15607.75,15585.75,15595.25,1683,15597.20006,15613.67877
4/12/2023 14:02,15594.5,15594.5,15575.5,15586.5,3060,15597.10232,15613.50687
4/12/2023 14:03,15586.75,15602.75,15584.5,15600.5,1673,15597.09693,15613.4484
4/12/2023 14:04,15601.5,15606.25,15594.25,15599.5,1315,15597.10727,15613.41335
4/12/2023 14:05,15600,15608.25,15599.25,15599.5,1016,15597.12161,15613.39109
4/12/2023 14:06,15600,15603,15585.75,15597.25,1485,15597.11446,15613.33821
4/12/2023 14:07,15597.25,15605,15596.75,15601.5,931,15597.12438,15613.31575
4/12/2023 14:08,15601.75,15608.5,15601.5,15604.75,769,15597.14042,15613.30306
4/12/2023 14:09,15604.75,15611.25,15598.75,15601.25,1100,15597.15983,15613.28245
4/12/2023 14:10,15601,15601.75,15574.25,15582.25,2109,15597.09782,15613.17041
4/12/2023 14:11,15581.25,15584,15567.75,15578.25,2519,15596.9621,15612.9917
4/12/2023 14:12,15578.25,15583,15571.25,15581.5,1191,15596.90456,15612.91224
4/12/2023 14:13,15581,15599.5,15578.5,15598.25,1751,15596.88247,15612.84176
4/12/2023 14:14,15598,15601.5,15593.75,15599.75,1280,15596.88731,15612.80596
4/12/2023 14:15,15600,15608,15599,15607.5,1186,15596.91181,15612.78777
4/12/2023 14:16,15607.75,15611,15604.25,15607.25,1077,15596.94138,15612.77684
4/12/2023 14:17,15607.25,15611.75,15604.75,15606,978,15596.96808,15612.76695
4/12/2023 14:18,15605.75,15609.75,15602.25,15609.25,734,15596.98725,15612.75897
4/12/2023 14:19,15609.5,15614,15606.75,15611.5,917,15597.01975,15612.75546
4/12/2023 14:20,15611.75,15613,15606.25,15607.5,1056,15597.05201,15612.74773
4/12/2023 14:21,15607.5,15616,15607.5,15608.5,926,15597.08431,15612.74406
4/12/2023 14:22,15608.5,15609.75,15598,15602.5,1476,15597.10817,15612.71794
4/12/2023 14:23,15602.25,15603.75,15591.5,15596.25,1227,15597.10835,15612.68183
4/12/2023 14:24,15596.25,15600,15594.25,15597.25,575,15597.10844,15612.66496
4/12/2023 14:25,15597.75,15601.5,15592,15594,974,15597.10529,15612.63402
4/12/2023 14:26,15593.5,15594.5,15587,15588.25,989,15597.08732,15612.5917
4/12/2023 14:27,15588,15588.25,15572,15578.25,1912,15597.00271,15612.47294
4/12/2023 14:28,15578.5,15580,15549.5,15560.5,4555,15596.62122,15612.05638
4/12/2023 14:29,15560.5,15561,15549,15552.75,1769,15596.43559,15611.8667
4/12/2023 14:30,15552,15552,15536.75,15544.25,2961,15596.0563,15611.4978
4/12/2023 14:31,15544.5,15544.5,15529.25,15532.75,2653,15595.66388,15611.12766
4/12/2023 14:32,15533,15534,15517,15524.5,2461,15595.24264,15610.74104
4/12/2023 14:33,15524.25,15535,15521.5,15528.25,2564,15594.82816,15610.3563
4/12/2023 14:34,15528,15531.25,15523.75,15531,1043,15594.66207,15610.2016
4/12/2023 14:35,15530.75,15535,15523.5,15526,1135,15594.48091,15610.0329
4/12/2023 14:36,15526.5,15527.25,15517,15521.25,1646,15594.19501,15609.77065
4/12/2023 14:37,15520.75,15529.5,15517.25,15526,1398,15593.96199,15609.55521
4/12/2023 14:38,15526,15533,15522.75,15531,1259,15593.76743,15609.37269
4/12/2023 14:39,15531,15532.75,15526.75,15527,890,15593.63042,15609.24402
4/12/2023 14:40,15527,15529.25,15516.5,15519.75,1879,15593.312,15608.9502
4/12/2023 14:41,15519.75,15526.5,15512,15523.5,2209,15592.9352,15608.6027
4/12/2023 14:42,15523,15530.5,15522.5,15527.75,1116,15592.76265,15608.44058
4/12/2023 14:43,15528,15536.5,15527.75,15530.5,1611,15592.5327,15608.22102
4/12/2023 14:44,15530.5,15534,15522.5,15526,853,15592.40353,15608.0991
4/12/2023 14:45,15525.75,15533.75,15525.75,15531.25,856,15592.27989,15607.98129
4/12/2023 14:46,15531.5,15539.5,15522.5,15532.5,2294,15591.9576,15607.67237
4/12/2023 14:47,15532.5,15536,15526.25,15526.75,940,15591.82254,15607.54347
4/12/2023 14:48,15526.5,15527.5,15517.75,15521.5,1514,15591.58044,15607.31707
4/12/2023 14:49,15521.25,15521.5,15513,15516,1015,15591.40646,15607.15634
4/12/2023 14:50,15516.25,15516.75,15508.5,15512.75,1247,15591.18194,15606.95058
4/12/2023 14:51,15512.25,15516.25,15510.25,15514.5,1210,15590.96806,15606.75389
4/12/2023 14:52,15514.25,15520,15511.75,15512.25,937,15590.80538,15606.60377
4/12/2023 14:53,15512.5,15522.5,15508.5,15520.75,1348,15590.58046,15606.39471
4/12/2023 14:54,15520.5,15524.75,15517,15520.75,935,15590.43283,15606.25608
4/12/2023 14:55,15520.25,15526.5,15518.75,15525,859,15590.30277,15606.13295
4/12/2023 14:56,15524.75,15525.5,15519,15525,657,15590.20327,15606.03874
4/12/2023 14:57,15525.5,15536,15524,15534.5,1885,15589.95469,15605.79669
4/12/2023 14:58,15534.5,15535,15528.5,15530.25,656,15589.86831,15605.71254
4/12/2023 14:59,15530.25,15534.25,15525.5,15525.75,671,15589.77608,15605.62349
4/12/2023 15:00,15525.75,15530,15524.25,15526.75,494,15589.7067,15605.55679
4/12/2023 15:01,15526.75,15529.5,15522,15527.5,814,15589.5915,15605.4462
4/12/2023 15:02,15527.5,15540.75,15526.75,15539.5,1399,15589.42356,15605.27918
4/12/2023 15:03,15539.5,15542.5,15533.25,15536,806,15589.33011,15605.1855
4/12/2023 15:04,15535.75,15535.75,15513,15513.75,2598,15588.93692,15604.81275
4/12/2023 15:05,15513.75,15518,15513,15516,959,15588.782,15604.66757
4/12/2023 15:06,15515.75,15528.25,15515,15526.75,990,15588.63945,15604.53107
4/12/2023 15:07,15527,15528.5,15519.75,15520,592,15588.55375,15604.44907
4/12/2023 15:08,15520,15527.75,15520,15520.75,800,15588.43844,15604.33864
4/12/2023 15:09,15521.25,15527.75,15519.75,15523.25,754,15588.33136,15604.23579
4/12/2023 15:10,15523.5,15530.5,15521.5,15523.5,971,15588.19735,15604.10631
4/12/2023 15:11,15523.75,15524,15503.25,15505.5,2073,15587.84888,15603.78167
4/12/2023 15:12,15505,15508,15496.5,15506,2368,15587.41665,15603.38418
4/12/2023 15:13,15505.5,15509.5,15497,15499,889,15587.25232,15603.23329
4/12/2023 15:14,15499,15503.25,15496.25,15499,1050,15587.05376,15603.05156
4/12/2023 15:15,15499.25,15503,15494.75,15496.5,864,15586.88841,15602.90047
4/12/2023 15:16,15497,15497,15483,15484,2462,15586.36749,15602.43109
4/12/2023 15:17,15483.75,15488,15481.5,15483.25,1380,15586.06686,15602.16111
4/12/2023 15:18,15483.25,15490,15478.75,15487,1452,15585.75553,15601.88076
4/12/2023 15:19,15486.5,15494.5,15485.75,15490.75,936,15585.56596,15601.7086
4/12/2023 15:20,15491,15492,15485.75,15487.5,650,15585.43211,15601.5873
4/12/2023 15:21,15487,15489.25,15480.5,15481.25,986,15585.21987,15601.3961
4/12/2023 15:22,15481.25,15494.25,15481,15491.5,1038,15585.0089,15601.20443
4/12/2023 15:23,15491.25,15496.5,15489,15493.5,972,15584.82053,15601.03204
4/12/2023 15:24,15493.75,15494.75,15488.5,15489.5,691,15584.68406,15600.90746
4/12/2023 15:25,15490,15492.75,15481.75,15483.75,951,15584.48725,15600.72896
4/12/2023 15:26,15483.5,15487.5,15481,15482,794,15584.31922,15600.577
4/12/2023 15:27,15482.25,15486.25,15472.75,15475.25,1981,15583.88005,15600.18212
4/12/2023 15:28,15475.75,15478.5,15468.25,15475.25,1777,15583.47409,15599.81829
4/12/2023 15:29,15475.5,15478,15473,15474.25,901,15583.27143,15599.6362
4/12/2023 15:30,15474,15482.25,15473.25,15475.75,1104,15583.0287,15599.41738
4/12/2023 15:31,15475.5,15489.75,15471.25,15488,1634,15582.69143,15599.11053
4/12/2023 15:32,15488.5,15495.25,15488,15489.5,1396,15582.42782,15598.86744
4/12/2023 15:33,15489,15492.5,15484.5,15486.75,954,15582.24267,15598.69735
4/12/2023 15:34,15487.5,15496.25,15487,15493.5,1283,15582.00619,15598.47833
4/12/2023 15:35,15493.75,15498.75,15489,15490.25,1182,15581.79043,15598.27814
4/12/2023 15:36,15490.25,15499.25,15487.75,15498.5,1038,15581.60711,15598.10711
4/12/2023 15:37,15498.5,15499.75,15488.5,15490,1086,15581.41079,15597.92458
4/12/2023 15:38,15490.25,15498.25,15489,15492.25,908,15581.24809,15597.77307
4/12/2023 15:39,15492,15496.75,15490.5,15495.75,478,15581.16381,15597.69437
4/12/2023 15:40,15495.75,15500.75,15491.75,15498.25,1197,15580.95973,15597.50272
4/12/2023 15:41,15498.75,15501.25,15492.75,15497,987,15580.79236,15597.34538
4/12/2023 15:42,15497,15501,15493.75,15497,587,15580.69343,15597.25227
4/12/2023 15:43,15496.5,15499.75,15490.25,15492.25,1051,15580.51019,15597.08072
4/12/2023 15:44,15492.5,15493.5,15485.75,15490.75,932,15580.3407,15596.92307
4/12/2023 15:45,15491,15497,15487.75,15493.5,833,15580.19434,15596.78616
4/12/2023 15:46,15493.5,15501.75,15491.25,15498.25,919,15580.04142,15596.64181
4/12/2023 15:47,15499,15508.25,15498.75,15506.25,1778,15579.77315,15596.38421
4/12/2023 15:48,15506.25,15508.75,15494,15497.5,1919,15579.46922,15596.09476
4/12/2023 15:49,15497.25,15498.5,15485,15487.75,1595,15579.18781,15595.83141
4/12/2023 15:50,15487.75,15488,15480,15483.5,1126,15578.97556,15595.63473
4/12/2023 15:51,15483.5,15488.5,15476.75,15482.5,1862,15578.62206,15595.30738
4/12/2023 15:52,15482.25,15491.25,15480,15491.25,1444,15578.36364,15595.06583
4/12/2023 15:53,15490.75,15496.5,15485,15487.75,1746,15578.06081,15594.78129
4/12/2023 15:54,15487.5,15489.25,15481.75,15482.75,859,15577.90391,15594.63501
4/12/2023 15:55,15483,15491,15478.75,15480.25,1733,15577.58475,15594.33772
4/12/2023 15:56,15481,15481.25,15462.5,15465.5,3022,15576.95386,15593.76013
4/12/2023 15:57,15465.5,15474,15462.75,15470.75,2002,15576.53771,15593.37864
4/12/2023 15:58,15471,15476.25,15467.25,15468.25,1525,15576.22701,15593.09291
4/12/2023 15:59,15468.25,15476.75,15468.25,15476,2002,15575.83371,15592.7292
4/12/2023 16:00,15476,15483,15471.25,15482.75,8066,15574.36037,15591.35067
4/12/2023 16:01,15482.75,15488.25,15478.25,15482.5,3644,15573.73666,15590.76056
4/12/2023 16:02,15482.75,15484.5,15477.75,15481.5,1025,15573.5594,15590.59306
4/12/2023 16:03,15481.25,15484,15480,15482.75,671,15573.44498,15590.48468
4/12/2023 16:04,15482.25,15484.5,15481,15481.5,384,15573.37968,15590.4228
4/12/2023 16:05,15481.75,15484.25,15478.75,15484,616,15573.27514,15590.32369
4/12/2023 16:06,15483.75,15484.5,15482.25,15483.75,545,15573.18403,15590.23709
4/12/2023 16:07,15483.75,15485.5,15482.75,15483.75,671,15573.07273,15590.13117
4/12/2023 16:08,15483.5,15486,15483.25,15485.25,376,15573.01107,15590.07238
4/12/2023 16:09,15485.5,15485.5,15481,15483,339,15572.9545,15590.01858
4/12/2023 16:10,15483.25,15487.5,15483.25,15484.25,613,15572.85447,15589.92312
4/12/2023 16:11,15484.75,15485.5,15483.25,15484.75,215,15572.81924,15589.88952
4/12/2023 16:12,15484.75,15486.75,15484.5,15486.75,272,15572.77547,15589.84764
4/12/2023 16:13,15487,15487.5,15485,15485.5,345,15572.72001,15589.79457
4/12/2023 16:14,15485.5,15487,15484.5,15485.25,279,15572.675,15589.75153
4/12/2023 16:15,15485.25,15486.75,15484.25,15485.75,217,15572.64003,15589.71807
4/12/2023 16:16,15485.5,15485.75,15483.5,15483.5,84,15572.62629,15589.70496
4/12/2023 16:17,15483.25,15483.75,15481,15481,187,15572.59491,15589.67514
4/12/2023 16:18,15481.25,15482,15479,15481.75,197,15572.56152,15589.64345
4/12/2023 16:19,15482,15482.25,15479.5,15480,101,15572.54434,15589.62716
4/12/2023 16:20,15480,15481.5,15479.5,15479.5,46,15572.53649,15589.61972
4/12/2023 16:21,15479.5,15480,15478.75,15479.25,64,15572.52546,15589.60928
4/12/2023 16:22,15479.25,15480.5,15478.5,15479.25,38,15572.51892,15589.60309
4/12/2023 16:23,15479.5,15480.75,15478,15480,101,15572.50158,15589.58667
4/12/2023 16:24,15479.75,15481.25,15479.75,15481,50,15572.49309,15589.57862
4/12/2023 16:25,15481,15482.25,15480.25,15481.25,59,15572.48315,15589.56917
4/12/2023 16:26,15480.5,15482.5,15480.5,15482,59,15572.47325,15589.55976
4/12/2023 16:27,15481.75,15482.5,15481,15481.75,52,15572.46453,15589.55148
4/12/2023 16:28,15481.5,15482,15479,15479.5,103,15572.44698,15589.53483
4/12/2023 16:29,15479.5,15480,15478.5,15478.75,89,15572.43163,15589.52031
4/12/2023 16:30,15478.75,15479.25,15478,15478.5,94,15572.41535,15589.5049
4/12/2023 16:31,15478,15479.75,15478,15478.75,84,15572.40084,15589.49117
4/12/2023 16:32,15478.75,15478.75,15476.75,15476.75,75,15572.38769,15589.47876
4/12/2023 16:33,15477.25,15479,15477.25,15478.25,45,15572.37987,15589.47136
4/12/2023 16:34,15478.5,15479.75,15478.5,15479,38,15572.37332,15589.46517
4/12/2023 16:35,15479.25,15479.25,15478.5,15478.5,25,15572.369,15589.46108
4/12/2023 16:36,15478.75,15479.25,15476.5,15477.5,109,15572.34998,15589.4431
4/12/2023 16:37,15477.5,15478.5,15476.75,15477,30,15572.34472,15589.43814
4/12/2023 16:38,15477,15479.75,15477,15479.75,47,15572.33662,15589.43047
4/12/2023 16:39,15480,15481,15480,15481,25,15572.33239,15589.42646
4/12/2023 16:40,15481.25,15481.75,15480.75,15481.25,49,15572.32416,15589.41863
4/12/2023 16:41,15480.75,15482.25,15479.75,15481.5,74,15572.31172,15589.40681
4/12/2023 16:42,15481.25,15481.25,15479.5,15480.5,63,15572.30104,15589.39668
4/12/2023 16:43,15481,15481,15479,15479,19,15572.2978,15589.3936
4/12/2023 16:44,15479.25,15479.75,15479.25,15479.25,13,15572.29557,15589.39149
4/12/2023 16:45,15479,15479,15477.25,15477.25,80,15572.28164,15589.37832
4/12/2023 16:46,15477.75,15480,15477.25,15478.25,145,15572.25658,15589.35461
4/12/2023 16:47,15478.5,15479,15477,15477,36,15572.2503,15589.34868
4/12/2023 16:48,15477.5,15478.75,15477.5,15478.75,18,15572.24719,15589.34573
4/12/2023 16:49,15478.75,15480.75,15478.5,15480.25,62,15572.23663,15589.33571
4/12/2023 16:50,15479.75,15480,15476.75,15479,128,15572.21454,15589.31481
4/12/2023 16:51,15479,15481,15478.5,15479,83,15572.20037,15589.30137
4/12/2023 16:52,15479,15480,15479,15480,34,15572.19458,15589.29587
4/12/2023 16:53,15479.5,15480.75,15479,15480.25,61,15572.18422,15589.28605
4/12/2023 16:54,15479.75,15480.5,15479,15480,45,15572.17657,15589.27879
4/12/2023 16:55,15480.25,15480.5,15479.5,15480.5,47,15572.1686,15589.27123
4/12/2023 16:56,15480.75,15481.5,15480,15480.75,59,15572.15867,15589.26179
4/12/2023 16:57,15480.75,15481,15478.25,15479.25,49,15572.15031,15589.25386
4/12/2023 16:58,15479.75,15481.25,15479.75,15481.25,25,15572.14611,15589.24986
4/12/2023 16:59,15481.25,15483.5,15480.75,15483.5,109,15572.12814,15589.23273
4/12/2023 17:00,15483.25,15484,15480.75,15482.25,89,15572.11344,15589.21872
4/12/2023 18:01,15481.75,15482.25,15477.75,15479.75,227,0,15479.91667
4/12/2023 18:02,15479.75,15480.5,15476.5,15477,104,0,15479.31445
4/12/2023 18:03,15477,15480.5,15477,15480,79,0,15479.28598
4/12/2023 18:04,15480.25,15480.75,15479.5,15480.25,41,0,15479.36604
4/12/2023 18:05,15480.5,15481,15475,15476,107,0,15478.97625
4/12/2023 18:06,15476,15477,15475.5,15475.75,35,0,15478.80551
4/12/2023 18:07,15475.75,15476.25,15474.5,15476.25,126,0,15478.25545
4/12/2023 18:08,15476.25,15476.75,15473.75,15474.25,56,0,15478.01419
4/12/2023 18:09,15474.75,15475,15472,15472.5,98,0,15477.47003
4/12/2023 18:10,15472.5,15473.75,15472.25,15473.25,35,0,15477.30094
4/12/2023 18:11,15473.5,15474,15471.5,15474,116,0,15476.8326
4/12/2023 18:12,15474.25,15474.5,15472.25,15473.25,33,0,15476.72335
4/12/2023 18:13,15473.5,15473.5,15471.75,15472.5,45,0,15476.5543
4/12/2023 18:14,15472,15475.5,15470.75,15475.5,130,0,15476.27597
4/12/2023 18:15,15476,15476,15474.5,15475,68,0,15476.21795
4/12/2023 18:16,15474.5,15475,15473.5,15474.75,35,0,15476.17072
4/12/2023 18:17,15474.75,15474.75,15473.5,15473.75,23,0,15476.13396
4/12/2023 18:18,15474.25,15474.25,15471.5,15471.5,72,0,15475.94679
4/12/2023 18:19,15471.25,15472,15471,15471.25,50,0,15475.79375
4/12/2023 18:20,15471,15471,15468.25,15468.75,90,0,15475.42341
4/12/2023 18:21,15469,15469.75,15466.25,15466.75,184,0,15474.60096
4/12/2023 18:22,15467.25,15468,15466.5,15467.5,96,0,15474.22383
4/12/2023 18:23,15467.75,15470.25,15467.75,15470.25,62,0,15474.06795
4/12/2023 18:24,15470,15470,15469,15469.25,16,0,15474.02935
4/12/2023 18:25,15469.75,15469.75,15468.75,15469,19,0,15473.9819
4/12/2023 18:26,15469,15470,15469,15469.5,17,0,15473.9431
4/12/2023 18:27,15469.75,15470,15469.5,15469.5,17,0,15473.9064
4/12/2023 18:28,15469.25,15469.75,15469.25,15469.25,4,0,15473.89736
4/12/2023 18:29,15469.75,15469.75,15467.25,15468.5,64,0,15473.72877
4/12/2023 18:30,15468.25,15468.5,15468.25,15468.5,5,0,15473.71584
4/12/2023 18:31,15469,15469.25,15466,15467.25,55,0,15473.55374
4/12/2023 18:32,15467.25,15467.5,15465,15467.25,67,0,15473.33912
4/12/2023 18:33,15467,15468.25,15467,15467.25,40,0,15473.23372
4/12/2023 18:34,15467.5,15468,15466.25,15467.75,59,0,15473.0807
4/12/2023 18:35,15467.5,15469,15467.5,15468,48,0,15472.97916
4/12/2023 18:36,15468.25,15470,15468.25,15469.5,43,0,15472.91138
4/12/2023 18:37,15469.75,15470.75,15468.5,15469.5,70,0,15472.81575
4/12/2023 18:38,15470,15471.25,15470,15470.75,26,0,15472.79305
4/12/2023 18:39,15470.25,15470.25,15468.75,15469.5,22,0,15472.76389
4/12/2023 18:40,15470.25,15470.25,15469,15470,15,0,15472.7458
4/12/2023 18:41,15469.75,15469.75,15468.25,15468.25,15,0,15472.72196
4/12/2023 18:42,15468.5,15468.5,15467.75,15468.5,5,0,15472.71308
4/12/2023 18:43,15468,15468.25,15466,15468.25,35,0,15472.64164
4/12/2023 18:44,15467.75,15468.5,15458,15460,436,0,15471.11419
4/12/2023 18:45,15459.75,15461.25,15458.5,15458.5,87,0,15470.78345
4/12/2023 18:46,15459.25,15459.75,15457.5,15459,97,0,15470.4157
4/12/2023 18:47,15458.75,15459.5,15457.25,15459,54,0,15470.21776
4/12/2023 18:48,15459,15459,15456,15456,37,0,15470.06797
4/12/2023 18:49,15456.25,15458.5,15456.25,15458.5,57,0,15469.85661
4/12/2023 18:50,15458.5,15458.75,15457,15457.25,38,0,15469.71875
4/12/2023 18:51,15457.75,15458.5,15456.75,15457.25,30,0,15469.61062
4/12/2023 18:52,15456.5,15457.5,15456,15457.5,43,0,15469.45267
4/12/2023 18:53,15457.25,15458.25,15457.25,15458.25,19,0,15469.38917
4/12/2023 18:54,15458,15459.5,15457.5,15457.5,43,0,15469.2511
4/12/2023 18:55,15457,15458.75,15456.75,15458.75,17,0,15469.19704
4/12/2023 18:56,15458,15458.25,15457.75,15458.25,6,0,15469.17808
4/12/2023 18:57,15458.25,15458.5,15457,15457,13,0,15469.13509
4/12/2023 18:58,15457,15460.25,15457,15459,38,0,15469.02452
4/12/2023 18:59,15459.25,15460,15457.5,15459.25,30,0,15468.94026
4/12/2023 19:00,15459.5,15463,15459.5,15461.75,169,0,15468.60282
4/12/2023 19:01,15462,15466.75,15461.25,15466,137,0,15468.46472
4/12/2023 19:02,15466.25,15466.25,15464.25,15465.5,53,0,15468.42279
4/12/2023 19:03,15465.75,15468.25,15465.75,15467.5,58,0,15468.40465
4/12/2023 19:04,15467.5,15468.25,15466.75,15466.75,30,0,15468.39609
4/12/2023 19:05,15466.75,15468,15465.75,15467,41,0,15468.38125
4/12/2023 19:06,15466.75,15466.75,15465,15465,32,0,15468.35951
4/12/2023 19:07,15464.5,15465.5,15461.75,15463.25,105,0,15468.23872
4/12/2023 19:08,15463.75,15465.25,15462.5,15463.5,61,0,15468.17482
4/12/2023 19:09,15463.25,15463.5,15462.25,15463.25,32,0,15468.13646
4/12/2023 19:10,15463.25,15463.75,15461.75,15463.75,28,0,15468.10389
4/12/2023 19:11,15463.5,15463.75,15462.25,15463.5,22,0,15468.07902
4/12/2023 19:12,15463.75,15466.25,15463.75,15464.75,63,0,15468.03405
4/12/2023 19:13,15465.25,15469,15464.75,15469,49,0,15468.02912
4/12/2023 19:14,15468.5,15469.25,15467.25,15467.25,45,0,15468.028
4/12/2023 19:15,15466.75,15468.5,15466.75,15467.5,12,0,15468.02682
4/12/2023 19:16,15467.25,15468,15466.75,15466.75,27,0,15468.02173
4/12/2023 19:17,15466.25,15467,15464.75,15465,39,0,15468.00107
4/12/2023 19:18,15464.75,15465,15464.5,15464.75,12,0,15467.99261
4/12/2023 19:19,15464,15466.75,15464,15465.25,22,0,15467.97999
4/12/2023 19:20,15464.75,15465,15463.75,15464.75,39,0,15467.95096
4/12/2023 19:21,15465.25,15466.75,15464.75,15465.75,17,0,15467.94299
4/12/2023 19:22,15466.75,15468,15465.5,15468,54,0,15467.93416
4/12/2023 19:23,15468.25,15470.5,15468,15469.75,71,0,15467.95601
4/12/2023 19:24,15470.25,15470.25,15469.25,15469.75,39,0,15467.97041
4/12/2023 19:25,15469.25,15472,15469.25,15471.5,71,0,15468.01287
4/12/2023 19:26,15471.5,15471.5,15470.5,15471,29,0,15468.03035
4/12/2023 19:27,15471.25,15471.75,15469.5,15469.75,39,0,15468.04833
4/12/2023 19:28,15469.5,15471,15469.5,15470.5,31,0,15468.06243
4/12/2023 19:29,15470.5,15470.5,15469,15469.25,37,0,15468.07354
4/12/2023 19:30,15469,15469,15468.5,15468.5,35,0,15468.07761
4/12/2023 19:31,15469,15474.25,15468.75,15472.75,123,0,15468.16806
4/12/2023 19:32,15472.5,15473,15471.25,15471.75,35,0,15468.19357
4/12/2023 19:33,15471.5,15473.25,15471.5,15471.75,20,0,15468.20863
4/12/2023 19:34,15472,15473,15472,15472.5,35,0,15468.23691
4/12/2023 19:35,15472.25,15472.5,15469,15469.25,48,0,15468.25494
4/12/2023 19:36,15469.5,15471.25,15469.5,15471.25,36,0,15468.27104
4/12/2023 19:37,15470.5,15471,15469.75,15469.75,30,0,15468.28152
4/12/2023 19:38,15469.75,15469.75,15467.75,15467.75,43,0,15468.28258
4/12/2023 19:39,15467.5,15468,15467.5,15467.75,19,0,15468.28074
4/12/2023 19:40,15468,15468.75,15466.5,15466.5,27,0,15468.27569
4/12/2023 19:41,15466.25,15466.25,15461,15464.25,169,0,15468.14359
4/12/2023 19:42,15463.75,15465.75,15462.75,15465.25,38,0,15468.11994
4/12/2023 19:43,15465.75,15468.25,15465.5,15468,65,0,15468.11017
4/12/2023 19:44,15468,15468.5,15465.5,15465.5,47,0,15468.09719
4/12/2023 19:45,15465.5,15465.75,15464.25,15464.75,43,0,15468.07392
4/12/2023 19:46,15464.75,15466,15463,15463.5,79,0,15468.02208
4/12/2023 19:47,15463.75,15465.25,15463,15464.75,39,0,15467.99808
4/12/2023 19:48,15465,15465.5,15463.75,15464.25,50,0,15467.96914
4/12/2023 19:49,15464.5,15465,15463,15464.75,32,0,15467.94956
4/12/2023 19:50,15465,15466.25,15463.75,15465.5,34,0,15467.93407
4/12/2023 19:51,15465,15465.5,15464,15464,13,0,15467.92678
4/12/2023 19:52,15463.75,15464,15463,15464,18,0,15467.91429
4/12/2023 19:53,15464.25,15464.75,15463.75,15464,27,0,15467.89789
4/12/2023 19:54,15464,15464.75,15461.25,15462.25,107,0,15467.81011
4/12/2023 19:55,15462.25,15463.25,15461.5,15462,48,0,15467.7679
4/12/2023 19:56,15461.75,15462,15458.5,15459,157,0,15467.57566
4/12/2023 19:57,15459.25,15459.75,15453,15454.5,261,0,15467.11779
4/12/2023 19:58,15454.5,15455.25,15452.5,15453,135,0,15466.85206
4/12/2023 19:59,15452.75,15454,15450.25,15454,143,0,15466.56475
4/12/2023 20:00,15454.25,15456.75,15454,15456,83,0,15466.43641
4/12/2023 20:01,15456.75,15457.25,15454.75,15456.5,140,0,15466.23788
4/12/2023 20:02,15456.75,15458.75,15455,15457.75,97,0,15466.11799
4/12/2023 20:03,15458.25,15460.25,15458.25,15459.75,91,0,15466.03591
4/12/2023 20:04,15459.75,15461.75,15459,15459.75,153,0,15465.91749
4/12/2023 20:05,15460,15463,15460,15461.5,129,0,15465.8436
4/12/2023 20:06,15461.25,15462.75,15460.5,15461.75,93,0,15465.79383
4/12/2023 20:07,15461.25,15463.75,15460.5,15463.25,84,0,15465.75876
4/12/2023 20:08,15463,15464.5,15461.75,15461.75,69,0,15465.73195
4/12/2023 20:09,15461.75,15462.25,15460.25,15460.5,78,0,15465.68602
4/12/2023 20:10,15461.25,15463.5,15461.25,15463.5,43,0,15465.67039
4/12/2023 20:11,15462.75,15462.75,15460.75,15462.25,62,0,15465.6418
4/12/2023 20:12,15462.25,15462.75,15460.25,15462.5,47,0,15465.61994
4/12/2023 20:13,15462.25,15462.75,15461.5,15462.75,29,0,15465.60834
4/12/2023 20:14,15462.75,15465,15462.75,15464.5,68,0,15465.59583
4/12/2023 20:15,15464.5,15464.5,15463.25,15464.25,19,0,15465.59217
4/12/2023 20:16,15464.5,15465.5,15461,15462,57,0,15465.57337
4/12/2023 20:17,15462.25,15463.25,15460.25,15461,73,0,15465.53811
4/12/2023 20:18,15461,15461,15458,15458,87,0,15465.47136
4/12/2023 20:19,15459,15462.25,15458.5,15462.25,65,0,15465.4375
4/12/2023 20:20,15462.75,15464.75,15461.75,15463.25,64,0,15465.42132
4/12/2023 20:21,15463.25,15468,15463.25,15466.75,132,0,15465.43002
4/12/2023 20:22,15466.5,15467,15465.75,15466.75,56,0,15465.4368
4/12/2023 20:23,15466.25,15467.5,15466,15467,21,0,15465.44011
4/12/2023 20:24,15467.25,15468.25,15466.75,15467.5,47,0,15465.45098
4/12/2023 20:25,15467,15467.75,15465.75,15467.25,33,0,15465.45639
4/12/2023 20:26,15467.5,15468.75,15467.25,15468.25,33,0,15465.46605
4/12/2023 20:27,15467.75,15469,15466.25,15467,91,0,15465.48564
4/12/2023 20:28,15467.25,15471.25,15467.25,15469.75,87,0,15465.52301
4/12/2023 20:29,15469.5,15470,15468.5,15469.25,63,0,15465.5485
4/12/2023 20:30,15469.75,15469.75,15468,15469,35,0,15465.56125
4/12/2023 20:31,15468.5,15472.25,15468.25,15470.75,58,0,15465.59151
4/12/2023 20:32,15470.75,15471.5,15469.75,15470.25,29,0,15465.60676
4/12/2023 20:33,15470.25,15471.75,15470.25,15471,40,0,15465.62977
4/12/2023 20:34,15471.25,15473.5,15471,15473.25,68,0,15465.67984
4/12/2023 20:35,15472.75,15474.5,15472.25,15473.25,67,0,15465.73376
4/12/2023 20:36,15473.25,15475.75,15472.25,15473.5,122,0,15465.83635
4/12/2023 20:37,15473.25,15476.25,15473,15476.25,42,0,15465.87686
4/12/2023 20:38,15476,15477,15475.25,15476.5,62,0,15465.94292
4/12/2023 20:39,15476.75,15478.5,15476.5,15477.75,99,0,15466.06009
4/12/2023 20:40,15477.75,15481.5,15477.75,15481.25,211,0,15466.35638
4/12/2023 20:41,15481.5,15483.25,15480,15483,156,0,15466.59686
4/12/2023 20:42,15483.5,15484,15479.5,15480,139,0,15466.7927
4/12/2023 20:43,15480.75,15481,15478.75,15478.75,48,0,15466.85141
4/12/2023 20:44,15478.5,15479,15476,15476.75,88,0,15466.93875
4/12/2023 20:45,15477.25,15478,15476.5,15477,33,0,15466.97087
4/12/2023 20:46,15477,15477,15475,15477,71,0,15467.03369
4/12/2023 20:47,15476.5,15478.25,15475.75,15476.5,53,0,15467.08253
4/12/2023 20:48,15477,15477,15474.75,15475.5,30,0,15467.10692
4/12/2023 20:49,15475.75,15476.5,15475.25,15475.75,23,0,15467.1257
4/12/2023 20:50,15476.25,15477,15474.75,15475.25,45,0,15467.16151
4/12/2023 20:51,15475,15475.25,15470.5,15472.75,191,0,15467.26069
4/12/2023 20:52,15472.75,15473.25,15471.25,15473.25,129,0,15467.32281
4/12/2023 20:53,15473.25,15473.5,15470.75,15472,59,0,15467.34809
4/12/2023 20:54,15472.25,15476,15472,15475.25,77,0,15467.39674
4/12/2023 20:55,15475.5,15476.75,15474.75,15476.75,39,0,15467.42692
4/12/2023 20:56,15476.75,15478.75,15476.75,15477.25,59,0,15467.48001
4/12/2023 20:57,15478,15479.5,15477.75,15478.25,78,0,15467.55565
4/12/2023 20:58,15478,15481.25,15477.25,15480.5,69,0,15467.62874
4/12/2023 20:59,15480.5,15483.25,15480.5,15482.5,82,0,15467.73168
4/12/2023 21:00,15482,15484,15482,15483,87,0,15467.84617
4/12/2023 21:01,15482.5,15485.5,15482.25,15484.25,131,0,15468.02653
4/12/2023 21:02,15484.25,15484.5,15481.75,15483,63,0,15468.10694
4/12/2023 21:03,15482.75,15483.75,15482.75,15482.75,51,0,15468.17141
4/12/2023 21:04,15483.25,15486.25,15482.25,15485.75,96,0,15468.30468
4/12/2023 21:05,15485.75,15486,15483,15483.5,63,0,15468.38791
4/12/2023 21:06,15483.75,15485.25,15483.5,15484,71,0,15468.48116
4/12/2023 21:07,15483.75,15484,15480.25,15481,116,0,15468.6074
4/12/2023 21:08,15480.5,15480.5,15476.75,15478.75,175,0,15468.74973
4/12/2023 21:09,15478.75,15480,15476.75,15478.75,80,0,15468.81239
4/12/2023 21:10,15478.5,15481.25,15478.25,15479.5,51,0,15468.85668
4/12/2023 21:11,15480,15481.25,15479.75,15481,62,0,15468.91497
4/12/2023 21:12,15481,15481,15480,15480.25,27,0,15468.93964
4/12/2023 21:13,15480.25,15480.25,15477.5,15478.75,36,0,15468.96786
4/12/2023 21:14,15479.25,15480.25,15477.25,15479.25,56,0,15469.0118
4/12/2023 21:15,15478.5,15479.75,15478,15479.5,17,0,15469.02528
4/12/2023 21:16,15479.5,15480,15477.5,15480,53,0,15469.06744
4/12/2023 21:17,15479.5,15479.5,15475,15476,62,0,15469.10502
4/12/2023 21:18,15475.5,15476,15474.5,15475.75,92,0,15469.15002
4/12/2023 21:19,15475.75,15476,15475,15475.25,34,0,15469.16649
4/12/2023 21:20,15475.5,15478.75,15475.25,15477.25,43,0,15469.19271
4/12/2023 21:21,15478.25,15480.5,15477,15478.25,100,0,15469.2645
4/12/2023 21:22,15478.5,15480.5,15478.5,15479.75,61,0,15469.3124
4/12/2023 21:23,15479.25,15480.25,15477,15479.25,63,0,15469.35782
4/12/2023 21:24,15480,15480.75,15478.5,15478.5,40,0,15469.38769
4/12/2023 21:25,15479,15480.75,15478.75,15480.75,31,0,15469.41267
4/12/2023 21:26,15480.75,15480.75,15479,15480,31,0,15469.43714
4/12/2023 21:27,15480.25,15481,15478.25,15478.25,45,0,15469.46993
4/12/2023 21:28,15478.75,15480.75,15478.75,15480.75,18,0,15469.48422
4/12/2023 21:29,15480.75,15481.5,15480.5,15480.75,51,0,15469.52766
4/12/2023 21:30,15481,15481.25,15479.25,15479.75,31,0,15469.55199
4/12/2023 21:31,15479.75,15480.5,15476.5,15476.75,116,0,15469.6235
4/12/2023 21:32,15476.5,15478.75,15476.25,15478,49,0,15469.65244
4/12/2023 21:33,15478,15481,15478,15480.25,55,0,15469.69306
4/12/2023 21:34,15480,15481.25,15478.25,15479.75,44,0,15469.72533
4/12/2023 21:35,15479.25,15480.5,15477.75,15479.25,65,0,15469.76986
4/12/2023 21:36,15478.75,15478.75,15476.25,15476.25,35,0,15469.78839
4/12/2023 21:37,15476,15478.25,15475.25,15477.5,48,0,15469.81335
4/12/2023 21:38,15477.5,15479,15477.25,15477.25,44,0,15469.83873
4/12/2023 21:39,15478,15478.75,15476.75,15478.75,27,0,15469.8547
4/12/2023 21:40,15478.25,15487.5,15478.25,15484.25,325,0,15470.16189
4/12/2023 21:41,15484.25,15485.25,15481.75,15482.75,132,0,15470.28193
4/12/2023 21:42,15482.25,15483.25,15481.25,15481.75,65,0,15470.33499
4/12/2023 21:43,15482,15484.25,15481.25,15483,52,0,15470.37979
4/12/2023 21:44,15482.75,15485.5,15482.5,15485.5,48,0,15470.42635
4/12/2023 21:45,15485.25,15485.5,15479.5,15480.25,80,0,15470.48824
4/12/2023 21:46,15480.5,15480.75,15477.75,15479.75,57,0,15470.52287
4/12/2023 21:47,15479.25,15479.25,15477,15478,39,0,15470.54289
4/12/2023 21:48,15478.5,15480.5,15478.5,15479.25,45,0,15470.56991
4/12/2023 21:49,15480.5,15480.5,15478.75,15479.5,17,0,15470.58026
4/12/2023 21:50,15479.5,15480.25,15478.75,15479.25,18,0,15470.591
4/12/2023 21:51,15480,15482.75,15479.5,15482.25,50,0,15470.6277
4/12/2023 21:52,15482.5,15482.75,15480.75,15481.5,29,0,15470.6492
4/12/2023 21:53,15482,15483.75,15481.5,15483.75,76,0,15470.71191
4/12/2023 21:54,15484.5,15485.5,15484,15485.25,50,0,15470.7592
4/12/2023 21:55,15485.25,15487.5,15484.75,15486.5,46,0,15470.8065
4/12/2023 21:56,15487,15487.75,15485,15485.75,89,0,15470.89672
4/12/2023 21:57,15485,15487.5,15484.75,15486.5,43,0,15470.94017
4/12/2023 21:58,15486.75,15487,15485,15485.5,54,0,15470.9929
4/12/2023 21:59,15484.75,15485.75,15483.75,15485.75,27,0,15471.0178
4/12/2023 22:00,15485,15486.5,15484.75,15486.25,31,0,15471.04781
4/12/2023 22:01,15486.5,15487.25,15485.75,15487,51,0,15471.09967
4/12/2023 22:02,15486.5,15487.25,15484.75,15487.25,37,0,15471.13648
4/12/2023 22:03,15487.25,15487.75,15486.5,15486.75,67,0,15471.20522
4/12/2023 22:04,15486.5,15486.5,15484.5,15486,43,0,15471.24532
4/12/2023 22:05,15485.5,15486.5,15485,15485.75,25,0,15471.26867
4/12/2023 22:06,15485.5,15486,15484.5,15486,42,0,15471.30705
4/12/2023 22:07,15486.5,15489,15486.5,15488.25,80,0,15471.39194
4/12/2023 22:08,15489.25,15489.5,15487.5,15488.5,35,0,15471.43011
4/12/2023 22:09,15488.5,15490.5,15488.5,15490.25,72,0,15471.5138
4/12/2023 22:10,15489.75,15493,15489.75,15491.75,212,0,15471.77908
4/12/2023 22:11,15491.75,15493.25,15490.75,15493.25,84,0,15471.88705
4/12/2023 22:12,15493.25,15494,15492,15494,70,0,15471.98015
4/12/2023 22:13,15494,15494.75,15493.75,15494,109,0,15472.1291
4/12/2023 22:14,15494.25,15496.5,15494.25,15495.5,144,0,15472.33384
4/12/2023 22:15,15495.75,15496.5,15495.5,15496.5,44,0,15472.39769
4/12/2023 22:16,15496,15496.75,15493,15493.5,86,0,15472.5124
4/12/2023 22:17,15493.75,15493.75,15492.25,15492.75,45,0,15472.56786
4/12/2023 22:18,15492.5,15493,15492,15493,25,0,15472.59817
4/12/2023 22:19,15492.75,15492.75,15490.75,15491.75,42,0,15472.64657
4/12/2023 22:20,15492.25,15493.25,15491.25,15493,30,0,15472.68234
4/12/2023 22:21,15492.25,15492.75,15491.75,15492.5,20,0,15472.70591
4/12/2023 22:22,15492.75,15494,15492.5,15493.75,56,0,15472.77525
4/12/2023 22:23,15494,15494.75,15493.25,15493.75,43,0,15472.82946
4/12/2023 22:24,15494.5,15495.25,15493.5,15494.75,56,0,15472.90158
4/12/2023 22:25,15494.75,15496.25,15494.5,15495,53,0,15472.97175
4/12/2023 22:26,15495.25,15495.75,15493.75,15494,37,0,15473.01884
4/12/2023 22:27,15494.25,15494.75,15494,15494.75,36,0,15473.06446
4/12/2023 22:28,15494.5,15497,15494.5,15497,45,0,15473.12563
4/12/2023 22:29,15496.75,15496.75,15495.25,15495.75,22,0,15473.15509
4/12/2023 22:30,15495.75,15497.75,15495.5,15497.25,36,0,15473.20507
4/12/2023 22:31,15497.25,15497.5,15496.25,15496.75,41,0,15473.26173
4/12/2023 22:32,15496.75,15496.75,15492.5,15494,119,0,15473.40797
4/12/2023 22:33,15494.25,15495,15493.25,15494,39,0,15473.4547
4/12/2023 22:34,15494.25,15495,15493.75,15494.5,56,0,15473.52252
4/12/2023 22:35,15494.25,15494.75,15493.5,15493.75,34,0,15473.56266
4/12/2023 22:36,15494.25,15496.75,15493,15496.5,136,0,15473.73269
4/12/2023 22:37,15496.5,15497,15496,15496.25,55,0,15473.80384
4/12/2023 22:38,15496.25,15497.75,15496.25,15497.5,45,0,15473.86364
4/12/2023 22:39,15497.75,15501.25,15497.75,15500.5,141,0,15474.07027
4/12/2023 22:40,15500.5,15502.75,15500,15500.25,91,0,15474.20786
4/12/2023 22:41,15500.25,15500.5,15497.25,15498.75,42,0,15474.26579
4/12/2023 22:42,15498,15499,15497.5,15497.75,52,0,15474.33495
4/12/2023 22:43,15497.5,15497.75,15495.75,15496.5,91,0,15474.44787
4/12/2023 22:44,15496.75,15497.75,15496.25,15496.75,19,0,15474.47157
4/12/2023 22:45,15496.5,15497,15495.25,15496.75,103,0,15474.59584
4/12/2023 22:46,15497.25,15497.25,15496,15496.5,22,0,15474.62251
4/12/2023 22:47,15496.5,15497,15495.75,15496.5,19,0,15474.64531
4/12/2023 22:48,15496.25,15496.75,15496.25,15496.5,9,0,15474.65614
4/12/2023 22:49,15496.75,15496.75,15496.25,15496.75,18,0,15474.67784
4/12/2023 22:50,15497,15497.25,15496,15496.75,18,0,15474.69958
4/12/2023 22:51,15496.5,15497.25,15496.25,15496.5,12,0,15474.71405
4/12/2023 22:52,15496,15497,15495.75,15496.5,38,0,15474.75923
4/12/2023 22:53,15496.25,15496.25,15494.5,15494.5,49,0,15474.81363
4/12/2023 22:54,15494.25,15495.75,15493.25,15495.25,84,0,15474.90471
4/12/2023 22:55,15495.25,15495.5,15493.75,15494.75,45,0,15474.95295
4/12/2023 22:56,15494.75,15495.25,15494.5,15494.5,24,0,15474.97869
4/12/2023 22:57,15494.5,15494.5,15492.75,15493.25,51,0,15475.02973
4/12/2023 22:58,15493,15495.5,15492.75,15495,53,0,15475.08509
4/12/2023 22:59,15494.25,15495,15493.75,15494,34,0,15475.12013
4/12/2023 23:00,15494.25,15494.5,15492.75,15493.25,31,0,15475.15072
4/12/2023 23:01,15493.25,15494,15492.75,15493.75,42,0,15475.192
4/12/2023 23:02,15493.75,15494,15492.75,15494,35,0,15475.22642
4/12/2023 23:03,15493.5,15493.5,15492.5,15492.75,18,0,15475.24343
4/12/2023 23:04,15493.25,15494.5,15491.5,15494.5,55,0,15475.29691
4/12/2023 23:05,15494.25,15495.75,15493.5,15494,49,0,15475.34668
4/12/2023 23:06,15494.25,15496,15494.25,15496,29,0,15475.37755
4/12/2023 23:07,15495.25,15495.25,15493,15493,22,0,15475.39896
4/12/2023 23:08,15492.75,15493.75,15491.75,15493.75,26,0,15475.42328
4/12/2023 23:09,15494.25,15494.5,15493,15494,23,0,15475.44566
4/12/2023 23:10,15493.75,15493.75,15491.75,15491.75,42,0,15475.48324
4/12/2023 23:11,15491.75,15494,15491.75,15493.25,42,0,15475.52194
4/12/2023 23:12,15492.5,15494.5,15492,15494.5,38,0,15475.55814
4/12/2023 23:13,15494.25,15496.25,15494.25,15495.25,57,0,15475.6169
4/12/2023 23:14,15494.75,15498,15494.75,15497.5,70,0,15475.69405
4/12/2023 23:15,15497.25,15499,15497.25,15497.75,43,0,15475.74396
4/12/2023 23:16,15498,15498.5,15497.75,15498.25,17,0,15475.76378
4/12/2023 23:17,15497.75,15498,15496.75,15497.75,25,0,15475.79199
4/12/2023 23:18,15497.5,15497.75,15496.75,15497.25,16,0,15475.80981
4/12/2023 23:19,15496.75,15496.75,15496,15496.5,18,0,15475.82903
4/12/2023 23:20,15496.25,15496.75,15495,15496.5,27,0,15475.85734
4/12/2023 23:21,15496.25,15497.25,15496.25,15497.25,12,0,15475.87041
4/12/2023 23:22,15497.75,15498,15496.75,15497.25,12,0,15475.88372
4/12/2023 23:23,15496.25,15497.25,15496.25,15497.25,14,0,15475.89893
4/12/2023 23:24,15497.25,15498,15496,15498,31,0,15475.93321
4/12/2023 23:25,15497.75,15501,15497.75,15500.75,143,0,15476.10819
4/12/2023 23:26,15501,15502.25,15500.75,15501.75,36,0,15476.15505
4/12/2023 23:27,15501.5,15502,15500.5,15500.75,46,0,15476.21352
4/12/2023 23:28,15500.25,15500.5,15499.25,15499.25,29,0,15476.24814
4/12/2023 23:29,15499.25,15500,15499,15499.25,27,0,15476.27994
4/12/2023 23:30,15498.5,15498.5,15497.75,15498.25,34,0,15476.31771
4/12/2023 23:31,15498.75,15499.75,15498,15498,21,0,15476.34142
4/12/2023 23:32,15498,15498,15496.75,15497.5,43,0,15476.38726
4/12/2023 23:33,15497.25,15498,15496.25,15496.75,28,0,15476.41641
4/12/2023 23:34,15497,15497.75,15496.5,15497.75,19,0,15476.43647
4/12/2023 23:35,15497.75,15497.75,15496.25,15496.5,18,0,15476.45498
4/12/2023 23:36,15496.75,15498.25,15496.75,15498.25,16,0,15476.47215
4/12/2023 23:37,15498.25,15498.25,15497.5,15497.5,6,0,15476.47858
4/12/2023 23:38,15497.25,15498.5,15497.25,15497.75,17,0,15476.49685
4/12/2023 23:39,15497.75,15498,15496.5,15496.75,23,0,15476.52065
4/12/2023 23:40,15497.25,15497.25,15497,15497,8,0,15476.52891
4/12/2023 23:41,15497.25,15498.5,15497.25,15498.5,22,0,15476.55271
4/12/2023 23:42,15498.25,15498.5,15498.25,15498.25,4,0,15476.55708
4/12/2023 23:43,15498.5,15498.5,15496,15496.25,30,0,15476.58768
4/12/2023 23:44,15497,15498,15496.75,15497.75,14,0,15476.60234
4/12/2023 23:45,15497.25,15497.5,15496.5,15497.5,7,0,15476.60955
4/12/2023 23:46,15497.25,15497.75,15496.75,15497,11,0,15476.62086
4/12/2023 23:47,15496.75,15497.25,15496.75,15497.25,2,0,15476.62291
4/12/2023 23:48,15496.25,15496.5,15494.5,15495.25,43,0,15476.66324
4/12/2023 23:49,15494.75,15496,15494.75,15496,42,0,15476.70282
4/12/2023 23:50,15496.25,15496.25,15494.5,15494.5,26,0,15476.72659
4/12/2023 23:51,15494.25,15494.75,15493.5,15493.5,39,0,15476.75987
4/12/2023 23:52,15493.75,15494.75,15493.5,15494.5,46,0,15476.79972
4/12/2023 23:53,15494.25,15495.5,15494.25,15494.75,14,0,15476.81222
4/12/2023 23:54,15495.5,15495.5,15495.25,15495.25,4,0,15476.81588
4/12/2023 23:55,15495.25,15496.25,15495,15496,27,0,15476.84115
4/12/2023 23:56,15496,15496.5,15496,15496.5,6,0,15476.84693
4/12/2023 23:57,15496.75,15497.25,15496.5,15496.75,22,0,15476.86863
4/12/2023 23:58,15497,15497.5,15496.25,15497.25,45,0,15476.91324
4/12/2023 23:59,15496.75,15498.25,15496.5,15497.25,25,0,15476.93835
4/13/2023 0:00,15497.75,15498,15497.75,15497.75,7,0,15476.94554
4/13/2023 0:01,15497.75,15498.5,15497,15497.75,68,0,15477.01486
4/13/2023 0:02,15497,15497.25,15495.5,15495.75,22,0,15477.03549
4/13/2023 0:03,15495.5,15497.75,15495.5,15496.5,38,0,15477.07178
4/13/2023 0:04,15496.25,15496.25,15494.75,15495.25,29,0,15477.09774
4/13/2023 0:05,15495.5,15496.25,15495,15495,14,0,15477.11024
4/13/2023 0:06,15495,15495,15494.75,15494.75,21,0,15477.12837
4/13/2023 0:07,15494.75,15497.5,15494.75,15497.5,61,0,15477.186
4/13/2023 0:08,15497.25,15499.25,15497.25,15497.75,48,0,15477.2346
4/13/2023 0:09,15498,15498.25,15497.5,15498.25,11,0,15477.24566
4/13/2023 0:10,15498.75,15498.75,15497.75,15498.25,13,0,15477.25888
4/13/2023 0:11,15498.5,15500,15498,15499.75,57,0,15477.31937
4/13/2023 0:12,15499.75,15500.75,15499.5,15500.5,36,0,15477.35914
4/13/2023 0:13,15500.75,15501,15500,15500.75,38,0,15477.40158
4/13/2023 0:14,15500.25,15500.25,15499,15499,29,0,15477.43224
4/13/2023 0:15,15498.75,15499.25,15498,15498.5,19,0,15477.45152
4/13/2023 0:16,15498.5,15499.25,15498.25,15499.25,18,0,15477.47004
4/13/2023 0:17,15499.25,15499.5,15499,15499.5,7,0,15477.47737
4/13/2023 0:18,15499.5,15499.75,15498.75,15499.5,40,0,15477.51919
4/13/2023 0:19,15499.75,15500.25,15499,15499.5,34,0,15477.55501
4/13/2023 0:20,15500.25,15500.75,15500,15500,16,0,15477.57234
4/13/2023 0:21,15500,15500,15498.75,15498.75,24,0,15477.59704
4/13/2023 0:22,15498.75,15499,15498.25,15499,27,0,15477.62422
4/13/2023 0:23,15498.25,15498.5,15497.25,15498,28,0,15477.65123
4/13/2023 0:24,15498,15498.5,15496.75,15497,15,0,15477.66531
4/13/2023 0:25,15497.25,15498.5,15497.25,15498.5,18,0,15477.68276
4/13/2023 0:26,15498.75,15499,15497.75,15498.25,14,0,15477.69647
4/13/2023 0:27,15498.25,15498.5,15498,15498.25,10,0,15477.70621
4/13/2023 0:28,15498,15498,15496.75,15496.75,22,0,15477.72649
4/13/2023 0:29,15497.25,15498,15495.5,15497.25,38,0,15477.76096
4/13/2023 0:30,15497,15497.25,15496.5,15497,9,0,15477.76911
4/13/2023 0:31,15497,15501.5,15497,15501.25,104,0,15477.87741
4/13/2023 0:32,15501.5,15502.25,15501,15501.5,39,0,15477.9208
4/13/2023 0:33,15501.5,15502.25,15501.5,15502,11,0,15477.93319
4/13/2023 0:34,15501.5,15501.5,15499.75,15500,21,0,15477.95531
4/13/2023 0:35,15499.75,15499.75,15498.75,15498.75,15,0,15477.97016
4/13/2023 0:36,15498.25,15498.25,15496.25,15496.75,53,0,15478.01748
4/13/2023 0:37,15496.75,15498,15496.75,15497.25,18,0,15478.03371
4/13/2023 0:38,15497.25,15497.5,15496.5,15496.5,16,0,15478.04774
4/13/2023 0:39,15496.75,15496.75,15495.25,15495.75,30,0,15478.07271
4/13/2023 0:40,15496.5,15497.25,15496,15496.5,22,0,15478.09165
4/13/2023 0:41,15496.5,15497,15495.75,15496.25,24,0,15478.112
4/13/2023 0:42,15496.5,15496.5,15495.5,15496,15,0,15478.12446
4/13/2023 0:43,15496,15496,15495.25,15495.25,7,0,15478.13011
4/13/2023 0:44,15495.75,15497,15495.75,15496.5,29,0,15478.1547
4/13/2023 0:45,15496.5,15496.5,15495.5,15495.75,7,0,15478.16046
4/13/2023 0:46,15495.5,15497.25,15495.5,15496.5,33,0,15478.18835
4/13/2023 0:47,15496.5,15497.5,15496.25,15497.25,12,0,15478.19879
4/13/2023 0:48,15496.75,15496.75,15495.5,15496.75,22,0,15478.21722
4/13/2023 0:49,15496.75,15499,15496.25,15498.75,27,0,15478.24187
4/13/2023 0:50,15498.25,15498.25,15497.5,15497.5,6,0,15478.24727
4/13/2023 0:51,15497.25,15497.75,15496.5,15496.75,30,0,15478.27319
4/13/2023 0:52,15496.25,15496.5,15495.75,15495.75,25,0,15478.29359
4/13/2023 0:53,15495.5,15497.25,15495.5,15496.75,66,0,15478.34872
4/13/2023 0:54,15497,15498.75,15496.75,15498.75,34,0,15478.37946
4/13/2023 0:55,15498,15499,15497.25,15498.25,57,0,15478.43099
4/13/2023 0:56,15498.5,15498.5,15496.5,15497.25,20,0,15478.44833
4/13/2023 0:57,15497.5,15497.5,15496.25,15496.5,15,0,15478.46085
4/13/2023 0:58,15496,15497,15495.25,15496.5,30,0,15478.48516
4/13/2023 0:59,15496.5,15497.25,15496,15496.5,21,0,15478.50246
4/13/2023 1:00,15496.5,15498.5,15496,15498.5,13,0,15478.51379
4/13/2023 1:01,15498.25,15501,15498.25,15499.75,160,0,15478.66663
4/13/2023 1:02,15499.75,15501.25,15499.25,15501,58,0,15478.72366
4/13/2023 1:03,15501.25,15501.5,15497.5,15498.5,32,0,15478.75308
4/13/2023 1:04,15498,15499,15497.5,15499,19,0,15478.76994
4/13/2023 1:05,15499.25,15499.5,15498.5,15498.75,13,0,15478.7817
4/13/2023 1:06,15498.25,15498.75,15497.5,15497.5,37,0,15478.81345
4/13/2023 1:07,15497.5,15498.75,15497,15498.75,81,0,15478.88347
4/13/2023 1:08,15499,15499.75,15498.75,15499.75,25,0,15478.90638
4/13/2023 1:09,15499.75,15500.75,15498.5,15499.5,38,0,15478.94138
4/13/2023 1:10,15500.5,15501.25,15499.75,15501.25,52,0,15478.99179
4/13/2023 1:11,15501,15506.5,15500.75,15503,303,0,15479.31634
4/13/2023 1:12,15502.5,15503.75,15502,15503.75,46,0,15479.36435
4/13/2023 1:13,15503.5,15504,15502.25,15502.5,52,0,15479.41783
4/13/2023 1:14,15502.25,15502.25,15501.25,15501.25,22,0,15479.4391
4/13/2023 1:15,15501,15501.5,15499.5,15500.25,31,0,15479.46743
4/13/2023 1:16,15500.5,15501.25,15498.75,15501.25,108,0,15479.56554
4/13/2023 1:17,15501.5,15501.75,15500.5,15501,87,0,15479.64641
4/13/2023 1:18,15500.75,15502,15500.75,15501,15,0,15479.6604
4/13/2023 1:19,15500.75,15500.75,15499.25,15500.5,50,0,15479.70457
4/13/2023 1:20,15500,15500,15498.5,15499.75,69,0,15479.76299
4/13/2023 1:21,15499.75,15502,15499.75,15501.75,76,0,15479.83262
4/13/2023 1:22,15502,15503.25,15502,15502.5,57,0,15479.888
4/13/2023 1:23,15503,15503.5,15501.5,15501.5,69,0,15479.95346
4/13/2023 1:24,15501.5,15502.25,15501.5,15502,24,0,15479.97588
4/13/2023 1:25,15502,15502,15501,15501,23,0,15479.99676
4/13/2023 1:26,15500.25,15501,15499,15500,63,0,15480.05017
4/13/2023 1:27,15499.5,15500,15498.5,15498.75,27,0,15480.07192
4/13/2023 1:28,15498.75,15500.25,15498.75,15500,20,0,15480.0885
4/13/2023 1:29,15499.75,15499.75,15494.25,15495.5,181,0,15480.21319
4/13/2023 1:30,15495.75,15496,15493.75,15494.5,88,0,15480.26669
4/13/2023 1:31,15495,15495.75,15494,15494.75,140,0,15480.35148
4/13/2023 1:32,15494.5,15496,15494.5,15494.5,77,0,15480.39823
4/13/2023 1:33,15494.25,15495.75,15494.25,15495.75,21,0,15480.41114
4/13/2023 1:34,15496.25,15497.25,15496,15496.75,52,0,15480.44607
4/13/2023 1:35,15496.75,15497,15495.5,15495.5,28,0,15480.46404
4/13/2023 1:36,15495.25,15495.75,15494.5,15495.25,21,0,15480.47678
4/13/2023 1:37,15494.75,15495,15494.25,15494.25,30,0,15480.4941
4/13/2023 1:38,15494.5,15494.75,15492.5,15493.5,93,0,15480.54405
4/13/2023 1:39,15494,15494,15491.5,15491.75,58,0,15480.57223
4/13/2023 1:40,15491.75,15493,15490.75,15491.75,57,0,15480.59845
4/13/2023 1:41,15491.75,15492.25,15490.75,15491.5,37,0,15480.61489
4/13/2023 1:42,15491.25,15493,15491.25,15492.25,26,0,15480.62713
4/13/2023 1:43,15492.5,15492.5,15491,15491.5,23,0,15480.63746
4/13/2023 1:44,15491.25,15494,15491.25,15493.5,45,0,15480.6599
4/13/2023 1:45,15493.75,15494,15492.75,15493,22,0,15480.67114
4/13/2023 1:46,15493,15493.75,15492.75,15493.25,10,0,15480.67625
4/13/2023 1:47,15492.25,15493.25,15491.75,15493.25,17,0,15480.68457
4/13/2023 1:48,15493.75,15493.75,15490.25,15490.75,50,0,15480.70661
4/13/2023 1:49,15490.5,15492,15490.25,15491.25,50,0,15480.72773
4/13/2023 1:50,15491,15492,15490.5,15491.25,69,0,15480.75696
4/13/2023 1:51,15490.75,15490.75,15487.5,15489.25,110,0,15480.79404
4/13/2023 1:52,15489.25,15489.5,15487.5,15488.5,58,0,15480.81192
4/13/2023 1:53,15488.5,15490.5,15488.5,15490.25,24,0,15480.82049
4/13/2023 1:54,15490.25,15491,15490,15490.75,27,0,15480.83101
4/13/2023 1:55,15490.75,15492.25,15490,15491.75,22,0,15480.84022
4/13/2023 1:56,15491.25,15493.25,15491.25,15492.75,30,0,15480.85405
4/13/2023 1:57,15493,15494,15491,15491.75,50,0,15480.8767
4/13/2023 1:58,15491.75,15494.5,15491.75,15493,46,0,15480.89898
4/13/2023 1:59,15493.5,15493.5,15492,15492,22,0,15480.9091
4/13/2023 2:00,15491.75,15494.25,15491.5,15493.75,39,0,15480.92802
4/13/2023 2:01,15494,15494.25,15491.25,15492.75,118,0,15480.98298
4/13/2023 2:02,15493,15499.25,15493,15498.25,161,0,15481.08288
4/13/2023 2:03,15498.75,15504.75,15498.25,15502.75,201,0,15481.24554
4/13/2023 2:04,15502.25,15502.25,15499.5,15501.5,116,0,15481.33452
4/13/2023 2:05,15501.5,15502,15497.5,15498.5,82,0,15481.39141
4/13/2023 2:06,15497.75,15498.75,15495.75,15495.75,77,0,15481.43686
4/13/2023 2:07,15496.25,15498.75,15496.25,15498,27,0,15481.45368
4/13/2023 2:08,15498.25,15499.75,15497.75,15499.25,85,0,15481.51049
4/13/2023 2:09,15499,15500.5,15497.75,15497.75,25,0,15481.52688
4/13/2023 2:10,15497.5,15499.25,15497.25,15497.25,35,0,15481.54878
4/13/2023 2:11,15497.25,15499.75,15496.75,15497.75,55,0,15481.58343
4/13/2023 2:12,15497.75,15497.75,15495.5,15495.5,35,0,15481.60296
4/13/2023 2:13,15495.25,15495.25,15492.75,15493.75,64,0,15481.63288
4/13/2023 2:14,15493.75,15495.5,15493.5,15495,23,0,15481.64424
4/13/2023 2:15,15495,15497.25,15495,15496.5,29,0,15481.66029
4/13/2023 2:16,15496.5,15497.75,15495,15495.75,79,0,15481.70357
4/13/2023 2:17,15495.5,15498,15495.25,15495.75,59,0,15481.7361
4/13/2023 2:18,15496,15501.75,15496,15497.75,130,0,15481.81783
4/13/2023 2:19,15497.25,15498.5,15496,15497.5,106,0,15481.87926
4/13/2023 2:20,15498,15501,15497.75,15500.5,118,0,15481.95768
4/13/2023 2:21,15500.5,15501.25,15499.25,15499.5,63,0,15481.99985
4/13/2023 2:22,15499,15499,15496.25,15496.75,87,0,15482.04919
4/13/2023 2:23,15496.5,15497.75,15495,15497,108,0,15482.10701
4/13/2023 2:24,15497.5,15498,15495.5,15497,131,0,15482.17773
4/13/2023 2:25,15497,15497.5,15496,15497.5,72,0,15482.21674
4/13/2023 2:26,15497.25,15498.5,15496.25,15498.5,37,0,15482.23773
4/13/2023 2:27,15498,15499.25,15498,15499.25,21,0,15482.25044
4/13/2023 2:28,15498.75,15499.5,15498.5,15499.25,33,0,15482.27069
4/13/2023 2:29,15499.5,15499.75,15498.75,15499.25,70,0,15482.31389
4/13/2023 2:30,15499,15499.25,15497.75,15498.5,76,0,15482.35848
4/13/2023 2:31,15498.5,15504.75,15498.25,15504.25,222,0,15482.5186
4/13/2023 2:32,15504.25,15512.75,15504,15512.75,527,0,15483.02658
4/13/2023 2:33,15512,15513,15509,15511.25,181,0,15483.20466
4/13/2023 2:34,15511,15511.75,15510,15511,60,0,15483.26284
4/13/2023 2:35,15510.75,15512.25,15508.75,15509.75,93,0,15483.35038
4/13/2023 2:36,15509.5,15510,15508.75,15509,31,0,15483.37835
4/13/2023 2:37,15508.75,15509.75,15508.5,15508.75,42,0,15483.41579
4/13/2023 2:38,15509,15510,15508.5,15508.75,56,0,15483.4657
4/13/2023 2:39,15509.25,15509.5,15508,15509,58,0,15483.51668
4/13/2023 2:40,15508.75,15509.25,15508.5,15509.25,24,0,15483.53786
4/13/2023 2:41,15509.5,15512.75,15509.5,15511.75,104,0,15483.63759
4/13/2023 2:42,15511.75,15513.75,15511.5,15512.25,161,0,15483.79701
4/13/2023 2:43,15512.75,15513,15511.75,15513,105,0,15483.90034
4/13/2023 2:44,15512.75,15516,15512.75,15515.75,259,0,15484.17182
4/13/2023 2:45,15515.25,15517.5,15514.25,15517.25,122,0,15484.30423
4/13/2023 2:46,15517.75,15522.75,15517.5,15521.75,306,0,15484.67589
4/13/2023 2:47,15522,15522.5,15519.75,15522,137,0,15484.84324
4/13/2023 2:48,15522,15525.75,15521.25,15525.75,249,0,15485.16682
4/13/2023 2:49,15525.75,15528.5,15524.5,15525,333,0,15485.61034
4/13/2023 2:50,15524.75,15529,15524,15527,217,0,15485.89889
4/13/2023 2:51,15527,15530.75,15527,15529.75,152,0,15486.11086
4/13/2023 2:52,15530.25,15531.75,15528.25,15529,204,0,15486.39537
4/13/2023 2:53,15529.25,15533.5,15528.75,15532,221,0,15486.71171
4/13/2023 2:54,15532.5,15534.25,15531,15531.5,125,0,15486.89198
4/13/2023 2:55,15532.25,15533.5,15530.25,15530.5,120,0,15487.06054
4/13/2023 2:56,15530,15532.25,15527,15531,157,0,15487.27259
4/13/2023 2:57,15531.25,15532.75,15529.5,15531.75,105,0,15487.41735
4/13/2023 2:58,15531.5,15532.25,15529.5,15529.75,97,0,15487.54772
4/13/2023 2:59,15529.5,15529.5,15525,15528.5,154,0,15487.73953
4/13/2023 3:00,15528.75,15529.25,15526.5,15528.25,67,0,15487.8231
4/13/2023 3:01,15527.75,15531.75,15526,15529,471,0,15488.41413
4/13/2023 3:02,15529.5,15529.5,15521.75,15523,351,0,15488.79946
4/13/2023 3:03,15523.25,15527.25,15520.25,15525.25,236,0,15489.05043
4/13/2023 3:04,15524.75,15528.75,15524,15527.5,178,0,15489.25067
4/13/2023 3:05,15527.25,15527.5,15523.25,15526.25,157,0,15489.42048
4/13/2023 3:06,15526.5,15529.75,15524.25,15528,180,0,15489.62208
4/13/2023 3:07,15527.25,15529,15523,15525.75,190,0,15489.82466
4/13/2023 3:08,15525.25,15528.25,15525.25,15527.75,95,0,15489.92836
4/13/2023 3:09,15527.25,15530.75,15526.75,15530.25,163,0,15490.11523
4/13/2023 3:10,15530,15531.25,15528.25,15529.5,105,0,15490.23595
4/13/2023 3:11,15529,15529.5,15525.5,15528,136,0,15490.38333
4/13/2023 3:12,15528.25,15529.75,15523,15523.5,202,0,15490.58703
4/13/2023 3:13,15523.25,15525.75,15522.25,15525.75,96,0,15490.68072
4/13/2023 3:14,15525.75,15526.5,15520.25,15520.75,191,0,15490.85422
4/13/2023 3:15,15520.75,15526.25,15520.75,15523,271,0,15491.10357
4/13/2023 3:16,15523,15528.5,15522.75,15527.75,171,0,15491.27341
4/13/2023 3:17,15527.25,15527.75,15522.75,15524.25,172,0,15491.43577
4/13/2023 3:18,15524,15526,15523.25,15523.25,48,0,15491.47979
4/13/2023 3:19,15523.25,15524.75,15521.25,15524.75,104,0,15491.57306
4/13/2023 3:20,15524.5,15525.5,15522.75,15523.75,99,0,15491.6625
4/13/2023 3:21,15523.5,15523.75,15522.75,15523,35,0,15491.69319
4/13/2023 3:22,15523,15525.5,15522.25,15523.25,126,0,15491.80493
4/13/2023 3:23,15522.5,15523.25,15519.25,15521,119,0,15491.90153
4/13/2023 3:24,15521.75,15522.75,15519,15519.5,70,0,15491.9566
4/13/2023 3:25,15519.25,15519.75,15517.5,15518.5,162,0,15492.07509
4/13/2023 3:26,15518.5,15525.25,15516.75,15522.75,265,0,15492.28833
4/13/2023 3:27,15522,15528,15522,15527,129,0,15492.40534
4/13/2023 3:28,15526.5,15528.75,15523.5,15523.5,156,0,15492.54399
4/13/2023 3:29,15523.5,15524,15522.25,15523,88,0,15492.61654
4/13/2023 3:30,15522.25,15527.25,15521.75,15527.25,103,0,15492.70749
4/13/2023 3:31,15527.25,15527.25,15525.5,15526,71,0,15492.77148
4/13/2023 3:32,15525.25,15526,15523,15523.75,93,0,15492.84994
4/13/2023 3:33,15523.25,15527,15523.25,15526,66,0,15492.90745
4/13/2023 3:34,15526,15529.5,15525.75,15528.75,164,0,15493.06076
4/13/2023 3:35,15528.5,15528.75,15527,15527.5,64,0,15493.1198
4/13/2023 3:36,15526.75,15529.25,15526.75,15527.5,60,0,15493.1751
4/13/2023 3:37,15527.25,15528,15522.5,15524.5,101,0,15493.26021
4/13/2023 3:38,15525,15525.25,15523,15523.5,32,0,15493.28617
4/13/2023 3:39,15523,15523.5,15519.75,15520.75,112,0,15493.36903
4/13/2023 3:40,15521,15522.25,15517.75,15519,167,0,15493.48437
4/13/2023 3:41,15519.25,15521.5,15517,15520.5,171,0,15493.60143
4/13/2023 3:42,15520.25,15521.25,15519.25,15519.75,61,0,15493.6436
4/13/2023 3:43,15519,15519.75,15517.25,15517.25,58,0,15493.68055
4/13/2023 3:44,15518,15520.5,15517,15517.25,81,0,15493.73231
4/13/2023 3:45,15517.75,15519.5,15517.25,15518.25,55,0,15493.76745
4/13/2023 3:46,15517.75,15519.75,15517.75,15519.5,41,0,15493.79429
4/13/2023 3:47,15520,15520,15518.25,15518.25,21,0,15493.80793
4/13/2023 3:48,15518.25,15519,15516.25,15519,71,0,15493.85254
4/13/2023 3:49,15518.75,15519.75,15517.25,15518.25,31,0,15493.87223
4/13/2023 3:50,15517.5,15517.5,15511,15511.5,230,0,15493.98731
4/13/2023 3:51,15511.5,15514.75,15511.25,15511.25,120,0,15494.04399
4/13/2023 3:52,15511,15512.25,15507.75,15511.25,211,0,15494.13206
4/13/2023 3:53,15511,15513,15507.75,15507.75,88,0,15494.16646
4/13/2023 3:54,15507.75,15509.75,15507.5,15508.75,54,0,15494.18635
4/13/2023 3:55,15509.25,15510.5,15508.5,15508.75,48,0,15494.20469
4/13/2023 3:56,15509.25,15513.75,15509.25,15512.5,73,0,15494.23728
4/13/2023 3:57,15512.5,15514.75,15512,15514,61,0,15494.26712
4/13/2023 3:58,15513.75,15514.5,15511.5,15514,83,0,15494.30704
4/13/2023 3:59,15514.25,15515.75,15513.25,15515.25,57,0,15494.3364
4/13/2023 4:00,15515,15515.25,15511.75,15512.25,71,0,15494.36988
4/13/2023 4:01,15512.75,15519.5,15511.75,15517,244,0,15494.50231
4/13/2023 4:02,15516.5,15522,15515.25,15520.75,248,0,15494.65529
4/13/2023 4:03,15520.5,15525,15520.25,15524,249,0,15494.83006
4/13/2023 4:04,15523.5,15524.25,15520.25,15520.25,124,0,15494.91171
4/13/2023 4:05,15520,15521.5,15517,15517.75,185,0,15495.01977
4/13/2023 4:06,15517.25,15521.75,15517,15521.5,193,0,15495.13774
4/13/2023 4:07,15520.75,15521,15510,15510.5,232,0,15495.24292
4/13/2023 4:08,15509.75,15513,15509.25,15512,161,0,15495.30582
4/13/2023 4:09,15511.75,15513,15510.25,15511,106,0,15495.34697
4/13/2023 4:10,15511.75,15512.75,15509.5,15510.25,124,0,15495.3931
4/13/2023 4:11,15510,15511.5,15506.25,15507.5,213,0,15495.4594
4/13/2023 4:12,15507.25,15507.25,15504.25,15505.25,195,0,15495.50636
4/13/2023 4:13,15505.25,15507.5,15504.25,15504.75,110,0,15495.53244
4/13/2023 4:14,15504.75,15506,15503.5,15505,104,0,15495.55534
4/13/2023 4:15,15504.5,15505.5,15502,15502.25,185,0,15495.58888
4/13/2023 4:16,15503,15503.5,15499,15501,277,0,15495.62506
4/13/2023 4:17,15501,15501.5,15499,15500,131,0,15495.63895
4/13/2023 4:18,15500.5,15502.5,15497,15497.5,201,0,15495.65464
4/13/2023 4:19,15497.75,15499.75,15496.5,15499,116,0,15495.66206
4/13/2023 4:20,15499,15500,15497.5,15500,93,0,15495.6696
4/13/2023 4:21,15500.75,15502.5,15496.5,15499,207,0,15495.68705
4/13/2023 4:22,15499.25,15500,15498,15498.75,44,0,15495.69032
4/13/2023 4:23,15498.75,15498.75,15495.25,15495.75,205,0,15495.6945
4/13/2023 4:24,15495.5,15498.75,15495,15498.25,94,0,15495.69802
4/13/2023 4:25,15498,15502,15497.5,15502,117,0,15495.71081
4/13/2023 4:26,15502.25,15506.5,15502.25,15506.25,206,0,15495.75418
4/13/2023 4:27,15506.25,15508.5,15504.5,15505.25,122,0,15495.78266
4/13/2023 4:28,15505.5,15505.75,15502,15502.25,87,0,15495.79748
4/13/2023 4:29,15501.75,15501.75,15497.75,15500,131,0,15495.80937
4/13/2023 4:30,15500,15503.5,15499.75,15503.25,80,0,15495.82078
4/13/2023 4:31,15503.75,15504.75,15502.5,15504.5,78,0,15495.83493
4/13/2023 4:32,15504,15504.75,15502,15504,59,0,15495.84516
4/13/2023 4:33,15504.25,15504.75,15502.25,15503,24,0,15495.84918
4/13/2023 4:34,15502.5,15503.75,15501.5,15501.75,70,0,15495.85932
4/13/2023 4:35,15501.75,15501.75,15500,15500.5,61,0,15495.86597
4/13/2023 4:36,15500.25,15501.75,15499.75,15500.75,71,0,15495.8737
4/13/2023 4:37,15500.25,15500.75,15499,15499.5,53,0,15495.87827
4/13/2023 4:38,15500,15500.25,15498.75,15500,41,0,15495.88172
4/13/2023 4:39,15499.75,15504.25,15496.25,15502.75,158,0,15495.89992
4/13/2023 4:40,15503,15506.25,15500.75,15501,144,0,15495.92142
4/13/2023 4:41,15500.5,15502.5,15499.75,15501.5,49,0,15495.92718
4/13/2023 4:42,15501.75,15503.5,15499.25,15500,55,0,15495.93322
4/13/2023 4:43,15499.75,15500.5,15498.25,15500.25,84,0,15495.94012
4/13/2023 4:44,15499.75,15501,15499,15499.75,77,0,15495.94684
4/13/2023 4:45,15500.75,15502,15500.25,15501.5,42,0,15495.95172
4/13/2023 4:46,15502.5,15503,15501.25,15502.25,60,0,15495.95988
4/13/2023 4:47,15501.25,15503.75,15500.25,15500.5,75,0,15495.96897
4/13/2023 4:48,15501,15502,15499.75,15502,51,0,15495.97485
4/13/2023 4:49,15501.5,15502,15498.5,15500.25,43,0,15495.97886
4/13/2023 4:50,15500.25,15500.25,15496.75,15498.25,57,0,15495.98189
4/13/2023 4:51,15498,15500.5,15497.25,15499,49,0,15495.98502
4/13/2023 4:52,15499,15499.75,15497.25,15497.25,69,0,15495.98816
4/13/2023 4:53,15497.75,15498.75,15496.5,15498.25,38,0,15495.98968
4/13/2023 4:54,15498.5,15501.25,15498.5,15500,42,0,15495.99326
4/13/2023 4:55,15499.75,15500.75,15499.25,15499.75,54,0,15495.99785
4/13/2023 4:56,15500.5,15501,15499.25,15500.75,45,0,15496.00208
4/13/2023 4:57,15500.5,15501.25,15497.75,15498,55,0,15496.00564
4/13/2023 4:58,15498.5,15498.75,15491.25,15492.25,226,0,15495.99629
4/13/2023 4:59,15492.25,15495.5,15491.75,15493.5,96,0,15495.99132
4/13/2023 5:00,15493.5,15500,15493.5,15499.75,145,0,15495.99678
4/13/2023 5:01,15499.5,15501.75,15499,15499.75,49,0,15496.00115
4/13/2023 5:02,15500.25,15500.5,15495.25,15498.75,82,0,15496.00494
4/13/2023 5:03,15498.5,15498.5,15497,15497.5,37,0,15496.00625
4/13/2023 5:04,15497.75,15499.25,15496.5,15496.5,40,0,15496.00745
4/13/2023 5:05,15497.25,15499,15497.25,15499,46,0,15496.00981
4/13/2023 5:06,15498.5,15499.75,15497.75,15499,51,0,15496.01287
4/13/2023 5:07,15499.5,15500,15497,15498.25,58,0,15496.01583
4/13/2023 5:08,15499.5,15501,15499,15499.5,45,0,15496.01948
4/13/2023 5:09,15499,15501.25,15499,15500.5,15,0,15496.02083
4/13/2023 5:10,15500.5,15502.5,15500,15501.75,67,0,15496.02848
4/13/2023 5:11,15502,15506,15501.75,15504,144,0,15496.05247
4/13/2023 5:12,15504.5,15506,15503,15505.5,133,0,15496.07707
4/13/2023 5:13,15505.5,15514.5,15505.5,15512.75,337,0,15496.18164
4/13/2023 5:14,15512,15513.5,15511.25,15512.75,104,0,15496.21706
4/13/2023 5:15,15512.5,15513,15511,15512,112,0,15496.25385
4/13/2023 5:16,15511.75,15513.5,15510.25,15511,94,0,15496.28379
4/13/2023 5:17,15511,15529.75,15510.75,15519.75,1088,0,15496.80989
4/13/2023 5:18,15520.25,15523.75,15519.25,15520.75,259,0,15496.93782
4/13/2023 5:19,15520.75,15527,15520.5,15526,251,0,15497.07694
4/13/2023 5:20,15525.75,15528.25,15524,15527.75,164,0,15497.1742
4/13/2023 5:21,15528.5,15531.75,15527.25,15531.5,290,0,15497.36486
4/13/2023 5:22,15531,15541.75,15530.5,15537,748,0,15497.9384
4/13/2023 5:23,15537.5,15540,15536.75,15538.75,234,0,15498.1239
4/13/2023 5:24,15539,15540.25,15536.75,15539,148,0,15498.24084
4/13/2023 5:25,15539.5,15543,15538,15541,293,0,15498.48172
4/13/2023 5:26,15540.75,15540.75,15535,15535.75,231,0,15498.65411
4/13/2023 5:27,15536.25,15538.25,15534,15534.5,153,0,15498.76279
4/13/2023 5:28,15535.25,15535.25,15531,15531.25,199,0,15498.89143
4/13/2023 5:29,15531,15532.75,15529.5,15530,88,0,15498.94506
4/13/2023 5:30,15530,15531.5,15528.5,15528.75,102,0,15499.00472
4/13/2023 5:31,15528.75,15532.75,15528.75,15532.25,129,0,15499.08394
4/13/2023 5:32,15532,15532.25,15528.25,15528.25,113,0,15499.14943
4/13/2023 5:33,15528,15528.25,15524.75,15525.75,143,0,15499.22288
4/13/2023 5:34,15525,15527.5,15524.25,15526,106,0,15499.2764
4/13/2023 5:35,15525.25,15525.75,15522.5,15523,91,0,15499.31845
4/13/2023 5:36,15522.75,15524.5,15521.25,15524,185,0,15499.40176
4/13/2023 5:37,15524.25,15526.75,15523.75,15524.25,92,0,15499.44585
4/13/2023 5:38,15525,15525.75,15523.5,15523.5,80,0,15499.48307
4/13/2023 5:39,15524,15524.25,15522.5,15522.75,76,0,15499.51678
4/13/2023 5:40,15522.75,15522.75,15517.75,15521,257,0,15499.61729
4/13/2023 5:41,15520.25,15522,15517.5,15518.25,123,0,15499.6622
4/13/2023 5:42,15518.25,15519.75,15516,15516,113,0,15499.69908
4/13/2023 5:43,15516.75,15518.25,15516.5,15517.25,76,0,15499.72392
4/13/2023 5:44,15517.75,15517.75,15515.25,15517.25,82,0,15499.74975
4/13/2023 5:45,15517.75,15518.75,15516.75,15517,58,0,15499.76878
4/13/2023 5:46,15517.25,15517.5,15516.25,15517,109,0,15499.80326
4/13/2023 5:47,15517.5,15519.25,15515.75,15519,98,0,15499.83609
4/13/2023 5:48,15519.25,15520.25,15518.5,15519.5,86,0,15499.86705
4/13/2023 5:49,15519,15520,15518.75,15519.25,43,0,15499.88242
4/13/2023 5:50,15519.75,15521.75,15518.75,15519.25,84,0,15499.91329
4/13/2023 5:51,15518.75,15520,15517.75,15519.75,39,0,15499.92705
4/13/2023 5:52,15520,15520.25,15517.25,15518.25,83,0,15499.95539
4/13/2023 5:53,15518.25,15518.25,15516,15516.75,53,0,15499.9719
4/13/2023 5:54,15517,15517.5,15516,15517.25,35,0,15499.98274
4/13/2023 5:55,15517.25,15519.5,15516.75,15518.75,67,0,15500.00517
4/13/2023 5:56,15519,15520.5,15518.25,15518.25,55,0,15500.02422
4/13/2023 5:57,15519,15522.25,15518,15521.75,83,0,15500.05541
4/13/2023 5:58,15522.25,15522.75,15520.5,15521,47,0,15500.07367
4/13/2023 5:59,15521.25,15522.5,15520.25,15521.25,38,0,15500.08835
4/13/2023 6:00,15521.5,15521.75,15520.25,15521,29,0,15500.09936
4/13/2023 6:01,15520.75,15522.75,15519.5,15520.5,57,0,15500.1209
4/13/2023 6:02,15520.75,15522.5,15520.75,15520.75,26,0,15500.1309
4/13/2023 6:03,15521.25,15521.25,15518.5,15519.5,67,0,15500.15471
4/13/2023 6:04,15519,15520.5,15519,15519.5,42,0,15500.16954
4/13/2023 6:05,15519.5,15520,15517.25,15518,73,0,15500.19362
4/13/2023 6:06,15518,15520.25,15517.75,15519,50,0,15500.21061
4/13/2023 6:07,15519,15519.5,15517.75,15518.5,33,0,15500.22155
4/13/2023 6:08,15519.25,15519.25,15514.25,15514.75,135,0,15500.26011
4/13/2023 6:09,15515.25,15516,15512.75,15515,236,0,15500.32072
4/13/2023 6:10,15515.25,15517.25,15515,15515.5,84,0,15500.34418
4/13/2023 6:11,15515.25,15515.25,15507.25,15507.75,267,0,15500.39051
4/13/2023 6:12,15508.25,15509.25,15504.25,15504.75,212,0,15500.41193
4/13/2023 6:13,15505,15506.75,15503.25,15504.5,164,0,15500.42477
4/13/2023 6:14,15504.5,15505.75,15504,15504.5,107,0,15500.43294
4/13/2023 6:15,15505,15506.25,15503.5,15505,103,0,15500.44109
4/13/2023 6:16,15505.25,15507,15504.5,15506.75,68,0,15500.44784
4/13/2023 6:17,15506.75,15507.25,15502.25,15503.75,147,0,15500.45809
4/13/2023 6:18,15504,15506,15501.75,15503.5,151,0,15500.4668
4/13/2023 6:19,15503.5,15504.25,15501.5,15503,107,0,15500.47139
4/13/2023 6:20,15502.75,15503.5,15501.25,15501.75,70,0,15500.47346
4/13/2023 6:21,15501.75,15502.5,15497.5,15499,250,0,15500.46995
4/13/2023 6:22,15499.5,15504.5,15499.5,15502.75,138,0,15500.47421
4/13/2023 6:23,15503,15505.75,15502.5,15503.75,102,0,15500.48044
4/13/2023 6:24,15503.75,15504,15500.5,15500.5,103,0,15500.48256
4/13/2023 6:25,15501,15501.5,15497.25,15501,207,0,15500.48054
4/13/2023 6:26,15501.5,15503.25,15499.75,15502.25,97,0,15500.48265
4/13/2023 6:27,15502.75,15505.75,15502,15503.5,108,0,15500.48871
4/13/2023 6:28,15503.25,15505,15503.25,15504.5,46,0,15500.49168
4/13/2023 6:29,15504.75,15504.75,15499.5,15503.25,151,0,15500.49687
4/13/2023 6:30,15503,15503,15500.75,15502.75,100,0,15500.49972
4/13/2023 6:31,15502,15505.25,15501.25,15505.25,79,0,15500.50432
4/13/2023 6:32,15504.75,15508.5,15504.75,15508,171,0,15500.52346
4/13/2023 6:33,15508.25,15510.25,15506.5,15507.75,139,0,15500.54148
4/13/2023 6:34,15507.75,15508.25,15505.5,15507.75,79,0,15500.55035
4/13/2023 6:35,15507.75,15508.25,15503.25,15505.25,116,0,15500.56022
4/13/2023 6:36,15505.25,15506,15503.5,15503.5,56,0,15500.56379
4/13/2023 6:37,15504,15504,15502,15502.75,81,0,15500.56701
4/13/2023 6:38,15502.25,15506,15502.25,15505.5,68,0,15500.57161
4/13/2023 6:39,15505.75,15507,15504.5,15504.75,58,0,15500.57634
4/13/2023 6:40,15504.75,15507.75,15504.75,15507.25,57,0,15500.5821
4/13/2023 6:41,15507.25,15508.25,15506.75,15507.25,40,0,15500.58669
4/13/2023 6:42,15507.25,15509.5,15507,15509.25,77,0,15500.59703
4/13/2023 6:43,15509.25,15509.75,15506,15507,158,0,15500.61551
4/13/2023 6:44,15507.75,15508,15506.25,15507.75,29,0,15500.61877
4/13/2023 6:45,15508,15508,15506.25,15507.25,38,0,15500.62293
4/13/2023 6:46,15507,15508.75,15507,15508,31,0,15500.62671
4/13/2023 6:47,15508,15508.5,15506.5,15507.25,35,0,15500.63068
4/13/2023 6:48,15507.25,15510.25,15506,15509,139,0,15500.64871
4/13/2023 6:49,15508.5,15509,15505.5,15505.5,65,0,15500.65523
4/13/2023 6:50,15506,15506.25,15503.5,15503.5,60,0,15500.65898
4/13/2023 6:51,15503.5,15503.75,15499.5,15500.75,144,0,15500.66059
4/13/2023 6:52,15501,15503.25,15501,15501.5,41,0,15500.66144
4/13/2023 6:53,15500.75,15501.5,15498.5,15499,80,0,15500.66013
4/13/2023 6:54,15499.25,15500.5,15499,15499.5,42,0,15500.65944
4/13/2023 6:55,15499.75,15500.75,15498.5,15498.5,70,0,15500.65781
4/13/2023 6:56,15498.25,15501.75,15498,15500,63,0,15500.65703
4/13/2023 6:57,15500.25,15505.75,15500.25,15505.75,102,0,15500.66251
4/13/2023 6:58,15505.75,15508.75,15505.5,15508,90,0,15500.67252
4/13/2023 6:59,15507.25,15507.25,15502.75,15504.75,97,0,15500.67928
4/13/2023 7:00,15505,15505.75,15503.5,15505.75,30,0,15500.68141
4/13/2023 7:01,15505.5,15507.75,15504.5,15506.5,83,0,15500.68899
4/13/2023 7:02,15506.75,15507.25,15503.25,15504.5,77,0,15500.69443
4/13/2023 7:03,15504.25,15505,15502.75,15503.25,44,0,15500.69657
4/13/2023 7:04,15504,15504.5,15502,15503.75,35,0,15500.69813
4/13/2023 7:05,15503.75,15506.75,15503.5,15505,93,0,15500.70479
4/13/2023 7:06,15505,15506,15503,15503.25,62,0,15500.70821
4/13/2023 7:07,15503.25,15503.75,15502,15503.75,49,0,15500.71017
4/13/2023 7:08,15504.5,15506.5,15503.75,15506,48,0,15500.71385
4/13/2023 7:09,15505.75,15512,15505.75,15512,177,0,15500.74032
4/13/2023 7:10,15511.5,15513,15509.75,15511.25,137,0,15500.76384
4/13/2023 7:11,15511.75,15513.5,15510.5,15511.75,71,0,15500.77666
4/13/2023 7:12,15511.75,15513.75,15510,15513,91,0,15500.79354
4/13/2023 7:13,15513.25,15516,15512.75,15514.5,137,0,15500.82365
4/13/2023 7:14,15514.75,15517,15514.75,15516,92,0,15500.84601
4/13/2023 7:15,15516.25,15520.5,15516.25,15519.25,188,0,15500.89981
4/13/2023 7:16,15519.5,15521.75,15519.25,15520.5,173,0,15500.95411
4/13/2023 7:17,15519.75,15521.5,15519.5,15521.25,159,0,15501.00439
4/13/2023 7:18,15521.5,15522.25,15520.5,15521.5,136,0,15501.04864
4/13/2023 7:19,15521.75,15523.5,15521.25,15521.75,104,0,15501.08359
4/13/2023 7:20,15522,15522,15519,15519,111,0,15501.11694
4/13/2023 7:21,15519.25,15519.5,15515.5,15516,192,0,15501.16523
4/13/2023 7:22,15516.25,15516.75,15512.25,15512.5,197,0,15501.20463
4/13/2023 7:23,15512.25,15512.5,15509.25,15510.75,217,0,15501.2375
4/13/2023 7:24,15511.25,15514.75,15510.75,15514.25,99,0,15501.25618
4/13/2023 7:25,15514,15514.5,15511.5,15513.75,67,0,15501.26879
4/13/2023 7:26,15513.5,15516,15511.5,15515.5,83,0,15501.28579
4/13/2023 7:27,15515.75,15517.25,15512.75,15516.75,179,0,15501.32578
4/13/2023 7:28,15516.5,15517.25,15511.75,15513.75,160,0,15501.35802
4/13/2023 7:29,15514,15514.75,15510.25,15514.5,115,0,15501.37915
4/13/2023 7:30,15514.25,15514.75,15511.25,15511.25,92,0,15501.39493
4/13/2023 7:31,15511.25,15518.25,15511.25,15517.25,118,0,15501.42089
4/13/2023 7:32,15517.5,15518,15516.25,15516.75,48,0,15501.43248
4/13/2023 7:33,15516.5,15519.25,15516.5,15518.5,77,0,15501.45233
4/13/2023 7:34,15519,15522.75,15519,15521.75,177,0,15501.5062
4/13/2023 7:35,15520.75,15520.75,15517.75,15519,103,0,15501.53424
4/13/2023 7:36,15518.5,15521,15516,15516.5,219,0,15501.58907
4/13/2023 7:37,15516.25,15517,15515.25,15515.75,84,0,15501.60764
4/13/2023 7:38,15515.25,15519.5,15513.5,15515,154,0,15501.64157
4/13/2023 7:39,15514.75,15516.5,15513.75,15514.75,124,0,15501.66687
4/13/2023 7:40,15515,15517,15514.25,15514.25,88,0,15501.68499
4/13/2023 7:41,15513.75,15514,15510.75,15511.25,89,0,15501.69898
4/13/2023 7:42,15511.5,15512.25,15507,15507.5,142,0,15501.71456
4/13/2023 7:43,15508,15509.5,15506.5,15508,183,0,15501.732
4/13/2023 7:44,15507.75,15508.25,15506.5,15506.5,78,0,15501.73832
4/13/2023 7:45,15506.75,15507.25,15504.25,15505,114,0,15501.7448
4/13/2023 7:46,15505,15505.75,15503.25,15504.25,109,0,15501.7492
4/13/2023 7:47,15503.75,15505.25,15502.5,15503.25,175,0,15501.75425
4/13/2023 7:48,15503.25,15504.75,15501.25,15504,138,0,15501.75752
4/13/2023 7:49,15504.25,15504.5,15501,15501.75,118,0,15501.75869
4/13/2023 7:50,15501.75,15506,15500.25,15504,164,0,15501.76275
4/13/2023 7:51,15504.25,15506.25,15503,15505.75,55,0,15501.76542
4/13/2023 7:52,15505.75,15509,15504.75,15507.75,207,0,15501.78207
4/13/2023 7:53,15507,15508.5,15506.5,15506.5,92,0,15501.78944
4/13/2023 7:54,15506.5,15507.25,15502.5,15502.5,140,0,15501.79421
4/13/2023 7:55,15502.25,15502.75,15498.25,15499,238,0,15501.78789
4/13/2023 7:56,15499,15499,15491.5,15493.5,284,0,15501.7581
4/13/2023 7:57,15493.5,15493.5,15488.5,15489.25,257,0,15501.71532
4/13/2023 7:58,15490,15491.5,15487.75,15489.75,209,0,15501.67847
4/13/2023 7:59,15489.25,15490.5,15487.25,15488.75,131,0,15501.65389
4/13/2023 8:00,15488.25,15492.25,15487.75,15489.75,121,0,15501.63319
4/13/2023 8:01,15490.25,15490.5,15482.5,15483.25,487,0,15501.51886
4/13/2023 8:02,15483.75,15486.25,15482.5,15484.5,279,0,15501.45007
4/13/2023 8:03,15484.5,15490.75,15483.75,15489,305,0,15501.39045
4/13/2023 8:04,15488.5,15489,15482,15482.5,221,0,15501.33704
4/13/2023 8:05,15482.25,15486.5,15482,15486.25,209,0,15501.28807
4/13/2023 8:06,15486,15489.5,15485.25,15489.25,143,0,15501.26102
4/13/2023 8:07,15488.5,15492,15488.5,15490.75,94,0,15501.24653
4/13/2023 8:08,15491.25,15492.25,15490,15492.25,71,0,15501.2367
4/13/2023 8:09,15492.5,15495.5,15491.5,15492.25,248,0,15501.20808
4/13/2023 8:10,15492,15496.75,15492,15493.5,156,0,15501.19238
4/13/2023 8:11,15493.25,15494.5,15490.75,15493.25,128,0,15501.17729
4/13/2023 8:12,15493.75,15493.75,15488,15490.75,190,0,15501.14966
4/13/2023 8:13,15490.25,15496,15489.25,15496,101,0,15501.13917
4/13/2023 8:14,15496.25,15496.75,15492.75,15493,90,0,15501.13037
4/13/2023 8:15,15492.25,15494,15490,15491.5,80,0,15501.11995
4/13/2023 8:16,15492,15495,15491.5,15495,81,0,15501.11169
4/13/2023 8:17,15495.5,15496.5,15493,15495.25,200,0,15501.09441
4/13/2023 8:18,15495.25,15498,15494.75,15495.5,221,0,15501.079
4/13/2023 8:19,15496,15500.25,15494.25,15500.25,233,0,15501.06986
4/13/2023 8:20,15500.25,15503.25,15499.25,15500.75,189,0,15501.0699
4/13/2023 8:21,15501,15502.25,15500,15501.25,74,0,15501.07
4/13/2023 8:22,15501.75,15503.25,15500.75,15501.25,174,0,15501.07163
4/13/2023 8:23,15501.5,15503,15500.25,15501.75,84,0,15501.07232
4/13/2023 8:24,15502,15504.25,15501,15504.25,85,0,15501.07476
4/13/2023 8:25,15503.75,15504.25,15501,15502.5,100,0,15501.07684
4/13/2023 8:26,15502,15503.25,15500.75,15503.25,88,0,15501.07845
4/13/2023 8:27,15503.25,15507.5,15502.25,15507.5,193,0,15501.09078
4/13/2023 8:28,15507.5,15509.75,15506.5,15507.25,197,0,15501.1089
4/13/2023 8:29,15507.5,15510.75,15507.25,15510.25,163,0,15501.12733
4/13/2023 8:30,15509.5,15510.5,15504.25,15505.25,178,0,15501.14072
4/13/2023 8:31,15505.5,15562.75,15489.75,15541.75,2780,0,15502.24189
4/13/2023 8:32,15542.25,15553,15528.25,15533,1592,0,15502.97318
4/13/2023 8:33,15532.75,15539.5,15521,15524.75,1131,0,15503.33672
4/13/2023 8:34,15524.75,15529.75,15513,15527.25,1313,0,15503.663
4/13/2023 8:35,15527.5,15531.25,15518.5,15523.25,727,0,15503.84807
4/13/2023 8:36,15523.25,15532,15520,15523.75,516,0,15503.98322
4/13/2023 8:37,15523.5,15532,15522.5,15528,489,0,15504.12311
4/13/2023 8:38,15528.25,15529.25,15521.5,15529,422,0,15504.23783
4/13/2023 8:39,15528.75,15531.5,15524.5,15525,361,0,15504.33685
4/13/2023 8:40,15525.25,15525.75,15515.75,15520.25,756,0,15504.48352
4/13/2023 8:41,15519.75,15524.5,15517,15524.5,260,0,15504.53774
4/13/2023 8:42,15524.5,15528,15522,15525.25,354,0,15504.62396
4/13/2023 8:43,15525.5,15527.75,15523,15526.75,225,0,15504.68038
4/13/2023 8:44,15527.25,15527.25,15520.5,15522,245,0,15504.73401
4/13/2023 8:45,15522.5,15534.75,15522.25,15532.25,539,0,15504.89197
4/13/2023 8:46,15532.5,15541.25,15532.25,15533.25,937,0,15505.22519
4/13/2023 8:47,15533.75,15541.75,15532.5,15539,581,0,15505.4427
4/13/2023 8:48,15539,15543.5,15536.75,15539,370,0,15505.58818
4/13/2023 8:49,15539,15549.25,15538,15547.75,706,0,15505.90452
4/13/2023 8:50,15547.5,15557.5,15546,15548,801,0,15506.30697
4/13/2023 8:51,15548.5,15551.75,15543.75,15544.25,457,0,15506.51328
4/13/2023 8:52,15544.5,15546.5,15541.25,15542.25,300,0,15506.63668
4/13/2023 8:53,15542,15543,15532,15539,701,0,15506.88038
4/13/2023 8:54,15539.25,15541.5,15536,15541.25,243,0,15506.96822
4/13/2023 8:55,15540.75,15551.25,15540.5,15548.25,586,0,15507.22374
4/13/2023 8:56,15548.5,15558.75,15548.5,15553.25,689,0,15507.57131
4/13/2023 8:57,15552.75,15557.25,15545.75,15547.75,496,0,15507.80082
4/13/2023 8:58,15548.25,15549.75,15546.5,15547,251,0,15507.90925
4/13/2023 8:59,15547.75,15549.5,15542.5,15546.5,363,0,15508.05882
4/13/2023 9:00,15546.75,15554,15546.5,15549.75,449,0,15508.26108
4/13/2023 9:01,15549.75,15550.75,15546.25,15550,380,0,15508.42634
4/13/2023 9:02,15550.5,15554.25,15550,15551.5,345,0,15508.58593
4/13/2023 9:03,15551,15558.25,15547,15554.75,546,0,15508.84429
4/13/2023 9:04,15555,15559.5,15554.5,15558.25,494,0,15509.09671
4/13/2023 9:05,15558,15559,15554.75,15554.75,239,0,15509.21476
4/13/2023 9:06,15555.5,15556.25,15546.75,15548.5,416,0,15509.39419
4/13/2023 9:07,15548.5,15554.75,15548,15553.75,325,0,15509.53894
4/13/2023 9:08,15553.5,15556,15550.5,15550.5,273,0,15509.66024
4/13/2023 9:09,15550.75,15553,15549.25,15553,307,0,15509.79398
4/13/2023 9:10,15552.75,15552.75,15548.25,15551.5,303,0,15509.92228
4/13/2023 9:11,15551.25,15551.25,15544,15547.25,599,0,15510.15309
4/13/2023 9:12,15547.5,15549.75,15540.25,15544.75,606,0,15510.36778
4/13/2023 9:13,15545,15547.25,15543,15544.75,357,0,15510.49332
4/13/2023 9:14,15545.25,15550.25,15544.75,15547.5,404,0,15510.6445
4/13/2023 9:15,15547.25,15547.5,15541.5,15546.25,341,0,15510.76285
4/13/2023 9:16,15546.25,15546.25,15539.5,15543,508,0,15510.92663
4/13/2023 9:17,15542.5,15543,15538.75,15541,373,0,15511.03837
4/13/2023 9:18,15541.25,15543.5,15538.5,15539.25,374,0,15511.14771
4/13/2023 9:19,15539.5,15543,15538.5,15540.25,219,0,15511.21172
4/13/2023 9:20,15540.5,15541.25,15537.25,15537.5,258,0,15511.28188
4/13/2023 9:21,15537.25,15539.25,15534.5,15534.75,436,0,15511.38889
4/13/2023 9:22,15534.5,15539.75,15534.5,15538.5,271,0,15511.45871
4/13/2023 9:23,15538.5,15538.5,15535.25,15536.5,219,0,15511.51307
4/13/2023 9:24,15536.75,15537.25,15534.5,15535,222,0,15511.5654
4/13/2023 9:25,15535.25,15536.25,15530.75,15530.75,490,0,15511.66578
4/13/2023 9:26,15531.5,15533.5,15528,15531.75,668,0,15511.79139
4/13/2023 9:27,15531.75,15534.5,15531,15532.75,243,0,15511.84059
4/13/2023 9:28,15532.75,15541.5,15530.5,15536.25,830,0,15512.03344
4/13/2023 9:29,15535.75,15545.5,15535.75,15543.5,1079,0,15512.33589
4/13/2023 9:30,15543.25,15555.25,15543.25,15552.25,1440,0,15512.84681
4/13/2023 9:31,15552.5,15561.75,15544.5,15559.75,4444,15555.33333,15514.54317
4/13/2023 9:32,15559.75,15574.75,15559.25,15569,4874,15561.78457,15516.77187
4/13/2023 9:33,15569.75,15576,15566.25,15576,2544,15564.13629,15517.97139
4/13/2023 9:34,15575.75,15577.25,15568,15573,2170,15565.46837,15518.95467
4/13/2023 9:35,15573,15583.5,15570.75,15582,2592,15567.53923,15520.20982
4/13/2023 9:36,15581.75,15591,15574.25,15577,3929,15570.06466,15522.0767
4/13/2023 9:37,15577,15579.75,15571.75,15574.25,2858,15570.69768,15523.24327
4/13/2023 9:38,15574,15581.5,15571.25,15578.75,3076,15571.44894,15524.48716
4/13/2023 9:39,15578.75,15605.5,15578.25,15601.75,4121,15574.64225,15526.606
4/13/2023 9:40,15602,15604.75,15592.25,15592.75,2007,15575.99242,15527.61296
4/13/2023 9:41,15592.75,15595.5,15581.25,15587.75,2643,15576.90502,15528.7391
4/13/2023 9:42,15587.5,15597.25,15582.5,15585.25,2699,15577.71765,15529.84978
4/13/2023 9:43,15585.25,15587.25,15575.5,15578.5,2459,15577.88186,15530.69408
4/13/2023 9:44,15578.75,15592.25,15570,15588,2900,15578.25242,15531.7122
4/13/2023 9:45,15587.75,15590.75,15574.25,15581.5,2933,15578.50065,15532.67872
4/13/2023 9:46,15581.25,15585.5,15576.75,15577.5,1931,15578.5574,15533.26707
4/13/2023 9:47,15578,15584,15573.5,15583.5,1562,15578.61317,15533.73652
4/13/2023 9:48,15583.75,15596.75,15583.25,15593.5,2764,15579.27401,15534.73258
4/13/2023 9:49,15593.5,15595.75,15587,15591.75,1723,15579.66246,15535.33977
4/13/2023 9:50,15592.25,15596.25,15588.25,15591.75,1545,15580.00653,15535.87883
4/13/2023 9:51,15592,15600.25,15590.5,15596,1830,15580.50138,15536.54317
4/13/2023 9:52,15596.25,15597.25,15573.25,15576.25,2446,15580.57261,15537.21299
4/13/2023 9:53,15576,15584.75,15572.75,15576,1671,15580.49845,15537.61562
4/13/2023 9:54,15575.5,15594,15574.25,15588,2198,15580.66757,15538.23085
4/13/2023 9:55,15588.25,15589.75,15582.5,15588.25,991,15580.76171,15538.51125
4/13/2023 9:56,15588.75,15595.25,15584.5,15591.75,1120,15580.92689,15538.84804
4/13/2023 9:57,15591.75,15602.75,15587.75,15599.25,1692,15581.31806,15539.4076
4/13/2023 9:58,15599.25,15602.5,15586.5,15586.5,1612,15581.56253,15539.88725
4/13/2023 9:59,15586.25,15586.5,15573.75,15575.25,2108,15581.47217,15540.34376
4/13/2023 10:00,15574.75,15592.5,15569.25,15592,2498,15581.57728,15540.95499
4/13/2023 10:01,15592,15599,15590.75,15596,2048,15581.94578,15541.56313
4/13/2023 10:02,15596.25,15598.25,15591.75,15595.25,1233,15582.15555,15541.92161
4/13/2023 10:03,15595.5,15598.75,15585.5,15586,1950,15582.35081,15542.42645
4/13/2023 10:04,15585.75,15591.75,15579.25,15591,1798,15582.46145,15542.85633
4/13/2023 10:05,15590.75,15602.5,15589.5,15601,1935,15582.81635,15543.41523
4/13/2023 10:06,15601,15620.5,15600.75,15605.75,4669,15584.21234,15544.99015
4/13/2023 10:07,15606,15615.25,15603.5,15612,1748,15584.7219,15545.57163
4/13/2023 10:08,15612.5,15624.75,15610.75,15624,2949,15585.84408,15546.6714
4/13/2023 10:09,15624.25,15629.75,15621.75,15626.25,2868,15587.05209,15547.79655
4/13/2023 10:10,15626.25,15626.25,15617.25,15620.75,2378,15587.8901,15548.65315
4/13/2023 10:11,15620.75,15621.5,15614.5,15619,1603,15588.38244,15549.19543
4/13/2023 10:12,15618.25,15622.25,15616.75,15617.5,1065,15588.70615,15549.55364
4/13/2023 10:13,15617.75,15626.5,15617.25,15622.25,1504,15589.19857,15550.07611
4/13/2023 10:14,15622.75,15636.5,15622.25,15636.25,2793,15590.33384,15551.15438
4/13/2023 10:15,15636.25,15646.25,15634.25,15643.25,3390,15591.93395,15552.57674
4/13/2023 10:16,15643.5,15655.5,15642.25,15654,3536,15593.79545,15554.16449
4/13/2023 10:17,15653.75,15656.75,15646.25,15652.25,3012,15595.32106,15555.49281
4/13/2023 10:18,15652.5,15662,15650.75,15661.5,2995,15596.92201,15556.86283
4/13/2023 10:19,15661.75,15663,15650.25,15653.75,2403,15598.10016,15557.91025
4/13/2023 10:20,15653.5,15657.25,15649,15655.75,1834,15598.94291,15558.68146
4/13/2023 10:21,15655.5,15656.75,15651,15654,1169,15599.46615,15559.16618
4/13/2023 10:22,15654,15659.25,15650.25,15651.75,1754,15600.23046,15559.88302
4/13/2023 10:23,15652.5,15656.75,15650,15652,1406,15600.81847,15560.4448
4/13/2023 10:24,15651.5,15652.25,15645,15650,2207,15601.64944,15561.27709
4/13/2023 10:25,15650,15654.75,15647.75,15654.25,1214,15602.12416,15561.74454
4/13/2023 10:26,15654,15657.5,15646.25,15649.25,1489,15602.68017,15562.30354
4/13/2023 10:27,15649,15651.25,15644.25,15650.5,1296,15603.13104,15562.77177
4/13/2023 10:28,15650.25,15655.75,15649.25,15655,1103,15603.54648,15563.18772
4/13/2023 10:29,15655,15658.25,15650,15651.25,1332,15604.03744,15563.68404
4/13/2023 10:30,15651.5,15659.75,15651,15653.5,1549,15604.61432,15564.26447
4/13/2023 10:31,15654,15660,15648.5,15651,1817,15605.25365,15564.92421
4/13/2023 10:32,15650.75,15652.5,15639.5,15641.5,1947,15605.79972,15565.552
4/13/2023 10:33,15641.5,15644.75,15629.25,15636.5,4068,15606.6764,15566.70791
4/13/2023 10:34,15636.5,15645.5,15635.75,15644,1700,15607.08563,15567.21302
4/13/2023 10:35,15644.5,15655.25,15641.75,15655,1994,15607.674,15567.86674
4/13/2023 10:36,15655,15657.75,15649.75,15651.5,1445,15608.11316,15568.34727
4/13/2023 10:37,15651.5,15653.25,15644.75,15652.75,1302,15608.47783,15568.76172
4/13/2023 10:38,15652.25,15653.25,15647.25,15652,1033,15608.76668,15569.0899
4/13/2023 10:39,15652.25,15652.5,15640.75,15643.5,903,15608.98485,15569.35634
4/13/2023 10:40,15643.25,15648,15641.25,15642.5,685,15609.14118,15569.55284
4/13/2023 10:41,15642.75,15644.25,15627.75,15636.5,2640,15609.59941,15570.22262
4/13/2023 10:42,15636.5,15638,15627.25,15631,1012,15609.7446,15570.46014
4/13/2023 10:43,15630.5,15634.75,15629.25,15633,885,15609.87144,15570.66719
4/13/2023 10:44,15633.25,15640.5,15633,15638,1118,15610.06371,15570.94714
4/13/2023 10:45,15637.5,15642.25,15637.5,15639.25,822,15610.21623,15571.15918
4/13/2023 10:46,15639.25,15641.5,15628.5,15630.25,851,15610.33933,15571.35742
4/13/2023 10:47,15630.25,15634.75,15627.25,15631.5,848,15610.44886,15571.5466
4/13/2023 10:48,15631.5,15635.25,15628,15635.25,623,15610.53502,15571.68868
4/13/2023 10:49,15635.25,15641.75,15633,15639,1024,15610.70715,15571.9401
4/13/2023 10:50,15639.25,15645.25,15639.25,15642.25,1151,15610.92848,15572.23883
4/13/2023 10:51,15642,15650.25,15641.75,15649.25,1103,15611.16996,15572.54234
4/13/2023 10:52,15649.25,15652,15642,15646.25,1269,15611.44129,15572.88694
4/13/2023 10:53,15645.75,15650.75,15644.25,15649,1309,15611.72662,15573.24503
4/13/2023 10:54,15649.5,15651.75,15645,15649.75,579,15611.85428,15573.40409
4/13/2023 10:55,15649.75,15653,15647.25,15649.75,755,15612.02464,15573.61368
4/13/2023 10:56,15649.75,15652.75,15647.25,15651.25,743,15612.19264,15573.81995
4/13/2023 10:57,15651.5,15654,15649.25,15652.75,681,15612.35165,15574.01192
4/13/2023 10:58,15652.75,15655,15644.75,15646.75,974,15612.5589,15574.27377
4/13/2023 10:59,15647,15647,15631.25,15633.25,1772,15612.81063,15574.67168
4/13/2023 11:00,15633.25,15635.25,15630,15634.25,847,15612.90968,15574.84804
4/13/2023 11:01,15634.25,15646,15634.25,15645.5,1431,15613.1462,15575.18794
4/13/2023 11:02,15645.5,15652,15644.25,15652,1034,15613.35864,15575.45878
4/13/2023 11:03,15652,15657.75,15650.5,15653.5,1661,15613.73669,15575.91595
4/13/2023 11:04,15653.75,15656.75,15652.75,15653.5,617,15613.87677,15576.08531
4/13/2023 11:05,15653.25,15658.25,15648.5,15657.25,987,15614.10068,15576.35588
4/13/2023 11:06,15657.5,15665.5,15656.5,15664,1625,15614.52971,15576.83864
4/13/2023 11:07,15664,15665.25,15655.75,15656.5,1259,15614.83733,15577.19662
4/13/2023 11:08,15656,15656,15645,15646,1785,15615.16791,15577.63657
4/13/2023 11:09,15646,15655,15643.75,15652.5,885,15615.33621,15577.85699
4/13/2023 11:10,15652.5,15654.25,15647.75,15654,657,15615.46571,15578.02332
4/13/2023 11:11,15653.75,15654.75,15648.5,15652,525,15615.56783,15578.15524
4/13/2023 11:12,15651.75,15657.25,15651,15653.5,530,15615.67648,15578.29185
4/13/2023 11:13,15653.5,15658,15652,15653,499,15615.77932,15578.42073
4/13/2023 11:14,15651.75,15652.25,15641.5,15644,1309,15615.98819,15578.71949
4/13/2023 11:15,15643.75,15649.25,15640,15647.5,983,15616.14142,15578.941
4/13/2023 11:16,15647.25,15650.25,15643,15647.5,705,15616.25528,15579.10213
4/13/2023 11:17,15647.25,15650,15644.25,15646,473,15616.33078,15579.20954
4/13/2023 11:18,15646.25,15647.5,15640,15645,720,15616.4353,15579.36616
4/13/2023 11:19,15644.5,15645,15638,15643,633,15616.51941,15579.49865
4/13/2023 11:20,15642.75,15644.75,15639.75,15644.5,462,15616.58285,15579.59654
4/13/2023 11:21,15644.75,15651.5,15643.5,15650.5,1074,15616.75962,15579.84257
4/13/2023 11:22,15650.25,15654,15648.75,15649,745,15616.88906,15580.01736
4/13/2023 11:23,15649,15649.75,15638.75,15639.25,1154,15617.04048,15580.25589
4/13/2023 11:24,15639.25,15642.75,15636.75,15641,830,15617.13808,15580.41973
4/13/2023 11:25,15641.25,15651.25,15641.25,15648.75,950,15617.28205,15580.62774
4/13/2023 11:26,15649,15654,15647.25,15653.75,936,15617.44415,15580.84546
4/13/2023 11:27,15653.75,15655.25,15650.5,15654.75,737,15617.5775,15581.02037
4/13/2023 11:28,15654.75,15655.5,15647.25,15649.25,639,15617.68327,15581.16544
4/13/2023 11:29,15649,15650.5,15642.25,15644.25,759,15617.78911,15581.32463
4/13/2023 11:30,15644.25,15655.5,15644,15654,798,15617.92131,15581.50539
4/13/2023 11:31,15654.25,15657.5,15650.75,15652.5,840,15618.06938,15581.70123
4/13/2023 11:32,15652.5,15655,15650.5,15654,367,15618.13293,15581.78596
4/13/2023 11:33,15653.5,15654.25,15650.5,15653.75,461,15618.21168,15581.89161
4/13/2023 11:34,15653.25,15655.5,15646.5,15648.25,689,15618.31942,15582.04284
4/13/2023 11:35,15647.5,15648,15643.5,15644.75,579,15618.39617,15582.16072
4/13/2023 11:36,15644.25,15651.25,15643.25,15649.75,537,15618.47396,15582.27426
4/13/2023 11:37,15649.75,15659.5,15649.75,15658.75,875,15618.63349,15582.48057
4/13/2023 11:38,15658.5,15661.75,15654,15654.75,1245,15618.86317,15582.77545
4/13/2023 11:39,15654.75,15658,15651.25,15657.5,539,15618.95851,15582.90024
4/13/2023 11:40,15657.75,15661.25,15657.25,15658.5,618,15619.07735,15583.04951
4/13/2023 11:41,15658.75,15661.25,15657.25,15659.75,586,15619.19056,15583.19127
4/13/2023 11:42,15660,15665,15660,15663.25,1102,15619.41924,15583.46805
4/13/2023 11:43,15663,15663.25,15656.75,15659.75,1014,15619.61393,15583.71198
4/13/2023 11:44,15659.5,15662,15656.75,15659.75,683,15619.74267,15583.87452
4/13/2023 11:45,15659.5,15661.5,15656,15659.25,503,15619.83557,15583.99286
4/13/2023 11:46,15659,15660.25,15654.75,15655.5,588,15619.93784,15584.12689
4/13/2023 11:47,15655.75,15663,15655.25,15662,574,15620.04589,15584.26308
4/13/2023 11:48,15662,15665,15658.75,15659,726,15620.18455,15584.43653
4/13/2023 11:49,15659,15663,15657.5,15658,448,15620.26668,15584.54119
4/13/2023 11:50,15658.25,15658.25,15650.25,15652.75,815,15620.39345,15584.71629
4/13/2023 11:51,15652.5,15652.5,15643,15643.25,1149,15620.53074,15584.935
4/13/2023 11:52,15643.5,15643.75,15635,15642.5,1644,15620.68066,15585.21573
4/13/2023 11:53,15642,15652,15640.75,15651.5,1362,15620.85076,15585.47816
4/13/2023 11:54,15651.5,15652.75,15647.25,15647.5,646,15620.93389,15585.60401
4/13/2023 11:55,15647.75,15648.75,15640.75,15644.5,792,15621.01899,15585.74675
4/13/2023 11:56,15644.5,15650.25,15639.75,15650.25,805,15621.11244,15585.89624
4/13/2023 11:57,15650.25,15655,15650.25,15653.75,842,15621.23311,15586.06778
4/13/2023 11:58,15654,15661.25,15654,15657.5,1030,15621.40061,15586.29074
4/13/2023 11:59,15657.75,15663.75,15656.5,15663.75,744,15621.53308,15586.45934
4/13/2023 12:00,15663.75,15668.5,15662.5,15664,1642,15621.849,15586.84688
4/13/2023 12:01,15664.25,15670.75,15663.25,15665.75,1496,15622.14328,15587.20374
4/13/2023 12:02,15665.5,15671.75,15665.5,15669.75,803,15622.30815,15587.39976
4/13/2023 12:03,15669.75,15672.5,15668.25,15671.75,857,15622.48969,15587.61261
4/13/2023 12:04,15671.75,15673.75,15667,15669.5,922,15622.68048,15587.83834
4/13/2023 12:05,15669.5,15669.5,15665,15665.25,663,15622.80668,15587.99302
4/13/2023 12:06,15665.75,15669.25,15664,15668.25,528,15622.90799,15588.11668
4/13/2023 12:07,15668,15677.75,15664.75,15675,2087,15623.35167,15588.63445
4/13/2023 12:08,15675,15679.25,15673.25,15677.75,1001,15623.57983,15588.89301
4/13/2023 12:09,15678,15678.25,15672.75,15673,563,15623.70231,15589.03433
4/13/2023 12:10,15673,15673.25,15662,15665,1601,15623.9938,15589.39677
4/13/2023 12:11,15664.5,15668.25,15660.5,15666.25,1224,15624.20498,15589.66537
4/13/2023 12:12,15665.75,15669,15663.75,15664.25,661,15624.31998,15589.81091
4/13/2023 12:13,15664.5,15669,15662.25,15662.75,572,15624.41659,15589.93474
4/13/2023 12:14,15662.5,15664.5,15660,15663.25,1000,15624.57568,15590.14425
4/13/2023 12:15,15663.5,15664.5,15659,15662,646,15624.67574,15590.27756
4/13/2023 12:16,15662,15665.75,15660,15664.75,519,15624.75933,15590.38679
4/13/2023 12:17,15664.5,15676.25,15664.5,15674.75,1145,15624.98187,15590.65395
4/13/2023 12:18,15674.75,15678.25,15673.25,15675,1237,15625.23857,15590.95356
4/13/2023 12:19,15675,15676,15669.25,15672.5,762,15625.3863,15591.13074
4/13/2023 12:20,15672.5,15673.75,15670.25,15670.5,357,15625.45361,15591.21239
4/13/2023 12:21,15670.75,15673.5,15670,15672.75,389,15625.52766,15591.30181
4/13/2023 12:22,15672.5,15674.75,15669.75,15674.75,414,15625.6079,15591.39794
4/13/2023 12:23,15674.25,15680.75,15674.25,15675.75,1109,15625.83877,15591.66635
4/13/2023 12:24,15675.75,15680.25,15675,15678.25,698,15625.9856,15591.83624
4/13/2023 12:25,15678.25,15678.5,15672.25,15675.25,604,15626.10589,15591.97845
4/13/2023 12:26,15674.75,15676.25,15668.75,15670,797,15626.25197,15592.15714
4/13/2023 12:27,15670.25,15677.25,15670,15677,583,15626.36546,15592.29239
4/13/2023 12:28,15676.5,15678.75,15676,15677.5,490,15626.46566,15592.40939
4/13/2023 12:29,15677.5,15678.75,15676.5,15677.25,399,15626.54709,15592.50451
4/13/2023 12:30,15677.5,15683.25,15677.25,15679.5,998,15626.75959,15592.74849
4/13/2023 12:31,15679.5,15682.5,15678.75,15681.5,523,15626.87218,15592.87715
4/13/2023 12:32,15681.75,15682,15676.5,15677.5,594,15626.99419,15593.01909
4/13/2023 12:33,15677.5,15680,15675.5,15677,650,15627.12405,15593.17176
4/13/2023 12:34,15677.5,15679.75,15677.25,15677.25,350,15627.1945,15593.25431
4/13/2023 12:35,15677,15678.75,15675,15678.25,408,15627.27518,15593.34949
4/13/2023 12:36,15678.25,15679,15674.25,15674.75,524,15627.37566,15593.46947
4/13/2023 12:37,15674.5,15678.25,15673.25,15674.5,390,15627.44916,15593.55783
4/13/2023 12:38,15674.5,15676.25,15671.75,15676.25,657,15627.57096,15593.70519
4/13/2023 12:39,15675.75,15677.25,15670.75,15673,433,15627.64906,15593.80072
4/13/2023 12:40,15673.25,15677.75,15672.75,15676.75,478,15627.73886,15593.90866
4/13/2023 12:41,15676.5,15678,15673.25,15673.75,401,15627.81276,15593.99816
4/13/2023 12:42,15673.5,15677,15672,15673.5,356,15627.87701,15594.07664
4/13/2023 12:43,15673.5,15673.75,15668.5,15669.25,722,15627.99651,15594.22807
4/13/2023 12:44,15669,15671,15667.75,15670,490,15628.07549,15594.32926
4/13/2023 12:45,15670.25,15674.5,15670,15672,393,15628.14254,15594.41301
4/13/2023 12:46,15672,15674,15669.75,15670,339,15628.19902,15594.48425
4/13/2023 12:47,15669.75,15673.75,15668.25,15671.5,300,15628.24878,15594.54712
4/13/2023 12:48,15671,15671.25,15665.25,15666.5,622,15628.3432,15594.67121
4/13/2023 12:49,15666.75,15669.5,15664.25,15669.25,683,15628.44636,15594.80698
4/13/2023 12:50,15669,15673,15668.75,15669.5,779,15628.57156,15594.96703
4/13/2023 12:51,15669.75,15673.75,15668.5,15672.5,530,15628.65868,15595.07722
4/13/2023 12:52,15672.75,15674.5,15670.25,15672.5,403,15628.72597,15595.1617
4/13/2023 12:53,15672.25,15675.5,15668.75,15669,578,15628.81919,15595.28046
4/13/2023 12:54,15668.75,15670.75,15664,15670.5,794,15628.93853,15595.43728
4/13/2023 12:55,15670,15670.5,15665,15667.25,380,15628.9942,15595.51124
4/13/2023 12:56,15667.25,15668.75,15663,15667,558,15629.07283,15595.61757
4/13/2023 12:57,15667.25,15670.5,15665.75,15668.75,453,15629.13999,15595.70619
4/13/2023 12:58,15668.75,15672.25,15666.75,15669.75,372,15629.19672,15595.78006
4/13/2023 12:59,15670.5,15674,15669.25,15673,453,15629.26985,15595.87285
4/13/2023 13:00,15673.25,15676.5,15670.5,15672.75,792,15629.40058,15596.03701
4/13/2023 13:01,15672.75,15676,15667.75,15667.75,606,15629.49384,15596.15769
4/13/2023 13:02,15667.75,15668.25,15655.25,15656.5,1413,15629.6544,15596.39804
4/13/2023 13:03,15656.75,15664.5,15655.75,15661,1079,15629.77754,15596.58156
4/13/2023 13:04,15660.75,15668.75,15660.5,15667.5,629,15629.8609,15596.69667
4/13/2023 13:05,15667.5,15674.25,15666.75,15672.75,922,15630.00167,15596.87854
4/13/2023 13:06,15673.25,15678.5,15669.5,15676.25,856,15630.14252,15597.05451
4/13/2023 13:07,15676.25,15679.5,15673.5,15677.25,927,15630.30085,15597.24906
4/13/2023 13:08,15677.25,15679.5,15674.25,15677,483,15630.38321,15597.35026
4/13/2023 13:09,15677.25,15680,15675.25,15676,481,15630.46524,15597.451
4/13/2023 13:10,15675.75,15677.5,15674,15675.5,394,15630.53018,15597.53186
4/13/2023 13:11,15675.5,15682.5,15675.5,15680.5,787,15630.67031,15597.70079
4/13/2023 13:12,15680,15689.75,15680,15688,2188,15631.10637,15598.20334
4/13/2023 13:13,15687.75,15694.5,15686.25,15691.5,1531,15631.43396,15598.57079
4/13/2023 13:14,15691.5,15691.5,15686.25,15687.5,863,15631.60984,15598.77142
4/13/2023 13:15,15687.25,15690.75,15686,15687.5,497,15631.71004,15598.88613
4/13/2023 13:16,15687.5,15689,15683.75,15685.75,611,15631.82857,15599.02373
4/13/2023 13:17,15685.75,15689,15683.25,15688.75,1017,15632.02773,15599.25397
4/13/2023 13:18,15688.5,15690.75,15686.25,15690.5,632,15632.15562,15599.39997
4/13/2023 13:19,15690.75,15692,15688.75,15688.75,526,15632.26287,15599.52202
4/13/2023 13:20,15689.25,15690.5,15686.75,15688.5,410,15632.34437,15599.61561
4/13/2023 13:21,15688.5,15691.75,15688,15691,516,15632.44965,15599.73532
4/13/2023 13:22,15691,15693.5,15689,15689,637,15632.57965,15599.88307
4/13/2023 13:23,15689,15689.5,15686,15688,746,15632.72418,15600.05042
4/13/2023 13:24,15688,15689.25,15685.5,15687.75,654,15632.8495,15600.19605
4/13/2023 13:25,15688,15690.25,15686.25,15688,406,15632.92796,15600.28691
4/13/2023 13:26,15688,15690.25,15687.25,15687.75,444,15633.01389,15600.38633
4/13/2023 13:27,15687.5,15687.75,15682.75,15684,716,15633.14298,15600.53969
4/13/2023 13:28,15684.25,15684.75,15680.5,15683.5,650,15633.25529,15600.67527
4/13/2023 13:29,15683.75,15688,15682,15686.75,647,15633.37255,15600.81414
4/13/2023 13:30,15686.75,15689.75,15686,15688.5,446,15633.45694,15600.91243
4/13/2023 13:31,15688.75,15691.75,15686.25,15690,480,15633.54954,15601.01947
4/13/2023 13:32,15689.75,15691,15687,15689.75,351,15633.61696,15601.0975
4/13/2023 13:33,15689.25,15691.25,15687.75,15690,195,15633.65462,15601.141
4/13/2023 13:34,15690.5,15691,15682.25,15683.25,805,15633.79805,15601.31169
4/13/2023 13:35,15683.75,15689,15682.5,15687.25,323,15633.8562,15601.3806
4/13/2023 13:36,15687.25,15689,15684.25,15687.5,339,15633.91788,15601.45336
4/13/2023 13:37,15687,15691.75,15687,15690,329,15633.9806,15601.52605
4/13/2023 13:38,15690,15696.75,15689.75,15695,952,15634.17511,15601.74586
4/13/2023 13:39,15695,15698.75,15693.75,15697,820,15634.34909,15601.93981
4/13/2023 13:40,15697,15701.25,15694.75,15699,781,15634.51875,15602.12736
4/13/2023 13:41,15699,15708.25,15696.75,15708,2223,15635.04173,15602.69028
4/13/2023 13:42,15708,15711.75,15707.5,15709.75,1452,15635.40508,15603.07374
4/13/2023 13:43,15709.75,15712,15709,15710,1168,15635.69741,15603.38213
4/13/2023 13:44,15709.75,15712.75,15708.25,15708.75,834,15635.90359,15603.6004
4/13/2023 13:45,15708.75,15712.75,15707.5,15709.5,618,15636.05563,15603.76156
4/13/2023 13:46,15709.5,15713,15708.5,15711,1100,15636.32807,15604.04967
4/13/2023 13:47,15711,15712,15708.75,15711,417,15636.43048,15604.15824
4/13/2023 13:48,15711,15712.5,15709,15709.75,541,15636.56263,15604.29853
4/13/2023 13:49,15709.75,15710.5,15707.75,15710.5,563,15636.6981,15604.443
4/13/2023 13:50,15710.75,15713.5,15710.75,15712,579,15636.84167,15604.59468
4/13/2023 13:51,15712,15714.5,15711.75,15713,915,15637.07043,15604.83573
4/13/2023 13:52,15713.25,15714,15709.25,15710.5,713,15637.24347,15605.01966
4/13/2023 13:53,15710.25,15716,15709.75,15714.75,1060,15637.50701,15605.29769
4/13/2023 13:54,15714.5,15719,15712.75,15716.75,958,15637.75193,15605.55391
4/13/2023 13:55,15717,15719.5,15716.5,15717.25,636,15637.91695,15605.72579
4/13/2023 13:56,15717.25,15719.25,15714.75,15718,668,15638.08864,15605.90507
4/13/2023 13:57,15717.75,15718.5,15716.5,15717.75,386,15638.18783,15606.00864
4/13/2023 13:58,15718,15720.25,15713.75,15717,1186,15638.48881,15606.324
4/13/2023 13:59,15717,15718,15714,15714.5,561,15638.62768,15606.47054
4/13/2023 14:00,15714.5,15718.5,15714.5,15716.75,526,15638.75926,15606.60893
4/13/2023 14:01,15717,15719,15710.75,15712.75,999,15639.00021,15606.86507
4/13/2023 14:02,15712.5,15719,15711.25,15718.75,871,15639.21506,15607.09189
4/13/2023 14:03,15718.25,15722.5,15717.5,15719.5,1261,15639.53802,15607.42907
4/13/2023 14:04,15719.5,15722.25,15717.5,15721,817,15639.74697,15607.64727
4/13/2023 14:05,15720.75,15723,15718.75,15719.75,823,15639.95702,15607.8667
4/13/2023 14:06,15719.75,15724.25,15719.5,15722.25,799,15640.16367,15608.08174
4/13/2023 14:07,15722,15726,15719.25,15720.75,2007,15640.67819,15608.61834
4/13/2023 14:08,15721,15724.5,15719.5,15724.25,516,15640.81065,15608.75639
4/13/2023 14:09,15724.25,15726.5,15721.75,15723.5,615,15640.97019,15608.92218
4/13/2023 14:10,15723.75,15725.25,15721.75,15724.5,546,15641.11118,15609.06885
4/13/2023 14:11,15724.5,15726,15722.75,15724.5,518,15641.24544,15609.20837
4/13/2023 14:12,15724.5,15726.5,15723.25,15724.5,442,15641.36012,15609.32749
4/13/2023 14:13,15724.5,15728,15724.5,15726.25,759,15641.55984,15609.53413
4/13/2023 14:14,15726.5,15728.25,15725.5,15727,600,15641.71829,15609.69789
4/13/2023 14:15,15727.25,15731.75,15727.25,15729.25,1196,15642.04161,15610.02989
4/13/2023 14:16,15729.25,15735.75,15729.25,15734.75,1598,15642.48869,15610.48478
4/13/2023 14:17,15735,15738.25,15733.75,15737,1361,15642.87884,15610.87923
4/13/2023 14:18,15737.25,15739.75,15733.5,15734,1261,15643.2352,15611.24081
4/13/2023 14:19,15734,15738.25,15733.75,15737.25,677,15643.42676,15611.4351
4/13/2023 14:20,15737.5,15739.75,15736.75,15737.5,654,15643.61421,15611.62459
4/13/2023 14:21,15737.75,15741.75,15734.5,15741.25,926,15643.88162,15611.89439
4/13/2023 14:22,15741.25,15742.5,15739.5,15741.25,807,15644.11811,15612.13212
4/13/2023 14:23,15741.25,15742.75,15737.75,15738.75,874,15644.36943,15612.38595
4/13/2023 14:24,15738.75,15739,15732.25,15734.75,1247,15644.70924,15612.73386
4/13/2023 14:25,15735,15740.75,15734.5,15736.75,799,15644.93041,15612.95936
4/13/2023 14:26,15736.5,15737.25,15732.5,15735,631,15645.09978,15613.13343
4/13/2023 14:27,15734.75,15734.75,15730.75,15732.5,590,15645.25362,15613.29274
4/13/2023 14:28,15732.75,15736,15731,15731,607,15645.41133,15613.45619
4/13/2023 14:29,15730.75,15733.5,15729.5,15730,779,15645.60905,15613.66239
4/13/2023 14:30,15730,15732.25,15727.75,15728.75,805,15645.80903,15613.87214
4/13/2023 14:31,15728.5,15731.75,15727.75,15731.5,443,15645.91966,15613.988
4/13/2023 14:32,15731.5,15732.5,15727.25,15729.25,651,15646.08043,15614.15685
4/13/2023 14:33,15729.25,15732.25,15728.25,15730.75,490,15646.20211,15614.28445
4/13/2023 14:34,15730.25,15731.5,15725.25,15727.75,718,15646.37503,15614.4673
4/13/2023 14:35,15727.75,15729,15723,15723.25,834,15646.56744,15614.67321
4/13/2023 14:36,15723.25,15724.25,15718,15721,1368,15646.86505,15614.99714
4/13/2023 14:37,15721,15728.5,15720.75,15728.5,736,15647.03454,15615.17851
4/13/2023 14:38,15728.25,15731.5,15727.75,15730.5,740,15647.21283,15615.36682
4/13/2023 14:39,15730.5,15734.25,15728.75,15732.25,934,15647.44174,15615.60742
4/13/2023 14:40,15732.5,15732.75,15727.25,15727.75,677,15647.60198,15615.77746
4/13/2023 14:41,15727.75,15727.75,15721.75,15725.25,860,15647.79389,15615.9845
4/13/2023 14:42,15725.75,15729.5,15725.25,15727.5,512,15647.91138,15616.11021
4/13/2023 14:43,15727.25,15735,15726,15734.25,830,15648.11144,15616.32131
4/13/2023 14:44,15734.5,15735.75,15731.75,15733.75,523,15648.24002,15616.45623
4/13/2023 14:45,15733.75,15736.5,15732.25,15734.5,603,15648.38894,15616.61228
4/13/2023 14:46,15734.5,15735.5,15729,15729.5,628,15648.53795,15616.77012
4/13/2023 14:47,15729.5,15734.75,15729.5,15731.5,493,15648.65537,15616.89436
4/13/2023 14:48,15731.25,15735.25,15730.75,15734.75,331,15648.7356,15616.97883
4/13/2023 14:49,15734.5,15734.75,15729.5,15729.5,353,15648.81864,15617.06698
4/13/2023 14:50,15729.5,15732.5,15726.5,15731,653,15648.9695,15617.2279
4/13/2023 14:51,15731,15733.5,15730,15732,475,15649.08136,15617.34657
4/13/2023 14:52,15732,15732.25,15727,15727.25,433,15649.17937,15617.45171
4/13/2023 14:53,15727,15730.75,15727,15730.25,361,15649.26142,15617.5396
4/13/2023 14:54,15730.25,15733,15727.75,15732.5,379,15649.34926,15617.63317
4/13/2023 14:55,15732.25,15735.25,15731,15734.75,564,15649.48374,15617.77529
4/13/2023 14:56,15735,15738.5,15730,15732.25,1257,15649.78163,15618.09056
4/13/2023 14:57,15732,15732.75,15729.25,15731.5,394,15649.87189,15618.18697
4/13/2023 14:58,15731.75,15734,15729.25,15732.75,455,15649.97694,15618.29892
4/13/2023 14:59,15732.75,15735.25,15731,15735,880,15650.18367,15618.51813
4/13/2023 15:00,15735.5,15736.25,15731,15731.5,699,15650.34553,15618.69041
4/13/2023 15:01,15731.75,15735.25,15730,15730.5,675,15650.49934,15618.85483
4/13/2023 15:02,15730.5,15730.5,15727.5,15727.75,513,15650.61108,15618.97579
4/13/2023 15:03,15727.5,15734.5,15724.5,15732.75,1261,15650.8914,15619.27741
4/13/2023 15:04,15732.75,15736.25,15731.25,15735.25,687,15651.05028,15619.44644
4/13/2023 15:05,15735.25,15737,15734,15736.75,496,15651.16691,15619.56994
4/13/2023 15:06,15736.5,15740.75,15735.75,15736.5,977,15651.40042,15619.81607
4/13/2023 15:07,15737,15740.5,15736.75,15737.25,561,15651.53471,15619.95754
4/13/2023 15:08,15737,15737.25,15729.75,15733.75,999,15651.76022,15620.19889
4/13/2023 15:09,15734.25,15738.25,15731.75,15738,619,15651.90344,15620.35109
4/13/2023 15:10,15738.25,15741,15735.75,15738.75,790,15652.09093,15620.54895
4/13/2023 15:11,15738.5,15741.25,15736.5,15737,630,15652.23944,15620.70593
4/13/2023 15:12,15737,15738,15732,15732.25,742,15652.40525,15620.88375
4/13/2023 15:13,15732,15734.5,15728.75,15732,875,15652.59436,15621.08841
4/13/2023 15:14,15732,15734.25,15729.25,15731,392,15652.67852,15621.17965
4/13/2023 15:15,15731,15732.25,15729,15730.5,367,15652.75624,15621.26423
4/13/2023 15:16,15730.75,15731.25,15727.25,15729.75,538,15652.86819,15621.38665
4/13/2023 15:17,15729.25,15733.25,15728.75,15730.5,541,15652.98251,15621.51109
4/13/2023 15:18,15730.75,15735.25,15730.25,15732.75,459,15653.08162,15621.61829
4/13/2023 15:19,15732.5,15738.25,15732.25,15737.75,816,15653.26455,15621.81407
4/13/2023 15:20,15737.75,15740.25,15737.25,15739.5,679,15653.4215,15621.98061
4/13/2023 15:21,15739.25,15747.5,15738.75,15745.5,1703,15653.83509,15622.4137
4/13/2023 15:22,15745.5,15750.75,15745,15748.5,1567,15654.22978,15622.82307
4/13/2023 15:23,15748.5,15750.75,15745.5,15747,891,15654.45194,15623.05403
4/13/2023 15:24,15746.75,15747.25,15737.25,15738.25,1517,15654.80024,15623.42387
4/13/2023 15:25,15738,15742,15737.75,15739.25,860,15654.9936,15623.63028
4/13/2023 15:26,15739,15740.5,15733.75,15738.75,951,15655.20137,15623.85376
4/13/2023 15:27,15739,15743,15738.5,15742.5,720,15655.36495,15624.02781
4/13/2023 15:28,15742.5,15743.75,15736.75,15739.75,566,15655.49123,15624.16282
4/13/2023 15:29,15740,15742.75,15737.75,15742,395,15655.57993,15624.25746
4/13/2023 15:30,15742.25,15745.25,15740,15744.25,598,15655.71751,15624.40331
4/13/2023 15:31,15744,15744.75,15738.25,15739.75,679,15655.8692,15624.56535
4/13/2023 15:32,15739,15743,15738.75,15742,492,15655.97921,15624.68282
4/13/2023 15:33,15742.25,15742.75,15737,15738.25,500,15656.08821,15624.8
4/13/2023 15:34,15738,15738.5,15734,15736.25,946,15656.28606,15625.01509
4/13/2023 15:35,15736,15739.75,15735.5,15738,658,15656.42566,15625.16623
4/13/2023 15:36,15738.25,15738.75,15730.25,15732,1152,15656.65672,15625.42029
4/13/2023 15:37,15732,15734.25,15730.25,15731,823,15656.81703,15625.59801
4/13/2023 15:38,15731.25,15737.75,15731.25,15737.5,695,15656.95847,15625.75279
4/13/2023 15:39,15737.25,15738.5,15735.5,15737.5,472,15657.05627,15625.85925
4/13/2023 15:40,15737.5,15738.5,15734.75,15735.75,447,15657.14771,15625.95913
4/13/2023 15:41,15735.5,15739.25,15734.75,15737.75,538,15657.25875,15626.08011
4/13/2023 15:42,15737.5,15741.5,15736,15741,715,15657.40999,15626.24372
4/13/2023 15:43,15741.25,15744.75,15740.25,15744.25,805,15657.58701,15626.43317
4/13/2023 15:44,15744.25,15746,15742.25,15744.75,806,15657.7661,15626.62427
4/13/2023 15:45,15744.75,15747.75,15744.5,15746.5,620,15657.90639,15626.77323
4/13/2023 15:46,15746,15750.75,15743.25,15750,1049,15658.14744,15627.0281
4/13/2023 15:47,15749.75,15752.75,15746.25,15747.5,1157,15658.41426,15627.30991
4/13/2023 15:48,15747,15747,15737,15737.25,1499,15658.72566,15627.64792
4/13/2023 15:49,15737.25,15738.75,15734.25,15737,1119,15658.94598,15627.89059
4/13/2023 15:50,15737,15737.25,15732.5,15734.5,1036,15659.14385,15628.11035
4/13/2023 15:51,15734,15735.5,15726.25,15730.75,2263,15659.55029,15628.56975
4/13/2023 15:52,15730.75,15731.5,15726.75,15731,1296,15659.77748,15628.82823
4/13/2023 15:53,15731,15734.5,15725.5,15728.25,1340,15660.00973,15629.09322
4/13/2023 15:54,15728.25,15732.75,15726.25,15732,1360,15660.24697,15629.36319
4/13/2023 15:55,15731.75,15732.75,15727.75,15727.75,1355,15660.47867,15629.62831
4/13/2023 15:56,15727.5,15735,15725.25,15733.75,2368,15660.89104,15630.09711
4/13/2023 15:57,15733.25,15734,15724.5,15725.75,1601,15661.1544,15630.40153
4/13/2023 15:58,15726,15730.25,15722.5,15729.75,2317,15661.52861,15630.83614
4/13/2023 15:59,15729.75,15732.25,15726.75,15731,2796,15661.9915,15631.36888
4/13/2023 16:00,15731.25,15738.5,15725,15735.75,10134,15663.69178,15633.3116
4/13/2023 16:01,15735.75,15735.75,15725.25,15727.25,3673,15664.25661,15633.97233
4/13/2023 16:02,15727.25,15728,15725.25,15725.5,991,15664.40002,15634.14318
4/13/2023 16:03,15725.5,15726.25,15724.25,15724.5,672,15664.49493,15634.2571
4/13/2023 16:04,15724.75,15728,15724.25,15726.5,534,15664.5717,15634.34868
4/13/2023 16:05,15726.25,15727.75,15724.75,15725.25,471,15664.63888,15634.429
4/13/2023 16:06,15725.5,15726.75,15724.25,15726.5,477,15664.70668,15634.51013
4/13/2023 16:07,15726.25,15727.25,15725.25,15726.5,346,15664.75617,15634.56922
4/13/2023 16:08,15726.5,15727.25,15725,15725.25,351,15664.80588,15634.62875
4/13/2023 16:09,15725.25,15726.5,15724.25,15725.25,255,15664.84165,15634.67171
4/13/2023 16:10,15725.25,15725.25,15723.5,15724,446,15664.90299,15634.74586
4/13/2023 16:11,15723.75,15725.25,15722.75,15724.75,750,15665.00586,15634.87028
4/13/2023 16:12,15724.75,15725.25,15723.5,15724,331,15665.05115,15634.92508
4/13/2023 16:13,15723.75,15725.5,15723.25,15725.25,291,15665.09118,15634.97342
4/13/2023 16:14,15725,15727.25,15724.75,15726,289,15665.13178,15635.0221
4/13/2023 16:15,15726.25,15726.75,15724.75,15725.25,308,15665.17469,15635.07368
4/13/2023 16:16,15725.5,15726.25,15724.25,15725.5,121,15665.19146,15635.09387
4/13/2023 16:17,15725.5,15726,15724,15724.75,125,15665.20866,15635.11462
4/13/2023 16:18,15724.75,15726,15724.25,15725.75,129,15665.22652,15635.13613
4/13/2023 16:19,15725.5,15725.5,15724,15724.75,98,15665.23995,15635.15235
4/13/2023 16:20,15724.75,15725.25,15724.5,15724.5,47,15665.24639,15635.16013
4/13/2023 16:21,15724.5,15724.5,15723.5,15724.25,113,15665.26169,15635.17869
4/13/2023 16:22,15723.75,15725.5,15723.75,15724.25,62,15665.27014,15635.18892
4/13/2023 16:23,15724.25,15724.75,15723.75,15724,73,15665.28003,15635.20092
4/13/2023 16:24,15723.75,15724.75,15723.5,15724.75,62,15665.28845,15635.21112
4/13/2023 16:25,15724,15724.5,15723.5,15723.75,60,15665.29654,15635.22095
4/13/2023 16:26,15724,15725.75,15723.25,15724.75,138,15665.31535,15635.24371
4/13/2023 16:27,15724.75,15725.25,15724.75,15724.75,27,15665.31905,15635.24818
4/13/2023 16:28,15724.75,15725,15724,15724.25,63,15665.32761,15635.25854
4/13/2023 16:29,15724,15725.25,15723.75,15724.5,70,15665.33713,15635.27007
4/13/2023 16:30,15725,15725.25,15724.25,15725,46,15665.34342,15635.27767
4/13/2023 16:31,15725,15725,15723.5,15724,60,15665.35153,15635.28751
4/13/2023 16:32,15724,15724.25,15723.25,15724.25,90,15665.36364,15635.30222
4/13/2023 16:33,15724.25,15724.75,15723.75,15724.25,48,15665.37013,15635.3101
4/13/2023 16:34,15724,15724.25,15723.5,15723.75,42,15665.37577,15635.31695
4/13/2023 16:35,15723.5,15724,15722,15722.5,374,15665.42508,15635.37728
4/13/2023 16:36,15722.5,15723.25,15721.25,15722.75,95,15665.43751,15635.39251
4/13/2023 16:37,15722.5,15723.25,15722.25,15722.5,29,15665.44131,15635.39717
4/13/2023 16:38,15722.25,15723,15721.25,15721.75,55,15665.44845,15635.40595
4/13/2023 16:39,15722,15724.25,15721.5,15724.25,72,15665.45801,15635.41761
4/13/2023 16:40,15724.25,15724.5,15722.75,15723.25,124,15665.47451,15635.43773
4/13/2023 16:41,15723,15723.25,15720.75,15721,142,15665.4928,15635.46027
4/13/2023 16:42,15721.25,15722,15717.25,15717.75,271,15665.52602,15635.50193
4/13/2023 16:43,15717.5,15718.5,15715.5,15715.5,212,15665.55076,15635.53352
4/13/2023 16:44,15715.75,15716,15714,15714.5,146,15665.56723,15635.55481
4/13/2023 16:45,15714.25,15714.5,15712.25,15713,296,15665.59951,15635.59708
4/13/2023 16:46,15713,15717,15711.75,15716.25,328,15665.63655,15635.64493
4/13/2023 16:47,15716.25,15717.25,15715.5,15716.25,86,15665.64651,15635.65767
4/13/2023 16:48,15715.75,15717.75,15715.25,15716.75,100,15665.65815,15635.67253
4/13/2023 16:49,15716.25,15716.25,15712.75,15715.5,179,15665.67825,15635.69854
4/13/2023 16:50,15715.5,15715.5,15712.5,15712.5,67,15665.68556,15635.70811
4/13/2023 16:51,15712.5,15713.75,15711.5,15713.75,137,15665.70036,15635.72754
4/13/2023 16:52,15713.75,15714,15711.75,15713,123,15665.71361,15635.74496
4/13/2023 16:53,15712.5,15713,15711.5,15712,75,15665.72156,15635.75547
4/13/2023 16:54,15712.25,15712.5,15710.25,15711,255,15665.74804,15635.79077
4/13/2023 16:55,15710.75,15710.75,15708,15708.75,207,15665.76852,15635.81861
4/13/2023 16:56,15708.75,15709.75,15706.25,15708.5,190,15665.78687,15635.84379
4/13/2023 16:57,15708.5,15709.75,15707.5,15708.75,106,15665.79722,15635.85793
4/13/2023 16:58,15709.25,15709.5,15708.25,15709,49,15665.80204,15635.86449
4/13/2023 16:59,15709,15709,15705.75,15706.5,127,15665.81397,15635.88105
4/13/2023 17:00,15706.5,15706.75,15704.25,15705.25,194,15665.83146,15635.90575
4/13/2023 18:01,15707.75,15709,15702.75,15705,406,0,15705.58333
4/13/2023 18:02,15704.5,15707,15701.5,15703.5,279,0,15704.93844
4/13/2023 18:03,15703.75,15705,15702.75,15704.5,63,0,15704.86642
4/13/2023 18:04,15704,15706.75,15703,15706.5,63,0,15704.90917
4/13/2023 18:05,15706,15707.5,15705.5,15706.25,38,0,15704.97664
4/13/2023 18:06,15706.25,15709.5,15706.25,15709.5,123,0,15705.41195
4/13/2023 18:07,15709.5,15709.75,15707.25,15709.25,134,0,15705.81638
4/13/2023 18:08,15709,15709,15705.25,15708.5,87,0,15705.94524
4/13/2023 18:09,15708.25,15708.75,15707.25,15708.5,26,0,15705.99262
4/13/2023 18:10,15708.25,15708.25,15707,15707,25,0,15706.02124
4/13/2023 18:11,15707.5,15709.25,15707.5,15708.75,29,0,15706.0777
4/13/2023 18:12,15709,15710.5,15708,15710.5,76,0,15706.2799
4/13/2023 18:13,15710,15711.25,15709.5,15709.5,51,0,15706.41845
4/13/2023 18:14,15710,15710.25,15709.25,15710,22,0,15706.47128
4/13/2023 18:15,15709.75,15710.5,15709.5,15710.25,25,0,15706.53369
4/13/2023 18:16,15710,15711.75,15710,15711.5,68,0,15706.7379
4/13/2023 18:17,15710.75,15711.75,15709.75,15711.25,140,0,15707.09139
4/13/2023 18:18,15711.25,15711.75,15706.75,15707,149,0,15707.20773
4/13/2023 18:19,15707.25,15709.5,15706.75,15709,98,0,15707.27002
4/13/2023 18:20,15709.25,15709.25,15707.75,15708.5,23,0,15707.28472
4/13/2023 18:21,15708.75,15710.75,15708.75,15710.75,36,0,15707.3361
4/13/2023 18:22,15711,15711.25,15710.75,15711.25,14,0,15707.36266
4/13/2023 18:23,15710.75,15711.5,15709.75,15711.25,41,0,15707.43324
4/13/2023 18:24,15711,15711,15710.5,15710.5,5,0,15707.44124
4/13/2023 18:25,15710,15711.5,15709.75,15711.5,12,0,15707.46176
4/13/2023 18:26,15711.5,15712.75,15710.25,15712.75,65,0,15707.59978
4/13/2023 18:27,15712.75,15713.75,15711.25,15711.25,55,0,15707.71431
4/13/2023 18:28,15711.5,15712,15710,15710.25,23,0,15707.7464
4/13/2023 18:29,15710.5,15713.25,15710.5,15712.75,34,0,15707.8144
4/13/2023 18:30,15713,15713,15710.75,15711.25,17,0,15707.84381
4/13/2023 18:31,15711.25,15714,15711,15711,201,0,15708.18788
4/13/2023 18:32,15711,15711.25,15708.75,15710,54,0,15708.2273
4/13/2023 18:33,15711.25,15711.75,15710.25,15710.75,26,0,15708.25518
4/13/2023 18:34,15710.5,15711.25,15709.25,15711,42,0,15708.29216
4/13/2023 18:35,15710,15711,15708.75,15710,83,0,15708.34337
4/13/2023 18:36,15709.75,15715.5,15709.5,15715.25,104,0,15708.53614
4/13/2023 18:37,15715,15715.5,15713.25,15713.5,39,0,15708.61407
4/13/2023 18:38,15714,15716.75,15712.25,15716.25,156,0,15708.95828
4/13/2023 18:39,15716,15717,15716,15716.75,33,0,15709.04314
4/13/2023 18:40,15717,15720.75,15716.75,15720,176,0,15709.61039
4/13/2023 18:41,15720.25,15720.75,15718,15719.75,46,0,15709.75314
4/13/2023 18:42,15719.5,15720.25,15718.25,15718.25,42,0,15709.87233
4/13/2023 18:43,15718.25,15719.75,15717.75,15718.75,40,0,15709.98096
4/13/2023 18:44,15718.75,15720.5,15718.75,15720.25,54,0,15710.14106
4/13/2023 18:45,15720.5,15720.5,15719.75,15720,24,0,15710.21235
4/13/2023 18:46,15720.5,15722.25,15719.75,15720,99,0,15710.5127
4/13/2023 18:47,15719.5,15720.5,15719,15720.5,40,0,15710.62156
4/13/2023 18:48,15720.75,15723.25,15720.75,15723.25,79,0,15710.88294
4/13/2023 18:49,15723,15723.75,15720.5,15720.5,70,0,15711.089
4/13/2023 18:50,15720.5,15721.5,15719.75,15720.75,44,0,15711.20354
4/13/2023 18:51,15720.75,15721.25,15720.5,15721,31,0,15711.2847
4/13/2023 18:52,15721.5,15724,15721.5,15724,106,0,15711.61476
4/13/2023 18:53,15723.5,15724.5,15722.25,15722.75,82,0,15711.85777
4/13/2023 18:54,15722.75,15722.75,15720.75,15720.75,16,0,15711.89684
4/13/2023 18:55,15720.5,15720.75,15719,15720.5,46,0,15711.99194
4/13/2023 18:56,15719.75,15722.25,15719.75,15722,53,0,15712.11531
4/13/2023 18:57,15722,15723.25,15721.75,15722.75,32,0,15712.19813
4/13/2023 18:58,15721.75,15722,15721,15721,8,0,15712.21616
4/13/2023 18:59,15720.5,15720.5,15717.25,15717.75,53,0,15712.29727
4/13/2023 19:00,15718.5,15719.25,15718.5,15719.25,12,0,15712.3168
4/13/2023 19:01,15718.75,15723.25,15718.75,15720.5,95,0,15712.50884
4/13/2023 19:02,15720.5,15721,15720,15720.5,27,0,15712.55973
4/13/2023 19:03,15719.5,15720.75,15719.5,15720.75,17,0,15712.59077
4/13/2023 19:04,15721,15721.75,15720.75,15721.25,23,0,15712.63731
4/13/2023 19:05,15722,15722,15720,15721,44,0,15712.7224
4/13/2023 19:06,15721.5,15721.75,15720.75,15721.75,23,0,15712.7684
4/13/2023 19:07,15722,15722.5,15720.75,15721.5,43,0,15712.85475
4/13/2023 19:08,15721.5,15722.75,15721.5,15722.75,26,0,15712.91055
4/13/2023 19:09,15722.5,15723,15721.5,15721.5,22,0,15712.95561
4/13/2023 19:10,15720.75,15721.25,15720,15720.5,26,0,15713.00004
4/13/2023 19:11,15720,15721,15719.75,15719.75,28,0,15713.04471
4/13/2023 19:12,15719.75,15721.25,15719.75,15721.25,26,0,15713.08905
4/13/2023 19:13,15721,15721.5,15720.25,15721.5,34,0,15713.14876
4/13/2023 19:14,15721,15721,15720,15720,16,0,15713.17393
4/13/2023 19:15,15720.25,15720.5,15719.75,15720.25,24,0,15713.21047
4/13/2023 19:16,15720,15722.75,15720,15721.25,54,0,15713.30489
4/13/2023 19:17,15721.5,15721.75,15721.5,15721.75,15,0,15713.3318
4/13/2023 19:18,15721.5,15721.5,15720.25,15721,12,0,15713.35127
4/13/2023 19:19,15720.75,15720.75,15720,15720.25,7,0,15713.36172
4/13/2023 19:20,15720.75,15721.5,15719.75,15719.75,45,0,15713.42811
4/13/2023 19:21,15719.75,15720,15718.75,15719,49,0,15713.48787
4/13/2023 19:22,15719.25,15720.25,15718.75,15719.5,11,0,15713.50169
4/13/2023 19:23,15719.25,15719.75,15717.75,15718.25,40,0,15713.54382
4/13/2023 19:24,15718,15719.25,15718,15718.25,34,0,15713.5785
4/13/2023 19:25,15718,15718.75,15715.75,15717.25,95,0,15713.6489
4/13/2023 19:26,15717.5,15717.5,15715.25,15716.25,37,0,15713.6688
4/13/2023 19:27,15715.75,15716,15714.75,15715,46,0,15713.68324
4/13/2023 19:28,15715,15716,15714.5,15715.75,43,0,15713.69792
4/13/2023 19:29,15715.5,15716,15714.5,15715.5,53,0,15713.7148
4/13/2023 19:30,15715.25,15716.25,15712.75,15715.5,126,0,15713.7416
4/13/2023 19:31,15715.25,15715.5,15713.5,15714.25,36,0,15713.74619
4/13/2023 19:32,15714.5,15716.5,15714.5,15716.5,21,0,15713.75444
4/13/2023 19:33,15716.75,15717.75,15716,15717,36,0,15713.77571
4/13/2023 19:34,15716.25,15717,15715,15716.25,27,0,15713.78729
4/13/2023 19:35,15716.25,15716.25,15715.75,15716.25,3,0,15713.78857
4/13/2023 19:36,15716.5,15717.25,15716,15716.75,21,0,15713.79976
4/13/2023 19:37,15716.75,15717.25,15716.75,15717,11,0,15713.80626
4/13/2023 19:38,15717.25,15717.75,15715.5,15716,47,0,15713.82872
4/13/2023 19:39,15716,15716.75,15716,15716.25,10,0,15713.8333
4/13/2023 19:40,15716.75,15717.5,15716.5,15716.75,22,0,15713.84565
4/13/2023 19:41,15716.75,15717.25,15715.25,15715.75,21,0,15713.85417
4/13/2023 19:42,15715.75,15716,15713.75,15713.75,38,0,15713.85859
4/13/2023 19:43,15714.25,15714.25,15710.5,15712.5,100,0,15713.83308
4/13/2023 19:44,15711.75,15711.75,15709.75,15711,62,0,15713.80053
4/13/2023 19:45,15711,15711.5,15709.75,15711.25,61,0,15713.76919
4/13/2023 19:46,15712,15713.25,15711.25,15711.25,65,0,15713.74857
4/13/2023 19:47,15711.25,15711.75,15710,15710.5,23,0,15713.73681
4/13/2023 19:48,15710.75,15711.25,15709.75,15709.75,20,0,15713.72496
4/13/2023 19:49,15709.5,15711,15707.5,15709.75,96,0,15713.65578
4/13/2023 19:50,15709.75,15710.25,15709.25,15710,35,0,15713.63354
4/13/2023 19:51,15710.25,15711,15709.5,15710,34,0,15713.61405
4/13/2023 19:52,15710,15712.75,15709.25,15712.75,95,0,15713.58264
4/13/2023 19:53,15712.75,15712.75,15711.75,15712,37,0,15713.57416
4/13/2023 19:54,15712.5,15712.5,15711.5,15712.25,34,0,15713.56601
4/13/2023 19:55,15711.75,15713.75,15711.75,15713.5,30,0,15713.56329
4/13/2023 19:56,15713.75,15713.75,15711.25,15711.5,50,0,15713.55219
4/13/2023 19:57,15711.25,15714,15711,15713.25,48,0,15713.54612
4/13/2023 19:58,15712.75,15714.5,15712.25,15714.5,52,0,15713.54778
4/13/2023 19:59,15713.5,15715,15713,15713,57,0,15713.54883
4/13/2023 20:00,15713,15716.25,15712.75,15716.25,91,0,15713.57017
4/13/2023 20:01,15716.5,15718,15712.25,15713.75,192,0,15713.60144
4/13/2023 20:02,15713.75,15716.5,15713.75,15714.25,63,0,15713.61286
4/13/2023 20:03,15713.5,15715.25,15712.75,15713.75,33,0,15713.61432
4/13/2023 20:04,15714,15717,15712.75,15715.75,93,0,15713.63518
4/13/2023 20:05,15715.25,15722,15715.25,15721.25,177,0,15713.78138
4/13/2023 20:06,15721,15721,15718.5,15718.5,69,0,15713.83482
4/13/2023 20:07,15718.75,15721.5,15716.25,15716.75,159,0,15713.92881
4/13/2023 20:08,15716.25,15716.5,15710,15711.25,153,0,15713.90129
4/13/2023 20:09,15710.5,15713.5,15710.5,15713.25,34,0,15713.89458
4/13/2023 20:10,15713.5,15714.5,15709.75,15710.25,105,0,15713.86158
4/13/2023 20:11,15710,15710.75,15709.75,15710.5,40,0,15713.84316
4/13/2023 20:12,15710,15712.25,15707.75,15711.25,98,0,15713.79987
4/13/2023 20:13,15711.25,15715.25,15711,15715,71,0,15713.79942
4/13/2023 20:14,15715,15716.5,15713.5,15715,51,0,15713.80719
4/13/2023 20:15,15714.75,15716.75,15714.75,15716.5,27,0,15713.81468
4/13/2023 20:16,15717,15718,15715.75,15717,48,0,15713.8334
4/13/2023 20:17,15717.25,15718,15716.5,15716.5,44,0,15713.85081
4/13/2023 20:18,15717.25,15717.75,15716.25,15716.75,25,0,15713.86037
4/13/2023 20:19,15716.75,15717,15715.25,15715.75,44,0,15713.87204
4/13/2023 20:20,15716.75,15719.75,15716.5,15718.5,62,0,15713.90542
4/13/2023 20:21,15718.25,15719,15717.75,15718.25,31,0,15713.92224
4/13/2023 20:22,15718.25,15722.75,15718.25,15720.25,143,0,15714.03408
4/13/2023 20:23,15720.25,15721.75,15720.25,15720.5,53,0,15714.0772
4/13/2023 20:24,15720.5,15721,15719,15719,27,0,15714.0952
4/13/2023 20:25,15719.75,15721.5,15719.75,15721.25,41,0,15714.12799
4/13/2023 20:26,15721.5,15725.75,15721.5,15722,169,0,15714.3041
4/13/2023 20:27,15722,15723.5,15721.75,15722.25,45,0,15714.34679
4/13/2023 20:28,15722.25,15723.75,15721.5,15722.75,31,0,15714.37654
4/13/2023 20:29,15723.5,15726.5,15723.5,15725.75,113,0,15714.51643
4/13/2023 20:30,15725.75,15727,15723.75,15725.5,81,0,15714.61604
4/13/2023 20:31,15725.5,15726.25,15724.5,15726,39,0,15714.66408
4/13/2023 20:32,15726.25,15729.25,15726.25,15726.25,114,0,15714.8232
4/13/2023 20:33,15726.5,15728.75,15726.5,15728,133,0,15715.0111
4/13/2023 20:34,15728,15730.75,15728,15729,129,0,15715.20906
4/13/2023 20:35,15729.25,15730.25,15728.25,15729.5,96,0,15715.35369
4/13/2023 20:36,15729.75,15730.25,15728,15729.5,71,0,15715.45814
4/13/2023 20:37,15730.25,15732.75,15730.25,15732.25,108,0,15715.64231
4/13/2023 20:38,15732.5,15736.25,15731.75,15735,244,0,15716.10777
4/13/2023 20:39,15735,15736.5,15734.5,15735.25,100,0,15716.30285
4/13/2023 20:40,15735,15735.5,15734,15735.5,89,0,15716.46947
4/13/2023 20:41,15735.25,15738.75,15734.75,15736.75,122,0,15716.71422
4/13/2023 20:42,15736.25,15737.5,15735,15737.25,96,0,15716.90114
4/13/2023 20:43,15737.25,15737.25,15735.5,15735.5,42,0,15716.97976
4/13/2023 20:44,15736.25,15737.5,15735.25,15737.5,105,0,15717.18029
4/13/2023 20:45,15737.25,15740,15737.25,15740,132,0,15717.45606
4/13/2023 20:46,15739.75,15740,15735.75,15737.5,122,0,15717.6895
4/13/2023 20:47,15737.5,15738,15735.5,15735.5,69,0,15717.81001
4/13/2023 20:48,15735.5,15736,15734.5,15734.5,86,0,15717.94739
4/13/2023 20:49,15734.5,15736.25,15734,15736.25,53,0,15718.03341
4/13/2023 20:50,15736.25,15737,15734.75,15736.75,41,0,15718.1019
4/13/2023 20:51,15737,15737.5,15735,15736,56,0,15718.19462
4/13/2023 20:52,15736.25,15736.25,15734.25,15734.75,55,0,15718.27933
4/13/2023 20:53,15735,15735.5,15734.75,15734.75,32,0,15718.32798
4/13/2023 20:54,15734.25,15735.5,15733.25,15733.75,48,0,15718.3968
4/13/2023 20:55,15733.75,15734.5,15733.25,15734.5,48,0,15718.46467
4/13/2023 20:56,15734.75,15737,15734.75,15735.5,75,0,15718.58074
4/13/2023 20:57,15735,15735.25,15733.75,15734.75,53,0,15718.65632
4/13/2023 20:58,15734.5,15734.5,15730.75,15732.25,71,0,15718.74336
4/13/2023 20:59,15732.5,15732.5,15730.5,15731.75,68,0,15718.82021
4/13/2023 21:00,15731.75,15732,15730.25,15731.75,33,0,15718.85645
4/13/2023 21:01,15732,15732,15730.75,15731.25,53,0,15718.91422
4/13/2023 21:02,15731.5,15732,15730.25,15731.25,90,0,15719.0098
4/13/2023 21:03,15731.75,15731.75,15730.25,15730.75,29,0,15719.03966
4/13/2023 21:04,15730.75,15730.75,15728.75,15729.25,103,0,15719.13272
4/13/2023 21:05,15729,15730.75,15729,15730.75,33,0,15719.16384
4/13/2023 21:06,15731,15731.5,15729.75,15729.75,39,0,15719.20094
4/13/2023 21:07,15729.25,15729.5,15727.75,15728.75,71,0,15719.25784
4/13/2023 21:08,15729,15729,15727.75,15727.75,36,0,15719.28491
4/13/2023 21:09,15727.75,15728.5,15726.25,15726.5,76,0,15719.33461
4/13/2023 21:10,15727,15727.5,15726.25,15727,52,0,15719.36753
4/13/2023 21:11,15727.5,15729.75,15727.25,15727.25,91,0,15719.43326
4/13/2023 21:12,15726.75,15727.5,15725.25,15726.25,75,0,15719.47588
4/13/2023 21:13,15726.5,15726.75,15725.5,15726.25,25,0,15719.48963
4/13/2023 21:14,15725.75,15726,15724.25,15725,70,0,15719.52163
4/13/2023 21:15,15725.5,15727,15725.5,15727,31,0,15719.53926
4/13/2023 21:16,15727.25,15729,15726.25,15726.25,100,0,15719.60093
4/13/2023 21:17,15726.25,15727.75,15726,15726.75,49,0,15719.62947
4/13/2023 21:18,15727.25,15730.25,15726.25,15729.5,105,0,15719.70525
4/13/2023 21:19,15729.75,15731.25,15728,15728.5,110,0,15719.78837
4/13/2023 21:20,15728.25,15729.75,15727.75,15729.25,38,0,15719.81575
4/13/2023 21:21,15728.75,15730.5,15728.5,15729.5,45,0,15719.85002
4/13/2023 21:22,15730,15731,15729.5,15730.25,49,0,15719.88994
4/13/2023 21:23,15730.75,15731.5,15729.25,15729.25,29,0,15719.91286
4/13/2023 21:24,15729.5,15730.5,15728.75,15729.5,36,0,15719.94
4/13/2023 21:25,15728.75,15729,15728.25,15728.5,19,0,15719.95278
4/13/2023 21:26,15728,15728.5,15726.5,15727.5,34,0,15719.9727
4/13/2023 21:27,15727.5,15728.25,15726.75,15727,36,0,15719.99321
4/13/2023 21:28,15727,15728.25,15723.75,15726.25,191,0,15720.08195
4/13/2023 21:29,15726.5,15726.5,15724.75,15725.5,46,0,15720.10118
4/13/2023 21:30,15724.75,15724.75,15723,15724,48,0,15720.11506
4/13/2023 21:31,15724,15725.25,15723.25,15725,53,0,15720.13259
4/13/2023 21:32,15725.25,15726.75,15725,15725.5,29,0,15720.14485
4/13/2023 21:33,15726,15726,15724.75,15724.75,17,0,15720.15127
4/13/2023 21:34,15724.75,15726,15724.75,15725,46,0,15720.16884
4/13/2023 21:35,15725.75,15725.75,15723.5,15724.75,29,0,15720.17859
4/13/2023 21:36,15725,15725,15723.25,15724,32,0,15720.18791
4/13/2023 21:37,15723.75,15725.25,15723.5,15723.75,37,0,15720.19886
4/13/2023 21:38,15723.5,15724.5,15722.75,15724,29,0,15720.2065
4/13/2023 21:39,15724.25,15726.5,15723.5,15723.5,72,0,15720.22932
4/13/2023 21:40,15724,15724.25,15722.75,15724,23,0,15720.23514
4/13/2023 21:41,15724,15724.25,15721,15721.75,78,0,15720.24714
4/13/2023 21:42,15722,15723,15716.75,15718.25,157,0,15720.23674
4/13/2023 21:43,15718.25,15720.25,15716.5,15717.75,103,0,15720.22141
4/13/2023 21:44,15717.75,15718.75,15717.25,15717.75,64,0,15720.21086
4/13/2023 21:45,15717.5,15718.75,15717.25,15718.75,38,0,15720.20554
4/13/2023 21:46,15717.75,15718.25,15716.5,15717.5,64,0,15720.19286
4/13/2023 21:47,15718,15718.25,15714.75,15715.5,87,0,15720.16812
4/13/2023 21:48,15715.5,15717.5,15715.5,15716.25,49,0,15720.15518
4/13/2023 21:49,15716,15717.5,15715.75,15717.25,49,0,15720.14377
4/13/2023 21:50,15717.25,15720,15717.25,15719.5,160,0,15720.13015
4/13/2023 21:51,15719.75,15722.25,15717.75,15721.25,143,0,15720.13297
4/13/2023 21:52,15721,15722.5,15720.75,15720.75,46,0,15720.13675
4/13/2023 21:53,15721,15721.5,15719.75,15720,23,0,15720.13719
4/13/2023 21:54,15720.25,15721.75,15719.75,15721,32,0,15720.13871
4/13/2023 21:55,15720.75,15720.75,15718.75,15718.75,27,0,15720.13738
4/13/2023 21:56,15718.75,15719.75,15718,15719.25,35,0,15720.13467
4/13/2023 21:57,15719.75,15721.5,15719.25,15720.75,37,0,15720.13559
4/13/2023 21:58,15720.75,15722,15720.5,15721.5,32,0,15720.13818
4/13/2023 21:59,15720.5,15720.5,15719.75,15720.25,21,0,15720.13822
4/13/2023 22:00,15719.75,15722.25,15719.75,15721.75,43,0,15720.14144
4/13/2023 22:01,15721.5,15722.5,15719.75,15720.75,64,0,15720.14512
4/13/2023 22:02,15720.25,15720.75,15719.75,15720.25,19,0,15720.14525
4/13/2023 22:03,15721.25,15722.5,15721.25,15721.25,42,0,15720.14952
4/13/2023 22:04,15721.75,15723.75,15720.25,15723,52,0,15720.15707
4/13/2023 22:05,15723,15724.25,15721,15721.75,59,0,15720.16558
4/13/2023 22:06,15722,15724.25,15721,15723.75,52,0,15720.17531
4/13/2023 22:07,15724,15724.25,15721.25,15722.25,36,0,15720.18102
4/13/2023 22:08,15722.5,15723.5,15718.5,15720,135,0,15720.1853
4/13/2023 22:09,15720.25,15721.25,15719.5,15721,31,0,15720.1861
4/13/2023 22:10,15721,15723,15720,15721,74,0,15720.19161
4/13/2023 22:11,15721.25,15721.25,15720.25,15720.25,7,0,15720.19179
4/13/2023 22:12,15720.25,15720.75,15719.75,15720,18,0,15720.19176
4/13/2023 22:13,15720.5,15721,15718,15719.25,63,0,15720.18861
4/13/2023 22:14,15719.75,15720.75,15719.75,15720.5,20,0,15720.1888
4/13/2023 22:15,15720.5,15721.25,15719.5,15720.25,23,0,15720.18901
4/13/2023 22:16,15719.75,15721,15719.5,15719.5,13,0,15720.18885
4/13/2023 22:17,15720,15721.5,15720,15720.25,33,0,15720.18969
4/13/2023 22:18,15719.75,15720.5,15719.25,15720,25,0,15720.18925
4/13/2023 22:19,15720.25,15720.5,15718.5,15718.5,16,0,15720.1882
4/13/2023 22:20,15719.25,15719.5,15719.25,15719.5,5,0,15720.18796
4/13/2023 22:21,15719,15719.25,15718.5,15719,25,0,15720.18593
4/13/2023 22:22,15718.5,15719.25,15718.25,15719.25,20,0,15720.18431
4/13/2023 22:23,15719,15719.75,15717.75,15719.75,45,0,15720.18116
4/13/2023 22:24,15719.5,15719.5,15716.5,15716.75,59,0,15720.17146
4/13/2023 22:25,15717,15717.25,15716.25,15716.5,12,0,15720.1688
4/13/2023 22:26,15716.5,15718,15714,15717.25,112,0,15720.1424
4/13/2023 22:27,15717.5,15717.75,15716.5,15717.25,32,0,15720.13643
4/13/2023 22:28,15717.5,15717.75,15716,15716.75,32,0,15720.12981
4/13/2023 22:29,15717,15717.75,15716.75,15717.75,10,0,15720.12812
4/13/2023 22:30,15718,15718,15716.75,15717.5,21,0,15720.12456
4/13/2023 22:31,15717.5,15720,15717.25,15719.75,101,0,15720.11751
4/13/2023 22:32,15719.5,15719.5,15718,15718.5,45,0,15720.11347
4/13/2023 22:33,15718.25,15720,15717.25,15720,45,0,15720.11061
4/13/2023 22:34,15720.25,15721.75,15720.25,15720.75,45,0,15720.11284
4/13/2023 22:35,15721.25,15721.25,15720,15721,10,0,15720.11323
4/13/2023 22:36,15720.5,15720.5,15718.25,15719.25,43,0,15720.11118
4/13/2023 22:37,15719,15720.75,15718.5,15718.5,57,0,15720.10818
4/13/2023 22:38,15718.25,15718.25,15717.5,15717.5,22,0,15720.10501
4/13/2023 22:39,15717.5,15718,15717.5,15717.5,16,0,15720.10263
4/13/2023 22:40,15718,15718.75,15717,15718.75,19,0,15720.10039
4/13/2023 22:41,15718.75,15718.75,15718,15718,10,0,15720.09926
4/13/2023 22:42,15719,15719.75,15719,15719.25,14,0,15720.09861
4/13/2023 22:43,15719.75,15720,15719.5,15720,13,0,15720.0984
4/13/2023 22:44,15720,15720.25,15719,15719.5,17,0,15720.09787
4/13/2023 22:45,15720,15720,15719.5,15719.5,6,0,15720.09771
4/13/2023 22:46,15720,15720,15719,15719.25,11,0,15720.09726
4/13/2023 22:47,15718.75,15720.5,15718.75,15718.75,29,0,15720.09592
4/13/2023 22:48,15719.25,15719.25,15717.75,15718,27,0,15720.09304
4/13/2023 22:49,15717.75,15718.5,15717.5,15718.25,16,0,15720.0911
4/13/2023 22:50,15718.75,15719,15718.25,15719,7,0,15720.09053
4/13/2023 22:51,15719.25,15719.25,15717.75,15718.75,12,0,15720.08944
4/13/2023 22:52,15719.25,15719.75,15718.75,15718.75,14,0,15720.08859
4/13/2023 22:53,15718.75,15718.75,15716.5,15717,36,0,15720.08281
4/13/2023 22:54,15717,15717.25,15716.5,15717.25,17,0,15720.07966
4/13/2023 22:55,15717.5,15717.5,15715.75,15716.75,27,0,15720.07413
4/13/2023 22:56,15716.5,15717.25,15716,15716.5,14,0,15720.0712
4/13/2023 22:57,15716.5,15717,15715.75,15716.5,21,0,15720.06661
4/13/2023 22:58,15716.75,15717.5,15715.75,15717.25,25,0,15720.06178
4/13/2023 22:59,15716,15716.25,15715.5,15716,11,0,15720.05905
4/13/2023 23:00,15715.5,15716.75,15714.75,15715.5,45,0,15720.04728
4/13/2023 23:01,15715.75,15717.75,15714,15717,163,0,15720.01077
4/13/2023 23:02,15716.75,15717.25,15714,15715,120,0,15719.97847
4/13/2023 23:03,15715,15716,15714.75,15715.75,23,0,15719.97245
4/13/2023 23:04,15715.5,15716.75,15715.5,15716.5,20,0,15719.9681
4/13/2023 23:05,15716.5,15717.25,15716.25,15716.75,33,0,15719.9619
4/13/2023 23:06,15716.75,15716.75,15716.25,15716.75,22,0,15719.95757
4/13/2023 23:07,15716.25,15717.25,15716,15716,8,0,15719.95592
4/13/2023 23:08,15716.5,15717,15716.25,15717,11,0,15719.95387
4/13/2023 23:09,15717.5,15717.75,15716.5,15716.5,36,0,15719.94752
4/13/2023 23:10,15715.75,15716.75,15715.5,15715.75,22,0,15719.94249
4/13/2023 23:11,15715.5,15715.75,15714.75,15715.25,27,0,15719.93515
4/13/2023 23:12,15715.5,15715.5,15714.5,15715.5,27,0,15719.92771
4/13/2023 23:13,15715.25,15715.25,15713,15714.25,62,0,15719.90714
4/13/2023 23:14,15714.5,15716.5,15714.5,15716,45,0,15719.89618
4/13/2023 23:15,15715.75,15716.5,15715.75,15716.5,25,0,15719.89095
4/13/2023 23:16,15716.25,15717.5,15716.25,15716.75,22,0,15719.88709
4/13/2023 23:17,15717.25,15718.25,15717,15717.5,37,0,15719.88222
4/13/2023 23:18,15718.25,15718.25,15717,15717.5,33,0,15719.87789
4/13/2023 23:19,15717.75,15718.25,15717.75,15718,18,0,15719.87596
4/13/2023 23:20,15718.5,15718.5,15717.75,15718,16,0,15719.87433
4/13/2023 23:21,15717.5,15718.25,15717.25,15717.25,18,0,15719.87198
4/13/2023 23:22,15717.25,15717.5,15716.5,15717,26,0,15719.86774
4/13/2023 23:23,15717.5,15717.5,15714.75,15714.75,36,0,15719.85917
4/13/2023 23:24,15714.75,15718,15714.75,15716.5,35,0,15719.85235
4/13/2023 23:25,15717,15717.25,15717,15717.25,6,0,15719.85144
4/13/2023 23:26,15716.25,15716.25,15715.75,15715.75,9,0,15719.84944
4/13/2023 23:27,15715.75,15716.5,15715.75,15716.25,8,0,15719.84777
4/13/2023 23:28,15716.25,15718.25,15716.25,15717.75,17,0,15719.84544
4/13/2023 23:29,15717.5,15719,15717.25,15718.5,23,0,15719.84337
4/13/2023 23:30,15718,15718.5,15717.25,15718.5,25,0,15719.84089
4/13/2023 23:31,15718,15720.25,15717.5,15720.25,46,0,15719.83958
4/13/2023 23:32,15720,15720.5,15718,15719.75,40,0,15719.83863
4/13/2023 23:33,15719.75,15720.75,15719.75,15720.5,33,0,15719.83955
4/13/2023 23:34,15720.75,15721.75,15720.25,15721.75,40,0,15719.84269
4/13/2023 23:35,15721.75,15723.5,15721,15723,70,0,15719.85303
4/13/2023 23:36,15723,15724.25,15722,15724.25,68,0,15719.86677
4/13/2023 23:37,15724.25,15726.75,15723.25,15726.5,117,0,15719.90303
4/13/2023 23:38,15726.75,15727.75,15726,15727,55,0,15719.92419
4/13/2023 23:39,15727.25,15727.25,15726,15726.25,28,0,15719.93428
4/13/2023 23:40,15726.25,15726.25,15725.25,15725.5,26,0,15719.94243
4/13/2023 23:41,15725,15726.25,15725,15725,60,0,15719.96033
4/13/2023 23:42,15725.25,15725.75,15724.75,15725,32,0,15719.9694
4/13/2023 23:43,15725.25,15725.75,15725,15725,30,0,15719.97801
4/13/2023 23:44,15725.25,15726.5,15724.75,15726.25,37,0,15719.98975
4/13/2023 23:45,15726.25,15727.75,15726.25,15727.75,44,0,15720.00703
4/13/2023 23:46,15727.75,15728.75,15727.5,15728,72,0,15720.03836
4/13/2023 23:47,15727.5,15727.5,15726.75,15727,15,0,15720.04405
4/13/2023 23:48,15727.25,15727.25,15725.75,15726,33,0,15720.05521
4/13/2023 23:49,15726,15727.25,15725.25,15727,30,0,15720.06558
4/13/2023 23:50,15726.75,15727.5,15726.25,15727,22,0,15720.07366
4/13/2023 23:51,15727.25,15727.5,15726.25,15726.5,31,0,15720.08473
4/13/2023 23:52,15726.5,15727.75,15726.25,15727,28,0,15720.09508
4/13/2023 23:53,15726.75,15727,15726.5,15726.75,16,0,15720.10076
4/13/2023 23:54,15726.75,15728.25,15726,15726,40,0,15720.11493
4/13/2023 23:55,15726,15726,15724.25,15724.75,95,0,15720.13952
4/13/2023 23:56,15724.5,15725.75,15724,15725,46,0,15720.15114
4/13/2023 23:57,15725,15725.5,15724.25,15725.5,12,0,15720.15427
4/13/2023 23:58,15725.5,15725.75,15724,15724.5,17,0,15720.15839
4/13/2023 23:59,15724.5,15724.5,15722.5,15723.25,33,0,15720.16406
4/14/2023 0:00,15723.5,15723.75,15722.75,15723,15,0,15720.16643
4/14/2023 0:01,15723.25,15724,15722.5,15723,53,0,15720.17478
4/14/2023 0:02,15722.75,15722.75,15722,15722.5,21,0,15720.17725
4/14/2023 0:03,15722.75,15723.5,15722,15723,34,0,15720.18198
4/14/2023 0:04,15722.25,15725.25,15722.25,15723.5,79,0,15720.19633
4/14/2023 0:05,15723.5,15723.5,15718.5,15719.5,184,0,15720.19922
4/14/2023 0:06,15719.5,15719.5,15718,15718.25,16,0,15720.19788
4/14/2023 0:07,15718.5,15720.75,15718.5,15720.5,35,0,15720.19737
4/14/2023 0:08,15720.5,15721,15720.5,15720.75,7,0,15720.19757
4/14/2023 0:09,15720.25,15721,15720,15720.5,11,0,15720.19775
4/14/2023 0:10,15720.25,15720.25,15720.25,15720.25,4,0,15720.19776
4/14/2023 0:11,15720,15721.5,15720,15720.5,28,0,15720.19843
4/14/2023 0:12,15720.25,15721.5,15720.25,15721.25,14,0,15720.19901
4/14/2023 0:13,15721.75,15723,15721,15722.5,29,0,15720.20193
4/14/2023 0:14,15722.5,15722.5,15721.75,15721.75,9,0,15720.20276
4/14/2023 0:15,15721.75,15722.75,15721.75,15722.75,14,0,15720.20435
4/14/2023 0:16,15722,15722.25,15721.5,15722.25,14,0,15720.20563
4/14/2023 0:17,15722.5,15723.25,15722.5,15723,12,0,15720.2073
4/14/2023 0:18,15723.25,15723.25,15722.5,15723.25,14,0,15720.2093
4/14/2023 0:19,15723.5,15725,15723.5,15724.25,27,0,15720.21486
4/14/2023 0:20,15724.75,15725.5,15724,15724.5,53,0,15720.22687
4/14/2023 0:21,15724.25,15725.5,15723.75,15725,25,0,15720.23262
4/14/2023 0:22,15724.75,15726,15724.75,15724.75,67,0,15720.24936
4/14/2023 0:23,15725,15725.5,15723.75,15725.25,20,0,15720.254
4/14/2023 0:24,15725.25,15725.5,15723.25,15723.75,43,0,15720.2625
4/14/2023 0:25,15723.75,15724,15723,15723.5,12,0,15720.26446
4/14/2023 0:26,15723.25,15723.25,15722.25,15722.75,16,0,15720.26646
4/14/2023 0:27,15722.75,15723,15721.5,15723,21,0,15720.26882
4/14/2023 0:28,15722.75,15722.75,15721.25,15722,13,0,15720.26996
4/14/2023 0:29,15722,15723,15721.75,15722,16,0,15720.27155
4/14/2023 0:30,15722.75,15723,15721.75,15723,36,0,15720.27573
4/14/2023 0:31,15723,15723.25,15722.25,15722.75,26,0,15720.27895
4/14/2023 0:32,15723.25,15724,15723,15723.25,27,0,15720.2832
4/14/2023 0:33,15723.5,15723.75,15722.5,15722.5,16,0,15720.2853
4/14/2023 0:34,15722.5,15722.75,15721.5,15721.5,16,0,15720.28661
4/14/2023 0:35,15721.5,15722.25,15721.5,15721.5,7,0,15720.28712
4/14/2023 0:36,15721,15721,15719.75,15720,44,0,15720.28704
4/14/2023 0:37,15720,15721.5,15720,15721.5,11,0,15720.28743
4/14/2023 0:38,15721.5,15721.5,15721,15721,7,0,15720.28774
4/14/2023 0:39,15721.5,15721.5,15721,15721.5,5,0,15720.288
4/14/2023 0:40,15721.5,15721.5,15721,15721.25,11,0,15720.28852
4/14/2023 0:41,15721,15721.25,15720.25,15720.25,22,0,15720.28885
4/14/2023 0:42,15720.5,15721.25,15720.5,15721.25,9,0,15720.28917
4/14/2023 0:43,15721.25,15721.25,15720.75,15720.75,13,0,15720.28957
4/14/2023 0:44,15720.25,15720.25,15720,15720,10,0,15720.28947
4/14/2023 0:45,15719.75,15720.5,15719.25,15720.5,24,0,15720.28922
4/14/2023 0:46,15720.25,15720.25,15719,15719.5,18,0,15720.28859
4/14/2023 0:47,15719.75,15720,15719.25,15720,15,0,15720.28819
4/14/2023 0:48,15719.75,15720.5,15719.5,15720.5,14,0,15720.28811
4/14/2023 0:49,15720.25,15721.25,15720,15721.25,31,0,15720.28894
4/14/2023 0:50,15721.25,15722,15721.25,15721.5,18,0,15720.29009
4/14/2023 0:51,15721.75,15723.25,15721.75,15722.5,38,0,15720.29423
4/14/2023 0:52,15722.25,15723.25,15722.25,15723,46,0,15720.29997
4/14/2023 0:53,15723,15724.5,15722.75,15724.25,79,0,15720.31364
4/14/2023 0:54,15724.5,15724.5,15723,15724,14,0,15720.31605
4/14/2023 0:55,15724,15724.25,15723.75,15723.75,5,0,15720.31693
4/14/2023 0:56,15723.5,15723.5,15722,15722.25,19,0,15720.31903
4/14/2023 0:57,15722,15723.25,15722,15723,18,0,15720.32117
4/14/2023 0:58,15722.75,15722.75,15721.25,15721.75,18,0,15720.32257
4/14/2023 0:59,15721.75,15721.75,15719.75,15720.25,46,0,15720.32315
4/14/2023 1:00,15720.25,15720.25,15719.5,15719.5,10,0,15720.32287
4/14/2023 1:01,15719.5,15720.25,15718.25,15719.5,42,0,15720.32086
4/14/2023 1:02,15720,15720.25,15718,15719.25,37,0,15720.31879
4/14/2023 1:03,15719.5,15720.5,15719.25,15719.75,29,0,15720.31811
4/14/2023 1:04,15719.75,15720.25,15718,15720.25,49,0,15720.31617
4/14/2023 1:05,15719.75,15720,15717.75,15718.25,32,0,15720.31363
4/14/2023 1:06,15718,15718.75,15716.75,15718.5,48,0,15720.30828
4/14/2023 1:07,15718.5,15718.5,15717,15718,20,0,15720.30591
4/14/2023 1:08,15718.5,15719,15718,15718,35,0,15720.30259
4/14/2023 1:09,15718.5,15719.25,15718.25,15718.25,31,0,15720.30004
4/14/2023 1:10,15718,15718.75,15717.5,15717.5,31,0,15720.29651
4/14/2023 1:11,15717.5,15718.25,15717.5,15718,13,0,15720.29503
4/14/2023 1:12,15718.25,15719.25,15718,15718.25,39,0,15720.29169
4/14/2023 1:13,15718,15720,15717.75,15720,42,0,15720.28961
4/14/2023 1:14,15720.25,15722.25,15720,15722,82,0,15720.29399
4/14/2023 1:15,15722,15722.25,15721,15721.25,12,0,15720.29468
4/14/2023 1:16,15721,15721,15719.25,15719.25,31,0,15720.294
4/14/2023 1:17,15719.75,15720,15719.25,15719.5,8,0,15720.29373
4/14/2023 1:18,15719.75,15720.25,15718.5,15719.75,45,0,15720.29204
4/14/2023 1:19,15720.25,15721,15719.5,15720,26,0,15720.29189
4/14/2023 1:20,15719.5,15721,15719,15719.25,34,0,15720.29102
4/14/2023 1:21,15719.5,15720.75,15718.75,15719.75,44,0,15720.2899
4/14/2023 1:22,15720,15720,15719,15719.25,7,0,15720.28962
4/14/2023 1:23,15719,15721,15719,15720.5,31,0,15720.28944
4/14/2023 1:24,15721,15722.25,15721,15722,21,0,15720.29088
4/14/2023 1:25,15721.75,15721.75,15721,15721,15,0,15720.29155
4/14/2023 1:26,15721.25,15721.25,15719.25,15719.25,11,0,15720.29136
4/14/2023 1:27,15719.5,15720.5,15719,15720,23,0,15720.29086
4/14/2023 1:28,15720.25,15720.75,15719.5,15720,38,0,15720.2905
4/14/2023 1:29,15719.5,15719.75,15718.5,15719,39,0,15720.2883
4/14/2023 1:30,15718.5,15719.5,15718.5,15719.25,7,0,15720.28791
4/14/2023 1:31,15718.5,15719.75,15717.75,15719,58,0,15720.28399
4/14/2023 1:32,15719.25,15719.25,15717.5,15718,22,0,15720.28192
4/14/2023 1:33,15718.25,15719,15717.75,15717.75,28,0,15720.27917
4/14/2023 1:34,15718.25,15718.75,15718.25,15718.75,16,0,15720.27792
4/14/2023 1:35,15719.25,15719.75,15718.25,15719.5,18,0,15720.27699
4/14/2023 1:36,15719.75,15720,15719,15720,9,0,15720.27674
4/14/2023 1:37,15719.75,15719.75,15718.5,15719,12,0,15720.27608
4/14/2023 1:38,15719,15719,15718.25,15718.25,13,0,15720.27501
4/14/2023 1:39,15718.25,15719.5,15718.25,15719.25,7,0,15720.2746
4/14/2023 1:40,15719.25,15719.5,15718,15718,13,0,15720.27353
4/14/2023 1:41,15717.75,15718,15717,15717.25,33,0,15720.26919
4/14/2023 1:42,15717.5,15718.25,15717.25,15717.5,10,0,15720.26799
4/14/2023 1:43,15717,15717.25,15716.5,15717.25,24,0,15720.26439
4/14/2023 1:44,15717.75,15718,15717.25,15717.25,13,0,15720.26273
4/14/2023 1:45,15717.5,15718.25,15717,15717.5,42,0,15720.25757
4/14/2023 1:46,15717.5,15718.75,15717.5,15718.25,27,0,15720.25498
4/14/2023 1:47,15718.25,15719.25,15717.75,15718,19,0,15720.25331
4/14/2023 1:48,15718,15719,15718,15719,18,0,15720.25201
4/14/2023 1:49,15719,15719.5,15718.5,15718.75,43,0,15720.24938
4/14/2023 1:50,15718.5,15720.5,15718.5,15720.25,32,0,15720.24866
4/14/2023 1:51,15719.75,15720.25,15718.75,15719.75,28,0,15720.24781
4/14/2023 1:52,15719.75,15720,15718.75,15719.5,33,0,15720.24656
4/14/2023 1:53,15719.75,15720.75,15719.5,15720.5,15,0,15720.24656
4/14/2023 1:54,15720.25,15721.25,15720.25,15720.75,37,0,15720.24741
4/14/2023 1:55,15721,15721.5,15720.75,15721.25,19,0,15720.2482
4/14/2023 1:56,15721,15722,15720.25,15720.75,46,0,15720.24976
4/14/2023 1:57,15721.5,15721.5,15719.25,15719.25,54,0,15720.24915
4/14/2023 1:58,15719.5,15720.5,15719.5,15720.25,31,0,15720.24892
4/14/2023 1:59,15719.75,15720.75,15719.75,15719.75,21,0,15720.24877
4/14/2023 2:00,15720,15722,15719.75,15721.5,47,0,15720.25053
4/14/2023 2:01,15721.75,15722.5,15715.25,15716.75,269,0,15720.22565
4/14/2023 2:02,15716.75,15716.75,15711.5,15712.5,166,0,15720.17708
4/14/2023 2:03,15712.75,15714.25,15711.5,15712.5,88,0,15720.1484
4/14/2023 2:04,15713.25,15716,15712.75,15716,43,0,15720.13855
4/14/2023 2:05,15715.75,15716.25,15713,15713,52,0,15720.12479
4/14/2023 2:06,15713,15715,15712.25,15714.5,79,0,15720.10343
4/14/2023 2:07,15714,15714.5,15710.5,15711.25,72,0,15720.07836
4/14/2023 2:08,15711.5,15713.25,15711,15711,72,0,15720.05241
4/14/2023 2:09,15711.25,15716.75,15711,15716.75,110,0,15720.02768
4/14/2023 2:10,15716.75,15719,15715.75,15717.25,77,0,15720.01878
4/14/2023 2:11,15717.5,15718.75,15716.25,15718.75,39,0,15720.01526
4/14/2023 2:12,15718.25,15721,15718.25,15718.75,130,0,15720.01149
4/14/2023 2:13,15718.75,15720.5,15717.75,15718.25,52,0,15720.00888
4/14/2023 2:14,15717.75,15720.25,15717.75,15720,35,0,15720.00788
4/14/2023 2:15,15719.75,15721.25,15719.25,15719.75,61,0,15720.00807
4/14/2023 2:16,15719.75,15720,15718,15718,26,0,15720.0066
4/14/2023 2:17,15718.25,15721,15718.25,15720.25,31,0,15720.00637
4/14/2023 2:18,15720.5,15721.25,15720.5,15720.75,34,0,15720.00756
4/14/2023 2:19,15721.5,15722.75,15720.75,15722.5,61,0,15720.01267
4/14/2023 2:20,15722,15723,15721.5,15721.5,66,0,15720.01817
4/14/2023 2:21,15721.5,15723,15721.5,15722.25,34,0,15720.02135
4/14/2023 2:22,15722.25,15722.25,15720.25,15721.5,50,0,15720.0241
4/14/2023 2:23,15721.5,15722,15721,15722,19,0,15720.0254
4/14/2023 2:24,15722.75,15724.25,15722,15722.5,57,0,15720.03227
4/14/2023 2:25,15722.75,15723,15721.5,15722.5,43,0,15720.03639
4/14/2023 2:26,15722,15722.5,15721.5,15722.5,44,0,15720.04028
4/14/2023 2:27,15722,15722.25,15721.25,15722,32,0,15720.04266
4/14/2023 2:28,15722.5,15724,15722,15724,72,0,15720.05246
4/14/2023 2:29,15723.75,15724,15722.25,15723.25,25,0,15720.05568
4/14/2023 2:30,15723,15723,15720.5,15721.75,56,0,15720.05959
4/14/2023 2:31,15721.5,15722.5,15720.75,15722.5,41,0,15720.06272
4/14/2023 2:32,15722,15722.5,15721.5,15721.5,31,0,15720.06498
4/14/2023 2:33,15721.5,15721.5,15720.25,15721,11,0,15720.06536
4/14/2023 2:34,15720.75,15722.25,15720.5,15722.25,34,0,15720.0676
4/14/2023 2:35,15722.25,15722.5,15720,15721,22,0,15720.06859
4/14/2023 2:36,15722.5,15723.75,15722,15723.5,40,0,15720.07352
4/14/2023 2:37,15723.25,15724,15722,15723.5,55,0,15720.08047
4/14/2023 2:38,15724,15725.25,15723,15723.25,75,0,15720.09192
4/14/2023 2:39,15723.5,15724.75,15721.5,15721.5,52,0,15720.09718
4/14/2023 2:40,15722.5,15723.25,15721.25,15721.25,42,0,15720.10028
4/14/2023 2:41,15721.5,15722.75,15721.25,15722,31,0,15720.10267
4/14/2023 2:42,15721,15721,15718,15718.25,69,0,15720.09983
4/14/2023 2:43,15717.75,15719.75,15717.75,15719,55,0,15720.09702
4/14/2023 2:44,15719.5,15719.5,15718.25,15718.25,16,0,15720.0961
4/14/2023 2:45,15718.75,15719.5,15718.5,15719,13,0,15720.09552
4/14/2023 2:46,15718.75,15718.75,15713.5,15713.75,171,0,15720.06298
4/14/2023 2:47,15713.75,15715.75,15713,15713.75,58,0,15720.04934
4/14/2023 2:48,15714.25,15714.25,15711.5,15711.75,127,0,15720.0113
4/14/2023 2:49,15711.75,15713,15711.75,15712.25,39,0,15719.99944
4/14/2023 2:50,15712.75,15713,15709.75,15710.75,78,0,15719.97223
4/14/2023 2:51,15710.5,15713.25,15708.25,15712,171,0,15719.91316
4/14/2023 2:52,15712.5,15714.5,15711.75,15714,64,0,15719.89689
4/14/2023 2:53,15713.75,15715,15711.5,15712.25,62,0,15719.88
4/14/2023 2:54,15711.75,15714,15710.75,15713.25,44,0,15719.86763
4/14/2023 2:55,15713.25,15713.5,15713,15713.5,32,0,15719.85949
4/14/2023 2:56,15712.75,15714,15712.75,15713.25,24,0,15719.8534
4/14/2023 2:57,15713.25,15713.25,15712,15712,22,0,15719.84704
4/14/2023 2:58,15712,15712,15710.5,15712,37,0,15719.83506
4/14/2023 2:59,15711.75,15712.25,15711.25,15711.75,9,0,15719.83224
4/14/2023 3:00,15711.25,15712.75,15710.5,15711.5,31,0,15719.82234
4/14/2023 3:01,15711.5,15715.5,15709.75,15715.5,220,0,15719.76962
4/14/2023 3:02,15715.5,15716.25,15712.5,15713.5,100,0,15719.74786
4/14/2023 3:03,15714,15715.25,15712.25,15712.5,60,0,15719.73317
4/14/2023 3:04,15712.75,15715,15712.25,15713.25,76,0,15719.71514
4/14/2023 3:05,15714,15715,15709,15709.25,121,0,15719.67557
4/14/2023 3:06,15708.75,15708.75,15704,15704.75,282,0,15719.52924
4/14/2023 3:07,15705,15706.5,15703.75,15705,129,0,15719.45972
4/14/2023 3:08,15704.75,15708,15704.5,15707,126,0,15719.39908
4/14/2023 3:09,15707,15716.5,15706,15716.25,235,0,15719.34301
4/14/2023 3:10,15716.5,15717,15713,15713.25,216,0,15719.30415
4/14/2023 3:11,15714.25,15720.5,15714.25,15719.5,193,0,15719.2956
4/14/2023 3:12,15720,15720,15715.5,15718.25,100,0,15719.29062
4/14/2023 3:13,15718.25,15722,15718,15721.25,102,0,15719.29476
4/14/2023 3:14,15721.75,15726.75,15721.75,15726.75,283,0,15719.35314
4/14/2023 3:15,15727,15728.5,15723.25,15723.25,159,0,15719.38495
4/14/2023 3:16,15723.25,15723.5,15721.5,15723.25,121,0,15719.39932
4/14/2023 3:17,15724.5,15728.5,15724.5,15725,136,0,15719.43085
4/14/2023 3:18,15725.25,15730.5,15725,15726.25,168,0,15719.47671
4/14/2023 3:19,15726.75,15733.5,15726,15729.5,265,0,15719.57011
4/14/2023 3:20,15730.25,15733.25,15729.75,15731.25,111,0,15719.61543
4/14/2023 3:21,15731.25,15735.75,15730,15734.75,155,0,15719.68919
4/14/2023 3:22,15734.75,15736.25,15733,15733.75,185,0,15719.78147
4/14/2023 3:23,15734.5,15739.5,15733.75,15739.25,265,0,15719.93996
4/14/2023 3:24,15738.75,15742,15738.25,15739.25,289,0,15720.13215
4/14/2023 3:25,15739,15739,15733.25,15734.25,195,0,15720.23168
4/14/2023 3:26,15734,15735.25,15731.75,15732.5,159,0,15720.29963
4/14/2023 3:27,15732.5,15737,15732,15732.5,109,0,15720.34819
4/14/2023 3:28,15732.5,15734,15729.25,15733.75,207,0,15720.42931
4/14/2023 3:29,15734.5,15737.75,15734,15737.5,71,0,15720.46634
4/14/2023 3:30,15737.75,15737.75,15733.25,15733.75,114,0,15720.51988
4/14/2023 3:31,15733.25,15737,15733,15734.25,180,0,15720.60264
4/14/2023 3:32,15734,15735,15733.25,15735,44,0,15720.62225
4/14/2023 3:33,15735.5,15736.75,15733.75,15736.75,62,0,15720.65245
4/14/2023 3:34,15736.25,15739.5,15735.75,15739.25,118,0,15720.71875
4/14/2023 3:35,15738.75,15739.25,15736.5,15737.75,50,0,15720.74616
4/14/2023 3:36,15738,15739.5,15736.75,15736.75,63,0,15720.78023
4/14/2023 3:37,15736.5,15739,15735.75,15737.75,45,0,15720.80424
4/14/2023 3:38,15737.25,15739.5,15735.5,15738.5,98,0,15720.85734
4/14/2023 3:39,15739.25,15739.75,15735.5,15735.5,63,0,15720.88947
4/14/2023 3:40,15735.75,15736.25,15734.75,15734.75,57,0,15720.91541
4/14/2023 3:41,15734.75,15736.5,15732.75,15733.25,86,0,15720.95144
4/14/2023 3:42,15733.5,15737.25,15732.75,15736.75,101,0,15720.998
4/14/2023 3:43,15736.25,15737,15735,15735.75,70,0,15721.03084
4/14/2023 3:44,15736,15736,15733,15735.25,56,0,15721.05495
4/14/2023 3:45,15735.25,15736.5,15733.5,15734.25,45,0,15721.07427
4/14/2023 3:46,15734.25,15734.25,15730.75,15732.75,83,0,15721.10413
4/14/2023 3:47,15732.75,15732.75,15728.75,15729.25,157,0,15721.14879
4/14/2023 3:48,15729.75,15731.25,15726.75,15729.25,115,0,15721.17708
4/14/2023 3:49,15729,15730.75,15727.5,15730.5,77,0,15721.19709
4/14/2023 3:50,15730.25,15735,15729.5,15732.75,147,0,15721.24786
4/14/2023 3:51,15731.75,15732.75,15729.75,15731.25,71,0,15721.26967
4/14/2023 3:52,15730.75,15734.5,15730.75,15734.25,88,0,15721.30174
4/14/2023 3:53,15734.25,15735,15732.25,15734,95,0,15721.33786
4/14/2023 3:54,15734.5,15735.75,15732.75,15735.75,80,0,15721.37056
4/14/2023 3:55,15735.75,15737.75,15734.75,15735.5,98,0,15721.41411
4/14/2023 3:56,15735.5,15735.5,15733.5,15734,48,0,15721.43292
4/14/2023 3:57,15734,15734.5,15733.5,15734.5,58,0,15721.45529
4/14/2023 3:58,15734,15734,15731.75,15732,55,0,15721.47379
4/14/2023 3:59,15732.75,15733.5,15732,15733.25,40,0,15721.48761
4/14/2023 4:00,15732.75,15734.25,15732.25,15732.75,42,0,15721.50229
4/14/2023 4:01,15732.75,15735.25,15731.75,15734,139,0,15721.55307
4/14/2023 4:02,15733.75,15736.25,15732.75,15733.5,124,0,15721.59987
4/14/2023 4:03,15733.5,15734,15732.25,15732.25,67,0,15721.62234
4/14/2023 4:04,15732.25,15732.5,15729,15729,113,0,15721.65107
4/14/2023 4:05,15729,15729,15726.75,15728.5,143,0,15721.67833
4/14/2023 4:06,15727.75,15727.75,15725,15725.5,136,0,15721.69601
4/14/2023 4:07,15725.25,15725.25,15719.75,15721.75,287,0,15721.70066
4/14/2023 4:08,15721.5,15722,15719.75,15721,143,0,15721.69739
4/14/2023 4:09,15720.75,15724,15720.75,15722.5,167,0,15721.70088
4/14/2023 4:10,15722.25,15723,15720.75,15722,93,0,15721.70146
4/14/2023 4:11,15722.75,15722.75,15718.75,15719.25,101,0,15721.69723
4/14/2023 4:12,15719.5,15719.75,15717.25,15718.25,151,0,15721.68301
4/14/2023 4:13,15717.75,15717.75,15714.75,15716.75,192,0,15721.65413
4/14/2023 4:14,15717.25,15717.25,15713.75,15714,98,0,15721.63556
4/14/2023 4:15,15713.75,15715,15712.75,15713.5,134,0,15721.60558
4/14/2023 4:16,15713.75,15715.25,15712.25,15712.5,132,0,15721.57472
4/14/2023 4:17,15712.5,15713.75,15707.75,15710.5,251,0,15721.49788
4/14/2023 4:18,15710,15712.75,15709.25,15710.25,122,0,15721.46121
4/14/2023 4:19,15710,15714.75,15708.25,15714.25,132,0,15721.42794
4/14/2023 4:20,15714.5,15715.75,15710.25,15711,82,0,15721.4072
4/14/2023 4:21,15710.75,15714.25,15709.25,15713.25,112,0,15721.37878
4/14/2023 4:22,15713,15714.25,15712.5,15713,76,0,15721.36169
4/14/2023 4:23,15713.5,15714,15709.25,15710,119,0,15721.32797
4/14/2023 4:24,15710.25,15712.75,15708,15708.75,99,0,15721.29669
4/14/2023 4:25,15709,15711.75,15708.75,15711,139,0,15721.25559
4/14/2023 4:26,15711,15711,15709.5,15710.5,84,0,15721.23052
4/14/2023 4:27,15710.5,15710.5,15705.25,15706.25,162,0,15721.16927
4/14/2023 4:28,15706.5,15711.5,15706,15711,232,0,15721.09608
4/14/2023 4:29,15710.5,15711.75,15709.25,15711,115,0,15721.06376
4/14/2023 4:30,15710.75,15711.5,15708,15708.25,80,0,15721.03835
4/14/2023 4:31,15708.25,15709.75,15707,15707.75,85,0,15721.00899
4/14/2023 4:32,15708.25,15710,15707.5,15708.25,73,0,15720.9847
4/14/2023 4:33,15708,15708.25,15706.25,15706.75,105,0,15720.94572
4/14/2023 4:34,15706.25,15707.5,15705,15706,57,0,15720.92326
4/14/2023 4:35,15706,15707.25,15706,15706.25,70,0,15720.89639
4/14/2023 4:36,15706.25,15707.75,15705.5,15707.75,75,0,15720.86871
4/14/2023 4:37,15707.25,15709.25,15707,15708.75,61,0,15720.84844
4/14/2023 4:38,15708.5,15710.75,15707.5,15709.25,116,0,15720.81261
4/14/2023 4:39,15709.5,15710.5,15708.75,15710,52,0,15720.79743
4/14/2023 4:40,15710.25,15711,15708.75,15709,55,0,15720.78117
4/14/2023 4:41,15708.75,15709.75,15708,15709.25,25,0,15720.77341
4/14/2023 4:42,15708.75,15709,15707.25,15707.5,95,0,15720.74132
4/14/2023 4:43,15708,15709.25,15708,15709.25,26,0,15720.73318
4/14/2023 4:44,15709,15711.25,15709,15709.5,83,0,15720.70966
4/14/2023 4:45,15709.5,15711,15708.5,15710.75,43,0,15720.6977
4/14/2023 4:46,15710.5,15710.75,15703.75,15706.75,230,0,15720.61624
4/14/2023 4:47,15707.25,15709,15706.25,15708.5,59,0,15720.59677
4/14/2023 4:48,15708.75,15709,15706.75,15706.75,43,0,15720.58216
4/14/2023 4:49,15706.25,15707,15705.25,15706.75,54,0,15720.56222
4/14/2023 4:50,15706.75,15708.75,15706.75,15707.5,41,0,15720.54854
4/14/2023 4:51,15707.75,15709.5,15706.75,15709.5,39,0,15720.53647
4/14/2023 4:52,15709.25,15710,15707.25,15707.75,34,0,15720.52575
4/14/2023 4:53,15707.75,15707.75,15706,15706.75,48,0,15720.50879
4/14/2023 4:54,15706.25,15706.25,15704.25,15706,95,0,15720.47209
4/14/2023 4:55,15706.25,15709.75,15706,15708.5,88,0,15720.44409
4/14/2023 4:56,15708,15708.5,15705.75,15708.25,64,0,15720.42285
4/14/2023 4:57,15707.75,15708.25,15706,15708,103,0,15720.38859
4/14/2023 4:58,15707.25,15707.25,15706.5,15707.25,23,0,15720.38072
4/14/2023 4:59,15706.75,15707.75,15706.75,15707.25,22,0,15720.37335
4/14/2023 5:00,15706.75,15707.5,15706.25,15706.5,27,0,15720.36396
4/14/2023 5:01,15706.25,15706.5,15702.75,15703.5,137,0,15720.3078
4/14/2023 5:02,15703.25,15704.5,15698,15701,443,0,15720.09452
4/14/2023 5:03,15700.75,15701.5,15698.5,15700.75,99,0,15720.04523
4/14/2023 5:04,15700.75,15702.25,15699.5,15700.25,81,0,15720.00592
4/14/2023 5:05,15700.25,15700.25,15698.5,15699.25,131,0,15719.93834
4/14/2023 5:06,15699,15701.75,15698.75,15701,130,0,15719.87547
4/14/2023 5:07,15701,15704.75,15701,15703.75,156,0,15719.81088
4/14/2023 5:08,15703.25,15703.5,15699.5,15699.75,81,0,15719.77303
4/14/2023 5:09,15700.5,15700.5,15695.5,15698.75,241,0,15719.64551
4/14/2023 5:10,15698.5,15698.75,15696.5,15696.5,57,0,15719.61417
4/14/2023 5:11,15696.25,15698.25,15695.75,15698.25,100,0,15719.55981
4/14/2023 5:12,15697.75,15698.75,15696.75,15698.75,62,0,15719.52725
4/14/2023 5:13,15699,15699,15697,15698,52,0,15719.49991
4/14/2023 5:14,15698.5,15700,15697.25,15698.25,75,0,15719.46152
4/14/2023 5:15,15697.75,15699,15697.25,15699,56,0,15719.43283
4/14/2023 5:16,15698.75,15701.5,15697,15700,153,0,15719.35886
4/14/2023 5:17,15700,15702,15699.75,15701.75,59,0,15719.33287
4/14/2023 5:18,15702,15704.75,15701.5,15704.25,91,0,15719.29805
4/14/2023 5:19,15704,15705,15703.5,15704.5,89,0,15719.26593
4/14/2023 5:20,15705,15706,15703,15705.5,120,0,15719.22429
4/14/2023 5:21,15705.25,15710,15705.25,15706.5,268,0,15719.14762
4/14/2023 5:22,15706.5,15708.25,15706.5,15707.25,37,0,15719.13719
4/14/2023 5:23,15706.75,15708,15706.5,15707.5,61,0,15719.12003
4/14/2023 5:24,15707.5,15707.5,15706,15706.75,43,0,15719.10736
4/14/2023 5:25,15707.25,15708.25,15705,15706,169,0,15719.0565
4/14/2023 5:26,15706,15706.25,15704,15704,54,0,15719.0382
4/14/2023 5:27,15704,15704,15700.5,15700.5,120,0,15718.98897
4/14/2023 5:28,15700.5,15702,15699.75,15701.75,91,0,15718.95075
4/14/2023 5:29,15701.25,15701.75,15699.75,15701.75,71,0,15718.9209
4/14/2023 5:30,15701.25,15702.5,15701,15702,38,0,15718.90564
4/14/2023 5:31,15701.5,15701.5,15699,15699.75,101,0,15718.86106
4/14/2023 5:32,15700.25,15700.75,15696.25,15697,175,0,15718.7758
4/14/2023 5:33,15697.25,15701.25,15695.75,15700.75,159,0,15718.70356
4/14/2023 5:34,15700.25,15701.75,15699.5,15701.75,47,0,15718.68422
4/14/2023 5:35,15701.25,15702,15700,15701,41,0,15718.66738
4/14/2023 5:36,15700.5,15700.75,15699.25,15700.25,39,0,15718.65057
4/14/2023 5:37,15700,15701,15699,15700,64,0,15718.62292
4/14/2023 5:38,15699.75,15700.25,15696.25,15697,108,0,15718.57104
4/14/2023 5:39,15696.75,15698.25,15695.5,15698.25,121,0,15718.51182
4/14/2023 5:40,15698,15701.25,15697.75,15700.5,82,0,15718.47659
4/14/2023 5:41,15700,15702,15699.75,15700.75,121,0,15718.42763
4/14/2023 5:42,15700.5,15702.5,15700.5,15702.5,53,0,15718.40748
4/14/2023 5:43,15702.25,15705.25,15702.25,15703.75,141,0,15718.36029
4/14/2023 5:44,15703.5,15704,15702,15702.75,85,0,15718.33037
4/14/2023 5:45,15703.25,15703.5,15700,15700.5,114,0,15718.28633
4/14/2023 5:46,15700.25,15700.25,15698,15698.25,80,0,15718.25102
4/14/2023 5:47,15698.25,15700.25,15697.75,15698.5,51,0,15718.22858
4/14/2023 5:48,15698,15698,15696,15697.25,88,0,15718.18649
4/14/2023 5:49,15696.75,15697,15691.75,15694.5,399,0,15717.97389
4/14/2023 5:50,15695,15695.5,15691.25,15693.25,102,0,15717.91768
4/14/2023 5:51,15693.5,15696.5,15691.25,15695.75,119,0,15717.85552
4/14/2023 5:52,15696,15696.75,15694.5,15694.5,80,0,15717.81526
4/14/2023 5:53,15694.25,15698,15694.25,15696.75,83,0,15717.77563
4/14/2023 5:54,15697.25,15698.75,15696.75,15697.5,97,0,15717.73237
4/14/2023 5:55,15697,15699,15696.25,15697,122,0,15717.67755
4/14/2023 5:56,15697.75,15699,15694.5,15697.5,299,0,15717.54171
4/14/2023 5:57,15697.25,15697.5,15692.25,15692.5,141,0,15717.46926
4/14/2023 5:58,15692.25,15695,15687.5,15689,389,0,15717.24141
4/14/2023 5:59,15688.75,15692.75,15685.75,15690.75,244,0,15717.09649
4/14/2023 6:00,15691,15693.25,15690,15692.5,58,0,15717.06498
4/14/2023 6:01,15693,15693.75,15687,15690.5,443,0,15716.81266
4/14/2023 6:02,15690.25,15694,15689.5,15692.5,223,0,15716.69496
4/14/2023 6:03,15692.25,15692.25,15689.75,15690.5,181,0,15716.59577
4/14/2023 6:04,15690.75,15694.5,15690.75,15691.75,134,0,15716.52708
4/14/2023 6:05,15692.25,15692.5,15689.5,15690,68,0,15716.48997
4/14/2023 6:06,15690.5,15693.25,15690,15692.75,87,0,15716.4451
4/14/2023 6:07,15692.75,15692.75,15690.5,15692,63,0,15716.41238
4/14/2023 6:08,15691.75,15692,15690.75,15690.75,30,0,15716.39646
4/14/2023 6:09,15690.5,15693.25,15690,15693.25,99,0,15716.34614
4/14/2023 6:10,15693.5,15695.25,15692,15693,141,0,15716.27852
4/14/2023 6:11,15693,15693.25,15689.75,15691,120,0,15716.21607
4/14/2023 6:12,15691,15692,15690,15690,112,0,15716.15651
4/14/2023 6:13,15690,15690,15687.75,15688.25,117,0,15716.08974
4/14/2023 6:14,15687.75,15688,15681.25,15683.75,457,0,15715.79124
4/14/2023 6:15,15684,15684,15680,15682,162,0,15715.67903
4/14/2023 6:16,15682.25,15683.5,15682,15683,90,0,15715.61854
4/14/2023 6:17,15682.5,15684.25,15679,15679.25,202,0,15715.47536
4/14/2023 6:18,15678.75,15680.5,15675.5,15676.25,320,0,15715.22879
4/14/2023 6:19,15676.5,15678,15674,15677.5,390,0,15714.9254
4/14/2023 6:20,15678,15679.5,15676.25,15679,149,0,15714.81596
4/14/2023 6:21,15679.5,15680.25,15676.75,15678.75,109,0,15714.73704
4/14/2023 6:22,15678.25,15682.25,15677.25,15682.25,164,0,15714.62547
4/14/2023 6:23,15681.75,15685.5,15681.75,15684,328,0,15714.42507
4/14/2023 6:24,15684.25,15685,15682.5,15684.25,120,0,15714.35279
4/14/2023 6:25,15684,15687.25,15684,15686.75,146,0,15714.27131
4/14/2023 6:26,15686.75,15688.5,15686.75,15687.25,128,0,15714.20402
4/14/2023 6:27,15687.75,15689.75,15687,15688.75,84,0,15714.1617
4/14/2023 6:28,15689,15690,15687.25,15690,94,0,15714.11557
4/14/2023 6:29,15689.5,15692,15688.75,15691.5,195,0,15714.02675
4/14/2023 6:30,15691.25,15691.5,15689.25,15690.75,169,0,15713.9495
4/14/2023 6:31,15690.25,15692.25,15689.25,15691.25,138,0,15713.88791
4/14/2023 6:32,15691.75,15692,15686.25,15686.75,199,0,15713.78975
4/14/2023 6:33,15686.5,15686.75,15681.5,15682.75,258,0,15713.64048
4/14/2023 6:34,15683,15684.75,15682,15683.5,109,0,15713.57734
4/14/2023 6:35,15682.75,15683.5,15681.5,15682.5,68,0,15713.53689
4/14/2023 6:36,15682.5,15685.25,15682.5,15684.25,85,0,15713.48891
4/14/2023 6:37,15684,15687.25,15684,15685.75,117,0,15713.42684
4/14/2023 6:38,15685.75,15686.75,15684.25,15686.75,62,0,15713.39436
4/14/2023 6:39,15687,15689.25,15686,15688.25,86,0,15713.35256
4/14/2023 6:40,15688,15689.5,15687.75,15688.25,59,0,15713.32471
4/14/2023 6:41,15688.5,15691,15688,15689.5,124,0,15713.26873
4/14/2023 6:42,15690.25,15690.75,15689.5,15690.75,38,0,15713.25223
4/14/2023 6:43,15690.75,15692.5,15690.25,15692.25,68,0,15713.22447
4/14/2023 6:44,15692,15693.5,15691.75,15692.25,195,0,15713.14833
4/14/2023 6:45,15692,15692.25,15689.5,15690.5,123,0,15713.09654
4/14/2023 6:46,15690.5,15692.25,15690.5,15692,79,0,15713.06464
4/14/2023 6:47,15691.75,15693.5,15691.25,15692.75,139,0,15713.01113
4/14/2023 6:48,15693,15695.75,15691.75,15695.75,207,0,15712.93935
4/14/2023 6:49,15696,15696.75,15693.75,15695.25,143,0,15712.89231
4/14/2023 6:50,15695,15698.5,15693.5,15697,336,0,15712.78947
4/14/2023 6:51,15696.75,15699.25,15688.25,15688.25,526,0,15712.58849
4/14/2023 6:52,15688.25,15692,15687.5,15689,240,0,15712.4875
4/14/2023 6:53,15688.5,15688.5,15678,15678.5,535,0,15712.18989
4/14/2023 6:54,15678,15679,15673.25,15674.5,569,0,15711.81776
4/14/2023 6:55,15674.25,15678.5,15658.25,15662.25,1182,0,15710.87711
4/14/2023 6:56,15662.25,15662.5,15650.75,15654.75,1061,0,15709.87696
4/14/2023 6:57,15654.25,15657.25,15649.5,15651.75,758,0,15709.14378
4/14/2023 6:58,15652.5,15653,15645.75,15653,479,0,15708.67197
4/14/2023 6:59,15653.25,15663.75,15652.75,15660,665,0,15708.12067
4/14/2023 7:00,15660.5,15664,15660.5,15661.75,338,0,15707.86328
4/14/2023 7:01,15661.75,15666.75,15660.5,15666.75,521,0,15707.4942
4/14/2023 7:02,15666.25,15666.5,15657.25,15661.5,465,0,15707.14801
4/14/2023 7:03,15661,15665.75,15658.5,15662.5,447,0,15706.82373
4/14/2023 7:04,15662.25,15672.25,15662,15669,600,0,15706.44855
4/14/2023 7:05,15668.75,15669,15660.25,15660.5,531,0,15706.08457
4/14/2023 7:06,15660.25,15663.25,15658.75,15661.5,317,0,15705.85975
4/14/2023 7:07,15661,15669,15660.5,15664.75,437,0,15705.57806
4/14/2023 7:08,15665,15666.75,15660.5,15661,311,0,15705.37021
4/14/2023 7:09,15660.75,15663.75,15657.25,15661.25,414,0,15705.08381
4/14/2023 7:10,15660.75,15662,15658,15658,283,0,15704.88395
4/14/2023 7:11,15658.5,15663,15658,15661.5,166,0,15704.77136
4/14/2023 7:12,15660.75,15666,15660.75,15666,203,0,15704.6451
4/14/2023 7:13,15666,15671.25,15665,15671,221,0,15704.52488
4/14/2023 7:14,15670.75,15673.75,15668.25,15669.75,379,0,15704.32924
4/14/2023 7:15,15669.75,15671.25,15667,15668,257,0,15704.19071
4/14/2023 7:16,15668,15668.5,15660.25,15663.75,347,0,15703.98141
4/14/2023 7:17,15663.25,15668.75,15663.25,15667.75,180,0,15703.88023
4/14/2023 7:18,15668,15668.25,15661.5,15662.5,231,0,15703.74254
4/14/2023 7:19,15663,15663,15655.25,15658,392,0,15703.47992
4/14/2023 7:20,15657.75,15660,15655.25,15658.75,232,0,15703.32335
4/14/2023 7:21,15658.5,15658.5,15651.75,15655.75,421,0,15703.02541
4/14/2023 7:22,15655.75,15657.5,15654.25,15655.5,168,0,15702.90857
4/14/2023 7:23,15655.75,15663,15655.5,15663,300,0,15702.72224
4/14/2023 7:24,15662.75,15664.75,15662.75,15664,183,0,15702.61829
4/14/2023 7:25,15664,15667.75,15663.75,15667.25,169,0,15702.52873
4/14/2023 7:26,15667.75,15668.5,15662.75,15665.25,224,0,15702.40827
4/14/2023 7:27,15665.5,15669.25,15665.5,15669,150,0,15702.33329
4/14/2023 7:28,15669.25,15670,15668,15668.5,122,0,15702.27417
4/14/2023 7:29,15668.75,15670.25,15666.5,15669.5,191,0,15702.1818
4/14/2023 7:30,15669.75,15673.75,15669,15673.5,282,0,15702.05985
4/14/2023 7:31,15673.5,15676.75,15673.25,15675.75,360,0,15701.92189
4/14/2023 7:32,15675.25,15676.75,15674.75,15675.5,174,0,15701.85675
4/14/2023 7:33,15675.75,15676.25,15670.75,15672.5,226,0,15701.7646
4/14/2023 7:34,15672.25,15673.25,15670.75,15671.5,174,0,15701.69076
4/14/2023 7:35,15671.5,15671.75,15667.5,15667.75,189,0,15701.6034
4/14/2023 7:36,15667.5,15670.75,15667.5,15670.25,123,0,15701.54766
4/14/2023 7:37,15670.75,15670.75,15667,15667.5,133,0,15701.48558
4/14/2023 7:38,15667.75,15670,15666,15666,160,0,15701.40877
4/14/2023 7:39,15666,15667,15662.5,15666.5,227,0,15701.29402
4/14/2023 7:40,15667,15669,15665.5,15668.75,139,0,15701.22881
4/14/2023 7:41,15669.75,15671,15668.5,15669.75,110,0,15701.18046
4/14/2023 7:42,15669.5,15670.25,15665,15665,126,0,15701.11999
4/14/2023 7:43,15665.5,15667.25,15664,15664.25,175,0,15701.0325
4/14/2023 7:44,15664.5,15666,15663.25,15665.5,162,0,15700.95133
4/14/2023 7:45,15665.75,15667.75,15664,15666.75,136,0,15700.88582
4/14/2023 7:46,15666.25,15666.25,15663.5,15664.25,184,0,15700.79377
4/14/2023 7:47,15664.25,15664.25,15659.25,15661,198,0,15700.6866
4/14/2023 7:48,15660.75,15662.25,15660.25,15660.25,97,0,15700.63353
4/14/2023 7:49,15661.25,15667.5,15661.25,15666.25,252,0,15700.51043
4/14/2023 7:50,15666.25,15669.5,15665.75,15669.5,191,0,15700.42618
4/14/2023 7:51,15669,15669.5,15667,15668.5,65,0,15700.39768
4/14/2023 7:52,15668,15668.5,15666.5,15667.75,73,0,15700.36499
4/14/2023 7:53,15667.75,15672,15667.75,15671,136,0,15700.3092
4/14/2023 7:54,15671.5,15673.75,15671,15673.5,145,0,15700.25487
4/14/2023 7:55,15673.25,15675.75,15673.25,15674.75,261,0,15700.1641
4/14/2023 7:56,15674.5,15675.25,15670.75,15670.75,145,0,15700.10937
4/14/2023 7:57,15671,15671.25,15669.25,15669.25,56,0,15700.08653
4/14/2023 7:58,15668.75,15669.5,15666,15667.75,133,0,15700.02853
4/14/2023 7:59,15667.75,15668,15666.25,15667.75,76,0,15699.99505
4/14/2023 8:00,15668,15670.25,15666.5,15670.25,149,0,15699.93296
4/14/2023 8:01,15670.5,15672.5,15669,15672,199,0,15699.8562
4/14/2023 8:02,15672,15673.5,15668.5,15669.5,260,0,15699.7542
4/14/2023 8:03,15669.75,15678.75,15669.75,15678.75,310,0,15699.65518
4/14/2023 8:04,15678.25,15680.75,15676.75,15679.5,357,0,15699.55751
4/14/2023 8:05,15680,15682.25,15678.25,15681.5,225,0,15699.50138
4/14/2023 8:06,15681.75,15681.75,15678.5,15679.25,242,0,15699.43873
4/14/2023 8:07,15678.75,15681.75,15677.5,15680.5,195,0,15699.38874
4/14/2023 8:08,15680.75,15681.5,15678.5,15679.25,147,0,15699.35091
4/14/2023 8:09,15679,15679,15676,15677.75,177,0,15699.30054
4/14/2023 8:10,15678,15681.25,15677.25,15681.25,89,0,15699.27801
4/14/2023 8:11,15681.25,15686.25,15681.25,15684.75,433,0,15699.19258
4/14/2023 8:12,15684.5,15688.25,15683.5,15686.75,329,0,15699.13716
4/14/2023 8:13,15686.75,15689,15685.75,15688.75,268,0,15699.09813
4/14/2023 8:14,15688.5,15689.5,15685,15689,223,0,15699.06585
4/14/2023 8:15,15688.75,15691,15688.25,15690.5,231,0,15699.03878
4/14/2023 8:16,15690.25,15691.5,15687,15690.75,321,0,15699.00073
4/14/2023 8:17,15690.25,15690.25,15687.5,15688,123,0,15698.98441
4/14/2023 8:18,15688.25,15691.75,15687,15689,169,0,15698.9635
4/14/2023 8:19,15689,15691.75,15688,15691.5,202,0,15698.94161
4/14/2023 8:20,15691.25,15691.75,15689.5,15690.75,66,0,15698.93469
4/14/2023 8:21,15690.75,15691.25,15687.75,15688.75,145,0,15698.91694
4/14/2023 8:22,15689.25,15690.5,15687.75,15688.5,114,0,15698.90254
4/14/2023 8:23,15688.75,15688.75,15683.5,15685,264,0,15698.85885
4/14/2023 8:24,15685.25,15685.25,15676,15682,634,0,15698.71815
4/14/2023 8:25,15682,15682.75,15680.25,15681,109,0,15698.69452
4/14/2023 8:26,15680.75,15683,15679.25,15682.5,182,0,15698.65578
4/14/2023 8:27,15682.5,15686,15682,15683.25,205,0,15698.61787
4/14/2023 8:28,15683.25,15684.5,15681,15683.5,113,0,15698.596
4/14/2023 8:29,15683.75,15686.25,15682.75,15684.75,166,0,15698.56724
4/14/2023 8:30,15685.75,15687.5,15682.25,15683,217,0,15698.52893
4/14/2023 8:31,15683,15697.25,15661.75,15666,1875,0,15697.99718
4/14/2023 8:32,15664.5,15682,15662,15679.75,690,0,15697.80405
4/14/2023 8:33,15679.75,15689.75,15677.25,15684,826,0,15697.66583
4/14/2023 8:34,15683.75,15684,15667,15669.25,725,0,15697.4595
4/14/2023 8:35,15668.75,15669.5,15649.75,15653.5,1407,0,15696.81172
4/14/2023 8:36,15654,15659.25,15647,15656.75,1143,0,15696.25845
4/14/2023 8:37,15656.75,15660.75,15651.75,15659.5,807,0,15695.90376
4/14/2023 8:38,15659.25,15662.75,15652,15661.75,514,0,15695.68985
4/14/2023 8:39,15661.5,15671.75,15658.25,15670.75,570,0,15695.5069
4/14/2023 8:40,15670.25,15672.25,15665.5,15667,575,0,15695.33319
4/14/2023 8:41,15666.5,15666.5,15653.75,15653.75,702,0,15695.04495
4/14/2023 8:42,15654,15664,15649.25,15664,614,0,15694.80374
4/14/2023 8:43,15664.25,15668,15660,15661.25,383,0,15694.67157
4/14/2023 8:44,15661.5,15663.25,15656.75,15660,370,0,15694.53257
4/14/2023 8:45,15660.25,15660.25,15638.5,15643.75,1652,0,15693.7055
4/14/2023 8:46,15644.75,15645,15633.5,15635.25,1380,0,15692.89784
4/14/2023 8:47,15634.75,15644.75,15632.5,15643,762,0,15692.47899
4/14/2023 8:48,15643.25,15643.5,15636.5,15637.75,629,0,15692.1328
4/14/2023 8:49,15637.5,15640.75,15636.25,15639.75,389,0,15691.91962
4/14/2023 8:50,15640.25,15647.25,15634.75,15643.75,715,0,15691.55412
4/14/2023 8:51,15643,15647.5,15639.5,15646.5,464,0,15691.33197
4/14/2023 8:52,15646.5,15648.25,15639.75,15643.5,683,0,15691.00417
4/14/2023 8:53,15642.25,15647.25,15635.75,15647,655,0,15690.69073
4/14/2023 8:54,15646.25,15647.25,15639.75,15644.75,255,0,15690.57131
4/14/2023 8:55,15644.25,15645.5,15634.25,15638,678,0,15690.22526
4/14/2023 8:56,15637.5,15637.5,15629.25,15631,1077,0,15689.61442
4/14/2023 8:57,15630.5,15642.25,15625.75,15642,1104,0,15689.04543
4/14/2023 8:58,15641.5,15641.75,15634.75,15641.5,578,0,15688.7673
4/14/2023 8:59,15641.5,15641.75,15636.5,15637.75,391,0,15688.57841
4/14/2023 9:00,15637.5,15647.5,15633.75,15646,628,0,15688.30054
4/14/2023 9:01,15646,15646,15640.75,15643.75,464,0,15688.10218
4/14/2023 9:02,15644,15652.25,15642,15651.75,578,0,15687.88587
4/14/2023 9:03,15651.5,15654.75,15648,15650.5,632,0,15687.66645
4/14/2023 9:04,15650.75,15652,15648.5,15648.5,362,0,15687.53713
4/14/2023 9:05,15649,15653.75,15648.75,15650.75,380,0,15687.40736
4/14/2023 9:06,15650.5,15651.25,15643.75,15644.75,542,0,15687.20112
4/14/2023 9:07,15644.75,15648.25,15644.25,15647,259,0,15687.10311
4/14/2023 9:08,15646.75,15646.75,15641.75,15641.75,338,0,15686.96624
4/14/2023 9:09,15642,15650.25,15640,15649.75,475,0,15686.78959
4/14/2023 9:10,15650,15654.5,15648,15653.75,400,0,15686.66194
4/14/2023 9:11,15653.25,15658.75,15651.5,15657.5,528,0,15686.51341
4/14/2023 9:12,15658,15660.75,15654.5,15656.75,456,0,15686.39216
4/14/2023 9:13,15656.5,15657.25,15650,15651,263,0,15686.31173
4/14/2023 9:14,15651.25,15653.5,15651.25,15652.75,254,0,15686.23384
4/14/2023 9:15,15652.5,15654.25,15650.75,15651.25,140,0,15686.19054
4/14/2023 9:16,15651.5,15655.5,15648.5,15653.25,341,0,15686.08654
4/14/2023 9:17,15654.25,15656.75,15652.5,15656,179,0,15686.03651
4/14/2023 9:18,15656.25,15660.5,15655.75,15659.75,311,0,15685.95998
4/14/2023 9:19,15659.75,15661.5,15658,15660.25,276,0,15685.89552
4/14/2023 9:20,15660.25,15660.75,15658,15659.25,129,0,15685.86483
4/14/2023 9:21,15659.25,15660.25,15656.75,15657.75,310,0,15685.78836
4/14/2023 9:22,15658,15660.5,15658,15658.5,174,0,15685.74679
4/14/2023 9:23,15658.75,15659.5,15656.75,15658.25,358,0,15685.65901
4/14/2023 9:24,15657.75,15658.25,15652,15657.25,489,0,15685.5299
4/14/2023 9:25,15657,15661.5,15656.25,15660.25,314,0,15685.45729
4/14/2023 9:26,15660,15662.5,15658,15660.5,331,0,15685.38409
4/14/2023 9:27,15660.75,15660.75,15657,15657.5,222,0,15685.3315
4/14/2023 9:28,15658.25,15659.75,15652.75,15658.75,433,0,15685.22446
4/14/2023 9:29,15658.75,15660,15656,15659.5,319,0,15685.15006
4/14/2023 9:30,15659.5,15665,15659,15664.5,605,0,15685.03286
4/14/2023 9:31,15664,15682,15663.25,15678.5,5323,15674.58333,15684.57132
4/14/2023 9:32,15678.25,15680.25,15658.25,15674.25,4026,15673.00434,15684.12991
4/14/2023 9:33,15674.5,15674.5,15660.5,15669.25,2606,15671.93164,15683.80102
4/14/2023 9:34,15669.25,15677.75,15661.5,15664.25,2129,15671.31212,15683.53806
4/14/2023 9:35,15664.5,15684,15662.75,15678.25,2438,15671.85631,15683.38002
4/14/2023 9:36,15678.25,15685.5,15675.5,15682.25,2510,15673.0732,15683.33707
4/14/2023 9:37,15682.5,15700.75,15681.25,15696.75,3553,15676.19491,15683.58411
4/14/2023 9:38,15697.25,15706.75,15694.5,15705,2749,15679.00407,15683.94599
4/14/2023 9:39,15704.75,15721.75,15701.75,15720,3061,15682.83055,15684.59734
4/14/2023 9:40,15720,15726.75,15718,15720.75,3132,15686.70522,15685.39221
4/14/2023 9:41,15721.25,15723.5,15715.75,15721.75,1897,15688.61381,15685.83821
4/14/2023 9:42,15721.75,15721.75,15713.75,15715.5,2150,15690.3294,15686.28259
4/14/2023 9:43,15716,15726,15715.5,15722,1889,15691.88431,15686.71426
4/14/2023 9:44,15721.75,15730.5,15720,15727.5,2005,15693.61741,15687.22355
4/14/2023 9:45,15727.75,15740.5,15726.75,15736.25,2966,15696.47497,15688.11313
4/14/2023 9:46,15736,15741,15729.75,15739.5,2592,15698.79347,15688.89997
4/14/2023 9:47,15739.5,15748.5,15739.5,15746.75,2516,15701.23438,15689.76603
4/14/2023 9:48,15747,15751,15744.75,15750.75,1541,15702.72879,15690.32011
4/14/2023 9:49,15750.75,15755.25,15747,15752,2476,15705.06691,15691.2273
4/14/2023 9:50,15752.25,15753.5,15744.5,15747.75,1812,15706.54434,15691.84386
4/14/2023 9:51,15748,15761.25,15747.75,15760.5,2144,15708.47364,15692.6559
4/14/2023 9:52,15760.75,15771,15758.5,15759,2723,15711.0153,15693.75774
4/14/2023 9:53,15759.25,15767.75,15759.25,15762.75,1386,15712.22953,15694.3087
4/14/2023 9:54,15762.75,15766.25,15759,15761,1339,15713.32453,15694.82387
4/14/2023 9:55,15761,15765.25,15757.25,15760.25,1251,15714.28151,15695.28992
4/14/2023 9:56,15761,15761.75,15756.75,15759.25,1234,15715.1561,15695.73174
4/14/2023 9:57,15759.75,15773.75,15759,15772.25,1469,15716.35944,15696.32389
4/14/2023 9:58,15772.25,15776.5,15769.75,15771.5,1705,15717.79833,15697.03903
4/14/2023 9:59,15772,15776,15769,15772.25,1009,15718.6132,15697.45503
4/14/2023 10:00,15772.25,15774,15757.75,15759.25,1373,15719.50964,15697.94857
4/14/2023 10:01,15759.5,15764.25,15738,15745.75,4904,15721.48853,15699.28115
4/14/2023 10:02,15745.75,15766,15744,15766,2584,15722.74445,15700.08169
4/14/2023 10:03,15766,15775.25,15762.75,15773,2634,15724.32862,15701.03395
4/14/2023 10:04,15773.5,15775.25,15761.5,15768,2154,15725.49258,15701.77086
4/14/2023 10:05,15768.25,15779.75,15766.25,15773.75,2409,15726.86729,15702.63667
4/14/2023 10:06,15773.75,15774.5,15754,15758.25,3352,15728.2299,15703.62475
4/14/2023 10:07,15758.5,15761.25,15741,15742.25,2849,15728.86178,15704.24353
4/14/2023 10:08,15742.25,15742.75,15728,15734,3361,15729.08001,15704.73811
4/14/2023 10:09,15734.25,15734.25,15711.25,15717.5,4300,15728.72385,15705.06679
4/14/2023 10:10,15717.5,15717.5,15692.75,15702.5,5430,15727.43339,15705.04647
4/14/2023 10:11,15702.5,15713.5,15702.25,15712.75,3034,15726.92016,15705.10755
4/14/2023 10:12,15712.25,15714.75,15707.25,15713,1639,15726.68793,15705.15579
4/14/2023 10:13,15713.5,15715.25,15709,15714,1210,15726.53301,15705.1968
4/14/2023 10:14,15713.75,15721.75,15707.75,15718,1644,15726.37384,15705.27428
4/14/2023 10:15,15718.5,15718.5,15708,15714.5,1758,15726.17485,15705.33914
4/14/2023 10:16,15714,15718,15707.25,15709.75,1533,15725.97941,15705.3815
4/14/2023 10:17,15709.75,15715.75,15705.25,15713.25,1179,15725.83008,15705.41241
4/14/2023 10:18,15713.5,15717.75,15708.25,15710.5,879,15725.72642,15705.43811
4/14/2023 10:19,15710.5,15710.5,15686.75,15690.5,3880,15724.76045,15705.28086
4/14/2023 10:20,15690.5,15692.5,15674,15683.25,3497,15723.58251,15704.95773
4/14/2023 10:21,15682.5,15694.75,15680,15690,2068,15722.99938,15704.81406
4/14/2023 10:22,15690,15690.5,15671.75,15674,2077,15722.27787,15704.59089
4/14/2023 10:23,15674.25,15676.25,15665.5,15672.25,2695,15721.22235,15704.22546
4/14/2023 10:24,15672.75,15678,15663.5,15675.5,2390,15720.34026,15703.91768
4/14/2023 10:25,15675.25,15675.75,15661.5,15663,2343,15719.40884,15703.56935
4/14/2023 10:26,15663,15671,15662,15671,1558,15718.82148,15703.34905
4/14/2023 10:27,15670.75,15677.5,15664.75,15677,2436,15718.01876,15703.05878
4/14/2023 10:28,15677.25,15678.5,15668.25,15668.5,1196,15717.62349,15702.91205
4/14/2023 10:29,15668,15668.5,15661.75,15664.75,1288,15717.14376,15702.72166
4/14/2023 10:30,15665,15669.25,15657.25,15666.5,2380,15716.26888,15702.36871
4/14/2023 10:31,15666.75,15676.75,15665.75,15676.75,1603,15715.79234,15702.18847
4/14/2023 10:32,15676.5,15680.5,15673,15677.75,1545,15715.38498,15702.04043
4/14/2023 10:33,15677.75,15679.5,15655.75,15656.5,1861,15714.74074,15701.77155
4/14/2023 10:34,15656.75,15662,15650.25,15656,2397,15713.81004,15701.36025
4/14/2023 10:35,15656,15665.5,15652.25,15663,1652,15713.23068,15701.10676
4/14/2023 10:36,15662.75,15666.75,15653.75,15665.25,1378,15712.77182,15700.90622
4/14/2023 10:37,15665.5,15665.5,15653,15654,1155,15712.36063,15700.72085
4/14/2023 10:38,15654.25,15664.75,15652,15663.25,1263,15711.93812,15700.53156
4/14/2023 10:39,15663.25,15668.25,15655.75,15661,1477,15711.46817,15700.32144
4/14/2023 10:40,15660.75,15669.5,15660.75,15668.75,1015,15711.18006,15700.19563
4/14/2023 10:41,15668.5,15672,15657.75,15661.25,1222,15710.8177,15700.03356
4/14/2023 10:42,15660.75,15660.75,15652.75,15656,1092,15710.45003,15699.86164
4/14/2023 10:43,15656.5,15658,15640,15645.75,2802,15709.38245,15699.34055
4/14/2023 10:44,15645.5,15657.75,15643.25,15656.25,1461,15708.87984,15699.09639
4/14/2023 10:45,15656.25,15664.5,15653.5,15662.75,1413,15708.46838,15698.90188
4/14/2023 10:46,15662.5,15664.5,15650.5,15655.25,1307,15708.06676,15698.70755
4/14/2023 10:47,15655.25,15664.25,15653,15660.5,930,15707.7985,15698.57854
4/14/2023 10:48,15660.25,15677,15659,15672.75,1824,15707.39102,15698.39378
4/14/2023 10:49,15672.5,15678.75,15668.75,15677.75,1198,15707.16633,15698.29663
4/14/2023 10:50,15677.5,15678,15666.25,15667.5,1096,15706.93505,15698.19137
4/14/2023 10:51,15667.25,15678,15664.25,15672.5,1252,15706.68156,15698.07642
4/14/2023 10:52,15673,15673.75,15663,15665.75,1079,15706.44092,15697.963
4/14/2023 10:53,15665.75,15666.25,15654.75,15661.75,1293,15706.10833,15697.79905
4/14/2023 10:54,15661.5,15664.75,15653.75,15654,1091,15705.81052,15697.64913
4/14/2023 10:55,15654,15657.75,15645.5,15648.75,2034,15705.18775,15697.32552
4/14/2023 10:56,15648.5,15652.5,15644,15651,1387,15704.75963,15697.10037
4/14/2023 10:57,15651.25,15655.75,15649.5,15653.75,903,15704.50338,15696.96655
4/14/2023 10:58,15653.5,15665.75,15651.5,15660.25,1526,15704.12722,15696.77371
4/14/2023 10:59,15660.5,15672.25,15659.5,15671.25,1444,15703.84319,15696.63387
4/14/2023 11:00,15672,15674,15664.75,15667.5,1355,15703.58852,15696.50872
4/14/2023 11:01,15667.5,15669.75,15662,15664.5,1130,15703.3589,15696.39279
4/14/2023 11:02,15664.75,15675.5,15659.75,15671.75,1850,15703.02382,15696.22658
4/14/2023 11:03,15671.75,15675,15666.5,15672.25,1201,15702.82393,15696.12858
4/14/2023 11:04,15672,15675,15658.25,15660.25,1741,15702.47758,15695.9497
4/14/2023 11:05,15660.25,15660.25,15651,15656.5,1776,15702.05224,15695.72006
4/14/2023 11:06,15656.5,15660,15646,15660,2066,15701.561,15695.45235
4/14/2023 11:07,15660,15669,15658,15667.75,1268,15701.32604,15695.32862
4/14/2023 11:08,15667.75,15673.75,15666,15671.75,958,15701.17742,15695.25285
4/14/2023 11:09,15672,15673.75,15665,15667,735,15701.0573,15695.19055
4/14/2023 11:10,15667,15672.5,15664.75,15669.25,757,15700.93546,15695.12729
4/14/2023 11:11,15668.5,15680.25,15668,15676.75,1304,15700.76762,15695.04441
4/14/2023 11:12,15676.75,15686.5,15676,15684.75,1548,15700.62772,15694.98299
4/14/2023 11:13,15685,15691.25,15684.75,15686.75,1729,15700.51759,15694.94301
4/14/2023 11:14,15686.5,15692.5,15681.5,15686.25,2603,15700.34479,15694.87689
4/14/2023 11:15,15686,15689.75,15682,15688.75,969,15700.28195,15694.8528
4/14/2023 11:16,15689.25,15691,15684.75,15685.5,849,15700.22838,15694.83247
4/14/2023 11:17,15685.5,15694.75,15681.75,15693.75,1154,15700.17273,15694.81564
4/14/2023 11:18,15694,15694.75,15686.75,15689.25,934,15700.12887,15694.80257
4/14/2023 11:19,15689.5,15690,15680.75,15689.25,1082,15700.06028,15694.7757
4/14/2023 11:20,15689.25,15692.25,15687.25,15690.5,699,15700.02728,15694.76553
4/14/2023 11:21,15690.25,15693,15687.25,15692.25,560,15700.00318,15694.75883
4/14/2023 11:22,15691.5,15694.75,15682.75,15684.25,1069,15699.93968,15694.7345
4/14/2023 11:23,15684,15684.5,15677.75,15682.25,1197,15699.83744,15694.68666
4/14/2023 11:24,15682.5,15685,15678.5,15683.5,677,15699.78273,15694.66145
4/14/2023 11:25,15683.5,15684,15670.5,15674.5,1164,15699.65737,15694.59737
4/14/2023 11:26,15673.75,15673.75,15659.25,15665.25,1515,15699.42538,15694.4682
4/14/2023 11:27,15665,15666.25,15656.75,15663.75,1301,15699.2061,15694.34336
4/14/2023 11:28,15663.5,15667.5,15661.5,15666.75,946,15699.06107,15694.26162
4/14/2023 11:29,15666.75,15667.5,15660,15661.75,561,15698.97018,15694.20976
4/14/2023 11:30,15661.75,15665,15659,15659.75,516,15698.88274,15694.1594
4/14/2023 11:31,15660.25,15666.75,15658.75,15662,806,15698.75146,15694.08404
4/14/2023 11:32,15661.75,15665.5,15660.5,15664,539,15698.66621,15694.03516
4/14/2023 11:33,15664.25,15665.25,15651.25,15652,1368,15698.40815,15693.88301
4/14/2023 11:34,15651.75,15658.25,15649.25,15657,1465,15698.12663,15693.71572
4/14/2023 11:35,15657.25,15664.75,15657,15663,1181,15697.93729,15693.60512
4/14/2023 11:36,15663.25,15665.25,15656.25,15661.5,825,15697.80408,15693.52692
4/14/2023 11:37,15661.5,15664.75,15651.25,15652.25,824,15697.65434,15693.43743
4/14/2023 11:38,15651.75,15652.75,15643.5,15649.25,1578,15697.3188,15693.23269
4/14/2023 11:39,15649.25,15649.25,15639.5,15641.75,1540,15696.96263,15693.01255
4/14/2023 11:40,15641.5,15645.5,15635,15638.25,1636,15696.56205,15692.76247
4/14/2023 11:41,15638,15646.25,15634.75,15645.25,1362,15696.24725,15692.56576
4/14/2023 11:42,15645,15648.75,15641.25,15648,988,15696.03751,15692.43502
4/14/2023 11:43,15647.75,15653,15644.75,15649.25,1019,15695.83587,15692.3096
4/14/2023 11:44,15649.5,15650.25,15644.75,15648.75,625,15695.71021,15692.23112
4/14/2023 11:45,15648.25,15651.25,15641.75,15650.25,728,15695.56416,15692.13971
4/14/2023 11:46,15650.75,15656.25,15648.75,15654.5,1022,15695.38368,15692.0276
4/14/2023 11:47,15654.5,15659.75,15653.25,15655.5,879,15695.24062,15691.93909
4/14/2023 11:48,15655.25,15660.75,15653,15659.5,791,15695.11796,15691.86333
4/14/2023 11:49,15659.5,15661.75,15651.25,15653,663,15695.00915,15691.7956
4/14/2023 11:50,15652.75,15652.75,15644.75,15646.5,847,15694.84547,15691.69212
4/14/2023 11:51,15646.5,15648.5,15642,15643.5,643,15694.71319,15691.60792
4/14/2023 11:52,15644,15650.5,15640,15649.25,856,15694.54487,15691.50084
4/14/2023 11:53,15649,15650.5,15644,15650.5,522,15694.44652,15691.43833
4/14/2023 11:54,15650.25,15655.5,15648.25,15655.5,649,15694.33737,15691.36941
4/14/2023 11:55,15655.25,15657.25,15649.75,15651.25,798,15694.20286,15691.28425
4/14/2023 11:56,15651.25,15651.25,15641,15642.25,913,15694.02085,15691.16737
4/14/2023 11:57,15642.25,15646,15635.75,15645.75,1065,15693.80024,15691.02494
4/14/2023 11:58,15645.75,15652.25,15642.5,15651.5,816,15693.65291,15690.93036
4/14/2023 11:59,15651.25,15654,15648,15651,518,15693.56455,15690.87373
4/14/2023 12:00,15651.25,15653.75,15649,15653,497,15693.48194,15690.82079
4/14/2023 12:01,15653.5,15654,15647.5,15650.75,727,15693.3583,15690.74129
4/14/2023 12:02,15651,15654,15648,15650.75,500,15693.27401,15690.68703
4/14/2023 12:03,15650.75,15651.25,15644.5,15648.25,611,15693.16441,15690.61607
4/14/2023 12:04,15647.75,15648,15636.5,15641.75,2056,15692.75164,15690.34612
4/14/2023 12:05,15641.5,15646.25,15638,15639.25,813,15692.58733,15690.23819
4/14/2023 12:06,15639.25,15649.5,15638.75,15649.25,698,15692.45983,15690.15467
4/14/2023 12:07,15649.5,15650.75,15622.75,15627.75,3422,15691.68524,15689.63936
4/14/2023 12:08,15627.5,15635.25,15623.5,15631.75,2106,15691.18975,15689.30684
4/14/2023 12:09,15632,15635.25,15626.25,15633,952,15690.97321,15689.16111
4/14/2023 12:10,15632.75,15643.75,15631.25,15640.25,1005,15690.77271,15689.02641
4/14/2023 12:11,15640.5,15644,15634,15634,773,15690.61636,15688.92109
4/14/2023 12:12,15634.25,15634.75,15628,15630,1140,15690.35987,15688.74733
4/14/2023 12:13,15630.25,15634.25,15626.25,15632.5,632,15690.21882,15688.65158
4/14/2023 12:14,15632.75,15635.5,15628,15628,638,15690.07592,15688.55441
4/14/2023 12:15,15627.75,15631,15626,15629.75,895,15689.8713,15688.41494
4/14/2023 12:16,15629.25,15633.25,15622.25,15624.75,1220,15689.58474,15688.21898
4/14/2023 12:17,15625,15629.5,15622.75,15628,650,15689.43312,15688.11509
4/14/2023 12:18,15628,15634.75,15626.75,15630,871,15689.24318,15687.98489
4/14/2023 12:19,15630,15631.5,15623.5,15625.5,775,15689.06472,15687.86218
4/14/2023 12:20,15625.75,15632.75,15623,15631,769,15688.89454,15687.74505
4/14/2023 12:21,15630.75,15630.75,15622.5,15627,828,15688.7058,15687.61483
4/14/2023 12:22,15626.75,15633.75,15622,15632.25,909,15688.50849,15687.47854
4/14/2023 12:23,15632,15638.25,15632,15637.75,1246,15688.27039,15687.31406
4/14/2023 12:24,15637.25,15637.75,15632,15634,493,15688.17424,15687.24748
4/14/2023 12:25,15633.75,15634.25,15622.75,15627,1189,15687.91544,15687.06762
4/14/2023 12:26,15627,15635,15624.5,15634.25,689,15687.77457,15686.96959
4/14/2023 12:27,15634.5,15634.5,15629.25,15630,400,15687.69311,15686.91284
4/14/2023 12:28,15630.25,15631.75,15625.75,15631.75,466,15687.59598,15686.8451
4/14/2023 12:29,15631.25,15633.25,15626,15628,446,15687.50227,15686.77966
4/14/2023 12:30,15628.5,15634.5,15627,15632.75,357,15687.43045,15686.72949
4/14/2023 12:31,15632.5,15632.5,15625,15628,551,15687.31423,15686.64818
4/14/2023 12:32,15627.75,15627.75,15618.25,15622.25,1591,15686.94862,15686.39155
4/14/2023 12:33,15622.75,15624.75,15618.25,15620.5,928,15686.73206,15686.23912
4/14/2023 12:34,15620,15631.75,15618.25,15629.25,1327,15686.44945,15686.03987
4/14/2023 12:35,15628.5,15629.75,15624,15626.25,609,15686.32117,15685.94925
4/14/2023 12:36,15626.25,15630,15618.5,15621.25,939,15686.1132,15685.80204
4/14/2023 12:37,15620.75,15623.75,15618.25,15622.75,751,15685.94346,15685.68169
4/14/2023 12:38,15622.5,15627.5,15620.75,15622,680,15685.7949,15685.5762
4/14/2023 12:39,15622,15622.25,15616.75,15619.25,881,15685.59119,15685.43131
4/14/2023 12:40,15618.75,15618.75,15612,15614.75,1396,15685.25039,15685.18831
4/14/2023 12:41,15613.5,15615.25,15612,15614.75,738,15685.06857,15685.0584
4/14/2023 12:42,15615,15621.75,15612,15616.75,1033,15684.82571,15684.88457
4/14/2023 12:43,15617,15618.25,15609.25,15611.5,960,15684.58893,15684.71476
4/14/2023 12:44,15611.75,15615,15610.75,15611.25,565,15684.44901,15684.61427
4/14/2023 12:45,15611.75,15612.5,15599.75,15601,2177,15683.85627,15684.18754
4/14/2023 12:46,15601,15601.25,15590.75,15592.25,2102,15683.2236,15683.73039
4/14/2023 12:47,15592.75,15595.25,15583.25,15585.75,2503,15682.42595,15683.15176
4/14/2023 12:48,15586.25,15591,15582.75,15591,1521,15681.94859,15682.80416
4/14/2023 12:49,15591.25,15593,15587.75,15593,796,15681.70863,15682.629
4/14/2023 12:50,15592.5,15595.25,15589.5,15591,928,15681.43252,15682.42712
4/14/2023 12:51,15591,15598,15588.5,15595.75,789,15681.20476,15682.26027
4/14/2023 12:52,15596,15599,15592.25,15595.25,632,15681.02612,15682.12922
4/14/2023 12:53,15595,15599,15592,15596.25,635,15680.84791,15681.99833
4/14/2023 12:54,15595.75,15596,15591.5,15592.25,682,15680.65173,15681.85412
4/14/2023 12:55,15592,15594.75,15589.25,15591,698,15680.44824,15681.70439
4/14/2023 12:56,15591,15591.5,15586.75,15588.5,892,15680.18153,15681.50794
4/14/2023 12:57,15588.5,15595.75,15585,15593.5,827,15679.94237,15681.33145
4/14/2023 12:58,15593.5,15594.75,15589.25,15591.5,488,15679.80252,15681.22811
4/14/2023 12:59,15591.5,15595.5,15589.75,15594,504,15679.66058,15681.12312
4/14/2023 13:00,15594.25,15595,15590.25,15594.75,488,15679.524,15681.02199
4/14/2023 13:01,15595,15598.25,15589.25,15597.75,1039,15679.2405,15680.81172
4/14/2023 13:02,15598,15599,15593.25,15596.5,839,15679.01611,15680.64499
4/14/2023 13:03,15596.25,15603.25,15596.25,15602.75,1010,15678.76219,15680.45579
4/14/2023 13:04,15603,15607.25,15600.5,15606.5,1325,15678.44852,15680.22133
4/14/2023 13:05,15607,15612.5,15606.5,15609.75,1512,15678.11708,15679.97257
4/14/2023 13:06,15609.5,15623,15609.5,15622,1753,15677.78441,15679.72125
4/14/2023 13:07,15622.25,15622.25,15613.75,15616,1234,15677.54919,15679.54317
4/14/2023 13:08,15616,15618.75,15613.5,15615.25,720,15677.4094,15679.43725
4/14/2023 13:09,15615.25,15616.5,15612.75,15615.25,676,15677.2766,15679.33656
4/14/2023 13:10,15615.5,15618.75,15610,15618.75,863,15677.11058,15679.21046
4/14/2023 13:11,15619,15621.25,15617.75,15620.5,683,15676.98836,15679.11729
4/14/2023 13:12,15621,15626.75,15618.5,15626.75,910,15676.83814,15679.0023
4/14/2023 13:13,15626.5,15629.25,15623.25,15624,1253,15676.63852,15678.84905
4/14/2023 13:14,15624,15626.25,15620.25,15626,841,15676.50194,15678.74412
4/14/2023 13:15,15625.75,15628.25,15623,15623.75,619,15676.40346,15678.66832
4/14/2023 13:16,15623.5,15628,15623.5,15628,519,15676.32357,15678.6067
4/14/2023 13:17,15628,15633.5,15627.75,15630.5,1200,15676.15491,15678.47591
4/14/2023 13:18,15630.5,15636.5,15630.5,15635.5,920,15676.03654,15678.38359
4/14/2023 13:19,15635.5,15637,15631.75,15634.75,730,15675.94383,15678.31116
4/14/2023 13:20,15634.75,15635.25,15629.75,15632,738,15675.84565,15678.23456
4/14/2023 13:21,15631.75,15632,15622.5,15623,989,15675.69522,15678.11784
4/14/2023 13:22,15623,15623,15616.25,15616.25,1133,15675.49881,15677.96609
4/14/2023 13:23,15616.75,15619,15609.25,15610,1116,15675.28728,15677.80299
4/14/2023 13:24,15610,15621,15609.75,15620.75,895,15675.13057,15677.68162
4/14/2023 13:25,15621.25,15622.75,15618.25,15619.75,665,15675.02085,15677.59634
4/14/2023 13:26,15620,15622.25,15617.25,15619.5,565,15674.92698,15677.52334
4/14/2023 13:27,15619.75,15620,15614,15615.25,489,15674.84123,15677.45677
4/14/2023 13:28,15615.25,15618.5,15614.25,15616,370,15674.77633,15677.40635
4/14/2023 13:29,15616.25,15618,15613.5,15615,414,15674.70296,15677.34935
4/14/2023 13:30,15615,15615,15606,15607.25,985,15674.51124,15677.20086
4/14/2023 13:31,15607.75,15608,15598,15598.25,1434,15674.20009,15676.96047
4/14/2023 13:32,15598,15598.75,15585,15591.5,2403,15673.61611,15676.50991
4/14/2023 13:33,15591.75,15598.25,15588.75,15598,888,15673.41088,15676.35096
4/14/2023 13:34,15598.25,15601,15594.75,15596.75,622,15673.27232,15676.24339
4/14/2023 13:35,15596.5,15599.75,15594,15597.5,473,15673.16672,15676.16136
4/14/2023 13:36,15597.75,15598,15589.25,15590.25,713,15672.99853,15676.03088
4/14/2023 13:37,15590,15596.75,15587.75,15595.25,662,15672.84445,15675.91118
4/14/2023 13:38,15595.25,15595.25,15591,15592.75,464,15672.73647,15675.82724
4/14/2023 13:39,15592.25,15596.25,15591.5,15595.25,561,15672.60848,15675.7276
4/14/2023 13:40,15595.5,15602.75,15593.25,15600.25,801,15672.43672,15675.59346
4/14/2023 13:41,15600.25,15617.25,15600.25,15616,1585,15672.15608,15675.37206
4/14/2023 13:42,15616,15621.25,15615,15619,1173,15671.97453,15675.22758
4/14/2023 13:43,15619,15619.25,15611.75,15613.75,706,15671.85875,15675.13564
4/14/2023 13:44,15613.75,15613.75,15605,15605.5,824,15671.70807,15675.01654
4/14/2023 13:45,15605.5,15607.75,15603,15605.5,785,15671.55918,15674.89898
4/14/2023 13:46,15605.25,15606.5,15601.75,15603.5,561,15671.45079,15674.81339
4/14/2023 13:47,15603.25,15606.5,15601.25,15604.5,522,15671.35049,15674.73413
4/14/2023 13:48,15604.25,15616,15604,15615.5,844,15671.20756,15674.62036
4/14/2023 13:49,15616,15619.75,15613.25,15617.75,864,15671.07442,15674.51372
4/14/2023 13:50,15618.25,15618.25,15610.25,15613.5,756,15670.95222,15674.41603
4/14/2023 13:51,15613.5,15621.5,15613.5,15619.5,595,15670.86341,15674.34464
4/14/2023 13:52,15619.25,15619.25,15613.25,15619,519,15670.78473,15674.28142
4/14/2023 13:53,15618.5,15623.75,15617.5,15621.25,573,15670.70405,15674.21625
4/14/2023 13:54,15621.75,15627.25,15619.25,15626.25,640,15670.6204,15674.1483
4/14/2023 13:55,15625.75,15629,15624.25,15628,514,15670.55752,15674.09695
4/14/2023 13:56,15628,15635,15625.25,15635,903,15670.45931,15674.01594
4/14/2023 13:57,15635,15636,15631,15633,771,15670.37926,15673.94959
4/14/2023 13:58,15633,15639,15632.25,15635.5,839,15670.29782,15673.88163
4/14/2023 13:59,15636,15637,15630.5,15633.75,1367,15670.15896,15673.76613
4/14/2023 14:00,15634,15634.5,15630.75,15632.5,556,15670.10098,15673.71798
4/14/2023 14:01,15632.75,15635,15628.75,15634.75,1016,15669.9962,15673.63082
4/14/2023 14:02,15634.5,15635.75,15628.25,15629.25,655,15669.9258,15673.57242
4/14/2023 14:03,15628.75,15629,15623.75,15628,893,15669.81997,15673.48528
4/14/2023 14:04,15628,15628.25,15623,15625.25,618,15669.74462,15673.42333
4/14/2023 14:05,15625.25,15627.25,15621.75,15624,596,15669.6703,15673.36229
4/14/2023 14:06,15624,15627,15617.75,15626.75,874,15669.56054,15673.27215
4/14/2023 14:07,15627,15635.5,15625.25,15633.5,859,15669.47098,15673.19741
4/14/2023 14:08,15633.5,15635.5,15632.25,15635.25,556,15669.41766,15673.15254
4/14/2023 14:09,15635.25,15637.5,15632.75,15636.25,625,15669.35991,15673.10374
4/14/2023 14:10,15635.75,15636.75,15632.25,15635,315,15669.33016,15673.07865
4/14/2023 14:11,15635.25,15641.25,15634,15638.25,1021,15669.24287,15673.00423
4/14/2023 14:12,15637.75,15641.75,15634,15639.5,644,15669.18907,15672.95823
4/14/2023 14:13,15639,15641,15635.75,15638.25,526,15669.14515,15672.92066
4/14/2023 14:14,15638.25,15646,15635.75,15643.5,811,15669.08516,15672.8686
4/14/2023 14:15,15643.5,15648.75,15642.75,15648,769,15669.03836,15672.8269
4/14/2023 14:16,15648.25,15655,15646.75,15654.25,1465,15668.97137,15672.76435
4/14/2023 14:17,15654,15659,15653.25,15658.5,1563,15668.92101,15672.71373
4/14/2023 14:18,15658.25,15660,15656,15658.5,977,15668.89301,15672.68475
4/14/2023 14:19,15658.25,15660.5,15655.75,15658.25,783,15668.87066,15672.6616
4/14/2023 14:20,15658.5,15659.25,15653.75,15654.25,832,15668.84169,15672.633
4/14/2023 14:21,15654.5,15657,15652.25,15655,811,15668.81142,15672.60357
4/14/2023 14:22,15654.75,15659.75,15654,15657.5,537,15668.79476,15672.58667
4/14/2023 14:23,15658,15667.25,15657.75,15667.25,1474,15668.77647,15672.56134
4/14/2023 14:24,15667.25,15676.5,15667,15676,1753,15668.79665,15672.56348
4/14/2023 14:25,15675.75,15677,15670.5,15673.5,1357,15668.81392,15672.56648
4/14/2023 14:26,15673.25,15673.5,15666.75,15668.5,871,15668.81567,15672.56127
4/14/2023 14:27,15668.25,15673.75,15668,15673.75,717,15668.8213,15672.56023
4/14/2023 14:28,15673.25,15675.25,15670.75,15671.5,670,15668.8277,15672.56015
4/14/2023 14:29,15671.75,15678.5,15671.5,15677.5,680,15668.84005,15672.56459
4/14/2023 14:30,15678,15678.75,15674.25,15677.5,712,15668.85478,15672.57065
4/14/2023 14:31,15677.5,15689.75,15677.5,15688.75,2175,15668.94704,15672.62576
4/14/2023 14:32,15689,15690.25,15681.75,15684.25,1528,15669.01156,15672.66445
4/14/2023 14:33,15684.5,15689.75,15684.5,15689.25,875,15669.05369,15672.69067
4/14/2023 14:34,15689.5,15689.75,15684.25,15688.5,810,15669.09183,15672.71434
4/14/2023 14:35,15688.75,15692.5,15687.25,15688.5,1007,15669.14395,15672.74745
4/14/2023 14:36,15688.5,15692.75,15687.75,15688.5,827,15669.18707,15672.77495
4/14/2023 14:37,15688,15690.75,15685.75,15688.5,977,15669.23449,15672.80477
4/14/2023 14:38,15688.75,15689.25,15673.25,15675,1912,15669.28239,15672.82855
4/14/2023 14:39,15674.75,15681.25,15674,15680,1246,15669.31101,15672.84212
4/14/2023 14:40,15680,15682.5,15677.5,15678,557,15669.32502,15672.84917
4/14/2023 14:41,15678,15681,15674.75,15675.75,744,15669.33965,15672.85541
4/14/2023 14:42,15675.75,15678,15672,15676.25,915,15669.35355,15672.85996
4/14/2023 14:43,15676,15679.5,15674,15679.25,474,15669.36329,15672.86431
4/14/2023 14:44,15679.25,15682.75,15678,15681.25,619,15669.38074,15672.87366
4/14/2023 14:45,15681.5,15689.75,15681.25,15688.25,998,15669.42304,15672.8998
4/14/2023 14:46,15688.75,15690.25,15681.5,15682.75,1044,15669.46295,15672.92384
4/14/2023 14:47,15683,15683.75,15678.75,15682.75,731,15669.4852,15672.93627
4/14/2023 14:48,15683,15690.75,15681.75,15690.25,861,15669.52371,15672.96053
4/14/2023 14:49,15690.25,15694.75,15689.25,15691.5,919,15669.57426,15672.99384
4/14/2023 14:50,15691.75,15696,15689,15693.5,829,15669.62171,15673.02537
4/14/2023 14:51,15693.25,15694.5,15685.75,15688,627,15669.6522,15673.04505
4/14/2023 14:52,15688.25,15691.5,15685.25,15689.25,467,15669.674,15673.05901
4/14/2023 14:53,15689.5,15690.25,15676,15678,1365,15669.7132,15673.08078
4/14/2023 14:54,15678,15681,15675.25,15677,544,15669.72388,15673.08562
4/14/2023 14:55,15677.25,15682,15676.5,15682,479,15669.73609,15673.09208
4/14/2023 14:56,15682,15687.25,15678.25,15686.25,847,15669.76533,15673.10951
4/14/2023 14:57,15686.75,15691,15685.25,15686.25,592,15669.79086,15673.12569
4/14/2023 14:58,15686,15690.25,15684.5,15690.25,415,15669.80955,15673.13767
4/14/2023 14:59,15689.75,15692.25,15687.25,15689.5,462,15669.8318,15673.15215
4/14/2023 15:00,15689.75,15692.5,15688,15692,351,15669.84967,15673.16391
4/14/2023 15:01,15692.25,15692.75,15687.25,15689.25,913,15669.89362,15673.19256
4/14/2023 15:02,15689,15689,15683.5,15686.5,694,15669.92117,15673.20979
4/14/2023 15:03,15686.5,15687,15683.75,15684.25,457,15669.93779,15673.21996
4/14/2023 15:04,15684,15685.25,15678.5,15681.5,607,15669.95506,15673.22972
4/14/2023 15:05,15682,15685,15680.25,15682.75,493,15669.97013,15673.23848
4/14/2023 15:06,15682.75,15684.25,15674.75,15675.5,1117,15669.9921,15673.24883
4/14/2023 15:07,15675.25,15679.75,15674.5,15678.75,857,15670.00785,15673.25593
4/14/2023 15:08,15678.75,15680.25,15674.5,15678.5,733,15670.02141,15673.26211
4/14/2023 15:09,15678.5,15683.75,15677.5,15683.25,660,15670.03949,15673.27229
4/14/2023 15:10,15683.25,15685.5,15678.5,15682.25,618,15670.05722,15673.28247
4/14/2023 15:11,15682.25,15683.75,15673.5,15676.75,1018,15670.07644,15673.29143
4/14/2023 15:12,15677,15682,15676.25,15678.75,743,15670.09218,15673.29933
4/14/2023 15:13,15678.75,15678.75,15668.75,15670.5,956,15670.098,15673.29821
4/14/2023 15:14,15670.25,15672,15665.75,15669.75,1411,15670.0949,15673.28739
4/14/2023 15:15,15669.75,15670.75,15657.75,15659.5,1530,15670.06818,15673.25733
4/14/2023 15:16,15659.5,15659.75,15640.75,15645.5,3468,15669.8951,15673.10056
4/14/2023 15:17,15645.5,15647.25,15638.5,15645,1695,15669.7915,15673.00888
4/14/2023 15:18,15644.75,15659.5,15643.25,15658.25,1916,15669.72005,15672.9412
4/14/2023 15:19,15658.5,15659.75,15652,15657.75,1149,15669.68502,15672.90678
4/14/2023 15:20,15658,15659,15654.75,15658.5,657,15669.66645,15672.88825
4/14/2023 15:21,15658.5,15663,15654.25,15655.25,1103,15669.63563,15672.85742
4/14/2023 15:22,15655.25,15656,15648,15653.75,1215,15669.58817,15672.81277
4/14/2023 15:23,15653.75,15662.5,15653.5,15662,825,15669.56882,15672.79265
4/14/2023 15:24,15661.75,15668.75,15661.75,15668.75,1549,15669.5577,15672.77482
4/14/2023 15:25,15669,15676.5,15667.5,15674,1785,15669.57029,15672.77448
4/14/2023 15:26,15673.5,15686.25,15673.25,15681.75,2035,15669.62014,15672.80235
4/14/2023 15:27,15681.5,15684.75,15678.75,15680,1103,15669.64884,15672.81886
4/14/2023 15:28,15680.25,15688.5,15680.25,15686.25,1132,15669.68789,15672.84347
4/14/2023 15:29,15686.25,15687.75,15681.5,15683.75,866,15669.71634,15672.86121
4/14/2023 15:30,15683.25,15686.75,15681.5,15683.25,694,15669.73828,15672.87476
4/14/2023 15:31,15683.75,15687,15680,15682,813,15669.76238,15672.8894
4/14/2023 15:32,15682.5,15684.5,15678.75,15683,810,15669.78465,15672.90262
4/14/2023 15:33,15682.75,15686.5,15680.75,15682.75,557,15669.80147,15672.91292
4/14/2023 15:34,15683.25,15687,15680.5,15682,726,15669.82306,15672.9261
4/14/2023 15:35,15681.5,15685,15679.75,15682.5,582,15669.83935,15672.93588
4/14/2023 15:36,15682.25,15688.5,15681.75,15686,947,15669.87206,15672.95675
4/14/2023 15:37,15686.25,15688.5,15680.75,15688.5,764,15669.8992,15672.97422
4/14/2023 15:38,15688.5,15689.75,15681.25,15686.75,948,15669.93274,15672.99582
4/14/2023 15:39,15686.75,15688,15681.5,15685.5,487,15669.94893,15673.00611
4/14/2023 15:40,15686,15695.25,15685.5,15693.75,1262,15670.00878,15673.04708
4/14/2023 15:41,15693.75,15698.75,15690.75,15692.75,1827,15670.10519,15673.11434
4/14/2023 15:42,15693,15696.75,15690.5,15696,671,15670.14089,15673.13932
4/14/2023 15:43,15696,15705,15694.75,15698.5,1711,15670.25011,15673.21768
4/14/2023 15:44,15698.5,15705,15697.5,15703.5,925,15670.31401,15673.264
4/14/2023 15:45,15703.75,15711.25,15701,15708.25,1788,15670.45555,15673.36811
4/14/2023 15:46,15708.5,15715.5,15707.25,15707.75,1444,15670.57945,15673.46004
4/14/2023 15:47,15707.5,15707.5,15700.5,15705.25,1072,15670.65765,15673.51735
4/14/2023 15:48,15705.25,15707,15702.5,15704.5,671,15670.70678,15673.5534
4/14/2023 15:49,15704.5,15709.5,15701.25,15708.5,735,15670.76319,15673.59502
4/14/2023 15:50,15708.5,15713,15705.75,15706.75,818,15670.82942,15673.64414
4/14/2023 15:51,15707,15707.5,15691.75,15694.75,2200,15670.95707,15673.73597
4/14/2023 15:52,15694.75,15703.5,15694.75,15699.25,1029,15671.01892,15673.78074
4/14/2023 15:53,15699.25,15704,15697.5,15699,621,15671.05743,15673.80874
4/14/2023 15:54,15699.25,15702.5,15695,15697.25,774,15671.10215,15673.84103
4/14/2023 15:55,15697,15701.25,15692.25,15694.75,920,15671.15088,15673.8759
4/14/2023 15:56,15694.5,15698.25,15692,15694.5,1896,15671.24604,15673.94366
4/14/2023 15:57,15695,15697.75,15692,15696.5,1655,15671.33022,15674.00386
4/14/2023 15:58,15697,15702,15695.5,15699,1293,15671.40485,15674.05812
4/14/2023 15:59,15699,15705.5,15697.5,15705,1693,15671.51554,15674.13975
4/14/2023 16:00,15705.25,15709.75,15702,15705.5,6018,15671.94104,15674.45713
4/14/2023 16:01,15705.75,15709.5,15701.75,15707.75,3096,15672.15956,15674.62093
4/14/2023 16:02,15708,15711,15707.75,15710.75,1052,15672.24072,15674.68231
4/14/2023 16:03,15710.75,15712.25,15709.25,15711,645,15672.29163,15674.72091
4/14/2023 16:04,15710.75,15712.5,15710,15712.25,605,15672.34018,15674.75778
4/14/2023 16:05,15711.5,15712.75,15710,15711,448,15672.37575,15674.78479
4/14/2023 16:06,15711,15712,15708.75,15711.5,510,15672.41565,15674.81508
4/14/2023 16:07,15711.25,15712,15710.75,15711.5,461,15672.45227,15674.84291
4/14/2023 16:08,15711.75,15714,15711.5,15713.75,452,15672.48964,15674.8714
4/14/2023 16:09,15713.75,15714.25,15712.25,15713.75,310,15672.51544,15674.89109
4/14/2023 16:10,15713.5,15716.75,15713.25,15715.25,529,15672.56118,15674.92609
4/14/2023 16:11,15715.5,15715.5,15713.25,15714.75,236,15672.58127,15674.94146
4/14/2023 16:12,15714.75,15715.25,15712,15712.25,458,15672.61898,15674.97024
4/14/2023 16:13,15712.5,15715.25,15712.25,15714,403,15672.65264,15674.99598
4/14/2023 16:14,15714,15714,15712.25,15712.75,253,15672.67332,15675.01177
4/14/2023 16:15,15712.5,15714.75,15712.5,15713.75,376,15672.70452,15675.03563
4/14/2023 16:16,15713.75,15717.25,15713.75,15716.75,174,15672.71974,15675.0473
4/14/2023 16:17,15716.75,15717.75,15716.5,15716.75,155,15672.73362,15675.05797
4/14/2023 16:18,15717,15718,15716.5,15717.75,115,15672.74401,15675.06596
4/14/2023 16:19,15717.5,15720.75,15716.5,15720.25,181,15672.761,15675.07905
4/14/2023 16:20,15720.25,15727,15720.25,15724,635,15672.82637,15675.12967
4/14/2023 16:21,15724.25,15725.75,15723,15724,251,15672.85242,15675.14986
4/14/2023 16:22,15724.5,15724.75,15721.5,15723.75,262,15672.8791,15675.17052
4/14/2023 16:23,15724,15724,15722.75,15723,38,15672.88296,15675.17351
4/14/2023 16:24,15723.25,15723.75,15721.25,15722.25,78,15672.89075,15675.17954
4/14/2023 16:25,15722.5,15724.5,15722.5,15724.25,57,15672.89659,15675.18407
4/14/2023 16:26,15723.5,15724.25,15723,15723.75,26,15672.89925,15675.18614
4/14/2023 16:27,15723.5,15727.5,15723,15726.75,248,15672.92567,15675.20665
4/14/2023 16:28,15726.5,15728,15725,15725,264,15672.95389,15675.22857
4/14/2023 16:29,15725,15725.25,15723.5,15724.75,108,15672.9651,15675.23727
4/14/2023 16:30,15724.75,15728.5,15724.5,15726,212,15672.98787,15675.25497
4/14/2023 16:31,15725.75,15728.5,15725.75,15727,164,15673.00572,15675.26885
4/14/2023 16:32,15727.5,15729.25,15726.5,15727.5,385,15673.0481,15675.30183
4/14/2023 16:33,15727.25,15731,15727.25,15730.25,359,15673.08881,15675.33358
4/14/2023 16:34,15730,15731.25,15728.25,15729.25,170,15673.1081,15675.34862
4/14/2023 16:35,15729.5,15730.25,15728.25,15728.5,149,15673.12482,15675.36166
4/14/2023 16:36,15728.75,15728.75,15727,15727.5,142,15673.14039,15675.37379
4/14/2023 16:37,15727,15727.5,15726,15726.5,121,15673.15339,15675.3839
4/14/2023 16:38,15726.75,15726.75,15725.5,15726,65,15673.1603,15675.38927
4/14/2023 16:39,15726,15726.5,15725.25,15726,47,15673.16527,15675.39314
4/14/2023 16:40,15726.25,15728.75,15726.25,15728.5,82,15673.17426,15675.40015
4/14/2023 16:41,15729,15731.5,15729,15730.5,332,15673.2123,15675.42985
4/14/2023 16:42,15730.75,15733.25,15730.75,15733,217,15673.23801,15675.44995
4/14/2023 16:43,15732.5,15736.25,15731.75,15735.25,577,15673.30866,15675.50529
4/14/2023 16:44,15735,15736.75,15733.25,15736,217,15673.33559,15675.5264
4/14/2023 16:45,15736.25,15736.25,15734.5,15735.25,63,15673.3434,15675.53253
4/14/2023 16:46,15735,15735,15733,15734,242,15673.37275,15675.55552
4/14/2023 16:47,15733.75,15733.75,15731.25,15731.75,119,15673.38676,15675.56648
4/14/2023 16:48,15731.75,15732.5,15731.5,15732,88,15673.39707,15675.57455
4/14/2023 16:49,15732.25,15733,15729.25,15729.75,154,15673.41469,15675.58833
4/14/2023 16:50,15729.75,15730,15728.5,15729.5,92,15673.42496,15675.59636
4/14/2023 16:51,15728.75,15729.25,15727.5,15727.75,107,15673.43666,15675.60549
4/14/2023 16:52,15727.5,15727.75,15725.5,15726,136,15673.45105,15675.61671
4/14/2023 16:53,15726,15727.25,15725.75,15726.25,92,15673.46077,15675.62429
4/14/2023 16:54,15726,15727,15725.5,15726,76,15673.46877,15675.63053
4/14/2023 16:55,15726.75,15729,15726.25,15728.25,146,15673.48461,15675.64289
4/14/2023 16:56,15728.75,15729.25,15725.75,15725.75,86,15673.49377,15675.65005
4/14/2023 16:57,15726,15726.5,15723.75,15724,67,15673.50062,15675.65538
4/14/2023 16:58,15724,15724.25,15722.25,15723.25,111,15673.51164,15675.66395
4/14/2023 16:59,15723.25,15724,15722.5,15723.5,143,15673.52584,15675.675
4/14/2023 17:00,15723.75,15725,15723,15724.25,125,15673.53844,15675.68481
4/16/2023 18:01,15737.25,15739.5,15728.75,15732.25,468,0,15733.5
4/16/2023 18:02,15732.25,15732.75,15729.25,15729.25,194,0,15732.59642
4/16/2023 18:03,15729.25,15731,15728.5,15729.25,134,0,15732.0892
4/16/2023 18:04,15729.75,15731,15727.25,15728.75,117,0,15731.69332
4/16/2023 18:05,15728.5,15728.5,15724.5,15725.5,146,0,15730.93138
4/16/2023 18:06,15725,15728,15723.5,15728,94,0,15730.57011
4/16/2023 18:07,15727.25,15729.25,15727,15728.25,76,0,15730.42148
4/16/2023 18:08,15728,15730,15728,15730,29,0,15730.3964
4/16/2023 18:09,15729.5,15730,15728.75,15728.75,41,0,15730.35758
4/16/2023 18:10,15728.5,15728.75,15727.25,15728.75,59,0,15730.26602
4/16/2023 18:11,15729,15729,15725.25,15726.75,103,0,15730.03576
4/16/2023 18:12,15726.75,15727,15725.25,15725.75,39,0,15729.93083
4/16/2023 18:13,15725.5,15726.25,15723.5,15724,40,0,15729.79194
4/16/2023 18:14,15724.25,15724.75,15723.75,15723.75,21,0,15729.71514
4/16/2023 18:15,15723.5,15723.75,15720.75,15722.25,120,0,15729.18223
4/16/2023 18:16,15722.75,15723,15721.5,15723,38,0,15729.03452
4/16/2023 18:17,15723.75,15723.75,15719.75,15719.75,131,0,15728.47149
4/16/2023 18:18,15719.5,15719.75,15718.25,15719.5,53,0,15728.21234
4/16/2023 18:19,15719.75,15720,15717.75,15717.75,56,0,15727.9347
4/16/2023 18:20,15718.5,15718.5,15715.25,15718,108,0,15727.37643
4/16/2023 18:21,15718.5,15721.75,15717.5,15721.75,82,0,15727.10769
4/16/2023 18:22,15721.25,15721.75,15720.25,15721.75,30,0,15727.02704
4/16/2023 18:23,15721.75,15722,15721.5,15722,10,0,15727.00331
4/16/2023 18:24,15722.25,15724.25,15721.75,15723,82,0,15726.85876
4/16/2023 18:25,15722.75,15723.25,15721.25,15721.5,33,0,15726.78917
4/16/2023 18:26,15721,15722,15717.75,15717.75,47,0,15726.63679
4/16/2023 18:27,15718.75,15718.75,15717.25,15717.5,31,0,15726.52222
4/16/2023 18:28,15717.5,15718.5,15717.5,15717.5,23,0,15726.43912
4/16/2023 18:29,15717.25,15720.75,15717.25,15719.75,62,0,15726.25844
4/16/2023 18:30,15720.25,15722,15717.25,15717.75,69,0,15726.06096
4/16/2023 18:31,15718,15718.25,15713.5,15714.5,95,0,15725.67661
4/16/2023 18:32,15714.75,15714.75,15713.25,15714.75,51,0,15725.45933
4/16/2023 18:33,15714.5,15714.75,15713.75,15714.25,26,0,15725.3517
4/16/2023 18:34,15714.75,15717.5,15713.5,15717,107,0,15724.99624
4/16/2023 18:35,15717.25,15718.5,15716,15716.75,70,0,15724.80425
4/16/2023 18:36,15716.75,15717,15714,15714.25,34,0,15724.69102
4/16/2023 18:37,15714.5,15714.5,15710.75,15711.75,108,0,15724.25011
4/16/2023 18:38,15711.75,15713.75,15711.75,15713.75,53,0,15724.05795
4/16/2023 18:39,15714,15714.5,15713,15714.5,39,0,15723.93219
4/16/2023 18:40,15714.75,15715.5,15713.5,15714.75,34,0,15723.83138
4/16/2023 18:41,15714.75,15715.25,15713.75,15715.25,23,0,15723.76561
4/16/2023 18:42,15715.5,15716.5,15715.5,15716.5,21,0,15723.7157
4/16/2023 18:43,15716.25,15717.25,15716.25,15717,23,0,15723.66654
4/16/2023 18:44,15716.25,15716.25,15713.25,15713.25,24,0,15723.59687
4/16/2023 18:45,15713.25,15715.25,15712.75,15715,41,0,15723.48125
4/16/2023 18:46,15714.5,15715.25,15712.25,15715.25,63,0,15723.30755
4/16/2023 18:47,15715.5,15717.5,15715.5,15717.5,44,0,15723.22357
4/16/2023 18:48,15717.75,15718.5,15716.75,15717.25,28,0,15723.17671
4/16/2023 18:49,15717,15717,15714.75,15715,22,0,15723.12817
4/16/2023 18:50,15715,15715.25,15714.25,15714.75,11,0,15723.10148
4/16/2023 18:51,15714.5,15717,15714.5,15715.75,27,0,15723.04444
4/16/2023 18:52,15716,15717,15714.5,15714.75,44,0,15722.94921
4/16/2023 18:53,15715,15715,15712.75,15713.75,33,0,15722.86463
4/16/2023 18:54,15714,15714.75,15713.75,15714,28,0,15722.7967
4/16/2023 18:55,15714.5,15719.75,15713.75,15718,112,0,15722.62614
4/16/2023 18:56,15718.25,15721.75,15717,15720.75,120,0,15722.53834
4/16/2023 18:57,15720.5,15721.75,15719.25,15719.25,52,0,15722.50534
4/16/2023 18:58,15719.25,15721.5,15719.25,15719.75,31,0,15722.48675
4/16/2023 18:59,15720,15720,15719.5,15719.75,21,0,15722.47209
4/16/2023 19:00,15720.25,15720.75,15719,15719,18,0,15722.45889
4/16/2023 19:01,15719.5,15720.75,15717.25,15717.5,80,0,15722.38009
4/16/2023 19:02,15717.75,15717.75,15715.75,15715.75,36,0,15722.32715
4/16/2023 19:03,15715.5,15716.25,15711.75,15714,98,0,15722.13065
4/16/2023 19:04,15714,15714,15711.75,15713,84,0,15721.94798
4/16/2023 19:05,15713.25,15714.75,15713,15713.25,40,0,15721.87053
4/16/2023 19:06,15713.5,15714.5,15713,15714,21,0,15721.83126
4/16/2023 19:07,15714.5,15714.5,15713,15713.25,25,0,15721.78356
4/16/2023 19:08,15713.75,15713.75,15712,15712.75,24,0,15721.73415
4/16/2023 19:09,15712.25,15712.5,15710.25,15711,96,0,15721.50761
4/16/2023 19:10,15711.5,15712.75,15710.75,15711.75,40,0,15721.42055
4/16/2023 19:11,15711.25,15711.75,15708.5,15709.75,108,0,15721.15189
4/16/2023 19:12,15709.75,15712,15705.75,15707.75,147,0,15720.75936
4/16/2023 19:13,15708,15708.5,15707.25,15708,28,0,15720.68391
4/16/2023 19:14,15707.75,15710,15707.75,15708.75,49,0,15720.56331
4/16/2023 19:15,15707.75,15708,15706.75,15707.75,34,0,15720.47171
4/16/2023 19:16,15707,15708.5,15706.75,15708.25,28,0,15720.39915
4/16/2023 19:17,15708.25,15708.5,15706.5,15706.5,16,0,15720.35588
4/16/2023 19:18,15706.5,15706.75,15705.5,15706.5,47,0,15720.22168
4/16/2023 19:19,15706.75,15706.75,15703.25,15703.25,99,0,15719.91116
4/16/2023 19:20,15703.75,15704.5,15702,15704.5,65,0,15719.70428
4/16/2023 19:21,15704,15707.5,15702.75,15707.5,79,0,15719.49413
4/16/2023 19:22,15707.75,15709.75,15707.25,15708,57,0,15719.37273
4/16/2023 19:23,15708,15708,15705.25,15705.75,40,0,15719.27394
4/16/2023 19:24,15705.75,15705.75,15703.25,15704.5,40,0,15719.16286
4/16/2023 19:25,15704.75,15706,15704.5,15705.75,38,0,15719.06537
4/16/2023 19:26,15705.25,15705.75,15704.75,15705.75,12,0,15719.03487
4/16/2023 19:27,15706,15706.5,15705.75,15705.75,22,0,15718.98169
4/16/2023 19:28,15705.75,15708.5,15705.75,15708.5,22,0,15718.93537
4/16/2023 19:29,15708.5,15709.25,15708.5,15709.25,26,0,15718.88788
4/16/2023 19:30,15709.5,15709.5,15707.5,15707.75,21,0,15718.84698
4/16/2023 19:31,15707,15709,15706.75,15708.25,60,0,15718.72909
4/16/2023 19:32,15708.75,15713.75,15708.75,15712.25,181,0,15718.50227
4/16/2023 19:33,15712.5,15712.75,15711,15711.25,28,0,15718.46886
4/16/2023 19:34,15710.75,15713.5,15710.5,15712.75,56,0,15718.40867
4/16/2023 19:35,15713,15713.25,15711.5,15711.5,22,0,15718.38471
4/16/2023 19:36,15711.75,15713,15710.75,15713,35,0,15718.34797
4/16/2023 19:37,15713.75,15714.25,15712.75,15713.25,35,0,15718.3186
4/16/2023 19:38,15713.5,15713.75,15711,15712,45,0,15718.2725
4/16/2023 19:39,15712.5,15714.75,15712.5,15713.25,45,0,15718.23651
4/16/2023 19:40,15713.25,15713.25,15710.75,15711.25,28,0,15718.20622
4/16/2023 19:41,15710.5,15711,15709.75,15710.25,21,0,15718.17874
4/16/2023 19:42,15710.5,15711.75,15710.25,15710.25,13,0,15718.16273
4/16/2023 19:43,15711.25,15711.25,15710.75,15711.25,12,0,15718.14867
4/16/2023 19:44,15710.75,15710.75,15708.25,15709,33,0,15718.10078
4/16/2023 19:45,15708.75,15709.5,15705.5,15706,61,0,15717.99043
4/16/2023 19:46,15706.75,15711.25,15706.75,15710.75,58,0,15717.9117
4/16/2023 19:47,15711,15711.75,15710,15710,31,0,15717.87521
4/16/2023 19:48,15709.25,15709.25,15708.25,15708.25,19,0,15717.84693
4/16/2023 19:49,15708.75,15710.5,15708.75,15710,27,0,15717.81207
4/16/2023 19:50,15710,15710,15709,15709.75,11,0,15717.79766
4/16/2023 19:51,15710,15711.5,15709.5,15710,27,0,15717.76572
4/16/2023 19:52,15710.75,15713.25,15710.25,15712.5,92,0,15717.68285
4/16/2023 19:53,15712.75,15713.75,15712.25,15713.25,23,0,15717.66638
4/16/2023 19:54,15713.25,15713.5,15711,15713,53,0,15717.62411
4/16/2023 19:55,15713,15714,15710.75,15711.5,53,0,15717.57913
4/16/2023 19:56,15711.75,15712,15709.5,15709.5,34,0,15717.5416
4/16/2023 19:57,15710.25,15710.25,15708.5,15709.25,33,0,15717.50054
4/16/2023 19:58,15709.5,15709.75,15708.5,15708.5,30,0,15717.46168
4/16/2023 19:59,15708.25,15709,15707.5,15708.5,32,0,15717.41782
4/16/2023 20:00,15708.75,15712.5,15708.75,15711.5,46,0,15717.37322
4/16/2023 20:01,15711.25,15714.75,15709.25,15714.25,120,0,15717.29193
4/16/2023 20:02,15714.5,15717.75,15714.25,15716.5,142,0,15717.26899
4/16/2023 20:03,15716.75,15718.25,15715.25,15715.75,75,0,15717.25992
4/16/2023 20:04,15715,15715,15713.5,15714.75,64,0,15717.23431
4/16/2023 20:05,15714,15714.5,15712.75,15714.25,29,0,15717.22049
4/16/2023 20:06,15714.25,15715,15713.25,15713.5,33,0,15717.20528
4/16/2023 20:07,15713.25,15714.75,15712.5,15713.5,56,0,15717.1772
4/16/2023 20:08,15713,15713,15711.75,15712.5,52,0,15717.14318
4/16/2023 20:09,15712.75,15716,15712.75,15714,75,0,15717.11366
4/16/2023 20:10,15714.25,15714.25,15712.75,15714,26,0,15717.10151
4/16/2023 20:11,15714.5,15717,15714,15717,51,0,15717.09395
4/16/2023 20:12,15716,15716.5,15715.25,15716,34,0,15717.08858
4/16/2023 20:13,15717,15717.75,15715,15715.5,52,0,15717.08163
4/16/2023 20:14,15715.5,15715.5,15710.5,15711.75,135,0,15717.00223
4/16/2023 20:15,15711.25,15714.5,15711.25,15714,34,0,15716.98563
4/16/2023 20:16,15714.5,15716,15710.75,15711.25,70,0,15716.94663
4/16/2023 20:17,15711.5,15713,15711.5,15711.75,37,0,15716.92353
4/16/2023 20:18,15711.5,15713.25,15711.25,15712.75,32,0,15716.9051
4/16/2023 20:19,15712.5,15714.5,15712.5,15714.5,58,0,15716.88249
4/16/2023 20:20,15714,15714.5,15712,15713,35,0,15716.86606
4/16/2023 20:21,15712.75,15715,15712.5,15715,35,0,15716.85417
4/16/2023 20:22,15715.25,15718.25,15715,15718.25,78,0,15716.85721
4/16/2023 20:23,15718,15719.25,15716.75,15717.5,58,0,15716.86421
4/16/2023 20:24,15717.5,15720.75,15717.5,15720.25,110,0,15716.89959
4/16/2023 20:25,15720,15720.25,15717.75,15718,30,0,15716.90603
4/16/2023 20:26,15718,15719.25,15718,15718.75,19,0,15716.91009
4/16/2023 20:27,15717.75,15717.75,15717.25,15717.5,16,0,15716.91123
4/16/2023 20:28,15718,15718,15714.5,15715.75,76,0,15716.90368
4/16/2023 20:29,15715.5,15715.5,15714,15714,37,0,15716.89306
4/16/2023 20:30,15714,15715.25,15713.25,15714.5,70,0,15716.87184
4/16/2023 20:31,15714.25,15717.75,15713.75,15717.25,70,0,15716.86673
4/16/2023 20:32,15716.5,15717.75,15716.25,15717.25,30,0,15716.86749
4/16/2023 20:33,15717.25,15718.5,15716.5,15717.75,22,0,15716.86933
4/16/2023 20:34,15717.5,15720.25,15717.5,15719.25,75,0,15716.88782
4/16/2023 20:35,15719.25,15720.75,15718.75,15719,43,0,15716.90076
4/16/2023 20:36,15718.75,15718.75,15716,15717.25,41,0,15716.90279
4/16/2023 20:37,15716.75,15717,15715.5,15715.75,21,0,15716.90082
4/16/2023 20:38,15716,15716.5,15714.5,15715.5,36,0,15716.89508
4/16/2023 20:39,15715.75,15715.75,15712,15712.5,65,0,15716.86952
4/16/2023 20:40,15712.25,15714.5,15712.25,15714,38,0,15716.85547
4/16/2023 20:41,15714.75,15715.75,15712.75,15712.75,58,0,15716.83533
4/16/2023 20:42,15712.5,15713,15711.5,15712.75,59,0,15716.80637
4/16/2023 20:43,15712.25,15715.75,15712.25,15715.5,61,0,15716.79084
4/16/2023 20:44,15715,15715,15713.5,15713.5,24,0,15716.78347
4/16/2023 20:45,15714.25,15714.25,15712,15712,34,0,15716.76844
4/16/2023 20:46,15711.75,15712.5,15710.5,15712,63,0,15716.73344
4/16/2023 20:47,15711.5,15712.5,15710.75,15711,22,0,15716.72073
4/16/2023 20:48,15711,15714,15710,15713.75,53,0,15716.69705
4/16/2023 20:49,15713.75,15714.5,15713.25,15713.75,29,0,15716.68811
4/16/2023 20:50,15713.25,15713.25,15710.25,15711.5,62,0,15716.65481
4/16/2023 20:51,15710.75,15710.75,15706.25,15707.75,107,0,15716.55972
4/16/2023 20:52,15707.25,15708,15703.25,15704.5,99,0,15716.44255
4/16/2023 20:53,15704.5,15707.25,15704.5,15706,51,0,15716.38667
4/16/2023 20:54,15705.5,15706.75,15704.25,15706,48,0,15716.33338
4/16/2023 20:55,15705.25,15707.25,15704.5,15706.5,54,0,15716.27637
4/16/2023 20:56,15706.25,15706.75,15703.75,15704.25,51,0,15716.21701
4/16/2023 20:57,15704.5,15704.5,15702.25,15704,111,0,15716.07494
4/16/2023 20:58,15703.75,15704.75,15701.5,15703,77,0,15715.97438
4/16/2023 20:59,15703.25,15704.5,15701.5,15702,75,0,15715.8748
4/16/2023 21:00,15701.5,15703.25,15700.5,15701.5,70,0,15715.77684
4/16/2023 21:01,15702,15704,15701.5,15702,113,0,15715.62984
4/16/2023 21:02,15701.5,15704.75,15701,15704.25,64,0,15715.55321
4/16/2023 21:03,15704.25,15706,15703.25,15703.25,101,0,15715.44232
4/16/2023 21:04,15703.25,15703.5,15701.5,15702.25,55,0,15715.37361
4/16/2023 21:05,15702.25,15702.25,15699.25,15700,156,0,15715.15434
4/16/2023 21:06,15699.75,15702.75,15699.5,15701.25,79,0,15715.05069
4/16/2023 21:07,15701,15701.25,15699,15699.25,63,0,15714.96129
4/16/2023 21:08,15699.25,15700.75,15698.75,15700.5,67,0,15714.8684
4/16/2023 21:09,15700,15704.75,15700,15703.75,113,0,15714.74368
4/16/2023 21:10,15703.5,15704.5,15702.75,15703.5,32,0,15714.71102
4/16/2023 21:11,15703,15705,15702.75,15704.25,62,0,15714.65064
4/16/2023 21:12,15704,15704.5,15702.5,15702.75,64,0,15714.58468
4/16/2023 21:13,15703.5,15703.75,15702.75,15703.25,21,0,15714.5632
4/16/2023 21:14,15703.25,15704.25,15703.25,15703.75,31,0,15714.53304
4/16/2023 21:15,15704.25,15704.75,15702.5,15703.25,62,0,15714.47184
4/16/2023 21:16,15703.25,15703.75,15701.25,15701.25,65,0,15714.4002
4/16/2023 21:17,15701.25,15701.75,15700.25,15700.5,50,0,15714.34012
4/16/2023 21:18,15701.25,15702.75,15700,15702.75,66,0,15714.26744
4/16/2023 21:19,15702.75,15704.5,15702,15704.5,59,0,15714.21265
4/16/2023 21:20,15704.75,15705.75,15704.25,15705.5,45,0,15714.17714
4/16/2023 21:21,15705.5,15706.75,15704.5,15705.25,58,0,15714.13345
4/16/2023 21:22,15705.75,15706,15704.5,15705,54,0,15714.09161
4/16/2023 21:23,15704.25,15705.5,15703,15705,29,0,15714.06763
4/16/2023 21:24,15705,15706,15704.75,15705.25,21,0,15714.05185
4/16/2023 21:25,15705.25,15706,15705,15706,24,0,15714.03457
4/16/2023 21:26,15706.25,15706.5,15704.75,15705.5,75,0,15713.9805
4/16/2023 21:27,15705.25,15705.5,15703.25,15703.5,69,0,15713.92258
4/16/2023 21:28,15703.75,15704,15703.25,15703.25,35,0,15713.89174
4/16/2023 21:29,15702.75,15703,15702.25,15702.5,34,0,15713.85932
4/16/2023 21:30,15703.25,15703.25,15700.5,15700.5,48,0,15713.80916
4/16/2023 21:31,15701.25,15701.5,15699.75,15701,64,0,15713.73935
4/16/2023 21:32,15701.25,15701.5,15699.75,15701.25,83,0,15713.65049
4/16/2023 21:33,15701.25,15703.75,15701.25,15703,48,0,15713.60693
4/16/2023 21:34,15703.25,15704.75,15703,15703.5,81,0,15713.5414
4/16/2023 21:35,15703.75,15705.5,15703,15705.5,60,0,15713.49791
4/16/2023 21:36,15705.5,15706,15704.25,15705.5,55,0,15713.46103
4/16/2023 21:37,15705.5,15706,15702.25,15703.5,59,0,15713.41546
4/16/2023 21:38,15703.75,15704.75,15703.5,15703.5,30,0,15713.39246
4/16/2023 21:39,15703.75,15705,15702.75,15705,24,0,15713.37478
4/16/2023 21:40,15705.25,15705.25,15702.5,15703,43,0,15713.34097
4/16/2023 21:41,15702.75,15706.5,15702.25,15706.5,101,0,15713.27455
4/16/2023 21:42,15706.75,15708.25,15706,15707,88,0,15713.23146
4/16/2023 21:43,15707,15708,15706.25,15708,50,0,15713.20856
4/16/2023 21:44,15708.25,15711,15707.75,15710.75,148,0,15713.16966
4/16/2023 21:45,15711,15712.5,15710.75,15712.5,92,0,15713.16075
4/16/2023 21:46,15712.75,15713.75,15711.25,15713.75,120,0,15713.1585
4/16/2023 21:47,15713.25,15714.25,15711.75,15712.5,94,0,15713.15618
4/16/2023 21:48,15712.75,15716,15712.75,15715.25,95,0,15713.16701
4/16/2023 21:49,15715,15715,15711,15711,92,0,15713.16126
4/16/2023 21:50,15711.25,15714,15711,15711.25,62,0,15713.15627
4/16/2023 21:51,15711.5,15712.75,15711,15711.75,41,0,15713.15224
4/16/2023 21:52,15711,15713.75,15711,15712.5,51,0,15713.14946
4/16/2023 21:53,15713.25,15715.25,15713.25,15715.25,42,0,15713.15391
4/16/2023 21:54,15715,15715.75,15713.75,15713.75,53,0,15713.15883
4/16/2023 21:55,15713,15713.25,15710.5,15710.5,100,0,15713.1461
4/16/2023 21:56,15710.5,15712,15710,15710.25,63,0,15713.13512
4/16/2023 21:57,15710.25,15710.75,15709.75,15710,55,0,15713.12329
4/16/2023 21:58,15709.5,15709.5,15708.25,15708.75,79,0,15713.09888
4/16/2023 21:59,15708.5,15709.25,15708.25,15708.5,72,0,15713.07601
4/16/2023 22:00,15708.5,15709.75,15708.5,15708.75,34,0,15713.0661
4/16/2023 22:01,15708.75,15712.25,15708.75,15710.75,89,0,15713.0504
4/16/2023 22:02,15710.25,15710.25,15709.25,15709.5,51,0,15713.03818
4/16/2023 22:03,15709.5,15710.5,15707.25,15707.75,67,0,15713.01676
4/16/2023 22:04,15708,15709.25,15705.75,15706.5,48,0,15712.99705
4/16/2023 22:05,15706.25,15707.25,15704.25,15706.25,70,0,15712.96241
4/16/2023 22:06,15706.25,15707.25,15705,15705,49,0,15712.93781
4/16/2023 22:07,15705,15705.5,15704,15705.5,54,0,15712.90807
4/16/2023 22:08,15705.5,15706.25,15705,15705,23,0,15712.89614
4/16/2023 22:09,15704.75,15706.25,15703.25,15703.5,80,0,15712.84895
4/16/2023 22:10,15703.5,15705.25,15703.5,15705.25,23,0,15712.83601
4/16/2023 22:11,15705,15706,15703,15703.75,43,0,15712.81069
4/16/2023 22:12,15704.25,15705.25,15704,15704.75,66,0,15712.774
4/16/2023 22:13,15704.25,15704.25,15702.25,15702.5,58,0,15712.73546
4/16/2023 22:14,15702.5,15703.75,15702.5,15703.75,24,0,15712.72014
4/16/2023 22:15,15703.5,15704.75,15703.5,15704.5,20,0,15712.70866
4/16/2023 22:16,15704.75,15706.25,15703.5,15704.25,66,0,15712.67284
4/16/2023 22:17,15704.75,15705.5,15702.75,15705,21,0,15712.66116
4/16/2023 22:18,15705.25,15707,15704.75,15705,51,0,15712.63692
4/16/2023 22:19,15705.5,15705.75,15703.75,15705.5,39,0,15712.61696
4/16/2023 22:20,15706,15708,15706,15707.75,56,0,15712.59691
4/16/2023 22:21,15707.75,15707.75,15705.75,15706.75,55,0,15712.57553
4/16/2023 22:22,15706.75,15707,15705.25,15705.25,21,0,15712.56613
4/16/2023 22:23,15705,15707.25,15703.75,15706.25,68,0,15712.53549
4/16/2023 22:24,15706.5,15707.25,15704.75,15705.5,29,0,15712.52267
4/16/2023 22:25,15705,15706.5,15704.5,15706.5,12,0,15712.51738
4/16/2023 22:26,15707,15707,15706,15706.25,10,0,15712.51336
4/16/2023 22:27,15706.5,15707.25,15706.5,15706.75,14,0,15712.50812
4/16/2023 22:28,15706.5,15707.25,15706,15706.25,13,0,15712.50299
4/16/2023 22:29,15706.5,15708,15705.75,15708,23,0,15712.49505
4/16/2023 22:30,15708,15709.25,15706.75,15708.5,60,0,15712.47807
4/16/2023 22:31,15708.75,15709.25,15708,15708.75,49,0,15712.46589
4/16/2023 22:32,15708.5,15708.5,15707.5,15708,16,0,15712.46124
4/16/2023 22:33,15708.25,15709.75,15708.25,15709.25,24,0,15712.45597
4/16/2023 22:34,15709.25,15709.75,15708.75,15709,27,0,15712.4502
4/16/2023 22:35,15709,15711.75,15709,15711,74,0,15712.44128
4/16/2023 22:36,15710.75,15712.75,15710.75,15712.25,47,0,15712.43969
4/16/2023 22:37,15712.25,15712.25,15710.75,15711.25,33,0,15712.43752
4/16/2023 22:38,15711,15711,15709.75,15710.25,35,0,15712.4328
4/16/2023 22:39,15710.75,15711,15708.25,15709.25,52,0,15712.42305
4/16/2023 22:40,15708.75,15710.5,15707.75,15709,70,0,15712.40818
4/16/2023 22:41,15709.5,15710.75,15708.75,15710.5,40,0,15712.40206
4/16/2023 22:42,15710.25,15710.5,15710,15710.5,15,0,15712.4001
4/16/2023 22:43,15710,15711.5,15710,15710,17,0,15712.39805
4/16/2023 22:44,15710.5,15711.5,15709.75,15711.5,33,0,15712.39496
4/16/2023 22:45,15711.75,15711.75,15710.25,15710.25,25,0,15712.39237
4/16/2023 22:46,15710.5,15710.5,15708.75,15709,22,0,15712.38824
4/16/2023 22:47,15708.75,15709,15706.75,15708.25,60,0,15712.37171
4/16/2023 22:48,15708.25,15709,15707,15707.75,29,0,15712.36362
4/16/2023 22:49,15707.5,15708.5,15707.25,15707.25,22,0,15712.35715
4/16/2023 22:50,15708.25,15708.5,15707.5,15708.5,27,0,15712.35008
4/16/2023 22:51,15708.75,15710.5,15706,15706.5,174,0,15712.29972
4/16/2023 22:52,15706.75,15708.25,15706.5,15707.75,17,0,15712.29468
4/16/2023 22:53,15707.75,15709,15707.75,15708,13,0,15712.29144
4/16/2023 22:54,15708.5,15710.75,15708.5,15709.75,40,0,15712.28498
4/16/2023 22:55,15709.5,15710.25,15708.75,15709,19,0,15712.28153
4/16/2023 22:56,15710,15710.25,15708.75,15709,19,0,15712.27809
4/16/2023 22:57,15708.25,15708.5,15707.5,15707.75,12,0,15712.27488
4/16/2023 22:58,15707.25,15707.5,15706.5,15706.75,18,0,15712.26897
4/16/2023 22:59,15707.25,15708.25,15706.75,15708.25,13,0,15712.26537
4/16/2023 23:00,15708,15709.5,15708,15708.25,22,0,15712.26042
4/16/2023 23:01,15708.75,15709.5,15708.25,15708.75,22,0,15712.25582
4/16/2023 23:02,15708.5,15708.75,15708,15708.25,23,0,15712.25032
4/16/2023 23:03,15708.25,15708.5,15707.25,15707.75,15,0,15712.24628
4/16/2023 23:04,15707.5,15709.75,15707.25,15708.75,64,0,15712.23205
4/16/2023 23:05,15708,15708.5,15707.5,15708.5,16,0,15712.22811
4/16/2023 23:06,15708.75,15709,15708,15708.25,15,0,15712.22465
4/16/2023 23:07,15708.75,15708.75,15707.25,15707.75,20,0,15712.21943
4/16/2023 23:08,15707.75,15709.25,15707.75,15708.75,20,0,15712.21504
4/16/2023 23:09,15708.75,15708.75,15708,15708,7,0,15712.21336
4/16/2023 23:10,15708.25,15708.5,15707.75,15708.25,11,0,15712.21067
4/16/2023 23:11,15708.5,15708.5,15707.25,15707.25,19,0,15712.20547
4/16/2023 23:12,15707,15707.25,15706.25,15707,31,0,15712.19545
4/16/2023 23:13,15707.25,15708.5,15706.5,15708.25,45,0,15712.18344
4/16/2023 23:14,15708.25,15708.25,15705.75,15707,40,0,15712.17103
4/16/2023 23:15,15707.25,15707.75,15707.25,15707.25,8,0,15712.16875
4/16/2023 23:16,15707.25,15707.25,15706,15706.25,27,0,15712.15961
4/16/2023 23:17,15706.5,15706.5,15704.5,15704.5,19,0,15712.15168
4/16/2023 23:18,15704.5,15706,15704.25,15705.5,25,0,15712.1414
4/16/2023 23:19,15706,15706.75,15705.5,15705.5,22,0,15712.13325
4/16/2023 23:20,15706,15708.25,15706,15708.25,56,0,15712.11785
4/16/2023 23:21,15708,15708.25,15707.5,15708,17,0,15712.11362
4/16/2023 23:22,15708.25,15708.75,15708.25,15708.5,15,0,15712.11041
4/16/2023 23:23,15709,15709.5,15708,15708.75,41,0,15712.10228
4/16/2023 23:24,15708.25,15708.5,15708,15708.5,8,0,15712.1005
4/16/2023 23:25,15708.25,15708.25,15708.25,15708.25,5,0,15712.09936
4/16/2023 23:26,15708.25,15708.25,15707.25,15708,7,0,15712.0976
4/16/2023 23:27,15708,15708.75,15707.75,15707.75,8,0,15712.09571
4/16/2023 23:28,15707.5,15708.5,15707.5,15708.5,36,0,15712.08738
4/16/2023 23:29,15708.75,15710,15708.75,15709.5,25,0,15712.08346
4/16/2023 23:30,15709.25,15709.5,15708.75,15708.75,23,0,15712.0793
4/16/2023 23:31,15708.25,15708.25,15707.25,15708,37,0,15712.0701
4/16/2023 23:32,15707.75,15708.25,15707.5,15708.25,21,0,15712.0651
4/16/2023 23:33,15708.75,15709.25,15707,15708,43,0,15712.05512
4/16/2023 23:34,15707.75,15707.75,15706.25,15706.25,39,0,15712.04308
4/16/2023 23:35,15706.5,15706.75,15705.75,15706.5,31,0,15712.0328
4/16/2023 23:36,15706.75,15706.75,15706.25,15706.75,11,0,15712.02932
4/16/2023 23:37,15706.75,15707,15706.5,15707,13,0,15712.0254
4/16/2023 23:38,15707.5,15708,15707,15707.5,19,0,15712.02042
4/16/2023 23:39,15706.5,15706.75,15705.75,15706.5,21,0,15712.0135
4/16/2023 23:40,15706.25,15707.5,15706.25,15707.5,12,0,15712.01008
4/16/2023 23:41,15707,15707.5,15706.25,15706.5,19,0,15712.00431
4/16/2023 23:42,15706.25,15707.25,15705.75,15706.5,13,0,15712.00018
4/16/2023 23:43,15706.25,15706.5,15705.25,15705.75,18,0,15711.99378
4/16/2023 23:44,15706,15707.25,15706,15707,8,0,15711.99136
4/16/2023 23:45,15707.25,15708.25,15706.5,15708,46,0,15711.9797
4/16/2023 23:46,15708,15709.25,15708,15708.75,35,0,15711.97305
4/16/2023 23:47,15708.75,15708.75,15706.75,15706.75,15,0,15711.96913
4/16/2023 23:48,15706.5,15707,15705.75,15706.25,14,0,15711.96461
4/16/2023 23:49,15706.75,15707.25,15706.5,15707.25,12,0,15711.9612
4/16/2023 23:50,15707.75,15708,15707.25,15708,6,0,15711.95976
4/16/2023 23:51,15708,15708,15708,15708,2,0,15711.9593
4/16/2023 23:52,15707.75,15708,15707.5,15708,17,0,15711.95529
4/16/2023 23:53,15707.5,15707.75,15707.25,15707.5,5,0,15711.95402
4/16/2023 23:54,15708,15708.75,15707.75,15708.25,22,0,15711.94937
4/16/2023 23:55,15707.25,15707.25,15706.5,15706.75,23,0,15711.94266
4/16/2023 23:56,15707.25,15707.5,15706.75,15707,9,0,15711.94017
4/16/2023 23:57,15706.75,15707.75,15706.75,15707.25,11,0,15711.93724
4/16/2023 23:58,15706.75,15707.25,15705.75,15705.75,22,0,15711.93012
4/16/2023 23:59,15705.5,15706.75,15705.5,15706,16,0,15711.92481
4/17/2023 0:00,15705.75,15707,15705.75,15707,27,0,15711.91663
4/17/2023 0:01,15706.25,15707.25,15706,15707,39,0,15711.90523
4/17/2023 0:02,15707.25,15710.75,15707,15709.5,162,0,15711.87959
4/17/2023 0:03,15709.75,15710,15707.75,15708.75,64,0,15711.8687
4/17/2023 0:04,15708.75,15708.75,15707.25,15707.75,33,0,15711.86142
4/17/2023 0:05,15708,15708,15706.75,15706.75,11,0,15711.85854
4/17/2023 0:06,15706.75,15706.75,15706.25,15706.25,11,0,15711.85521
4/17/2023 0:07,15706.5,15707.5,15705,15705,33,0,15711.84416
4/17/2023 0:08,15705.25,15707,15705.25,15706.75,30,0,15711.83498
4/17/2023 0:09,15706.75,15706.75,15706.5,15706.75,3,0,15711.83412
4/17/2023 0:10,15707.25,15707.75,15707,15707,12,0,15711.83107
4/17/2023 0:11,15706.5,15707,15705.75,15705.75,21,0,15711.82448
4/17/2023 0:12,15705.5,15705.75,15703.75,15705.75,56,0,15711.80363
4/17/2023 0:13,15706,15706,15704.5,15705,13,0,15711.79887
4/17/2023 0:14,15704.75,15705.25,15703.75,15704.25,38,0,15711.78342
4/17/2023 0:15,15704.25,15704.75,15704,15704.25,33,0,15711.7699
4/17/2023 0:16,15704.25,15705.25,15703.5,15703.5,43,0,15711.75177
4/17/2023 0:17,15703.5,15704.75,15703,15704.5,33,0,15711.73792
4/17/2023 0:18,15704.5,15705,15704.5,15705,8,0,15711.7349
4/17/2023 0:19,15705,15705,15703.5,15703.5,12,0,15711.72982
4/17/2023 0:20,15703.5,15704.5,15703.25,15703.25,14,0,15711.72365
4/17/2023 0:21,15704,15704.25,15702.25,15703,30,0,15711.70965
4/17/2023 0:22,15702.5,15703.75,15702.25,15703.75,20,0,15711.70043
4/17/2023 0:23,15704,15706,15704,15705.25,45,0,15711.68424
4/17/2023 0:24,15705,15706,15704.75,15705.75,16,0,15711.67886
4/17/2023 0:25,15705.5,15706.25,15705.5,15706,30,0,15711.66949
4/17/2023 0:26,15706.5,15706.75,15705.25,15705.5,22,0,15711.66254
4/17/2023 0:27,15705,15706.75,15705,15705.75,13,0,15711.65844
4/17/2023 0:28,15704.75,15705,15704.25,15704.5,24,0,15711.64926
4/17/2023 0:29,15704.5,15705.5,15704.5,15705.5,11,0,15711.6454
4/17/2023 0:30,15705.5,15706,15705.5,15706,9,0,15711.64258
4/17/2023 0:31,15705.75,15706.75,15705.75,15706.25,23,0,15711.63589
4/17/2023 0:32,15706,15706.5,15705.5,15706.5,13,0,15711.63206
4/17/2023 0:33,15706.75,15706.75,15706.25,15706.75,25,0,15711.62527
4/17/2023 0:34,15706.25,15706.25,15705.25,15706,19,0,15711.61935
4/17/2023 0:35,15706.25,15706.5,15705.5,15706.5,19,0,15711.61379
4/17/2023 0:36,15706.75,15706.75,15705.5,15706,22,0,15711.60726
4/17/2023 0:37,15706,15707,15706,15706.5,10,0,15711.60452
4/17/2023 0:38,15706.75,15707.5,15706.5,15707,38,0,15711.59516
4/17/2023 0:39,15706.75,15707.5,15706.5,15707,24,0,15711.58927
4/17/2023 0:40,15707.5,15707.5,15706.5,15707.25,22,0,15711.58397
4/17/2023 0:41,15707,15707.25,15706.75,15706.75,13,0,15711.58074
4/17/2023 0:42,15707,15707,15706.25,15707,14,0,15711.57713
4/17/2023 0:43,15707,15707,15706.75,15706.75,8,0,15711.57511
4/17/2023 0:44,15706.75,15707,15706,15706.25,12,0,15711.57182
4/17/2023 0:45,15706.75,15707.5,15706.75,15707,16,0,15711.56799
4/17/2023 0:46,15707.25,15707.25,15706.25,15706.5,14,0,15711.56435
4/17/2023 0:47,15706.5,15708.25,15706.25,15707.75,34,0,15711.55686
4/17/2023 0:48,15707.25,15707.25,15706.25,15706.75,12,0,15711.55381
4/17/2023 0:49,15707.25,15707.5,15705.5,15705.75,29,0,15711.54566
4/17/2023 0:50,15705.75,15706,15705,15705.25,22,0,15711.53853
4/17/2023 0:51,15705.5,15706,15705.5,15706,9,0,15711.53582
4/17/2023 0:52,15706.25,15706.5,15706,15706.5,18,0,15711.53087
4/17/2023 0:53,15705.75,15705.75,15705.5,15705.5,6,0,15711.52899
4/17/2023 0:54,15705.5,15706.25,15704.25,15704.75,22,0,15711.52151
4/17/2023 0:55,15705.25,15706,15705,15706,19,0,15711.51565
4/17/2023 0:56,15706,15706,15704.75,15705,18,0,15711.50971
4/17/2023 0:57,15705.25,15706,15705,15706,11,0,15711.50633
4/17/2023 0:58,15706,15706.5,15704.75,15705,30,0,15711.49674
4/17/2023 0:59,15705.25,15705.5,15704.75,15704.75,17,0,15711.49094
4/17/2023 1:00,15705.5,15705.75,15705.25,15705.25,10,0,15711.48776
4/17/2023 1:01,15705.5,15705.5,15704,15704.75,37,0,15711.47471
4/17/2023 1:02,15704.75,15706.25,15704.25,15705.75,47,0,15711.45985
4/17/2023 1:03,15706,15706,15704.5,15704.5,36,0,15711.44773
4/17/2023 1:04,15704.75,15710.5,15703.25,15710,215,0,15711.4086
4/17/2023 1:05,15709.75,15710.25,15708.75,15709.75,46,0,15711.40428
4/17/2023 1:06,15710.25,15711,15708.75,15709,58,0,15711.39887
4/17/2023 1:07,15709,15709.75,15707.75,15709.75,46,0,15711.39342
4/17/2023 1:08,15710,15710,15708.5,15709.25,21,0,15711.39112
4/17/2023 1:09,15708.75,15708.75,15705.75,15706.75,59,0,15711.37818
4/17/2023 1:10,15706.75,15706.75,15704.75,15704.75,34,0,15711.36787
4/17/2023 1:11,15705,15705.5,15703.25,15703.25,55,0,15711.34733
4/17/2023 1:12,15703.5,15703.75,15701.75,15702.25,116,0,15711.29608
4/17/2023 1:13,15702.5,15704,15701.25,15703.75,94,0,15711.25696
4/17/2023 1:14,15703.25,15704.25,15702.25,15702.75,28,0,15711.2455
4/17/2023 1:15,15703,15703,15701.75,15702.25,23,0,15711.23524
4/17/2023 1:16,15703.25,15703.25,15700,15700.75,80,0,15711.19576
4/17/2023 1:17,15701,15703.75,15700.75,15703.25,71,0,15711.16539
4/17/2023 1:18,15703.25,15704.25,15702.5,15703.5,49,0,15711.14658
4/17/2023 1:19,15704,15705,15704,15704.5,27,0,15711.1377
4/17/2023 1:20,15705.25,15705.25,15704.5,15705,18,0,15711.13216
4/17/2023 1:21,15705.5,15705.5,15704.25,15704.25,15,0,15711.12737
4/17/2023 1:22,15704.5,15707.25,15704.5,15707,48,0,15711.11583
4/17/2023 1:23,15707.25,15707.25,15704.5,15705,61,0,15711.09925
4/17/2023 1:24,15704.5,15706,15704.5,15706,19,0,15711.09403
4/17/2023 1:25,15706.25,15706.25,15704.75,15704.75,16,0,15711.08944
4/17/2023 1:26,15705,15705.25,15704.75,15705.25,5,0,15711.08797
4/17/2023 1:27,15706.25,15711.25,15706.25,15708.75,140,0,15711.07203
4/17/2023 1:28,15708.5,15709.75,15708,15708.25,63,0,15711.06467
4/17/2023 1:29,15708.75,15712,15708.75,15711.75,80,0,15711.06378
4/17/2023 1:30,15712.25,15714.75,15712.25,15713.75,110,0,15711.07711
4/17/2023 1:31,15713.5,15716.5,15713.5,15716,115,0,15711.10053
4/17/2023 1:32,15715.75,15716.75,15715.25,15716.25,70,0,15711.11716
4/17/2023 1:33,15717,15720,15717,15719.75,121,0,15711.16191
4/17/2023 1:34,15719.75,15719.75,15716,15718,89,0,15711.19029
4/17/2023 1:35,15717.75,15718.75,15717.25,15717.5,57,0,15711.20812
4/17/2023 1:36,15717.75,15718,15716.5,15716.75,37,0,15711.21834
4/17/2023 1:37,15716.5,15717,15714.75,15716,60,0,15711.23155
4/17/2023 1:38,15716,15716.5,15714.25,15715,33,0,15711.23775
4/17/2023 1:39,15715,15715,15713.25,15714.25,33,0,15711.24227
4/17/2023 1:40,15713.75,15715.5,15713.25,15715.25,41,0,15711.24882
4/17/2023 1:41,15715.5,15715.5,15713.75,15714.25,43,0,15711.25533
4/17/2023 1:42,15714.25,15716,15714.25,15715.25,23,0,15711.25951
4/17/2023 1:43,15715.25,15715.75,15714.75,15715,26,0,15711.26423
4/17/2023 1:44,15715.5,15717,15715.5,15716.75,30,0,15711.27139
4/17/2023 1:45,15717,15717.25,15716,15716.5,37,0,15711.28049
4/17/2023 1:46,15716.5,15718,15716,15717.75,53,0,15711.2951
4/17/2023 1:47,15717.75,15718.25,15717.5,15718,24,0,15711.30243
4/17/2023 1:48,15717.75,15717.75,15715.25,15716.75,47,0,15711.31386
4/17/2023 1:49,15716.5,15720.25,15716.5,15720.25,82,0,15711.34276
4/17/2023 1:50,15720.5,15720.75,15718.75,15719,42,0,15711.35844
4/17/2023 1:51,15718.75,15721.25,15718.75,15719.5,48,0,15711.37702
4/17/2023 1:52,15719.25,15719.25,15716.75,15716.75,56,0,15711.39285
4/17/2023 1:53,15717,15719.25,15716.75,15719.25,36,0,15711.40435
4/17/2023 1:54,15719.75,15720.25,15719.5,15720.25,36,0,15711.4184
4/17/2023 1:55,15720,15720.25,15718.25,15719,39,0,15711.4321
4/17/2023 1:56,15719,15719,15717.25,15717.5,32,0,15711.44149
4/17/2023 1:57,15717.5,15718.25,15716.5,15717,36,0,15711.45093
4/17/2023 1:58,15716.75,15716.75,15715.5,15716,23,0,15711.45574
4/17/2023 1:59,15715.75,15717.25,15715.5,15716.5,35,0,15711.46357
4/17/2023 2:00,15716,15718.25,15716,15718.25,51,0,15711.47741
4/17/2023 2:01,15718.25,15719,15716.25,15717.5,157,0,15711.52021
4/17/2023 2:02,15717.5,15719.75,15716.75,15718.5,59,0,15711.53811
4/17/2023 2:03,15719.25,15719.25,15716.5,15717.25,56,0,15711.55335
4/17/2023 2:04,15717,15717.5,15714.75,15714.75,72,0,15711.56647
4/17/2023 2:05,15715.25,15717,15715.25,15716.25,39,0,15711.5744
4/17/2023 2:06,15716.25,15717.75,15715.25,15717.5,58,0,15711.58784
4/17/2023 2:07,15718.25,15720,15718,15719,49,0,15711.60382
4/17/2023 2:08,15719.75,15725.75,15719.75,15725.75,223,0,15711.72182
4/17/2023 2:09,15726,15726.5,15721.75,15722.5,142,0,15711.79475
4/17/2023 2:10,15722.75,15722.75,15720.25,15721,58,0,15711.81865
4/17/2023 2:11,15721,15723.25,15721,15722.75,51,0,15711.84175
4/17/2023 2:12,15722.25,15723,15720.25,15720.25,47,0,15711.8606
4/17/2023 2:13,15720.5,15721.25,15720,15720.25,16,0,15711.86654
4/17/2023 2:14,15720,15722,15719,15721.25,77,0,15711.89584
4/17/2023 2:15,15721.25,15721.25,15717,15718.5,111,0,15711.92907
4/17/2023 2:16,15718,15718.75,15716.5,15718.25,70,0,15711.94664
4/17/2023 2:17,15718.25,15718.25,15713,15713.75,112,0,15711.9611
4/17/2023 2:18,15713.25,15715.25,15712.75,15713.25,95,0,15711.96827
4/17/2023 2:19,15713.75,15715.25,15713,15714.75,44,0,15711.97264
4/17/2023 2:20,15715,15715.75,15712.25,15713.25,101,0,15711.98016
4/17/2023 2:21,15712.75,15713,15710.5,15712.75,99,0,15711.98059
4/17/2023 2:22,15712.75,15713.25,15711,15712.75,52,0,15711.98135
4/17/2023 2:23,15713,15714.75,15713,15714.25,35,0,15711.98428
4/17/2023 2:24,15714.25,15715.5,15711.75,15711.75,46,0,15711.98622
4/17/2023 2:25,15712,15712.25,15709,15709.5,85,0,15711.98012
4/17/2023 2:26,15709,15711.5,15709,15709.25,97,0,15711.97188
4/17/2023 2:27,15709.5,15712.5,15707.5,15712.5,95,0,15711.96745
4/17/2023 2:28,15712.75,15714,15711.75,15713.25,58,0,15711.9699
4/17/2023 2:29,15713.25,15714.75,15713,15714,53,0,15711.97411
4/17/2023 2:30,15713.75,15718.5,15713.75,15717.75,186,0,15712.00947
4/17/2023 2:31,15717.75,15718.5,15716,15718.25,62,0,15712.02343
4/17/2023 2:32,15717.75,15718.5,15717,15717,51,0,15712.0347
4/17/2023 2:33,15716.75,15717.75,15715.5,15716.75,49,0,15712.04383
4/17/2023 2:34,15716.75,15717,15714.75,15715.25,44,0,15712.05024
4/17/2023 2:35,15714.5,15714.75,15712,15713.25,66,0,15712.05363
4/17/2023 2:36,15713.25,15716,15712.75,15715.25,46,0,15712.05844
4/17/2023 2:37,15715,15716.5,15714.25,15714.25,36,0,15712.06267
4/17/2023 2:38,15714,15714,15710.25,15712,95,0,15712.06275
4/17/2023 2:39,15712,15713.75,15711.25,15711.5,40,0,15712.06291
4/17/2023 2:40,15711.25,15713.25,15711.25,15712.25,53,0,15712.0633
4/17/2023 2:41,15713,15714.5,15712.5,15713.5,31,0,15712.06507
4/17/2023 2:42,15713.25,15713.25,15709.75,15710.75,92,0,15712.06211
4/17/2023 2:43,15711,15712,15707.75,15710.5,79,0,15712.05596
4/17/2023 2:44,15710,15712.5,15710,15712.5,40,0,15712.05535
4/17/2023 2:45,15712.25,15712.25,15711,15711.25,24,0,15712.05483
4/17/2023 2:46,15711.75,15714.75,15711.25,15714.5,62,0,15712.05833
4/17/2023 2:47,15714.5,15716,15714.25,15715,43,0,15712.06342
4/17/2023 2:48,15715.25,15716,15714.75,15715.5,34,0,15712.06786
4/17/2023 2:49,15715.25,15717.25,15714.25,15716.75,56,0,15712.07662
4/17/2023 2:50,15716.25,15717.25,15715.5,15717,31,0,15712.08205
4/17/2023 2:51,15716.75,15716.75,15714.75,15715,36,0,15712.08683
4/17/2023 2:52,15714.75,15719,15714.25,15718.5,165,0,15712.1197
4/17/2023 2:53,15718,15719.75,15717,15719.75,93,0,15712.1437
4/17/2023 2:54,15719.75,15722.5,15719.25,15722,116,0,15712.18413
4/17/2023 2:55,15722.25,15724,15721.5,15724,96,0,15712.22433
4/17/2023 2:56,15723.25,15723.75,15721.75,15723.5,56,0,15712.2473
4/17/2023 2:57,15723.25,15726,15723,15725.75,87,0,15712.2891
4/17/2023 2:58,15725.25,15728.5,15724.75,15728.5,117,0,15712.35519
4/17/2023 2:59,15727.75,15729.25,15727.75,15728.25,79,0,15712.40296
4/17/2023 3:00,15728,15729,15727.5,15728.5,100,0,15712.46271
4/17/2023 3:01,15728.5,15731,15725.75,15726.25,382,0,15712.67746
4/17/2023 3:02,15725.75,15726.75,15722,15722,298,0,15712.79632
4/17/2023 3:03,15721.75,15722.5,15717.75,15719.25,198,0,15712.84691
4/17/2023 3:04,15719.5,15722.5,15719.5,15722,195,0,15712.90657
4/17/2023 3:05,15722,15731.75,15721.75,15730,254,0,15713.04203
4/17/2023 3:06,15729.75,15735.75,15729.5,15733.25,337,0,15713.27748
4/17/2023 3:07,15733.25,15738.5,15732,15733.25,301,0,15713.50149
4/17/2023 3:08,15733.5,15735.25,15730.5,15731.75,111,0,15713.57487
4/17/2023 3:09,15731.5,15732.75,15727.5,15727.5,158,0,15713.66058
4/17/2023 3:10,15728.25,15729.25,15721.5,15722.5,169,0,15713.72312
4/17/2023 3:11,15723.25,15725.75,15723,15725.5,111,0,15713.76507
4/17/2023 3:12,15725.25,15729.5,15725.25,15725.75,119,0,15713.81815
4/17/2023 3:13,15725.75,15730.75,15725.75,15727.75,92,0,15713.86281
4/17/2023 3:14,15727.75,15728.25,15723.5,15723.5,129,0,15713.91185
4/17/2023 3:15,15722.75,15723.75,15718.5,15720.5,180,0,15713.95431
4/17/2023 3:16,15719.75,15720.75,15717,15719.75,115,0,15713.97441
4/17/2023 3:17,15720,15724.5,15720,15722.75,149,0,15714.0164
4/17/2023 3:18,15723.25,15723.25,15717.25,15719.25,72,0,15714.03054
4/17/2023 3:19,15719.5,15722.5,15717.5,15720.75,157,0,15714.06289
4/17/2023 3:20,15721,15722.5,15719.5,15719.5,64,0,15714.0765
4/17/2023 3:21,15719,15722,15717,15720.5,117,0,15714.09868
4/17/2023 3:22,15720.25,15723.25,15719.75,15721.25,73,0,15714.11623
4/17/2023 3:23,15721.25,15721.75,15720,15721.25,57,0,15714.12909
4/17/2023 3:24,15721,15724.75,15720.5,15723.25,82,0,15714.15243
4/17/2023 3:25,15723.5,15728.25,15723.25,15727.75,130,0,15714.20434
4/17/2023 3:26,15727.5,15727.5,15723,15724.25,140,0,15714.25295
4/17/2023 3:27,15724.75,15726.75,15724,15725.25,92,0,15714.28589
4/17/2023 3:28,15724.25,15728.75,15723.75,15726.75,85,0,15714.31912
4/17/2023 3:29,15728,15729.25,15726.75,15728.5,70,0,15714.35029
4/17/2023 3:30,15728.75,15731,15728,15731,102,0,15714.40145
4/17/2023 3:31,15730.5,15733.25,15728.5,15729.5,174,0,15714.49026
4/17/2023 3:32,15729,15730.75,15727.75,15730.25,70,0,15714.52386
4/17/2023 3:33,15730.5,15734.75,15730.5,15734.5,132,0,15714.60214
4/17/2023 3:34,15733.5,15735.5,15732.75,15735.5,112,0,15714.67276
4/17/2023 3:35,15735.25,15741.25,15733.5,15740.5,219,0,15714.83572
4/17/2023 3:36,15740,15741.75,15737.5,15737.5,209,0,15714.99242
4/17/2023 3:37,15736.75,15742.75,15736.5,15740.25,207,0,15715.15149
4/17/2023 3:38,15739.75,15741.5,15737.5,15741,148,0,15715.26474
4/17/2023 3:39,15740.25,15740.75,15738.25,15739.25,77,0,15715.32188
4/17/2023 3:40,15739.5,15741.75,15739,15741.75,55,0,15715.36491
4/17/2023 3:41,15741.75,15742.5,15737.5,15739.5,126,0,15715.4591
4/17/2023 3:42,15739.25,15740,15737.75,15738.5,51,0,15715.49534
4/17/2023 3:43,15738.25,15738.5,15729.25,15733,331,0,15715.67615
4/17/2023 3:44,15733.25,15733.5,15730,15730,126,0,15715.73487
4/17/2023 3:45,15730.5,15731.25,15728.75,15729.5,169,0,15715.80619
4/17/2023 3:46,15729.5,15732,15729.5,15731.25,80,0,15715.84228
4/17/2023 3:47,15731,15731.5,15727.75,15729.5,141,0,15715.8999
4/17/2023 3:48,15729.25,15732.75,15729.25,15732.75,59,0,15715.92737
4/17/2023 3:49,15733,15733.5,15731,15731.5,102,0,15715.97588
4/17/2023 3:50,15731.75,15737.25,15731.75,15735,104,0,15716.03323
4/17/2023 3:51,15735,15737.5,15733.25,15737.5,90,0,15716.08633
4/17/2023 3:52,15736.75,15736.75,15731.75,15732.5,72,0,15716.1235
4/17/2023 3:53,15732.5,15733.25,15730.75,15731,57,0,15716.14947
4/17/2023 3:54,15731.5,15732.25,15729.25,15730.25,97,0,15716.1904
4/17/2023 3:55,15729.75,15733.25,15729.75,15733,83,0,15716.22866
4/17/2023 3:56,15732.25,15732.5,15729,15731,76,0,15716.26096
4/17/2023 3:57,15730.5,15732.5,15728.25,15731.5,57,0,15716.28495
4/17/2023 3:58,15731.75,15733.25,15730.25,15733,81,0,15716.32223
4/17/2023 3:59,15732.75,15735,15732.75,15734.25,157,0,15716.40229
4/17/2023 4:00,15734.75,15734.75,15732,15732,65,0,15716.4332
4/17/2023 4:01,15732.5,15735.75,15729.25,15733,228,0,15716.53908
4/17/2023 4:02,15733,15735.5,15732,15734.25,80,0,15716.57876
4/17/2023 4:03,15734.5,15735.5,15732,15734.25,79,0,15716.61776
4/17/2023 4:04,15733.75,15733.75,15730.25,15731.75,50,0,15716.63952
4/17/2023 4:05,15731.5,15735.25,15731.5,15734.25,64,0,15716.67045
4/17/2023 4:06,15734.25,15736.5,15731.75,15731.75,76,0,15716.70632
4/17/2023 4:07,15731.5,15731.75,15728.5,15728.75,90,0,15716.73927
4/17/2023 4:08,15729,15729,15723.75,15724.5,210,0,15716.79242
4/17/2023 4:09,15724,15725.25,15721.5,15723.5,193,0,15716.82813
4/17/2023 4:10,15722.25,15723.5,15721.5,15722.75,86,0,15716.84192
4/17/2023 4:11,15722,15723.25,15719.75,15722,99,0,15716.85519
4/17/2023 4:12,15721,15723,15720.75,15722.5,93,0,15716.86867
4/17/2023 4:13,15722.25,15726.75,15721.5,15725.5,107,0,15716.89149
4/17/2023 4:14,15725.5,15726.75,15724.5,15725,113,0,15716.91803
4/17/2023 4:15,15724,15725,15722,15722.25,53,0,15716.92702
4/17/2023 4:16,15722,15723.5,15721.25,15722.75,53,0,15716.93513
4/17/2023 4:17,15723,15723.5,15722.25,15723,30,0,15716.94005
4/17/2023 4:18,15722.5,15724.25,15722.25,15723.75,36,0,15716.94645
4/17/2023 4:19,15724,15726,15723.5,15723.75,88,0,15716.96443
4/17/2023 4:20,15724,15726.75,15723,15725.75,106,0,15716.98814
4/17/2023 4:21,15726.25,15727,15723,15724.25,86,0,15717.00631
4/17/2023 4:22,15723.75,15724.5,15719,15719.5,204,0,15717.02836
4/17/2023 4:23,15719.5,15720.5,15717,15718.5,133,0,15717.03423
4/17/2023 4:24,15719,15722.75,15719,15720.5,76,0,15717.04183
4/17/2023 4:25,15721,15722.5,15720.25,15720.5,59,0,15717.04824
4/17/2023 4:26,15721,15724.25,15720.5,15723.25,63,0,15717.05773
4/17/2023 4:27,15723.5,15724.25,15722.25,15723.25,102,0,15717.07462
4/17/2023 4:28,15723.75,15724.25,15721.75,15722,61,0,15717.08373
4/17/2023 4:29,15721.25,15722.25,15720.75,15721.5,56,0,15717.09033
4/17/2023 4:30,15721.75,15723.25,15721.5,15722.75,48,0,15717.09724
4/17/2023 4:31,15723,15723,15719.5,15719.5,107,0,15717.10739
4/17/2023 4:32,15719.25,15719.75,15716.75,15717.75,95,0,15717.10984
4/17/2023 4:33,15718,15718.75,15714,15715,144,0,15717.10531
4/17/2023 4:34,15715.25,15717.5,15715.25,15716.25,92,0,15717.10344
4/17/2023 4:35,15716,15716.5,15713.25,15715.25,86,0,15717.09869
4/17/2023 4:36,15715.25,15715.25,15711,15712.25,118,0,15717.08551
4/17/2023 4:37,15711.75,15712.25,15709.25,15709.5,114,0,15717.06541
4/17/2023 4:38,15710.25,15715,15710,15714.25,130,0,15717.05195
4/17/2023 4:39,15714.25,15714.75,15710.75,15711.5,93,0,15717.04056
4/17/2023 4:40,15711.75,15714.25,15710.5,15713.75,62,0,15717.0338
4/17/2023 4:41,15713.25,15715.75,15712.75,15715.75,75,0,15717.02937
4/17/2023 4:42,15716,15717,15714,15716,85,0,15717.02638
4/17/2023 4:43,15715.25,15716.25,15713.75,15715.5,58,0,15717.0236
4/17/2023 4:44,15715.5,15716.5,15714.25,15714.25,50,0,15717.021
4/17/2023 4:45,15715,15716.25,15714.5,15714.5,61,0,15717.01796
4/17/2023 4:46,15714.5,15716.5,15714.25,15715.5,59,0,15717.01554
4/17/2023 4:47,15714.5,15715.25,15710.25,15711.75,116,0,15717.00189
4/17/2023 4:48,15712.5,15717,15711.5,15716.5,95,0,15716.99704
4/17/2023 4:49,15716.25,15717.75,15715,15715.75,53,0,15716.99592
4/17/2023 4:50,15715.5,15716.75,15714,15716.25,61,0,15716.99385
4/17/2023 4:51,15716,15720,15715.5,15719.75,113,0,15716.99793
4/17/2023 4:52,15719,15719.5,15717.25,15718,44,0,15716.99933
4/17/2023 4:53,15717.5,15717.5,15714.5,15715.25,52,0,15716.99768
4/17/2023 4:54,15715.75,15715.75,15713.5,15714,60,0,15716.99377
4/17/2023 4:55,15713.25,15713.25,15709.75,15710.5,122,0,15716.97586
4/17/2023 4:56,15710.75,15710.75,15709.75,15709.75,65,0,15716.96459
4/17/2023 4:57,15710.25,15712.75,15708,15712.75,138,0,15716.94454
4/17/2023 4:58,15712.5,15713.5,15710,15712,61,0,15716.93674
4/17/2023 4:59,15712.5,15714,15711.5,15711.75,40,0,15716.93222
4/17/2023 5:00,15711.25,15713,15709.75,15712,56,0,15716.92474
4/17/2023 5:01,15712.5,15714.25,15712,15714,87,0,15716.91714
4/17/2023 5:02,15714.25,15715.25,15712.25,15714.25,62,0,15716.91251
4/17/2023 5:03,15715.5,15715.75,15713.75,15714,44,0,15716.90987
4/17/2023 5:04,15713.75,15714.25,15712,15712.25,101,0,15716.89967
4/17/2023 5:05,15712,15716.5,15711.75,15714.75,105,0,15716.89301
4/17/2023 5:06,15714.75,15715.75,15712.25,15712.75,59,0,15716.88819
4/17/2023 5:07,15712.25,15712.75,15710.5,15710.75,57,0,15716.88038
4/17/2023 5:08,15710.5,15711.25,15707,15708,157,0,15716.84904
4/17/2023 5:09,15707.5,15708.25,15705.25,15707.5,134,0,15716.81674
4/17/2023 5:10,15707.25,15714.5,15707.25,15711.25,178,0,15716.79152
4/17/2023 5:11,15711,15712.25,15710.75,15710.75,63,0,15716.78302
4/17/2023 5:12,15710.5,15711.5,15708.75,15711.25,54,0,15716.77478
4/17/2023 5:13,15710.75,15712.25,15708.75,15709,89,0,15716.76016
4/17/2023 5:14,15708.5,15709,15707,15707.25,81,0,15716.7425
4/17/2023 5:15,15707,15708.75,15706.75,15708,56,0,15716.73044
4/17/2023 5:16,15708.75,15709.75,15700,15701.25,426,0,15716.59734
4/17/2023 5:17,15701.25,15701.75,15694.25,15694.5,404,0,15716.40818
4/17/2023 5:18,15694,15699.5,15692.5,15696.5,227,0,15716.29992
4/17/2023 5:19,15696,15697,15691.25,15696.75,268,0,15716.16626
4/17/2023 5:20,15697.25,15700.75,15697.25,15699.75,172,0,15716.0984
4/17/2023 5:21,15699.75,15700.75,15698,15699,103,0,15716.05803
4/17/2023 5:22,15699,15702.25,15699,15700.75,90,0,15716.02587
4/17/2023 5:23,15700.5,15702.5,15697.25,15699.25,111,0,15715.98382
4/17/2023 5:24,15698.75,15699,15696.75,15696.75,54,0,15715.96073
4/17/2023 5:25,15696.75,15699.25,15695.75,15699.25,76,0,15715.92937
4/17/2023 5:26,15699.25,15700.5,15698.75,15698.75,68,0,15715.90335
4/17/2023 5:27,15698.5,15698.75,15697.75,15698.5,45,0,15715.88515
4/17/2023 5:28,15698,15699,15696.75,15698.75,60,0,15715.8607
4/17/2023 5:29,15698.75,15703.5,15698.5,15703.25,119,0,15715.82219
4/17/2023 5:30,15703.5,15704,15702.25,15703.5,82,0,15715.79859
4/17/2023 5:31,15703.25,15704.25,15701.25,15702.25,73,0,15715.77655
4/17/2023 5:32,15702,15706,15701.5,15706,123,0,15715.74494
4/17/2023 5:33,15706,15707.25,15704.5,15706.75,124,0,15715.71795
4/17/2023 5:34,15706.5,15707,15704.5,15707,49,0,15715.70733
4/17/2023 5:35,15706.75,15707.25,15705,15705,64,0,15715.69289
4/17/2023 5:36,15705,15706.5,15704,15706.5,54,0,15715.68063
4/17/2023 5:37,15706,15706,15702.5,15703,54,0,15715.66617
4/17/2023 5:38,15703,15704,15701,15704,67,0,15715.64701
4/17/2023 5:39,15704,15704.5,15702.75,15704.25,49,0,15715.63396
4/17/2023 5:40,15704,15705,15698.5,15699.25,167,0,15715.57874
4/17/2023 5:41,15699.5,15699.75,15695.25,15695.75,178,0,15715.50441
4/17/2023 5:42,15696,15696.25,15692.5,15693,161,0,15715.42692
4/17/2023 5:43,15693,15693.25,15685.5,15686.5,435,0,15715.16747
4/17/2023 5:44,15686.5,15690.75,15686,15687.5,163,0,15715.07033
4/17/2023 5:45,15686.75,15690,15685.75,15685.75,121,0,15714.99624
4/17/2023 5:46,15686.5,15687.75,15683.75,15687.75,228,0,15714.85396
4/17/2023 5:47,15688.5,15689.5,15685,15688.75,107,0,15714.79078
4/17/2023 5:48,15688.5,15689.75,15685,15685,95,0,15714.73253
4/17/2023 5:49,15684.75,15687,15682,15682,147,0,15714.63357
4/17/2023 5:50,15682,15685,15681,15683.25,122,0,15714.55038
4/17/2023 5:51,15682.5,15687.25,15682.5,15687.25,154,0,15714.45456
4/17/2023 5:52,15687,15688,15685.5,15687.5,85,0,15714.40438
4/17/2023 5:53,15687.5,15687.75,15686,15687.25,47,0,15714.37672
4/17/2023 5:54,15687,15688,15684.75,15686.5,91,0,15714.32217
4/17/2023 5:55,15686.5,15689.75,15686,15689.25,102,0,15714.26547
4/17/2023 5:56,15689.5,15690.5,15684.5,15687,171,0,15714.16731
4/17/2023 5:57,15686.25,15690,15686.25,15687.5,149,0,15714.08421
4/17/2023 5:58,15688,15692,15687.5,15690,126,0,15714.01946
4/17/2023 5:59,15689.5,15690.5,15688.5,15689.75,79,0,15713.97863
4/17/2023 6:00,15690.25,15690.75,15688.5,15688.5,62,0,15713.94624
4/17/2023 6:01,15688.75,15690,15686.75,15689.25,91,0,15713.89773
4/17/2023 6:02,15689.25,15691,15689.25,15691,78,0,15713.85918
4/17/2023 6:03,15691,15692.5,15690.25,15692.5,82,0,15713.82108
4/17/2023 6:04,15692.25,15692.25,15683.75,15685.25,168,0,15713.72701
4/17/2023 6:05,15685.25,15687.25,15684,15686.5,70,0,15713.68631
4/17/2023 6:06,15686.5,15690.5,15686.25,15689.25,79,0,15713.64505
4/17/2023 6:07,15688,15691.75,15688,15689.75,71,0,15713.60981
4/17/2023 6:08,15689.75,15690.25,15688.25,15689.5,53,0,15713.58302
4/17/2023 6:09,15689.5,15690,15686.25,15687.25,101,0,15713.52898
4/17/2023 6:10,15687.5,15690.75,15687.5,15689.75,93,0,15713.48231
4/17/2023 6:11,15689.75,15691.75,15688,15689,96,0,15713.43483
4/17/2023 6:12,15688.5,15690,15687.75,15688.75,61,0,15713.40381
4/17/2023 6:13,15689.5,15691.25,15688,15690,65,0,15713.37207
4/17/2023 6:14,15690.25,15694.25,15690.25,15693.25,113,0,15713.32369
4/17/2023 6:15,15693.5,15698,15693.5,15695.25,199,0,15713.25128
4/17/2023 6:16,15694.75,15699,15693.75,15698,239,0,15713.1716
4/17/2023 6:17,15697.5,15699.5,15688.75,15690,409,0,15713.00253
4/17/2023 6:18,15689.75,15696,15688.75,15695,124,0,15712.95308
4/17/2023 6:19,15694.5,15696.75,15693.5,15694.5,173,0,15712.8903
4/17/2023 6:20,15694.75,15696,15693,15695.5,75,0,15712.86309
4/17/2023 6:21,15696.25,15697.25,15695,15696.75,64,0,15712.84186
4/17/2023 6:22,15696.25,15698,15696,15698,45,0,15712.82787
4/17/2023 6:23,15697.5,15697.5,15695.25,15696,38,0,15712.81525
4/17/2023 6:24,15695.75,15696,15693.25,15693.5,60,0,15712.79297
4/17/2023 6:25,15693.5,15694.75,15692,15693.75,80,0,15712.76213
4/17/2023 6:26,15693.5,15694.25,15688.75,15688.75,209,0,15712.66993
4/17/2023 6:27,15689,15691.5,15686.75,15690.25,103,0,15712.62255
4/17/2023 6:28,15691.25,15692.5,15690,15690.25,44,0,15712.60361
4/17/2023 6:29,15690,15691.75,15689.25,15691.25,42,0,15712.58542
4/17/2023 6:30,15691.75,15694,15691.75,15694,30,0,15712.57393
4/17/2023 6:31,15693.5,15693.5,15691.75,15692.5,54,0,15712.55257
4/17/2023 6:32,15692.5,15695.5,15692.5,15694.5,76,0,15712.52497
4/17/2023 6:33,15694,15695.25,15693.75,15694.75,48,0,15712.50797
4/17/2023 6:34,15695.5,15696,15692.75,15693,79,0,15712.47903
4/17/2023 6:35,15693.25,15695.5,15692.5,15695.5,67,0,15712.45532
4/17/2023 6:36,15696,15696.25,15694.25,15694.75,46,0,15712.43961
4/17/2023 6:37,15695.5,15695.5,15693,15695.5,62,0,15712.41797
4/17/2023 6:38,15695.25,15695.25,15688.75,15690,168,0,15712.34864
4/17/2023 6:39,15689.75,15691.5,15688.25,15691.5,70,0,15712.31863
4/17/2023 6:40,15691.5,15693,15690.25,15693,45,0,15712.30085
4/17/2023 6:41,15693,15696.25,15693,15696.25,63,0,15712.27979
4/17/2023 6:42,15696.5,15699.25,15695.75,15696.5,123,0,15712.24362
4/17/2023 6:43,15696,15701.25,15695.75,15699.75,135,0,15712.2087
4/17/2023 6:44,15699.5,15700,15698.25,15699.25,60,0,15712.19353
4/17/2023 6:45,15699,15701,15697.25,15698.75,88,0,15712.17107
4/17/2023 6:46,15698.75,15700.5,15698.5,15700.25,49,0,15712.1593
4/17/2023 6:47,15700.25,15704.5,15700.25,15703.75,145,0,15712.13323
4/17/2023 6:48,15704.5,15707.25,15703.75,15706.5,239,0,15712.10433
4/17/2023 6:49,15706.5,15707.75,15703,15705.5,188,0,15712.08029
4/17/2023 6:50,15705.5,15708.5,15704.75,15705.75,129,0,15712.06615
4/17/2023 6:51,15705.75,15706,15703,15703,52,0,15712.05816
4/17/2023 6:52,15702.75,15703.5,15701,15701.75,125,0,15712.03445
4/17/2023 6:53,15702.5,15708.75,15701.25,15707.25,197,0,15712.011
4/17/2023 6:54,15706.75,15708.5,15705.75,15706.25,93,0,15712.0019
4/17/2023 6:55,15706.25,15707.5,15706.25,15707.25,88,0,15711.99359
4/17/2023 6:56,15707.25,15709.5,15706.75,15708,94,0,15711.98666
4/17/2023 6:57,15707.75,15709.25,15707,15708.25,108,0,15711.97891
4/17/2023 6:58,15708.75,15711.25,15708.75,15711.25,146,0,15711.97463
4/17/2023 6:59,15711.25,15717.25,15710.75,15713.25,405,0,15711.98801
4/17/2023 7:00,15713,15713,15711.25,15711.75,85,0,15711.98803
4/17/2023 7:01,15711.5,15715,15710.75,15713.75,199,0,15711.99237
4/17/2023 7:02,15713.75,15716.25,15713,15714.25,84,0,15711.99627
4/17/2023 7:03,15715.25,15719.25,15715.25,15716.75,162,0,15712.01145
4/17/2023 7:04,15717.25,15719.5,15716.75,15717.75,87,0,15712.02104
4/17/2023 7:05,15717.5,15721.25,15717.5,15718,154,0,15712.04052
4/17/2023 7:06,15718.25,15719.25,15716.5,15718.5,117,0,15712.05347
4/17/2023 7:07,15718.25,15720.25,15718,15719.5,84,0,15712.06452
4/17/2023 7:08,15718.5,15721.5,15718.25,15719.75,132,0,15712.08322
4/17/2023 7:09,15719.25,15722.75,15717.25,15722.75,178,0,15712.1118
4/17/2023 7:10,15722.25,15724.5,15720.25,15720.25,234,0,15712.15227
4/17/2023 7:11,15720,15722.5,15718.75,15720.75,142,0,15712.1741
4/17/2023 7:12,15721,15721.75,15718.5,15719,75,0,15712.18434
4/17/2023 7:13,15719.5,15721,15718,15718.5,87,0,15712.19528
4/17/2023 7:14,15718,15721.5,15717.5,15719.5,176,0,15712.21835
4/17/2023 7:15,15718.75,15722,15718.75,15719.75,152,0,15712.23997
4/17/2023 7:16,15720.25,15725,15720,15724.5,203,0,15712.27952
4/17/2023 7:17,15724.75,15726.25,15724.75,15725.75,212,0,15712.32962
4/17/2023 7:18,15725.5,15726.75,15721.75,15722.5,188,0,15712.36735
4/17/2023 7:19,15722,15725,15721.25,15721.5,256,0,15712.41345
4/17/2023 7:20,15721.25,15721.25,15714.5,15714.75,260,0,15712.43361
4/17/2023 7:21,15714.75,15716,15711.25,15711.25,252,0,15712.43537
4/17/2023 7:22,15711.5,15713.5,15704.75,15705.5,392,0,15712.40464
4/17/2023 7:23,15705.5,15708.25,15704.5,15708,195,0,15712.38613
4/17/2023 7:24,15708.5,15710.75,15707.25,15710.5,250,0,15712.37371
4/17/2023 7:25,15710,15711,15705.75,15705.75,147,0,15712.36141
4/17/2023 7:26,15706,15708.5,15704.75,15708.25,147,0,15712.34833
4/17/2023 7:27,15707.25,15709,15706.5,15707,89,0,15712.34095
4/17/2023 7:28,15706.5,15708,15705.5,15706.25,91,0,15712.332
4/17/2023 7:29,15706.25,15706.25,15703.25,15704,153,0,15712.3116
4/17/2023 7:30,15703.75,15704.5,15701.5,15703.5,127,0,15712.29186
4/17/2023 7:31,15703.5,15704.25,15699,15701.5,246,0,15712.24728
4/17/2023 7:32,15701.5,15703.5,15699.25,15701.5,189,0,15712.21274
4/17/2023 7:33,15701.75,15706.25,15700.75,15704.5,182,0,15712.18709
4/17/2023 7:34,15704.5,15707.25,15703.25,15707.25,131,0,15712.17331
4/17/2023 7:35,15706.75,15709.25,15706.75,15708.25,145,0,15712.16338
4/17/2023 7:36,15707.75,15710.5,15707.25,15707.25,136,0,15712.15468
4/17/2023 7:37,15707.5,15707.5,15702,15703.75,178,0,15712.13174
4/17/2023 7:38,15703.75,15705.5,15699.25,15700,244,0,15712.08906
4/17/2023 7:39,15700.5,15701.75,15698.5,15699,118,0,15712.06495
4/17/2023 7:40,15698.5,15700.75,15694,15694,306,0,15711.98525
4/17/2023 7:41,15693.75,15697.25,15692.75,15694.75,251,0,15711.91498
4/17/2023 7:42,15694.5,15695,15692.25,15692.5,102,0,15711.88381
4/17/2023 7:43,15692.75,15696.5,15692.25,15696,149,0,15711.84251
4/17/2023 7:44,15696.25,15697,15694.25,15696,157,0,15711.80134
4/17/2023 7:45,15696,15698.75,15695.25,15697.25,138,0,15711.76833
4/17/2023 7:46,15697.5,15698,15695.75,15697,132,0,15711.73653
4/17/2023 7:47,15697,15703.25,15696.75,15702,244,0,15711.69288
4/17/2023 7:48,15702,15703.5,15700.75,15701.5,127,0,15711.67286
4/17/2023 7:49,15701,15701.5,15692.75,15694.25,251,0,15711.61036
4/17/2023 7:50,15694,15696.75,15694,15696.75,98,0,15711.58557
4/17/2023 7:51,15697,15700.75,15696.5,15700.5,133,0,15711.55932
4/17/2023 7:52,15700.25,15703.25,15699.25,15702.75,134,0,15711.53833
4/17/2023 7:53,15702.5,15703,15698.75,15700,132,0,15711.51529
4/17/2023 7:54,15699.75,15701.75,15699.5,15700.25,98,0,15711.49812
4/17/2023 7:55,15699.25,15701.25,15698.75,15700,118,0,15711.47657
4/17/2023 7:56,15700,15701.25,15698.5,15699,157,0,15711.447
4/17/2023 7:57,15699.25,15704.25,15698.75,15704,115,0,15711.43043
4/17/2023 7:58,15703.75,15705.75,15703.5,15704.25,157,0,15711.41327
4/17/2023 7:59,15704,15706.75,15703.75,15706.25,135,0,15711.40089
4/17/2023 8:00,15706,15706,15702.75,15703.25,114,0,15711.38763
4/17/2023 8:01,15703.5,15704.5,15699.5,15699.5,184,0,15711.35818
4/17/2023 8:02,15699.25,15706.5,15699.25,15704.5,261,0,15711.32584
4/17/2023 8:03,15704.25,15705,15699.25,15699.75,124,0,15711.30655
4/17/2023 8:04,15700,15702.75,15699.25,15702.25,92,0,15711.2924
4/17/2023 8:05,15702.25,15704.25,15700.75,15701.75,122,0,15711.27529
4/17/2023 8:06,15702.5,15703.25,15696.25,15696.5,209,0,15711.23452
4/17/2023 8:07,15696.75,15700.5,15696.5,15696.75,127,0,15711.20841
4/17/2023 8:08,15697.25,15700.5,15696.5,15699.5,144,0,15711.18097
4/17/2023 8:09,15699.75,15702.25,15699.25,15701.25,151,0,15711.15715
4/17/2023 8:10,15701.75,15711.75,15701.5,15711.75,313,0,15711.14363
4/17/2023 8:11,15711.25,15713.5,15709,15711.75,335,0,15711.14502
4/17/2023 8:12,15711.5,15715.75,15711.25,15715,198,0,15711.1536
4/17/2023 8:13,15715.25,15718.25,15715,15717.25,219,0,15711.1724
4/17/2023 8:14,15717.25,15718.75,15712.75,15713.5,201,0,15711.184
4/17/2023 8:15,15714.25,15715.5,15713,15715.25,91,0,15711.18866
4/17/2023 8:16,15715,15715.5,15709.5,15709.5,200,0,15711.18959
4/17/2023 8:17,15710,15711.5,15702.5,15703.25,352,0,15711.16101
4/17/2023 8:18,15703,15707.25,15701.5,15706.5,243,0,15711.13904
4/17/2023 8:19,15706.25,15708.5,15705,15707,146,0,15711.12971
4/17/2023 8:20,15707.5,15712,15707.25,15710.25,137,0,15711.12708
4/17/2023 8:21,15710.25,15716,15710.25,15715.5,201,0,15711.13536
4/17/2023 8:22,15715,15717.25,15714.25,15717,164,0,15711.14751
4/17/2023 8:23,15716.25,15717.5,15711.25,15711.5,132,0,15711.15192
4/17/2023 8:24,15711.25,15713.25,15709.5,15711,151,0,15711.15214
4/17/2023 8:25,15711.25,15712.25,15708,15709,209,0,15711.14785
4/17/2023 8:26,15708.5,15709.5,15707.25,15708.5,164,0,15711.14131
4/17/2023 8:27,15708.75,15710,15707.75,15709.5,66,0,15711.13933
4/17/2023 8:28,15709,15711.25,15709,15710.75,94,0,15711.13823
4/17/2023 8:29,15711,15714,15709.75,15712.5,213,0,15711.14115
4/17/2023 8:30,15712.25,15712.75,15709.75,15711.75,94,0,15711.14153
4/17/2023 8:31,15711,15711,15697.5,15702.25,834,0,15711.05126
4/17/2023 8:32,15702.25,15702.75,15684,15686.5,1041,0,15710.75796
4/17/2023 8:33,15686.75,15690.75,15683,15683.5,423,0,15710.60958
4/17/2023 8:34,15683.75,15688.75,15683.25,15687.25,312,0,15710.50417
4/17/2023 8:35,15686.75,15694.25,15686,15694,288,0,15710.4277
4/17/2023 8:36,15693.75,15697,15691.25,15696.5,428,0,15710.33591
4/17/2023 8:37,15696.5,15701.5,15694.75,15699.25,307,0,15710.28588
4/17/2023 8:38,15698.75,15708,15697.5,15707.5,328,0,15710.25912
4/17/2023 8:39,15707.75,15713,15707.25,15711,347,0,15710.25986
4/17/2023 8:40,15710.75,15716.25,15710.75,15712.25,333,0,15710.27263
4/17/2023 8:41,15711.75,15712.75,15708,15711.25,357,0,15710.27453
4/17/2023 8:42,15712.25,15714.5,15711.25,15712.25,193,0,15710.28076
4/17/2023 8:43,15712,15712,15707.75,15709.5,160,0,15710.27961
4/17/2023 8:44,15709.25,15709.5,15705,15706.25,243,0,15710.26866
4/17/2023 8:45,15705.5,15705.75,15697.5,15698.5,452,0,15710.21032
4/17/2023 8:46,15698,15699,15693.25,15693.5,415,0,15710.12804
4/17/2023 8:47,15693.25,15695.25,15688.5,15694.5,345,0,15710.04895
4/17/2023 8:48,15695.25,15700.25,15694.25,15695.25,306,0,15709.99481
4/17/2023 8:49,15694.75,15695.25,15689,15689,198,0,15709.94574
4/17/2023 8:50,15689.25,15691.75,15686,15687.75,303,0,15709.86092
4/17/2023 8:51,15687.75,15695.25,15687.5,15695.25,179,0,15709.82083
4/17/2023 8:52,15694.75,15704,15694,15703.5,453,0,15709.76617
4/17/2023 8:53,15703.25,15706.75,15701.25,15703.75,404,0,15709.73573
4/17/2023 8:54,15703.5,15704.75,15698,15698.75,206,0,15709.7113
4/17/2023 8:55,15698.75,15702.5,15696.75,15698.5,204,0,15709.68395
4/17/2023 8:56,15698,15704,15697.5,15703.25,143,0,15709.66914
4/17/2023 8:57,15702.75,15703.5,15698.75,15702.25,114,0,15709.65725
4/17/2023 8:58,15702,15703.25,15696.5,15698,159,0,15709.63616
4/17/2023 8:59,15698,15698,15694.75,15696.75,166,0,15709.60843
4/17/2023 9:00,15697.25,15701,15697.25,15700.5,151,0,15709.58922
4/17/2023 9:01,15700,15704,15699.75,15702.5,208,0,15709.56945
4/17/2023 9:02,15702,15702,15696.75,15698,232,0,15709.53826
4/17/2023 9:03,15698.5,15709,15698.5,15708,449,0,15709.51363
4/17/2023 9:04,15707.75,15710.75,15705.25,15706,368,0,15709.5036
4/17/2023 9:05,15705.5,15708.25,15704.25,15704.5,197,0,15709.49418
4/17/2023 9:06,15704.5,15708.25,15703.75,15706.25,208,0,15709.48536
4/17/2023 9:07,15706.25,15706.25,15694.25,15696,381,0,15709.43515
4/17/2023 9:08,15696.5,15700.75,15694,15700.5,296,0,15709.39495
4/17/2023 9:09,15700,15706.25,15698.75,15705,349,0,15709.36899
4/17/2023 9:10,15705,15707.25,15702.5,15705.5,254,0,15709.35567
4/17/2023 9:11,15706.25,15707.25,15701.75,15702.25,186,0,15709.34294
4/17/2023 9:12,15702.25,15703,15699.5,15700.5,162,0,15709.32647
4/17/2023 9:13,15700.25,15701.5,15697.25,15700,234,0,15709.29878
4/17/2023 9:14,15700.5,15700.75,15697.75,15697.75,180,0,15709.27576
4/17/2023 9:15,15697.75,15699,15697.25,15697.75,115,0,15709.26006
4/17/2023 9:16,15698,15701.25,15697.5,15701.25,175,0,15709.24049
4/17/2023 9:17,15701.25,15701.5,15692.25,15693.75,405,0,15709.17521
4/17/2023 9:18,15693.75,15694.25,15687.5,15690.25,411,0,15709.08422
4/17/2023 9:19,15690.25,15697.5,15690,15695,311,0,15709.02893
4/17/2023 9:20,15695,15700.5,15695,15700.5,252,0,15708.9979
4/17/2023 9:21,15700.5,15700.75,15695.75,15696.25,158,0,15708.97651
4/17/2023 9:22,15696,15697.75,15691,15697.25,337,0,15708.9222
4/17/2023 9:23,15697.5,15702.75,15697.5,15701.25,337,0,15708.8888
4/17/2023 9:24,15701.75,15704.25,15699,15702.75,212,0,15708.87166
4/17/2023 9:25,15703,15703,15696.5,15698,211,0,15708.84769
4/17/2023 9:26,15698.25,15698.5,15687,15689.75,930,0,15708.66354
4/17/2023 9:27,15689.5,15694.75,15687.75,15690.25,360,0,15708.58985
4/17/2023 9:28,15690,15692.5,15688,15691.75,419,0,15708.50406
4/17/2023 9:29,15691,15691.5,15685,15689.5,610,0,15708.36613
4/17/2023 9:30,15688.75,15691.5,15686.75,15687.25,637,0,15708.22294
4/17/2023 9:31,15687.25,15692,15672.5,15677.75,5158,15680.75,15706.70786
4/17/2023 9:32,15677.5,15690.25,15674.75,15683.75,3019,15681.54995,15705.96393
4/17/2023 9:33,15683.25,15689.5,15670.5,15679,2750,15681.07598,15705.23565
4/17/2023 9:34,15678.5,15699.25,15677.25,15688.25,2329,15682.33641,15704.84639
4/17/2023 9:35,15688.5,15705.25,15687.25,15703.25,1993,15684.45984,15704.72593
4/17/2023 9:36,15703.25,15716.75,15697,15709,2596,15687.82373,15704.79576
4/17/2023 9:37,15709,15730,15707.25,15728.5,2848,15692.51598,15705.24284
4/17/2023 9:38,15729,15730.75,15723.5,15728,1458,15694.81317,15705.53535
4/17/2023 9:39,15727.5,15730.75,15721.25,15727.75,1507,15696.83691,15705.81849
4/17/2023 9:40,15727.25,15727.75,15716.5,15718,1584,15698.33752,15706.02666
4/17/2023 9:41,15717.75,15725.5,15713.25,15719.75,1925,15699.83705,15706.25114
4/17/2023 9:42,15719.5,15724.25,15714.75,15715.25,1143,15700.57373,15706.36705
4/17/2023 9:43,15715.25,15720.25,15695.75,15700.25,3118,15701.05421,15706.34231
4/17/2023 9:44,15700.5,15702,15689.25,15693,2113,15700.65706,15706.14139
4/17/2023 9:45,15692.75,15697.25,15686.75,15696.75,1697,15700.3164,15705.96899
4/17/2023 9:46,15696.75,15701.75,15681.75,15684.5,2507,15699.58691,15705.6383
4/17/2023 9:47,15684.5,15689,15672.25,15677.25,2290,15698.43794,15705.17215
4/17/2023 9:48,15677.25,15679.75,15667.75,15673.5,2145,15697.17823,15704.65451
4/17/2023 9:49,15673.25,15681,15670.25,15680,1671,15696.41249,15704.30607
4/17/2023 9:50,15680.25,15691.75,15679.25,15683.25,1914,15695.92474,15704.02702
4/17/2023 9:51,15683.5,15694.25,15682.75,15690.25,1467,15695.71225,15703.86536
4/17/2023 9:52,15690.5,15703.75,15689,15695.75,2170,15695.73221,15703.7441
4/17/2023 9:53,15695.5,15698.5,15684.25,15691,1694,15695.58361,15703.59235
4/17/2023 9:54,15691.25,15691.25,15677,15678,1829,15695.11706,15703.31393
4/17/2023 9:55,15678,15686,15675.75,15678.75,1503,15694.70421,15703.0703
4/17/2023 9:56,15678.5,15684,15673.5,15681,1473,15694.30358,15702.82965
4/17/2023 9:57,15681,15687.75,15679,15685.5,1215,15694.08617,15702.67309
4/17/2023 9:58,15685.75,15687.5,15666,15681,3753,15693.10462,15702.05682
4/17/2023 9:59,15681.25,15684.5,15676,15679.5,1641,15692.7606,15701.81693
4/17/2023 10:00,15679.75,15689.25,15672,15686.75,1518,15692.52129,15701.62618
4/17/2023 10:01,15687,15711.5,15686.5,15706.25,4250,15693.07499,15701.6205
4/17/2023 10:02,15706,15712.75,15698.25,15706.75,3066,15693.62686,15701.70297
4/17/2023 10:03,15706.75,15708.75,15696.75,15697.5,1900,15693.81812,15701.69471
4/17/2023 10:04,15698,15699.25,15682.25,15683.25,3433,15693.56883,15701.41506
4/17/2023 10:05,15683,15683.5,15671,15673.25,3035,15692.89673,15700.95465
4/17/2023 10:06,15673.25,15682.75,15671.75,15672.5,2074,15692.45979,15700.64642
4/17/2023 10:07,15672.5,15674.25,15663,15670,2952,15691.64543,15700.10818
4/17/2023 10:08,15670,15675.5,15668.25,15674.75,1523,15691.31329,15699.87032
4/17/2023 10:09,15675,15680.75,15665.75,15667.75,1876,15690.88979,15699.5679
4/17/2023 10:10,15667.75,15676.5,15667,15674.25,1347,15690.61422,15699.36353
4/17/2023 10:11,15674.5,15679.5,15668.25,15669.25,1434,15690.32589,15699.14734
4/17/2023 10:12,15669.5,15675.25,15664.75,15672.5,1661,15689.97616,15698.88744
4/17/2023 10:13,15672.5,15684.75,15672,15684,1938,15689.77674,15698.68994
4/17/2023 10:14,15684.25,15689.5,15681.5,15684.75,1757,15689.69412,15698.56206
4/17/2023 10:15,15684.75,15689.75,15682.25,15686.25,1164,15689.65099,15698.48388
4/17/2023 10:16,15686.25,15696,15683.75,15691.75,2188,15689.66964,15698.39096
4/17/2023 10:17,15692.25,15698,15688.25,15696,1419,15689.73162,15698.35869
4/17/2023 10:18,15696,15699.25,15691,15697.5,1504,15689.82233,15698.33946
4/17/2023 10:19,15697.25,15705.5,15696.75,15704.5,1730,15690.02851,15698.37457
4/17/2023 10:20,15704.25,15709,15701.25,15701.5,1644,15690.24406,15698.42147
4/17/2023 10:21,15701.5,15706.75,15700.5,15705.5,1050,15690.38154,15698.4528
4/17/2023 10:22,15705.75,15717.75,15704.5,15714.75,2154,15690.81483,15698.60418
4/17/2023 10:23,15714.5,15717.75,15709.75,15712,1626,15691.14298,15698.72309
4/17/2023 10:24,15712,15714.5,15705.5,15708.75,1240,15691.34716,15698.79031
4/17/2023 10:25,15709,15715,15706,15708,1330,15691.56216,15698.86203
4/17/2023 10:26,15708,15710.5,15697.25,15698,1861,15691.72946,15698.88995
4/17/2023 10:27,15698,15700.5,15694.25,15694.5,1542,15691.79138,15698.87136
4/17/2023 10:28,15694.5,15695,15689,15691.75,1407,15691.79287,15698.82397
4/17/2023 10:29,15691.75,15695.75,15687.5,15687.5,1024,15691.77961,15698.78167
4/17/2023 10:30,15687.75,15689,15674.5,15677.75,2118,15691.58116,15698.59613
4/17/2023 10:31,15678,15681.25,15672.75,15673.75,1798,15691.35232,15698.40328
4/17/2023 10:32,15673.75,15684.25,15673.25,15677.25,1435,15691.20131,15698.26743
4/17/2023 10:33,15677.25,15688,15676,15683.25,1245,15691.11434,15698.17526
4/17/2023 10:34,15683,15688,15674.75,15676.25,1317,15690.99569,15698.06212
4/17/2023 10:35,15676.25,15678,15668.25,15677.75,2114,15690.72848,15697.83479
4/17/2023 10:36,15677.25,15682.75,15672,15679.25,1335,15690.59829,15697.71382
4/17/2023 10:37,15679.25,15679.5,15671.25,15674.25,811,15690.50196,15697.62997
4/17/2023 10:38,15674,15675.5,15670,15672,1147,15690.3461,15697.49946
4/17/2023 10:39,15672,15673,15648.75,15649.5,5071,15689.1198,15696.59228
4/17/2023 10:40,15649.25,15658.75,15647.5,15655.5,2519,15688.48669,15696.12169
4/17/2023 10:41,15655.25,15659.25,15650.25,15654.5,1840,15688.04818,15695.79045
4/17/2023 10:42,15654.25,15654.75,15637.25,15643.25,2901,15687.18744,15695.1596
4/17/2023 10:43,15643,15643,15636.25,15638.25,2321,15686.4299,15694.60776
4/17/2023 10:44,15638.5,15643.5,15637.5,15640,1602,15685.93339,15694.24105
4/17/2023 10:45,15639.75,15649.75,15637.75,15647.5,2020,15685.3849,15693.82509
4/17/2023 10:46,15647.5,15649.25,15642,15649,1615,15684.97539,15693.50928
4/17/2023 10:47,15648.75,15653.25,15647,15648,1613,15684.6029,15693.21582
4/17/2023 10:48,15647.75,15653.75,15645.75,15652.5,938,15684.39742,15693.05177
4/17/2023 10:49,15652.5,15657.75,15647.75,15657,1210,15684.16313,15692.85933
4/17/2023 10:50,15656.5,15659.5,15655,15657.5,1471,15683.9127,15692.64687
4/17/2023 10:51,15657.25,15658.75,15651.5,15652,1025,15683.71995,15692.48684
4/17/2023 10:52,15651.75,15662.5,15650.5,15657.25,1621,15683.44712,15692.25383
4/17/2023 10:53,15657,15657.75,15652.5,15655,815,15683.3036,15692.13238
4/17/2023 10:54,15655.25,15658.5,15651.5,15651.75,763,15683.16503,15692.01583
4/17/2023 10:55,15652,15652,15645.5,15650.25,1556,15682.84203,15691.75151
4/17/2023 10:56,15649.75,15650.5,15640,15642.25,1189,15682.5632,15691.52822
4/17/2023 10:57,15642.5,15651.5,15642.25,15647.5,1043,15682.33975,15691.3457
4/17/2023 10:58,15648,15655,15647,15654.5,814,15682.19217,15691.22053
4/17/2023 10:59,15654.25,15664.25,15653.75,15662.5,1509,15681.99426,15691.0377
4/17/2023 11:00,15662.75,15666,15659.75,15663.75,1208,15681.85979,15690.90696
4/17/2023 11:01,15663.75,15671.25,15663,15668,1612,15681.72344,15690.76083
4/17/2023 11:02,15668.25,15671.5,15664.5,15666.25,970,15681.64263,15690.67377
4/17/2023 11:03,15665.75,15665.75,15655,15658.25,1469,15681.45623,15690.49963
4/17/2023 11:04,15658.25,15658.25,15646,15647.25,1207,15681.24198,15690.31589
4/17/2023 11:05,15647.5,15655.25,15645.5,15655.25,1335,15681.01984,15690.12222
4/17/2023 11:06,15655.25,15660.5,15650.75,15659.75,1207,15680.85599,15689.97153
4/17/2023 11:07,15660.25,15665,15660,15662,1050,15680.74672,15689.86258
4/17/2023 11:08,15662,15665,15659,15659.75,629,15680.67806,15689.79517
4/17/2023 11:09,15660,15667.25,15659.5,15666.5,586,15680.62489,15689.73959
4/17/2023 11:10,15666.75,15668.5,15663.25,15663.5,806,15680.5553,15689.66555
4/17/2023 11:11,15663.25,15668,15659,15660.25,1016,15680.4535,15689.56278
4/17/2023 11:12,15660.25,15666.5,15655,15665.75,1155,15680.33915,15689.4469
4/17/2023 11:13,15665.75,15666.5,15656.5,15658,803,15680.25136,15689.36074
4/17/2023 11:14,15658.25,15658.5,15650.75,15650.75,883,15680.12209,15689.24389
4/17/2023 11:15,15651,15659.75,15649.75,15658.25,738,15680.02533,15689.15379
4/17/2023 11:16,15658.5,15662.25,15657,15662,735,15679.94756,15689.07662
4/17/2023 11:17,15662.25,15664.75,15660.25,15662.25,653,15679.88602,15689.01317
4/17/2023 11:18,15662.5,15672.75,15661.5,15671.5,1331,15679.80571,15688.91454
4/17/2023 11:19,15671.5,15672.75,15666,15669.25,918,15679.75464,15688.84956
4/17/2023 11:20,15669.5,15669.5,15658,15658.75,993,15679.66191,15688.75382
4/17/2023 11:21,15658.5,15661,15652.75,15659.25,1085,15679.53652,15688.63279
4/17/2023 11:22,15659.25,15661.75,15654.25,15656.25,640,15679.46238,15688.56127
4/17/2023 11:23,15656.5,15660.5,15653,15657.25,651,15679.38579,15688.48769
4/17/2023 11:24,15657,15664.75,15656.75,15663.25,742,15679.31711,15688.41658
4/17/2023 11:25,15663,15668.5,15662.75,15668,793,15679.26415,15688.35461
4/17/2023 11:26,15668.5,15677.75,15667.75,15674.25,2270,15679.19429,15688.23379
4/17/2023 11:27,15674,15674.5,15666,15668,1194,15679.13542,15688.1553
4/17/2023 11:28,15668.25,15668.5,15657.5,15658.5,1231,15679.02569,15688.04065
4/17/2023 11:29,15658.25,15659.25,15646.75,15646.75,1690,15678.78761,15687.82274
4/17/2023 11:30,15647,15650,15641.75,15644.25,1691,15678.50647,15687.57463
4/17/2023 11:31,15644.25,15644.25,15624.5,15627.75,3996,15677.60415,15686.82049
4/17/2023 11:32,15627.5,15629.5,15623.25,15627.75,1866,15677.14667,15686.44164
4/17/2023 11:33,15628.25,15639,15626,15638.25,2151,15676.7074,15686.06562
4/17/2023 11:34,15638.25,15641.5,15634.75,15640.25,1358,15676.46317,15685.85108
4/17/2023 11:35,15640.75,15642.25,15629.25,15632.5,2179,15676.03514,15685.48072
4/17/2023 11:36,15633,15633.25,15625.5,15626.75,1450,15675.71339,15685.20768
4/17/2023 11:37,15627.25,15629.75,15624.25,15628.25,1249,15675.43344,15684.97012
4/17/2023 11:38,15628.5,15632.5,15625,15625.25,1079,15675.19502,15684.76705
4/17/2023 11:39,15625.5,15625.5,15612.75,15622.75,3650,15674.28565,15684.00489
4/17/2023 11:40,15623,15627.5,15618.25,15627,1314,15673.98884,15683.75151
4/17/2023 11:41,15627.5,15631.75,15622.75,15624.25,1308,15673.70861,15683.50983
4/17/2023 11:42,15624.25,15630,15621,15629.25,1198,15673.45749,15683.29216
4/17/2023 11:43,15629,15633,15623,15626.5,1109,15673.2311,15683.0948
4/17/2023 11:44,15626.5,15626.5,15617.25,15622,1810,15672.82184,15682.74362
4/17/2023 11:45,15621.75,15627,15621,15622,852,15672.63674,15682.58352
4/17/2023 11:46,15622.5,15623,15618.25,15620.75,1543,15672.28708,15682.28281
4/17/2023 11:47,15620.5,15625,15616,15617,1041,15672.0478,15682.07722
4/17/2023 11:48,15616.75,15623.25,15616,15621.5,964,15671.83195,15681.8908
4/17/2023 11:49,15621.25,15625.25,15620.25,15624.75,1062,15671.61071,15681.69721
4/17/2023 11:50,15624.75,15629,15622,15628.25,1097,15671.39839,15681.5088
4/17/2023 11:51,15628.25,15630,15624.25,15627.75,875,15671.23388,15681.36193
4/17/2023 11:52,15627.25,15632,15625,15631.5,890,15671.076,15681.21931
4/17/2023 11:53,15630.75,15632.25,15626.5,15628.25,819,15670.93003,15681.08749
4/17/2023 11:54,15628.25,15633,15625.75,15631.5,850,15670.7835,15680.95422
4/17/2023 11:55,15631.75,15635,15629.5,15630,956,15670.62563,15680.80931
4/17/2023 11:56,15630,15632.75,15626.5,15630.5,963,15670.4615,15680.65954
4/17/2023 11:57,15630.25,15633,15626,15630.25,664,15670.34864,15680.55644
4/17/2023 11:58,15630.5,15632.5,15625,15625.25,719,15670.22065,15680.44054
4/17/2023 11:59,15625.25,15631.5,15621.75,15630.5,1064,15670.03411,15680.27102
4/17/2023 12:00,15630.25,15633.75,15627.25,15627.5,840,15669.89349,15680.14199
4/17/2023 12:01,15628,15629.5,15617.5,15618,1194,15669.65685,15679.9315
4/17/2023 12:02,15618,15627,15614,15625.5,1474,15669.37091,15679.67595
4/17/2023 12:03,15625.5,15628.75,15620.75,15621.75,955,15669.19364,15679.5161
4/17/2023 12:04,15621.5,15631.5,15621,15627,894,15669.03889,15679.37463
4/17/2023 12:05,15627,15627.75,15620.25,15622.5,833,15668.88562,15679.23605
4/17/2023 12:06,15622.25,15622.25,15616,15616,1096,15668.66164,15679.03715
4/17/2023 12:07,15616.75,15618.5,15611.5,15614.75,1527,15668.33351,15678.74788
4/17/2023 12:08,15615.25,15627,15613.5,15622.25,1250,15668.09771,15678.5351
4/17/2023 12:09,15622.5,15625.5,15615.75,15619.75,796,15667.94693,15678.39905
4/17/2023 12:10,15620,15621.5,15614.75,15620.75,752,15667.80139,15678.26817
4/17/2023 12:11,15621,15624.75,15618.5,15621.25,805,15667.65449,15678.13458
4/17/2023 12:12,15620.75,15623.25,15614.25,15616.75,794,15667.49984,15677.99552
4/17/2023 12:13,15617,15624.25,15614.5,15624.25,844,15667.34615,15677.85557
4/17/2023 12:14,15624.25,15625,15611.75,15613.25,980,15667.15239,15677.68161
4/17/2023 12:15,15613.5,15617,15609.75,15616.5,1164,15666.914,15677.4687
4/17/2023 12:16,15617,15618.25,15607.75,15611.25,947,15666.71431,15677.29107
4/17/2023 12:17,15610.75,15614.5,15606.75,15609.5,903,15666.51772,15677.11697
4/17/2023 12:18,15609.5,15613.25,15608.5,15611,484,15666.41415,15677.02496
4/17/2023 12:19,15611.25,15616.25,15608.75,15616.25,683,15666.27607,15676.90108
4/17/2023 12:20,15616.5,15620,15610,15610.5,766,15666.12135,15676.76219
4/17/2023 12:21,15610.25,15613.75,15602,15607.25,1614,15665.76248,15676.44471
4/17/2023 12:22,15607,15612.25,15605.5,15607.25,760,15665.59693,15676.29766
4/17/2023 12:23,15607.5,15611.25,15605.25,15607.75,699,15665.44486,15676.16248
4/17/2023 12:24,15608,15608.5,15603,15605,755,15665.27414,15676.01155
4/17/2023 12:25,15605,15607.25,15601.5,15606.5,783,15665.09689,15675.85479
4/17/2023 12:26,15606.5,15613,15606.25,15612,1186,15664.85408,15675.63644
4/17/2023 12:27,15611.5,15617.5,15611.5,15613.5,978,15664.66914,15675.46778
4/17/2023 12:28,15613.5,15618.25,15613,15616.75,577,15664.56461,15675.37166
4/17/2023 12:29,15616.75,15619.5,15614.25,15615,580,15664.46052,15675.27577
4/17/2023 12:30,15614.5,15619.75,15612.5,15618.75,680,15664.34094,15675.16516
4/17/2023 12:31,15618.75,15620.5,15617,15617.75,642,15664.23196,15675.06365
4/17/2023 12:32,15618.25,15620,15614.5,15616.25,512,15664.14258,15674.98082
4/17/2023 12:33,15616.5,15621.25,15616.5,15619.25,552,15664.05083,15674.89498
4/17/2023 12:34,15619.25,15623.5,15616,15618,982,15663.88913,15674.74336
4/17/2023 12:35,15618,15620.5,15616,15616.25,492,15663.8057,15674.66556
4/17/2023 12:36,15616,15618.25,15614,15614.25,503,15663.71689,15674.58333
4/17/2023 12:37,15615.25,15621.25,15614,15618.5,519,15663.63016,15674.50219
4/17/2023 12:38,15618.75,15623.75,15618.75,15623.5,581,15663.54211,15674.41817
4/17/2023 12:39,15623.5,15629,15623.5,15626,1254,15663.37225,15674.25208
4/17/2023 12:40,15625.5,15625.75,15620.25,15622,596,15663.28452,15674.16783
4/17/2023 12:41,15621.75,15629.75,15620.5,15629.5,676,15663.19501,15674.07984
4/17/2023 12:42,15628.75,15633.5,15628.5,15629.5,1155,15663.05935,15673.94258
4/17/2023 12:43,15629.5,15629.75,15625,15625.5,502,15662.99399,15673.87807
4/17/2023 12:44,15625.25,15627,15623,15626.5,424,15662.93707,15673.82228
4/17/2023 12:45,15626.25,15629.25,15625.5,15628,675,15662.85182,15673.73754
4/17/2023 12:46,15628,15630.25,15627.5,15629.75,427,15662.80053,15673.68593
4/17/2023 12:47,15630,15633,15625.5,15626.25,687,15662.71608,15673.60144
4/17/2023 12:48,15626,15626.5,15621.25,15622,464,15662.65103,15673.53828
4/17/2023 12:49,15622.5,15627.75,15622.25,15624.75,520,15662.58147,15673.47003
4/17/2023 12:50,15624.75,15625.25,15620.25,15622,453,15662.5172,15673.40777
4/17/2023 12:51,15621.75,15625.25,15619.25,15623.5,636,15662.42768,15673.32091
4/17/2023 12:52,15623,15625,15621.75,15624,361,15662.37822,15673.27262
4/17/2023 12:53,15623.75,15630.5,15623.5,15630,694,15662.29427,15673.18829
4/17/2023 12:54,15630,15630.25,15623.25,15626,396,15662.24447,15673.13872
4/17/2023 12:55,15626.5,15628.25,15621,15626.5,685,15662.15564,15673.05093
4/17/2023 12:56,15626.5,15634,15626.25,15633.75,663,15662.08417,15672.97704
4/17/2023 12:57,15634.25,15637.25,15629,15629.5,1169,15661.96134,15672.84921
4/17/2023 12:58,15629.5,15630.25,15624.25,15628,780,15661.86797,15672.7552
4/17/2023 12:59,15628.25,15629.5,15626.75,15629,274,15661.83617,15672.72293
4/17/2023 13:00,15629.5,15635.25,15628.25,15634.75,577,15661.77804,15672.66177
4/17/2023 13:01,15634.75,15637.75,15631.5,15634.75,828,15661.70052,15672.57853
4/17/2023 13:02,15635,15637,15632.75,15635,443,15661.65961,15672.53444
4/17/2023 13:03,15635.25,15640.25,15631,15638.5,833,15661.58779,15672.45547
4/17/2023 13:04,15638.75,15643.25,15637.5,15642.75,858,15661.52773,15672.38484
4/17/2023 13:05,15642.75,15643,15638.25,15639.25,455,15661.49446,15672.34631
4/17/2023 13:06,15639.75,15640.5,15634.75,15637,700,15661.43691,15672.28218
4/17/2023 13:07,15636.75,15637.25,15632.5,15634.75,456,15661.39555,15672.23744
4/17/2023 13:08,15634.25,15634.75,15625.75,15626.5,865,15661.30029,15672.13967
4/17/2023 13:09,15626.25,15628.75,15623.75,15627.5,819,15661.20414,15672.04253
4/17/2023 13:10,15627.5,15635.5,15626,15633.25,837,15661.12034,15671.95439
4/17/2023 13:11,15633.75,15636,15630.75,15635.5,760,15661.05106,15671.87962
4/17/2023 13:12,15635.5,15637,15630.5,15631,500,15661.00357,15671.82898
4/17/2023 13:13,15631.5,15638.75,15629.5,15638,614,15660.9508,15671.77107
4/17/2023 13:14,15637.75,15642.75,15637,15641.5,805,15660.89542,15671.70583
4/17/2023 13:15,15641.5,15643.75,15639.25,15643,556,15660.8603,15671.6632
4/17/2023 13:16,15643,15646.25,15640.5,15642,806,15660.81207,15671.60352
4/17/2023 13:17,15642,15646.25,15639.5,15644.75,661,15660.77399,15671.55576
4/17/2023 13:18,15644.75,15651.25,15644.5,15646,1345,15660.71374,15671.47199
4/17/2023 13:19,15645.75,15648,15644,15646,610,15660.68407,15671.43224
4/17/2023 13:20,15646.5,15648.5,15644,15645.5,516,15660.65906,15671.39871
4/17/2023 13:21,15645.5,15649.25,15644.5,15648,416,15660.64068,15671.37307
4/17/2023 13:22,15648,15648.25,15641.5,15641.75,578,15660.60872,15671.3325
4/17/2023 13:23,15642,15642.75,15639.25,15641.25,561,15660.57276,15671.28931
4/17/2023 13:24,15641.25,15643.75,15639.25,15642.25,426,15660.54647,15671.25732
4/17/2023 13:25,15642.25,15643.25,15638.5,15641,515,15660.51338,15671.21765
4/17/2023 13:26,15641,15641,15633.25,15637,734,15660.45722,15671.15416
4/17/2023 13:27,15637,15642.25,15634.75,15640.25,515,15660.42134,15671.11236
4/17/2023 13:28,15640.5,15641.5,15633.5,15634.25,540,15660.37915,15671.06501
4/17/2023 13:29,15634,15639.25,15633.75,15639.25,395,15660.34967,15671.03145
4/17/2023 13:30,15639.5,15645,15639.25,15644.25,683,15660.31088,15670.98291
4/17/2023 13:31,15644.25,15646.25,15640.5,15644.5,626,15660.27733,15670.94001
4/17/2023 13:32,15644,15647.75,15640.75,15647.25,550,15660.25063,15670.9045
4/17/2023 13:33,15647.5,15648.25,15643.75,15647.25,472,15660.22957,15670.87548
4/17/2023 13:34,15647.25,15647.75,15644.25,15646.5,367,15660.21294,15670.85274
4/17/2023 13:35,15646.5,15650,15645.75,15646.5,454,15660.19425,15670.82609
4/17/2023 13:36,15646.75,15647,15642.75,15645.5,531,15660.16848,15670.7919
4/17/2023 13:37,15645.5,15646.5,15642,15646,323,15660.15259,15670.77094
4/17/2023 13:38,15646.25,15652.75,15645.25,15651.5,648,15660.13118,15670.73708
4/17/2023 13:39,15651.5,15653.5,15649.25,15650.75,600,15660.11399,15670.70782
4/17/2023 13:40,15650.75,15652.25,15647.5,15650.5,353,15660.10269,15670.6897
4/17/2023 13:41,15650.25,15651.75,15645.75,15648.5,406,15660.08789,15670.66746
4/17/2023 13:42,15648.5,15648.5,15642,15644,434,15660.06682,15670.6396
4/17/2023 13:43,15644,15645.5,15640.75,15643.75,412,15660.0449,15670.61168
4/17/2023 13:44,15643.25,15645,15641.5,15642.75,230,15660.0325,15670.59598
4/17/2023 13:45,15642,15642.75,15639,15641,568,15659.99807,15670.55422
4/17/2023 13:46,15640.75,15643,15636,15637.25,674,15659.95276,15670.50121
4/17/2023 13:47,15637.75,15639.5,15635.75,15638.75,496,15659.91835,15670.4614
4/17/2023 13:48,15638.5,15642,15636.75,15639.25,418,15659.89121,15670.42929
4/17/2023 13:49,15639,15643.75,15637.25,15641,503,15659.86074,15670.3924
4/17/2023 13:50,15641.5,15642.5,15637.25,15640.5,411,15659.83517,15670.36174
4/17/2023 13:51,15640.5,15640.5,15631,15631.25,911,15659.76205,15670.28093
4/17/2023 13:52,15631.75,15636.75,15631.5,15634,648,15659.70995,15670.22341
4/17/2023 13:53,15633.75,15636.25,15630.75,15635.75,595,15659.66261,15670.171
4/17/2023 13:54,15636,15637,15633.75,15636.5,313,15659.63925,15670.14464
4/17/2023 13:55,15636.5,15637.5,15632.25,15633.25,369,15659.61013,15670.11233
4/17/2023 13:56,15633,15633,15622,15626,1579,15659.45035,15669.94656
4/17/2023 13:57,15626,15626.5,15622.5,15622.75,1054,15659.33451,15669.82871
4/17/2023 13:58,15622.75,15624,15618,15620.25,1017,15659.21353,15669.70777
4/17/2023 13:59,15620.25,15625.25,15619.75,15622.5,716,15659.13266,15669.62601
4/17/2023 14:00,15622.75,15623.5,15620.25,15621.25,413,15659.08511,15669.57815
4/17/2023 14:01,15621.5,15622.75,15615,15618.5,1206,15658.9362,15669.43046
4/17/2023 14:02,15618.75,15622.75,15616.75,15620,759,15658.84556,15669.33993
4/17/2023 14:03,15619.5,15622.25,15617.75,15620.5,612,15658.7734,15669.26766
4/17/2023 14:04,15620.75,15623.5,15616.5,15623.25,1003,15658.65851,15669.15187
4/17/2023 14:05,15623.5,15627.75,15622.5,15623.75,932,15658.56251,15669.05277
4/17/2023 14:06,15623.25,15624.75,15620.75,15623.5,549,15658.50344,15668.99241
4/17/2023 14:07,15623.75,15624.5,15619.75,15621,713,15658.42432,15668.91214
4/17/2023 14:08,15621.25,15621.5,15615.75,15617.5,655,15658.34504,15668.83318
4/17/2023 14:09,15617.5,15622.5,15617.5,15620.75,548,15658.28224,15668.76991
4/17/2023 14:10,15620.5,15623.25,15619.25,15621.75,393,15658.23871,15668.72573
4/17/2023 14:11,15621.5,15622.75,15618,15620.75,425,15658.19059,15668.67712
4/17/2023 14:12,15621,15625.75,15619.25,15625,478,15658.14066,15668.62577
4/17/2023 14:13,15624.75,15625.25,15618.5,15619.25,536,15658.08111,15668.56538
4/17/2023 14:14,15619.25,15625.75,15619,15624.75,405,15658.03886,15668.52191
4/17/2023 14:15,15624.75,15629.25,15624.25,15625.25,912,15657.95247,15668.43098
4/17/2023 14:16,15624.75,15625,15620.25,15623.25,513,15657.89887,15668.37587
4/17/2023 14:17,15623.25,15624,15620.5,15621,327,15657.86381,15668.34005
4/17/2023 14:18,15621,15621.5,15618.5,15619.75,414,15657.81717,15668.2929
4/17/2023 14:19,15620,15624,15619.75,15622.5,362,15657.77881,15668.25359
4/17/2023 14:20,15622.5,15622.75,15618.25,15619.5,349,15657.73992,15668.21419
4/17/2023 14:21,15619.5,15627,15619.5,15626.75,521,15657.68857,15668.16068
4/17/2023 14:22,15627,15628,15624.75,15626.75,397,15657.65199,15668.12194
4/17/2023 14:23,15626.5,15626.75,15622,15624.5,363,15657.61638,15668.0848
4/17/2023 14:24,15624.25,15628.5,15623.75,15628,325,15657.58681,15668.05338
4/17/2023 14:25,15627.75,15629.5,15625,15629.25,284,15657.56198,15668.02674
4/17/2023 14:26,15629.25,15632.5,15627.5,15630,747,15657.50146,15667.96045
4/17/2023 14:27,15630.75,15631,15625.75,15627.75,359,15657.47054,15667.92715
4/17/2023 14:28,15628.25,15629,15624.25,15626.5,403,15657.43403,15667.88834
4/17/2023 14:29,15626.5,15632.25,15625,15632,497,15657.39373,15667.84424
4/17/2023 14:30,15632.25,15632.75,15629.25,15631,349,15657.36678,15667.81435
4/17/2023 14:31,15631.5,15633.75,15628.25,15632.75,673,15657.31612,15667.75775
4/17/2023 14:32,15633,15637.5,15632.25,15637.25,709,15657.27139,15667.70503
4/17/2023 14:33,15637,15637.5,15630,15632.5,679,15657.22412,15667.65104
4/17/2023 14:34,15632,15638,15631.75,15637.25,888,15657.16859,15667.58546
4/17/2023 14:35,15637.25,15639.5,15635.25,15637.25,467,15657.14176,15667.55288
4/17/2023 14:36,15637.5,15637.5,15634,15636,376,15657.11858,15667.52539
4/17/2023 14:37,15636,15639,15634,15635.75,412,15657.09373,15667.49573
4/17/2023 14:38,15636,15638.5,15634.75,15637,383,15657.07124,15667.46865
4/17/2023 14:39,15636.75,15639.25,15635.5,15636,323,15657.05246,15667.44596
4/17/2023 14:40,15636,15641,15634.75,15641,406,15657.03125,15667.41937
4/17/2023 14:41,15640.75,15648,15640.75,15646.75,923,15656.99978,15667.3723
4/17/2023 14:42,15647,15657.25,15646.25,15657.25,2612,15656.97433,15667.29026
4/17/2023 14:43,15657.25,15659.25,15654,15656,1056,15656.97266,15667.26417
4/17/2023 14:44,15655.75,15656.75,15653.25,15656,795,15656.96896,15667.24266
4/17/2023 14:45,15656,15659,15654.5,15654.75,740,15656.96711,15667.22396
4/17/2023 14:46,15654.75,15660.75,15654.5,15660.5,1383,15656.97341,15667.19698
4/17/2023 14:47,15660.25,15662.25,15659,15660.75,682,15656.9805,15667.18695
4/17/2023 14:48,15660.75,15661,15652.25,15655.25,1082,15656.97803,15667.16014
4/17/2023 14:49,15655.25,15660.75,15654.5,15658.5,724,15656.97993,15667.14511
4/17/2023 14:50,15658.5,15661.5,15658.5,15660,506,15656.9842,15667.13701
4/17/2023 14:51,15660.25,15662.75,15659.25,15660,883,15656.99327,15667.12422
4/17/2023 14:52,15660,15660.25,15656.25,15659.25,629,15656.99606,15667.11222
4/17/2023 14:53,15659.25,15661.25,15658.5,15659.75,547,15657.00037,15667.10333
4/17/2023 14:54,15660,15667,15657.5,15663.25,2061,15657.03218,15667.08263
4/17/2023 14:55,15663,15664.25,15660.75,15662.5,625,15657.04161,15667.07628
4/17/2023 14:56,15662.75,15665.5,15658.5,15659.5,751,15657.05014,15667.06645
4/17/2023 14:57,15659.5,15662.25,15658.5,15661,492,15657.05492,15667.05939
4/17/2023 14:58,15661.25,15667,15661.25,15666.5,684,15657.06969,15667.05616
4/17/2023 14:59,15666.75,15671.5,15666,15667.75,1490,15657.11591,15667.06062
4/17/2023 15:00,15667.75,15669.25,15665.25,15668,595,15657.13277,15667.06119
4/17/2023 15:01,15668,15672.75,15668,15671,1426,15657.18492,15667.0722
4/17/2023 15:02,15671,15674.25,15670,15672.75,883,15657.2212,15667.08237
4/17/2023 15:03,15673,15676.25,15669.75,15671.25,1314,15657.27517,15667.09766
4/17/2023 15:04,15671,15673,15668.5,15670.75,856,15657.30627,15667.10447
4/17/2023 15:05,15671,15674.5,15668.75,15672.5,620,15657.33065,15667.11096
4/17/2023 15:06,15672.75,15673.5,15670,15672.5,479,15657.34954,15667.11604
4/17/2023 15:07,15672.5,15679,15672.5,15676.75,1082,15657.40388,15667.13707
4/17/2023 15:08,15677,15681.75,15676.5,15678,1146,15657.46926,15667.16584
4/17/2023 15:09,15678,15681,15675.5,15680.25,718,15657.51033,15667.18405
4/17/2023 15:10,15680.25,15681.5,15677,15678,545,15657.54129,15667.19774
4/17/2023 15:11,15678.25,15681,15672.25,15674.25,908,15657.58542,15667.21462
4/17/2023 15:12,15673.75,15678,15672,15677.75,790,15657.62382,15667.22938
4/17/2023 15:13,15677.75,15680.5,15675.5,15679.5,400,15657.64593,15667.23906
4/17/2023 15:14,15679.5,15683,15679,15679.75,630,15657.68414,15667.25708
4/17/2023 15:15,15679.75,15680.25,15677,15677.25,531,15657.71286,15667.26948
4/17/2023 15:16,15677.5,15684.5,15677.5,15682.25,708,15657.7571,15667.29089
4/17/2023 15:17,15682.5,15685.75,15681.75,15682.5,628,15657.79936,15667.3124
4/17/2023 15:18,15682.75,15686.25,15682.75,15685,404,15657.82789,15667.32736
4/17/2023 15:19,15685.25,15690,15683.75,15685.5,1064,15657.90762,15667.37058
4/17/2023 15:20,15685.5,15688.5,15685.5,15686.5,424,15657.93973,15667.38813
4/17/2023 15:21,15686.75,15694.25,15686.75,15692.25,1304,15658.05251,15667.45365
4/17/2023 15:22,15692,15692.75,15689.25,15691.5,916,15658.13147,15667.49961
4/17/2023 15:23,15691.5,15692,15687.75,15691,827,15658.20046,15667.53936
4/17/2023 15:24,15691.25,15694.75,15691,15691.5,804,15658.27177,15667.58154
4/17/2023 15:25,15691.75,15694.5,15690.75,15693.75,614,15658.32696,15667.61442
4/17/2023 15:26,15694,15694.25,15687,15690.75,1127,15658.42101,15667.66901
4/17/2023 15:27,15691,15695.5,15690.75,15693,739,15658.48698,15667.70841
4/17/2023 15:28,15693,15697.5,15692.25,15693.5,902,15658.57026,15667.75886
4/17/2023 15:29,15693.75,15698.25,15693.75,15698,521,15658.62119,15667.79036
4/17/2023 15:30,15698.25,15701.75,15697.75,15699,1057,15658.73177,15667.86032
4/17/2023 15:31,15699.25,15699.5,15691.75,15695,1224,15658.84633,15667.93054
4/17/2023 15:32,15695.5,15700.25,15693.5,15700.25,719,15658.91802,15667.97548
4/17/2023 15:33,15700.25,15702.5,15698.25,15699,910,15659.01281,15668.03579
4/17/2023 15:34,15699,15699,15694,15696.5,753,15659.08439,15668.08019
4/17/2023 15:35,15696.25,15699,15694.5,15697.25,587,15659.14062,15668.11521
4/17/2023 15:36,15696.75,15697,15690,15696.25,1610,15659.28384,15668.20254
4/17/2023 15:37,15696.25,15699.75,15694.25,15696.5,1458,15659.4214,15668.28837
4/17/2023 15:38,15696.75,15697.25,15692.5,15695.75,1427,15659.5491,15668.36699
4/17/2023 15:39,15695.75,15699.5,15693.25,15699,1058,15659.6487,15668.4295
4/17/2023 15:40,15699,15700,15694,15696.75,1169,15659.75716,15668.49746
4/17/2023 15:41,15696.75,15696.75,15691.25,15694.25,871,15659.83144,15668.54286
4/17/2023 15:42,15694.5,15695,15691.75,15693.5,853,15659.90246,15668.586
4/17/2023 15:43,15693.5,15699.5,15693.5,15697,949,15659.98875,15668.64009
4/17/2023 15:44,15696.5,15697.25,15692.75,15695.5,933,15660.06973,15668.69023
4/17/2023 15:45,15695.75,15704.5,15695.75,15701,1338,15660.2025,15668.77599
4/17/2023 15:46,15700.5,15701,15692.75,15693.5,1348,15660.31996,15668.84925
4/17/2023 15:47,15693.75,15694.25,15689.25,15692,1501,15660.43549,15668.91855
4/17/2023 15:48,15692,15696.75,15689.5,15691.5,1130,15660.52396,15668.97214
4/17/2023 15:49,15691,15698,15690,15697.25,1125,15660.6184,15669.03088
4/17/2023 15:50,15697.25,15701,15697.25,15700.25,1081,15660.72022,15669.09661
4/17/2023 15:51,15700.25,15706.75,15696.25,15705.5,1990,15660.92227,15669.23004
4/17/2023 15:52,15705.5,15712.5,15705.5,15710.75,1996,15661.15531,15669.38949
4/17/2023 15:53,15710.5,15714.75,15710,15711,1725,15661.36454,15669.53422
4/17/2023 15:54,15711.25,15715.25,15710.5,15714,1799,15661.58663,15669.68883
4/17/2023 15:55,15714.25,15716.75,15711.25,15711.75,1567,15661.77853,15669.82261
4/17/2023 15:56,15711.75,15716.5,15708,15709.75,2479,15662.06852,15670.02372
4/17/2023 15:57,15709.75,15710.5,15705.5,15707.5,1762,15662.25776,15670.15321
4/17/2023 15:58,15707.5,15709.75,15705,15707.5,1138,15662.37804,15670.23545
4/17/2023 15:59,15707.75,15708.5,15705.25,15706.75,1480,15662.53151,15670.3402
4/17/2023 16:00,15706.75,15714.75,15706,15714.5,6411,15663.25666,15670.84731
4/17/2023 16:01,15714.25,15717,15712.25,15716.25,3062,15663.61939,15671.10503
4/17/2023 16:02,15716,15717.5,15714.75,15715.25,879,15663.72392,15671.17957
4/17/2023 16:03,15715,15718,15715,15716.25,457,15663.77871,15671.21873
4/17/2023 16:04,15716.5,15718.75,15715.5,15717.25,466,15663.83525,15671.25926
4/17/2023 16:05,15717,15720.5,15716.5,15720.5,579,15663.90797,15671.3117
4/17/2023 16:06,15720.25,15720.75,15716.25,15717,448,15663.96292,15671.35121
4/17/2023 16:07,15717.25,15718.5,15715.75,15717,376,15664.00816,15671.38366
4/17/2023 16:08,15717.5,15717.5,15716,15717,194,15664.03137,15671.4003
4/17/2023 16:09,15716.75,15718.5,15716,15717.25,303,15664.06786,15671.4265
4/17/2023 16:10,15717,15719.5,15716.75,15718.75,338,15664.10934,15671.45638
4/17/2023 16:11,15718.25,15719.75,15717.75,15719,365,15664.15447,15671.48895
4/17/2023 16:12,15718.75,15720,15717.75,15718.25,278,15664.18868,15671.51364
4/17/2023 16:13,15718.25,15720.25,15717.25,15719,353,15664.2322,15671.54506
4/17/2023 16:14,15719,15719,15714,15716.75,840,15664.33123,15671.61611
4/17/2023 16:15,15716.25,15716.75,15711,15711.25,467,15664.38236,15671.65238
4/17/2023 16:16,15711,15717.75,15710.75,15715.25,438,15664.43177,15671.68763
4/17/2023 16:17,15715.5,15717.75,15714.75,15717.25,141,15664.44829,15671.6995
4/17/2023 16:18,15717,15717.5,15715.75,15717.25,71,15664.45665,15671.7055
4/17/2023 16:19,15717,15717.75,15715.75,15717,92,15664.46747,15671.71328
4/17/2023 16:20,15717,15717.5,15716.25,15717.5,63,15664.47491,15671.71864
4/17/2023 16:21,15717.5,15717.5,15715.25,15715.5,152,15664.49252,15671.73127
4/17/2023 16:22,15715.5,15715.5,15714,15715,136,15664.50788,15671.74225
4/17/2023 16:23,15714.75,15716.75,15714.5,15716.75,74,15664.51643,15671.74838
4/17/2023 16:24,15716.5,15717.25,15716.25,15717.25,61,15664.5236,15671.75354
4/17/2023 16:25,15717.25,15719,15717.25,15718.75,111,15664.537,15671.76322
4/17/2023 16:26,15718.25,15718.75,15717.25,15717.25,61,15664.54428,15671.76847
4/17/2023 16:27,15717.25,15718,15716.25,15717.75,76,15664.55327,15671.77495
4/17/2023 16:28,15718,15718.5,15717.25,15717.25,53,15664.55958,15671.7795
4/17/2023 16:29,15717.25,15718,15716.5,15717.75,53,15664.56586,15671.78402
4/17/2023 16:30,15717.25,15718,15717.25,15717.5,43,15664.57097,15671.78771
4/17/2023 16:31,15718,15718.25,15716.5,15717.75,82,15664.5807,15671.79472
4/17/2023 16:32,15718,15718,15716.25,15717.25,67,15664.58859,15671.8004
4/17/2023 16:33,15717.5,15717.75,15716.25,15717.5,81,15664.59813,15671.80727
4/17/2023 16:34,15716.75,15717.5,15716,15716.25,70,15664.60628,15671.81314
4/17/2023 16:35,15716.5,15717.25,15716.25,15716.5,42,15664.61118,15671.81666
4/17/2023 16:36,15716.5,15717.25,15714,15715.75,125,15664.62547,15671.8269
4/17/2023 16:37,15715.75,15715.75,15712.5,15713.25,103,15664.63682,15671.83499
4/17/2023 16:38,15713.25,15717.25,15713,15716.75,83,15664.64629,15671.84179
4/17/2023 16:39,15717,15717.5,15716,15716,54,15664.65256,15671.84629
4/17/2023 16:40,15716.5,15716.5,15715,15715.75,35,15664.65656,15671.84916
4/17/2023 16:41,15716,15716.25,15714.5,15715.25,26,15664.65951,15671.85127
4/17/2023 16:42,15715.25,15715.5,15714,15714.75,47,15664.66478,15671.85504
4/17/2023 16:43,15715,15715,15713,15713.5,39,15664.66907,15671.8581
4/17/2023 16:44,15713.5,15714.75,15713.25,15714.5,31,15664.6725,15671.86055
4/17/2023 16:45,15714.25,15716,15714.25,15715.25,70,15664.6804,15671.86621
4/17/2023 16:46,15715.5,15715.5,15712.75,15713.75,135,15664.69529,15671.87683
4/17/2023 16:47,15713.5,15715,15712.75,15713.5,94,15664.7056,15671.88418
4/17/2023 16:48,15713.75,15714.25,15711.75,15711.75,91,15664.71534,15671.89109
4/17/2023 16:49,15712,15712.25,15711,15712,72,15664.7229,15671.89644
4/17/2023 16:50,15711.75,15711.75,15710.25,15711.5,74,15664.73058,15671.90186
4/17/2023 16:51,15711.5,15712,15709.5,15711.25,105,15664.74141,15671.90951
4/17/2023 16:52,15711.25,15713,15711.25,15712.25,85,15664.75042,15671.91589
4/17/2023 16:53,15712.75,15713.25,15712,15712.25,30,15664.75362,15671.91816
4/17/2023 16:54,15712,15712,15711.5,15711.75,26,15664.75634,15671.92009
4/17/2023 16:55,15711.25,15711.75,15710.75,15711.25,33,15664.75977,15671.92251
4/17/2023 16:56,15711.25,15711.75,15709.25,15709.75,130,15664.77297,15671.9318
4/17/2023 16:57,15709.75,15710,15708.25,15708.75,69,15664.77978,15671.93657
4/17/2023 16:58,15708.25,15709,15707.75,15707.75,67,15664.78627,15671.94109
4/17/2023 16:59,15707.75,15708.25,15706.25,15707.5,92,15664.795,15671.94716
4/17/2023 17:00,15707.75,15708.25,15704.5,15705.75,141,15664.80801,15671.95615
4/17/2023 18:01,15708.75,15708.75,15703.25,15704.25,143,0,15705.41667
4/17/2023 18:02,15705,15707.25,15704.5,15704.5,99,0,15705.41667
4/17/2023 18:03,15705,15706.5,15705,15706.5,14,0,15705.44857
4/17/2023 18:04,15706.75,15707.5,15706,15706,30,0,15705.55886
4/17/2023 18:05,15705.75,15707,15705.75,15706.25,12,0,15705.59004
4/17/2023 18:06,15706.25,15706.25,15705.5,15706,24,0,15705.61439
4/17/2023 18:07,15705.75,15705.75,15705.75,15705.75,3,0,15705.61564
4/17/2023 18:08,15705.5,15706.5,15703.5,15706.5,92,0,15705.59013
4/17/2023 18:09,15706.75,15709.25,15705.5,15706.5,112,0,15705.90627
4/17/2023 18:10,15706.25,15706.25,15705.5,15706.25,11,0,15705.90818
4/17/2023 18:11,15706.25,15708.25,15706.25,15707.5,33,0,15705.99026
4/17/2023 18:12,15707.5,15707.5,15706.75,15707.25,12,0,15706.01439
4/17/2023 18:13,15707,15709.25,15707,15708.25,62,0,15706.22063
4/17/2023 18:14,15708,15708.5,15705.25,15705.5,67,0,15706.23903
4/17/2023 18:15,15705.75,15706.5,15705.25,15706,37,0,15706.22315
4/17/2023 18:16,15706.25,15706.25,15705.75,15705.75,4,0,15706.22152
4/17/2023 18:17,15705.5,15705.75,15704,15704.75,48,0,15706.13854
4/17/2023 18:18,15704.75,15705.25,15704.25,15704.75,19,0,15706.10645
4/17/2023 18:19,15704.25,15704.75,15703.25,15704.5,50,0,15705.99522
4/17/2023 18:20,15704.5,15704.5,15703.75,15703.75,10,0,15705.9726
4/17/2023 18:21,15704,15704.75,15704,15704,25,0,15705.92512
4/17/2023 18:22,15703.75,15704.5,15703.75,15704.25,12,0,15705.90216
4/17/2023 18:23,15704.25,15704.25,15703.75,15703.75,8,0,15705.88502
4/17/2023 18:24,15703.75,15704.5,15703.5,15704.5,28,0,15705.83464
4/17/2023 18:25,15704.25,15704.5,15704,15704,3,0,15705.82942
4/17/2023 18:26,15704.25,15704.5,15703.75,15704,26,0,15705.78328
4/17/2023 18:27,15704.25,15704.25,15703.25,15703.75,19,0,15705.74477
4/17/2023 18:28,15703.5,15703.5,15703.5,15703.5,4,0,15705.73585
4/17/2023 18:29,15703.25,15705.5,15702,15705.5,111,0,15705.5966
4/17/2023 18:30,15705.5,15706,15703.5,15704.25,27,0,15705.57271
4/17/2023 18:31,15704,15704,15702.5,15703.25,30,0,15705.5134
4/17/2023 18:32,15703.75,15703.75,15702.75,15703,13,0,15705.48772
4/17/2023 18:33,15703.5,15703.5,15703.25,15703.25,4,0,15705.48049
4/17/2023 18:34,15703.5,15703.5,15702.25,15702.5,19,0,15705.43765
4/17/2023 18:35,15702.25,15703,15702,15702.75,17,0,15705.39814
4/17/2023 18:36,15702.75,15703,15702.5,15702.5,5,0,15705.38706
4/17/2023 18:37,15703,15703.75,15702.75,15702.75,15,0,15705.35938
4/17/2023 18:38,15703.25,15703.5,15702.75,15703.5,16,0,15705.33267
4/17/2023 18:39,15702.75,15703,15702.5,15702.5,9,0,15705.31383
4/17/2023 18:40,15702.5,15703.25,15702.25,15703,11,0,15705.29258
4/17/2023 18:41,15702.5,15702.75,15702.5,15702.75,4,0,15705.28442
4/17/2023 18:42,15703.75,15703.75,15703.75,15703.75,1,0,15705.28323
4/17/2023 18:43,15703.5,15703.5,15702.25,15702.75,13,0,15705.25877
4/17/2023 18:45,15702.5,15703,15702.25,15702.75,28,0,15705.2042
4/17/2023 18:46,15703,15703.25,15701.25,15701.75,33,0,15705.12864
4/17/2023 18:47,15702.25,15702.25,15701.5,15701.75,20,0,15705.08098
4/17/2023 18:48,15702.25,15702.5,15700.5,15701,33,0,15704.99364
4/17/2023 18:49,15701,15701.75,15700.75,15701.75,28,0,15704.92428
4/17/2023 18:50,15701.75,15702,15701.75,15702,24,0,15704.87511
4/17/2023 18:51,15702.25,15702.75,15702.25,15702.25,17,0,15704.84697
4/17/2023 18:52,15702.25,15702.25,15702,15702,11,0,15704.82665
4/17/2023 18:53,15702.25,15702.75,15702.25,15702.75,7,0,15704.8162
4/17/2023 18:54,15702.5,15702.5,15702.25,15702.25,3,0,15704.81125
4/17/2023 18:55,15702.25,15702.25,15702.25,15702.25,3,0,15704.80616
4/17/2023 18:56,15702.5,15702.75,15702.5,15702.75,14,0,15704.7865
4/17/2023 18:57,15702.75,15703,15702.75,15703,4,0,15704.7816
4/17/2023 18:58,15703.25,15705.5,15703.25,15705,100,0,15704.76941
4/17/2023 18:59,15705,15706.25,15705,15706,36,0,15704.79064
4/17/2023 19:00,15705.5,15707,15705.25,15706.75,35,0,15704.82244
4/17/2023 19:01,15706.5,15710.25,15706.25,15708.75,207,0,15705.21299
4/17/2023 19:02,15708.5,15708.75,15706.75,15706.75,37,0,15705.25498
4/17/2023 19:03,15707.25,15709.25,15707,15707.25,69,0,15705.34344
4/17/2023 19:04,15707.5,15707.5,15705.25,15705.75,32,0,15705.35634
4/17/2023 19:05,15705.25,15705.25,15704.5,15704.75,19,0,15705.35152
4/17/2023 19:06,15705.25,15705.5,15704.5,15704.5,13,0,15705.34827
4/17/2023 19:07,15705,15705.75,15704.75,15705.25,22,0,15705.34724
4/17/2023 19:08,15705.5,15705.5,15704.25,15704.25,16,0,15705.34209
4/17/2023 19:09,15704.5,15704.5,15703.75,15704,9,0,15705.33675
4/17/2023 19:10,15704.25,15705,15703.75,15705,24,0,15705.32832
4/17/2023 19:11,15705,15705.25,15704.75,15704.75,10,0,15705.32641
4/17/2023 19:12,15704.75,15705,15703.5,15703.75,29,0,15705.30992
4/17/2023 19:13,15704,15704.75,15704,15704.5,17,0,15705.30302
4/17/2023 19:14,15704.5,15705,15704.5,15704.5,8,0,15705.30072
4/17/2023 19:15,15705,15705.5,15704.75,15705.25,14,0,15705.29987
4/17/2023 19:16,15705,15706.25,15705,15706,14,0,15705.30269
4/17/2023 19:17,15706.25,15706.5,15705.75,15706,27,0,15705.31199
4/17/2023 19:18,15705.5,15705.5,15705.5,15705.5,1,0,15705.31208
4/17/2023 19:19,15705.25,15706.5,15705,15706.5,12,0,15705.3157
4/17/2023 19:20,15706.25,15706.5,15705.25,15706.5,16,0,15705.32105
4/17/2023 19:21,15706.75,15709,15706.25,15707.5,66,0,15705.38432
4/17/2023 19:22,15707.25,15708,15707,15707,29,0,15705.40798
4/17/2023 19:23,15707.25,15707.5,15706.5,15706.5,17,0,15705.41805
4/17/2023 19:24,15706.25,15707.25,15706.25,15706.75,7,0,15705.42192
4/17/2023 19:25,15706.75,15707,15706,15706,27,0,15705.432
4/17/2023 19:26,15705.5,15705.5,15705.25,15705.25,10,0,15705.4316
4/17/2023 19:27,15705.5,15705.5,15705.5,15705.5,4,0,15705.43171
4/17/2023 19:28,15705.25,15705.25,15704,15704,22,0,15705.42269
4/17/2023 19:29,15704,15705.25,15704,15704.25,23,0,15705.4142
4/17/2023 19:30,15704.75,15705.25,15704.25,15705.25,9,0,15705.41241
4/17/2023 19:31,15705.5,15706,15704.5,15705.5,23,0,15705.41169
4/17/2023 19:32,15705.25,15705.25,15703.5,15704.75,36,0,15705.39891
4/17/2023 19:33,15704.75,15704.75,15703,15703,36,0,15705.3738
4/17/2023 19:34,15703.75,15704,15702.75,15702.75,15,0,15705.36115
4/17/2023 19:35,15702.75,15703.25,15702.5,15702.75,17,0,15705.34485
4/17/2023 19:36,15702.75,15703.5,15702.75,15703.25,6,0,15705.3399
4/17/2023 19:37,15703.5,15703.5,15702.5,15703.25,25,0,15705.31874
4/17/2023 19:38,15703.5,15704,15703.5,15703.75,14,0,15705.31054
4/17/2023 19:39,15703.5,15703.5,15702.75,15703,22,0,15705.29241
4/17/2023 19:40,15703.5,15703.75,15703.5,15703.75,8,0,15705.28761
4/17/2023 19:41,15703.75,15704,15703.75,15703.75,3,0,15705.286
4/17/2023 19:42,15704.25,15704.75,15703.75,15703.75,20,0,15705.2772
4/17/2023 19:43,15703.25,15703.5,15703,15703.5,7,0,15705.27223
4/17/2023 19:44,15703.25,15703.5,15702.75,15702.75,12,0,15705.26232
4/17/2023 19:45,15702.75,15703,15702.25,15702.5,19,0,15705.24396
4/17/2023 19:46,15702.75,15703,15701.25,15701.25,48,0,15705.18588
4/17/2023 19:47,15701.75,15701.75,15700.75,15701.25,24,0,15705.15266
4/17/2023 19:48,15700.75,15701,15699.25,15699.75,77,0,15705.01678
4/17/2023 19:49,15700.25,15703.5,15700.25,15701.25,100,0,15704.90585
4/17/2023 19:50,15701.75,15701.75,15700.75,15701.5,7,0,15704.89759
4/17/2023 19:51,15702,15702.75,15701.5,15702.25,24,0,15704.87611
4/17/2023 19:52,15702.25,15702.25,15701,15701,23,0,15704.85022
4/17/2023 19:53,15701.25,15701.25,15700.5,15700.75,21,0,15704.82297
4/17/2023 19:54,15700.75,15700.75,15699.75,15700,29,0,15704.77974
4/17/2023 19:55,15700.75,15700.75,15700.25,15700.5,19,0,15704.75387
4/17/2023 19:56,15700.5,15701.75,15700.5,15701.75,25,0,15704.72688
4/17/2023 19:57,15701.75,15702.25,15701.5,15702.25,38,0,15704.69456
4/17/2023 19:58,15702.5,15702.75,15701.75,15701.75,9,0,15704.68725
4/17/2023 19:59,15701.75,15702.25,15700.75,15701.75,31,0,15704.6576
4/17/2023 20:00,15701.25,15703.5,15701.25,15703.5,51,0,15704.6281
4/17/2023 20:01,15703,15704.75,15702.5,15704,105,0,15704.60099
4/17/2023 20:02,15704.5,15705.75,15701.5,15701.5,55,0,15704.5742
4/17/2023 20:03,15701.5,15703,15701.25,15703,52,0,15704.54222
4/17/2023 20:04,15702.25,15704,15701.75,15703,75,0,15704.50821
4/17/2023 20:05,15703,15703,15701.5,15702.25,22,0,15704.49443
4/17/2023 20:06,15702.25,15703.25,15701.5,15701.5,19,0,15704.48179
4/17/2023 20:07,15701.25,15701.5,15700.25,15701,48,0,15704.4352
4/17/2023 20:08,15701,15702,15700.5,15700.5,31,0,15704.40645
4/17/2023 20:09,15701,15701.5,15697.75,15698.5,146,0,15704.21091
4/17/2023 20:10,15698.25,15700,15698.25,15700,33,0,15704.17016
4/17/2023 20:11,15700,15700.5,15697.5,15697.75,45,0,15704.10616
4/17/2023 20:12,15697.5,15699.75,15697.5,15699.5,33,0,15704.06293
4/17/2023 20:13,15698.5,15698.75,15697,15698.25,43,0,15703.99781
4/17/2023 20:14,15698,15698.5,15697.25,15697.75,30,0,15703.95197
4/17/2023 20:15,15697.5,15699,15697,15697.5,61,0,15703.86083
4/17/2023 20:16,15697.75,15698.5,15695.75,15698.25,165,0,15703.61446
4/17/2023 20:17,15698.5,15698.75,15697.25,15698.25,70,0,15703.52504
4/17/2023 20:18,15698.5,15699.25,15698,15698.5,34,0,15703.48654
4/17/2023 20:19,15698.5,15698.75,15697.25,15698.25,42,0,15703.43503
4/17/2023 20:20,15697.75,15698,15696.5,15696.5,37,0,15703.38144
4/17/2023 20:21,15696.5,15698.25,15696,15698.25,52,0,15703.3134
4/17/2023 20:22,15697.75,15698.25,15697,15697.25,51,0,15703.24819
4/17/2023 20:23,15697.5,15697.75,15696.5,15697.25,60,0,15703.16896
4/17/2023 20:24,15697,15697.25,15696.5,15696.75,24,0,15703.13612
4/17/2023 20:25,15696.75,15697.75,15696.75,15697.5,51,0,15703.0729
4/17/2023 20:26,15698,15698.75,15697.5,15698.5,27,0,15703.04524
4/17/2023 20:27,15698.25,15698.75,15697.5,15698,51,0,15702.99207
4/17/2023 20:28,15698,15699,15697.5,15697.75,74,0,15702.91691
4/17/2023 20:29,15698,15699,15698,15698.5,40,0,15702.88065
4/17/2023 20:30,15698.75,15700.25,15698.75,15700.25,57,0,15702.84446
4/17/2023 20:31,15700,15701.5,15699.75,15701,56,0,15702.82093
4/17/2023 20:32,15701,15701.75,15700.5,15700.5,48,0,15702.80277
4/17/2023 20:33,15700,15701.25,15699.5,15700,53,0,15702.77618
4/17/2023 20:34,15699.75,15700,15698.25,15699.75,47,0,15702.74466
4/17/2023 20:35,15699.25,15699.5,15698.5,15698.5,22,0,15702.72797
4/17/2023 20:36,15698.25,15699,15698.25,15698.75,28,0,15702.70603
4/17/2023 20:37,15699,15699,15696.5,15697,95,0,15702.61235
4/17/2023 20:38,15697,15697.75,15696,15696,59,0,15702.54571
4/17/2023 20:39,15696.5,15697.25,15696.25,15696.25,32,0,15702.51018
4/17/2023 20:40,15696.5,15696.75,15696,15696,41,0,15702.46275
4/17/2023 20:41,15696,15698,15696,15697.5,52,0,15702.41233
4/17/2023 20:42,15697.75,15698.25,15697.25,15697.5,13,0,15702.40107
4/17/2023 20:43,15697.5,15697.5,15696.75,15696.75,22,0,15702.37946
4/17/2023 20:44,15696.5,15697,15695,15695.75,62,0,15702.30739
4/17/2023 20:45,15696,15697.25,15695.5,15696.25,39,0,15702.26578
4/17/2023 20:46,15696.25,15697,15695,15695.5,64,0,15702.19308
4/17/2023 20:47,15695.5,15695.5,15694.25,15694.75,155,0,15701.99701
4/17/2023 20:48,15694.75,15695.75,15693,15695.5,94,0,15701.88178
4/17/2023 20:49,15695.5,15696,15695.25,15695.25,54,0,15701.82402
4/17/2023 20:50,15695.5,15696,15695,15695.75,44,0,15701.77833
4/17/2023 20:51,15695.75,15697,15695.25,15695.75,59,0,15701.72215
4/17/2023 20:52,15696,15696.25,15695.5,15696.25,24,0,15701.69961
4/17/2023 20:53,15696.5,15697,15696,15696.75,27,0,15701.67704
4/17/2023 20:54,15697,15697.25,15696.25,15697,25,0,15701.65734
4/17/2023 20:55,15696.75,15697.25,15696.5,15696.5,12,0,15701.64777
4/17/2023 20:56,15696.75,15696.75,15695.25,15695.25,23,0,15701.62582
4/17/2023 20:57,15695.5,15695.5,15692,15693,112,0,15701.48118
4/17/2023 20:58,15693,15693.75,15692,15692.75,87,0,15701.36324
4/17/2023 20:59,15692.5,15693.75,15691.75,15693.25,50,0,15701.29754
4/17/2023 21:00,15693.25,15694.25,15693,15693.75,34,0,15701.2574
4/17/2023 21:01,15693.75,15694.5,15693,15694,37,0,15701.21514
4/17/2023 21:02,15694,15694.5,15693.75,15694,55,0,15701.1553
4/17/2023 21:03,15694,15694.75,15693.5,15694.25,33,0,15701.12029
4/17/2023 21:04,15694.5,15696.25,15694.5,15696.25,66,0,15701.0662
4/17/2023 21:05,15696.25,15697,15695.5,15696.25,84,0,15701.00616
4/17/2023 21:06,15696,15696,15693.75,15693.75,51,0,15700.95728
4/17/2023 21:07,15693.75,15694.5,15693.75,15694,33,0,15700.92403
4/17/2023 21:08,15694.25,15695.5,15693.75,15695.5,37,0,15700.89163
4/17/2023 21:09,15695.5,15695.75,15695,15695.75,15,0,15700.87986
4/17/2023 21:10,15695.75,15696.75,15695,15695.5,28,0,15700.85905
4/17/2023 21:11,15695.5,15696,15693.5,15693.5,51,0,15700.81118
4/17/2023 21:12,15693.5,15694,15692.25,15692.5,67,0,15700.73584
4/17/2023 21:13,15692.5,15693.25,15691.75,15693.25,77,0,15700.64919
4/17/2023 21:14,15693.25,15694,15693,15693.75,21,0,15700.62835
4/17/2023 21:15,15693.75,15694.5,15692.75,15694,37,0,15700.59278
4/17/2023 21:16,15694,15694.25,15691.75,15692.5,73,0,15700.51441
4/17/2023 21:17,15692.5,15692.75,15691,15692,108,0,15700.38784
4/17/2023 21:18,15692.5,15692.75,15691.25,15692,36,0,15700.34688
4/17/2023 21:19,15692.5,15694.5,15691.75,15693.5,60,0,15700.28958
4/17/2023 21:20,15694.5,15694.75,15693.75,15694,48,0,15700.25029
4/17/2023 21:21,15694.25,15695.25,15693.75,15694.5,38,0,15700.22122
4/17/2023 21:22,15694.5,15694.75,15693.5,15694.25,45,0,15700.1852
4/17/2023 21:23,15694,15694.25,15693.5,15693.75,8,0,15700.17849
4/17/2023 21:24,15694.25,15694.75,15693.75,15694,22,0,15700.16107
4/17/2023 21:25,15694.25,15695.25,15694,15694.5,28,0,15700.14058
4/17/2023 21:26,15695,15695.5,15693.75,15694.25,52,0,15700.10235
4/17/2023 21:27,15694.5,15695,15693.75,15694.5,40,0,15700.07286
4/17/2023 21:28,15694.5,15694.75,15693.5,15694,37,0,15700.04427
4/17/2023 21:29,15694.5,15695.75,15694,15695,39,0,15700.01859
4/17/2023 21:30,15695.25,15695.5,15694,15695,23,0,15700.00333
4/17/2023 21:31,15695.25,15698.5,15695,15697.5,163,0,15699.94194
4/17/2023 21:32,15697.5,15700.25,15697,15699.5,151,0,15699.92289
4/17/2023 21:33,15699,15701.5,15698.25,15701,119,0,15699.92761
4/17/2023 21:34,15701,15701.25,15699.25,15699.5,59,0,15699.92813
4/17/2023 21:35,15700.25,15701.25,15699.75,15700.5,47,0,15699.93135
4/17/2023 21:36,15700.25,15702.5,15699.75,15702.25,120,0,15699.95357
4/17/2023 21:37,15702.5,15703.75,15700.75,15701,200,0,15699.99692
4/17/2023 21:38,15701.25,15702,15700.5,15701,58,0,15700.0047
4/17/2023 21:39,15701.5,15702.5,15701,15702.25,28,0,15700.01081
4/17/2023 21:40,15702.5,15702.5,15701.5,15702.5,35,0,15700.01939
4/17/2023 21:41,15702.5,15705.25,15702.25,15705,193,0,15700.10848
4/17/2023 21:42,15704.75,15705.25,15703.25,15704.25,75,0,15700.14276
4/17/2023 21:43,15704.5,15704.75,15703,15704.75,71,0,15700.17405
4/17/2023 21:44,15705,15708.25,15704.5,15707.25,209,0,15700.31933
4/17/2023 21:45,15707,15707.25,15704.75,15704.75,74,0,15700.36071
4/17/2023 21:46,15705.25,15705.75,15703.25,15703.5,83,0,15700.39398
4/17/2023 21:47,15703,15703.5,15701.5,15702.5,57,0,15700.40654
4/17/2023 21:48,15702.5,15703.5,15702.25,15702.25,19,0,15700.41103
4/17/2023 21:49,15702.5,15703.5,15702.25,15703.25,32,0,15700.41965
4/17/2023 21:50,15702.75,15703,15701,15702,49,0,15700.42767
4/17/2023 21:51,15702.25,15702.25,15700.5,15701,57,0,15700.4325
4/17/2023 21:52,15701.5,15701.75,15699.5,15701.5,61,0,15700.43552
4/17/2023 21:53,15701.25,15703.25,15701.25,15702.5,80,0,15700.45093
4/17/2023 21:54,15702.75,15703.75,15701.25,15701.5,50,0,15700.4596
4/17/2023 21:55,15701.25,15702.25,15700.25,15702,69,0,15700.4668
4/17/2023 21:56,15701.75,15702.5,15698.75,15700,88,0,15700.46636
4/17/2023 21:57,15700,15700.25,15698.5,15698.5,40,0,15700.46088
4/17/2023 21:58,15698.75,15699.25,15697.75,15698.5,65,0,15700.44834
4/17/2023 21:59,15698.75,15699.5,15698.25,15699.25,42,0,15700.44238
4/17/2023 22:00,15699.5,15699.5,15698.75,15699.5,30,0,15700.43888
4/17/2023 22:01,15699.75,15705,15699.75,15703.5,410,0,15700.52789
4/17/2023 22:02,15703.75,15705.5,15703.5,15704.5,128,0,15700.57508
4/17/2023 22:03,15704.5,15704.5,15700.75,15701.75,92,0,15700.58997
4/17/2023 22:04,15701.75,15702.5,15700.75,15701.75,56,0,15700.59549
4/17/2023 22:05,15702,15702.25,15701,15701.25,44,0,15700.59912
4/17/2023 22:06,15701.25,15703,15701,15702,44,0,15700.60472
4/17/2023 22:07,15702,15703.25,15701.5,15702.5,62,0,15700.61486
4/17/2023 22:08,15702.25,15703,15700.75,15700.75,34,0,15700.61757
4/17/2023 22:09,15700.25,15702.25,15700.25,15701.75,21,0,15700.61908
4/17/2023 22:10,15702,15703,15701.25,15702.5,50,0,15700.62638
4/17/2023 22:11,15701.75,15702.75,15701.25,15701.75,16,0,15700.62822
4/17/2023 22:12,15702,15702,15699.75,15700.25,38,0,15700.62835
4/17/2023 22:13,15699.75,15700,15697.25,15698.5,81,0,15700.61371
4/17/2023 22:14,15698.5,15698.5,15696.5,15697.25,98,0,15700.58625
4/17/2023 22:15,15697,15697.75,15696.25,15697.75,35,0,15700.57604
4/17/2023 22:16,15697.75,15698.75,15697.5,15698.25,50,0,15700.56556
4/17/2023 22:17,15698.5,15699.5,15697.5,15697.5,72,0,15700.55063
4/17/2023 22:18,15698,15698.75,15696,15698.75,46,0,15700.53987
4/17/2023 22:19,15698.75,15699.75,15698.25,15699.75,13,0,15700.53843
4/17/2023 22:20,15699.5,15701,15699.5,15700.25,63,0,15700.53687
4/17/2023 22:21,15700,15702.25,15700,15702,66,0,15700.54181
4/17/2023 22:22,15701.75,15701.75,15699.75,15700.25,34,0,15700.54193
4/17/2023 22:23,15700.25,15701.75,15699.25,15701.75,42,0,15700.54326
4/17/2023 22:24,15702.25,15703,15701.75,15702.75,47,0,15700.551
4/17/2023 22:25,15703.25,15704,15702.25,15703,65,0,15700.56479
4/17/2023 22:26,15702.5,15702.5,15701.5,15702,35,0,15700.56898
4/17/2023 22:27,15702,15702.75,15701.5,15702.25,42,0,15700.57456
4/17/2023 22:28,15702,15702,15700.25,15701.25,73,0,15700.57814
4/17/2023 22:29,15700.5,15701.25,15699.5,15700.25,63,0,15700.57687
4/17/2023 22:30,15700.25,15701.25,15700.25,15701.25,14,0,15700.57726
4/17/2023 22:31,15701.25,15701.5,15699.25,15699.75,56,0,15700.57538
4/17/2023 22:32,15699.25,15700.25,15698.75,15700,32,0,15700.57301
4/17/2023 22:33,15700.25,15700.25,15699.25,15699.75,37,0,15700.57053
4/17/2023 22:34,15700.5,15700.75,15699.75,15700.5,23,0,15700.57009
4/17/2023 22:35,15700.75,15700.75,15699.75,15700,13,0,15700.56966
4/17/2023 22:36,15699.5,15700.5,15699,15699,16,0,15700.56828
4/17/2023 22:37,15699.25,15699.5,15698.25,15698.75,58,0,15700.56016
4/17/2023 22:38,15698.5,15701,15698.5,15700.5,30,0,15700.55881
4/17/2023 22:39,15700.25,15700.25,15697.75,15697.75,66,0,15700.54838
4/17/2023 22:40,15698,15698,15697,15697.5,45,0,15700.53745
4/17/2023 22:41,15698,15698.25,15696.75,15697.25,39,0,15700.52778
4/17/2023 22:42,15697,15698,15696,15696,30,0,15700.5186
4/17/2023 22:43,15696.25,15698.25,15696.25,15697.75,34,0,15700.51026
4/17/2023 22:44,15697.5,15698.25,15697,15697,31,0,15700.50269
4/17/2023 22:45,15698,15699.5,15697.75,15699,36,0,15700.49773
4/17/2023 22:46,15699.25,15699.5,15697.75,15697.75,41,0,15700.49078
4/17/2023 22:47,15697.75,15698,15697,15697,14,0,15700.48732
4/17/2023 22:48,15697,15697.25,15696.5,15697,21,0,15700.48145
4/17/2023 22:49,15697.25,15697.25,15696.75,15697,10,0,15700.47873
4/17/2023 22:50,15697.25,15697.5,15696.75,15697.5,19,0,15700.47395
4/17/2023 22:51,15697,15697.75,15697,15697,29,0,15700.46667
4/17/2023 22:52,15697.25,15697.25,15696.5,15696.75,17,0,15700.46187
4/17/2023 22:53,15696.75,15697.75,15696.25,15696.75,25,0,15700.455
4/17/2023 22:54,15696.5,15697.25,15696.5,15696.75,7,0,15700.45303
4/17/2023 22:55,15696.25,15697.25,15696,15696.75,29,0,15700.44454
4/17/2023 22:56,15697,15697.25,15695.25,15696.5,48,0,15700.42933
4/17/2023 22:57,15697.5,15698.5,15697.5,15697.5,24,0,15700.42454
4/17/2023 22:58,15698.25,15698.25,15697.25,15697.25,14,0,15700.42148
4/17/2023 22:59,15697.5,15697.5,15696.75,15697,11,0,15700.41866
4/17/2023 23:00,15697.25,15698.25,15697.25,15697.75,16,0,15700.41539
4/17/2023 23:01,15697.5,15699.5,15697.25,15698.75,57,0,15700.40705
4/17/2023 23:02,15698.75,15699.75,15698.25,15699.75,52,0,15700.40248
4/17/2023 23:03,15699.75,15701,15699.25,15701,31,0,15700.40251
4/17/2023 23:04,15700.75,15700.75,15699.25,15700.25,22,0,15700.40198
4/17/2023 23:05,15699.75,15700.75,15699.5,15700.5,21,0,15700.40174
4/17/2023 23:06,15700.25,15702,15699.75,15701.25,46,0,15700.40381
4/17/2023 23:07,15700.75,15701,15698,15699,90,0,15700.3966
4/17/2023 23:08,15699.5,15700,15699,15699.25,15,0,15700.3955
4/17/2023 23:09,15699.25,15700.25,15698.5,15698.75,54,0,15700.39056
4/17/2023 23:10,15699,15699.75,15698.5,15699.75,14,0,15700.38946
4/17/2023 23:11,15699.75,15700.25,15699.75,15700,15,0,15700.38903
4/17/2023 23:12,15700.25,15701,15700.25,15700.25,21,0,15700.3892
4/17/2023 23:13,15700.25,15700.75,15699.5,15700.25,17,0,15700.38892
4/17/2023 23:14,15700.25,15700.5,15699.5,15699.75,11,0,15700.38853
4/17/2023 23:15,15700,15700,15699,15699.25,15,0,15700.38746
4/17/2023 23:16,15699.25,15701.25,15699.25,15700.5,25,0,15700.38736
4/17/2023 23:17,15700,15700,15698.75,15698.75,32,0,15700.38448
4/17/2023 23:18,15699,15699,15696.75,15696.75,26,0,15700.37897
4/17/2023 23:19,15697.25,15697.25,15696.5,15697,35,0,15700.37008
4/17/2023 23:20,15696.75,15697,15695.75,15697,44,0,15700.35791
4/17/2023 23:21,15696.5,15696.75,15695.75,15696,13,0,15700.35393
4/17/2023 23:22,15696.25,15696.5,15696,15696,5,0,15700.3524
4/17/2023 23:23,15696.5,15697.25,15696.25,15696.75,37,0,15700.3427
4/17/2023 23:24,15697.25,15697.75,15696.5,15697.5,23,0,15700.33753
4/17/2023 23:25,15697.75,15698,15697.25,15698,6,0,15700.3364
4/17/2023 23:26,15698,15698,15697.25,15697.25,18,0,15700.3327
4/17/2023 23:27,15697.5,15697.75,15696,15696.5,34,0,15700.32388
4/17/2023 23:28,15696.5,15696.5,15695.25,15696,24,0,15700.31624
4/17/2023 23:29,15695.75,15696.75,15695.75,15696.5,10,0,15700.31337
4/17/2023 23:30,15696,15696.75,15695.75,15696.5,21,0,15700.30735
4/17/2023 23:31,15697,15697.75,15696.5,15697.25,18,0,15700.30328
4/17/2023 23:32,15696.75,15697,15696.25,15697,13,0,15700.29995
4/17/2023 23:33,15697.5,15698.25,15696.5,15698,44,0,15700.29139
4/17/2023 23:34,15697.75,15698.25,15696.75,15696.75,27,0,15700.28551
4/17/2023 23:35,15696.75,15697.5,15696.75,15696.75,12,0,15700.28269
4/17/2023 23:36,15696.5,15696.5,15693.5,15694.25,98,0,15700.2442
4/17/2023 23:37,15694.5,15695.5,15694.5,15695.5,32,0,15700.23269
4/17/2023 23:38,15695.25,15695.25,15692.5,15693,57,0,15700.20596
4/17/2023 23:39,15692.75,15693,15691.75,15692.5,74,0,15700.16551
4/17/2023 23:40,15693,15693.5,15692.25,15692.75,49,0,15700.14038
4/17/2023 23:41,15693,15693,15690.75,15691.25,68,0,15700.10028
4/17/2023 23:42,15691.5,15691.75,15690.75,15691.25,40,0,15700.0757
4/17/2023 23:43,15691.25,15692.75,15691,15691.75,48,0,15700.04833
4/17/2023 23:44,15691.5,15693.25,15691.5,15692,40,0,15700.02681
4/17/2023 23:45,15692.25,15693.25,15692.25,15693.25,13,0,15700.02044
4/17/2023 23:46,15693,15693,15691.25,15691.25,44,0,15699.99569
4/17/2023 23:47,15691.75,15692.25,15691.5,15692,18,0,15699.98571
4/17/2023 23:48,15692.25,15693.25,15692.25,15692.5,14,0,15699.97868
4/17/2023 23:49,15692.75,15692.75,15691.75,15691.75,24,0,15699.96571
4/17/2023 23:50,15691.5,15692,15691,15692,25,0,15699.95153
4/17/2023 23:51,15692,15693,15691,15692.5,39,0,15699.93084
4/17/2023 23:52,15692.25,15693,15692,15693,28,0,15699.917
4/17/2023 23:53,15693,15693.25,15692.25,15692.5,20,0,15699.90715
4/17/2023 23:54,15692.5,15693.25,15691.75,15692.75,25,0,15699.89473
4/17/2023 23:55,15692.75,15696,15692.75,15694.25,84,0,15699.86323
4/17/2023 23:56,15694.5,15694.75,15693.25,15693.5,28,0,15699.85187
4/17/2023 23:57,15693.5,15695,15693,15693.75,43,0,15699.83474
4/17/2023 23:58,15693.5,15694.25,15692.75,15694.25,13,0,15699.82943
4/17/2023 23:59,15694.25,15694.5,15693.75,15693.75,19,0,15699.82202
4/18/2023 0:00,15693.25,15694,15692.5,15694,21,0,15699.81314
4/18/2023 0:01,15693.5,15694.25,15693,15693.75,24,0,15699.80329
4/18/2023 0:02,15693.5,15694.5,15691.5,15692.25,50,0,15699.77982
4/18/2023 0:03,15692.5,15694.75,15692.5,15693.75,29,0,15699.76804
4/18/2023 0:04,15694.25,15694.25,15692.75,15693.5,33,0,15699.75434
4/18/2023 0:05,15693.5,15693.75,15693,15693.75,7,0,15699.75144
4/18/2023 0:06,15694,15695,15693.75,15694.75,36,0,15699.73894
4/18/2023 0:07,15694.25,15695.75,15694,15694.5,66,0,15699.71728
4/18/2023 0:08,15694.75,15695,15694.25,15694.25,10,0,15699.71385
4/18/2023 0:09,15694.25,15694.25,15694.25,15694.25,4,0,15699.71241
4/18/2023 0:10,15694.5,15695.75,15694.5,15695.5,28,0,15699.70421
4/18/2023 0:11,15695.25,15696.25,15694.75,15694.75,20,0,15699.69837
4/18/2023 0:12,15694.75,15695,15694.25,15694.75,29,0,15699.68883
4/18/2023 0:13,15694,15694.5,15693.25,15694,30,0,15699.67752
4/18/2023 0:14,15694.25,15694.75,15694,15694,6,0,15699.6754
4/18/2023 0:15,15694,15694.75,15694,15694.75,9,0,15699.67236
4/18/2023 0:16,15694.75,15694.75,15693.25,15693.25,22,0,15699.66388
4/18/2023 0:17,15693,15693.5,15693,15693,26,0,15699.6529
4/18/2023 0:18,15693,15693,15692,15692.25,31,0,15699.63834
4/18/2023 0:19,15692.75,15693.25,15692.75,15692.75,30,0,15699.62528
4/18/2023 0:20,15693,15693,15693,15693,8,0,15699.62185
4/18/2023 0:21,15692.75,15693,15692.25,15692.25,17,0,15699.61403
4/18/2023 0:22,15692,15692.75,15691.75,15692.75,32,0,15699.59917
4/18/2023 0:23,15692.25,15692.75,15692.25,15692.5,6,0,15699.59642
4/18/2023 0:24,15692.5,15693.5,15691.75,15693,26,0,15699.58496
4/18/2023 0:25,15693.25,15693.25,15692.5,15692.5,7,0,15699.58188
4/18/2023 0:26,15692.25,15693.5,15692,15693.25,11,0,15699.57717
4/18/2023 0:27,15693.25,15693.5,15692.75,15692.75,39,0,15699.56071
4/18/2023 0:28,15693.25,15693.5,15692.5,15692.5,6,0,15699.55812
4/18/2023 0:29,15693,15694,15693,15694,12,0,15699.55359
4/18/2023 0:30,15693.75,15694.5,15693,15693.5,23,0,15699.54493
4/18/2023 0:31,15693.5,15694,15693.5,15693.5,9,0,15699.54155
4/18/2023 0:32,15693.75,15694,15693.25,15693.25,12,0,15699.53691
4/18/2023 0:33,15693.75,15693.75,15693.25,15693.25,6,0,15699.53457
4/18/2023 0:34,15693,15693,15691.75,15692.5,25,0,15699.52322
4/18/2023 0:35,15692,15693.25,15692,15693,29,0,15699.51072
4/18/2023 0:36,15692.5,15693,15692.5,15692.75,18,0,15699.50298
4/18/2023 0:37,15692.75,15692.75,15691,15691.75,76,0,15699.4661
4/18/2023 0:38,15692,15692,15691.25,15691.75,20,0,15699.45625
4/18/2023 0:39,15691.75,15692.75,15691.5,15691.5,55,0,15699.43013
4/18/2023 0:40,15692,15692.25,15691.75,15691.75,44,0,15699.40937
4/18/2023 0:41,15691.75,15692.75,15691.25,15692.25,43,0,15699.38964
4/18/2023 0:42,15692.25,15694,15691.5,15693.5,59,0,15699.36612
4/18/2023 0:43,15694,15694.5,15693,15693.25,78,0,15699.33811
4/18/2023 0:44,15693.5,15694.5,15692.75,15694,36,0,15699.32565
4/18/2023 0:45,15694,15694.25,15693.25,15693.75,40,0,15699.31186
4/18/2023 0:46,15693.75,15693.75,15692,15692.25,44,0,15699.29384
4/18/2023 0:47,15692,15693.25,15691,15692,50,0,15699.27169
4/18/2023 0:48,15692.25,15692.25,15688.25,15689.75,194,0,15699.16344
4/18/2023 0:49,15690,15691.25,15689,15689.5,60,0,15699.12988
4/18/2023 0:50,15689.25,15690.25,15689,15689.75,89,0,15699.07919
4/18/2023 0:51,15689.5,15690,15689,15689.25,32,0,15699.06062
4/18/2023 0:52,15688.75,15688.75,15687.5,15688.5,42,0,15699.03342
4/18/2023 0:53,15688,15688.5,15685,15687,99,0,15698.96148
4/18/2023 0:54,15686.5,15687.75,15686.5,15687.5,23,0,15698.94546
4/18/2023 0:55,15687,15687.75,15687,15687.5,24,0,15698.92903
4/18/2023 0:56,15687.75,15689,15687.75,15688,25,0,15698.91319
4/18/2023 0:57,15687.75,15689.5,15687.75,15688.75,52,0,15698.88169
4/18/2023 0:58,15689.25,15690.25,15689.25,15689.25,48,0,15698.85538
4/18/2023 0:59,15688.75,15689.5,15688.5,15689.5,13,0,15698.84796
4/18/2023 1:00,15689,15689.75,15688.75,15688.75,15,0,15698.83934
4/18/2023 1:01,15688.75,15689.5,15688,15689.25,39,0,15698.81661
4/18/2023 1:02,15689,15689.75,15688,15689.25,59,0,15698.78272
4/18/2023 1:03,15689.25,15689.5,15688.5,15689.5,25,0,15698.76867
4/18/2023 1:04,15689.5,15690,15689,15689.75,18,0,15698.75902
4/18/2023 1:05,15689.75,15690.25,15689.75,15689.75,37,0,15698.73996
4/18/2023 1:06,15690,15690,15689,15689.5,33,0,15698.72224
4/18/2023 1:07,15689.5,15690.75,15689.5,15690.25,56,0,15698.69447
4/18/2023 1:08,15690,15690.5,15689.25,15690.25,30,0,15698.67938
4/18/2023 1:09,15690.5,15690.5,15688.75,15689.5,28,0,15698.66467
4/18/2023 1:10,15689.5,15690.25,15689,15690,29,0,15698.64977
4/18/2023 1:11,15690.25,15690.75,15690,15690.25,42,0,15698.62968
4/18/2023 1:12,15690.5,15691,15690.25,15690.75,34,0,15698.61414
4/18/2023 1:13,15690.75,15692.25,15690.75,15692,30,0,15698.60219
4/18/2023 1:14,15692.25,15694,15692,15693.75,54,0,15698.58568
4/18/2023 1:15,15694,15696,15693.5,15694.25,91,0,15698.56498
4/18/2023 1:16,15694.25,15695.25,15694.25,15694.75,19,0,15698.56087
4/18/2023 1:17,15694.75,15697.25,15694.5,15697,75,0,15698.55107
4/18/2023 1:18,15696.5,15697,15696.25,15696.75,29,0,15698.54798
4/18/2023 1:19,15696.75,15697.5,15694.5,15696,124,0,15698.53028
4/18/2023 1:20,15696.25,15698.25,15696.25,15698.25,103,0,15698.52484
4/18/2023 1:21,15698.5,15700.25,15698.25,15699,99,0,15698.52836
4/18/2023 1:22,15698.75,15699,15698.25,15699,29,0,15698.52872
4/18/2023 1:23,15698.5,15700.25,15698.25,15699.75,42,0,15698.53078
4/18/2023 1:24,15699.75,15699.75,15698,15698.5,46,0,15698.53133
4/18/2023 1:25,15698.25,15699,15697.25,15698.5,54,0,15698.5305
4/18/2023 1:26,15698.75,15699.75,15697.75,15697.75,29,0,15698.53032
4/18/2023 1:27,15698.25,15698.75,15697,15697,53,0,15698.52757
4/18/2023 1:28,15697,15698,15697,15697,49,0,15698.52438
4/18/2023 1:29,15697.5,15698.25,15697,15697.75,38,0,15698.52261
4/18/2023 1:30,15698,15698,15697,15697.25,14,0,15698.52177
4/18/2023 1:31,15698,15698.25,15697.25,15697.5,23,0,15698.5207
4/18/2023 1:32,15697.25,15698.5,15696.5,15698.5,46,0,15698.51899
4/18/2023 1:33,15698.75,15700,15697.25,15699.75,42,0,15698.52008
4/18/2023 1:34,15700,15701.25,15699.75,15700,81,0,15698.52798
4/18/2023 1:35,15700.5,15702.25,15699.75,15701.75,85,0,15698.54037
4/18/2023 1:36,15701.5,15701.5,15699.5,15700.25,27,0,15698.54308
4/18/2023 1:37,15700.25,15701.25,15699.75,15701.25,41,0,15698.54791
4/18/2023 1:38,15701.25,15701.25,15700.5,15700.5,12,0,15698.54932
4/18/2023 1:39,15700.5,15700.5,15699.75,15700,31,0,15698.55185
4/18/2023 1:40,15699.75,15701,15699.75,15700.5,35,0,15698.55531
4/18/2023 1:41,15701,15701,15699.25,15700.25,23,0,15698.55728
4/18/2023 1:42,15700.5,15700.75,15700.25,15700.5,9,0,15698.55821
4/18/2023 1:43,15700.5,15700.75,15699.75,15700.75,31,0,15698.56126
4/18/2023 1:44,15701,15701,15700,15700.25,29,0,15698.5641
4/18/2023 1:45,15700.75,15702,15700.5,15700.75,65,0,15698.57273
4/18/2023 1:46,15700.25,15702.25,15700,15702,40,0,15698.57871
4/18/2023 1:47,15702,15703.25,15701.5,15702.5,65,0,15698.59179
4/18/2023 1:48,15702.5,15703.25,15701.25,15703.25,47,0,15698.60159
4/18/2023 1:49,15703,15703.5,15701,15703.5,92,0,15698.62105
4/18/2023 1:50,15703.5,15703.75,15701.75,15701.75,61,0,15698.63306
4/18/2023 1:51,15701.5,15702.25,15699.75,15700.25,114,0,15698.6455
4/18/2023 1:52,15700,15701.25,15699.5,15700.25,48,0,15698.64967
4/18/2023 1:53,15701,15702.75,15701,15702.25,24,0,15698.6538
4/18/2023 1:54,15702.75,15703.75,15702.75,15703.25,23,0,15698.65922
4/18/2023 1:55,15703.25,15706.25,15702.75,15705.75,95,0,15698.68957
4/18/2023 1:56,15705.5,15707.5,15705.5,15706.5,107,0,15698.732
4/18/2023 1:57,15706,15706.25,15704.5,15706,51,0,15698.7497
4/18/2023 1:58,15705.75,15706.75,15705,15706,46,0,15698.76636
4/18/2023 1:59,15706.25,15706.25,15704.25,15704.5,46,0,15698.78081
4/18/2023 2:00,15704.5,15706.25,15704.25,15706.25,41,0,15698.79484
4/18/2023 2:01,15705.5,15706.75,15703.5,15704.25,209,0,15698.85767
4/18/2023 2:02,15704,15705,15704,15705,22,0,15698.86403
4/18/2023 2:03,15704.5,15706.25,15704.5,15705.5,59,0,15698.8832
4/18/2023 2:04,15705.25,15705.75,15702.5,15704.25,90,0,15698.90667
4/18/2023 2:05,15704.25,15706.25,15704,15705.75,63,0,15698.92659
4/18/2023 2:06,15706.5,15708.25,15706,15707.75,103,0,15698.96899
4/18/2023 2:07,15707.5,15707.75,15704.75,15705.25,62,0,15698.99002
4/18/2023 2:08,15705.25,15705.5,15703.25,15703.25,78,0,15699.00902
4/18/2023 2:09,15703.25,15705,15702.25,15705,36,0,15699.01789
4/18/2023 2:10,15704.5,15707.25,15704.5,15707.25,48,0,15699.03489
4/18/2023 2:11,15707.5,15708.75,15707,15708.25,66,0,15699.06346
4/18/2023 2:12,15708.5,15711,15707.75,15710,113,0,15699.12054
4/18/2023 2:13,15710.25,15710.75,15708.25,15708.25,84,0,15699.16056
4/18/2023 2:14,15708.5,15710.5,15708,15710.5,60,0,15699.19062
4/18/2023 2:15,15710.5,15711.75,15710.25,15710.5,102,0,15699.24697
4/18/2023 2:16,15710.25,15711.5,15709.75,15711,56,0,15699.27746
4/18/2023 2:17,15710.75,15712,15710.5,15711.25,79,0,15699.32206
4/18/2023 2:18,15711,15719.5,15710.5,15719,536,0,15699.74139
4/18/2023 2:19,15719.25,15725.75,15719.25,15722.75,365,0,15700.11849
4/18/2023 2:20,15722.25,15723.75,15720,15720.25,91,0,15700.20545
4/18/2023 2:21,15720.5,15720.75,15716.75,15717.75,127,0,15700.30904
4/18/2023 2:22,15718,15718.75,15716.75,15717.75,43,0,15700.34257
4/18/2023 2:23,15717.25,15718.25,15716.25,15716.5,63,0,15700.38935
4/18/2023 2:24,15717.25,15717.25,15715.25,15716,45,0,15700.42093
4/18/2023 2:25,15715.75,15717.25,15715.75,15716.5,32,0,15700.44379
4/18/2023 2:26,15716.5,15716.5,15715.25,15716,36,0,15700.4685
4/18/2023 2:27,15715.75,15717.25,15715.5,15716.75,23,0,15700.48484
4/18/2023 2:28,15716.5,15717,15715.75,15716.5,39,0,15700.51232
4/18/2023 2:29,15716.75,15717,15714.5,15717,73,0,15700.5627
4/18/2023 2:30,15716,15716.25,15714.25,15714.25,53,0,15700.59617
4/18/2023 2:31,15714.5,15715.75,15713,15713.75,112,0,15700.66269
4/18/2023 2:32,15713.25,15714.75,15713.25,15714.5,37,0,15700.68453
4/18/2023 2:33,15714,15714.75,15713,15713.5,31,0,15700.70221
4/18/2023 2:34,15713.25,15714.75,15713.25,15714.5,20,0,15700.71395
4/18/2023 2:35,15714.25,15714.25,15713.25,15714.25,7,0,15700.71798
4/18/2023 2:36,15714.25,15714.25,15712.25,15713,68,0,15700.75477
4/18/2023 2:37,15712.75,15713.25,15710.25,15710.75,75,0,15700.78941
4/18/2023 2:38,15710.75,15712.75,15709.75,15712.25,76,0,15700.82483
4/18/2023 2:39,15712.25,15714.5,15711.5,15714,81,0,15700.86842
4/18/2023 2:40,15713.75,15714.5,15713.5,15714.25,28,0,15700.88432
4/18/2023 2:41,15714.25,15716.75,15714.25,15716.25,96,0,15700.9454
4/18/2023 2:42,15716,15717,15715.5,15715.5,46,0,15700.97498
4/18/2023 2:43,15715.5,15715.5,15714.25,15714.25,52,0,15701.00533
4/18/2023 2:44,15713.75,15713.75,15713,15713.5,34,0,15701.02329
4/18/2023 2:45,15713.5,15713.5,15712.25,15713,47,0,15701.04703
4/18/2023 2:46,15713.25,15714,15711.25,15711.75,65,0,15701.0781
4/18/2023 2:47,15712,15712.75,15710.75,15712.75,20,0,15701.08742
4/18/2023 2:48,15713.25,15714.25,15712.25,15713.75,47,0,15701.11189
4/18/2023 2:49,15713.5,15714,15713,15713,25,0,15701.12478
4/18/2023 2:50,15713.25,15713.5,15712.5,15712.5,19,0,15701.13416
4/18/2023 2:51,15712.25,15712.75,15711.25,15712.75,37,0,15701.15147
4/18/2023 2:52,15712.25,15713.25,15711.75,15712.25,41,0,15701.17088
4/18/2023 2:53,15712.75,15713.5,15712.25,15713,26,0,15701.1837
4/18/2023 2:54,15712.75,15714.75,15712.5,15714.75,23,0,15701.19606
4/18/2023 2:55,15715,15717.25,15714.75,15716.25,75,0,15701.24274
4/18/2023 2:56,15716.75,15719,15716.75,15718.25,103,0,15701.31458
4/18/2023 2:57,15718,15718,15716,15717,43,0,15701.3426
4/18/2023 2:58,15716.5,15716.75,15715.5,15715.75,30,0,15701.36085
4/18/2023 2:59,15715.5,15716.75,15713.75,15715,53,0,15701.39115
4/18/2023 3:00,15714.75,15715.5,15714.5,15714.5,30,0,15701.40782
4/18/2023 3:01,15714.75,15717.5,15711.25,15716.5,261,0,15701.55386
4/18/2023 3:02,15716.25,15716.25,15710.25,15711.75,162,0,15701.62757
4/18/2023 3:03,15712,15715,15712,15713.75,98,0,15701.67501
4/18/2023 3:04,15714.5,15716.75,15713.75,15714,47,0,15701.69999
4/18/2023 3:05,15714,15717,15713.5,15715.75,59,0,15701.73262
4/18/2023 3:06,15716,15716,15710.75,15712,135,0,15701.79315
4/18/2023 3:07,15711.75,15711.75,15708,15708.75,129,0,15701.8328
4/18/2023 3:08,15709.25,15711,15708.75,15709,65,0,15701.85284
4/18/2023 3:09,15709.75,15710.75,15708.5,15710.75,132,0,15701.8954
4/18/2023 3:10,15710.5,15712.25,15709.25,15709.25,90,0,15701.92505
4/18/2023 3:11,15709.5,15711.25,15706.5,15707,161,0,15701.96496
4/18/2023 3:12,15706.5,15709.75,15706.5,15708.75,118,0,15701.99427
4/18/2023 3:13,15708.75,15708.75,15705.75,15707,188,0,15702.03192
4/18/2023 3:14,15707,15709.5,15707,15708.75,83,0,15702.05237
4/18/2023 3:15,15708.25,15712.75,15708,15712.75,121,0,15702.09474
4/18/2023 3:16,15712.5,15714,15709,15710.5,170,0,15702.1536
4/18/2023 3:17,15710.5,15712.5,15709.25,15712,75,0,15702.17957
4/18/2023 3:18,15712,15713.25,15710.5,15713.25,54,0,15702.20039
4/18/2023 3:19,15713.5,15714.25,15711.75,15712.25,92,0,15702.23713
4/18/2023 3:20,15712.5,15715.25,15712.25,15712.75,91,0,15702.2755
4/18/2023 3:21,15713.25,15713.25,15710,15711.25,73,0,15702.30083
4/18/2023 3:22,15711,15711.5,15706.75,15707.25,163,0,15702.33861
4/18/2023 3:23,15707.5,15711.75,15706.5,15710.75,109,0,15702.36835
4/18/2023 3:24,15710.5,15714.5,15710.25,15714,101,0,15702.40787
4/18/2023 3:25,15713.75,15714.75,15713,15713.75,58,0,15702.4324
4/18/2023 3:26,15713,15716.25,15712.75,15714.5,106,0,15702.47956
4/18/2023 3:27,15714.5,15717,15714.25,15714.25,54,0,15702.50477
4/18/2023 3:28,15714.25,15716,15714,15716,53,0,15702.52974
4/18/2023 3:29,15716.5,15717,15713.75,15714.25,57,0,15702.55579
4/18/2023 3:30,15715.25,15718.75,15715.25,15717.75,104,0,15702.61159
4/18/2023 3:31,15717.5,15720.75,15717.25,15719,156,0,15702.7044
4/18/2023 3:32,15719.25,15722,15719,15719.75,94,0,15702.76407
4/18/2023 3:33,15719.75,15720,15714.25,15716,108,0,15702.8185
4/18/2023 3:34,15715.5,15715.5,15711.75,15713.25,95,0,15702.85495
4/18/2023 3:35,15713.5,15715.5,15713.25,15715.5,63,0,15702.8818
4/18/2023 3:36,15715.5,15715.75,15713.75,15714.75,46,0,15702.90133
4/18/2023 3:37,15715,15715.5,15711.75,15711.75,95,0,15702.93554
4/18/2023 3:38,15711.5,15712.5,15710,15710.75,107,0,15702.96651
4/18/2023 3:39,15711.25,15712,15708,15709.25,93,0,15702.98884
4/18/2023 3:40,15709.25,15711,15708,15711,75,0,15703.00741
4/18/2023 3:41,15710.75,15711.5,15708,15710.25,76,0,15703.0259
4/18/2023 3:42,15710.5,15711.5,15708.75,15708.75,88,0,15703.04641
4/18/2023 3:43,15709.75,15709.75,15706.25,15706.25,102,0,15703.062
4/18/2023 3:44,15706.25,15709.25,15706,15708.5,57,0,15703.07166
4/18/2023 3:45,15708.25,15710.25,15708.25,15709.25,62,0,15703.08501
4/18/2023 3:46,15709,15712.75,15708.75,15710.5,90,0,15703.1087
4/18/2023 3:47,15710.75,15711.75,15710.25,15710.5,49,0,15703.12183
4/18/2023 3:48,15710.25,15711,15709.25,15710.75,43,0,15703.13256
4/18/2023 3:49,15710.5,15711.25,15708.5,15709,50,0,15703.1437
4/18/2023 3:50,15708.75,15713,15708.5,15712,90,0,15703.16858
4/18/2023 3:51,15712.5,15714.5,15712.25,15714,75,0,15703.19542
4/18/2023 3:52,15714,15716.5,15713.25,15716.5,116,0,15703.24393
4/18/2023 3:53,15716.75,15717.5,15715.75,15716,100,0,15703.28886
4/18/2023 3:54,15716,15717,15715.75,15716.5,50,0,15703.31121
4/18/2023 3:55,15716.25,15719.5,15713.5,15718,159,0,15703.38492
4/18/2023 3:56,15718.25,15720.5,15718,15718.25,126,0,15703.45091
4/18/2023 3:57,15718.25,15718.75,15717.25,15718,52,0,15703.47638
4/18/2023 3:58,15718.25,15718.75,15716.75,15717.75,85,0,15703.5171
4/18/2023 3:59,15717.5,15718.25,15716.75,15717.25,46,0,15703.53853
4/18/2023 4:00,15716.75,15718.5,15716.25,15717.5,47,0,15703.56036
4/18/2023 4:01,15717.25,15719.5,15717.25,15718.5,105,0,15703.61237
4/18/2023 4:02,15719.25,15727.5,15719,15727.5,421,0,15703.90384
4/18/2023 4:03,15727,15730.5,15725.5,15727.5,318,0,15704.15147
4/18/2023 4:04,15728,15728.75,15725.75,15726.75,135,0,15704.25178
4/18/2023 4:05,15726.5,15728,15725.5,15727.5,110,0,15704.33257
4/18/2023 4:06,15728.25,15731.5,15725.5,15730.75,208,0,15704.49878
4/18/2023 4:07,15730.75,15749.25,15730.75,15748.5,1017,0,15705.70957
4/18/2023 4:08,15748.5,15750.25,15743.25,15744.5,475,0,15706.29529
4/18/2023 4:09,15744.5,15745.25,15739.5,15739.75,204,0,15706.51373
4/18/2023 4:10,15739.75,15745.75,15737,15744.5,496,0,15707.04731
4/18/2023 4:11,15744.75,15752.25,15743.5,15749,464,0,15707.6123
4/18/2023 4:12,15749.25,15756.5,15747.5,15755,388,0,15708.12684
4/18/2023 4:13,15755,15755,15748,15750,314,0,15708.51659
4/18/2023 4:14,15749.75,15756.25,15746.75,15753.5,448,0,15709.0755
4/18/2023 4:15,15754,15757.5,15753,15755.75,297,0,15709.46557
4/18/2023 4:16,15756,15756.25,15752.25,15753.5,174,0,15709.6841
4/18/2023 4:17,15753.75,15754.75,15750.25,15754,159,0,15709.87746
4/18/2023 4:18,15753,15754.25,15751.5,15754.25,133,0,15710.03913
4/18/2023 4:19,15754.5,15755.25,15751.25,15752,195,0,15710.27128
4/18/2023 4:20,15751.5,15752.75,15750.75,15752.75,122,0,15710.41271
4/18/2023 4:21,15752.75,15753.25,15750.75,15753,224,0,15710.67145
4/18/2023 4:22,15752.75,15757,15752.75,15756,255,0,15710.98249
4/18/2023 4:23,15756.25,15757.75,15748,15749.75,318,0,15711.33487
4/18/2023 4:24,15749.75,15751.5,15747.25,15750.75,236,0,15711.57976
4/18/2023 4:25,15751,15753.5,15749.75,15750.5,172,0,15711.76282
4/18/2023 4:26,15750.25,15750.75,15747.5,15750.5,148,0,15711.9124
4/18/2023 4:27,15750,15750.25,15746.5,15748.25,136,0,15712.04429
4/18/2023 4:28,15748.25,15749.25,15746.5,15746.5,104,0,15712.14197
4/18/2023 4:29,15746.25,15748.25,15746.25,15746.5,61,0,15712.19833
4/18/2023 4:30,15746.75,15747.75,15746,15747,106,0,15712.29562
4/18/2023 4:31,15747,15752.25,15746.75,15751.5,267,0,15712.56105
4/18/2023 4:32,15751.25,15752.25,15750.25,15751.75,90,0,15712.65263
4/18/2023 4:33,15752,15753.75,15751,15752.25,69,0,15712.72421
4/18/2023 4:34,15752,15752.75,15750.5,15752.75,61,0,15712.78673
4/18/2023 4:35,15752.5,15753.25,15751.5,15752.25,81,0,15712.87016
4/18/2023 4:36,15752.5,15754,15751.75,15752.25,123,0,15712.99724
4/18/2023 4:37,15752,15752.75,15750.75,15751.75,75,0,15713.07255
4/18/2023 4:38,15751.25,15752.75,15750.75,15752.25,104,0,15713.17694
4/18/2023 4:39,15752,15753.75,15751.75,15753.75,37,0,15713.21506
4/18/2023 4:40,15753.25,15758.25,15752,15758.25,258,0,15713.49925
4/18/2023 4:41,15758.5,15764.25,15758.5,15764.25,504,0,15714.1224
4/18/2023 4:42,15764,15772.75,15763.25,15772.25,657,0,15715.02712
4/18/2023 4:43,15772.5,15773.5,15768.75,15770.75,241,0,15715.36106
4/18/2023 4:44,15770.5,15774.75,15769,15769.5,339,0,15715.8248
4/18/2023 4:45,15769.75,15770.5,15768,15769.75,133,0,15715.99921
4/18/2023 4:46,15770,15770.75,15766.75,15767.75,236,0,15716.30018
4/18/2023 4:47,15768,15769.25,15766.75,15769,189,0,15716.53834
4/18/2023 4:48,15768.5,15768.75,15767.25,15768.25,102,0,15716.66535
4/18/2023 4:49,15768.5,15769.5,15767.25,15768.25,118,0,15716.81222
4/18/2023 4:50,15768.25,15768.75,15767.25,15768.5,75,0,15716.90484
4/18/2023 4:51,15768.75,15769.5,15768.25,15769,69,0,15716.99099
4/18/2023 4:52,15769.25,15774.75,15769,15774.5,213,0,15717.27465
4/18/2023 4:53,15774.5,15774.75,15770.25,15771.5,210,0,15717.5486
4/18/2023 4:54,15771.25,15772.25,15769.5,15772.25,115,0,15717.69519
4/18/2023 4:55,15771.75,15771.75,15768.75,15769,76,0,15717.78893
4/18/2023 4:56,15769,15770.25,15767.25,15769.75,199,0,15718.02929
4/18/2023 4:57,15769.5,15769.5,15766.75,15767.25,76,0,15718.11825
4/18/2023 4:58,15766.75,15768.75,15766.5,15768.5,93,0,15718.22687
4/18/2023 4:59,15769,15769.25,15767.5,15767.75,69,0,15718.30756
4/18/2023 5:00,15767.5,15767.5,15765.75,15766.75,111,0,15718.43292
4/18/2023 5:01,15766.75,15768.5,15765.75,15766.25,178,0,15718.6333
4/18/2023 5:02,15766.75,15767,15762.25,15765.25,386,0,15719.04437
4/18/2023 5:03,15765.5,15766.75,15764.75,15765.5,82,0,15719.13233
4/18/2023 5:04,15765,15770.25,15764.5,15766.5,212,0,15719.36508
4/18/2023 5:05,15766,15767.5,15764,15765,128,0,15719.49989
4/18/2023 5:06,15764.75,15769.25,15764.5,15769,171,0,15719.68687
4/18/2023 5:07,15769,15769,15765,15766,133,0,15719.82853
4/18/2023 5:08,15766,15767,15765.75,15766.25,47,0,15719.87803
4/18/2023 5:09,15766.25,15768.5,15765.25,15765.25,88,0,15719.97043
4/18/2023 5:10,15765.75,15766.25,15764,15765.75,97,0,15720.06966
4/18/2023 5:11,15765.75,15765.75,15762.75,15763.25,111,0,15720.17916
4/18/2023 5:12,15762.75,15765.25,15762.5,15763.5,71,0,15720.24864
4/18/2023 5:13,15763.25,15764.75,15762.25,15763.75,66,0,15720.31278
4/18/2023 5:14,15764.25,15764.25,15762.5,15763,43,0,15720.35415
4/18/2023 5:15,15762.75,15766,15760.25,15765,253,0,15720.59876
4/18/2023 5:16,15765.5,15767.75,15765,15767.75,71,0,15720.67178
4/18/2023 5:17,15767.5,15770.75,15767.25,15769,164,0,15720.84745
4/18/2023 5:18,15769.25,15769.75,15767.5,15768,99,0,15720.9516
4/18/2023 5:19,15767.5,15768.75,15766.75,15767.25,57,0,15721.01031
4/18/2023 5:20,15767.25,15773,15767.25,15773,161,0,15721.18774
4/18/2023 5:21,15772.75,15789.5,15772.75,15785.25,1221,0,15722.79226
4/18/2023 5:22,15786,15792.25,15786,15786.75,442,0,15723.40733
4/18/2023 5:23,15787.25,15789.5,15787,15789,190,0,15723.66886
4/18/2023 5:24,15789.5,15793.5,15787.75,15790,324,0,15724.12307
4/18/2023 5:25,15790,15793.75,15790,15790,263,0,15724.49182
4/18/2023 5:26,15790.25,15791,15786.25,15786.5,244,0,15724.81343
4/18/2023 5:27,15786.5,15788.5,15786.25,15788,182,0,15725.04994
4/18/2023 5:28,15788,15789.25,15786.25,15787,132,0,15725.22014
4/18/2023 5:29,15787,15788.25,15785.25,15786,139,0,15725.39551
4/18/2023 5:30,15786,15786.75,15783.5,15784,113,0,15725.53327
4/18/2023 5:31,15784.25,15789.5,15783.75,15787.25,182,0,15725.76157
4/18/2023 5:32,15787.25,15791,15786.25,15788.75,121,0,15725.91694
4/18/2023 5:33,15789.25,15791.75,15789.25,15791,105,0,15726.05542
4/18/2023 5:34,15791.25,15793.75,15790.5,15793.75,173,0,15726.28933
4/18/2023 5:35,15793.75,15803.25,15793.5,15801.5,743,0,15727.37578
4/18/2023 5:36,15801.5,15802,15799,15799,276,0,15727.77439
4/18/2023 5:37,15798.75,15802.75,15798.25,15801.75,301,0,15728.2096
4/18/2023 5:38,15802.25,15807.25,15800.5,15807.25,597,0,15729.10526
4/18/2023 5:39,15807.25,15807.75,15802.25,15805.5,513,0,15729.86004
4/18/2023 5:40,15806,15808,15802.5,15803.5,314,0,15730.31166
4/18/2023 5:41,15803.25,15805.75,15802.75,15805,193,0,15730.58594
4/18/2023 5:42,15805,15807.75,15802.75,15803,257,0,15730.94803
4/18/2023 5:43,15803.75,15804.5,15802.25,15804.5,115,0,15731.10727
4/18/2023 5:44,15804,15804,15799,15799.5,213,0,15731.38861
4/18/2023 5:45,15800.5,15800.5,15798.5,15799.25,129,0,15731.55445
4/18/2023 5:46,15799.25,15800.75,15798.5,15799,170,0,15731.77176
4/18/2023 5:47,15798.75,15800,15798,15799.25,127,0,15731.9324
4/18/2023 5:48,15799.25,15801.25,15797.75,15798.5,248,0,15732.24428
4/18/2023 5:49,15798.5,15798.75,15796.5,15797.5,132,0,15732.4052
4/18/2023 5:50,15797.75,15799,15797.25,15797.75,101,0,15732.52859
4/18/2023 5:51,15797.75,15798.75,15796.25,15798.5,113,0,15732.66573
4/18/2023 5:52,15798.5,15801.25,15797.25,15800.75,192,0,15732.90424
4/18/2023 5:53,15800.75,15802.25,15799.75,15802.25,124,0,15733.06121
4/18/2023 5:54,15801.75,15803,15801,15802.25,153,0,15733.25577
4/18/2023 5:55,15802,15802.5,15799,15799.5,93,0,15733.3705
4/18/2023 5:56,15799.5,15801.5,15798.5,15800,206,0,15733.62199
4/18/2023 5:57,15800,15800.25,15796.25,15797.25,78,0,15733.71375
4/18/2023 5:58,15797,15797.75,15794.75,15796.25,156,0,15733.89174
4/18/2023 5:59,15796,15797.75,15795,15795.5,145,0,15734.05583
4/18/2023 6:00,15795.75,15798.25,15795.75,15798,109,0,15734.18108
4/18/2023 6:01,15798.25,15798.25,15793.75,15794.5,180,0,15734.38087
4/18/2023 6:02,15794.5,15795.75,15793.75,15795.75,98,0,15734.48836
4/18/2023 6:03,15795.5,15801.5,15795.5,15801,254,0,15734.78462
4/18/2023 6:04,15801,15801.5,15798.5,15799,127,0,15734.93249
4/18/2023 6:05,15799.25,15799.25,15797.5,15798,73,0,15735.01533
4/18/2023 6:06,15797.5,15798,15792,15793.25,185,0,15735.21163
4/18/2023 6:07,15793.25,15793.5,15790.75,15792.75,115,0,15735.32873
4/18/2023 6:08,15792.75,15796,15792.5,15795,98,0,15735.43192
4/18/2023 6:09,15795,15796,15791.75,15792.75,85,0,15735.51962
4/18/2023 6:10,15792.25,15792.25,15789.5,15790.25,127,0,15735.64378
4/18/2023 6:11,15790.25,15793,15789.25,15792.75,133,0,15735.77556
4/18/2023 6:12,15793.25,15794.5,15792,15792.5,60,0,15735.83623
4/18/2023 6:13,15792.5,15794,15792,15793.25,54,0,15735.89079
4/18/2023 6:14,15793.5,15794.5,15792.75,15793.5,49,0,15735.94065
4/18/2023 6:15,15794,15795,15793.5,15794,70,0,15736.01244
4/18/2023 6:16,15794,15797.25,15792.5,15796.5,111,0,15736.12836
4/18/2023 6:17,15796.75,15798.5,15795.25,15797.25,147,0,15736.28526
4/18/2023 6:18,15797.25,15800.75,15797,15800.25,138,0,15736.43745
4/18/2023 6:19,15800,15800.75,15797.25,15797.5,119,0,15736.56636
4/18/2023 6:20,15797.25,15798.25,15796,15796.75,67,0,15736.63696
4/18/2023 6:21,15797,15798,15794.75,15795.5,118,0,15736.75901
4/18/2023 6:22,15795.25,15795.75,15791.5,15791.75,161,0,15736.91612
4/18/2023 6:23,15791.5,15796.5,15791.5,15794.5,187,0,15737.10128
4/18/2023 6:24,15794.75,15795.75,15793,15794.25,140,0,15737.23952
4/18/2023 6:25,15793.75,15793.75,15791.25,15792.25,90,0,15737.32506
4/18/2023 6:26,15791.75,15792.25,15790,15790,101,0,15737.41785
4/18/2023 6:27,15790,15791.25,15789,15789,168,0,15737.5686
4/18/2023 6:28,15788.75,15790.25,15788.5,15789.5,88,0,15737.64672
4/18/2023 6:29,15790.25,15794.5,15790,15794,181,0,15737.81721
4/18/2023 6:30,15793.75,15794.75,15793.25,15794.75,81,0,15737.89512
4/18/2023 6:31,15794.5,15797.5,15794.5,15795,141,0,15738.03363
4/18/2023 6:32,15794.75,15796,15793.25,15793.25,130,0,15738.15743
4/18/2023 6:33,15793,15794.75,15791.75,15794.75,126,0,15738.27602
4/18/2023 6:34,15794.75,15795.75,15793.25,15795.75,91,0,15738.36315
4/18/2023 6:35,15795.25,15799,15794.5,15795.75,311,0,15738.66675
4/18/2023 6:36,15796,15796,15793.5,15794.75,104,0,15738.76465
4/18/2023 6:37,15794.75,15796.75,15793.25,15793.75,80,0,15738.83951
4/18/2023 6:38,15793.75,15794.25,15792.5,15793.5,134,0,15738.96184
4/18/2023 6:39,15793,15794,15791,15791.5,144,0,15739.08967
4/18/2023 6:40,15791,15792.5,15790.75,15792.5,108,0,15739.1847
4/18/2023 6:41,15792.25,15793.5,15790.25,15790.75,158,0,15739.32201
4/18/2023 6:42,15790.5,15791.75,15789.5,15790.25,125,0,15739.42807
4/18/2023 6:43,15790,15792,15789.75,15791.5,79,0,15739.49563
4/18/2023 6:44,15791,15793.75,15791,15792,119,0,15739.59936
4/18/2023 6:45,15791.75,15795.25,15789.75,15794.75,254,0,15739.82359
4/18/2023 6:46,15794.75,15796,15792.25,15793.5,152,0,15739.95854
4/18/2023 6:47,15793.25,15794.75,15790.5,15793.5,226,0,15740.15426
4/18/2023 6:48,15794,15794.5,15791.25,15794.5,100,0,15740.24121
4/18/2023 6:49,15794.25,15798.75,15794.25,15798.5,250,0,15740.47261
4/18/2023 6:50,15798.75,15801.5,15797.5,15797.75,246,0,15740.70545
4/18/2023 6:51,15798,15801.25,15796,15799,183,0,15740.87696
4/18/2023 6:52,15798.75,15800.75,15796.75,15797,135,0,15741.00157
4/18/2023 6:53,15796.75,15797.5,15793.5,15795,154,0,15741.13605
4/18/2023 6:54,15795,15795,15792.75,15793,127,0,15741.24288
4/18/2023 6:55,15793,15793.75,15790.5,15791.5,199,0,15741.40411
4/18/2023 6:56,15791.25,15793.25,15791,15791.25,148,0,15741.52316
4/18/2023 6:57,15791.25,15791.5,15786,15788.75,317,0,15741.76075
4/18/2023 6:58,15788.5,15791.5,15788.25,15790.25,139,0,15741.86693
4/18/2023 6:59,15790,15790.5,15788.25,15790,113,0,15741.95216
4/18/2023 7:00,15789.75,15791.5,15789.25,15790.75,108,0,15742.0349
4/18/2023 7:01,15791,15791.5,15785.25,15786.5,281,0,15742.23671
4/18/2023 7:02,15786.75,15786.75,15781.75,15782.5,259,0,15742.40461
4/18/2023 7:03,15782.5,15785.5,15781.75,15781.75,231,0,15742.55081
4/18/2023 7:04,15782,15783.25,15781.25,15782.75,305,0,15742.73948
4/18/2023 7:05,15782.75,15786.75,15782.75,15786.75,277,0,15742.92212
4/18/2023 7:06,15786.75,15789.75,15786,15788.75,263,0,15743.10522
4/18/2023 7:07,15788.5,15793.5,15788.5,15793.25,259,0,15743.29832
4/18/2023 7:08,15793,15793.75,15792.5,15792.75,146,0,15743.40929
4/18/2023 7:09,15792.75,15793.75,15791,15792,96,0,15743.48089
4/18/2023 7:10,15792.5,15792.5,15789.75,15792.25,81,0,15743.54021
4/18/2023 7:11,15791.75,15794.5,15791.5,15792.75,125,0,15743.63416
4/18/2023 7:12,15793.5,15794.75,15790.5,15792.25,144,0,15743.74104
4/18/2023 7:13,15792.5,15793.75,15791,15793.5,44,0,15743.77377
4/18/2023 7:14,15793.5,15794,15792.25,15793,80,0,15743.83357
4/18/2023 7:15,15793.5,15795.5,15793.5,15794.75,247,0,15744.0229
4/18/2023 7:16,15794.25,15795,15793,15793.75,141,0,15744.12893
4/18/2023 7:17,15793.5,15793.5,15791.25,15791.75,94,0,15744.19689
4/18/2023 7:18,15791.75,15793.25,15790.75,15793,125,0,15744.28728
4/18/2023 7:19,15792.75,15792.75,15790.25,15790.25,121,0,15744.37218
4/18/2023 7:20,15790,15794.5,15789.75,15794.5,143,0,15744.47605
4/18/2023 7:21,15794.25,15794.5,15793.25,15794,69,0,15744.52704
4/18/2023 7:22,15793.75,15794,15790,15793.5,300,0,15744.7412
4/18/2023 7:23,15793.25,15794.5,15790,15792,187,0,15744.87281
4/18/2023 7:24,15791.5,15795.5,15791.5,15793.75,106,0,15744.9493
4/18/2023 7:25,15793.75,15795.75,15793.75,15795.25,136,0,15745.04978
4/18/2023 7:26,15795,15801.75,15794,15799.75,914,0,15745.76251
4/18/2023 7:27,15799.5,15802.75,15798.25,15798.75,418,0,15746.09075
4/18/2023 7:28,15799.25,15802.5,15797.75,15798.75,358,0,15746.36743
4/18/2023 7:29,15799.25,15800,15797,15797.75,131,0,15746.46529
4/18/2023 7:30,15798,15798,15794.75,15795.25,185,0,15746.59689
4/18/2023 7:31,15795.5,15805.25,15795.5,15804.75,637,0,15747.09758
4/18/2023 7:32,15805.25,15811.25,15805.25,15810.25,455,0,15747.49526
4/18/2023 7:33,15810.5,15818.5,15810.5,15812.75,823,0,15748.25925
4/18/2023 7:34,15812.75,15817,15812.25,15814,421,0,15748.64623
4/18/2023 7:35,15814.25,15815.75,15811,15811.5,314,0,15748.92469
4/18/2023 7:36,15811.5,15811.5,15807.5,15807.5,247,0,15749.12869
4/18/2023 7:37,15807.5,15810.75,15807.5,15808.25,237,0,15749.32314
4/18/2023 7:38,15808.25,15811,15808,15808.25,148,0,15749.44443
4/18/2023 7:39,15808.5,15810.75,15807.25,15809,229,0,15749.63088
4/18/2023 7:40,15809.5,15809.5,15805.75,15807,171,0,15749.76565
4/18/2023 7:41,15807.25,15811.25,15806.75,15806.75,241,0,15749.95726
4/18/2023 7:42,15807.25,15811.25,15807,15810.5,135,0,15750.06649
4/18/2023 7:43,15810.75,15810.75,15808,15808.75,67,0,15750.12017
4/18/2023 7:44,15809,15811,15809,15810.25,119,0,15750.21675
4/18/2023 7:45,15810.75,15814.25,15810.75,15812.75,197,0,15750.38261
4/18/2023 7:46,15812.5,15814.5,15811.25,15812,164,0,15750.52001
4/18/2023 7:47,15811.75,15814.75,15810.25,15810.25,247,0,15750.72304
4/18/2023 7:48,15810.25,15811.5,15804.75,15805.25,347,0,15750.98476
4/18/2023 7:49,15804.75,15807.5,15802.75,15803,252,0,15751.16408
4/18/2023 7:50,15803.75,15807.25,15802.75,15805.75,314,0,15751.38931
4/18/2023 7:51,15805.5,15806.25,15802,15802.25,120,0,15751.47211
4/18/2023 7:52,15802,15803.25,15801.25,15802,135,0,15751.56257
4/18/2023 7:53,15802.25,15803,15799.75,15801,137,0,15751.65238
4/18/2023 7:54,15800.75,15802.25,15800,15800.25,98,0,15751.71589
4/18/2023 7:55,15800.25,15802.5,15800.25,15802.25,72,0,15751.76324
4/18/2023 7:56,15802.25,15802.75,15797,15797.5,196,0,15751.88502
4/18/2023 7:57,15797.5,15797.5,15795.5,15796.75,164,0,15751.98106
4/18/2023 7:58,15797.25,15801,15796.5,15800.5,155,0,15752.07703
4/18/2023 7:59,15800,15802.75,15800,15802.75,143,0,15752.16989
4/18/2023 8:00,15802.5,15804,15801,15802.75,160,0,15752.27494
4/18/2023 8:01,15802.5,15802.75,15798.5,15798.5,220,0,15752.41106
4/18/2023 8:02,15798.75,15803.25,15798.5,15802.75,276,0,15752.58638
4/18/2023 8:03,15802.5,15805.75,15802.5,15805,282,0,15752.77483
4/18/2023 8:04,15805.5,15806.25,15803.25,15803.75,188,0,15752.8997
4/18/2023 8:05,15804.25,15804.75,15802,15802.5,104,0,15752.96674
4/18/2023 8:06,15802,15803,15801.25,15802,119,0,15753.0417
4/18/2023 8:07,15802.75,15804.75,15802.25,15802.5,107,0,15753.1104
4/18/2023 8:08,15802.5,15803.5,15801.5,15802.75,82,0,15753.1623
4/18/2023 8:09,15803.25,15803.25,15800.25,15800.75,97,0,15753.22211
4/18/2023 8:10,15800.75,15804.75,15800.75,15803.5,129,0,15753.30403
4/18/2023 8:11,15803.75,15806.5,15803,15804.25,237,0,15753.45861
4/18/2023 8:12,15804.25,15805.25,15802.5,15802.75,113,0,15753.53042
4/18/2023 8:13,15802.75,15803.5,15798.25,15798.25,194,0,15753.64464
4/18/2023 8:14,15798.25,15799.75,15797.75,15798.25,120,0,15753.71286
4/18/2023 8:15,15798.25,15800.5,15797.25,15799,212,0,15753.83376
4/18/2023 8:16,15798.75,15801.75,15798.25,15801.5,124,0,15753.90666
4/18/2023 8:17,15801.75,15803,15800.5,15801,114,0,15753.9749
4/18/2023 8:18,15800.75,15801.5,15798.25,15799.25,155,0,15754.06381
4/18/2023 8:19,15799.25,15802.75,15797.5,15801.75,153,0,15754.15316
4/18/2023 8:20,15801.75,15805.25,15801.75,15805,228,0,15754.29516
4/18/2023 8:21,15804.75,15807,15804.25,15805.25,187,0,15754.41452
4/18/2023 8:22,15805.5,15805.75,15803.5,15804.25,81,0,15754.46503
4/18/2023 8:23,15804.5,15805.5,15803.5,15805,65,0,15754.50564
4/18/2023 8:24,15805.25,15806,15804,15805.75,83,0,15754.55799
4/18/2023 8:25,15805.5,15806.75,15805,15805.75,107,0,15754.62609
4/18/2023 8:26,15805.5,15809.75,15805.5,15809.5,221,0,15754.7728
4/18/2023 8:27,15809.25,15812.5,15809,15812.25,272,0,15754.96233
4/18/2023 8:28,15812.5,15813.5,15810.25,15810.25,269,0,15755.1488
4/18/2023 8:29,15810.75,15811.25,15808,15808,198,0,15755.2798
4/18/2023 8:30,15808.25,15809.5,15807,15807,152,0,15755.37761
4/18/2023 8:31,15807.25,15812.25,15807.25,15812,201,0,15755.51293
4/18/2023 8:32,15812.5,15814.75,15809.75,15810.5,267,0,15755.69547
4/18/2023 8:33,15810.75,15812,15809.25,15811.5,200,0,15755.8296
4/18/2023 8:34,15811,15820.25,15810,15819.75,906,0,15756.49172
4/18/2023 8:35,15819.5,15823,15819.25,15822.5,890,0,15757.18028
4/18/2023 8:36,15822.75,15823.5,15813.5,15814.25,873,0,15757.79546
4/18/2023 8:37,15814.5,15814.5,15808.75,15811.25,385,0,15758.03759
4/18/2023 8:38,15811.5,15816.75,15811.25,15815.75,280,0,15758.22239
4/18/2023 8:39,15815.75,15815.75,15811,15811.5,259,0,15758.38674
4/18/2023 8:40,15811.75,15813.75,15811.25,15811.5,194,0,15758.50788
4/18/2023 8:41,15811.75,15815,15810.25,15812.25,309,0,15758.7009
4/18/2023 8:42,15812,15816,15811.5,15815.5,289,0,15758.88629
4/18/2023 8:43,15815.25,15820.5,15815.25,15817.75,359,0,15759.1293
4/18/2023 8:44,15818,15820.75,15817.5,15819.5,194,0,15759.26293
4/18/2023 8:45,15819.25,15822.5,15819.25,15820.25,263,0,15759.44741
4/18/2023 8:46,15820,15822.5,15820,15821.5,199,0,15759.58778
4/18/2023 8:47,15821.75,15822.25,15816.25,15817,224,0,15759.7378
4/18/2023 8:48,15817.25,15819,15815.25,15818.75,231,0,15759.88953
4/18/2023 8:49,15818.75,15819.75,15815.5,15816,213,0,15760.02732
4/18/2023 8:50,15816.25,15818.5,15816.25,15818,116,0,15760.10274
4/18/2023 8:51,15818,15818,15815.75,15817.75,88,0,15760.15941
4/18/2023 8:52,15817.5,15818.75,15817.25,15818.25,148,0,15760.256
4/18/2023 8:53,15817.75,15817.75,15815.25,15816,125,0,15760.33486
4/18/2023 8:54,15815.75,15819,15815.5,15818.75,120,0,15760.41227
4/18/2023 8:55,15818.5,15821.75,15816,15816,307,0,15760.60994
4/18/2023 8:56,15815.75,15820.25,15815.75,15817.25,187,0,15760.72933
4/18/2023 8:57,15817.25,15817.5,15813.25,15813.75,235,0,15760.87102
4/18/2023 8:58,15813.25,15817,15811.75,15815,384,0,15761.0999
4/18/2023 8:59,15815.25,15818.5,15815.25,15815.5,210,0,15761.2285
4/18/2023 9:00,15815.5,15816.25,15812.25,15813,167,0,15761.32558
4/18/2023 9:01,15813.25,15813.75,15806.5,15807.5,566,0,15761.62346
4/18/2023 9:02,15807.75,15811.5,15805.25,15809.5,578,0,15761.92071
4/18/2023 9:03,15810,15811.75,15803,15803,476,0,15762.14806
4/18/2023 9:04,15802.75,15805.75,15802,15803,391,0,15762.3232
4/18/2023 9:05,15803.75,15805.75,15802.75,15805,316,0,15762.46679
4/18/2023 9:06,15805.25,15806.25,15803.5,15806.25,201,0,15762.55941
4/18/2023 9:07,15805.75,15806.5,15802.75,15804.75,243,0,15762.66912
4/18/2023 9:08,15804.75,15805,15801.25,15801.25,272,0,15762.78495
4/18/2023 9:09,15801.75,15803.75,15801.5,15803.75,218,0,15762.87845
4/18/2023 9:10,15803.75,15804.5,15800.75,15803,312,0,15763.0107
4/18/2023 9:11,15802.75,15804.75,15801.75,15803.75,249,0,15763.11737
4/18/2023 9:12,15803.5,15803.5,15799.75,15801.25,315,0,15763.24514
4/18/2023 9:13,15801.25,15801.25,15798,15799.5,263,0,15763.34585
4/18/2023 9:14,15798.75,15799.5,15796.75,15798.75,337,0,15763.46966
4/18/2023 9:15,15798.5,15800.25,15797,15797.75,218,0,15763.54929
4/18/2023 9:16,15797.75,15799.25,15795.5,15799,579,0,15763.75651
4/18/2023 9:17,15799,15802.25,15798.5,15801,439,0,15763.9241
4/18/2023 9:18,15800.75,15804.75,15799.75,15804,390,0,15764.08077
4/18/2023 9:19,15803.75,15804.25,15801.25,15802.75,327,0,15764.21088
4/18/2023 9:20,15802.75,15807,15802,15806.5,411,0,15764.38336
4/18/2023 9:21,15806.5,15807.75,15805.75,15806.5,215,0,15764.4763
4/18/2023 9:22,15806.75,15810.25,15806.5,15807.5,335,0,15764.62515
4/18/2023 9:23,15807.25,15807.5,15803.5,15803.5,255,0,15764.72934
4/18/2023 9:24,15803.5,15804.25,15799.25,15799.75,337,0,15764.85342
4/18/2023 9:25,15799.75,15802.75,15798.25,15799.75,557,0,15765.05199
4/18/2023 9:26,15800.5,15800.5,15796.75,15799.25,675,0,15765.28008
4/18/2023 9:27,15798.75,15801.75,15798.5,15800,193,0,15765.34714
4/18/2023 9:28,15800.25,15800.25,15797.75,15799.5,214,0,15765.41924
4/18/2023 9:29,15799.25,15803.75,15799.25,15803,469,0,15765.58937
4/18/2023 9:30,15803,15805.25,15802,15805,586,0,15765.81176
4/18/2023 9:31,15804.75,15808.75,15790.75,15791,5035,15796.83333,15767.27884
4/18/2023 9:32,15791.25,15809,15790.75,15799,4509,15798.13255,15768.59139
4/18/2023 9:33,15798.75,15805.25,15791.5,15798.25,3244,15798.18349,15769.43611
4/18/2023 9:34,15798.25,15798.5,15788.25,15788.5,2352,15797.18404,15769.88633
4/18/2023 9:35,15788.5,15792.75,15786.25,15790.75,2189,15796.26603,15770.25553
4/18/2023 9:36,15790.5,15795.75,15783.75,15790,2762,15795.3817,15770.7005
4/18/2023 9:37,15790.5,15804.25,15788.25,15804,2959,15795.82479,15771.36924
4/18/2023 9:38,15803.75,15804.5,15790.25,15794.25,2099,15795.86724,15771.7832
4/18/2023 9:39,15794.5,15795.25,15784.25,15788.75,1845,15795.42635,15772.03653
4/18/2023 9:40,15788.25,15798.25,15787.5,15791.75,1689,15795.25403,15772.30217
4/18/2023 9:41,15792,15799.75,15789.25,15799,1437,15795.28962,15772.56103
4/18/2023 9:42,15798.75,15804.5,15798.5,15800.75,1513,15795.57471,15772.88724
4/18/2023 9:43,15800.5,15805.25,15794.5,15795.75,1412,15795.6997,15773.15617
4/18/2023 9:44,15795,15807.25,15794.75,15802.75,1587,15795.96932,15773.48774
4/18/2023 9:45,15802.75,15803.75,15793.25,15796.25,1136,15796.02587,15773.68863
4/18/2023 9:46,15796,15803.25,15793.75,15802,1650,15796.18642,15773.99734
4/18/2023 9:47,15802.25,15808.25,15800,15807.75,2124,15796.67775,15774.46947
4/18/2023 9:48,15808.25,15812.75,15799.75,15812.5,2342,15797.32948,15775.02286
4/18/2023 9:49,15812.25,15819.25,15808.25,15818.25,3276,15798.62947,15775.92185
4/18/2023 9:50,15818.75,15822.5,15814,15818.75,2887,15799.81843,15776.74259
4/18/2023 9:51,15818.75,15820.5,15800,15804,2832,15800.2831,15777.32688
4/18/2023 9:52,15803.75,15812.25,15799.25,15810.75,2506,15800.61797,15777.81394
4/18/2023 9:53,15810.25,15812,15804.75,15809.75,1647,15800.86384,15778.14047
4/18/2023 9:54,15809.5,15813.5,15806.25,15807.75,1451,15801.07713,15778.42555
4/18/2023 9:55,15807.75,15810,15800.5,15805.5,2012,15801.22353,15778.76407
4/18/2023 9:56,15806.25,15811.5,15804.25,15807.75,1482,15801.38685,15779.03098
4/18/2023 9:57,15807.5,15807.5,15796.75,15799.5,1832,15801.38279,15779.28034
4/18/2023 9:58,15799.25,15801.25,15784.75,15785,3453,15800.79817,15779.5093
4/18/2023 9:59,15785.25,15785.5,15766.75,15775.5,5090,15798.99798,15779.40284
4/18/2023 10:00,15775.75,15780.25,15770.25,15776.75,2149,15798.30889,15779.35771
4/18/2023 10:01,15777,15779.25,15764.25,15771.25,2668,15797.36031,15779.24026
4/18/2023 10:02,15771,15772.5,15763,15763.25,1634,15796.69843,15779.12117
4/18/2023 10:03,15763,15763.25,15750.75,15754.75,3586,15794.8941,15778.67009
4/18/2023 10:04,15754.5,15754.5,15741.75,15747.5,3869,15792.73697,15778.02931
4/18/2023 10:05,15747.5,15748.5,15726.5,15733.25,6487,15788.68703,15776.6134
4/18/2023 10:06,15733,15741.5,15730.5,15741,2963,15787.07379,15776.02203
4/18/2023 10:07,15741.5,15746.25,15737.5,15738.75,2681,15785.78764,15775.54513
4/18/2023 10:08,15739.25,15746.75,15734.5,15744,2256,15784.7805,15775.16407
4/18/2023 10:09,15744,15749.25,15742.25,15745.75,1857,15784.05933,15774.89357
4/18/2023 10:10,15746,15751.75,15745.5,15747.75,1694,15783.46713,15774.67261
4/18/2023 10:11,15748,15750,15741.5,15744.25,1463,15782.92775,15774.46273
4/18/2023 10:12,15744.25,15744.5,15731.75,15738.25,2351,15781.93508,15774.05137
4/18/2023 10:13,15737.75,15741.5,15733.25,15741.25,1144,15781.47314,15773.8573
4/18/2023 10:14,15741.5,15751.25,15740,15750,1763,15780.91648,15773.6329
4/18/2023 10:15,15750,15750.5,15742,15742.5,989,15780.59328,15773.49891
4/18/2023 10:16,15742.75,15745.75,15736.5,15745.5,1327,15780.13983,15773.306
4/18/2023 10:17,15745.25,15749,15739.5,15748.5,1126,15779.79436,15773.16042
4/18/2023 10:18,15748.5,15752.25,15744.75,15747.5,1442,15779.39359,15772.99297
4/18/2023 10:19,15747.75,15749,15739.25,15740.25,1039,15779.06282,15772.84808
4/18/2023 10:20,15740.25,15746.5,15738.25,15743.5,980,15778.75556,15772.71231
4/18/2023 10:21,15743.5,15745.5,15737,15741.75,1187,15778.37677,15772.54225
4/18/2023 10:22,15741.25,15748.75,15740,15743.75,1198,15778.03005,15772.38747
4/18/2023 10:23,15744,15744.25,15737.5,15740.25,917,15777.74243,15772.25559
4/18/2023 10:24,15739.5,15743.5,15735,15739.25,1030,15777.41246,15772.10217
4/18/2023 10:25,15739.25,15740,15727.5,15730,1571,15776.8328,15771.82337
4/18/2023 10:26,15730,15731.5,15702.5,15708.5,7075,15773.39049,15770.05156
4/18/2023 10:27,15708.5,15709,15700,15703.25,2904,15771.86228,15769.22983
4/18/2023 10:28,15703,15708.5,15700.5,15702.75,2314,15770.68909,15768.58793
4/18/2023 10:29,15702.5,15703.75,15691.75,15695.75,3168,15768.98931,15767.63859
4/18/2023 10:30,15695.5,15704.25,15695,15701.75,2184,15767.91342,15767.02814
4/18/2023 10:31,15702,15702.25,15681.5,15685.75,5483,15764.95788,15765.30955
4/18/2023 10:32,15685.75,15693.75,15681.5,15688.5,3323,15763.23012,15764.27921
4/18/2023 10:33,15688,15696.5,15684.25,15689,2552,15761.98883,15763.52662
4/18/2023 10:34,15689.25,15695.75,15685.25,15691.25,1795,15761.15043,15763.01221
4/18/2023 10:35,15691,15693.75,15682.75,15684.75,2104,15760.14259,15762.38831
4/18/2023 10:36,15684.75,15689,15683.25,15687.5,1286,15759.53585,15762.00949
4/18/2023 10:37,15688.25,15697.75,15687.75,15695.75,1691,15758.82999,15761.56388
4/18/2023 10:38,15696,15702,15693.25,15700.5,1798,15758.15042,15761.12974
4/18/2023 10:39,15700.25,15701,15691.25,15696.5,1186,15757.69326,15760.83606
4/18/2023 10:40,15696.5,15702.75,15696,15702.25,1539,15757.14876,15760.48277
4/18/2023 10:41,15702,15707,15698.5,15707,2085,15756.47604,15760.04074
4/18/2023 10:42,15707,15709.25,15703.5,15706,1502,15756.0208,15759.73831
4/18/2023 10:43,15706.25,15711.25,15704,15711,1432,15755.6158,15759.46645
4/18/2023 10:44,15710.75,15712.75,15707,15709,1182,15755.29256,15759.24787
4/18/2023 10:45,15708.75,15716.25,15708.25,15715.25,1578,15754.90209,15758.98036
4/18/2023 10:46,15715.25,15719,15712.75,15714,2281,15754.3768,15758.61581
4/18/2023 10:47,15714,15714.5,15706.75,15709.25,1852,15753.90634,15758.29008
4/18/2023 10:48,15709.25,15711,15703.5,15703.75,1516,15753.49336,15758.00434
4/18/2023 10:49,15703.5,15707,15698.75,15705.75,1907,15752.95971,15757.63393
4/18/2023 10:50,15705.75,15708.25,15697.75,15699,1111,15752.64059,15757.41186
4/18/2023 10:51,15699.5,15701.25,15686.75,15688.25,2488,15751.80845,15756.83648
4/18/2023 10:52,15686.5,15705,15686.25,15704.5,2824,15750.99104,15756.2599
4/18/2023 10:53,15704.5,15710.5,15702.25,15706.75,1948,15750.52465,15755.92247
4/18/2023 10:54,15706.5,15707.75,15692.5,15695.5,1586,15750.0851,15755.60763
4/18/2023 10:55,15695.5,15700,15691.75,15700,1034,15749.79521,15755.39947
4/18/2023 10:56,15699.75,15703,15695.75,15697.75,1114,15749.49572,15755.18292
4/18/2023 10:57,15697.75,15705,15696.25,15704,918,15749.26562,15755.01489
4/18/2023 10:58,15703.5,15710.25,15702.5,15704.5,1140,15749.00674,15754.82325
4/18/2023 10:59,15704.75,15706.75,15702.25,15702.5,692,15748.84419,15754.70312
4/18/2023 11:00,15703,15708,15699.25,15701.75,882,15748.6349,15754.54835
4/18/2023 11:01,15701.5,15713.5,15699.25,15709.25,1583,15748.29924,15754.29602
4/18/2023 11:02,15708.75,15711.75,15704,15705.25,1019,15748.0843,15754.13387
4/18/2023 11:03,15705.5,15715,15702,15714.5,1115,15747.87149,15753.9708
4/18/2023 11:04,15713.75,15714.75,15701.75,15707,1545,15747.55979,15753.73311
4/18/2023 11:05,15706.75,15710.5,15701.5,15702.25,1017,15747.34153,15753.56756
4/18/2023 11:06,15702.25,15710,15700.25,15710,1053,15747.12838,15753.40429
4/18/2023 11:07,15710,15716,15708.25,15715,1253,15746.91697,15753.23767
4/18/2023 11:08,15715.25,15715.25,15704.25,15706.75,1166,15746.69769,15753.06725
4/18/2023 11:09,15707,15707,15697.75,15699,1306,15746.4071,15752.84587
4/18/2023 11:10,15699,15708.25,15697,15706.5,1060,15746.18773,15752.67678
4/18/2023 11:11,15706.75,15708.75,15700.25,15700.25,698,15746.04168,15752.56419
4/18/2023 11:12,15700,15717.5,15698.25,15717.25,1693,15745.75606,15752.33656
4/18/2023 11:13,15717.25,15719.75,15711,15712.5,1502,15745.53106,15752.15321
4/18/2023 11:14,15713.25,15717,15711.25,15713.5,615,15745.4384,15752.07766
4/18/2023 11:15,15713.75,15714,15708.75,15710,660,15745.33015,15751.99056
4/18/2023 11:16,15710,15710.75,15703.75,15704.5,1000,15745.14575,15751.84465
4/18/2023 11:17,15705,15714.75,15702.75,15714.25,960,15744.98957,15751.71845
4/18/2023 11:18,15714.25,15720.75,15713,15719.75,1099,15744.8498,15751.60022
4/18/2023 11:19,15719.25,15720,15708.75,15709.25,894,15744.71563,15751.49003
4/18/2023 11:20,15709.5,15714.5,15708,15713.75,702,15744.60915,15751.40264
4/18/2023 11:21,15713.5,15718.75,15711.25,15712.75,951,15744.47554,15751.29137
4/18/2023 11:22,15713.25,15714.5,15706.25,15709,978,15744.31983,15751.16432
4/18/2023 11:23,15709,15709,15701.75,15704,1178,15744.10715,15750.9939
4/18/2023 11:24,15703.75,15706.75,15700.5,15702.5,1029,15743.91542,15750.84071
4/18/2023 11:25,15702.5,15702.75,15694.25,15698,1278,15743.65129,15750.6323
4/18/2023 11:26,15698.25,15706.25,15697.25,15704.25,1101,15743.44729,15750.46856
4/18/2023 11:27,15704,15704.25,15699.25,15702,459,15743.3613,15750.39956
4/18/2023 11:28,15702,15709,15698.5,15707,876,15743.20994,15750.27652
4/18/2023 11:29,15707,15707.75,15699,15702,643,15743.09408,15750.18284
4/18/2023 11:30,15702,15711,15700.75,15710.5,968,15742.94032,15750.05586
4/18/2023 11:31,15710.75,15714.75,15704.75,15714.5,1138,15742.78098,15749.92117
4/18/2023 11:32,15714.25,15719.5,15712.5,15719.25,1232,15742.64149,15749.79798
4/18/2023 11:33,15719,15722,15715,15717.25,1121,15742.52079,15749.69009
4/18/2023 11:34,15717.5,15718,15714.75,15715.75,864,15742.42134,15749.60242
4/18/2023 11:35,15715.5,15716.5,15710.5,15711.5,1101,15742.27974,15749.48029
4/18/2023 11:36,15711.5,15719.25,15708.75,15717.75,846,15742.1807,15749.39316
4/18/2023 11:37,15718,15719.5,15715.25,15718,895,15742.08573,15749.30772
4/18/2023 11:38,15718,15718.75,15707.25,15707.75,1493,15741.88838,15749.13796
4/18/2023 11:39,15707.5,15707.75,15697.5,15699.25,1894,15741.56312,15748.86992
4/18/2023 11:40,15698.75,15699.25,15677.75,15679.5,3826,15740.66567,15748.15774
4/18/2023 11:41,15679.25,15686,15676.25,15683.5,2237,15740.12091,15747.72532
4/18/2023 11:42,15683.25,15695.25,15682.75,15694.25,1715,15739.77241,15747.44159
4/18/2023 11:43,15694.5,15698.75,15693,15697.75,976,15739.59928,15747.29763
4/18/2023 11:44,15697.5,15699.5,15692.5,15694,829,15739.44935,15747.1732
4/18/2023 11:45,15694,15696.25,15690.25,15695,736,15739.3126,15747.06004
4/18/2023 11:46,15695.5,15698.5,15690.5,15691.75,682,15739.18591,15746.95512
4/18/2023 11:47,15691.5,15695,15690.25,15693.25,622,15739.06909,15746.85845
4/18/2023 11:48,15693.75,15694,15688.5,15692.25,681,15738.93843,15746.75057
4/18/2023 11:49,15691.75,15697.75,15688.75,15697.25,759,15738.80282,15746.63734
4/18/2023 11:50,15697.25,15700.75,15694.5,15696.5,859,15738.65953,15746.51631
4/18/2023 11:51,15696.25,15697.25,15687.75,15690,904,15738.48961,15746.37522
4/18/2023 11:52,15690,15692.25,15685,15692,673,15738.35876,15746.26699
4/18/2023 11:53,15692,15692,15687,15688.25,376,15738.28496,15746.206
4/18/2023 11:54,15688.75,15691,15684.75,15690.5,629,15738.16116,15746.10365
4/18/2023 11:55,15690.5,15698.25,15686.5,15696.75,930,15737.99797,15745.96635
4/18/2023 11:56,15696.75,15698.75,15692,15692,450,15737.92018,15745.9007
4/18/2023 11:57,15692.25,15694.25,15687,15693,708,15737.79044,15745.7921
4/18/2023 11:58,15693,15693.25,15686.5,15688,559,15737.68375,15745.70326
4/18/2023 11:59,15687.75,15693.5,15687,15692.25,462,15737.59895,15745.6322
4/18/2023 12:00,15692.5,15693.25,15689.75,15691.25,282,15737.5479,15745.58932
4/18/2023 12:01,15691.5,15695,15686.5,15688.75,686,15737.42059,15745.48272
4/18/2023 12:02,15688.5,15701.25,15686.25,15700.25,1177,15737.23046,15745.31993
4/18/2023 12:03,15700.5,15703.75,15697.25,15697.5,986,15737.08623,15745.19421
4/18/2023 12:04,15697.5,15701.5,15696,15700.5,495,15737.01391,15745.13112
4/18/2023 12:05,15699.75,15701.5,15697,15697.75,562,15736.93088,15745.0588
4/18/2023 12:06,15697.5,15704,15697.25,15700.25,526,15736.85704,15744.99387
4/18/2023 12:07,15700.25,15701.25,15696.25,15699.75,496,15736.78498,15744.93086
4/18/2023 12:08,15699.5,15701,15697.25,15698.5,527,15736.70838,15744.86387
4/18/2023 12:09,15698.75,15705.25,15698.75,15703,683,15736.6185,15744.78377
4/18/2023 12:10,15703,15708.75,15701.75,15707.25,911,15736.5118,15744.68637
4/18/2023 12:11,15707.25,15709,15705.25,15709,694,15736.43585,15744.616
4/18/2023 12:12,15708.5,15716.75,15708,15714.5,1445,15736.30816,15744.4914
4/18/2023 12:13,15714.75,15717.75,15711.5,15716.75,876,15736.23886,15744.42172
4/18/2023 12:14,15716.75,15720.5,15716,15716.25,1057,15736.16478,15744.34456
4/18/2023 12:15,15716.5,15718,15714.25,15714.75,456,15736.12973,15744.30903
4/18/2023 12:16,15715,15716.25,15712.25,15713.75,654,15736.07579,15744.25542
4/18/2023 12:17,15714,15719.25,15714,15717.25,654,15736.02883,15744.20687
4/18/2023 12:18,15717.25,15718,15710,15710.75,871,15735.95394,15744.13327
4/18/2023 12:19,15711.25,15711.5,15708.25,15708.75,695,15735.88573,15744.06838
4/18/2023 12:20,15708.5,15715.5,15708.25,15713.75,663,15735.82835,15744.01206
4/18/2023 12:21,15713.5,15715,15711,15712.75,482,15735.78755,15743.97178
4/18/2023 12:22,15712.75,15714,15710,15711.25,472,15735.7457,15743.93096
4/18/2023 12:23,15711.75,15715.25,15710.5,15714,515,15735.70306,15743.88861
4/18/2023 12:24,15714.5,15715.25,15711.25,15711.25,402,15735.66889,15743.85491
4/18/2023 12:25,15711.25,15716.25,15711,15712,525,15735.62539,15743.81172
4/18/2023 12:26,15711.75,15715.75,15709.75,15715.25,581,15735.57851,15743.76484
4/18/2023 12:27,15715,15718.25,15713.5,15717.5,606,15735.5361,15743.72067
4/18/2023 12:28,15717.5,15719.5,15716.25,15717.5,678,15735.49216,15743.67382
4/18/2023 12:29,15717.5,15720.5,15714.25,15720.5,793,15735.44296,15743.62065
4/18/2023 12:30,15720.5,15723.75,15719.5,15722.75,1221,15735.38359,15743.55079
4/18/2023 12:31,15723,15727.25,15722,15725.75,1243,15735.33712,15743.48997
4/18/2023 12:32,15726,15726,15722.25,15723.75,528,15735.3156,15743.46287
4/18/2023 12:33,15723.5,15726,15721.25,15723.25,645,15735.28828,15743.42901
4/18/2023 12:34,15723.5,15723.5,15716.5,15718,927,15735.23542,15743.37042
4/18/2023 12:35,15718,15723.25,15716.25,15722.5,806,15735.19357,15743.32253
4/18/2023 12:36,15722.75,15724,15717,15718.25,583,15735.16155,15743.28661
4/18/2023 12:37,15718.25,15718.5,15712.5,15714,850,15735.10079,15743.22391
4/18/2023 12:38,15713.75,15714.5,15709.5,15711.5,674,15735.04533,15743.16883
4/18/2023 12:39,15711.25,15715.25,15708.5,15709.5,701,15734.98606,15743.11039
4/18/2023 12:40,15709.5,15709.75,15702.75,15703.5,981,15734.88378,15743.01434
4/18/2023 12:41,15703.5,15706.25,15701.75,15703.5,780,15734.79885,15742.93529
4/18/2023 12:42,15704,15707.5,15702.25,15706.5,484,15734.74907,15742.88838
4/18/2023 12:43,15706.75,15708.25,15703,15707.5,618,15734.68755,15742.82998
4/18/2023 12:44,15707.75,15712.25,15706.5,15711.25,734,15734.62442,15742.76795
4/18/2023 12:45,15711,15711.25,15704.25,15704.75,529,15734.57314,15742.71897
4/18/2023 12:46,15704.5,15706.75,15702.75,15705.25,506,15734.52104,15742.66986
4/18/2023 12:47,15705.25,15706.25,15701,15702,668,15734.44831,15742.60208
4/18/2023 12:48,15701.5,15702.25,15693.75,15697.25,1325,15734.28066,15742.45027
4/18/2023 12:49,15697.75,15703.25,15696.75,15702.5,557,15734.21655,15742.39114
4/18/2023 12:50,15702.5,15705.75,15702,15704.5,492,15734.16562,15742.34313
4/18/2023 12:51,15705,15710.25,15702.75,15709.75,939,15734.08015,15742.26017
4/18/2023 12:52,15709.5,15710.25,15697,15699.75,2150,15733.84814,15742.04319
4/18/2023 12:53,15699.5,15699.5,15691.25,15694.75,1106,15733.70326,15741.91251
4/18/2023 12:54,15694.5,15708.75,15694,15706,1318,15733.56645,15741.78338
4/18/2023 12:55,15706.5,15707,15703,15706,530,15733.5161,15741.73491
4/18/2023 12:56,15705.5,15711.25,15699.75,15701.5,1132,15733.40471,15741.62852
4/18/2023 12:57,15702,15705.5,15701.75,15705,359,15733.36946,15741.59482
4/18/2023 12:58,15705.5,15705.75,15701,15704.5,459,15733.32401,15741.55145
4/18/2023 12:59,15704.25,15704.5,15698.75,15703.5,469,15733.27535,15741.50549
4/18/2023 13:00,15703,15703.75,15698.75,15701.25,370,15733.23585,15741.46838
4/18/2023 13:01,15701.75,15703.25,15697.5,15701.25,564,15733.17472,15741.41112
4/18/2023 13:02,15701.25,15703.75,15696.5,15703.25,479,15733.12378,15741.36322
4/18/2023 13:03,15703.5,15704.25,15697.25,15698.5,458,15733.07345,15741.31619
4/18/2023 13:04,15698.5,15704.75,15698.25,15702.25,574,15733.01391,15741.2599
4/18/2023 13:05,15702.25,15705.75,15701.75,15705.5,324,15732.98318,15741.23027
4/18/2023 13:06,15705.75,15708.75,15702.5,15708.75,670,15732.92498,15741.17301
4/18/2023 13:07,15708.75,15710.5,15705.25,15707.25,599,15732.87515,15741.12345
4/18/2023 13:08,15707.5,15713.25,15705.75,15712.75,792,15732.81715,15741.06385
4/18/2023 13:09,15713,15716,15711.5,15715,1111,15732.74932,15740.99042
4/18/2023 13:10,15715,15718,15713.75,15716.75,657,15732.71374,15740.9504
4/18/2023 13:11,15716.75,15717.75,15714,15714.25,579,15732.68093,15740.91406
4/18/2023 13:12,15714.5,15716.25,15711.5,15714.75,756,15732.63541,15740.86461
4/18/2023 13:13,15715,15716,15714,15716,290,15732.61911,15740.84652
4/18/2023 13:14,15715.75,15715.75,15710.25,15714.25,443,15732.59151,15740.81686
4/18/2023 13:15,15714.25,15715.5,15703.25,15706,1278,15732.491,15740.71557
4/18/2023 13:16,15705.5,15706.25,15697.75,15706,1301,15732.36895,15740.5976
4/18/2023 13:17,15706.25,15709.25,15704,15704.5,522,15732.32459,15740.55374
4/18/2023 13:18,15705,15707.25,15700.25,15702.75,618,15732.26732,15740.49822
4/18/2023 13:19,15702.5,15703,15700.75,15702.75,304,15732.23802,15740.47005
4/18/2023 13:20,15702,15705.75,15701.5,15703.5,373,15732.20383,15740.43682
4/18/2023 13:21,15703.25,15704.5,15699.5,15701.75,400,15732.16513,15740.39964
4/18/2023 13:22,15701.5,15705.25,15701.25,15701.5,328,15732.13425,15740.3698
4/18/2023 13:23,15701.75,15703.75,15700.5,15702.5,407,15732.09548,15740.33244
4/18/2023 13:24,15702.25,15706.25,15701.25,15705.75,391,15732.06103,15740.29864
4/18/2023 13:25,15706,15707,15700.5,15702.5,653,15732.00144,15740.24065
4/18/2023 13:26,15701.75,15702,15696.25,15700,589,15731.94059,15740.18296
4/18/2023 13:27,15699.75,15702.5,15698.75,15701.75,357,15731.90561,15740.14943
4/18/2023 13:28,15701.75,15703.5,15697.75,15698.25,395,15731.86553,15740.1113
4/18/2023 13:29,15698.25,15698.75,15693,15695.25,831,15731.77063,15740.02302
4/18/2023 13:30,15695.25,15695.5,15692,15693.75,414,15731.72104,15739.97728
4/18/2023 13:31,15693.5,15694.75,15689,15693.25,973,15731.60066,15739.86685
4/18/2023 13:32,15693.5,15696.75,15691.5,15695,550,15731.53653,15739.80738
4/18/2023 13:33,15695,15698,15694,15695,479,15731.48273,15739.75714
4/18/2023 13:34,15695,15701.75,15694.75,15701,555,15731.42667,15739.70368
4/18/2023 13:35,15700.75,15705.25,15699.75,15703.25,675,15731.3663,15739.64458
4/18/2023 13:36,15703.25,15708.5,15703,15705.5,467,15731.32892,15739.60702
4/18/2023 13:37,15705.5,15711.25,15705.5,15710,615,15731.28608,15739.56241
4/18/2023 13:38,15710,15711.75,15709,15711.75,438,15731.25827,15739.53271
4/18/2023 13:39,15712,15712.5,15707.5,15708.25,456,15731.22739,15739.50032
4/18/2023 13:40,15708.75,15711.75,15707.25,15708,525,15731.19128,15739.4626
4/18/2023 13:41,15708,15710,15705.75,15707.75,420,15731.16096,15739.43134
4/18/2023 13:42,15708.25,15711,15707.25,15708.75,335,15731.13803,15739.40737
4/18/2023 13:43,15708.75,15709.75,15705,15709.5,411,15731.10881,15739.37713
4/18/2023 13:44,15709.5,15714,15708.5,15713,825,15731.0599,15739.32386
4/18/2023 13:45,15712.75,15714.5,15712,15714.5,495,15731.03346,15739.29412
4/18/2023 13:46,15714.25,15716,15711.25,15714.75,715,15730.99614,15739.25184
4/18/2023 13:47,15715,15715.75,15712.5,15715.75,346,15730.97884,15739.23197
4/18/2023 13:48,15716,15719.75,15714,15719.25,1000,15730.93821,15739.18171
4/18/2023 13:49,15719,15723.25,15717.75,15722.75,1111,15730.90547,15739.1354
4/18/2023 13:50,15723,15723.5,15716.5,15717.5,862,15730.87478,15739.09547
4/18/2023 13:51,15717.25,15719,15715,15716.75,503,15730.85351,15739.06962
4/18/2023 13:52,15717,15719,15713.75,15718,723,15730.82306,15739.03257
4/18/2023 13:53,15718,15719,15716.5,15717,382,15730.80769,15739.01356
4/18/2023 13:54,15717.5,15719.75,15716.75,15719,296,15730.7967,15738.99954
4/18/2023 13:55,15719,15721,15718.5,15719,423,15730.78231,15738.9805
4/18/2023 13:56,15719.25,15719.5,15715.25,15716,586,15730.75788,15738.95071
4/18/2023 13:57,15716.5,15718.75,15714.5,15715,460,15730.73761,15738.9265
4/18/2023 13:58,15715.25,15715.5,15710.25,15711,608,15730.70391,15738.88922
4/18/2023 13:59,15711.25,15711.5,15704,15705,870,15730.64183,15738.82524
4/18/2023 14:00,15705.25,15706,15697.5,15700.25,1148,15730.5413,15738.72655
4/18/2023 14:01,15700.5,15707.25,15698.5,15706.25,1079,15730.45625,15738.64103
4/18/2023 14:02,15706,15706.75,15698,15699.5,782,15730.38896,15738.57471
4/18/2023 14:03,15699.5,15701,15695.25,15698,1010,15730.29257,15738.48175
4/18/2023 14:04,15698.5,15701.5,15695.75,15701.5,527,15730.24484,15738.43521
4/18/2023 14:05,15701.5,15704.5,15697.5,15702.75,547,15730.19867,15738.3895
4/18/2023 14:06,15702.75,15704.25,15697.75,15698.75,560,15730.14936,15738.34113
4/18/2023 14:07,15699,15699.5,15690,15692.25,837,15730.06042,15738.25709
4/18/2023 14:08,15691.75,15694.5,15686.25,15689.25,1589,15729.8746,15738.08438
4/18/2023 14:09,15689.75,15691.75,15687.5,15690,695,15729.79336,15738.00884
4/18/2023 14:10,15690.25,15697.75,15688.25,15697,848,15729.70598,15737.92571
4/18/2023 14:11,15697.5,15698,15692.75,15695.5,618,15729.64451,15737.86683
4/18/2023 14:12,15695.25,15700,15695,15699.5,734,15729.57763,15737.80163
4/18/2023 14:13,15699.25,15703.25,15698,15702.25,904,15729.50348,15737.72767
4/18/2023 14:14,15702.25,15705,15701,15703,639,15729.45467,15737.67818
4/18/2023 14:15,15703.25,15709,15702.25,15704.25,1484,15729.35124,15737.57095
4/18/2023 14:16,15704.25,15707.75,15700.5,15706.25,771,15729.29712,15737.51495
4/18/2023 14:17,15706.25,15708.75,15699.25,15701.75,730,15729.24279,15737.45954
4/18/2023 14:18,15701.75,15704.25,15689.25,15691,2103,15729.03727,15737.26188
4/18/2023 14:19,15691,15699,15690.25,15698.5,821,15728.96022,15737.18717
4/18/2023 14:20,15698.25,15700,15695,15699.5,491,15728.91744,15737.14505
4/18/2023 14:21,15699,15703.25,15697.5,15698.5,593,15728.86858,15737.09635
4/18/2023 14:22,15697.75,15703.75,15695,15701,736,15728.80851,15737.03637
4/18/2023 14:23,15701,15705.75,15700.25,15705,421,15728.77871,15737.0056
4/18/2023 14:24,15705,15711,15703.25,15710.5,891,15728.72733,15736.94959
4/18/2023 14:25,15710.75,15712.25,15707.25,15709.75,765,15728.68665,15736.90419
4/18/2023 14:26,15709.75,15713.5,15707.25,15712.25,565,15728.65869,15736.87229
4/18/2023 14:27,15712.25,15718,15712.25,15716.25,1274,15728.61194,15736.8131
4/18/2023 14:28,15716.25,15717.75,15711.25,15711.5,957,15728.57173,15736.76471
4/18/2023 14:29,15711.25,15713.75,15709.75,15713,516,15728.54822,15736.73721
4/18/2023 14:30,15713.25,15713.75,15710.25,15711,324,15728.53305,15736.71963
4/18/2023 14:31,15710.5,15712.75,15706.25,15708.25,733,15728.49358,15736.67584
4/18/2023 14:32,15708.5,15712.75,15706,15712,562,15728.46523,15736.64377
4/18/2023 14:33,15712.5,15713.25,15706,15709,553,15728.43616,15736.61131
4/18/2023 14:34,15709,15710.5,15706,15707.75,300,15728.41932,15736.59286
4/18/2023 14:35,15707,15710.5,15705.25,15709.75,330,15728.40121,15736.5729
4/18/2023 14:36,15709.5,15711.5,15707.75,15710.25,537,15728.37377,15736.54201
4/18/2023 14:37,15709.5,15712.25,15708,15710.25,324,15728.35756,15736.52364
4/18/2023 14:38,15710.25,15714.25,15710,15713.75,637,15728.33013,15736.49102
4/18/2023 14:39,15713.75,15716,15711.25,15715.25,462,15728.3122,15736.4689
4/18/2023 14:40,15715.25,15716.25,15711.5,15713.75,546,15728.29056,15736.44243
4/18/2023 14:41,15713.75,15713.75,15707.5,15707.5,842,15728.24756,15736.39408
4/18/2023 14:42,15707.5,15708.5,15703.5,15704.5,623,15728.20893,15736.35298
4/18/2023 14:43,15704.25,15705.25,15692.5,15693.5,1210,15728.10662,15736.25178
4/18/2023 14:44,15693.5,15699.75,15692.5,15699,798,15728.03951,15736.18533
4/18/2023 14:45,15699,15701,15698,15698,430,15728.0057,15736.15136
4/18/2023 14:46,15698.25,15700.75,15695.75,15696.25,377,15727.97468,15736.1205
4/18/2023 14:47,15696.75,15697.75,15678.25,15678.75,3355,15727.58746,15735.75846
4/18/2023 14:48,15678,15678.25,15665.75,15677.25,3632,15727.06838,15735.28742
4/18/2023 14:49,15677.5,15679,15670,15671.5,1090,15726.91382,15735.14689
4/18/2023 14:50,15671,15677.75,15669.25,15676.25,1002,15726.77496,15735.02017
4/18/2023 14:51,15676.25,15677.5,15665,15666,1462,15726.55475,15734.82131
4/18/2023 14:52,15666,15668.25,15662.75,15667.5,1504,15726.31684,15734.60761
4/18/2023 14:53,15667.5,15672.25,15666,15668.25,833,15726.19168,15734.49441
4/18/2023 14:54,15668,15675.75,15667.75,15673.75,1155,15726.02983,15734.34663
4/18/2023 14:55,15674,15678.25,15673,15673.25,853,15725.91628,15734.24218
4/18/2023 14:56,15673.25,15677.25,15671.5,15674.5,581,15725.8386,15734.17075
4/18/2023 14:57,15674,15680.75,15673.5,15679.5,1021,15725.71191,15734.05297
4/18/2023 14:58,15679.25,15684.25,15678,15683.25,777,15725.6238,15733.96989
4/18/2023 14:59,15683.5,15687.5,15681.75,15683.5,871,15725.53089,15733.88138
4/18/2023 15:00,15683.25,15685.75,15682,15683.75,553,15725.47152,15733.82488
4/18/2023 15:01,15684,15687.75,15682,15686.25,872,15725.38161,15733.73871
4/18/2023 15:02,15686,15687.75,15681.5,15682.5,630,15725.31461,15733.67483
4/18/2023 15:03,15682.75,15687.5,15682,15685.75,451,15725.26813,15733.63027
4/18/2023 15:04,15685.25,15687,15684,15685.25,360,15725.23141,15733.595
4/18/2023 15:05,15685,15694.25,15684,15692.5,1191,15725.1251,15733.49036
4/18/2023 15:06,15692.5,15696.25,15692,15694.25,784,15725.0633,15733.42796
4/18/2023 15:07,15694,15699.75,15693,15698.5,850,15725.00286,15733.36555
4/18/2023 15:08,15698.75,15700.75,15695.25,15697.25,858,15724.94357,15733.30392
4/18/2023 15:09,15697.25,15702.5,15697,15699.75,687,15724.89977,15733.25749
4/18/2023 15:10,15699.75,15701.5,15696,15698.25,586,15724.86079,15733.21662
4/18/2023 15:11,15698.25,15700.25,15697.5,15698.25,612,15724.82034,15733.17413
4/18/2023 15:12,15698.25,15704.25,15697.75,15701.25,1025,15724.7591,15733.10818
4/18/2023 15:13,15700.75,15702.75,15699.5,15701.75,475,15724.73113,15733.07795
4/18/2023 15:14,15702,15703.75,15699.5,15703.25,374,15724.70993,15733.05481
4/18/2023 15:15,15703.25,15704.75,15701.5,15701.5,532,15724.68041,15733.02239
4/18/2023 15:16,15702,15702.75,15696.75,15700.5,866,15724.62691,15732.96531
4/18/2023 15:17,15700.75,15708,15700.5,15707.75,1170,15724.57082,15732.90112
4/18/2023 15:18,15707.75,15708.5,15703.75,15706,728,15724.5373,15732.8623
4/18/2023 15:19,15706,15707,15703.25,15704,550,15724.51023,15732.83159
4/18/2023 15:20,15703.75,15708,15703.25,15707,476,15724.48843,15732.80632
4/18/2023 15:21,15706.75,15711.25,15706.25,15711,716,15724.46182,15732.77325
4/18/2023 15:22,15711,15712.25,15708.75,15709.75,672,15724.43817,15732.7433
4/18/2023 15:23,15709.75,15711,15707,15709,647,15724.41348,15732.71294
4/18/2023 15:24,15708.75,15710.25,15703.75,15704,737,15724.37999,15732.67408
4/18/2023 15:25,15703.75,15705.75,15702,15704.5,846,15724.33771,15732.62642
4/18/2023 15:26,15704.5,15705.5,15695.75,15696,1252,15724.26009,15732.54388
4/18/2023 15:27,15695.5,15699.25,15691.5,15695.75,1042,15724.18671,15732.46817
4/18/2023 15:28,15696,15702.5,15695.5,15699.75,843,15724.13534,15732.41333
4/18/2023 15:29,15699.75,15700.5,15694.25,15695.5,592,15724.09578,15732.37204
4/18/2023 15:30,15695.5,15699.25,15693.25,15697.5,646,15724.05261,15732.32698
4/18/2023 15:31,15697.75,15697.75,15691,15692,799,15723.99342,15732.2666
4/18/2023 15:32,15692,15696.25,15691,15694.25,701,15723.9421,15732.21412
4/18/2023 15:33,15694.25,15696.75,15691,15692.75,703,15723.89024,15732.16118
4/18/2023 15:34,15692.25,15701.5,15692.25,15700.5,649,15723.84972,15732.11822
4/18/2023 15:35,15700.75,15704.75,15700,15702.75,859,15723.80544,15732.06888
4/18/2023 15:36,15703,15707.75,15700,15700.75,1074,15723.7512,15732.00811
4/18/2023 15:37,15700.5,15703,15699,15700,393,15723.72937,15731.98429
4/18/2023 15:38,15699.75,15704,15697.75,15703.5,558,15723.6999,15731.95169
4/18/2023 15:39,15703.5,15705,15701.5,15703.75,356,15723.68257,15731.93208
4/18/2023 15:40,15703.25,15704.75,15699.5,15700.75,410,15723.66092,15731.90815
4/18/2023 15:41,15701.25,15702,15697,15700.5,728,15723.61939,15731.86317
4/18/2023 15:42,15700.25,15708.25,15700,15707.5,873,15723.58108,15731.81849
4/18/2023 15:43,15707.25,15708.25,15700.5,15704,684,15723.54954,15731.78227
4/18/2023 15:44,15703.75,15708.25,15703.5,15706.25,537,15723.52709,15731.75571
4/18/2023 15:45,15706.5,15709.5,15703.5,15708.25,702,15723.49964,15731.72252
4/18/2023 15:46,15708.25,15711.25,15706.25,15707.75,865,15723.46868,15731.68396
4/18/2023 15:47,15707.5,15710,15704.5,15706,486,15723.44951,15731.66088
4/18/2023 15:48,15705.75,15709.25,15704.75,15705.25,488,15723.42983,15731.63736
4/18/2023 15:49,15705,15709,15703.25,15707.75,485,15723.41061,15731.61426
4/18/2023 15:50,15707.75,15709.25,15704,15705.75,429,15723.3933,15731.59359
4/18/2023 15:51,15705.75,15708.5,15692,15701.25,1779,15723.29782,15731.4888
4/18/2023 15:52,15701,15709.25,15700.75,15708.25,1250,15723.24734,15731.42862
4/18/2023 15:53,15708.25,15710.5,15704.75,15705.5,844,15723.21507,15731.38948
4/18/2023 15:54,15705.75,15709.75,15702.25,15705.25,988,15723.17477,15731.34165
4/18/2023 15:55,15705.25,15716.75,15704,15716,2032,15723.12316,15731.26867
4/18/2023 15:56,15716,15719.75,15712,15718.75,1493,15723.1014,15731.22824
4/18/2023 15:57,15719.25,15722.5,15716.5,15718.75,1650,15723.08674,15731.19127
4/18/2023 15:58,15718.75,15720.25,15715.75,15719.75,1022,15723.07614,15731.16722
4/18/2023 15:59,15720,15724.5,15720,15723.75,1831,15723.07477,15731.13855
4/18/2023 16:00,15723.75,15724.75,15712,15714.25,5964,15722.99282,15730.98342
4/18/2023 16:01,15714.25,15717.5,15678.5,15679.75,5220,15722.63018,15730.6118
4/18/2023 16:02,15680.5,15683.5,15672.75,15682.75,2771,15722.36568,15730.35584
4/18/2023 16:03,15682.75,15683.5,15670.75,15674.75,1727,15722.18973,15730.1872
4/18/2023 16:04,15675.25,15686.5,15674.5,15682.75,1443,15722.05939,15730.0599
4/18/2023 16:05,15683.25,15690.5,15682.75,15687.5,930,15721.98744,15729.98768
4/18/2023 16:06,15688,15690.75,15680.75,15685,655,15721.93489,15729.9353
4/18/2023 16:07,15685.25,15688.75,15683.25,15688.75,333,15721.90928,15729.90956
4/18/2023 16:08,15688.75,15689.5,15684.75,15687,391,15721.87939,15729.8795
4/18/2023 16:09,15687,15693.25,15685.75,15692.75,536,15721.84261,15729.84172
4/18/2023 16:10,15693.25,15697,15691,15691.25,820,15721.791,15729.78774
4/18/2023 16:11,15691,15693.75,15689,15691.5,448,15721.76125,15729.75698
4/18/2023 16:12,15691.5,15694.75,15691,15693.5,311,15721.74176,15729.73658
4/18/2023 16:13,15693.5,15698,15692.25,15697.25,637,15721.70575,15729.698
4/18/2023 16:14,15697,15700,15694.25,15697.5,494,15721.67942,15729.66939
4/18/2023 16:15,15697.25,15698.75,15695.75,15697.75,245,15721.66647,15729.65529
4/18/2023 16:16,15698.5,15699.75,15694.75,15696.25,345,15721.64788,15729.63515
4/18/2023 16:17,15696.25,15698,15695,15697.75,228,15721.63562,15729.62185
4/18/2023 16:18,15697.25,15697.75,15695.25,15696,241,15721.62236,15729.60756
4/18/2023 16:19,15696.25,15697.25,15694.5,15697,120,15721.61574,15729.60043
4/18/2023 16:20,15696.75,15697.25,15694.25,15695.75,89,15721.61073,15729.59507
4/18/2023 16:21,15696,15700,15696,15700,149,15721.60331,15729.58686
4/18/2023 16:22,15700,15702.25,15697.75,15698,254,15721.59102,15729.57319
4/18/2023 16:23,15698,15700.25,15698,15698.75,43,15721.58891,15729.57085
4/18/2023 16:24,15699.25,15700,15695.25,15696.75,270,15721.5747,15729.55537
4/18/2023 16:25,15697.25,15698.25,15696.75,15698.25,75,15721.57082,15729.55112
4/18/2023 16:26,15698,15698.5,15696.75,15697.25,77,15721.5668,15729.54674
4/18/2023 16:27,15696.75,15697.5,15696.5,15697,68,15721.56318,15729.5428
4/18/2023 16:28,15697,15699.5,15695.75,15699.5,217,15721.55221,15729.53073
4/18/2023 16:29,15699.75,15703.75,15698,15702.75,233,15721.54209,15729.51913
4/18/2023 16:30,15702.75,15709.25,15702.5,15707.5,414,15721.52853,15729.50215
4/18/2023 16:31,15707.5,15708.75,15705.75,15708.25,153,15721.52391,15729.4962
4/18/2023 16:32,15708,15709.5,15707,15708,167,15721.51909,15729.48988
4/18/2023 16:33,15708,15708.75,15707,15708.25,141,15721.51496,15729.48451
4/18/2023 16:34,15708.5,15709,15705,15705.75,120,15721.51109,15729.47963
4/18/2023 16:35,15705.5,15708,15704.5,15707,157,15721.50599,15729.47324
4/18/2023 16:36,15707,15708.25,15706,15707.25,109,15721.50262,15729.46893
4/18/2023 16:37,15707.25,15708.5,15706,15707,64,15721.50063,15729.4664
4/18/2023 16:38,15707.25,15711.25,15707.25,15710.25,270,15721.49369,15729.45689
4/18/2023 16:39,15710.25,15713.5,15709.75,15713,206,15721.4895,15729.45055
4/18/2023 16:40,15713,15714.75,15709.5,15711,172,15721.48589,15729.44516
4/18/2023 16:41,15710.75,15713,15710.5,15711.5,55,15721.48472,15729.44343
4/18/2023 16:42,15711.5,15712.5,15710.75,15712.25,83,15721.48299,15729.44084
4/18/2023 16:43,15712.25,15713,15709.25,15710,172,15721.47901,15729.43515
4/18/2023 16:44,15709.75,15711.25,15709.25,15710.5,107,15721.47644,15729.43154
4/18/2023 16:45,15710.75,15712.75,15710.75,15712,70,15721.47499,15729.42936
4/18/2023 16:46,15711.75,15712.5,15710,15711,87,15721.47305,15729.42655
4/18/2023 16:47,15710.75,15712,15710.75,15711.75,46,15721.47207,15729.42509
4/18/2023 16:48,15711.25,15713.5,15710,15712.5,159,15721.46882,15729.42019
4/18/2023 16:49,15712.75,15715.25,15712.75,15713.25,181,15721.46581,15729.41518
4/18/2023 16:50,15712.75,15713.75,15712.75,15713.5,49,15721.46495,15729.41379
4/18/2023 16:51,15713,15713,15710.25,15712,241,15721.45992,15729.40627
4/18/2023 16:52,15712.5,15714.25,15705.25,15706.5,339,15721.45059,15729.39386
4/18/2023 16:53,15706.25,15711.25,15706.25,15710,217,15721.44486,15729.38611
4/18/2023 16:54,15710.75,15712.5,15708.75,15709.75,187,15721.4404,15729.37983
4/18/2023 16:55,15709.75,15710.75,15708,15710.75,93,15721.43808,15729.37662
4/18/2023 16:56,15710.25,15713.5,15709.75,15712.5,137,15721.43528,15729.3724
4/18/2023 16:57,15712.75,15714,15712.5,15713.25,85,15721.43378,15729.36999
4/18/2023 16:58,15713.5,15716.25,15713.25,15714.75,166,15721.4314,15729.36571
4/18/2023 16:59,15714.25,15715,15710.5,15712.75,283,15721.42613,15729.35742
4/18/2023 17:00,15712.25,15713.25,15710.5,15711.75,103,15721.42401,15729.35424
4/18/2023 18:01,15695.25,15705.75,15695.25,15705,369,0,15702
4/18/2023 18:02,15705.25,15706.75,15704.25,15705,70,0,15702.53151
4/18/2023 18:03,15705.5,15706,15703.75,15703.75,31,0,15702.66135
4/18/2023 18:04,15703.5,15704.5,15702.5,15703.25,50,0,15702.73397
4/18/2023 18:05,15703.25,15703.5,15701.5,15701.5,43,0,15702.69065
4/18/2023 18:06,15701.5,15702.75,15700.5,15702.25,82,0,15702.58165
4/18/2023 18:07,15702.25,15704.5,15702,15702.5,60,0,15702.61726
4/18/2023 18:08,15702.25,15703.5,15702.25,15703.25,61,0,15702.64774
4/18/2023 18:09,15703.5,15704.25,15701.5,15702,102,0,15702.64017
4/18/2023 18:10,15702,15703.75,15700,15700.25,164,0,15702.43249
4/18/2023 18:11,15700.25,15702.25,15700.25,15700.5,49,0,15702.36756
4/18/2023 18:12,15700,15702.75,15699.75,15701.75,32,0,15702.34022
4/18/2023 18:13,15700.75,15701.5,15700.75,15701.5,20,0,15702.32098
4/18/2023 18:14,15701.25,15702,15701,15702,5,0,15702.3181
4/18/2023 18:15,15702.25,15703.25,15702,15703.25,16,0,15702.32525
4/18/2023 18:16,15703.25,15703.25,15699.5,15701.75,210,0,15702.19819
4/18/2023 18:17,15701.25,15701.25,15697.5,15699.25,138,0,15701.93498
4/18/2023 18:18,15699.5,15699.5,15696.5,15696.5,60,0,15701.76462
4/18/2023 18:19,15697,15698.75,15696.5,15697,57,0,15701.61154
4/18/2023 18:20,15697,15697.5,15696.25,15696.25,25,0,15701.53634
4/18/2023 18:21,15696.5,15697.25,15696,15697.25,36,0,15701.43557
4/18/2023 18:22,15697.25,15697.25,15697,15697.25,4,0,15701.42543
4/18/2023 18:23,15698,15698.75,15698,15698.25,18,0,15701.39272
4/18/2023 18:24,15698.5,15698.5,15696.5,15697.75,30,0,15701.32674
4/18/2023 18:25,15697.75,15697.75,15697,15697.25,9,0,15701.3061
4/18/2023 18:26,15697.75,15698.75,15696.75,15697.5,41,0,15701.22236
4/18/2023 18:27,15697.5,15698.75,15697.25,15698.5,8,0,15701.20871
4/18/2023 18:28,15698.75,15699.5,15698,15699.25,16,0,15701.1884
4/18/2023 18:29,15699.25,15700,15699.25,15699.75,11,0,15701.17919
4/18/2023 18:30,15700,15700,15699.25,15699.75,12,0,15701.16926
4/18/2023 18:31,15699.5,15699.75,15698.5,15698.5,23,0,15701.14129
4/18/2023 18:32,15698.5,15699.5,15698.5,15699.5,14,0,15701.12647
4/18/2023 18:33,15699.5,15699.5,15698.75,15699.5,18,0,15701.10855
4/18/2023 18:34,15699.25,15700.25,15698.75,15700,31,0,15701.0852
4/18/2023 18:35,15699.75,15701,15698,15698.5,78,0,15701.01012
4/18/2023 18:36,15698.5,15699,15698.5,15698.5,3,0,15701.0066
4/18/2023 18:37,15698.75,15699.25,15698.75,15699.25,7,0,15700.99988
4/18/2023 18:38,15699.25,15699.75,15699.25,15699.75,8,0,15700.99424
4/18/2023 18:39,15700.25,15700.5,15698.75,15700.5,57,0,15700.96454
4/18/2023 18:40,15700,15700.5,15700,15700.5,3,0,15700.96362
4/18/2023 18:41,15700.75,15700.75,15700.25,15700.5,7,0,15700.96206
4/18/2023 18:42,15700,15701.75,15700,15701.75,49,0,15700.96678
4/18/2023 18:43,15701.5,15701.5,15700.75,15701,12,0,15700.96743
4/18/2023 18:44,15700.75,15701,15699.75,15699.75,25,0,15700.95818
4/18/2023 18:45,15699.5,15700.25,15698,15698,65,0,15700.89379
4/18/2023 18:46,15698,15699.25,15697.25,15698.5,69,0,15700.81691
4/18/2023 18:47,15698.25,15699.25,15698.25,15698.75,19,0,15700.79996
4/18/2023 18:48,15699,15700.5,15699,15700.5,31,0,15700.7894
4/18/2023 18:49,15700.75,15701.25,15700.5,15700.5,10,0,15700.78923
4/18/2023 18:50,15701,15701.5,15700.25,15700.25,23,0,15700.78804
4/18/2023 18:51,15700.5,15700.75,15700.25,15700.5,7,0,15700.7872
4/18/2023 18:52,15700.75,15701.75,15700.75,15701.75,14,0,15700.79087
4/18/2023 18:53,15701.75,15701.75,15700.75,15700.75,16,0,15700.7928
4/18/2023 18:54,15701.25,15703.25,15701.25,15703,63,0,15700.83615
4/18/2023 18:55,15703.25,15704,15702.75,15703.75,36,0,15700.87426
4/18/2023 18:56,15704,15704.75,15704,15704.25,42,0,15700.93103
4/18/2023 18:57,15704.75,15705,15704.25,15704.75,5,0,15700.93831
4/18/2023 18:58,15705,15705.5,15704.75,15705.25,21,0,15700.97266
4/18/2023 18:59,15705.25,15705.5,15705.25,15705.25,5,0,15700.98108
4/18/2023 19:00,15705,15706.75,15705,15705,96,0,15701.14557
4/18/2023 19:01,15705.5,15706.75,15704.75,15705.25,59,0,15701.24095
4/18/2023 19:02,15704.75,15705.5,15703.5,15705,57,0,15701.31064
4/18/2023 19:03,15705.25,15705.5,15704.25,15705,12,0,15701.32602
4/18/2023 19:04,15704.75,15705.75,15704.75,15705.75,11,0,15701.34195
4/18/2023 19:05,15705.5,15705.75,15704.5,15704.75,29,0,15701.37912
4/18/2023 19:06,15704.75,15704.75,15704.25,15704.25,9,0,15701.38867
4/18/2023 19:07,15704,15704.75,15704,15704.5,15,0,15701.40445
4/18/2023 19:08,15705,15705.75,15705,15705.25,10,0,15701.41805
4/18/2023 19:09,15705.25,15706,15705.25,15705.25,13,0,15701.43634
4/18/2023 19:10,15704.5,15705,15704,15704.25,14,0,15701.45066
4/18/2023 19:11,15703.75,15703.75,15702,15702,40,0,15701.46599
4/18/2023 19:12,15702,15704.25,15702,15704,19,0,15701.47845
4/18/2023 19:13,15703.25,15703.75,15703.25,15703.75,10,0,15701.48551
4/18/2023 19:14,15704.5,15704.75,15704.5,15704.75,4,0,15701.48976
4/18/2023 19:15,15704.25,15705,15703.75,15704,21,0,15701.50903
4/18/2023 19:16,15704.25,15705,15703,15704.5,36,0,15701.54045
4/18/2023 19:17,15704.5,15704.75,15703.75,15703.75,16,0,15701.55374
4/18/2023 19:18,15704.25,15704.25,15703,15703.75,11,0,15701.56131
4/18/2023 19:20,15704,15704.5,15704,15704.5,3,0,15701.56401
4/18/2023 19:21,15704.75,15704.75,15703.5,15703.75,11,0,15701.57269
4/18/2023 19:22,15703.5,15703.5,15701.75,15702.75,24,0,15701.58114
4/18/2023 19:23,15702.75,15702.75,15702,15702,11,0,15701.58349
4/18/2023 19:24,15702,15702,15700,15700.5,54,0,15701.57073
4/18/2023 19:25,15701,15701.75,15700.75,15701.75,17,0,15701.56991
4/18/2023 19:26,15701.25,15701.25,15700.25,15700.25,33,0,15701.55982
4/18/2023 19:27,15700.75,15701.25,15700,15700.75,25,0,15701.55295
4/18/2023 19:28,15700.25,15700.75,15698.25,15698.75,62,0,15701.50984
4/18/2023 19:29,15699,15699.75,15698.75,15699.25,36,0,15701.48554
4/18/2023 19:30,15699.75,15700.25,15699,15699.5,39,0,15701.46364
4/18/2023 19:31,15699.25,15699.25,15698,15698.5,37,0,15701.43251
4/18/2023 19:32,15698.75,15700.75,15698.5,15700.75,34,0,15701.41843
4/18/2023 19:33,15700.5,15700.75,15698.75,15699.75,45,0,15701.39699
4/18/2023 19:34,15699.75,15700.25,15699,15699,19,0,15701.38631
4/18/2023 19:35,15699.25,15699.25,15697.75,15699,37,0,15701.35804
4/18/2023 19:36,15699.5,15701,15698.5,15700.75,49,0,15701.34072
4/18/2023 19:37,15701.25,15701.75,15700.5,15700.5,19,0,15701.3385
4/18/2023 19:38,15700.75,15700.75,15699.75,15699.75,16,0,15701.33299
4/18/2023 19:39,15700.5,15701.5,15700.25,15700.75,19,0,15701.3304
4/18/2023 19:40,15700.75,15701,15700.75,15701,3,0,15701.33006
4/18/2023 19:41,15701.25,15702.75,15701.25,15702.75,25,0,15701.33629
4/18/2023 19:42,15702.75,15702.75,15701.5,15701.5,10,0,15701.33786
4/18/2023 19:43,15701.5,15701.5,15700,15700.5,9,0,15701.33623
4/18/2023 19:44,15700.5,15700.75,15700.5,15700.5,8,0,15701.33461
4/18/2023 19:45,15700.75,15700.75,15700,15700.25,20,0,15701.32925
4/18/2023 19:46,15700,15700,15699,15699.75,26,0,15701.31719
4/18/2023 19:47,15699,15700,15699,15700,20,0,15701.30846
4/18/2023 19:48,15700.75,15701.25,15700,15701.25,13,0,15701.30684
4/18/2023 19:49,15701.5,15702.25,15700.75,15700.75,12,0,15701.30666
4/18/2023 19:50,15700.25,15701.25,15699.75,15701,20,0,15701.30331
4/18/2023 19:51,15701.25,15701.5,15699.5,15699.5,6,0,15701.30153
4/18/2023 19:52,15700.5,15701,15700.25,15700.75,21,0,15701.29808
4/18/2023 19:53,15700.25,15701.25,15700.25,15701,24,0,15701.2952
4/18/2023 19:54,15700.75,15700.75,15700,15700.5,14,0,15701.29204
4/18/2023 19:55,15700.75,15700.75,15700,15700,25,0,15701.28539
4/18/2023 19:56,15700.5,15701,15700,15700.75,34,0,15701.27935
4/18/2023 19:57,15701,15701.25,15700.25,15700.25,20,0,15701.27585
4/18/2023 19:58,15700,15700.5,15699.5,15699.5,36,0,15701.26289
4/18/2023 19:59,15699.5,15699.5,15698.75,15699.25,33,0,15701.24577
4/18/2023 20:00,15699,15700.5,15698.5,15699.75,45,0,15701.22746
4/18/2023 20:01,15699,15702.25,15697.5,15702.25,133,0,15701.20979
4/18/2023 20:02,15702.75,15703.5,15701.5,15703.25,68,0,15701.23422
4/18/2023 20:03,15703.25,15704.75,15700.25,15700.25,151,0,15701.25177
4/18/2023 20:04,15700.5,15700.75,15699.5,15700,42,0,15701.24081
4/18/2023 20:05,15700.25,15700.25,15698.5,15698.75,51,0,15701.21746
4/18/2023 20:06,15699,15699.25,15698,15698.75,43,0,15701.19348
4/18/2023 20:07,15698,15699.25,15697.75,15699.25,32,0,15701.17651
4/18/2023 20:08,15699.25,15701,15698.75,15700.75,32,0,15701.16954
4/18/2023 20:09,15701.25,15704,15701.25,15704,53,0,15701.19116
4/18/2023 20:10,15703.75,15704,15702.5,15703,21,0,15701.19997
4/18/2023 20:11,15702.25,15705,15702.25,15704.75,64,0,15701.23749
4/18/2023 20:12,15704.75,15710.25,15704.5,15708.75,183,0,15701.48089
4/18/2023 20:13,15708.25,15708.25,15706.25,15707.5,43,0,15701.5312
4/18/2023 20:14,15707,15708.5,15706.75,15707.25,56,0,15701.59729
4/18/2023 20:15,15707.25,15708,15706.75,15707,37,0,15701.63834
4/18/2023 20:16,15707.5,15709,15707,15707,49,0,15701.69576
4/18/2023 20:17,15707,15707.75,15705.5,15707.75,67,0,15701.76396
4/18/2023 20:18,15707,15707,15705.75,15706.25,21,0,15701.7823
4/18/2023 20:19,15706,15707.5,15705.5,15706.75,26,0,15701.80604
4/18/2023 20:20,15706.75,15706.75,15703.25,15704.25,55,0,15701.83652
4/18/2023 20:21,15704,15705.75,15703.25,15703.25,55,0,15701.85954
4/18/2023 20:22,15703.25,15704.75,15701.75,15704.75,46,0,15701.8756
4/18/2023 20:23,15704.25,15705.5,15704,15705,28,0,15701.89082
4/18/2023 20:24,15704.75,15705.75,15704.5,15704.5,22,0,15701.903
4/18/2023 20:25,15705,15706,15704.75,15705.25,44,0,15701.9304
4/18/2023 20:26,15705,15705.5,15702.75,15703,37,0,15701.94255
4/18/2023 20:27,15703,15704.75,15702.5,15704.75,31,0,15701.95398
4/18/2023 20:28,15704.5,15704.5,15702.75,15702.75,16,0,15701.95793
4/18/2023 20:29,15703.25,15704.5,15703,15704,48,0,15701.97389
4/18/2023 20:30,15703.75,15704.5,15703,15703.75,16,0,15701.97892
4/18/2023 20:31,15703.75,15705,15703.75,15704.75,27,0,15701.99089
4/18/2023 20:32,15705,15705.5,15703.5,15703.75,84,0,15702.0238
4/18/2023 20:33,15704.25,15705.75,15703.5,15705.25,38,0,15702.04219
4/18/2023 20:34,15704.75,15705.5,15704.5,15705,13,0,15702.0488
4/18/2023 20:35,15704.5,15706,15704.5,15705.25,20,0,15702.05977
4/18/2023 20:36,15705.25,15705.5,15704.75,15704.75,11,0,15702.0653
4/18/2023 20:37,15704.25,15705,15703,15703.25,28,0,15702.07332
4/18/2023 20:38,15703,15703,15702,15702.5,32,0,15702.07563
4/18/2023 20:39,15702,15702.75,15701.25,15702.25,58,0,15702.07571
4/18/2023 20:40,15701.75,15702,15700,15700.75,52,0,15702.06569
4/18/2023 20:41,15701,15701.5,15699.75,15701.5,51,0,15702.05604
4/18/2023 20:42,15701,15701.5,15700.5,15701.5,18,0,15702.05341
4/18/2023 20:43,15701.5,15702.75,15701,15702.25,27,0,15702.05318
4/18/2023 20:44,15702.75,15703.25,15702.25,15703,27,0,15702.0566
4/18/2023 20:45,15702.5,15703.25,15702,15703.25,9,0,15702.05774
4/18/2023 20:46,15703,15703.75,15702.25,15703.75,31,0,15702.06372
4/18/2023 20:47,15703.75,15705.25,15703.75,15705,50,0,15702.0846
4/18/2023 20:48,15704.75,15705.75,15704.5,15704.5,18,0,15702.09276
4/18/2023 20:49,15704.75,15704.75,15703,15704,19,0,15702.09829
4/18/2023 20:50,15704.25,15704.5,15703,15703,12,0,15702.10097
4/18/2023 20:51,15703,15704.5,15703,15703.75,42,0,15702.11192
4/18/2023 20:52,15703.5,15705.5,15703.5,15704.75,65,0,15702.13707
4/18/2023 20:53,15705.25,15706.5,15704.5,15704.5,41,0,15702.15639
4/18/2023 20:54,15704.75,15705.25,15703.5,15705,74,0,15702.184
4/18/2023 20:55,15704.75,15704.75,15702.25,15702.75,48,0,15702.19182
4/18/2023 20:56,15702.75,15702.75,15702,15702.25,46,0,15702.1928
4/18/2023 20:57,15702.75,15704,15702.75,15703.75,17,0,15702.19616
4/18/2023 20:58,15703.5,15704.75,15703.5,15704.25,21,0,15702.2024
4/18/2023 20:59,15704.25,15704.25,15703.25,15703.25,12,0,15702.20489
4/18/2023 21:00,15703.5,15704.25,15703.25,15704.25,12,0,15702.20798
4/18/2023 21:01,15703.75,15704.25,15703,15703.25,31,0,15702.21396
4/18/2023 21:02,15703.75,15704.5,15702.5,15704,32,0,15702.22088
4/18/2023 21:03,15703.75,15703.75,15701,15701.75,44,0,15702.22053
4/18/2023 21:04,15701.25,15701.75,15701,15701.75,33,0,15702.21703
4/18/2023 21:05,15701.75,15703.25,15701.5,15703,20,0,15702.2181
4/18/2023 21:06,15703.75,15705,15703.25,15704.75,28,0,15702.22675
4/18/2023 21:07,15704.75,15705.5,15704.5,15705.25,26,0,15702.23756
4/18/2023 21:08,15705.25,15706.25,15705,15705.25,28,0,15702.2508
4/18/2023 21:09,15705,15707,15705,15706,54,0,15702.27991
4/18/2023 21:10,15706.25,15706.75,15705.75,15705.75,20,0,15702.29081
4/18/2023 21:11,15705.75,15705.75,15704.25,15704.75,28,0,15702.30131
4/18/2023 21:12,15705,15707.25,15705,15705.5,36,0,15702.3198
4/18/2023 21:13,15706,15706,15704,15704.75,24,0,15702.32863
4/18/2023 21:14,15704.25,15705.25,15704,15704.5,13,0,15702.33277
4/18/2023 21:15,15705.25,15705.5,15704,15705.5,14,0,15702.33803
4/18/2023 21:16,15705.25,15706.75,15705.25,15706.75,36,0,15702.3578
4/18/2023 21:17,15706.75,15707.25,15705.5,15705.5,30,0,15702.37342
4/18/2023 21:18,15706.5,15706.5,15706.25,15706.5,8,0,15702.37793
4/18/2023 21:19,15706.25,15711.5,15706.25,15710.5,149,0,15702.52134
4/18/2023 21:20,15710.25,15710.75,15709.25,15709.25,30,0,15702.55088
4/18/2023 21:21,15708.75,15710.25,15708.25,15709,40,0,15702.58672
4/18/2023 21:22,15708.75,15708.75,15707,15707.5,56,0,15702.62559
4/18/2023 21:23,15707.5,15707.5,15703.75,15704.75,77,0,15702.65333
4/18/2023 21:24,15705.25,15705.5,15699.25,15699.75,159,0,15702.62944
4/18/2023 21:25,15699.75,15702,15699.75,15701.25,39,0,15702.6212
4/18/2023 21:26,15700.75,15701.75,15700,15700,41,0,15702.61042
4/18/2023 21:27,15700.25,15700.75,15699.25,15700.5,41,0,15702.59757
4/18/2023 21:28,15700.5,15701.5,15699,15701.25,33,0,15702.58908
4/18/2023 21:29,15701.25,15701.75,15699,15699,48,0,15702.5728
4/18/2023 21:30,15699.5,15700.25,15698.75,15698.75,38,0,15702.55684
4/18/2023 21:31,15698.75,15699.25,15696.5,15697.25,127,0,15702.47962
4/18/2023 21:32,15698,15699,15697,15697.25,59,0,15702.44517
4/18/2023 21:33,15697.25,15698.25,15695.75,15696.75,84,0,15702.38843
4/18/2023 21:34,15696.75,15697.75,15696.5,15696.5,23,0,15702.3731
4/18/2023 21:35,15696,15696.75,15695.5,15696.25,56,0,15702.33104
4/18/2023 21:36,15695.75,15695.75,15692,15695.75,176,0,15702.16774
4/18/2023 21:37,15695.25,15696.5,15694.75,15696.25,40,0,15702.13786
4/18/2023 21:38,15696.75,15697.5,15696.5,15697.25,33,0,15702.11827
4/18/2023 21:39,15696.75,15697.25,15694.5,15695.25,38,0,15702.0896
4/18/2023 21:40,15695.5,15695.5,15693.75,15695,55,0,15702.04269
4/18/2023 21:41,15695,15697.75,15693.75,15694.25,118,0,15701.95082
4/18/2023 21:42,15694.5,15694.5,15692.25,15693.25,101,0,15701.85219
4/18/2023 21:43,15693,15694.5,15692.5,15694.25,37,0,15701.81836
4/18/2023 21:44,15693.75,15694.75,15693,15694.5,42,0,15701.78188
4/18/2023 21:45,15694.25,15695.75,15694,15695.5,35,0,15701.75565
4/18/2023 21:46,15696,15697,15694,15695.75,125,0,15701.67053
4/18/2023 21:47,15695.25,15695.25,15692,15692.75,67,0,15701.60935
4/18/2023 21:48,15693,15694.25,15692.25,15692.75,51,0,15701.562
4/18/2023 21:49,15693,15694.25,15692.25,15694.25,51,0,15701.51792
4/18/2023 21:50,15694.25,15695.25,15693.75,15695,32,0,15701.49426
4/18/2023 21:51,15694.75,15696.25,15694,15694.5,63,0,15701.44984
4/18/2023 21:52,15694.25,15694.25,15692.5,15692.75,42,0,15701.41271
4/18/2023 21:53,15692.5,15694.5,15692,15694.5,53,0,15701.36914
4/18/2023 21:54,15694.5,15696,15694,15695.5,68,0,15701.3247
4/18/2023 21:55,15695.25,15695.75,15693.75,15694.25,39,0,15701.29711
4/18/2023 21:56,15695,15695.75,15694.5,15695,11,0,15701.28995
4/18/2023 21:57,15695,15695,15692.75,15692.75,36,0,15701.26067
4/18/2023 21:58,15693,15694.25,15692.75,15693.75,34,0,15701.23351
4/18/2023 21:59,15693.5,15693.5,15691.75,15692.25,36,0,15701.20092
4/18/2023 22:00,15692,15694,15691.25,15693.5,129,0,15701.0916
4/18/2023 22:01,15693.25,15694,15692,15692.5,51,0,15701.04874
4/18/2023 22:02,15692.25,15692.5,15689.25,15689.5,94,0,15700.94801
4/18/2023 22:03,15689.25,15689.75,15688,15688,92,0,15700.8344
4/18/2023 22:04,15688,15689,15687.5,15689,49,0,15700.77433
4/18/2023 22:05,15689.5,15689.75,15688.25,15688.25,26,0,15700.74334
4/18/2023 22:06,15688,15689.75,15686.75,15688.5,57,0,15700.67362
4/18/2023 22:07,15688,15689,15687.5,15687.75,15,0,15700.65503
4/18/2023 22:08,15687.5,15689.75,15687.25,15689.5,37,0,15700.61213
4/18/2023 22:09,15689.25,15691.5,15689,15690.25,70,0,15700.54148
4/18/2023 22:10,15689.75,15690,15688.5,15689.25,29,0,15700.50968
4/18/2023 22:11,15689.25,15689.5,15688.25,15688.25,35,0,15700.46956
4/18/2023 22:12,15688.5,15689.25,15688.5,15689.25,21,0,15700.44629
4/18/2023 22:13,15689,15689,15687.5,15688,48,0,15700.38962
4/18/2023 22:14,15687.5,15689.5,15687,15689.25,66,0,15700.31516
4/18/2023 22:15,15689.5,15690.25,15689,15690,21,0,15700.29401
4/18/2023 22:16,15690,15690,15688.5,15688.75,16,0,15700.27693
4/18/2023 22:17,15689.25,15691.25,15689.25,15690.25,69,0,15700.21149
4/18/2023 22:18,15690.25,15690.75,15689.5,15689.75,31,0,15700.18163
4/18/2023 22:19,15689.25,15690.5,15689,15689.75,44,0,15700.13852
4/18/2023 22:20,15689.25,15690,15689.25,15689.5,22,0,15700.11676
4/18/2023 22:21,15689.75,15691.5,15689.25,15691.5,28,0,15700.09224
4/18/2023 22:22,15691.25,15692.5,15691,15692.25,75,0,15700.03532
4/18/2023 22:23,15692,15693.75,15691.5,15693.25,38,0,15700.01
4/18/2023 22:24,15693,15693,15692,15693,34,0,15699.98697
4/18/2023 22:25,15693.25,15693.75,15691.75,15692,43,0,15699.9574
4/18/2023 22:26,15692.25,15693.75,15692,15693.75,30,0,15699.93874
4/18/2023 22:27,15693.25,15694.75,15692.75,15694,37,0,15699.91812
4/18/2023 22:28,15694.25,15695.75,15694,15695.5,47,0,15699.89746
4/18/2023 22:29,15695,15696,15694.25,15694.25,47,0,15699.87592
4/18/2023 22:30,15694.5,15695.75,15693.5,15695.5,34,0,15699.86071
4/18/2023 22:31,15695.5,15696,15695,15695.25,57,0,15699.83796
4/18/2023 22:32,15695.25,15695.5,15694.25,15695.5,45,0,15699.81883
4/18/2023 22:33,15694.75,15695.75,15694.75,15695.25,26,0,15699.80824
4/18/2023 22:34,15695.5,15695.5,15694.75,15694.75,19,0,15699.8001
4/18/2023 22:35,15695.25,15695.5,15694.75,15695.5,24,0,15699.7904
4/18/2023 22:36,15695,15697.75,15695,15696.5,62,0,15699.77191
4/18/2023 22:37,15696.25,15696.25,15695,15695,23,0,15699.76308
4/18/2023 22:38,15694.75,15696,15694.75,15695.25,24,0,15699.75372
4/18/2023 22:39,15695.25,15695.5,15695,15695.5,6,0,15699.75139
4/18/2023 22:40,15696,15697.75,15695.75,15696.75,36,0,15699.74191
4/18/2023 22:41,15696.5,15696.5,15695.5,15696,29,0,15699.73242
4/18/2023 22:42,15695.5,15696.25,15695.25,15695.25,36,0,15699.7194
4/18/2023 22:43,15695.5,15697.25,15695.25,15697.25,21,0,15699.71366
4/18/2023 22:44,15697.25,15697.25,15695.75,15696.25,23,0,15699.70708
4/18/2023 22:45,15696.5,15697.25,15695.5,15695.5,28,0,15699.69829
4/18/2023 22:46,15695.75,15697,15695.5,15696.25,28,0,15699.68994
4/18/2023 22:47,15696.25,15696.75,15696,15696.25,16,0,15699.6853
4/18/2023 22:48,15695.75,15696.25,15695.5,15696.25,7,0,15699.68308
4/18/2023 22:49,15697,15698.25,15697,15698,29,0,15699.67825
4/18/2023 22:50,15697.5,15698.75,15697.25,15698.75,36,0,15699.67384
4/18/2023 22:51,15698.25,15698.25,15696.5,15698,51,0,15699.66474
4/18/2023 22:52,15698.5,15699,15696.75,15697,35,0,15699.65853
4/18/2023 22:53,15697,15697,15696.25,15696.25,15,0,15699.6545
4/18/2023 22:54,15696.5,15697.5,15696.5,15696.75,13,0,15699.65148
4/18/2023 22:55,15696.75,15697,15695.5,15696,27,0,15699.64351
4/18/2023 22:56,15696.25,15696.5,15695.5,15696.25,25,0,15699.63598
4/18/2023 22:57,15696.25,15697,15696,15696.75,17,0,15699.63159
4/18/2023 22:58,15696.75,15697,15696.75,15696.75,10,0,15699.62923
4/18/2023 22:59,15696.5,15697,15696.25,15697,11,0,15699.62656
4/18/2023 23:00,15696.75,15696.75,15694.5,15695.25,39,0,15699.61304
4/18/2023 23:01,15695.5,15696,15694.75,15695.75,39,0,15699.5996
4/18/2023 23:02,15696,15697,15696,15696.25,36,0,15699.59003
4/18/2023 23:03,15696,15696,15694.5,15694.5,15,0,15699.58429
4/18/2023 23:04,15694.25,15694.5,15693,15694,58,0,15699.55661
4/18/2023 23:05,15694,15695.25,15694,15695.25,18,0,15699.54956
4/18/2023 23:06,15695,15695.25,15694.25,15694.5,18,0,15699.54229
4/18/2023 23:07,15694.5,15694.5,15692.25,15693.25,136,0,15699.47319
4/18/2023 23:08,15693.5,15693.5,15692.25,15693.5,33,0,15699.45598
4/18/2023 23:09,15693.75,15694.25,15693.75,15693.75,19,0,15699.4474
4/18/2023 23:10,15693.75,15694.5,15693.25,15694.5,13,0,15699.44172
4/18/2023 23:11,15694.5,15694.5,15693.25,15694,38,0,15699.42469
4/18/2023 23:12,15694.25,15694.5,15692.75,15693.25,24,0,15699.41317
4/18/2023 23:13,15693.75,15693.75,15693,15693.25,7,0,15699.40973
4/18/2023 23:14,15693,15693.75,15693,15693.5,13,0,15699.40343
4/18/2023 23:15,15693.75,15693.75,15693.25,15693.5,11,0,15699.39818
4/18/2023 23:16,15693.25,15693.25,15692.5,15693,21,0,15699.3872
4/18/2023 23:17,15692,15692,15691.5,15691.75,19,0,15699.37552
4/18/2023 23:18,15692,15692.5,15691.75,15692.5,11,0,15699.36921
4/18/2023 23:19,15692.75,15693.5,15690,15692.5,228,0,15699.23646
4/18/2023 23:20,15692.5,15694.25,15692.25,15693.75,72,0,15699.20354
4/18/2023 23:21,15693.5,15693.75,15690.75,15690.75,43,0,15699.17845
4/18/2023 23:22,15691.25,15691.5,15690.5,15691.25,28,0,15699.16074
4/18/2023 23:23,15691.75,15692.25,15691.75,15692,7,0,15699.15683
4/18/2023 23:24,15692.25,15692.75,15691,15691,30,0,15699.13913
4/18/2023 23:25,15691.75,15692.5,15691.75,15692.5,15,0,15699.13109
4/18/2023 23:26,15692.5,15692.75,15692.5,15692.75,4,0,15699.12908
4/18/2023 23:27,15692.5,15694.25,15692.5,15694,32,0,15699.11531
4/18/2023 23:28,15694,15694.75,15693.75,15694.75,43,0,15699.09968
4/18/2023 23:29,15694.75,15694.75,15694.25,15694.75,9,0,15699.09654
4/18/2023 23:30,15695,15695.75,15695,15695.25,32,0,15699.08726
4/18/2023 23:31,15695,15695.75,15693.75,15694.75,49,0,15699.07094
4/18/2023 23:32,15694.75,15695.75,15694.75,15695.25,23,0,15699.0642
4/18/2023 23:33,15695.75,15696.75,15695.5,15695.75,29,0,15699.0574
4/18/2023 23:34,15695.5,15696.25,15695.25,15696.25,18,0,15699.05308
4/18/2023 23:35,15696,15697,15695.25,15696.5,59,0,15699.04051
4/18/2023 23:36,15696.25,15697,15695.75,15696.75,22,0,15699.03626
4/18/2023 23:37,15696.75,15698,15696.5,15697.25,36,0,15699.0314
4/18/2023 23:38,15697.5,15697.5,15696.25,15696.25,16,0,15699.02853
4/18/2023 23:39,15696.25,15696.5,15695.25,15696,24,0,15699.0229
4/18/2023 23:40,15695.5,15695.5,15694.5,15694.75,15,0,15699.01825
4/18/2023 23:41,15695,15695,15694.25,15695,15,0,15699.01343
4/18/2023 23:42,15695.5,15696,15695.5,15695.5,17,0,15699.00915
4/18/2023 23:43,15695.5,15695.5,15694.75,15694.75,6,0,15699.00734
4/18/2023 23:44,15694.75,15694.75,15694.5,15694.5,3,0,15699.00635
4/18/2023 23:45,15694.5,15695.75,15694.25,15695.75,27,0,15698.99874
4/18/2023 23:46,15695.25,15696,15695,15695.25,21,0,15698.9931
4/18/2023 23:47,15696,15696.5,15695.5,15696.25,15,0,15698.98984
4/18/2023 23:48,15696.75,15696.75,15695.5,15695.5,18,0,15698.98571
4/18/2023 23:49,15695.25,15695.5,15694.5,15694.5,17,0,15698.98044
4/18/2023 23:50,15694,15694.5,15693.25,15693.75,14,0,15698.97507
4/18/2023 23:51,15694,15694.5,15694,15694.25,10,0,15698.97155
4/18/2023 23:52,15694,15694.25,15693.5,15693.5,10,0,15698.96766
4/18/2023 23:53,15693.75,15693.75,15692.25,15692.5,17,0,15698.95991
4/18/2023 23:54,15692.75,15693,15692.25,15692.25,32,0,15698.94458
4/18/2023 23:55,15692,15692.75,15691.75,15692.5,31,0,15698.92942
4/18/2023 23:56,15692.25,15693,15692.25,15692.75,16,0,15698.92201
4/18/2023 23:57,15693,15693.75,15693,15693.25,19,0,15698.91418
4/18/2023 23:58,15693.25,15695.25,15693.25,15695,28,0,15698.90507
4/18/2023 23:59,15694.5,15695.5,15694.5,15695.5,30,0,15698.89683
4/19/2023 0:00,15695.5,15696,15694.5,15696,37,0,15698.88762
4/19/2023 0:01,15695.75,15696.25,15695.5,15695.5,15,0,15698.88418
4/19/2023 0:02,15695.5,15695.75,15694.75,15695,29,0,15698.8763
4/19/2023 0:03,15694.75,15695.5,15694.25,15694.5,49,0,15698.86159
4/19/2023 0:04,15694.5,15694.5,15693.5,15693.75,21,0,15698.85404
4/19/2023 0:05,15694,15694,15693,15693.75,37,0,15698.8399
4/19/2023 0:06,15693.5,15694,15693.5,15693.75,5,0,15698.83806
4/19/2023 0:07,15693.75,15693.75,15692.75,15692.75,17,0,15698.83098
4/19/2023 0:08,15692.75,15693.25,15692.5,15693.25,27,0,15698.81961
4/19/2023 0:09,15693,15693,15692.5,15693,8,0,15698.81615
4/19/2023 0:10,15692.5,15692.5,15691.25,15691.5,31,0,15698.80038
4/19/2023 0:11,15691.75,15692.75,15691.5,15692.5,38,0,15698.7825
4/19/2023 0:12,15692.25,15693.25,15692.25,15693.25,18,0,15698.77493
4/19/2023 0:13,15693,15693.5,15693,15693,12,0,15698.7701
4/19/2023 0:14,15692.75,15693,15691.75,15692,49,0,15698.74729
4/19/2023 0:15,15692.25,15692.5,15691.25,15691.25,33,0,15698.73064
4/19/2023 0:16,15691.5,15692.5,15691,15691.25,25,0,15698.71793
4/19/2023 0:17,15691.25,15692,15690.75,15691.75,34,0,15698.70052
4/19/2023 0:18,15692,15692,15691.5,15691.5,11,0,15698.69503
4/19/2023 0:19,15691.25,15692,15691.25,15692,24,0,15698.68323
4/19/2023 0:20,15691.75,15692.25,15689.75,15690.75,113,0,15698.62161
4/19/2023 0:21,15691,15692.5,15691,15692.25,18,0,15698.61315
4/19/2023 0:22,15692,15692,15691.25,15691.75,12,0,15698.60731
4/19/2023 0:23,15692.5,15693.25,15692.25,15693.25,11,0,15698.60293
4/19/2023 0:24,15693,15694,15692.5,15692.5,46,0,15698.58494
4/19/2023 0:25,15692.25,15692.75,15692.25,15692.75,10,0,15698.58075
4/19/2023 0:26,15693,15694,15693,15693,17,0,15698.57454
4/19/2023 0:27,15693.25,15693.25,15692.25,15692.75,19,0,15698.56684
4/19/2023 0:28,15693,15693.5,15692.5,15693.25,22,0,15698.55846
4/19/2023 0:29,15693.25,15693.5,15693.25,15693.25,10,0,15698.55483
4/19/2023 0:30,15693.5,15694.25,15693.25,15693.25,17,0,15698.54898
4/19/2023 0:31,15693.25,15694.5,15692.5,15693.75,72,0,15698.52431
4/19/2023 0:32,15693.5,15693.5,15690.5,15691.5,94,0,15698.4812
4/19/2023 0:33,15691.5,15692.25,15691,15691.25,69,0,15698.44834
4/19/2023 0:34,15691.25,15693,15691,15692.75,71,0,15698.41847
4/19/2023 0:35,15692.5,15692.75,15691.5,15691.5,14,0,15698.41229
4/19/2023 0:36,15691.25,15692.25,15691.25,15692,12,0,15698.40694
4/19/2023 0:37,15692,15692,15690.5,15691.25,9,0,15698.40258
4/19/2023 0:38,15691.25,15691.25,15690.25,15690.25,22,0,15698.39095
4/19/2023 0:39,15690.25,15690.5,15690.25,15690.5,4,0,15698.38879
4/19/2023 0:40,15690.25,15690.75,15689.5,15690.75,26,0,15698.37465
4/19/2023 0:41,15691,15691,15690,15690.5,12,0,15698.36828
4/19/2023 0:42,15690,15690.75,15690,15690.25,9,0,15698.36341
4/19/2023 0:43,15690,15690.25,15689.75,15689.75,15,0,15698.35488
4/19/2023 0:44,15689.5,15690.75,15689.5,15690.75,28,0,15698.33978
4/19/2023 0:45,15691,15691.25,15691,15691.25,9,0,15698.33545
4/19/2023 0:46,15690.5,15690.5,15689.75,15690,21,0,15698.32383
4/19/2023 0:47,15690.25,15690.25,15689.75,15689.75,13,0,15698.3165
4/19/2023 0:48,15689,15690,15689,15689.75,15,0,15698.30773
4/19/2023 0:49,15690,15690.5,15690,15690.25,10,0,15698.30234
4/19/2023 0:50,15690,15690.5,15690,15690.5,10,0,15698.29702
4/19/2023 0:51,15690.25,15690.25,15689.5,15690,6,0,15698.29366
4/19/2023 0:52,15690.5,15691.5,15690.5,15691.25,29,0,15698.27971
4/19/2023 0:53,15691.5,15692.5,15691.25,15692.25,17,0,15698.2726
4/19/2023 0:54,15692,15692,15691,15691.75,19,0,15698.26414
4/19/2023 0:55,15691.75,15692,15691.5,15691.5,6,0,15698.26151
4/19/2023 0:56,15691.25,15691.75,15691.25,15691.25,6,0,15698.25878
4/19/2023 0:57,15691.25,15691.25,15690.25,15690.5,18,0,15698.24971
4/19/2023 0:58,15690.5,15690.75,15690,15690,5,0,15698.24705
4/19/2023 0:59,15690,15690,15687.75,15688.75,45,0,15698.21902
4/19/2023 1:00,15689,15689.5,15688.75,15689.25,19,0,15698.20765
4/19/2023 1:01,15689.25,15691,15689,15690.75,119,0,15698.14554
4/19/2023 1:02,15690.75,15692,15689.5,15690.25,56,0,15698.11787
4/19/2023 1:03,15690,15690.5,15688.5,15688.75,93,0,15698.06431
4/19/2023 1:04,15688.5,15689.25,15688.25,15689.25,31,0,15698.04593
4/19/2023 1:05,15689,15689.5,15686.75,15686.75,83,0,15697.99039
4/19/2023 1:06,15686.75,15687.25,15686,15686.75,102,0,15697.91641
4/19/2023 1:07,15686.75,15687.25,15684.25,15685,224,0,15697.74079
4/19/2023 1:08,15684.75,15685,15682.75,15683.25,105,0,15697.64809
4/19/2023 1:09,15683.75,15685,15683.25,15684.5,30,0,15697.62293
4/19/2023 1:10,15684.25,15684.25,15683.75,15684,29,0,15697.59824
4/19/2023 1:11,15684,15684.75,15683.75,15684.5,29,0,15697.57424
4/19/2023 1:12,15684.75,15687.5,15684.75,15687.25,99,0,15697.50627
4/19/2023 1:13,15687.5,15688.75,15686.75,15688.75,63,0,15697.4696
4/19/2023 1:14,15688.75,15689.5,15688.25,15689.25,48,0,15697.44457
4/19/2023 1:15,15689,15689.75,15688,15688,35,0,15697.42551
4/19/2023 1:16,15688,15690.5,15688,15690.25,46,0,15697.40341
4/19/2023 1:17,15689.75,15690.25,15689.75,15690,12,0,15697.39797
4/19/2023 1:18,15689.75,15690.5,15689.75,15690,25,0,15697.38679
4/19/2023 1:19,15689.75,15689.75,15688,15688.5,23,0,15697.37467
4/19/2023 1:20,15688,15689.25,15688,15689,14,0,15697.3673
4/19/2023 1:21,15689.25,15690.75,15689,15689.5,30,0,15697.35339
4/19/2023 1:22,15689.25,15689.75,15689,15689,6,0,15697.35043
4/19/2023 1:23,15689.25,15689.75,15689.25,15689.75,13,0,15697.34429
4/19/2023 1:24,15689.75,15690.5,15689.25,15690,35,0,15697.32851
4/19/2023 1:25,15690,15690.25,15689,15689.5,21,0,15697.31866
4/19/2023 1:26,15689.5,15690.5,15688.75,15689.5,15,0,15697.31163
4/19/2023 1:27,15689.5,15690.25,15689.5,15689.75,9,0,15697.30756
4/19/2023 1:28,15690,15690,15687.75,15688,34,0,15697.28964
4/19/2023 1:29,15687.75,15688.25,15686.5,15687,63,0,15697.25159
4/19/2023 1:30,15686.75,15687,15685.75,15685.75,34,0,15697.22896
4/19/2023 1:31,15685.75,15686.25,15685,15686.25,26,0,15697.2112
4/19/2023 1:32,15686.25,15686.75,15683.75,15684.25,59,0,15697.16787
4/19/2023 1:33,15683.75,15686.5,15683.75,15685.75,54,0,15697.12981
4/19/2023 1:34,15686,15687.75,15686,15687.5,31,0,15697.1113
4/19/2023 1:35,15687.25,15687.25,15687,15687,8,0,15697.10654
4/19/2023 1:36,15686.75,15687,15683.5,15684.5,223,0,15696.94825
4/19/2023 1:37,15684.75,15685.25,15683.5,15684,31,0,15696.92521
4/19/2023 1:38,15684.25,15684.75,15683.25,15683.75,26,0,15696.90545
4/19/2023 1:39,15683.25,15685.25,15683.25,15684,36,0,15696.87871
4/19/2023 1:40,15684,15684,15683,15683.75,19,0,15696.86399
4/19/2023 1:41,15683.5,15684.25,15680.5,15681.25,85,0,15696.79076
4/19/2023 1:42,15681,15682.25,15680.5,15681.75,58,0,15696.73953
4/19/2023 1:43,15681.75,15682.25,15681.75,15681.75,10,0,15696.73097
4/19/2023 1:44,15681.5,15683.75,15681.25,15683.75,34,0,15696.70391
4/19/2023 1:45,15683.5,15683.75,15683.25,15683.25,15,0,15696.69243
4/19/2023 1:46,15683.25,15683.25,15682.25,15682.75,11,0,15696.68361
4/19/2023 1:47,15682,15682.75,15682,15682.75,27,0,15696.66161
4/19/2023 1:48,15682.5,15684.25,15682.5,15684,18,0,15696.6481
4/19/2023 1:49,15684,15685.25,15683.5,15684.25,79,0,15696.59253
4/19/2023 1:50,15684,15684.25,15683.5,15683.75,10,0,15696.58524
4/19/2023 1:51,15684,15684.25,15683.25,15684,13,0,15696.57578
4/19/2023 1:52,15683.75,15683.75,15683.25,15683.75,13,0,15696.56615
4/19/2023 1:53,15684.5,15685,15684.5,15684.5,26,0,15696.54854
4/19/2023 1:54,15684.5,15684.75,15684,15684.5,27,0,15696.52992
4/19/2023 1:55,15684.5,15684.75,15684,15684.25,13,0,15696.52092
4/19/2023 1:56,15684.75,15685.5,15681.75,15682,96,0,15696.44805
4/19/2023 1:57,15681.75,15682.5,15681.5,15682,23,0,15696.4293
4/19/2023 1:58,15681.75,15682.75,15681.5,15681.5,47,0,15696.39093
4/19/2023 1:59,15681.25,15682.25,15680.5,15682.25,61,0,15696.34056
4/19/2023 2:00,15681.75,15682.5,15680.75,15681.25,89,0,15696.26687
4/19/2023 2:01,15681,15682.5,15679.25,15680.5,289,0,15696.02064
4/19/2023 2:02,15680,15682.75,15678.25,15682.25,170,0,15695.88249
4/19/2023 2:03,15682.5,15682.5,15681.5,15681.5,42,0,15695.85047
4/19/2023 2:04,15681.5,15681.5,15677.5,15679.25,138,0,15695.72829
4/19/2023 2:05,15679.5,15679.5,15678.5,15679,85,0,15695.65204
4/19/2023 2:06,15678.75,15678.75,15673.75,15677.25,302,0,15695.34813
4/19/2023 2:07,15676.75,15677,15675.5,15676.25,50,0,15695.29787
4/19/2023 2:08,15675.25,15675.5,15671,15672,183,0,15695.08355
4/19/2023 2:09,15672,15674.5,15671.25,15673.75,127,0,15694.9394
4/19/2023 2:10,15673.25,15673.25,15663.75,15667,393,0,15694.40203
4/19/2023 2:11,15667,15672,15667,15668.25,218,0,15694.12495
4/19/2023 2:12,15667.5,15669.5,15666.25,15666.75,118,0,15693.96816
4/19/2023 2:13,15666.5,15666.75,15659.75,15662.5,302,0,15693.50836
4/19/2023 2:14,15662,15664.25,15660.25,15662.5,157,0,15693.26957
4/19/2023 2:15,15662.75,15662.75,15658.5,15659.25,147,0,15693.03385
4/19/2023 2:16,15659,15661.75,15655.25,15656,222,0,15692.65757
4/19/2023 2:17,15656.5,15657.25,15650.75,15653.75,340,0,15692.03643
4/19/2023 2:18,15653.75,15654.25,15647.75,15651.25,239,0,15691.58001
4/19/2023 2:19,15651.75,15652.5,15647.75,15650.5,245,0,15691.11317
4/19/2023 2:20,15650.5,15651.5,15648.75,15651.25,198,0,15690.74578
4/19/2023 2:21,15652,15653.5,15651.25,15651.5,218,0,15690.36451
4/19/2023 2:22,15651.75,15652.75,15650.5,15652.25,121,0,15690.15475
4/19/2023 2:23,15652.5,15652.5,15646.75,15648.75,199,0,15689.79252
4/19/2023 2:24,15648.75,15650.25,15645,15645.75,145,0,15689.51761
4/19/2023 2:25,15646.25,15647.25,15643.25,15643.75,155,0,15689.21228
4/19/2023 2:26,15643.5,15643.75,15638.75,15638.75,289,0,15688.59955
4/19/2023 2:27,15638.75,15638.75,15634.75,15637.5,414,0,15687.68777
4/19/2023 2:28,15637.25,15643,15636.5,15642.75,166,0,15687.35754
4/19/2023 2:29,15642.25,15646,15642.25,15646,153,0,15687.08304
4/19/2023 2:30,15646.25,15647.25,15643.25,15644,118,0,15686.87414
4/19/2023 2:31,15643.5,15645.25,15642.25,15645,185,0,15686.54564
4/19/2023 2:32,15644.75,15648.75,15644,15648.75,189,0,15686.2386
4/19/2023 2:33,15648.5,15649.5,15647,15647,119,0,15686.05098
4/19/2023 2:34,15647.75,15647.75,15645.75,15646.25,52,0,15685.9669
4/19/2023 2:35,15645.75,15650.25,15645.75,15649.75,123,0,15685.77948
4/19/2023 2:36,15650.25,15651.5,15647.75,15648.75,138,0,15685.57563
4/19/2023 2:37,15648.25,15652,15647.5,15650.75,116,0,15685.40953
4/19/2023 2:38,15650.75,15652.5,15650.75,15651.5,87,0,15685.29123
4/19/2023 2:39,15651.75,15651.75,15648.25,15650,54,0,15685.21478
4/19/2023 2:40,15650,15651.5,15649,15650.5,50,0,15685.14496
4/19/2023 2:41,15650.25,15652.75,15650.25,15651.25,84,0,15685.03192
4/19/2023 2:42,15650.75,15653,15650.5,15651.75,64,0,15684.94715
4/19/2023 2:43,15651.75,15652,15650.25,15652,48,0,15684.88321
4/19/2023 2:44,15652.25,15653.5,15652,15652,71,0,15684.79214
4/19/2023 2:45,15651.75,15652,15648.25,15649.5,64,0,15684.70395
4/19/2023 2:46,15649.75,15652,15649.75,15650.5,68,0,15684.61298
4/19/2023 2:47,15650.25,15650.5,15647.5,15649,79,0,15684.50246
4/19/2023 2:48,15648.75,15649.75,15648.5,15648.75,48,0,15684.43564
4/19/2023 2:49,15649.25,15649.5,15647.25,15649,50,0,15684.3655
4/19/2023 2:50,15648.5,15652.25,15648,15652.25,47,0,15684.30394
4/19/2023 2:51,15651.75,15652.5,15650.75,15652.25,69,0,15684.21666
4/19/2023 2:52,15652,15654.75,15651.75,15654,104,0,15684.09272
4/19/2023 2:53,15654.25,15655.5,15653.5,15654.75,63,0,15684.02077
4/19/2023 2:54,15654,15654.25,15651,15651.75,146,0,15683.84272
4/19/2023 2:55,15651.75,15651.75,15650.5,15650.5,39,0,15683.79338
4/19/2023 2:56,15650.25,15653.75,15650,15651.75,71,0,15683.70642
4/19/2023 2:57,15651.75,15652.25,15650.5,15651.5,48,0,15683.64713
4/19/2023 2:58,15651.25,15652.25,15650,15651,69,0,15683.56141
4/19/2023 2:59,15650.75,15652.75,15650.75,15651.5,36,0,15683.51766
4/19/2023 3:00,15651.5,15652.75,15648.5,15648.75,100,0,15683.39044
4/19/2023 3:01,15648.75,15652,15647.5,15649.5,312,0,15682.99576
4/19/2023 3:02,15649.25,15650.5,15643.75,15646.5,310,0,15682.58104
4/19/2023 3:03,15646.75,15654.25,15646.75,15654.25,239,0,15682.31022
4/19/2023 3:04,15654.25,15654.5,15651,15651.25,134,0,15682.1629
4/19/2023 3:05,15651.25,15651.75,15649.25,15649.75,89,0,15682.05935
4/19/2023 3:06,15649.5,15653,15648,15648,80,0,15681.96516
4/19/2023 3:07,15648.25,15654.75,15648.25,15651.5,132,0,15681.81968
4/19/2023 3:08,15651.25,15658.5,15651,15657,252,0,15681.58191
4/19/2023 3:09,15657.25,15657.75,15648.25,15648.25,247,0,15681.31716
4/19/2023 3:10,15648.5,15651.5,15646.5,15651.25,179,0,15681.11764
4/19/2023 3:11,15651.75,15652,15649.75,15649.75,95,0,15681.01528
4/19/2023 3:12,15649.5,15649.75,15645.5,15648.75,160,0,15680.83042
4/19/2023 3:13,15648.5,15649.5,15646.5,15648.5,78,0,15680.74151
4/19/2023 3:14,15649,15652.5,15648.75,15650.25,173,0,15680.56002
4/19/2023 3:15,15650,15651.5,15647,15649.25,98,0,15680.45394
4/19/2023 3:16,15649.5,15653,15649.5,15653,65,0,15680.38977
4/19/2023 3:17,15653,15659,15653,15657.75,250,0,15680.18622
4/19/2023 3:18,15658.25,15660,15655.5,15659.25,111,0,15680.10326
4/19/2023 3:19,15659.25,15660.75,15656.25,15657.25,131,0,15680.00542
4/19/2023 3:20,15657,15659.25,15654.75,15655.25,83,0,15679.9392
4/19/2023 3:21,15655.5,15663,15655.5,15661.25,169,0,15679.8254
4/19/2023 3:22,15660.75,15661,15659.25,15659.75,97,0,15679.76093
4/19/2023 3:23,15660.25,15664.75,15659.25,15661.5,142,0,15679.676
4/19/2023 3:24,15661,15662.5,15660.5,15660.75,75,0,15679.63001
4/19/2023 3:25,15661,15661.75,15657.5,15658,80,0,15679.57545
4/19/2023 3:26,15658.25,15659.25,15656.5,15658,124,0,15679.48667
4/19/2023 3:27,15658.25,15659,15657,15657.5,64,0,15679.44096
4/19/2023 3:28,15657.5,15657.75,15655.75,15656.75,76,0,15679.38422
4/19/2023 3:29,15656.75,15658,15655.25,15655.5,83,0,15679.32121
4/19/2023 3:30,15655,15657,15654.75,15657,53,0,15679.28115
4/19/2023 3:31,15656.75,15657.75,15655.5,15657.75,43,0,15679.24981
4/19/2023 3:32,15658,15659.25,15655,15655,90,0,15679.18279
4/19/2023 3:33,15654.75,15655,15652.5,15653,120,0,15679.08267
4/19/2023 3:34,15653,15655.75,15652.75,15653.5,73,0,15679.02332
4/19/2023 3:35,15653.25,15654.5,15652.5,15653.5,66,0,15678.96884
4/19/2023 3:36,15653.75,15654.25,15650.75,15653,97,0,15678.88659
4/19/2023 3:37,15653,15653,15649.75,15649.75,124,0,15678.77488
4/19/2023 3:38,15650,15652,15648.75,15649.25,93,0,15678.6892
4/19/2023 3:39,15649,15649,15646,15646.25,132,0,15678.55619
4/19/2023 3:40,15646.75,15647,15644.25,15646,113,0,15678.43843
4/19/2023 3:41,15645.75,15646,15643.5,15644.75,112,0,15678.31899
4/19/2023 3:42,15644,15644.25,15639.75,15640.5,189,0,15678.10003
4/19/2023 3:43,15640.5,15641.25,15635.5,15641,299,0,15677.73792
4/19/2023 3:44,15641.25,15643.5,15638,15638,118,0,15677.599
4/19/2023 3:45,15637.75,15642.25,15637.75,15640.5,95,0,15677.48887
4/19/2023 3:46,15640.25,15643.75,15639.75,15640.75,177,0,15677.29223
4/19/2023 3:47,15640.5,15642.75,15638,15638.5,111,0,15677.16433
4/19/2023 3:48,15638,15642.75,15638,15642.75,118,0,15677.03442
4/19/2023 3:49,15642.75,15646,15642,15646,138,0,15676.89839
4/19/2023 3:50,15646.25,15646.5,15643.75,15644.75,100,0,15676.80154
4/19/2023 3:51,15645.5,15647.5,15642.75,15646.5,98,0,15676.70892
4/19/2023 3:52,15646.25,15647.5,15644.75,15645,59,0,15676.65373
4/19/2023 3:53,15645,15648.25,15645,15647.5,69,0,15676.59185
4/19/2023 3:54,15647.5,15648.75,15646,15648.5,115,0,15676.49218
4/19/2023 3:55,15648.75,15653.5,15648,15652.25,183,0,15676.35413
4/19/2023 3:56,15651.75,15655.5,15651.75,15654.5,210,0,15676.21418
4/19/2023 3:57,15654.25,15656.5,15652.5,15653.75,179,0,15676.09803
4/19/2023 3:58,15654.75,15657.25,15654.25,15656,87,0,15676.04608
4/19/2023 3:59,15655.75,15658.25,15655.75,15657.5,75,0,15676.00445
4/19/2023 4:00,15657.5,15657.5,15653.25,15654,90,0,15675.94879
4/19/2023 4:01,15654,15655.25,15652.5,15653.75,215,0,15675.81023
4/19/2023 4:02,15654,15655.5,15652.75,15655,111,0,15675.74126
4/19/2023 4:03,15655,15655.75,15653,15654.5,71,0,15675.69737
4/19/2023 4:04,15654.75,15657,15651.75,15656.5,154,0,15675.60576
4/19/2023 4:05,15656.75,15658,15655.5,15657.5,75,0,15675.56557
4/19/2023 4:06,15657.5,15664.75,15656.75,15663.75,330,0,15675.43552
4/19/2023 4:07,15664,15664,15657.25,15658.25,170,0,15675.36023
4/19/2023 4:08,15658,15658,15648.75,15650.25,459,0,15675.06405
4/19/2023 4:09,15651,15652.75,15649.75,15650.25,118,0,15674.98447
4/19/2023 4:10,15650.75,15653.25,15648.75,15649,210,0,15674.84073
4/19/2023 4:11,15649.5,15650.25,15646,15646.25,236,0,15674.66273
4/19/2023 4:12,15647,15647.5,15642,15642.75,261,0,15674.44413
4/19/2023 4:13,15642.75,15642.75,15626.5,15628.25,1019,0,15673.30528
4/19/2023 4:14,15628.25,15631.25,15623.25,15630.25,824,0,15672.33731
4/19/2023 4:15,15630.5,15632.25,15628.75,15631.25,276,0,15672.04018
4/19/2023 4:16,15631,15631.75,15627.25,15627.5,218,0,15671.79772
4/19/2023 4:17,15627.5,15631,15625,15631,244,0,15671.53059
4/19/2023 4:18,15630.75,15634.5,15629.75,15633,200,0,15671.3315
4/19/2023 4:19,15632.75,15639.25,15632.75,15637,286,0,15671.07859
4/19/2023 4:20,15636.75,15637.75,15634.75,15636.25,88,0,15671.00133
4/19/2023 4:21,15636.5,15640,15636.5,15639.25,137,0,15670.88974
4/19/2023 4:22,15639.25,15642,15638.5,15641.75,156,0,15670.77208
4/19/2023 4:23,15641.5,15642,15636.25,15638,143,0,15670.65789
4/19/2023 4:24,15637.75,15640.5,15637,15638.5,96,0,15670.58149
4/19/2023 4:25,15638.25,15641,15638.25,15639.25,90,0,15670.51206
4/19/2023 4:26,15638.25,15641,15637.25,15639,85,0,15670.44589
4/19/2023 4:27,15639.75,15642,15639.25,15641.75,68,0,15670.39638
4/19/2023 4:28,15641.5,15641.75,15639.25,15639.25,64,0,15670.34848
4/19/2023 4:29,15639.25,15644.5,15638.75,15644.5,201,0,15670.21138
4/19/2023 4:30,15644.75,15646.25,15642.25,15642.75,119,0,15670.13425
4/19/2023 4:31,15643.25,15646.25,15642.75,15643,114,0,15670.06147
4/19/2023 4:32,15643.25,15648.25,15641.25,15647.75,145,0,15669.97567
4/19/2023 4:33,15647.75,15647.75,15643.25,15644,89,0,15669.92168
4/19/2023 4:34,15643.5,15644.75,15643,15643,49,0,15669.89037
4/19/2023 4:35,15642.75,15642.75,15638,15639,182,0,15669.75862
4/19/2023 4:36,15639.25,15642.5,15638.5,15640.5,115,0,15669.67758
4/19/2023 4:37,15640.75,15644.5,15640.75,15643.25,155,0,15669.57773
4/19/2023 4:38,15643.25,15643.25,15640.5,15642,79,0,15669.5254
4/19/2023 4:39,15642,15642,15638.75,15640,94,0,15669.45964
4/19/2023 4:40,15639.25,15645,15639.25,15643.25,69,0,15669.41526
4/19/2023 4:41,15644.25,15646,15644,15645.25,67,0,15669.37643
4/19/2023 4:42,15645.75,15645.75,15642.25,15644,101,0,15669.31552
4/19/2023 4:43,15644.25,15645.25,15642.25,15644.25,64,0,15669.27696
4/19/2023 4:44,15644.75,15645.5,15642,15643,69,0,15669.23483
4/19/2023 4:45,15642.5,15645.5,15642.5,15645,107,0,15669.17187
4/19/2023 4:46,15645.5,15645.5,15643.75,15644,47,0,15669.14441
4/19/2023 4:47,15644,15644.5,15640.5,15640.5,71,0,15669.09872
4/19/2023 4:48,15641,15646,15640.5,15645.75,88,0,15669.04696
4/19/2023 4:49,15645.75,15648.5,15645.25,15647,110,0,15668.98987
4/19/2023 4:50,15646.5,15646.5,15644,15646,68,0,15668.95247
4/19/2023 4:51,15646,15646.5,15644.25,15645.25,51,0,15668.9243
4/19/2023 4:52,15645.25,15647.5,15645.25,15646.5,57,0,15668.89434
4/19/2023 4:53,15646.5,15647.25,15646,15646.5,50,0,15668.86831
4/19/2023 4:54,15645.75,15646.25,15643.25,15645.25,123,0,15668.79978
4/19/2023 4:55,15645.75,15647.25,15644,15644,110,0,15668.73925
4/19/2023 4:56,15644,15644.25,15642.25,15642.75,123,0,15668.66624
4/19/2023 4:57,15643,15643.25,15639.5,15642.75,216,0,15668.53281
4/19/2023 4:58,15642,15642.75,15638.75,15639,74,0,15668.48457
4/19/2023 4:59,15640,15640.25,15635,15636.5,297,0,15668.27282
4/19/2023 5:00,15637,15639.75,15637,15639,40,0,15668.24574
4/19/2023 5:01,15639,15640.75,15638.75,15640.75,80,0,15668.19445
4/19/2023 5:02,15640.75,15640.75,15634.25,15635.75,152,0,15668.0866
4/19/2023 5:03,15636.5,15637,15634,15635.25,76,0,15668.03037
4/19/2023 5:04,15635.5,15638.25,15630,15635.75,658,0,15667.5405
4/19/2023 5:05,15635.5,15637.25,15623.75,15629,987,0,15666.73153
4/19/2023 5:06,15629.25,15631.75,15629,15630.75,115,0,15666.64079
4/19/2023 5:07,15630.5,15632.25,15620,15625.75,885,0,15665.87229
4/19/2023 5:08,15625.5,15627.5,15611,15613.75,998,0,15664.8606
4/19/2023 5:09,15613.75,15618.75,15612.25,15617,262,0,15664.59425
4/19/2023 5:10,15617.25,15618.25,15614.25,15614.75,201,0,15664.39083
4/19/2023 5:11,15613.75,15618.5,15612.25,15617.5,222,0,15664.16964
4/19/2023 5:12,15617.25,15618.75,15610,15611,235,0,15663.92403
4/19/2023 5:13,15611,15619.25,15610.5,15618,204,0,15663.72386
4/19/2023 5:14,15617.75,15618.25,15608,15610.5,436,0,15663.26918
4/19/2023 5:15,15610,15617,15608.75,15616.5,199,0,15663.07168
4/19/2023 5:16,15616.5,15618.25,15615.25,15617.25,192,0,15662.89356
4/19/2023 5:17,15616.75,15619.75,15615.75,15617.25,173,0,15662.73655
4/19/2023 5:18,15617.25,15619.75,15617.25,15618.25,121,0,15662.62939
4/19/2023 5:19,15618.75,15619,15617.75,15618.75,49,0,15662.58622
4/19/2023 5:20,15618.5,15621,15617.75,15620.5,108,0,15662.49407
4/19/2023 5:21,15620.75,15622.5,15620,15620,101,0,15662.41042
4/19/2023 5:22,15620.25,15621.5,15618,15619.25,79,0,15662.34327
4/19/2023 5:23,15619.25,15620.25,15618.5,15618.5,52,0,15662.29867
4/19/2023 5:24,15618.5,15618.75,15615.25,15618.75,128,0,15662.18547
4/19/2023 5:25,15619,15623.5,15618.25,15623.25,165,0,15662.05367
4/19/2023 5:26,15623.25,15625.75,15622.75,15625.5,190,0,15661.91416
4/19/2023 5:27,15625.75,15627.25,15622.75,15624.75,217,0,15661.75715
4/19/2023 5:28,15625.25,15625.75,15620.75,15621.25,130,0,15661.65781
4/19/2023 5:29,15620.75,15621.25,15614.5,15614.75,249,0,15661.44114
4/19/2023 5:30,15615,15618.5,15614,15615,153,0,15661.30608
4/19/2023 5:31,15614.75,15617.75,15611.5,15614.5,198,0,15661.12771
4/19/2023 5:32,15614.5,15614.75,15609.75,15609.75,157,0,15660.97768
4/19/2023 5:33,15609.5,15609.75,15604.75,15606.75,288,0,15660.68095
4/19/2023 5:34,15607,15611,15607,15609.5,181,0,15660.50332
4/19/2023 5:35,15609.5,15615.5,15609.25,15612,219,0,15660.30283
4/19/2023 5:36,15612.5,15612.75,15608.75,15608.75,169,0,15660.14233
4/19/2023 5:37,15609.25,15611.25,15608.25,15610,96,0,15660.05116
4/19/2023 5:38,15609.25,15614.75,15608.5,15613.75,87,0,15659.97292
4/19/2023 5:39,15614.25,15616,15613.25,15614.25,142,0,15659.85155
4/19/2023 5:40,15614.25,15614.25,15610.5,15611.75,85,0,15659.77549
4/19/2023 5:41,15611.5,15614.5,15611.5,15613.75,81,0,15659.70487
4/19/2023 5:42,15614,15616.75,15613.75,15614.75,151,0,15659.57898
4/19/2023 5:43,15615.25,15615.25,15612,15612,46,0,15659.53905
4/19/2023 5:44,15612,15612.5,15610.25,15612.5,71,0,15659.47579
4/19/2023 5:45,15613,15613,15607.25,15608.25,132,0,15659.3531
4/19/2023 5:46,15607.5,15609.25,15605.75,15605.75,144,0,15659.21305
4/19/2023 5:47,15605.75,15608.75,15599.25,15599.75,339,0,15658.85919
4/19/2023 5:48,15599.25,15605.75,15597.75,15604,309,0,15658.54001
4/19/2023 5:49,15604.75,15605.75,15598.75,15600.75,266,0,15658.26448
4/19/2023 5:50,15600.25,15600.25,15594.75,15597.75,274,0,15657.96273
4/19/2023 5:51,15598,15603,15597.5,15601.75,244,0,15657.7105
4/19/2023 5:52,15602.5,15603,15598.75,15599.25,113,0,15657.59359
4/19/2023 5:53,15598.75,15601.25,15597,15597.75,272,0,15657.30599
4/19/2023 5:54,15598.25,15598.75,15596.5,15596.5,115,0,15657.18231
4/19/2023 5:55,15596.25,15598.5,15589.75,15591.25,521,0,15656.59061
4/19/2023 5:56,15591,15593.75,15590.25,15593.25,250,0,15656.30723
4/19/2023 5:57,15592.75,15597.75,15592,15597.25,175,0,15656.12037
4/19/2023 5:58,15597,15597.75,15594.25,15596.5,138,0,15655.97504
4/19/2023 5:59,15596.5,15598.75,15596.25,15598,102,0,15655.87075
4/19/2023 6:00,15597.75,15600.75,15597,15600.75,147,0,15655.72583
4/19/2023 6:01,15601.25,15602.75,15599.5,15601.5,183,0,15655.55203
4/19/2023 6:02,15601.25,15603.25,15598.25,15600.25,185,0,15655.37532
4/19/2023 6:03,15600.5,15602,15600.5,15600.5,41,0,15655.33661
4/19/2023 6:04,15600.25,15602.25,15599.25,15602.25,72,0,15655.26907
4/19/2023 6:05,15602.25,15606.75,15602,15603.5,259,0,15655.04017
4/19/2023 6:06,15603.75,15607.25,15603.75,15605.5,107,0,15654.94882
4/19/2023 6:07,15605.25,15606.75,15603.75,15606,88,0,15654.87394
4/19/2023 6:08,15605.75,15606.25,15602.25,15602.25,83,0,15654.80079
4/19/2023 6:09,15602.25,15603,15601.25,15602,97,0,15654.71307
4/19/2023 6:10,15601.75,15604.75,15601.75,15602.25,69,0,15654.65183
4/19/2023 6:11,15601.75,15601.75,15597.75,15600,139,0,15654.52158
4/19/2023 6:12,15599.75,15603.75,15599.25,15603.25,65,0,15654.46338
4/19/2023 6:13,15602.5,15604.5,15602,15604.25,54,0,15654.41651
4/19/2023 6:14,15604,15607.25,15604,15607.25,83,0,15654.34829
4/19/2023 6:15,15607.25,15608.75,15604.5,15604.75,180,0,15654.20049
4/19/2023 6:16,15605.25,15607,15602,15603.75,116,0,15654.10228
4/19/2023 6:17,15603.75,15606.25,15603.25,15604.5,73,0,15654.04119
4/19/2023 6:18,15604.75,15607.75,15603.25,15607.5,93,0,15653.96594
4/19/2023 6:19,15607,15608.5,15603.5,15604.75,70,0,15653.90876
4/19/2023 6:20,15604.5,15606.5,15603.75,15606.5,65,0,15653.85579
4/19/2023 6:21,15606,15606.25,15599.75,15601.75,284,0,15653.61141
4/19/2023 6:22,15601.5,15605.25,15601,15605.25,96,0,15653.53134
4/19/2023 6:23,15605.75,15605.75,15601.25,15605,127,0,15653.42616
4/19/2023 6:24,15605.5,15607,15603.5,15605.75,112,0,15653.33642
4/19/2023 6:25,15606.25,15608.5,15605.75,15608.25,101,0,15653.25929
4/19/2023 6:26,15607.75,15608.75,15607.5,15608,52,0,15653.22018
4/19/2023 6:27,15608.75,15610.75,15608,15609.75,199,0,15653.07583
4/19/2023 6:28,15609,15609,15604.75,15606,129,0,15652.97653
4/19/2023 6:29,15606,15607.25,15604.5,15605.5,142,0,15652.86576
4/19/2023 6:30,15605.75,15609.75,15605.25,15609.5,84,0,15652.80383
4/19/2023 6:31,15610,15611.75,15609,15611.75,95,0,15652.73816
4/19/2023 6:32,15612,15615.25,15610.5,15615,234,0,15652.58785
4/19/2023 6:33,15614.75,15616,15612,15615,168,0,15652.48271
4/19/2023 6:34,15614.75,15615.25,15612.5,15612.5,104,0,15652.41635
4/19/2023 6:35,15612.25,15614.5,15612,15613.75,57,0,15652.38008
4/19/2023 6:36,15614.25,15615.5,15612,15615,114,0,15652.30913
4/19/2023 6:37,15614.75,15615.75,15610.5,15611,161,0,15652.20479
4/19/2023 6:38,15611.25,15612.5,15608.25,15608.25,181,0,15652.08008
4/19/2023 6:39,15608,15609.75,15605.5,15608.5,174,0,15651.95597
4/19/2023 6:40,15608,15609.25,15606,15606.75,119,0,15651.87037
4/19/2023 6:41,15607.25,15609.75,15605.75,15606.5,126,0,15651.78009
4/19/2023 6:42,15606.5,15607.25,15601.25,15601.5,210,0,15651.61697
4/19/2023 6:43,15602,15606,15600.75,15606,125,0,15651.52222
4/19/2023 6:44,15606,15608.5,15605.25,15608.5,130,0,15651.43067
4/19/2023 6:45,15608.75,15614.25,15608.75,15613.75,209,0,15651.30034
4/19/2023 6:46,15613.5,15614.5,15611,15613.75,111,0,15651.23295
4/19/2023 6:47,15613.5,15618.25,15613.25,15616.75,167,0,15651.13993
4/19/2023 6:48,15616.5,15616.5,15612.25,15613.75,109,0,15651.07619
4/19/2023 6:49,15614.25,15616,15613.5,15613.75,63,0,15651.03969
4/19/2023 6:50,15614,15614,15610.5,15613,157,0,15650.94431
4/19/2023 6:51,15613.5,15617.25,15612.5,15616.5,168,0,15650.85048
4/19/2023 6:52,15616.25,15618.25,15614.5,15614.75,147,0,15650.76974
4/19/2023 6:53,15615,15615,15612.75,15614,79,0,15650.72413
4/19/2023 6:54,15614.75,15616.5,15614.25,15614.75,64,0,15650.68852
4/19/2023 6:55,15615,15618,15615,15617.75,80,0,15650.64629
4/19/2023 6:56,15618,15619.75,15616.75,15619.25,150,0,15650.57129
4/19/2023 6:57,15619.75,15621.25,15618.25,15620.25,222,0,15650.46554
4/19/2023 6:58,15620.5,15622.25,15619.25,15620,156,0,15650.39307
4/19/2023 6:59,15620.75,15620.75,15618,15619.75,136,0,15650.32807
4/19/2023 7:00,15620,15622.75,15618.75,15619.25,143,0,15650.26168
4/19/2023 7:01,15619.75,15623,15617.75,15619,359,0,15650.09445
4/19/2023 7:02,15619,15619,15613,15613.25,267,0,15649.95154
4/19/2023 7:03,15612.75,15619.5,15612.75,15616.5,203,0,15649.84727
4/19/2023 7:04,15616.5,15616.5,15613.75,15613.75,64,0,15649.81299
4/19/2023 7:05,15613.75,15613.75,15610.5,15611,159,0,15649.72107
4/19/2023 7:06,15610.75,15611.75,15607,15611,238,0,15649.57769
4/19/2023 7:07,15610,15612,15607.75,15610.25,144,0,15649.49163
4/19/2023 7:08,15610.25,15614,15610,15613,138,0,15649.41435
4/19/2023 7:09,15613.25,15616,15613,15613.5,116,0,15649.35284
4/19/2023 7:10,15613.75,15618.25,15613.75,15617,93,0,15649.30671
4/19/2023 7:11,15617,15617.25,15609.25,15611.25,191,0,15649.20164
4/19/2023 7:12,15611,15611,15608.75,15610.5,72,0,15649.1595
4/19/2023 7:13,15610,15614.75,15610,15613.5,122,0,15649.09315
4/19/2023 7:14,15614,15617,15614,15614.75,117,0,15649.03411
4/19/2023 7:15,15614.75,15616.75,15614,15615.5,87,0,15648.99056
4/19/2023 7:16,15615.5,15615.5,15612.75,15614.5,91,0,15648.94355
4/19/2023 7:17,15615,15617.75,15612.75,15617.75,152,0,15648.86944
4/19/2023 7:18,15617.25,15617.75,15614.5,15615.75,61,0,15648.83971
4/19/2023 7:19,15616,15617.5,15614.5,15614.5,161,0,15648.76033
4/19/2023 7:20,15614.25,15615,15612.5,15613,122,0,15648.69683
4/19/2023 7:21,15612.75,15615.5,15610,15613.75,168,0,15648.60873
4/19/2023 7:22,15614.5,15616.75,15614,15614.5,109,0,15648.55501
4/19/2023 7:23,15614.5,15614.75,15612.5,15612.5,106,0,15648.50007
4/19/2023 7:24,15612,15612.25,15607.25,15608.25,232,0,15648.36686
4/19/2023 7:25,15608.25,15613,15606.5,15612.5,161,0,15648.27827
4/19/2023 7:26,15612.25,15612.75,15606.5,15609.5,160,0,15648.18813
4/19/2023 7:27,15609.25,15609.5,15607.5,15608,48,0,15648.16029
4/19/2023 7:28,15608,15614,15607.25,15612.25,147,0,15648.08133
4/19/2023 7:29,15612.25,15617.25,15612,15617.25,138,0,15648.01618
4/19/2023 7:30,15617,15621.25,15616.75,15618.5,184,0,15647.93858
4/19/2023 7:31,15619.25,15620.25,15617.25,15619,124,0,15647.88651
4/19/2023 7:32,15619.25,15629.25,15618,15623.5,540,0,15647.69865
4/19/2023 7:33,15623.5,15627.75,15622.75,15625.75,209,0,15647.63219
4/19/2023 7:34,15625.75,15627.5,15623.75,15627.25,174,0,15647.57902
4/19/2023 7:35,15627.75,15630,15626.25,15627.75,228,0,15647.51567
4/19/2023 7:36,15627.5,15628.25,15623.25,15623.75,205,0,15647.4506
4/19/2023 7:37,15624,15628.75,15623.5,15628.5,148,0,15647.40769
4/19/2023 7:38,15628.75,15628.75,15626,15626,132,0,15647.36957
4/19/2023 7:39,15625.75,15626.75,15624.25,15626.25,68,0,15647.34887
4/19/2023 7:40,15626.25,15627,15624.75,15626.75,150,0,15647.30423
4/19/2023 7:41,15626.5,15627.75,15625.75,15627.25,121,0,15647.26963
4/19/2023 7:42,15627,15627,15623,15623.25,177,0,15647.21303
4/19/2023 7:43,15623.75,15624,15621,15624,171,0,15647.15524
4/19/2023 7:44,15624.25,15626.75,15624.25,15625.75,98,0,15647.12577
4/19/2023 7:45,15625,15626,15623.25,15623.25,84,0,15647.09892
4/19/2023 7:46,15622.75,15624.5,15621.25,15621.75,157,0,15647.04527
4/19/2023 7:47,15621,15621.25,15615.5,15616,237,0,15646.94858
4/19/2023 7:48,15615.75,15617.5,15614,15615.75,260,0,15646.83666
4/19/2023 7:49,15616,15616.5,15613,15613,121,0,15646.78221
4/19/2023 7:50,15613.25,15613.75,15611.75,15612.25,131,0,15646.72061
4/19/2023 7:51,15612,15614.25,15611,15613.5,171,0,15646.64132
4/19/2023 7:52,15613.5,15616.75,15613.25,15615.75,148,0,15646.57772
4/19/2023 7:53,15616.25,15616.75,15613.75,15614,113,0,15646.52869
4/19/2023 7:54,15614.25,15617.75,15613,15617,125,0,15646.47648
4/19/2023 7:55,15617,15619,15616.25,15617.5,191,0,15646.40137
4/19/2023 7:56,15617.75,15619.75,15617,15619,111,0,15646.35941
4/19/2023 7:57,15618.75,15618.75,15613.5,15614.25,155,0,15646.29455
4/19/2023 7:58,15614.5,15614.5,15612.25,15613.75,131,0,15646.2364
4/19/2023 7:59,15613.5,15617,15613.5,15616.25,77,0,15646.20448
4/19/2023 8:00,15616.25,15618.25,15614.75,15615.5,66,0,15646.1777
4/19/2023 8:01,15614.75,15616.5,15613.25,15615,118,0,15646.12794
4/19/2023 8:02,15614.5,15614.5,15610,15611,269,0,15646.00395
4/19/2023 8:03,15611,15613.75,15608.75,15609.5,204,0,15645.90733
4/19/2023 8:04,15608.75,15611,15607.25,15608.75,323,0,15645.74824
4/19/2023 8:05,15607.75,15611,15605.25,15607.25,428,0,15645.53291
4/19/2023 8:06,15607.5,15610,15607.25,15608.5,126,0,15645.47123
4/19/2023 8:07,15608.25,15610.5,15608.25,15609,125,0,15645.41135
4/19/2023 8:08,15609,15611.75,15609,15611,134,0,15645.34974
4/19/2023 8:09,15611.5,15612.75,15609.75,15610.75,184,0,15645.2667
4/19/2023 8:10,15610.5,15611.25,15608.25,15610.75,154,0,15645.19548
4/19/2023 8:11,15611.25,15611.75,15609.25,15610.25,43,0,15645.17584
4/19/2023 8:12,15610.75,15611,15607,15608.75,211,0,15645.07562
4/19/2023 8:13,15608.5,15609.5,15607.25,15608,94,0,15645.03032
4/19/2023 8:14,15607.5,15610.25,15605.75,15606.75,273,0,15644.89705
4/19/2023 8:15,15607,15609.75,15606.25,15606.75,216,0,15644.79226
4/19/2023 8:16,15606.25,15607.5,15604.75,15606.75,343,0,15644.62153
4/19/2023 8:17,15607,15610.25,15607,15608.25,130,0,15644.56086
4/19/2023 8:18,15608.5,15609.75,15607.25,15609.75,138,0,15644.49741
4/19/2023 8:19,15609.25,15610,15606.25,15606.25,86,0,15644.45642
4/19/2023 8:20,15606.5,15607,15603.25,15605.5,298,0,15644.30647
