timestamp ET,open,high,low,close,volume,Vwap_RTH,Vwap_ETH
7/11/2023 0:50,17541,17541.25,17540.5,17541,19,0,17538.26102
7/11/2023 0:51,17540.75,17540.75,17540,17540,13,0,17538.26244
7/11/2023 0:52,17539.5,17540.25,17538.75,17539.25,37,0,17538.26476
7/11/2023 0:53,17539,17539.25,17537,17537.25,54,0,17538.2635
7/11/2023 0:54,17537.25,17539.25,17537.25,17539,41,0,17538.26402
7/11/2023 0:55,17539.5,17540.25,17539.5,17540,34,0,17538.26706
7/11/2023 0:56,17540.25,17540.75,17539.75,17540.75,18,0,17538.26915
7/11/2023 0:57,17540.5,17542,17540.5,17541.75,31,0,17538.27442
7/11/2023 0:58,17541.25,17542.75,17541.25,17542.25,29,0,17538.28037
7/11/2023 0:59,17542.5,17542.5,17541.75,17542,15,0,17538.28344
7/11/2023 1:00,17542.5,17544,17542.25,17542.5,55,0,17538.29711
7/11/2023 1:01,17543,17545.5,17542.75,17544.5,99,0,17538.32857
7/11/2023 1:02,17544.5,17546.75,17544.5,17546,77,0,17538.35895
7/11/2023 1:03,17545.5,17545.5,17544,17544.5,42,0,17538.37301
7/11/2023 1:04,17544.75,17545.25,17543.75,17545.25,35,0,17538.38482
7/11/2023 1:05,17545.5,17546.75,17545.25,17546.5,44,0,17538.40291
7/11/2023 1:06,17546.75,17548,17546.25,17546.25,60,0,17538.42955
7/11/2023 1:07,17546,17546.5,17544.75,17545.75,44,0,17538.44627
7/11/2023 1:08,17545.75,17545.75,17544.5,17544.75,28,0,17538.4559
7/11/2023 1:09,17544.75,17545.25,17544.25,17544.5,26,0,17538.46436
7/11/2023 1:10,17544.5,17544.75,17544.25,17544.25,7,0,17538.46654
7/11/2023 1:11,17544,17544.25,17543,17543.25,28,0,17538.47391
7/11/2023 1:12,17542.75,17544,17541.25,17542.5,61,0,17538.48698
7/11/2023 1:13,17542.75,17543,17540.25,17540.25,67,0,17538.4963
7/11/2023 1:14,17540.5,17540.75,17534.5,17535.25,194,0,17538.47971
7/11/2023 1:15,17535.75,17535.75,17533.25,17534.75,188,0,17538.4424
7/11/2023 1:16,17535,17536,17531.25,17532.25,156,0,17538.40082
7/11/2023 1:17,17532.25,17533.25,17532.25,17533,50,0,17538.38679
7/11/2023 1:18,17533.5,17535.5,17533.5,17535.25,102,0,17538.36818
7/11/2023 1:19,17535,17535.5,17533.75,17533.75,35,0,17538.36112
7/11/2023 1:20,17534,17535.5,17533.75,17535.5,57,0,17538.35132
7/11/2023 1:21,17535.5,17537.5,17535.25,17537.5,89,0,17538.34423
7/11/2023 1:22,17537,17539.5,17537,17538.75,70,0,17538.34448
7/11/2023 1:23,17538.75,17539.75,17538,17539,26,0,17538.34522
7/11/2023 1:24,17538.25,17539.5,17537.25,17539.5,94,0,17538.34709
7/11/2023 1:25,17539,17540.25,17538.5,17539.75,23,0,17538.3484
7/11/2023 1:26,17540.25,17541.75,17540.25,17541,53,0,17538.35529
7/11/2023 1:27,17540.25,17540.75,17539.5,17540,47,0,17538.35926
7/11/2023 1:28,17540.25,17541,17539.75,17541,26,0,17538.36209
7/11/2023 1:29,17541,17541.75,17540.25,17540.5,51,0,17538.36823
7/11/2023 1:30,17540.5,17541.75,17540.5,17541.75,10,0,17538.36968
7/11/2023 1:31,17541.75,17550.75,17541.75,17550.25,306,0,17538.50504
7/11/2023 1:32,17550.75,17551,17547.5,17548,104,0,17538.55635
7/11/2023 1:33,17547.75,17548.25,17546.25,17547.5,64,0,17538.5831
7/11/2023 1:34,17547.75,17550.5,17546.75,17549.25,71,0,17538.61765
7/11/2023 1:35,17549,17549,17547.25,17547.5,30,0,17538.63087
7/11/2023 1:36,17547.25,17549.25,17547.25,17549,35,0,17538.64721
7/11/2023 1:37,17549.25,17555,17548.5,17552,220,0,17538.78307
7/11/2023 1:38,17551.5,17552.25,17550.5,17551.75,69,0,17538.82403
7/11/2023 1:39,17551.5,17552.25,17550.5,17551.5,40,0,17538.8475
7/11/2023 1:40,17551.5,17556.25,17551,17554.5,202,0,17538.98801
7/11/2023 1:41,17554.5,17556.75,17554.25,17556.5,73,0,17539.04458
7/11/2023 1:42,17556.5,17556.75,17552.75,17553.5,72,0,17539.09506
7/11/2023 1:43,17553.75,17554,17553.25,17553.75,29,0,17539.11441
7/11/2023 1:44,17553.5,17553.5,17551.5,17551.5,38,0,17539.13708
7/11/2023 1:45,17551.5,17553.75,17551.25,17553.25,48,0,17539.16688
7/11/2023 1:46,17553.25,17554.5,17552.25,17553.5,43,0,17539.19478
7/11/2023 1:47,17553.25,17554.75,17552.5,17552.5,21,0,17539.2082
7/11/2023 1:48,17552,17552.5,17550.5,17550.5,33,0,17539.22612
7/11/2023 1:49,17550.25,17552.5,17549.75,17552.25,33,0,17539.24449
7/11/2023 1:50,17552,17552.5,17551,17551,21,0,17539.25615
7/11/2023 1:51,17550.75,17553.25,17550.25,17553,61,0,17539.29172
7/11/2023 1:52,17553,17553.25,17550.5,17551.25,52,0,17539.32073
7/11/2023 1:53,17551.5,17552.25,17551.5,17551.75,35,0,17539.34043
7/11/2023 1:54,17551.75,17554,17551.75,17551.75,49,0,17539.36938
7/11/2023 1:55,17551.75,17552.25,17551.75,17552.25,20,0,17539.38079
7/11/2023 1:56,17552.25,17554.25,17552.25,17553.75,33,0,17539.40154
7/11/2023 1:57,17553.5,17556.75,17553.25,17556.75,76,0,17539.45644
7/11/2023 1:58,17556.5,17557.75,17555,17555.25,76,0,17539.51238
7/11/2023 1:59,17554.75,17554.75,17553.25,17553.25,65,0,17539.55343
7/11/2023 2:00,17553.5,17555,17553,17554.75,62,0,17539.59374
7/11/2023 2:01,17554.5,17556.75,17552.5,17556,212,0,17539.73767
7/11/2023 2:02,17556,17561.25,17555.25,17558.75,213,0,17539.91043
7/11/2023 2:03,17558.75,17564,17557.75,17563,313,0,17540.20105
7/11/2023 2:04,17563.5,17569.25,17561,17569.25,541,0,17540.79678
7/11/2023 2:05,17569.25,17572.25,17568.5,17570.25,227,0,17541.07487
7/11/2023 2:06,17570.25,17570.75,17566.25,17566.75,224,0,17541.32195
7/11/2023 2:07,17567,17568,17564.5,17565,128,0,17541.45021
7/11/2023 2:08,17564.5,17566.25,17564.25,17564.25,101,0,17541.5467
7/11/2023 2:09,17564,17565.5,17563,17565,101,0,17541.6407
7/11/2023 2:10,17565.25,17567,17564.75,17565,101,0,17541.73834
7/11/2023 2:11,17564.75,17566.75,17564.5,17566.5,65,0,17541.80164
7/11/2023 2:12,17566.25,17566.25,17563.5,17564.5,74,0,17541.86983
7/11/2023 2:13,17564,17566.75,17563.75,17566.25,84,0,17541.94954
7/11/2023 2:14,17566,17570.5,17565.75,17570.5,159,0,17542.12005
7/11/2023 2:15,17570.25,17573.75,17568.75,17573.25,194,0,17542.34816
7/11/2023 2:16,17573.5,17573.75,17567.75,17570.75,150,0,17542.51529
7/11/2023 2:17,17569.75,17572,17568.75,17571.25,80,0,17542.60336
7/11/2023 2:18,17571.25,17571.75,17570.5,17570.5,55,0,17542.66413
7/11/2023 2:19,17570.25,17573.75,17568.5,17572.25,141,0,17542.82192
7/11/2023 2:20,17572.25,17572.25,17568.75,17570.5,50,0,17542.87553
7/11/2023 2:21,17571,17571,17568.25,17569.25,47,0,17542.92391
7/11/2023 2:22,17569,17571,17568.5,17570,54,0,17542.97998
7/11/2023 2:23,17569.75,17573.5,17569.5,17573.5,48,0,17543.03393
7/11/2023 2:24,17573.25,17576,17572,17574.25,105,0,17543.15898
7/11/2023 2:25,17574.75,17581,17574.75,17578,226,0,17543.45769
7/11/2023 2:26,17578.75,17581.25,17577.25,17580,141,0,17543.64991
7/11/2023 2:27,17580.5,17584.5,17580,17583.5,234,0,17543.99222
7/11/2023 2:28,17583.75,17584.5,17581.75,17582.5,193,0,17544.27185
7/11/2023 2:29,17582,17582,17579.5,17579.75,159,0,17544.48452
7/11/2023 2:30,17579.75,17580,17577.75,17579,77,0,17544.58235
7/11/2023 2:31,17579,17579.75,17576.75,17578.75,152,0,17544.77105
7/11/2023 2:32,17578.5,17581,17578.5,17580.5,56,0,17544.84329
7/11/2023 2:33,17579.75,17579.75,17577,17577.25,67,0,17544.92444
7/11/2023 2:34,17577,17577.75,17575.25,17577.25,95,0,17545.0345
7/11/2023 2:35,17576.75,17578.75,17575.5,17575.5,84,0,17545.13068
7/11/2023 2:36,17575.25,17580.5,17574.25,17579.25,103,0,17545.25308
7/11/2023 2:37,17577.5,17579.5,17577.5,17577.5,34,0,17545.29349
7/11/2023 2:38,17578.25,17578.75,17576.25,17578,38,0,17545.33786
7/11/2023 2:39,17577.75,17578.5,17576.75,17577.5,43,0,17545.38778
7/11/2023 2:40,17577.75,17578.75,17575.75,17578.5,56,0,17545.45274
7/11/2023 2:41,17577.75,17579.5,17576.5,17579.5,65,0,17545.52974
7/11/2023 2:42,17579.25,17583,17579.25,17583,78,0,17545.63074
7/11/2023 2:43,17583,17583.25,17580.75,17583.25,92,0,17545.75134
7/11/2023 2:44,17583,17586.5,17583,17584,174,0,17545.9901
7/11/2023 2:45,17584.25,17584.5,17581,17582.25,53,0,17546.05866
7/11/2023 2:46,17581.75,17582.5,17579.5,17582,84,0,17546.16308
7/11/2023 2:47,17582,17582,17578.75,17579.5,54,0,17546.22751
7/11/2023 2:48,17580,17583,17578.25,17583,83,0,17546.32995
7/11/2023 2:49,17583,17584.5,17581.5,17582.75,82,0,17546.43487
7/11/2023 2:50,17581.75,17581.75,17576.25,17576.75,64,0,17546.50592
7/11/2023 2:51,17576.75,17577.75,17575.5,17577.75,49,0,17546.55797
7/11/2023 2:52,17578,17580.75,17578,17578.5,71,0,17546.63822
7/11/2023 2:53,17578.5,17579.25,17577.25,17579,24,0,17546.66477
7/11/2023 2:54,17579,17579.25,17577.5,17578.5,22,0,17546.689
7/11/2023 2:55,17578.75,17580,17578.5,17579.25,33,0,17546.72624
7/11/2023 2:56,17579,17579.5,17577.25,17578.5,44,0,17546.77448
7/11/2023 2:57,17578.25,17578.75,17577,17577,36,0,17546.81281
7/11/2023 2:58,17577.75,17580.25,17577.25,17579.75,62,0,17546.88181
7/11/2023 2:59,17580,17581,17579,17580.25,42,0,17546.92982
7/11/2023 3:00,17580,17581.5,17577.5,17578.75,90,0,17547.02968
7/11/2023 3:01,17578.25,17579.75,17574.25,17574.25,231,0,17547.25825
7/11/2023 3:02,17574,17575.5,17568.5,17570,314,0,17547.51299
7/11/2023 3:03,17570.5,17570.5,17563,17566.25,332,0,17547.72398
7/11/2023 3:04,17566,17568.5,17564.75,17567.75,169,0,17547.83193
7/11/2023 3:05,17568.25,17572.5,17567.25,17572,231,0,17548.00476
7/11/2023 3:06,17572,17573.5,17569.5,17570,159,0,17548.12438
7/11/2023 3:07,17569.25,17574.25,17568.5,17572,195,0,17548.27308
7/11/2023 3:08,17572.75,17577,17572.75,17576.75,112,0,17548.37185
7/11/2023 3:09,17576.5,17581,17575.75,17580.25,195,0,17548.56409
7/11/2023 3:10,17580,17580,17574.25,17575.5,165,0,17548.7121
7/11/2023 3:11,17575.25,17576.25,17571.5,17573,85,0,17548.7796
7/11/2023 3:12,17573.75,17574.5,17570.75,17571,115,0,17548.86486
7/11/2023 3:13,17570.75,17571.25,17568.25,17571,110,0,17548.93914
7/11/2023 3:14,17570.75,17574,17569.25,17573,106,0,17549.01666
7/11/2023 3:15,17573.25,17576.5,17573,17576.5,91,0,17549.0921
7/11/2023 3:16,17576.25,17576.5,17571.75,17573.25,92,0,17549.16361
7/11/2023 3:17,17573,17573.5,17569.75,17573.5,66,0,17549.21138
7/11/2023 3:18,17574,17574.25,17567.75,17568.75,72,0,17549.25876
7/11/2023 3:19,17567.75,17569,17564,17566.5,186,0,17549.35848
7/11/2023 3:20,17567,17567.75,17564,17566.25,52,0,17549.38535
7/11/2023 3:21,17566.75,17568.5,17565.5,17568.25,94,0,17549.43782
7/11/2023 3:22,17568.75,17569.25,17566.25,17566.5,61,0,17549.47155
7/11/2023 3:23,17566.25,17570.75,17564.5,17570.5,118,0,17549.54098
7/11/2023 3:24,17570.5,17570.75,17564.5,17565.5,80,0,17549.58367
7/11/2023 3:25,17565.25,17567.5,17563.75,17564.75,89,0,17549.6266
7/11/2023 3:26,17564.25,17567.75,17563.75,17565,108,0,17549.67893
7/11/2023 3:27,17564.25,17565.5,17562.5,17565.5,96,0,17549.72223
7/11/2023 3:28,17565.75,17566.25,17563.25,17565,59,0,17549.74932
7/11/2023 3:29,17565,17568,17563.5,17566.75,50,0,17549.7741
7/11/2023 3:30,17567.25,17571,17567,17569.25,129,0,17549.84937
7/11/2023 3:31,17569.25,17570.75,17565.5,17566,105,0,17549.90493
7/11/2023 3:32,17564.5,17565.5,17562.25,17565.25,89,0,17549.94351
7/11/2023 3:33,17565.25,17566.5,17564,17564,137,0,17550.00454
7/11/2023 3:34,17564,17566.5,17562.5,17566.5,138,0,17550.06688
7/11/2023 3:35,17567,17568.5,17566.25,17566.25,65,0,17550.09961
7/11/2023 3:36,17566,17566.5,17563.75,17564.75,73,0,17550.13189
7/11/2023 3:37,17564.25,17564.5,17561.25,17561.5,107,0,17550.17077
7/11/2023 3:38,17561,17565.25,17561,17563.75,102,0,17550.21036
7/11/2023 3:39,17563.25,17565.75,17563,17563.5,77,0,17550.2418
7/11/2023 3:40,17563.25,17564.25,17560.75,17561.75,91,0,17550.27386
7/11/2023 3:41,17561.75,17564.5,17560.25,17562.75,98,0,17550.30892
7/11/2023 3:42,17562,17563.5,17560.75,17562.75,62,0,17550.3307
7/11/2023 3:43,17563.25,17566.25,17561,17565,65,0,17550.35676
7/11/2023 3:44,17564.5,17567.75,17564.5,17566,88,0,17550.397
7/11/2023 3:45,17566,17566.75,17563,17563,70,0,17550.42514
7/11/2023 3:46,17563.25,17563.25,17559.75,17560.5,89,0,17550.45281
7/11/2023 3:47,17559.5,17560.25,17555.75,17555.75,192,0,17550.49038
7/11/2023 3:48,17556,17557.25,17555.25,17557.25,101,0,17550.50804
7/11/2023 3:49,17557.5,17561.75,17557,17560.5,118,0,17550.53923
7/11/2023 3:50,17560.5,17560.5,17558,17559,50,0,17550.55155
7/11/2023 3:51,17559.5,17561.25,17558,17560.25,84,0,17550.57377
7/11/2023 3:52,17559,17559,17555.75,17556.75,70,0,17550.5869
7/11/2023 3:53,17556.75,17560,17555.75,17560,103,0,17550.61025
7/11/2023 3:54,17559.25,17560.25,17556.75,17557.5,84,0,17550.6282
7/11/2023 3:55,17557.25,17559,17556.5,17558.5,52,0,17550.63903
7/11/2023 3:56,17558.5,17558.5,17556.75,17556.75,76,0,17550.65337
7/11/2023 3:57,17557.25,17557.25,17553.75,17554.25,120,0,17550.66831
7/11/2023 3:58,17554.25,17555.25,17550.5,17551,270,0,17550.68021
7/11/2023 3:59,17551,17552.75,17550.5,17551.25,96,0,17550.6824
7/11/2023 4:00,17552,17552.5,17546.5,17548.25,231,0,17550.67219
7/11/2023 4:01,17548,17548,17543.5,17546,307,0,17550.6315
7/11/2023 4:02,17546.25,17546.75,17542.75,17542.75,165,0,17550.60203
7/11/2023 4:03,17543,17544.5,17529.5,17536,922,0,17550.26023
7/11/2023 4:04,17535.25,17540.5,17534.75,17539.25,260,0,17550.17716
7/11/2023 4:05,17539,17542.5,17536.5,17542.5,212,0,17550.12326
7/11/2023 4:06,17542.5,17546,17541,17546,130,0,17550.10355
7/11/2023 4:07,17545.75,17547.75,17543.5,17544,171,0,17550.08117
7/11/2023 4:08,17544,17548.75,17542,17548.75,183,0,17550.06417
7/11/2023 4:09,17548.25,17551.25,17548.25,17550,152,0,17550.06326
7/11/2023 4:10,17550,17553.25,17549.75,17553,91,0,17550.0678
7/11/2023 4:11,17553.25,17554,17551.5,17554,102,0,17550.07593
7/11/2023 4:12,17554,17555.25,17552.5,17553.5,134,0,17550.08855
7/11/2023 4:13,17553.75,17554.25,17550,17550,102,0,17550.09201
7/11/2023 4:14,17550.25,17550.5,17547.5,17549.75,125,0,17550.08933
7/11/2023 4:15,17550,17550,17547.75,17548.75,59,0,17550.08744
7/11/2023 4:16,17548,17549.25,17546,17547.75,114,0,17550.08044
7/11/2023 4:17,17547,17549,17545.75,17547,54,0,17550.07657
7/11/2023 4:18,17546,17550.25,17545.5,17549,71,0,17550.07329
7/11/2023 4:19,17549.25,17550,17544.75,17545,86,0,17550.06572
7/11/2023 4:20,17545.25,17545.75,17542.25,17543,146,0,17550.04224
7/11/2023 4:21,17543.5,17545.5,17540.75,17543.25,135,0,17550.01898
7/11/2023 4:22,17543.25,17544.75,17541.5,17544,53,0,17550.01023
7/11/2023 4:23,17544,17547,17544,17544.5,79,0,17550.00067
7/11/2023 4:24,17544.75,17545.5,17543.5,17545,43,0,17549.99495
7/11/2023 4:25,17544.75,17549.25,17544.75,17548,78,0,17549.98979
7/11/2023 4:26,17548,17549.5,17546,17546.25,50,0,17549.98638
7/11/2023 4:27,17545.75,17546.75,17543,17544.75,103,0,17549.97322
7/11/2023 4:28,17544.75,17545,17542.75,17543.75,37,0,17549.96759
7/11/2023 4:29,17544,17546,17543.25,17544.75,31,0,17549.96352
7/11/2023 4:30,17544.5,17545,17543.25,17543.25,32,0,17549.95867
7/11/2023 4:31,17542.5,17543.25,17537.75,17540.75,181,0,17549.91687
7/11/2023 4:32,17539.5,17543.75,17539,17542.5,112,0,17549.89441
7/11/2023 4:33,17542,17543.75,17541,17542.25,127,0,17549.8709
7/11/2023 4:34,17541.5,17542,17540,17540.5,75,0,17549.85433
7/11/2023 4:35,17541.25,17546.25,17541.25,17543.25,131,0,17549.83432
7/11/2023 4:36,17544,17545.25,17542.5,17544,47,0,17549.82755
7/11/2023 4:37,17543.75,17543.75,17540.5,17540.5,28,0,17549.82194
7/11/2023 4:38,17540.5,17541.25,17539.25,17539.5,53,0,17549.8093
7/11/2023 4:39,17539.75,17540.5,17537.75,17538.25,87,0,17549.78616
7/11/2023 4:40,17538.5,17538.75,17532.25,17535,229,0,17549.70639
7/11/2023 4:41,17535.5,17538.25,17534,17536.5,101,0,17549.67371
7/11/2023 4:42,17536.5,17536.5,17534,17534.25,64,0,17549.65104
7/11/2023 4:43,17534.5,17535.25,17528.5,17529.25,239,0,17549.54465
7/11/2023 4:44,17529.75,17532.5,17528.75,17531.5,110,0,17549.49587
7/11/2023 4:45,17530.75,17532.75,17528.75,17530,73,0,17549.46292
7/11/2023 4:46,17530.75,17532,17529,17529.75,89,0,17549.42237
7/11/2023 4:47,17529.25,17531.25,17528.75,17529,121,0,17549.36584
7/11/2023 4:48,17529.25,17532.25,17527.5,17531.25,169,0,17549.29009
7/11/2023 4:49,17531.25,17534,17529.75,17533.5,97,0,17549.25163
7/11/2023 4:50,17533.5,17535.75,17533.25,17535.75,81,0,17549.22439
7/11/2023 4:51,17536,17536.25,17534.25,17535.25,108,0,17549.18908
7/11/2023 4:52,17535.5,17537,17532.5,17533.25,133,0,17549.14275
7/11/2023 4:53,17533.25,17534.75,17529.5,17534.75,276,0,17549.0395
7/11/2023 4:54,17534.25,17537.5,17533.25,17537,63,0,17549.02037
7/11/2023 4:55,17537.5,17540.75,17537.5,17540,173,0,17548.98208
7/11/2023 4:56,17539.75,17544.5,17539.25,17544,84,0,17548.96972
7/11/2023 4:57,17543.5,17544.75,17542.75,17543.25,112,0,17548.95588
7/11/2023 4:58,17543.5,17546,17542.25,17545.5,160,0,17548.93988
7/11/2023 4:59,17545.25,17545.25,17542.5,17543.5,75,0,17548.931
7/11/2023 5:00,17543.25,17543.75,17542,17543,96,0,17548.91785
7/11/2023 5:01,17543.5,17545,17540.25,17541.5,83,0,17548.90528
7/11/2023 5:02,17541.25,17543.5,17539.5,17539.75,83,0,17548.89024
7/11/2023 5:03,17539.5,17539.5,17537.5,17538.75,79,0,17548.8718
7/11/2023 5:04,17539,17539.25,17536.75,17538.25,71,0,17548.85448
7/11/2023 5:05,17538.75,17543.25,17538.75,17542.5,55,0,17548.84535
7/11/2023 5:06,17543.25,17544.25,17540.5,17540.75,116,0,17548.82703
7/11/2023 5:07,17541,17546.25,17541,17546.25,91,0,17548.81818
7/11/2023 5:08,17546.25,17548,17545.75,17546.25,129,0,17548.81196
7/11/2023 5:09,17546.25,17547.25,17545.25,17546.75,83,0,17548.80751
7/11/2023 5:10,17546.25,17546.75,17543.75,17544.25,63,0,17548.80204
7/11/2023 5:11,17543.5,17546,17543,17544.75,63,0,17548.79611
7/11/2023 5:12,17544.75,17546.75,17544.5,17546,62,0,17548.7919
7/11/2023 5:13,17546.5,17548.75,17546.25,17547.5,70,0,17548.78989
7/11/2023 5:14,17547.5,17550.5,17546.5,17549.25,83,0,17548.78982
7/11/2023 5:15,17550,17551,17548,17548.5,161,0,17548.79116
7/11/2023 5:16,17548.25,17550.5,17545.75,17547,170,0,17548.78726
7/11/2023 5:17,17547,17547.25,17542.5,17542.5,76,0,17548.7794
7/11/2023 5:18,17542.25,17545.25,17541.5,17544.5,55,0,17548.77332
7/11/2023 5:19,17544.5,17544.75,17540.75,17541.75,70,0,17548.76355
7/11/2023 5:20,17541.75,17542.25,17540,17541,33,0,17548.758
7/11/2023 5:21,17541,17543.25,17540.75,17542.25,40,0,17548.75215
7/11/2023 5:22,17542.75,17544,17542,17543.25,42,0,17548.74694
7/11/2023 5:23,17543.75,17548.25,17543.75,17548,95,0,17548.74262
7/11/2023 5:24,17548.25,17548.5,17545.75,17546.5,57,0,17548.74035
7/11/2023 5:25,17546.5,17550,17546.5,17548,87,0,17548.73927
7/11/2023 5:26,17547.75,17549.5,17547.5,17548.5,107,0,17548.73871
7/11/2023 5:27,17549.5,17550.75,17547,17548.25,104,0,17548.73855
7/11/2023 5:28,17548.5,17550.5,17548,17548.75,55,0,17548.73896
7/11/2023 5:29,17549.5,17550.75,17547.5,17550.25,96,0,17548.74054
7/11/2023 5:30,17549.75,17552,17548.75,17550.25,112,0,17548.74438
7/11/2023 5:31,17551.25,17551.75,17549.75,17550,48,0,17548.7462
7/11/2023 5:32,17549.5,17553,17547,17551.75,189,0,17548.75364
7/11/2023 5:33,17551.5,17553,17551.25,17552.25,52,0,17548.75744
7/11/2023 5:34,17552.25,17554,17551.25,17553.75,143,0,17548.77039
7/11/2023 5:35,17554.25,17556.5,17553.75,17554.25,167,0,17548.79193
7/11/2023 5:36,17554,17554.25,17551.5,17552,104,0,17548.8003
7/11/2023 5:37,17552,17556.75,17552,17554.75,223,0,17548.82715
7/11/2023 5:38,17555.25,17555.25,17553.5,17555,80,0,17548.83687
7/11/2023 5:39,17554.5,17558,17554.5,17556,148,0,17548.85967
7/11/2023 5:40,17556.75,17560.25,17556.75,17558.25,146,0,17548.88892
7/11/2023 5:41,17557.75,17559,17556.5,17557.25,130,0,17548.91255
7/11/2023 5:42,17558,17558.25,17555.5,17557,89,0,17548.92741
7/11/2023 5:43,17556.75,17557.25,17554.75,17555.25,51,0,17548.93466
7/11/2023 5:44,17555.25,17556.25,17554.5,17555,57,0,17548.94216
7/11/2023 5:45,17555.25,17555.75,17554.75,17555,65,0,17548.95057
7/11/2023 5:46,17555,17560.25,17555,17558.75,109,0,17548.97103
7/11/2023 5:47,17559,17562,17559,17561.25,93,0,17548.99371
7/11/2023 5:48,17561.5,17567.75,17561.5,17567,316,0,17549.10045
7/11/2023 5:49,17567,17569.75,17565.5,17566.75,256,0,17549.19596
7/11/2023 5:50,17567,17568.75,17566.75,17568.5,136,0,17549.24814
7/11/2023 5:51,17568,17570.25,17566.75,17568.75,186,0,17549.32124
7/11/2023 5:52,17569.25,17571.75,17569.25,17571,166,0,17549.39302
7/11/2023 5:53,17570.5,17571.75,17569.25,17569.5,123,0,17549.44466
7/11/2023 5:54,17569.5,17570,17567.25,17567.5,80,0,17549.47501
7/11/2023 5:55,17567.75,17569.75,17567,17569,97,0,17549.51233
7/11/2023 5:56,17569.25,17571,17568.75,17570.5,67,0,17549.54005
7/11/2023 5:57,17570.5,17572,17569.75,17571.75,48,0,17549.5609
7/11/2023 5:58,17571,17571.75,17568.25,17570.75,106,0,17549.60487
7/11/2023 5:59,17570,17571.25,17568,17570.75,111,0,17549.65015
7/11/2023 6:00,17570.25,17572.5,17569,17569.75,105,0,17549.69367
7/11/2023 6:01,17569.75,17569.75,17565.25,17566.75,159,0,17549.74921
7/11/2023 6:02,17566.75,17569.25,17566,17567.75,92,0,17549.78195
7/11/2023 6:03,17568.25,17569.5,17567,17567.5,50,0,17549.80003
7/11/2023 6:04,17567.25,17568.25,17566.5,17568,59,0,17549.82082
7/11/2023 6:05,17567.75,17567.75,17565.5,17565.5,45,0,17549.83546
7/11/2023 6:06,17566.5,17569,17566.5,17566.75,83,0,17549.8643
7/11/2023 6:07,17566.5,17568,17565,17566,56,0,17549.88252
7/11/2023 6:08,17566.25,17568,17563.5,17564.25,128,0,17549.92126
7/11/2023 6:09,17564.25,17564.5,17559.5,17559.75,161,0,17549.95707
7/11/2023 6:10,17560,17560,17557.5,17558.5,189,0,17549.98927
7/11/2023 6:11,17558.75,17561.25,17558.75,17560.75,80,0,17550.0053
7/11/2023 6:12,17560.75,17563.75,17560.75,17562.25,110,0,17550.03155
7/11/2023 6:13,17563,17564,17561.75,17563.75,72,0,17550.04996
7/11/2023 6:14,17563.5,17563.5,17561.5,17563.25,41,0,17550.06008
7/11/2023 6:15,17562.5,17563.5,17562,17562.75,29,0,17550.06724
7/11/2023 6:16,17563.5,17564,17562.5,17563.25,43,0,17550.07824
7/11/2023 6:17,17563.25,17563.25,17560.5,17560.5,51,0,17550.08946
7/11/2023 6:18,17560.5,17561,17557,17557.25,99,0,17550.10542
7/11/2023 6:19,17557,17557.25,17555,17555.5,153,0,17550.12259
7/11/2023 6:20,17555.75,17556.25,17553.5,17556,93,0,17550.13178
7/11/2023 6:21,17556.25,17556.75,17554.25,17555.75,87,0,17550.1409
7/11/2023 6:22,17555.75,17556.5,17553.5,17554.75,94,0,17550.14952
7/11/2023 6:23,17555.25,17555.25,17553,17553.5,77,0,17550.15509
7/11/2023 6:24,17554,17555.75,17554,17555,36,0,17550.15837
7/11/2023 6:25,17555.25,17557.25,17555,17555.75,92,0,17550.16865
7/11/2023 6:26,17555.75,17559,17554.75,17558.75,94,0,17550.18181
7/11/2023 6:27,17558.75,17559,17556.75,17558.5,56,0,17550.19025
7/11/2023 6:28,17558.75,17558.75,17555.5,17557,34,0,17550.19472
7/11/2023 6:29,17556.75,17558.5,17556.25,17557,49,0,17550.2013
7/11/2023 6:30,17556.75,17557.5,17555.25,17555.25,80,0,17550.21012
7/11/2023 6:31,17555.25,17556.5,17554,17556.5,38,0,17550.21406
7/11/2023 6:32,17556.5,17557.25,17554.5,17554.5,32,0,17550.21722
7/11/2023 6:33,17554.75,17555.5,17554.25,17554.75,26,0,17550.2195
7/11/2023 6:34,17554.25,17554.25,17552.25,17553.5,119,0,17550.22652
7/11/2023 6:35,17553.5,17557,17553.5,17555.25,78,0,17550.23393
7/11/2023 6:36,17555,17556.5,17554.75,17555.75,66,0,17550.2407
7/11/2023 6:37,17556.25,17558.25,17556,17558.25,82,0,17550.25192
7/11/2023 6:38,17558.25,17560.75,17558.25,17558.5,119,0,17550.27188
7/11/2023 6:39,17558.75,17561.5,17558.75,17559.5,114,0,17550.29252
7/11/2023 6:40,17559.75,17562.5,17559.25,17561,103,0,17550.31303
7/11/2023 6:41,17561.25,17562.5,17561,17562,81,0,17550.33049
7/11/2023 6:42,17561.75,17563.75,17561.5,17561.5,122,0,17550.35763
7/11/2023 6:43,17561,17562,17557.75,17559.75,138,0,17550.38198
7/11/2023 6:44,17559.75,17560.75,17559,17560,49,0,17550.39067
7/11/2023 6:45,17560.5,17561.75,17559.5,17561.75,45,0,17550.39954
7/11/2023 6:46,17561,17562.25,17560.25,17561.25,39,0,17550.4074
7/11/2023 6:47,17561.25,17561.5,17558.25,17558.25,45,0,17550.41486
7/11/2023 6:48,17558.5,17558.5,17556,17558,97,0,17550.42759
7/11/2023 6:49,17558.25,17559.75,17558.25,17559.25,32,0,17550.43272
7/11/2023 6:50,17559.25,17560.5,17558.5,17558.75,62,0,17550.44282
7/11/2023 6:51,17558.25,17558.25,17554.25,17555,159,0,17550.45863
7/11/2023 6:52,17555,17558.25,17554.75,17558.25,52,0,17550.46497
7/11/2023 6:53,17557.75,17559.75,17557.25,17557.25,39,0,17550.47044
7/11/2023 6:54,17557.25,17557.75,17556.5,17556.75,41,0,17550.47537
7/11/2023 6:55,17557.25,17557.75,17556,17556.25,33,0,17550.47912
7/11/2023 6:56,17556.5,17557,17555.5,17556.25,55,0,17550.48495
7/11/2023 6:57,17556,17556.5,17554.25,17555.25,57,0,17550.49002
7/11/2023 6:58,17554.5,17555.25,17553.5,17553.5,52,0,17550.49344
7/11/2023 6:59,17553.25,17553.25,17551.5,17552.75,103,0,17550.49722
7/11/2023 7:00,17553.25,17554,17551,17551,102,0,17550.50002
7/11/2023 7:01,17551.5,17552,17549.75,17551,153,0,17550.50118
7/11/2023 7:02,17550.75,17553,17550,17550,93,0,17550.50203
7/11/2023 7:03,17549.75,17554.25,17549.5,17554.25,61,0,17550.50442
7/11/2023 7:04,17554.75,17561,17554.75,17560,214,0,17550.53569
7/11/2023 7:05,17560.25,17560.75,17558.75,17560.5,68,0,17550.54732
7/11/2023 7:06,17560.25,17562.75,17558.5,17562.25,73,0,17550.5613
7/11/2023 7:07,17562,17565,17560.75,17561.5,140,0,17550.59117
7/11/2023 7:08,17561.25,17562.25,17558.5,17561.75,69,0,17550.60387
7/11/2023 7:09,17562.25,17562.75,17561.25,17562.75,50,0,17550.61433
7/11/2023 7:10,17562.5,17563.75,17562,17563.5,69,0,17550.62975
7/11/2023 7:11,17563.25,17564.25,17560.5,17560.75,85,0,17550.64681
7/11/2023 7:12,17561,17564.75,17559.25,17564.25,177,0,17550.68505
7/11/2023 7:13,17563.75,17566,17563.75,17564.5,101,0,17550.71036
7/11/2023 7:14,17564.5,17565.25,17563.75,17564,48,0,17550.722
7/11/2023 7:15,17563.75,17564.25,17561.75,17561.75,53,0,17550.73318
7/11/2023 7:16,17561.75,17563.25,17561.25,17562.25,59,0,17550.74525
7/11/2023 7:17,17562.25,17563.75,17561.5,17563.75,55,0,17550.75722
7/11/2023 7:18,17563.5,17564.75,17562.5,17564.25,69,0,17550.77321
7/11/2023 7:19,17564.5,17564.75,17563,17563,24,0,17550.77866
7/11/2023 7:20,17562.75,17563.5,17561,17562.75,76,0,17550.79431
7/11/2023 7:21,17562.25,17563.25,17562.25,17562.75,143,0,17550.82449
7/11/2023 7:22,17563,17563.75,17560.25,17562.25,90,0,17550.84235
7/11/2023 7:23,17562.75,17563.25,17561.5,17562.75,62,0,17550.85507
7/11/2023 7:24,17563,17569.5,17563,17566.75,307,0,17550.93872
7/11/2023 7:25,17566.5,17571.5,17565.75,17569.5,234,0,17551.01209
7/11/2023 7:26,17569,17569.5,17567.5,17568.25,126,0,17551.05025
7/11/2023 7:27,17568.25,17569.75,17566,17567.5,149,0,17551.09343
7/11/2023 7:28,17567.25,17567.75,17565.75,17566.75,127,0,17551.12786
7/11/2023 7:29,17566,17569.5,17566,17568.5,122,0,17551.16343
7/11/2023 7:30,17568.75,17570,17568.25,17568.75,71,0,17551.18529
7/11/2023 7:31,17568.75,17570.25,17567.5,17568.75,110,0,17551.21873
7/11/2023 7:32,17568.5,17569,17567,17567.5,96,0,17551.24616
7/11/2023 7:33,17567,17573.75,17566.75,17573.75,302,0,17551.35039
7/11/2023 7:34,17573.75,17574.25,17571.25,17571.25,155,0,17551.40567
7/11/2023 7:35,17571.25,17573.25,17571,17573.25,116,0,17551.44734
7/11/2023 7:36,17573.25,17577.25,17573.25,17574.5,320,0,17551.575
7/11/2023 7:37,17574,17574.75,17570.25,17570.25,129,0,17551.61899
7/11/2023 7:38,17570.25,17573.75,17569.75,17572.5,86,0,17551.64857
7/11/2023 7:39,17572.5,17572.5,17568,17569.25,161,0,17551.69807
7/11/2023 7:40,17569.25,17569.75,17568.25,17569.75,90,0,17551.72462
7/11/2023 7:41,17569.75,17570,17567.25,17569.25,124,0,17551.7602
7/11/2023 7:42,17569,17569,17563.5,17564.25,347,0,17551.84017
7/11/2023 7:43,17563.75,17564.25,17562,17563.25,203,0,17551.87838
7/11/2023 7:44,17563.25,17567,17563.25,17566.25,69,0,17551.89398
7/11/2023 7:45,17566.5,17569.25,17566.5,17567.75,101,0,17551.92066
7/11/2023 7:46,17566.75,17567.75,17564.5,17564.75,79,0,17551.93863
7/11/2023 7:47,17564.25,17566.5,17564.25,17566.5,116,0,17551.96509
7/11/2023 7:48,17567.25,17568.25,17565.75,17568.25,59,0,17551.98014
7/11/2023 7:49,17567.75,17569.5,17567.75,17569.25,79,0,17552.00208
7/11/2023 7:50,17569.5,17570.75,17569.25,17569.75,65,0,17552.02125
7/11/2023 7:51,17569,17572.25,17568.5,17571.5,98,0,17552.05141
7/11/2023 7:52,17571.5,17572.25,17571,17571.75,66,0,17552.07267
7/11/2023 7:53,17572,17574.25,17571,17571.75,113,0,17552.11018
7/11/2023 7:54,17571.75,17573.75,17571.25,17573.75,114,0,17552.14898
7/11/2023 7:55,17574,17577,17573.5,17576.25,138,0,17552.20176
7/11/2023 7:56,17576.75,17576.75,17571.75,17572.75,172,0,17552.26208
7/11/2023 7:57,17572.5,17574.5,17571.75,17574.25,111,0,17552.30037
7/11/2023 7:58,17574.25,17576,17572.75,17576,73,0,17552.32716
7/11/2023 7:59,17575.25,17577.25,17574.25,17574.5,150,0,17552.38302
7/11/2023 8:00,17574.5,17579.25,17573.75,17576.75,269,0,17552.48793
7/11/2023 8:01,17577.5,17578,17576.25,17577.5,159,0,17552.55122
7/11/2023 8:02,17577.25,17582.25,17577,17580.25,301,0,17552.68259
7/11/2023 8:03,17580.25,17583.5,17579.75,17583.5,179,0,17552.76702
7/11/2023 8:04,17583.25,17583.25,17580.25,17582.5,161,0,17552.8419
7/11/2023 8:05,17582.5,17582.75,17580.75,17581.75,100,0,17552.88782
7/11/2023 8:06,17581.5,17583.25,17581.25,17581.75,92,0,17552.93043
7/11/2023 8:07,17581.25,17583.25,17579.25,17581,236,0,17553.03574
7/11/2023 8:08,17580.75,17583.75,17580.5,17582,116,0,17553.08889
7/11/2023 8:09,17581.75,17581.75,17579,17579,206,0,17553.17578
7/11/2023 8:10,17578.75,17579.25,17574,17575,334,0,17553.29546
7/11/2023 8:11,17575,17575.5,17573.25,17574.75,178,0,17553.35433
7/11/2023 8:12,17574.75,17576.5,17574.25,17575.5,90,0,17553.38526
7/11/2023 8:13,17575,17576,17574.25,17575.75,78,0,17553.41189
7/11/2023 8:14,17575.25,17575.75,17572.5,17574.25,151,0,17553.46053
7/11/2023 8:15,17574,17575.5,17573.75,17574,93,0,17553.49073
7/11/2023 8:16,17573.75,17573.75,17570.5,17571.25,148,0,17553.53271
7/11/2023 8:17,17571.25,17573.25,17569.25,17570.75,281,0,17553.60864
7/11/2023 8:18,17570.5,17570.75,17563.75,17567,525,0,17553.71735
7/11/2023 8:19,17566.75,17567.75,17563.75,17564.75,282,0,17553.76752
7/11/2023 8:20,17565,17565,17561.5,17563.75,254,0,17553.80464
7/11/2023 8:21,17563.5,17564.5,17560.5,17563.75,207,0,17553.83313
7/11/2023 8:22,17563.5,17568.75,17562.5,17566.5,255,0,17553.87948
7/11/2023 8:23,17566.75,17566.75,17562,17564,186,0,17553.90841
7/11/2023 8:24,17564.25,17566.5,17562.5,17562.5,149,0,17553.93055
7/11/2023 8:25,17562.75,17565,17560.5,17564,211,0,17553.95963
7/11/2023 8:26,17564.5,17568,17563.75,17565.25,138,0,17553.98368
7/11/2023 8:27,17565.5,17567.25,17564.5,17566.75,60,0,17553.99456
7/11/2023 8:28,17566.5,17567.75,17565,17567.75,125,0,17554.01839
7/11/2023 8:29,17568,17573.25,17567.75,17572.25,364,0,17554.11013
7/11/2023 8:30,17572,17574.25,17571.5,17573.25,193,0,17554.16382
7/11/2023 8:31,17573.75,17575.25,17570.75,17574.75,368,0,17554.2685
7/11/2023 8:32,17574.75,17576.25,17573.5,17574.5,236,0,17554.33905
7/11/2023 8:33,17574.5,17576.25,17573.5,17576,136,0,17554.38048
7/11/2023 8:34,17576,17579.25,17574.75,17578.5,253,0,17554.46539
7/11/2023 8:35,17578.5,17588,17578.5,17586,704,0,17554.76582
7/11/2023 8:36,17585.75,17587.5,17580.75,17581,334,0,17554.90106
7/11/2023 8:37,17580.75,17580.75,17578.25,17579.5,175,0,17554.96246
7/11/2023 8:38,17579.5,17580.5,17577.25,17578,189,0,17555.02597
7/11/2023 8:39,17578,17578.75,17573,17575,263,0,17555.10259
7/11/2023 8:40,17574.75,17576,17573.75,17574,151,0,17555.14419
7/11/2023 8:41,17574.25,17577,17570.25,17576.25,472,0,17555.27254
7/11/2023 8:42,17576.5,17579,17575,17579,240,0,17555.34779
7/11/2023 8:43,17578.5,17581.5,17578,17580.75,300,0,17555.45125
7/11/2023 8:44,17580.75,17584.25,17579,17584.25,304,0,17555.56542
7/11/2023 8:45,17584.25,17586.5,17583,17585.75,448,0,17555.74788
7/11/2023 8:46,17586.5,17586.5,17575.5,17578,396,0,17555.87967
7/11/2023 8:47,17578.25,17580,17575.75,17576.25,218,0,17555.94366
7/11/2023 8:48,17576.25,17576.75,17574.25,17576,200,0,17555.99748
7/11/2023 8:49,17576.25,17577.25,17574.25,17575,103,0,17556.02485
7/11/2023 8:50,17574.5,17574.5,17569.75,17571.25,266,0,17556.08194
7/11/2023 8:51,17571.5,17576.25,17568.25,17574.75,351,0,17556.16257
7/11/2023 8:52,17575,17575.75,17570.75,17570.75,168,0,17556.19939
7/11/2023 8:53,17570.75,17572.5,17569,17570,262,0,17556.24972
7/11/2023 8:54,17570.25,17570.5,17564.75,17567,284,0,17556.29216
7/11/2023 8:55,17566.75,17569,17565.75,17569,132,0,17556.31266
7/11/2023 8:56,17568.75,17573.5,17567.75,17572.5,241,0,17556.3606
7/11/2023 8:57,17572.25,17575.75,17571.25,17575.75,240,0,17556.41759
7/11/2023 8:58,17575.25,17577,17574.75,17576,253,0,17556.48285
7/11/2023 8:59,17575.75,17575.75,17571.75,17575.25,369,0,17556.56917
7/11/2023 9:00,17575.5,17577.5,17574,17577.5,115,0,17556.59904
7/11/2023 9:01,17577.5,17578,17569.25,17569.75,279,0,17556.65654
7/11/2023 9:02,17569,17569,17566.25,17567,215,0,17556.68675
7/11/2023 9:03,17566.75,17570.25,17565.75,17568,218,0,17556.71887
7/11/2023 9:04,17568.5,17571.75,17568,17571.25,126,0,17556.74118
7/11/2023 9:05,17571,17572.5,17569,17569.75,116,0,17556.76177
7/11/2023 9:06,17569.5,17570.25,17567.5,17569,154,0,17556.78602
7/11/2023 9:07,17569,17570.25,17566.5,17567,260,0,17556.82339
7/11/2023 9:08,17566.75,17567,17563.25,17565.75,287,0,17556.85482
7/11/2023 9:09,17565.75,17568.75,17565,17568.5,140,0,17556.8738
7/11/2023 9:10,17568.5,17571,17567.75,17571,109,0,17556.89204
7/11/2023 9:11,17570.75,17571.75,17568.25,17569.5,136,0,17556.91457
7/11/2023 9:12,17569.25,17572,17569.25,17571.25,166,0,17556.94408
7/11/2023 9:13,17571.5,17575.25,17571,17573,310,0,17557.00775
7/11/2023 9:14,17573.25,17573.5,17567,17567.25,238,0,17557.04471
7/11/2023 9:15,17567.5,17569.5,17565.25,17567.5,236,0,17557.07567
7/11/2023 9:16,17567.5,17567.5,17564.25,17566,184,0,17557.0962
7/11/2023 9:17,17565.75,17567.5,17564.25,17565.25,134,0,17557.11066
7/11/2023 9:18,17565.25,17566.5,17563.75,17564.75,125,0,17557.12307
7/11/2023 9:19,17565,17565.25,17558.5,17559.5,453,0,17557.1455
7/11/2023 9:20,17559.5,17560.25,17558.25,17559.5,248,0,17557.15227
7/11/2023 9:21,17559.75,17559.75,17555.5,17558,371,0,17557.15502
7/11/2023 9:22,17558.25,17559,17553.25,17554.75,405,0,17557.14758
7/11/2023 9:23,17555,17556.75,17553.5,17554.75,241,0,17557.14121
7/11/2023 9:24,17555,17558.5,17553,17554.5,386,0,17557.13266
7/11/2023 9:25,17554.5,17555.75,17551,17552,310,0,17557.1167
7/11/2023 9:26,17552.25,17554,17548,17553,698,0,17557.07066
7/11/2023 9:27,17553,17553.75,17552,17552.5,180,0,17557.06126
7/11/2023 9:28,17552.25,17555.75,17549.25,17550.75,473,0,17557.03204
7/11/2023 9:29,17550.25,17553,17548.5,17552.75,357,0,17557.00807
7/11/2023 9:30,17553,17554.75,17547.25,17549.5,916,0,17556.93756
7/11/2023 9:31,17549.75,17561,17542.5,17545.25,4976,17549.58333,17556.52877
7/11/2023 9:32,17544.75,17550.75,17532,17549.25,4490,17546.935,17555.93039
7/11/2023 9:33,17549,17550.25,17534.5,17538,2526,17545.66729,17555.53753
7/11/2023 9:34,17537.75,17546.25,17535,17545.25,2091,17545.14753,17555.25405
7/11/2023 9:35,17545.25,17562.25,17541.25,17561.5,3487,17547.10288,17555.24538
7/11/2023 9:36,17561.5,17576,17561.5,17572.75,4518,17551.80343,17555.87406
7/11/2023 9:37,17573.25,17580.5,17566.25,17574.25,3730,17554.96207,17556.47541
7/11/2023 9:38,17574.5,17579.5,17566.75,17578.25,3061,17557.06831,17556.97085
7/11/2023 9:39,17578.5,17581.75,17574.25,17579.25,1771,17558.30185,17557.30056
7/11/2023 9:40,17579,17579.5,17571.25,17575,1552,17559.11868,17557.53917
7/11/2023 9:41,17575.25,17578,17541.75,17544.25,3732,17558.6563,17557.45019
7/11/2023 9:42,17544.25,17546.25,17514.75,17515.25,4732,17554.78845,17556.23957
7/11/2023 9:43,17515.25,17516,17499.75,17509.25,5375,17549.36511,17554.2677
7/11/2023 9:44,17508.25,17519.75,17498.5,17517,3349,17546.81453,17553.20455
7/11/2023 9:45,17517.25,17523.75,17511.25,17515,2846,17545.17197,17552.4443
7/11/2023 9:46,17515.25,17527.75,17507.5,17526.5,3194,17543.75512,17551.71728
7/11/2023 9:47,17526.75,17526.75,17506.75,17513,2560,17542.50778,17551.0668
7/11/2023 9:48,17513.25,17522,17511.25,17517.25,1498,17541.86126,17550.71075
7/11/2023 9:49,17517.5,17523,17511.25,17513.5,1494,17541.22564,17550.35355
7/11/2023 9:50,17514,17514,17494.75,17503,3341,17539.28778,17549.31137
7/11/2023 9:51,17503,17512.5,17495.5,17507,2638,17537.93697,17548.53983
7/11/2023 9:52,17506.75,17511.5,17499.25,17504,1430,17537.24654,17548.13193
7/11/2023 9:53,17504,17517,17498.25,17509.75,1931,17536.4526,17547.63569
7/11/2023 9:54,17509.75,17520.25,17509.25,17519.25,1847,17535.93557,17547.26578
7/11/2023 9:55,17519.5,17523.5,17513.5,17514,1822,17535.46928,17546.91795
7/11/2023 9:56,17514,17516.5,17503.25,17509.75,1635,17534.91505,17546.53939
7/11/2023 9:57,17509.25,17509.5,17489.75,17494.25,2629,17533.66928,17545.75285
7/11/2023 9:58,17494,17505.5,17489.75,17500.75,1918,17532.8319,17545.20457
7/11/2023 9:59,17501.25,17508.5,17499,17507.5,1124,17532.4471,17544.93208
7/11/2023 10:00,17507.75,17516.5,17505.25,17514.5,1631,17532.04659,17544.61217
7/11/2023 10:01,17514.25,17514.25,17497.25,17501.25,2001,17531.39168,17544.1356
7/11/2023 10:02,17501.25,17508.75,17497.75,17505.75,1364,17530.96003,17543.81582
7/11/2023 10:03,17506.25,17508.5,17493,17494.75,1313,17530.47728,17543.4721
7/11/2023 10:04,17494.5,17507,17490.5,17504.5,2059,17529.79273,17542.96617
7/11/2023 10:05,17504,17506,17480.5,17481,2718,17528.59747,17542.13969
7/11/2023 10:06,17481.5,17482.25,17464.5,17475,4704,17525.94811,17540.3728
7/11/2023 10:07,17475.25,17477.5,17468.75,17471,2337,17524.68983,17539.50954
7/11/2023 10:08,17471,17474.5,17459.5,17463.25,2942,17522.9959,17538.34855
7/11/2023 10:09,17462.75,17478.25,17462.5,17477,2159,17521.95461,17537.59757
7/11/2023 10:10,17476.75,17479.5,17469.75,17479.25,1773,17521.19089,17537.02685
7/11/2023 10:11,17479,17483,17476.25,17481.5,1665,17520.5595,17536.53578
7/11/2023 10:12,17480.5,17483,17473,17481.25,1423,17520.01994,17536.11422
7/11/2023 10:13,17481.25,17484.75,17471,17472.25,1546,17519.40646,17535.63878
7/11/2023 10:14,17471.75,17477.25,17467.25,17468.5,1398,17518.80402,17535.17978
7/11/2023 10:15,17468.75,17473,17457.75,17465.5,2062,17517.84167,17534.45667
7/11/2023 10:16,17465.75,17473,17461.5,17471.5,1739,17517.1053,17533.88655
7/11/2023 10:17,17472.25,17482.75,17471.25,17480.5,1496,17516.61007,17533.47425
7/11/2023 10:18,17480,17490.25,17477.75,17489,2577,17515.94669,17532.87253
7/11/2023 10:19,17489,17494,17488.25,17491.75,1632,17515.61699,17532.54405
7/11/2023 10:20,17492,17499,17490,17499,1518,17515.37559,17532.27722
7/11/2023 10:21,17499.25,17508.25,17496.5,17503.5,2324,17515.14212,17531.95079
7/11/2023 10:22,17503.5,17511.75,17503,17510.25,1672,17515.05272,17531.76443
7/11/2023 10:23,17509.75,17514.25,17505,17506.25,1490,17514.97694,17531.60199
7/11/2023 10:24,17506.5,17511.75,17496.75,17511.75,1809,17514.86303,17531.39307
7/11/2023 10:25,17511.25,17512.75,17504.75,17506,1234,17514.79725,17531.25874
7/11/2023 10:26,17506.5,17512.25,17503,17512,1326,17514.74038,17531.1237
7/11/2023 10:27,17512,17515,17508,17512.5,1236,17514.71365,17531.01483
7/11/2023 10:28,17512.75,17523,17510.25,17520.75,2129,17514.76488,17530.88951
7/11/2023 10:29,17520.75,17524,17512,17518.25,1890,17514.81018,17530.78098
7/11/2023 10:30,17518.75,17522.25,17517.25,17521.5,827,17514.84297,17530.74238
7/11/2023 10:31,17520.75,17529.75,17516.75,17527.75,2136,17514.9926,17530.68574
7/11/2023 10:32,17527.75,17533.25,17520.5,17528.25,2426,17515.20072,17530.65013
7/11/2023 10:33,17528.5,17535.75,17526.5,17529.5,1821,17515.39301,17530.6496
7/11/2023 10:34,17529,17532.25,17526.25,17530,968,17515.48613,17530.64479
7/11/2023 10:35,17529.25,17529.25,17521.75,17524,1618,17515.58996,17530.60556
7/11/2023 10:36,17524,17541.25,17521.75,17539.25,2226,17515.86351,17530.63849
7/11/2023 10:37,17539.75,17540.75,17529.5,17531,1445,17516.03363,17530.65751
7/11/2023 10:38,17530.75,17538,17527.75,17537,1108,17516.16551,17530.67426
7/11/2023 10:39,17537.25,17544.25,17534.5,17540.25,1531,17516.39829,17530.73184
7/11/2023 10:40,17540.5,17542.75,17536.75,17541.75,1049,17516.56019,17530.77414
7/11/2023 10:41,17541.75,17545.25,17532,17532.5,1595,17516.76334,17530.81247
7/11/2023 10:42,17532.75,17541.75,17532.5,17534.75,930,17516.87842,17530.83362
7/11/2023 10:43,17535.75,17539.75,17534,17539.75,794,17516.98311,17530.85645
7/11/2023 10:44,17539.5,17542.75,17534.75,17541.5,779,17517.09374,17530.88455
7/11/2023 10:45,17541.75,17553.25,17541.25,17553.25,2614,17517.61155,17531.07901
7/11/2023 10:46,17553,17555,17541.5,17543.5,1777,17517.92617,17531.1904
7/11/2023 10:47,17543.5,17547.25,17538.5,17547.25,1313,17518.13577,17531.25944
7/11/2023 10:48,17547,17560.25,17546.25,17559.5,2433,17518.67494,17531.4915
7/11/2023 10:49,17559.5,17560,17550.5,17553.25,1336,17518.95849,17531.61309
7/11/2023 10:50,17553.25,17558.5,17552.75,17555.5,942,17519.16127,17531.70175
7/11/2023 10:51,17555.5,17557.5,17551,17557.25,785,17519.32703,17531.77411
7/11/2023 10:52,17557,17559.75,17542.75,17543.25,1341,17519.55478,17531.86189
7/11/2023 10:53,17543.25,17543.25,17532.5,17538.75,2317,17519.8018,17531.91826
7/11/2023 10:54,17538.75,17542.25,17533.5,17541.5,886,17519.89917,17531.94268
7/11/2023 10:55,17541.75,17543.5,17537.5,17541.75,898,17520.00618,17531.97357
7/11/2023 10:56,17542,17546.25,17539.25,17542.25,1200,17520.15877,17532.02214
7/11/2023 10:57,17542.5,17544.25,17537.5,17541,664,17520.2361,17532.04462
7/11/2023 10:58,17541,17544,17539.25,17542,485,17520.29449,17532.0625
7/11/2023 10:59,17542.25,17552.25,17540.75,17552,1097,17520.46556,17532.13002
7/11/2023 11:00,17552,17554,17541.25,17544,1248,17520.64444,17532.19715
7/11/2023 11:01,17544.25,17550.75,17543.5,17544,1110,17520.79945,17532.25494
7/11/2023 11:02,17544.25,17548.5,17541,17547.5,844,17520.91413,17532.29725
7/11/2023 11:03,17547.5,17552.5,17545.75,17550.5,893,17521.05335,17532.35475
7/11/2023 11:04,17550.5,17562.75,17548,17560,1781,17521.39734,17532.51664
7/11/2023 11:05,17560.25,17569.5,17557.25,17566.75,2573,17521.98645,17532.8183
7/11/2023 11:06,17566.75,17567.5,17558.75,17559.25,1378,17522.27601,17532.96413
7/11/2023 11:07,17559.25,17561,17552.25,17553.5,1531,17522.54276,17533.08973
7/11/2023 11:08,17553.25,17553.25,17535,17540,2426,17522.79599,17533.17399
7/11/2023 11:09,17540.25,17550.75,17540.25,17547.5,1725,17523.0024,17533.25408
7/11/2023 11:10,17547.25,17547.5,17535.75,17538.5,1440,17523.13107,17533.2916
7/11/2023 11:11,17538.75,17550.25,17537.5,17550.25,1117,17523.26017,17533.34186
7/11/2023 11:12,17549.75,17550.5,17543.5,17544.75,890,17523.36311,17533.38241
7/11/2023 11:13,17544.25,17548.25,17540.25,17547.5,749,17523.44559,17533.41393
7/11/2023 11:14,17547.5,17552.25,17545.5,17546.25,857,17523.55062,17533.4578
7/11/2023 11:15,17546.25,17548.75,17543,17545,652,17523.62208,17533.48549
7/11/2023 11:16,17545.25,17550.75,17541.5,17544.25,941,17523.72402,17533.52495
7/11/2023 11:17,17544.5,17545,17527,17529.75,1983,17523.82312,17533.52764
7/11/2023 11:18,17529.75,17531.75,17518.75,17521,1906,17523.82322,17533.46401
7/11/2023 11:19,17521.25,17531.75,17521,17528.25,1337,17523.84372,17533.43439
7/11/2023 11:20,17527.75,17533,17524,17531.75,839,17523.86687,17533.42334
7/11/2023 11:21,17531.5,17536,17530,17535.5,994,17523.91426,17533.42473
7/11/2023 11:22,17536,17542.75,17535,17542.75,1122,17524.00104,17533.4504
7/11/2023 11:23,17543,17543.25,17535.5,17538.25,789,17524.05714,17533.46522
7/11/2023 11:24,17538.25,17538.5,17530.25,17532.25,833,17524.09494,17533.46578
7/11/2023 11:25,17532.5,17535.75,17528.75,17532.75,943,17524.13184,17533.46246
7/11/2023 11:26,17533,17535.25,17527.25,17533,716,17524.15767,17533.45854
7/11/2023 11:27,17533,17533.25,17521.5,17525.75,964,17524.16971,17533.43718
7/11/2023 11:28,17526.25,17527,17519.5,17524.5,821,17524.16779,17533.41042
7/11/2023 11:29,17524.5,17529.75,17517,17528,1160,17524.1718,17533.37767
7/11/2023 11:30,17527.5,17530.75,17525.75,17528.5,626,17524.18381,17533.3672
7/11/2023 11:31,17528.75,17529.75,17522.5,17523.25,828,17524.18754,17533.34474
7/11/2023 11:32,17523.5,17531.5,17521,17530.25,756,17524.19929,17533.33037
7/11/2023 11:33,17530.25,17531,17521.5,17523.5,727,17524.20305,17533.31124
7/11/2023 11:34,17523.5,17531,17518.25,17528,989,17524.20999,17533.28671
7/11/2023 11:35,17528,17528.25,17521.25,17523.75,537,17524.21049,17533.27111
7/11/2023 11:36,17523.75,17529,17519,17520.5,778,17524.20566,17533.24459
7/11/2023 11:37,17520.5,17528.25,17520.5,17527,630,17524.20862,17533.22817
7/11/2023 11:38,17527.25,17530.5,17523.25,17525.25,908,17524.21727,17533.20782
7/11/2023 11:39,17524.75,17530.25,17522.25,17530.25,580,17524.22599,17533.19724
7/11/2023 11:40,17529.75,17530.25,17523.25,17529.5,645,17524.23588,17533.18569
7/11/2023 11:41,17529,17531,17523.5,17529.25,600,17524.2457,17533.17548
7/11/2023 11:42,17529,17530.75,17511.25,17512.25,1862,17524.19512,17533.08523
7/11/2023 11:43,17513.25,17525,17512.75,17524.75,1024,17524.18001,17533.04507
7/11/2023 11:44,17524.75,17526.25,17521.75,17524.75,661,17524.18021,17533.0265
7/11/2023 11:45,17524.5,17525.5,17515.5,17518.25,738,17524.16595,17532.99528
7/11/2023 11:46,17518.25,17521.75,17513,17514,787,17524.13887,17532.95338
7/11/2023 11:47,17514,17520.5,17513.5,17516.5,717,17524.11617,17532.91673
7/11/2023 11:48,17516.25,17528.75,17515,17527,1200,17524.11341,17532.88134
7/11/2023 11:49,17526.75,17537,17524,17534.75,1731,17524.17121,17532.87609
7/11/2023 11:50,17535,17541.5,17532.25,17540.75,1416,17524.2555,17532.89953
7/11/2023 11:51,17540,17540.75,17533.5,17539,1017,17524.31363,17532.91491
7/11/2023 11:52,17538.75,17540.75,17533.25,17540.75,856,17524.36396,17532.92912
7/11/2023 11:53,17540.5,17554.5,17540.25,17553.5,2109,17524.58495,17533.03656
7/11/2023 11:54,17553,17553.25,17547.75,17552,1129,17524.7091,17533.09901
7/11/2023 11:55,17552,17558.5,17549.75,17556,1360,17524.87822,17533.1893
7/11/2023 11:56,17556.5,17559.75,17553,17557.5,1092,17525.02164,17533.26793
7/11/2023 11:57,17557.5,17566.25,17556,17565.5,1496,17525.25178,17533.40134
7/11/2023 11:58,17565.5,17569.25,17562.25,17567,1622,17525.52179,17533.56223
7/11/2023 11:59,17567.75,17575.75,17567,17573.25,2048,17525.90586,17533.79907
7/11/2023 12:00,17573.5,17584.75,17572.5,17584,2569,17526.46511,17534.15662
7/11/2023 12:01,17584,17592.75,17584,17591.75,3552,17527.34675,17534.73735
7/11/2023 12:02,17592,17595.25,17588.5,17592,2069,17527.86856,17535.08472
7/11/2023 12:03,17592,17598.25,17588.5,17593,1957,17528.36453,17535.41705
7/11/2023 12:04,17593.25,17593.5,17584.5,17586.25,1446,17528.69739,17535.63844
7/11/2023 12:05,17586.75,17591.75,17585,17591.5,913,17528.91032,17535.78081
7/11/2023 12:06,17591.5,17593.75,17587,17590.25,1118,17529.17297,17535.95708
7/11/2023 12:07,17590,17591,17582.5,17585,1379,17529.47199,17536.15639
7/11/2023 12:08,17585.25,17587.5,17581,17586.5,1063,17529.69566,17536.3054
7/11/2023 12:09,17586.25,17587.25,17579,17579.5,809,17529.85525,17536.41105
7/11/2023 12:10,17579.25,17579.75,17573.5,17576,1379,17530.09655,17536.56839
7/11/2023 12:11,17575.5,17579.25,17572,17575.25,973,17530.26197,17536.67613
7/11/2023 12:12,17575.25,17577.75,17572.5,17577,643,17530.37123,17536.74745
7/11/2023 12:13,17577,17580,17570,17572,756,17530.49409,17536.82723
7/11/2023 12:14,17572,17576.25,17570,17575.5,597,17530.59044,17536.88985
7/11/2023 12:15,17575.5,17579.5,17574.5,17575.75,740,17530.71659,17536.97275
7/11/2023 12:16,17575.25,17579.5,17572.25,17574,949,17530.87268,17537.07499
7/11/2023 12:17,17574.5,17575.25,17568.5,17571,868,17531.00278,17537.15909
7/11/2023 12:18,17570.75,17571.25,17566.5,17567.5,755,17531.10649,17537.22521
7/11/2023 12:19,17567.5,17569,17559.25,17563,1206,17531.25039,17537.31453
7/11/2023 12:20,17562.5,17567.75,17560.5,17566.25,686,17531.33439,17537.36714
7/11/2023 12:21,17566.25,17573.25,17565,17572.75,857,17531.45587,17537.4457
7/11/2023 12:22,17572.5,17575.25,17569,17569.25,1003,17531.60012,17537.53947
7/11/2023 12:23,17569,17573.5,17566.75,17573,563,17531.68046,17537.59175
7/11/2023 12:24,17573.25,17575.25,17570.75,17571.25,405,17531.74,17537.63075
7/11/2023 12:25,17571.5,17575,17569,17571.75,447,17531.80471,17537.67308
7/11/2023 12:26,17571.75,17572.75,17567.75,17572,421,17531.86382,17537.71159
7/11/2023 12:27,17571.25,17571.75,17560,17561.75,1082,17531.99037,17537.79131
7/11/2023 12:28,17562,17564.25,17555.5,17555.75,1078,17532.09239,17537.85253
7/11/2023 12:29,17555.25,17556,17529.25,17537.75,4284,17532.22657,17537.88908
7/11/2023 12:30,17538,17542.5,17534.25,17542.25,1484,17532.26519,17537.8962
7/11/2023 12:31,17542.5,17545.5,17538.75,17540.25,1098,17532.30052,17537.90685
7/11/2023 12:32,17540.25,17551,17539,17549.25,1090,17532.35393,17537.93174
7/11/2023 12:33,17549.25,17555,17546.75,17553.5,992,17532.42049,17537.96843
7/11/2023 12:34,17553.5,17554.5,17547.5,17550.75,732,17532.46721,17537.99375
7/11/2023 12:35,17550.25,17551.25,17547.25,17549.25,541,17532.49848,17538.00999
7/11/2023 12:36,17549,17556.75,17548.25,17555.25,672,17532.54679,17538.03756
7/11/2023 12:37,17555.75,17561.5,17551.5,17560,864,17532.62115,17538.08262
7/11/2023 12:38,17559.5,17560.75,17550.25,17551.5,890,17532.68664,17538.12056
7/11/2023 12:39,17551.5,17556.5,17549.75,17553,640,17532.73114,17538.14589
7/11/2023 12:40,17553,17555,17550,17555,448,17532.76254,17538.16387
7/11/2023 12:41,17555,17556.75,17551.5,17551.5,477,17532.79575,17538.18287
7/11/2023 12:42,17551.75,17554.75,17549.25,17554.5,542,17532.83258,17538.2038
7/11/2023 12:43,17555,17555,17547,17550.5,622,17532.87047,17538.22447
7/11/2023 12:44,17550.5,17551.75,17546,17549,463,17532.89557,17538.23748
7/11/2023 12:45,17548.75,17550.75,17546.75,17550.25,307,17532.91252,17538.24635
7/11/2023 12:46,17550.25,17553,17544.25,17549.5,478,17532.9383,17538.25973
7/11/2023 12:47,17549.5,17552.75,17546.75,17550.75,394,17532.96103,17538.27194
7/11/2023 12:48,17550.75,17552,17547.25,17550.75,299,17532.97816,17538.28112
7/11/2023 12:49,17550.75,17552.25,17548,17550.5,311,17532.9962,17538.29085
7/11/2023 12:50,17550.25,17556.5,17550,17555.75,753,17533.0494,17538.3219
7/11/2023 12:51,17556.25,17560,17554.25,17555.25,890,17533.11911,17538.36404
7/11/2023 12:52,17555.25,17560.5,17551.5,17559,709,17533.17553,17538.39839
7/11/2023 12:53,17559.5,17566.5,17557.25,17565,931,17533.26751,17538.45759
7/11/2023 12:54,17564.5,17568.25,17562.75,17568,1000,17533.37699,17538.5297
7/11/2023 12:55,17567.75,17568.5,17562,17564.25,1029,17533.48408,17538.59975
7/11/2023 12:56,17564.5,17564.5,17555.5,17556.25,690,17533.54147,17538.63556
7/11/2023 12:57,17556.25,17562.25,17554.75,17561.75,615,17533.59409,17538.66868
7/11/2023 12:58,17562,17562.75,17557.75,17558.25,414,17533.62939,17538.69093
7/11/2023 12:59,17559.25,17561.5,17555.25,17560,429,17533.66494,17538.71319
7/11/2023 13:00,17559.75,17564,17559.75,17563.5,388,17533.70144,17538.73676
7/11/2023 13:01,17563.25,17569.25,17561.25,17567.25,705,17533.77559,17538.78579
7/11/2023 13:02,17567.25,17571,17564,17570.5,653,17533.84946,17538.83535
7/11/2023 13:03,17570.5,17572,17565.75,17569,661,17533.92482,17538.88605
7/11/2023 13:04,17569.25,17572.25,17566.75,17571.5,398,17533.97165,17538.91777
7/11/2023 13:05,17571,17571.5,17567.75,17569.75,462,17534.02511,17538.95391
7/11/2023 13:06,17570,17571,17563,17564.25,654,17534.09293,17538.99898
7/11/2023 13:07,17564.25,17566,17555.5,17560.5,967,17534.1758,17539.05208
7/11/2023 13:08,17560,17560.75,17556,17559.5,400,17534.20745,17539.07202
7/11/2023 13:09,17559.5,17560.25,17553.5,17557.75,714,17534.26013,17539.10467
7/11/2023 13:10,17557.75,17559.5,17556,17556.25,366,17534.28713,17539.12143
7/11/2023 13:11,17555.75,17559.5,17551.5,17555.75,649,17534.3314,17539.14836
7/11/2023 13:12,17556,17557.75,17552,17552.25,595,17534.36881,17539.1706
7/11/2023 13:13,17552.25,17554.75,17540.5,17546,1620,17534.43432,17539.20273
7/11/2023 13:14,17546.25,17546.25,17538.75,17540,798,17534.45263,17539.20764
7/11/2023 13:15,17540,17549.75,17538,17548.25,1023,17534.48782,17539.22328
7/11/2023 13:16,17547.75,17552,17541.75,17542.75,705,17534.51232,17539.2343
7/11/2023 13:17,17542.75,17551.25,17542.25,17548,473,17534.53117,17539.24363
7/11/2023 13:18,17548.75,17549.25,17545.5,17546.5,392,17534.54665,17539.25127
7/11/2023 13:19,17546.5,17548.75,17540.25,17542.25,607,17534.5642,17539.25805
7/11/2023 13:20,17541.25,17544.75,17537,17544,661,17534.57943,17539.2624
7/11/2023 13:21,17544.5,17547.5,17542.5,17546.5,421,17534.59382,17539.2689
7/11/2023 13:22,17547,17547.25,17538,17538.25,398,17534.60199,17539.27077
7/11/2023 13:23,17538,17544.25,17533.5,17538,781,17534.61169,17539.26944
7/11/2023 13:24,17538.25,17539.25,17532.5,17535,589,17534.61347,17539.26409
7/11/2023 13:25,17535,17541,17534.5,17539.25,462,17534.61869,17539.26294
7/11/2023 13:26,17539,17544,17538.5,17542,483,17534.62901,17539.2656
7/11/2023 13:27,17542,17542.75,17538.5,17541.5,400,17534.6368,17539.26722
7/11/2023 13:28,17541.5,17543.25,17538.5,17540,279,17534.64194,17539.26812
7/11/2023 13:29,17540,17543.5,17538.75,17539.5,337,17534.64813,17539.26921
7/11/2023 13:30,17539.75,17546.25,17539.5,17545.25,418,17534.65978,17539.27371
7/11/2023 13:31,17546.25,17550.5,17543.75,17546.5,823,17534.69087,17539.28909
7/11/2023 13:32,17546.5,17548.75,17543.75,17544.25,616,17534.71151,17539.29855
7/11/2023 13:33,17544,17547.25,17540.75,17545.75,477,17534.72597,17539.3047
7/11/2023 13:34,17546,17548.25,17542.25,17545.5,367,17534.73791,17539.31009
7/11/2023 13:35,17545.5,17548.25,17542.5,17547.25,270,17534.74723,17539.31449
7/11/2023 13:36,17547,17547.5,17544.5,17546.25,318,17534.75827,17539.31972
7/11/2023 13:37,17545.75,17551,17544.25,17549.75,465,17534.77758,17539.32991
7/11/2023 13:38,17550.25,17552.25,17548.75,17551.25,541,17534.80396,17539.3449
7/11/2023 13:39,17551.75,17557,17549,17554.75,660,17534.84172,17539.36767
7/11/2023 13:40,17554.5,17555.25,17551.25,17551.75,493,17534.86858,17539.38363
7/11/2023 13:41,17551.5,17552.5,17543,17543.25,672,17534.8918,17539.39478
7/11/2023 13:42,17543,17546.25,17539,17545.5,658,17534.90913,17539.40143
7/11/2023 13:43,17545.25,17551.25,17545,17547,542,17534.93019,17539.41233
7/11/2023 13:44,17546.75,17546.75,17542.25,17543.5,271,17534.93775,17539.41543
7/11/2023 13:45,17543.5,17545,17540,17543.25,450,17534.94836,17539.41904
7/11/2023 13:46,17543.25,17543.25,17535.25,17541.5,700,17534.95902,17539.42002
7/11/2023 13:47,17541.5,17542,17530.75,17532.75,739,17534.95948,17539.41248
7/11/2023 13:48,17532.75,17533,17523.5,17526.25,1415,17534.92824,17539.37251
7/11/2023 13:49,17526.25,17535.5,17525,17534,846,17534.91958,17539.35663
7/11/2023 13:50,17534,17543,17533.75,17541.75,889,17534.93171,17539.35693
7/11/2023 13:51,17541.5,17543.75,17539.5,17541.5,575,17534.94307,17539.35997
7/11/2023 13:52,17541,17542,17537.5,17537.75,362,17534.94752,17539.35974
7/11/2023 13:53,17538,17542.75,17537.25,17541.75,455,17534.95513,17539.36106
7/11/2023 13:54,17541.75,17543.25,17540.5,17541,265,17534.96033,17539.36245
7/11/2023 13:55,17540.75,17544,17539.75,17541.75,366,17534.96778,17539.36459
7/11/2023 13:56,17541.5,17541.75,17539,17540.25,512,17534.97589,17539.36577
7/11/2023 13:57,17540,17547.25,17539.25,17547,517,17534.99042,17539.37203
7/11/2023 13:58,17547.25,17552.25,17545.5,17551.25,916,17535.02998,17539.39425
7/11/2023 13:59,17551.25,17554.25,17549.5,17550.5,675,17535.06246,17539.41334
7/11/2023 14:00,17550.5,17552.75,17549.5,17551.75,414,17535.08222,17539.42494
7/11/2023 14:01,17551.75,17556.75,17550.5,17556.25,786,17535.12688,17539.45274
7/11/2023 14:02,17555.75,17556,17545.5,17549.5,746,17535.16001,17539.47175
7/11/2023 14:03,17549,17553,17548,17553,358,17535.1769,17539.48169
7/11/2023 14:04,17552.75,17553.5,17549.25,17551.25,270,17535.18961,17539.48917
7/11/2023 14:05,17551.5,17553.75,17550.25,17551,313,17535.20463,17539.49807
7/11/2023 14:06,17551.5,17553.75,17547.25,17549,422,17535.22279,17539.50842
7/11/2023 14:07,17548.5,17552.5,17548,17548.25,285,17535.23468,17539.51512
7/11/2023 14:08,17548,17550.5,17547.25,17549.75,221,17535.24362,17539.52009
7/11/2023 14:09,17549.75,17551.75,17548.25,17551.75,408,17535.26178,17539.53061
7/11/2023 14:10,17552,17554.25,17547.25,17547.75,734,17535.29256,17539.54805
7/11/2023 14:11,17547.25,17551,17545.75,17551,604,17535.31692,17539.56166
7/11/2023 14:12,17551,17552,17540.75,17543.5,897,17535.34303,17539.57383
7/11/2023 14:13,17544,17545,17534.25,17534.25,774,17535.34857,17539.57071
7/11/2023 14:14,17534.25,17541.25,17530.5,17540.25,1225,17535.35554,17539.56439
7/11/2023 14:15,17540.25,17542,17536.25,17536.25,530,17535.3598,17539.56268
7/11/2023 14:16,17536.25,17537,17529.25,17535.75,958,17535.35608,17539.55043
7/11/2023 14:17,17535.75,17535.75,17525.5,17527.75,826,17535.34271,17539.5317
7/11/2023 14:18,17527.75,17531.75,17525.75,17529.25,915,17535.32601,17539.50946
7/11/2023 14:19,17529.25,17532,17527.5,17531,380,17535.32045,17539.50134
7/11/2023 14:20,17531.25,17531.25,17524.75,17525,551,17535.30747,17539.4856
7/11/2023 14:21,17524.75,17529.75,17515,17527.25,1745,17535.25187,17539.42411
7/11/2023 14:22,17527,17528.5,17519.25,17519.25,729,17535.22539,17539.3958
7/11/2023 14:23,17519.25,17525.25,17514.5,17523.5,1058,17535.18344,17539.35189
7/11/2023 14:24,17523.5,17523.5,17517.75,17518.75,499,17535.16222,17539.33003
7/11/2023 14:25,17519,17519.5,17512.5,17516.25,792,17535.12001,17539.28842
7/11/2023 14:26,17516.25,17517.75,17510.75,17516,818,17535.07376,17539.2433
7/11/2023 14:27,17516.25,17517.5,17511.25,17512.75,794,17535.02686,17539.19787
7/11/2023 14:28,17512.25,17523,17512.25,17522,962,17534.98431,17539.15439
7/11/2023 14:29,17521.75,17527,17518.5,17525.5,879,17534.95679,17539.12387
7/11/2023 14:30,17526,17528.5,17523.25,17526,697,17534.93939,17539.10326
7/11/2023 14:31,17526,17527,17522.75,17526,634,17534.92245,17539.08362
7/11/2023 14:32,17526,17528.75,17524.25,17525.25,593,17534.90803,17539.06641
7/11/2023 14:33,17525.25,17525.75,17519,17519,756,17534.87967,17539.03639
7/11/2023 14:34,17519.25,17523.25,17518,17518.5,491,17534.85952,17539.01548
7/11/2023 14:35,17518.75,17519,17512.5,17516.5,720,17534.82234,17538.97865
7/11/2023 14:36,17516.25,17517.25,17506.75,17509.25,1282,17534.73933,17538.89938
7/11/2023 14:37,17509,17516.75,17505.25,17516.5,1080,17534.67498,17538.83712
7/11/2023 14:38,17516.5,17521.25,17512.75,17521.25,699,17534.64413,17538.80561
7/11/2023 14:39,17521.5,17524,17519.75,17522.25,713,17534.6197,17538.77919
7/11/2023 14:40,17522,17524.75,17520.75,17524.25,403,17534.6073,17538.76541
7/11/2023 14:41,17524.25,17532.5,17523.5,17531.25,1007,17534.59229,17538.74398
7/11/2023 14:42,17532.25,17534.5,17531,17534,760,17534.58937,17538.73468
7/11/2023 14:43,17533,17534.25,17530.5,17533.25,481,17534.58688,17538.72828
7/11/2023 14:44,17533,17533.25,17528.5,17532,390,17534.58338,17538.7219
7/11/2023 14:45,17531.75,17535.75,17531,17535,553,17534.58239,17538.71609
7/11/2023 14:46,17534.75,17540.25,17534.5,17539.5,741,17534.58934,17538.71506
7/11/2023 14:47,17539.5,17540.25,17534.25,17535.25,539,17534.59221,17538.71256
7/11/2023 14:48,17534.75,17539,17532.25,17539,656,17534.59599,17538.70975
7/11/2023 14:49,17539,17539.25,17534.75,17536.75,574,17534.59954,17538.70751
7/11/2023 14:50,17536.75,17539.75,17536,17539,472,17534.60413,17538.70704
7/11/2023 14:51,17539.25,17542.75,17537.75,17541.5,642,17534.61447,17538.70977
7/11/2023 14:52,17541.75,17543,17538.5,17540.75,685,17534.62562,17538.7128
7/11/2023 14:53,17540.5,17544.25,17539.25,17544.25,494,17534.63604,17538.71694
7/11/2023 14:54,17543.75,17551.5,17543.5,17551,1039,17534.67455,17538.73927
7/11/2023 14:55,17551,17553.5,17548.25,17549,1122,17534.72058,17538.76709
7/11/2023 14:56,17549.25,17552.5,17544.75,17552.5,756,17534.75078,17538.78522
7/11/2023 14:57,17552.75,17561.25,17552.5,17560.25,1530,17534.84392,17538.84824
7/11/2023 14:58,17560,17562.5,17557.75,17561,863,17534.90157,17538.88807
7/11/2023 14:59,17561.25,17561.75,17559.25,17561,563,17534.93941,17538.91428
7/11/2023 15:00,17561,17561.75,17556.25,17558.25,754,17534.98615,17538.94619
7/11/2023 15:01,17558.5,17561.5,17555.75,17560.25,825,17535.03798,17538.98172
7/11/2023 15:02,17560.25,17561.25,17558.5,17559.75,355,17535.06083,17538.99748
7/11/2023 15:03,17560,17560.75,17553.25,17554.5,843,17535.1069,17539.02823
7/11/2023 15:04,17554.5,17558.5,17552.75,17556.75,542,17535.13619,17539.04775
7/11/2023 15:05,17557.25,17560.75,17557.25,17558.25,424,17535.16206,17539.06546
7/11/2023 15:06,17558.25,17560.25,17552.75,17553.75,705,17535.19918,17539.09012
7/11/2023 15:07,17554,17554.25,17545,17550,1466,17535.25398,17539.1231
7/11/2023 15:08,17549.75,17551.75,17547,17551.5,417,17535.26985,17539.13274
7/11/2023 15:09,17551.5,17554.5,17549.75,17553.75,565,17535.29504,17539.14884
7/11/2023 15:10,17553.25,17553.75,17550.5,17551,450,17535.31399,17539.16078
7/11/2023 15:11,17551,17551.5,17548.5,17550.25,464,17535.33151,17539.17143
7/11/2023 15:12,17550.5,17553.5,17550,17550.5,454,17535.35006,17539.18303
7/11/2023 15:13,17550,17553.75,17549.25,17553,346,17535.36476,17539.19233
7/11/2023 15:14,17552.5,17554,17547.75,17548.25,355,17535.378,17539.20038
7/11/2023 15:15,17548.5,17553.5,17548.5,17550,342,17535.39132,17539.2086
7/11/2023 15:16,17550,17556.5,17549,17552,556,17535.41551,17539.22406
7/11/2023 15:17,17551.75,17552.25,17548.5,17551,475,17535.43381,17539.23535
7/11/2023 15:18,17551.25,17554.75,17549,17553.25,430,17535.45225,17539.24711
7/11/2023 15:19,17553.5,17566.25,17553.5,17565,1511,17535.55205,17539.3174
7/11/2023 15:20,17565,17569.25,17564.5,17568.25,925,17535.62618,17539.37127
7/11/2023 15:21,17568,17570.25,17562.25,17563,998,17535.70034,17539.42467
7/11/2023 15:22,17562.5,17564,17555.25,17556.75,942,17535.75463,17539.46219
7/11/2023 15:23,17557,17560.5,17554.5,17559.25,846,17535.80193,17539.49475
7/11/2023 15:24,17559,17564.25,17558,17564,659,17535.84523,17539.52547
7/11/2023 15:25,17564.25,17565.25,17561,17565,517,17535.88125,17539.55129
7/11/2023 15:26,17565,17567.25,17560.75,17561.75,659,17535.92621,17539.58344
7/11/2023 15:27,17561.75,17565.75,17560.25,17565,458,17535.95784,17539.60613
7/11/2023 15:28,17564.75,17566.5,17561.75,17562.5,420,17535.9867,17539.62683
7/11/2023 15:29,17562.5,17566.25,17561.5,17564.25,342,17536.01051,17539.64394
7/11/2023 15:30,17564,17567,17563,17566.75,381,17536.03849,17539.66422
7/11/2023 15:31,17566.75,17567.75,17561,17561.5,687,17536.08511,17539.69766
7/11/2023 15:32,17561.75,17564.25,17561.25,17562.25,360,17536.10873,17539.71453
7/11/2023 15:33,17562.25,17562.25,17555.75,17557.75,784,17536.15228,17539.74478
7/11/2023 15:34,17557.75,17560,17552.75,17557.25,1047,17536.20522,17539.78092
7/11/2023 15:35,17556.75,17557.5,17552.75,17552.75,403,17536.22322,17539.79287
7/11/2023 15:36,17552.5,17559.25,17551.75,17558.75,639,17536.25521,17539.81471
7/11/2023 15:37,17558.75,17562,17558.25,17561.5,449,17536.28204,17539.83368
7/11/2023 15:38,17561.5,17566.5,17561.25,17565.25,708,17536.33073,17539.86891
7/11/2023 15:39,17564.75,17566,17560.75,17564.5,658,17536.3749,17539.90078
7/11/2023 15:40,17564.5,17567.5,17562.75,17565.75,407,17536.40372,17539.92175
7/11/2023 15:41,17566.25,17570.75,17564.75,17570,748,17536.46232,17539.96501
7/11/2023 15:42,17570.25,17572.25,17567,17570.75,950,17536.53991,17540.02263
7/11/2023 15:43,17571,17573,17570,17572.75,753,17536.60467,17540.07106
7/11/2023 15:44,17572.75,17579,17569.75,17578.5,1596,17536.75596,17540.18552
7/11/2023 15:45,17578.5,17585,17577,17582.25,1603,17536.92865,17540.31794
7/11/2023 15:46,17582.25,17591.25,17582,17587.5,1668,17537.12897,17540.47315
7/11/2023 15:47,17587.5,17594.25,17586.5,17590.5,1844,17537.364,17540.65638
7/11/2023 15:48,17590.25,17599.5,17589.5,17596.25,1971,17537.63484,17540.86898
7/11/2023 15:49,17596.5,17606.75,17595.75,17606.5,1735,17537.90371,17541.08188
7/11/2023 15:50,17606.5,17621.25,17605.5,17620,3118,17538.47374,17541.53785
7/11/2023 15:51,17620.25,17627,17612,17617.25,4259,17539.2704,17542.178
7/11/2023 15:52,17617,17617.25,17604.5,17609.25,2199,17539.63266,17542.46851
7/11/2023 15:53,17608.75,17616,17606.75,17608.25,1696,17539.90955,17542.69088
7/11/2023 15:54,17608,17612.75,17606,17607.25,1231,17540.10445,17542.84741
7/11/2023 15:55,17607.25,17608.75,17597.5,17598.25,2187,17540.41208,17543.09361
7/11/2023 15:56,17598.25,17603,17592.25,17597.75,1988,17540.67167,17543.30105
7/11/2023 15:57,17598.25,17607,17596.75,17605.5,1465,17540.87951,17543.46804
7/11/2023 15:58,17605.5,17609.25,17604.25,17607.75,1443,17541.09595,17543.64258
7/11/2023 15:59,17607.5,17616.75,17606.5,17616.75,2201,17541.45439,17543.93303
7/11/2023 16:00,17616.75,17617,17605,17607.5,6352,17542.41976,17544.71624
7/11/2023 16:01,17607.5,17607.5,17598.25,17598.75,2846,17542.79112,17545.017
7/11/2023 16:02,17598.75,17606.5,17598.75,17605.75,1142,17542.94428,17545.14139
7/11/2023 16:03,17605.5,17605.75,17601.5,17604.25,644,17543.03055,17545.2115
7/11/2023 16:04,17604.25,17607.75,17603.25,17606,552,17543.10652,17545.27334
7/11/2023 16:05,17606.25,17607.5,17605.25,17607,314,17543.15028,17545.309
7/11/2023 16:06,17607.25,17609.25,17606.25,17607.5,635,17543.24011,17545.38224
7/11/2023 16:07,17607.75,17608,17605,17605.5,465,17543.30421,17545.43448
7/11/2023 16:08,17605.75,17609.5,17605.75,17609.5,351,17543.3541,17545.4752
7/11/2023 16:09,17609.75,17611.25,17607.25,17607.75,320,17543.39988,17545.51258
7/11/2023 16:10,17607.75,17610.25,17607.25,17609.75,252,17543.43606,17545.54214
7/11/2023 16:11,17609.5,17609.5,17608,17608.5,336,17543.48394,17545.58125
7/11/2023 16:12,17608.75,17608.75,17605.5,17607,392,17543.53835,17545.62567
7/11/2023 16:13,17606.5,17609.25,17605.5,17608.25,294,17543.57948,17545.65926
7/11/2023 16:14,17608.25,17609.5,17607.5,17608.75,174,17543.60414,17545.67942
7/11/2023 16:15,17608.25,17610.75,17608,17609.5,213,17543.63469,17545.7044
7/11/2023 16:16,17609.75,17610.75,17609.25,17610.5,156,17543.6573,17545.7229
7/11/2023 16:17,17610,17612.75,17610,17612.25,315,17543.70394,17545.76109
7/11/2023 16:18,17612,17614.75,17611.5,17613.75,312,17543.7512,17545.79984
7/11/2023 16:19,17613.5,17614,17611.25,17612.25,165,17543.77587,17545.82005
7/11/2023 16:20,17612.25,17613,17611.5,17612,64,17543.78539,17545.82785
7/11/2023 16:21,17612.25,17612.5,17611,17612,84,17543.79782,17545.83804
7/11/2023 16:22,17612.5,17612.75,17611.25,17611.25,54,17543.8058,17545.84457
7/11/2023 16:23,17611.25,17611.5,17610.5,17610.75,100,17543.82038,17545.85652
7/11/2023 16:24,17610.75,17613,17610.75,17611.5,102,17543.83544,17545.86886
7/11/2023 16:25,17611.5,17612.5,17611.5,17612.5,43,17543.84182,17545.87409
7/11/2023 16:26,17612.25,17612.5,17611,17611,45,17543.84844,17545.87951
7/11/2023 16:27,17611,17612.25,17610.75,17612,65,17543.85801,17545.88736
7/11/2023 16:28,17611.75,17612.5,17611,17611.75,64,17543.86745,17545.89509
7/11/2023 16:29,17611.5,17613,17610.75,17613,103,17543.88274,17545.90763
7/11/2023 16:30,17612.5,17613.25,17612,17612.25,77,17543.89421,17545.91704
7/11/2023 16:31,17612.5,17613.75,17611.75,17613.5,104,17543.90981,17545.92983
7/11/2023 16:32,17613.25,17614.75,17613,17613,140,17543.93098,17545.9472
7/11/2023 16:33,17613,17613,17611.5,17612.5,70,17543.94137,17545.95572
7/11/2023 16:34,17613,17613.75,17611.75,17613,92,17543.95512,17545.967
7/11/2023 16:35,17613,17613.75,17612.25,17612.25,32,17543.95989,17545.97091
7/11/2023 16:36,17612.25,17613.25,17612,17612.75,57,17543.96839,17545.97788
7/11/2023 16:37,17612.5,17614,17612.25,17612.5,52,17543.97616,17545.98426
7/11/2023 16:38,17612,17612.5,17611.75,17612.25,45,17543.98281,17545.98972
7/11/2023 16:39,17612.5,17612.75,17612,17612.75,50,17543.99024,17545.99581
7/11/2023 16:40,17612.25,17613.25,17612,17612.5,48,17543.99738,17546.00167
7/11/2023 16:41,17612.25,17612.75,17612,17612.25,47,17544.00434,17546.00738
7/11/2023 16:42,17612,17612.25,17610.75,17611.75,165,17544.0285,17546.02719
7/11/2023 16:43,17612,17612.5,17610.5,17611.5,169,17544.0532,17546.04745
7/11/2023 16:44,17611.25,17611.5,17610.5,17610.5,33,17544.05797,17546.05136
7/11/2023 16:45,17610.25,17611.25,17609.5,17610.25,80,17544.06945,17546.06078
7/11/2023 16:46,17610.25,17612.25,17608.75,17612,200,17544.09843,17546.08454
7/11/2023 16:47,17611.75,17612.5,17611,17612.25,79,17544.11002,17546.09406
7/11/2023 16:48,17612.25,17613,17611.75,17612.25,50,17544.11741,17546.10011
7/11/2023 16:49,17612,17612,17610.5,17610.5,75,17544.12826,17546.10902
7/11/2023 16:50,17610.25,17610.5,17609.75,17610.25,33,17544.13297,17546.11288
7/11/2023 16:51,17609.75,17610.25,17609,17609.25,94,17544.14626,17546.12378
7/11/2023 16:52,17609.75,17610.5,17609.5,17610.25,18,17544.14883,17546.12588
7/11/2023 16:53,17610,17611.5,17609.5,17610.75,254,17544.18531,17546.15581
7/11/2023 16:54,17610.5,17611.75,17610.25,17611.75,78,17544.19662,17546.16509
7/11/2023 16:55,17611.5,17612,17610,17610,137,17544.21629,17546.18123
7/11/2023 16:56,17610.5,17611,17609.75,17611,79,17544.22762,17546.19052
7/11/2023 16:57,17610.75,17611.75,17610.75,17611.25,16,17544.22994,17546.19243
7/11/2023 16:58,17611,17611.5,17610.75,17611.25,37,17544.23529,17546.19682
7/11/2023 16:59,17611,17611.75,17610.5,17610.75,51,17544.24264,17546.20285
7/11/2023 17:00,17611.25,17612.25,17610.75,17610.75,144,17544.26347,17546.21996
7/11/2023 18:01,17606.25,17608.75,17603.5,17606.5,258,0,17606.25
7/11/2023 18:02,17606.25,17608.75,17605.75,17605.75,132,0,17606.41923
7/11/2023 18:03,17606.25,17607.5,17606.25,17606.25,32,0,17606.43799
7/11/2023 18:04,17606.5,17608,17606,17606.75,47,0,17606.48596
7/11/2023 18:05,17606.75,17607.75,17606.25,17607,20,0,17606.50699
7/11/2023 18:06,17606.75,17608.5,17606.75,17608.25,31,0,17606.58606
7/11/2023 18:07,17608.25,17612,17608.25,17611.75,78,0,17607.11831
7/11/2023 18:08,17611.5,17614.25,17610.75,17612.75,138,0,17608.143
7/11/2023 18:09,17612.5,17615.25,17612.25,17614.5,57,0,17608.564
7/11/2023 18:10,17614.25,17614.5,17612.5,17613,38,0,17608.78209
7/11/2023 18:11,17613.5,17615.25,17613,17615.25,63,0,17609.18503
7/11/2023 18:12,17615.5,17617.75,17615.5,17615.75,113,0,17609.98717
7/11/2023 18:13,17616,17616.25,17615.25,17616.25,33,0,17610.17532
7/11/2023 18:14,17616.25,17617.75,17616.25,17617.25,61,0,17610.55805
7/11/2023 18:15,17617,17617,17616.25,17616.25,10,0,17610.61154
7/11/2023 18:16,17616.5,17617.25,17616,17616.25,28,0,17610.75629
7/11/2023 18:17,17615.75,17616.5,17614.5,17615.75,65,0,17611.01689
7/11/2023 18:18,17615.5,17616,17615,17615,26,0,17611.10813
7/11/2023 18:19,17614.75,17615.25,17614.25,17615.25,14,0,17611.15099
7/11/2023 18:20,17615.25,17615.5,17614.5,17614.5,11,0,17611.18327
7/11/2023 18:21,17614.25,17615,17614,17614.75,17,0,17611.22871
7/11/2023 18:22,17614.25,17615.25,17614.25,17615,9,0,17611.25403
7/11/2023 18:23,17614.5,17617.5,17614.5,17616.5,62,0,17611.48083
7/11/2023 18:24,17616.5,17617.5,17615.75,17616.25,44,0,17611.64005
7/11/2023 18:25,17616.5,17616.75,17615.5,17616.5,17,0,17611.69587
7/11/2023 18:26,17616.5,17617,17615.75,17616,15,0,17611.74401
7/11/2023 18:27,17615.75,17615.75,17615.25,17615.75,8,0,17611.76553
7/11/2023 18:28,17615.5,17615.5,17612.75,17612.75,50,0,17611.82989
7/11/2023 18:29,17613,17613.5,17612.5,17613,37,0,17611.85849
7/11/2023 18:30,17613.25,17613.75,17612.5,17612.75,44,0,17611.89073
7/11/2023 18:31,17612.75,17613.25,17612.5,17613.25,38,0,17611.91714
7/11/2023 18:33,17614.25,17614.5,17612.75,17613.25,58,0,17611.97264
7/11/2023 18:34,17612.75,17614,17612.75,17614,14,0,17611.98616
7/11/2023 18:35,17614,17614.25,17613.25,17613.25,32,0,17612.01623
7/11/2023 18:36,17613.5,17613.75,17612.75,17612.75,6,0,17612.01998
7/11/2023 18:37,17612.75,17614.25,17612.75,17614,22,0,17612.04094
7/11/2023 18:38,17614,17614.5,17614,17614.25,13,0,17612.05744
7/11/2023 18:39,17614.75,17615.75,17614.75,17614.75,28,0,17612.10533
7/11/2023 18:40,17614.75,17615.25,17613,17613.25,70,0,17612.17111
7/11/2023 18:41,17613.5,17613.75,17613,17613,5,0,17612.17403
7/11/2023 18:42,17613,17613.5,17613,17613.5,5,0,17612.17717
7/11/2023 18:43,17613.75,17613.75,17613,17613.75,6,0,17612.18145
7/11/2023 18:44,17613,17614.5,17613,17614.5,10,0,17612.1912
7/11/2023 18:45,17614.25,17615.75,17614.25,17615.75,14,0,17612.21399
7/11/2023 18:46,17615.5,17616.25,17614.5,17616.25,27,0,17612.2629
7/11/2023 18:47,17616,17616.5,17616,17616.5,6,0,17612.27567
7/11/2023 18:48,17616.25,17617,17616,17617,20,0,17612.32113
7/11/2023 18:49,17616.25,17618.5,17616.25,17617.75,48,0,17612.44668
7/11/2023 18:50,17618,17618.25,17617.5,17617.75,9,0,17612.47105
7/11/2023 18:51,17618.25,17618.25,17616.5,17616.75,16,0,17612.50852
7/11/2023 18:52,17616.5,17616.75,17616.25,17616.75,8,0,17612.52471
7/11/2023 18:53,17616.5,17617,17616.5,17616.75,8,0,17612.54144
7/11/2023 18:54,17617.25,17617.25,17616.75,17616.75,8,0,17612.55869
7/11/2023 18:55,17617.25,17617.25,17616.75,17617.25,9,0,17612.57867
7/11/2023 18:56,17617.25,17618.5,17616.5,17616.5,35,0,17612.65613
7/11/2023 18:57,17616.75,17617.25,17616.25,17617,15,0,17612.68614
7/11/2023 18:58,17617.5,17619.75,17617.25,17619.5,85,0,17612.9266
7/11/2023 18:59,17619.5,17621.75,17619.25,17621.25,64,0,17613.15042
7/11/2023 19:00,17621.25,17621.75,17620.25,17620.75,63,0,17613.36315
7/11/2023 19:01,17620.5,17623.25,17620.25,17623,59,0,17613.58333
7/11/2023 19:02,17623,17627.75,17623,17625.75,307,0,17614.95558
7/11/2023 19:03,17626,17628.25,17625.25,17626,150,0,17615.57052
7/11/2023 19:04,17626.25,17626.5,17623.5,17626.5,81,0,17615.84815
7/11/2023 19:05,17626.75,17627.5,17625.25,17625.75,56,0,17616.04383
7/11/2023 19:06,17625.75,17626,17624.5,17626,63,0,17616.24135
7/11/2023 19:07,17626,17626.75,17625.75,17626.5,21,0,17616.31113
7/11/2023 19:08,17626.75,17627,17626.25,17626.75,42,0,17616.45239
7/11/2023 19:09,17626.75,17627.5,17626.75,17627.25,38,0,17616.58301
7/11/2023 19:10,17626.75,17628.75,17626.75,17627.5,107,0,17616.95086
7/11/2023 19:11,17627.5,17627.75,17626.5,17626.75,27,0,17617.03432
7/11/2023 19:12,17626.5,17627.25,17626.25,17626.25,33,0,17617.13028
7/11/2023 19:13,17626.75,17626.75,17625.5,17626,31,0,17617.214
7/11/2023 19:14,17625.75,17627,17625.75,17626.25,39,0,17617.32004
7/11/2023 19:15,17626.25,17627,17625.75,17626.5,57,0,17617.47205
7/11/2023 19:16,17626.75,17628.5,17626.25,17628.25,50,0,17617.61933
7/11/2023 19:17,17628.5,17629,17625.75,17626.25,62,0,17617.78442
7/11/2023 19:18,17626,17626,17625,17625,60,0,17617.91083
7/11/2023 19:19,17625.25,17625.25,17622.5,17623,94,0,17618.05584
7/11/2023 19:20,17623,17624,17622.5,17622.75,91,0,17618.17726
7/11/2023 19:21,17622.75,17623.75,17620.5,17621.5,129,0,17618.30104
7/11/2023 19:22,17621.25,17621.75,17618.75,17620.75,69,0,17618.33785
7/11/2023 19:23,17619.75,17620.25,17619,17619.25,61,0,17618.35545
7/11/2023 19:24,17619,17619.25,17618.5,17618.5,69,0,17618.3621
7/11/2023 19:25,17618.75,17618.75,17615.25,17616.75,183,0,17618.30028
7/11/2023 19:26,17616.5,17616.5,17613.25,17615.75,132,0,17618.20651
7/11/2023 19:27,17615,17615.75,17613.25,17613.25,88,0,17618.12586
7/11/2023 19:28,17613,17614.25,17610.75,17612.25,149,0,17617.94284
7/11/2023 19:29,17612.75,17614.25,17611.25,17611.75,112,0,17617.81282
7/11/2023 19:30,17611.75,17613.75,17610.75,17611,84,0,17617.70912
7/11/2023 19:31,17611.25,17613.75,17610.5,17612,84,0,17617.61323
7/11/2023 19:32,17611.75,17612,17610.75,17611.25,58,0,17617.54018
7/11/2023 19:33,17610.75,17612.25,17610.25,17611.5,58,0,17617.46881
7/11/2023 19:34,17611.5,17612.75,17611.25,17611.25,45,0,17617.41824
7/11/2023 19:35,17610.75,17613.25,17610.25,17612.75,46,0,17617.37045
7/11/2023 19:36,17613.25,17613.75,17612.5,17613,56,0,17617.3242
7/11/2023 19:37,17612.5,17613,17611,17612.25,58,0,17617.26629
7/11/2023 19:38,17612.75,17613,17612.25,17612.5,6,0,17617.26094
7/11/2023 19:39,17613,17613,17611.25,17612.25,15,0,17617.24644
7/11/2023 19:40,17612.5,17612.5,17611.5,17612.25,9,0,17617.23764
7/11/2023 19:41,17612.5,17613,17611.75,17613,13,0,17617.22621
7/11/2023 19:42,17613,17615.5,17613,17614.5,60,0,17617.19377
7/11/2023 19:43,17615,17615.5,17614.25,17614.75,24,0,17617.18324
7/11/2023 19:44,17615.25,17616,17614.25,17615.5,45,0,17617.16719
7/11/2023 19:45,17615.75,17616,17614.75,17615,23,0,17617.15909
7/11/2023 19:46,17615.25,17615.25,17614,17614,35,0,17617.14157
7/11/2023 19:47,17613.5,17613.75,17613,17613.5,21,0,17617.12735
7/11/2023 19:48,17613.5,17615.5,17613.5,17615,10,0,17617.12288
7/11/2023 19:49,17613.75,17615,17613.25,17614.75,13,0,17617.11632
7/11/2023 19:50,17614.25,17614.5,17613.5,17614,12,0,17617.10956
7/11/2023 19:51,17614.25,17614.75,17613.25,17613.25,28,0,17617.09265
7/11/2023 19:52,17613.25,17615,17613.25,17614.5,24,0,17617.08044
7/11/2023 19:53,17614.75,17615.75,17614.5,17615.5,42,0,17617.06678
7/11/2023 19:54,17615.5,17616,17614.5,17614.5,41,0,17617.05184
7/11/2023 19:55,17614.25,17614.25,17613.25,17614,39,0,17617.02985
7/11/2023 19:56,17613.5,17614.25,17612.75,17613.75,60,0,17616.99401
7/11/2023 19:57,17613.75,17614.5,17613.75,17614.5,14,0,17616.98736
7/11/2023 19:58,17614.25,17614.25,17612.5,17614,41,0,17616.9634
7/11/2023 19:59,17613.5,17613.75,17612.25,17613,69,0,17616.91699
7/11/2023 20:00,17613,17613,17612.25,17612.5,14,0,17616.90672
7/11/2023 20:01,17612.5,17612.75,17610.25,17612.5,103,0,17616.81977
7/11/2023 20:02,17612.25,17614,17610.75,17611.5,40,0,17616.78846
7/11/2023 20:03,17611.25,17611.5,17608.5,17610.5,66,0,17616.717
7/11/2023 20:04,17610.25,17613,17609.25,17612.75,64,0,17616.6647
7/11/2023 20:05,17612.75,17614.75,17612.75,17613.25,42,0,17616.6439
7/11/2023 20:06,17613.25,17614.75,17612.5,17614,23,0,17616.63324
7/11/2023 20:07,17614,17614.5,17612.75,17613.25,40,0,17616.6133
7/11/2023 20:08,17613,17614.5,17612.5,17614.25,29,0,17616.60015
7/11/2023 20:09,17614.25,17617,17613.5,17616.75,79,0,17616.58964
7/11/2023 20:10,17616.25,17617.5,17616.25,17616.25,33,0,17616.59004
7/11/2023 20:11,17616,17616,17614.75,17614.75,35,0,17616.58233
7/11/2023 20:12,17614.75,17615.25,17611.5,17611.75,54,0,17616.55125
7/11/2023 20:13,17611.5,17613.5,17610.5,17612.75,50,0,17616.51849
7/11/2023 20:14,17613.25,17613.25,17610.25,17611.5,55,0,17616.47818
7/11/2023 20:15,17611.25,17613.25,17611.25,17612.25,24,0,17616.46291
7/11/2023 20:16,17612.25,17613,17611,17612.25,49,0,17616.43085
7/11/2023 20:17,17612.25,17612.25,17611.5,17612,22,0,17616.41606
7/11/2023 20:18,17612,17615,17612,17614.5,32,0,17616.40381
7/11/2023 20:19,17614.25,17614.5,17613.25,17613.25,27,0,17616.3929
7/11/2023 20:20,17613.25,17613.5,17611.25,17611.25,34,0,17616.37096
7/11/2023 20:21,17610.75,17611,17609,17611,57,0,17616.32083
7/11/2023 20:22,17611.25,17612.25,17608.25,17609.25,113,0,17616.21712
7/11/2023 20:23,17609.25,17609.25,17604.5,17605.25,129,0,17616.03772
7/11/2023 20:24,17605.75,17608.25,17605.25,17607.5,26,0,17616.00478
7/11/2023 20:25,17607,17608.25,17606.25,17608,23,0,17615.97744
7/11/2023 20:26,17607.5,17607.75,17606.25,17606.25,30,0,17615.93892
7/11/2023 20:27,17606.5,17609,17606.5,17608.75,91,0,17615.84069
7/11/2023 20:28,17608.75,17609.25,17608.5,17609,35,0,17615.80754
7/11/2023 20:29,17609.25,17610,17609.25,17609.25,24,0,17615.78691
7/11/2023 20:30,17609.25,17612,17609.25,17611.5,47,0,17615.7559
7/11/2023 20:31,17611.5,17614.25,17611.5,17613.25,64,0,17615.73222
7/11/2023 20:32,17613.25,17613.75,17612.25,17612.5,24,0,17615.72291
7/11/2023 20:33,17612.5,17612.5,17609,17609.75,47,0,17615.68973
7/11/2023 20:34,17610,17610.5,17608.5,17609.5,51,0,17615.64803
7/11/2023 20:35,17610.25,17610.25,17607,17607.75,53,0,17615.59716
7/11/2023 20:36,17607.25,17608.5,17607.25,17608.25,39,0,17615.55849
7/11/2023 20:37,17608.75,17608.75,17606.5,17607.75,55,0,17615.50224
7/11/2023 20:38,17607.25,17608.5,17606.25,17607.75,30,0,17615.47124
7/11/2023 20:39,17607.25,17607.75,17605.5,17605.75,50,0,17615.41264
7/11/2023 20:40,17606,17606,17604.25,17605,77,0,17615.31161
7/11/2023 20:41,17605.5,17606,17603.75,17605.25,56,0,17615.23879
7/11/2023 20:42,17605.75,17609.25,17605.75,17608.5,54,0,17615.18869
7/11/2023 20:43,17608.25,17608.5,17606.5,17607,24,0,17615.16515
7/11/2023 20:44,17607,17607,17605.25,17605.5,20,0,17615.1421
7/11/2023 20:45,17606.25,17607,17605.5,17606.5,25,0,17615.11475
7/11/2023 20:46,17607,17607,17605.25,17606,55,0,17615.05348
7/11/2023 20:47,17605.75,17607.5,17605.5,17607.5,29,0,17615.02418
7/11/2023 20:48,17607.25,17607.5,17606,17606.75,29,0,17614.99479
7/11/2023 20:49,17606.75,17607.25,17606.5,17607.25,9,0,17614.98599
7/11/2023 20:50,17607,17607,17604.5,17605.75,46,0,17614.93431
7/11/2023 20:51,17605.5,17606,17604.75,17606,18,0,17614.91387
7/11/2023 20:52,17605.75,17607,17604.75,17606.25,64,0,17614.84516
7/11/2023 20:53,17606.5,17609.25,17606.5,17608.5,47,0,17614.80709
7/11/2023 20:54,17608.25,17608.75,17607.75,17608.75,24,0,17614.78878
7/11/2023 20:55,17608.5,17609.75,17608.5,17609.25,44,0,17614.75939
7/11/2023 20:56,17609.25,17612.25,17609.25,17612.25,67,0,17614.73167
7/11/2023 20:57,17612.75,17613.75,17611,17612.25,72,0,17614.71149
7/11/2023 20:58,17611.75,17612.25,17610.75,17611.25,35,0,17614.69807
7/11/2023 20:59,17611.5,17612,17610.75,17611,21,0,17614.68966
7/11/2023 21:00,17610.75,17611,17609.25,17609.75,35,0,17614.67068
7/11/2023 21:01,17609.5,17610.5,17609,17609.5,60,0,17614.63619
7/11/2023 21:02,17609.25,17611.5,17609.25,17611,43,0,17614.61628
7/11/2023 21:03,17611.25,17612.75,17610.75,17612.5,20,0,17614.61031
7/11/2023 21:04,17612.75,17613.5,17611.5,17612,66,0,17614.5933
7/11/2023 21:05,17612,17614.75,17611.75,17613.75,62,0,17614.5851
7/11/2023 21:06,17613.75,17615,17613.5,17614.75,45,0,17614.58426
7/11/2023 21:07,17614.5,17614.75,17612.75,17613,40,0,17614.57943
7/11/2023 21:08,17613.25,17616.75,17612.75,17613.75,170,0,17614.5764
7/11/2023 21:09,17614,17615.5,17614,17615.25,18,0,17614.57707
7/11/2023 21:10,17615.5,17615.5,17614.25,17615.25,59,0,17614.57978
7/11/2023 21:11,17615.25,17616.75,17614,17616,75,0,17614.58786
7/11/2023 21:12,17615.75,17615.75,17613.75,17614.75,54,0,17614.5888
7/11/2023 21:13,17615,17615,17614,17614.75,67,0,17614.58876
7/11/2023 21:14,17614.5,17615.25,17613,17615,23,0,17614.58834
7/11/2023 21:15,17615.5,17616,17614.25,17614.75,24,0,17614.58939
7/11/2023 21:16,17614.75,17616,17613.75,17616,44,0,17614.59244
7/11/2023 21:17,17616,17619,17616,17617.25,148,0,17614.63569
7/11/2023 21:18,17617,17617.25,17615.75,17616,35,0,17614.64181
7/11/2023 21:19,17616,17616,17615,17615.5,25,0,17614.64402
7/11/2023 21:20,17615,17615,17613.25,17613.75,50,0,17614.64072
7/11/2023 21:21,17614.25,17614.25,17610.5,17611.25,104,0,17614.61292
7/11/2023 21:22,17611.25,17612.75,17610,17612.75,60,0,17614.59614
7/11/2023 21:23,17612.25,17613,17611.75,17611.75,16,0,17614.59224
7/11/2023 21:24,17612,17612.5,17610.25,17611,96,0,17614.56032
7/11/2023 21:25,17610.5,17610.5,17609.5,17610,69,0,17614.52922
7/11/2023 21:26,17609.75,17610.25,17609,17609.5,72,0,17614.49428
7/11/2023 21:27,17609.75,17611.75,17609,17611,66,0,17614.46912
7/11/2023 21:28,17610.25,17610.25,17608.75,17609,44,0,17614.44719
7/11/2023 21:29,17609.25,17610.5,17609,17609.25,21,0,17614.43729
7/11/2023 21:30,17608.5,17608.5,17606.5,17607.5,78,0,17614.38527
7/11/2023 21:31,17607.5,17609,17607,17607,40,0,17614.35953
7/11/2023 21:32,17606.75,17607,17602.75,17605,193,0,17614.18815
7/11/2023 21:33,17604.5,17607,17604.25,17605.5,46,0,17614.15108
7/11/2023 21:34,17606.5,17606.75,17605,17606.75,32,0,17614.12723
7/11/2023 21:35,17606,17606.5,17603.5,17604.25,63,0,17614.07241
7/11/2023 21:36,17605,17607,17605,17605.75,54,0,17614.03174
7/11/2023 21:37,17605.75,17608.25,17605.75,17607.75,68,0,17613.98942
7/11/2023 21:38,17607.75,17609.25,17607.25,17608.75,59,0,17613.95941
7/11/2023 21:39,17608,17609,17607.75,17608.25,28,0,17613.94506
7/11/2023 21:40,17608.25,17610,17608,17609.5,40,0,17613.92773
7/11/2023 21:41,17609.25,17611.5,17609.25,17610.5,47,0,17613.91282
7/11/2023 21:42,17611,17615.25,17610.75,17614.75,148,0,17613.90847
7/11/2023 21:43,17615,17616.25,17614.5,17614.5,95,0,17613.91834
7/11/2023 21:44,17614.5,17615.75,17612.75,17614.25,69,0,17613.92035
7/11/2023 21:45,17614.25,17617,17613.5,17616.75,76,0,17613.93248
7/11/2023 21:46,17616.75,17617.25,17614,17615.25,107,0,17613.94699
7/11/2023 21:47,17615.25,17615.75,17614.25,17614.75,30,0,17613.94949
7/11/2023 21:48,17614.75,17616.25,17612.75,17613.25,51,0,17613.95008
7/11/2023 21:49,17613.25,17615,17612.75,17614.25,55,0,17613.95031
7/11/2023 21:50,17614.25,17615,17613.25,17613.25,22,0,17613.9501
7/11/2023 21:51,17613.5,17613.5,17611.25,17611.5,62,0,17613.94028
7/11/2023 21:52,17611.5,17613,17611,17612.5,67,0,17613.93025
7/11/2023 21:53,17612,17612.25,17611.25,17611.75,21,0,17613.92639
7/11/2023 21:54,17611.5,17613.75,17611.5,17613.75,32,0,17613.9239
7/11/2023 21:55,17613.5,17615,17612.75,17614,71,0,17613.92386
7/11/2023 21:56,17614.25,17615.5,17613.75,17614.75,50,0,17613.92695
7/11/2023 21:57,17614.25,17614.25,17612,17612.25,52,0,17613.92224
7/11/2023 21:58,17612.5,17612.5,17611.25,17611.25,21,0,17613.91833
7/11/2023 21:59,17611.25,17612,17609,17609.25,87,0,17613.89095
7/11/2023 22:00,17609.25,17609.5,17608.25,17608.25,56,0,17613.86705
7/11/2023 22:01,17608,17609.75,17608,17608.5,46,0,17613.8479
7/11/2023 22:02,17608,17609.25,17607.5,17609.25,42,0,17613.83025
7/11/2023 22:03,17610.25,17610.5,17609,17610,45,0,17613.81572
7/11/2023 22:04,17610,17611.5,17610,17611.25,40,0,17613.80638
7/11/2023 22:05,17611.5,17612.25,17611,17611.75,29,0,17613.80139
7/11/2023 22:06,17611,17612,17610.75,17611.75,28,0,17613.79623
7/11/2023 22:07,17612.25,17613.75,17612,17612,30,0,17613.79332
7/11/2023 22:08,17612,17612,17610.75,17610.75,18,0,17613.78954
7/11/2023 22:09,17610.25,17610.75,17609,17610.75,34,0,17613.77973
7/11/2023 22:10,17611,17611.25,17610.25,17610.75,13,0,17613.7766
7/11/2023 22:11,17610.75,17612.25,17609.75,17612.25,32,0,17613.7706
7/11/2023 22:12,17612.5,17613.25,17611.75,17612,27,0,17613.76753
7/11/2023 22:13,17612.25,17612.5,17610.5,17611.25,16,0,17613.76455
7/11/2023 22:14,17611,17611,17609.25,17609.25,25,0,17613.7568
7/11/2023 22:15,17610,17611,17610,17610.75,16,0,17613.75279
7/11/2023 22:16,17611,17611.75,17610,17611.5,45,0,17613.74336
7/11/2023 22:17,17611.5,17613.5,17611.5,17612.5,29,0,17613.74053
7/11/2023 22:18,17613.25,17613.75,17613,17613.5,21,0,17613.74
7/11/2023 22:19,17613,17613.5,17612.5,17613.5,17,0,17613.73923
7/11/2023 22:20,17613.25,17613.5,17611.75,17612,12,0,17613.738
7/11/2023 22:21,17612.5,17614,17612.5,17614,27,0,17613.7375
7/11/2023 22:22,17614.25,17615.25,17614,17614.25,67,0,17613.74145
7/11/2023 22:23,17615,17619.25,17615,17618.75,201,0,17613.80167
7/11/2023 22:24,17618.75,17619.25,17617.5,17618,67,0,17613.8243
7/11/2023 22:25,17617.75,17618,17616,17616.75,75,0,17613.84181
7/11/2023 22:26,17616.5,17616.75,17615,17615.25,49,0,17613.84853
7/11/2023 22:27,17614.75,17614.75,17613.25,17613.75,92,0,17613.849
7/11/2023 22:28,17614,17614.75,17613,17613.5,62,0,17613.84855
7/11/2023 22:29,17614,17614,17612.25,17613.5,33,0,17613.84708
7/11/2023 22:30,17613.75,17615.25,17613.75,17614.75,36,0,17613.84904
7/11/2023 22:31,17614.75,17615.25,17613.5,17613.5,38,0,17613.8497
7/11/2023 22:32,17614,17616.75,17613.75,17616.75,41,0,17613.85543
7/11/2023 22:33,17616.75,17618.25,17615.75,17618,52,0,17613.86868
7/11/2023 22:34,17618.25,17618.75,17617.5,17618.25,60,0,17613.88749
7/11/2023 22:35,17618,17620.5,17618,17618.75,81,0,17613.91801
7/11/2023 22:36,17618.5,17618.75,17617.5,17617.5,39,0,17613.92929
7/11/2023 22:37,17617.5,17618.75,17616.5,17618.75,39,0,17613.94074
7/11/2023 22:38,17618.5,17618.5,17616.5,17616.5,21,0,17613.94562
7/11/2023 22:39,17616.5,17617.75,17616.5,17617,14,0,17613.94878
7/11/2023 22:40,17617.75,17617.75,17616.5,17616.75,21,0,17613.95338
7/11/2023 22:41,17616.5,17618,17616.5,17617.75,30,0,17613.96083
7/11/2023 22:42,17617.75,17617.75,17616.75,17617.5,13,0,17613.96397
7/11/2023 22:43,17617.5,17620,17617.5,17619.25,59,0,17613.9848
7/11/2023 22:44,17619.5,17620.5,17619.25,17620.25,51,0,17614.0066
7/11/2023 22:45,17620,17620.5,17619.25,17620.5,39,0,17614.02339
7/11/2023 22:46,17620.25,17620.75,17619.75,17620,26,0,17614.03468
7/11/2023 22:47,17619.75,17621.5,17619.75,17621.25,44,0,17614.05577
7/11/2023 22:48,17621,17621.5,17620.25,17620.75,52,0,17614.08052
7/11/2023 22:49,17620.5,17620.75,17619.75,17620.25,32,0,17614.09436
7/11/2023 22:50,17620.25,17620.25,17619.5,17619.5,25,0,17614.10425
7/11/2023 22:51,17619.5,17622,17619.5,17620,66,0,17614.13365
7/11/2023 22:52,17620,17620.25,17619.5,17620.25,24,0,17614.14343
7/11/2023 22:53,17620.25,17621.75,17620.25,17621,46,0,17614.16529
7/11/2023 22:54,17620.75,17621.75,17620.75,17621.25,26,0,17614.17803
7/11/2023 22:55,17621.75,17623.25,17621,17623,61,0,17614.21265
7/11/2023 22:56,17622.75,17623.75,17622,17622,107,0,17614.2739
7/11/2023 22:57,17622,17623.25,17621.5,17623,17,0,17614.28355
7/11/2023 22:58,17623.25,17624.25,17622.75,17624,56,0,17614.3193
7/11/2023 22:59,17624.25,17625.75,17623.5,17625.25,83,0,17614.37834
7/11/2023 23:00,17625.5,17626.25,17625.25,17625.75,89,0,17614.44641
7/11/2023 23:01,17625.75,17626,17623,17624,142,0,17614.53994
7/11/2023 23:02,17623.75,17624.75,17622.5,17623.25,110,0,17614.60512
7/11/2023 23:03,17623,17624.5,17623,17623.5,93,0,17614.66051
7/11/2023 23:04,17623,17623,17621.25,17621.25,51,0,17614.68447
7/11/2023 23:05,17621,17622,17620.75,17621.5,29,0,17614.69724
7/11/2023 23:06,17621.25,17622,17621.25,17621.75,20,0,17614.70634
7/11/2023 23:07,17622.25,17622.75,17621.25,17621.75,28,0,17614.7195
7/11/2023 23:08,17622,17623.25,17621.75,17623,31,0,17614.73553
7/11/2023 23:09,17623.25,17624,17623,17623.25,43,0,17614.75974
7/11/2023 23:10,17623.25,17623.75,17621.75,17621.75,50,0,17614.7845
7/11/2023 23:11,17621.75,17622.25,17621.25,17621.75,46,0,17614.80515
7/11/2023 23:12,17622.5,17623.25,17622,17622.75,61,0,17614.83594
7/11/2023 23:13,17623,17623,17620.5,17621.75,85,0,17614.87348
7/11/2023 23:14,17621.5,17621.75,17621,17621,20,0,17614.88161
7/11/2023 23:15,17621.75,17621.75,17620.75,17621.25,19,0,17614.88932
7/11/2023 23:16,17621,17621.75,17620.75,17621,30,0,17614.9013
7/11/2023 23:17,17620.75,17621.75,17620,17621.75,57,0,17614.92392
7/11/2023 23:18,17622,17622.5,17621.75,17622,34,0,17614.93931
7/11/2023 23:19,17621.75,17622,17621.75,17621.75,9,0,17614.94323
7/11/2023 23:20,17621.75,17622.25,17620.75,17622.25,35,0,17614.95825
7/11/2023 23:21,17622.5,17622.5,17621.75,17622,20,0,17614.96722
7/11/2023 23:22,17621.75,17621.75,17621.25,17621.75,10,0,17614.97138
7/11/2023 23:23,17622,17622.5,17622,17622.25,20,0,17614.98053
7/11/2023 23:24,17622.75,17623,17622.25,17622.75,26,0,17614.99307
7/11/2023 23:25,17622.75,17622.75,17622.25,17622.5,7,0,17614.99637
7/11/2023 23:26,17622.25,17622.5,17621.75,17622.25,31,0,17615.01028
7/11/2023 23:27,17622.25,17622.75,17622,17622.25,10,0,17615.01486
7/11/2023 23:28,17622.25,17622.5,17621.5,17621.75,40,0,17615.03209
7/11/2023 23:29,17622,17622.5,17622,17622,15,0,17615.03876
7/11/2023 23:30,17621.75,17621.75,17620.75,17620.75,9,0,17615.04215
7/11/2023 23:31,17620.75,17622.5,17620.5,17621.5,36,0,17615.0566
7/11/2023 23:32,17621.5,17622.25,17621.25,17621.5,12,0,17615.06153
7/11/2023 23:33,17621.5,17622.5,17621.5,17622.5,24,0,17615.07211
7/11/2023 23:34,17622.75,17624.75,17622.75,17624.5,65,0,17615.10796
7/11/2023 23:35,17624.75,17626.25,17624.25,17625.75,75,0,17615.1555
7/11/2023 23:36,17625.5,17625.75,17625,17625.5,42,0,17615.18193
7/11/2023 23:37,17625.5,17627.75,17625.25,17627.25,135,0,17615.27693
7/11/2023 23:38,17627.25,17627.75,17626.25,17627.5,53,0,17615.31514
7/11/2023 23:39,17627,17627.75,17627,17627.5,40,0,17615.34442
7/11/2023 23:40,17627.5,17629.75,17627,17627.25,149,0,17615.45747
7/11/2023 23:41,17627.75,17628,17626.5,17627,61,0,17615.50013
7/11/2023 23:42,17626.5,17626.5,17625.75,17626,16,0,17615.51023
7/11/2023 23:43,17625.75,17625.75,17623.75,17624,65,0,17615.54497
7/11/2023 23:44,17624.25,17624.25,17622.75,17622.75,27,0,17615.55731
7/11/2023 23:45,17622.5,17623.75,17622.5,17623.25,36,0,17615.57354
7/11/2023 23:46,17622.75,17623.75,17622.5,17623.25,51,0,17615.5964
7/11/2023 23:47,17623.25,17623.5,17622.5,17623.5,17,0,17615.60399
7/11/2023 23:48,17623.5,17623.5,17622.5,17623,11,0,17615.60879
7/11/2023 23:49,17623,17623,17622.25,17622.25,9,0,17615.61244
7/11/2023 23:50,17622.25,17626.5,17622.25,17625.25,144,0,17615.68861
7/11/2023 23:51,17625,17625,17623.75,17624,32,0,17615.70458
7/11/2023 23:52,17623.75,17623.75,17623.75,17623.75,3,0,17615.70599
7/11/2023 23:53,17623.75,17623.75,17622.25,17622.5,19,0,17615.71388
7/11/2023 23:54,17623,17623.25,17622,17622.75,26,0,17615.72439
7/11/2023 23:55,17622.75,17622.75,17622,17622.5,17,0,17615.731
7/11/2023 23:56,17623.25,17624,17623,17623.75,15,0,17615.73783
7/11/2023 23:57,17623.75,17623.75,17623.25,17623.5,16,0,17615.74503
7/11/2023 23:58,17623.75,17624.25,17623.25,17624,22,0,17615.75534
7/11/2023 23:59,17624,17624.25,17623.5,17623.5,6,0,17615.75811
7/12/2023 0:00,17623.5,17624.5,17623.5,17624,13,0,17615.76431
7/12/2023 0:01,17624.5,17625,17623.25,17624.5,34,0,17615.78097
7/12/2023 0:02,17624.5,17624.75,17623.75,17623.75,6,0,17615.78384
7/12/2023 0:03,17623.5,17624.5,17623,17624.5,13,0,17615.79
7/12/2023 0:04,17624.75,17625.75,17624.75,17625,30,0,17615.8062
7/12/2023 0:05,17625.25,17625.25,17624.5,17625,15,0,17615.81406
7/12/2023 0:06,17624.75,17625,17624.5,17625,10,0,17615.81924
7/12/2023 0:07,17625.5,17626,17625.5,17626,17,0,17615.82902
7/12/2023 0:08,17626,17626.5,17625.5,17626,13,0,17615.83661
7/12/2023 0:09,17625.25,17625.25,17624.25,17625,24,0,17615.84898
7/12/2023 0:10,17625,17625,17624.5,17624.5,9,0,17615.85353
7/12/2023 0:11,17624.75,17625,17624.25,17624.25,19,0,17615.86293
7/12/2023 0:12,17624.5,17625,17624.5,17624.75,7,0,17615.86649
7/12/2023 0:13,17625,17625.25,17624.25,17624.5,21,0,17615.87704
7/12/2023 0:14,17624.5,17625.25,17624.5,17625,10,0,17615.88221
7/12/2023 0:15,17625.5,17625.75,17624.75,17625,26,0,17615.89597
7/12/2023 0:16,17625.5,17625.75,17625,17625,17,0,17615.90502
7/12/2023 0:17,17625.25,17627.25,17625.25,17627.25,23,0,17615.91899
7/12/2023 0:18,17627.5,17628.25,17627.25,17627.25,43,0,17615.94745
7/12/2023 0:19,17627.25,17627.75,17627,17627.5,17,0,17615.95851
7/12/2023 0:20,17628,17632.5,17628,17632,199,0,17616.12443
7/12/2023 0:21,17632.25,17633,17631.25,17631.75,83,0,17616.19795
7/12/2023 0:22,17631.5,17631.5,17631,17631,16,0,17616.2113
7/12/2023 0:23,17631.5,17631.75,17629.75,17630.75,49,0,17616.2509
7/12/2023 0:24,17630.75,17631.75,17630.75,17631.5,17,0,17616.26514
7/12/2023 0:25,17631.25,17632.25,17631,17631.75,23,0,17616.28479
7/12/2023 0:26,17632,17632,17631,17631.25,14,0,17616.29653
7/12/2023 0:27,17631.5,17631.75,17630.75,17631,22,0,17616.31465
7/12/2023 0:28,17631.25,17638,17631.25,17636.5,298,0,17616.62195
7/12/2023 0:29,17637,17637.25,17635.5,17637.25,75,0,17616.70349
7/12/2023 0:30,17636.75,17638,17635.75,17638,75,0,17616.78673
7/12/2023 0:31,17638.25,17639,17635,17635.75,143,0,17616.93848
7/12/2023 0:32,17635.5,17635.5,17633.25,17633.25,67,0,17616.99954
7/12/2023 0:33,17633.75,17633.75,17632.5,17633.5,44,0,17617.03764
7/12/2023 0:34,17633,17633.25,17632.5,17632.75,44,0,17617.07459
7/12/2023 0:35,17633.25,17634.5,17633,17634,31,0,17617.10217
7/12/2023 0:36,17633.75,17634,17633.25,17633.75,10,0,17617.11095
7/12/2023 0:37,17633.25,17633.5,17631.75,17632,46,0,17617.14821
7/12/2023 0:38,17632.5,17633,17631.75,17632.5,19,0,17617.16355
7/12/2023 0:39,17632.5,17633.5,17632.25,17632.25,37,0,17617.19381
7/12/2023 0:40,17632.5,17632.5,17631,17632,46,0,17617.22926
7/12/2023 0:41,17632,17634,17632,17633.75,25,0,17617.25031
7/12/2023 0:42,17633.75,17634.25,17632.5,17632.5,36,0,17617.28022
7/12/2023 0:43,17632.5,17634,17632.25,17633,34,0,17617.30836
7/12/2023 0:44,17633,17633,17632,17632,22,0,17617.32565
7/12/2023 0:45,17631.75,17632.5,17630.75,17631,41,0,17617.35581
7/12/2023 0:46,17631.25,17631.75,17630.5,17630.75,41,0,17617.38494
7/12/2023 0:47,17631.25,17632,17630.5,17630.5,22,0,17617.40053
7/12/2023 0:48,17630.25,17631,17629.75,17629.75,34,0,17617.42307
7/12/2023 0:49,17629.5,17630.5,17629,17630.25,58,0,17617.46059
7/12/2023 0:50,17630,17630.5,17629.75,17630,26,0,17617.47757
7/12/2023 0:51,17629.75,17630,17629,17629.5,19,0,17617.48937
7/12/2023 0:52,17629.5,17629.75,17629,17629.75,10,0,17617.49557
7/12/2023 0:53,17629.25,17630,17629.25,17629.75,10,0,17617.50185
7/12/2023 0:54,17629.25,17629.75,17629.25,17629.75,8,0,17617.50684
7/12/2023 0:55,17629.5,17629.5,17627.75,17628,45,0,17617.5321
7/12/2023 0:56,17628.75,17629,17628.75,17629,11,0,17617.53854
7/12/2023 0:57,17629,17629.25,17628.25,17628.25,26,0,17617.5533
7/12/2023 0:58,17628.5,17629.5,17628.25,17628.25,31,0,17617.57096
7/12/2023 0:59,17628.5,17629.75,17628.5,17629.5,42,0,17617.59607
7/12/2023 1:00,17629.5,17629.5,17628.75,17629.25,15,0,17617.60494
7/12/2023 1:01,17629,17629,17627,17627.5,44,0,17617.62791
7/12/2023 1:02,17628,17628.75,17627.5,17628.75,35,0,17617.64699
7/12/2023 1:03,17628.25,17628.75,17627.5,17628,19,0,17617.65708
7/12/2023 1:04,17627.75,17630,17627.75,17629.5,14,0,17617.66521
7/12/2023 1:05,17629.75,17631,17629.75,17631,39,0,17617.69078
7/12/2023 1:06,17630.75,17630.75,17629.75,17630,14,0,17617.69964
7/12/2023 1:07,17630.25,17630.25,17628.25,17628.5,23,0,17617.7128
7/12/2023 1:08,17628.75,17628.75,17626.75,17626.75,51,0,17617.7378
7/12/2023 1:09,17627,17628,17626,17626.25,53,0,17617.76187
7/12/2023 1:10,17626.5,17626.5,17625.25,17625.75,41,0,17617.77851
7/12/2023 1:11,17626,17627.25,17626,17626.5,42,0,17617.79706
7/12/2023 1:12,17627,17628.25,17626.25,17628.25,35,0,17617.81422
7/12/2023 1:13,17628,17628.75,17628,17628.5,20,0,17617.82483
7/12/2023 1:14,17628.75,17628.75,17627.75,17627.75,19,0,17617.83457
7/12/2023 1:15,17628.75,17629,17627.75,17628.25,26,0,17617.8482
7/12/2023 1:16,17628.25,17629.25,17627.75,17629.25,25,0,17617.86179
7/12/2023 1:17,17629.5,17630,17628.5,17628.75,26,0,17617.87632
7/12/2023 1:18,17629,17629,17627.25,17627.5,9,0,17617.88082
7/12/2023 1:19,17627.75,17627.75,17627,17627.5,11,0,17617.88604
7/12/2023 1:20,17627,17631,17627,17630.5,158,0,17617.97662
7/12/2023 1:21,17630.5,17631,17629.25,17629.25,42,0,17618.00115
7/12/2023 1:22,17629.75,17630.5,17628.5,17628.75,29,0,17618.01719
7/12/2023 1:23,17629,17630.25,17629,17630.25,8,0,17618.02184
7/12/2023 1:24,17630.25,17633.25,17630.25,17632,68,0,17618.06786
7/12/2023 1:25,17631.5,17632.25,17629.25,17629.75,86,0,17618.11969
7/12/2023 1:26,17629.5,17630,17628.25,17629.5,34,0,17618.13813
7/12/2023 1:27,17629.75,17630.25,17629.75,17629.75,16,0,17618.1473
7/12/2023 1:28,17629.75,17631,17629.5,17630.75,13,0,17618.15506
7/12/2023 1:29,17631,17631.25,17630.25,17630.5,14,0,17618.16358
7/12/2023 1:30,17630.25,17630.75,17630,17630,11,0,17618.17004
7/12/2023 1:31,17631,17631.75,17630.25,17630.25,20,0,17618.18225
7/12/2023 1:32,17630,17630.25,17629,17629.5,22,0,17618.19441
7/12/2023 1:33,17628.75,17628.75,17625.75,17625.75,85,0,17618.22953
7/12/2023 1:34,17626,17627,17625.5,17625.75,28,0,17618.24014
7/12/2023 1:35,17626.25,17627.25,17626,17626.25,21,0,17618.24849
7/12/2023 1:36,17626.75,17626.75,17625.75,17625.75,16,0,17618.25453
7/12/2023 1:37,17625.75,17625.75,17624.5,17625.25,38,0,17618.26715
7/12/2023 1:38,17624.75,17626.25,17623.25,17625.75,80,0,17618.29325
7/12/2023 1:39,17625.5,17626.5,17625.25,17625.5,22,0,17618.3011
7/12/2023 1:40,17625.5,17625.5,17624.5,17624.5,32,0,17618.31108
7/12/2023 1:41,17624.5,17625.25,17623.5,17623.75,39,0,17618.32196
7/12/2023 1:42,17623.5,17623.5,17621,17622,111,0,17618.34219
7/12/2023 1:43,17622.25,17623.75,17619.25,17622,135,0,17618.36334
7/12/2023 1:44,17622,17625.5,17621.25,17624.25,183,0,17618.40866
7/12/2023 1:45,17623.5,17625.25,17623.5,17624.75,25,0,17618.41576
7/12/2023 1:46,17624.25,17624.25,17623,17624,31,0,17618.42347
7/12/2023 1:47,17623.5,17624.75,17623.5,17624.25,45,0,17618.43548
7/12/2023 1:48,17624.5,17624.75,17623.25,17624.25,32,0,17618.44387
7/12/2023 1:49,17623.75,17625,17623.75,17624.5,16,0,17618.4483
7/12/2023 1:50,17624.75,17625.75,17624.25,17624.5,28,0,17618.45658
7/12/2023 1:51,17624.25,17625,17623.25,17624.5,32,0,17618.46516
7/12/2023 1:52,17624,17625,17624,17625,17,0,17618.47003
7/12/2023 1:53,17625,17625,17623.5,17624.5,28,0,17618.47761
7/12/2023 1:54,17624.5,17626.75,17624.5,17626.75,35,0,17618.48974
7/12/2023 1:55,17625.75,17626,17625,17625.25,18,0,17618.49548
7/12/2023 1:56,17624.75,17625.25,17623.75,17624.25,32,0,17618.50419
7/12/2023 1:57,17624.25,17624.25,17622.25,17622.75,39,0,17618.51239
7/12/2023 1:58,17623.25,17624.75,17623.25,17623.5,41,0,17618.52238
7/12/2023 1:59,17623.25,17623.5,17622.75,17623,18,0,17618.52614
7/12/2023 2:00,17623.5,17624,17622.75,17623.5,56,0,17618.53864
7/12/2023 2:01,17623.75,17625.75,17622.75,17623.25,72,0,17618.55626
7/12/2023 2:02,17623.25,17628,17623.25,17627.75,80,0,17618.58447
7/12/2023 2:03,17627.5,17629.5,17627.5,17628.5,76,0,17618.61851
7/12/2023 2:04,17628.75,17629.75,17628.5,17629,82,0,17618.65714
7/12/2023 2:05,17629,17632,17628.75,17632,75,0,17618.69839
7/12/2023 2:06,17632,17633.25,17631,17632.75,105,0,17618.76232
7/12/2023 2:07,17633.25,17636,17631,17631.75,128,0,17618.84276
7/12/2023 2:08,17631.5,17633.5,17631.5,17633.25,56,0,17618.87725
7/12/2023 2:09,17633.25,17634.75,17633,17633.25,48,0,17618.90863
7/12/2023 2:10,17633.25,17635,17633.25,17633.75,50,0,17618.9419
7/12/2023 2:11,17633.5,17635,17633.5,17634.75,29,0,17618.96167
7/12/2023 2:12,17635.5,17637.25,17633.75,17634.5,117,0,17619.04474
7/12/2023 2:13,17634,17634,17633.25,17634,36,0,17619.0679
7/12/2023 2:14,17634,17635.75,17633.75,17634.25,58,0,17619.10717
7/12/2023 2:15,17634.5,17634.5,17632.5,17633.75,36,0,17619.12987
7/12/2023 2:16,17633.75,17634.5,17632.75,17634,45,0,17619.15848
7/12/2023 2:17,17634.5,17634.75,17633,17633,59,0,17619.19539
7/12/2023 2:18,17632.75,17633.75,17631.25,17631.75,47,0,17619.22195
7/12/2023 2:19,17631.25,17631.75,17628.25,17629.75,123,0,17619.27858
7/12/2023 2:20,17629,17629.5,17627.25,17628.75,46,0,17619.29681
7/12/2023 2:21,17628.75,17629.75,17627.75,17629,67,0,17619.32418
7/12/2023 2:22,17628.75,17629.5,17627,17628.5,36,0,17619.33806
7/12/2023 2:23,17628.5,17629.25,17627.5,17629.25,33,0,17619.35121
7/12/2023 2:24,17629.25,17629.5,17626,17628.5,45,0,17619.3678
7/12/2023 2:25,17629,17629.25,17627.75,17628.75,49,0,17619.38701
7/12/2023 2:26,17629,17629.5,17628.75,17629,16,0,17619.39361
7/12/2023 2:27,17628.75,17629.25,17628.25,17628.25,15,0,17619.39947
7/12/2023 2:28,17627.5,17629.5,17627.5,17629.5,21,0,17619.40788
7/12/2023 2:29,17629.75,17631.75,17629.75,17631.5,82,0,17619.44809
7/12/2023 2:30,17631.75,17632,17630.5,17630.5,28,0,17619.46176
7/12/2023 2:31,17630.5,17630.5,17628.75,17630.25,50,0,17619.48363
7/12/2023 2:32,17630,17631.75,17630,17631,34,0,17619.5
7/12/2023 2:33,17630.25,17632.75,17630.25,17632,23,0,17619.51177
7/12/2023 2:34,17631.5,17631.5,17630.25,17630.25,25,0,17619.52349
7/12/2023 2:35,17630.75,17631,17629.75,17630.5,16,0,17619.53081
7/12/2023 2:36,17630,17630.25,17628.75,17630.25,20,0,17619.53938
7/12/2023 2:37,17629.75,17630,17629,17629.5,15,0,17619.54565
7/12/2023 2:38,17629.25,17630.25,17629,17629,26,0,17619.5564
7/12/2023 2:39,17629.25,17629.25,17627.75,17627.75,15,0,17619.56186
7/12/2023 2:40,17627.5,17628,17626,17626.5,36,0,17619.5728
7/12/2023 2:41,17626.5,17627.25,17626.25,17626.75,40,0,17619.58478
7/12/2023 2:42,17626.75,17627,17624.75,17625.25,47,0,17619.59668
7/12/2023 2:43,17625,17626.25,17624.25,17626.25,33,0,17619.6049
7/12/2023 2:44,17625.75,17626.25,17624.5,17625.75,17,0,17619.60906
7/12/2023 2:45,17626,17626,17623.75,17624.5,39,0,17619.61738
7/12/2023 2:46,17625,17625,17622.75,17623.75,51,0,17619.62628
7/12/2023 2:47,17623.25,17624.25,17623,17623.25,45,0,17619.63349
7/12/2023 2:48,17623.25,17623.5,17622.5,17623.25,30,0,17619.63776
7/12/2023 2:49,17622.75,17623.5,17622,17622.5,53,0,17619.64437
7/12/2023 2:50,17622.75,17622.75,17621.25,17621.75,65,0,17619.65044
7/12/2023 2:51,17621.25,17623,17621.25,17622.25,68,0,17619.65745
7/12/2023 2:52,17622.5,17622.5,17621.5,17621.75,28,0,17619.66004
7/12/2023 2:53,17621.25,17622.25,17621,17622,22,0,17619.66191
7/12/2023 2:54,17622.25,17622.75,17620.25,17620.75,44,0,17619.66477
7/12/2023 2:55,17620.75,17623.5,17620.75,17623.5,60,0,17619.67189
7/12/2023 2:56,17623.75,17624.5,17623,17624,40,0,17619.67866
7/12/2023 2:57,17623.5,17624.25,17623,17624.25,30,0,17619.68372
7/12/2023 2:58,17624.5,17624.5,17624,17624.25,17,0,17619.68687
7/12/2023 2:59,17624.25,17624.75,17623.5,17624.25,29,0,17619.69213
7/12/2023 3:00,17624.5,17625.75,17624.25,17625.5,41,0,17619.70121
7/12/2023 3:01,17625.25,17628.75,17622.75,17628.75,233,0,17619.76702
7/12/2023 3:02,17628.25,17630.75,17626.5,17626.5,187,0,17619.82763
7/12/2023 3:03,17626,17627,17625,17626.5,68,0,17619.84472
7/12/2023 3:04,17625.75,17625.75,17622,17623.5,103,0,17619.86061
7/12/2023 3:05,17623.5,17624.5,17621.5,17624.25,115,0,17619.87669
7/12/2023 3:06,17624.5,17627,17621.75,17622,97,0,17619.89078
7/12/2023 3:07,17621.75,17623.25,17621.5,17622,102,0,17619.90017
7/12/2023 3:08,17622.75,17624,17621,17621,82,0,17619.90687
7/12/2023 3:09,17621,17622.75,17619.75,17620.75,126,0,17619.9126
7/12/2023 3:10,17621,17623.25,17620.25,17621.5,70,0,17619.91734
7/12/2023 3:11,17621.75,17623.25,17621,17622.25,80,0,17619.92427
7/12/2023 3:12,17621.75,17624.25,17621.5,17622.75,78,0,17619.93297
7/12/2023 3:13,17623.25,17623.25,17621.5,17622,50,0,17619.93741
7/12/2023 3:14,17622.5,17622.5,17618.75,17619.75,101,0,17619.93893
7/12/2023 3:15,17618.75,17619.75,17618,17618.75,84,0,17619.9354
7/12/2023 3:16,17619,17620.75,17617.25,17619.75,106,0,17619.93265
7/12/2023 3:17,17620.25,17624.25,17620.25,17624.25,118,0,17619.94593
7/12/2023 3:18,17623.5,17626.25,17622.25,17626.25,94,0,17619.96348
7/12/2023 3:19,17626.25,17626.25,17623.25,17623.5,41,0,17619.9702
7/12/2023 3:20,17624,17624,17620,17621.75,72,0,17619.97544
7/12/2023 3:21,17621.75,17624.25,17621.75,17624,55,0,17619.98234
7/12/2023 3:22,17624.5,17626,17622,17624,67,0,17619.99236
7/12/2023 3:23,17623.5,17624.75,17623.25,17624.5,31,0,17619.99718
7/12/2023 3:24,17624.25,17624.75,17623.25,17624.75,25,0,17620.00113
7/12/2023 3:25,17624.5,17625,17622.75,17623.25,47,0,17620.00752
7/12/2023 3:26,17623.5,17627.25,17623.5,17627.25,82,0,17620.02569
7/12/2023 3:27,17627.75,17631.75,17627.75,17631.75,187,0,17620.09706
7/12/2023 3:28,17631,17634.25,17630.75,17633,178,0,17620.17871
7/12/2023 3:29,17632.5,17634.25,17631.75,17634,81,0,17620.21748
7/12/2023 3:30,17633.5,17634.5,17633.25,17633.5,49,0,17620.24156
7/12/2023 3:31,17633.75,17634.75,17633.25,17633.5,54,0,17620.26817
7/12/2023 3:32,17633.75,17634.75,17632.5,17632.5,74,0,17620.3029
7/12/2023 3:33,17632.5,17632.5,17629.5,17631.5,107,0,17620.34476
7/12/2023 3:34,17631,17634.75,17631,17633.75,46,0,17620.36597
7/12/2023 3:35,17634.25,17638.75,17634.25,17637.25,187,0,17620.47538
7/12/2023 3:36,17636.5,17638.25,17635.75,17638.25,35,0,17620.49653
7/12/2023 3:37,17638,17642,17637.5,17640.25,190,0,17620.62726
7/12/2023 3:38,17639.75,17641.5,17638.75,17640.75,77,0,17620.68087
7/12/2023 3:39,17641.25,17643.75,17641.25,17643.5,149,0,17620.79688
7/12/2023 3:40,17643.5,17645,17641.5,17643.75,153,0,17620.91787
7/12/2023 3:41,17643.5,17644.25,17641.5,17644,103,0,17620.99799
7/12/2023 3:42,17644.25,17646.5,17643.5,17645,147,0,17621.12027
7/12/2023 3:43,17645,17646,17643.5,17645.25,89,0,17621.19344
7/12/2023 3:44,17645,17646,17643.5,17645,107,0,17621.28051
7/12/2023 3:45,17644.75,17646,17641.5,17642.25,148,0,17621.39187
7/12/2023 3:46,17642.25,17643,17639.25,17642.75,156,0,17621.49961
7/12/2023 3:47,17643,17646,17642.25,17644.75,128,0,17621.59874
7/12/2023 3:48,17644.5,17645.75,17642.25,17644,87,0,17621.66465
7/12/2023 3:49,17643.5,17645,17643.25,17643.5,44,0,17621.69771
7/12/2023 3:50,17644,17645.5,17643.75,17645,57,0,17621.742
7/12/2023 3:51,17645,17645.75,17643.5,17645.25,104,0,17621.82265
7/12/2023 3:52,17645.75,17647.5,17644,17644,148,0,17621.93811
7/12/2023 3:53,17644.5,17645.25,17643,17643,53,0,17621.97668
7/12/2023 3:54,17643.25,17644,17641.25,17642.5,71,0,17622.02537
7/12/2023 3:55,17643.25,17645,17641.75,17641.75,56,0,17622.06408
7/12/2023 3:56,17642.5,17642.75,17641.25,17641.75,34,0,17622.08648
7/12/2023 3:57,17641.75,17642.25,17640.5,17641.25,72,0,17622.13235
7/12/2023 3:58,17641.25,17642,17638.25,17639.25,186,0,17622.24067
7/12/2023 3:59,17639.25,17640.5,17638.25,17639.25,91,0,17622.29169
7/12/2023 4:00,17639,17639.75,17638.5,17639.75,36,0,17622.31179
7/12/2023 4:01,17639.5,17639.75,17636.25,17638.5,151,0,17622.38984
7/12/2023 4:02,17638.75,17640.25,17637,17637.25,61,0,17622.42116
7/12/2023 4:03,17637,17643,17636.5,17641,173,0,17622.52049
7/12/2023 4:04,17641,17641,17638.25,17638.5,83,0,17622.56529
7/12/2023 4:05,17638.25,17640.75,17638.25,17639.25,58,0,17622.59677
7/12/2023 4:06,17639.25,17639.5,17637.5,17637.5,58,0,17622.6258
7/12/2023 4:07,17637.75,17638.25,17636.5,17637.25,58,0,17622.65318
7/12/2023 4:08,17637.5,17639.75,17637.5,17639.75,44,0,17622.67622
7/12/2023 4:09,17640.25,17641.25,17639.75,17640.5,62,0,17622.71156
7/12/2023 4:10,17641,17643.75,17641,17643,109,0,17622.78059
7/12/2023 4:11,17642.5,17643,17640.5,17642.5,79,0,17622.82886
7/12/2023 4:12,17642,17642.75,17640.75,17641.25,48,0,17622.85743
7/12/2023 4:13,17641,17642.25,17639.75,17640.75,59,0,17622.89118
7/12/2023 4:14,17641.5,17642,17640,17640.25,87,0,17622.94027
7/12/2023 4:15,17640.25,17642.5,17639.75,17642.5,65,0,17622.97848
7/12/2023 4:16,17642.5,17643,17641.25,17641.75,89,0,17623.03171
7/12/2023 4:17,17642,17642.5,17641.25,17641.75,24,0,17623.04588
7/12/2023 4:18,17641.5,17647.25,17641.5,17644.75,231,0,17623.20046
7/12/2023 4:19,17644.5,17645.5,17641.25,17641.75,124,0,17623.2761
7/12/2023 4:20,17642.25,17642.5,17639.25,17639.75,86,0,17623.322
7/12/2023 4:21,17640.25,17640.5,17637.25,17638,126,0,17623.38135
7/12/2023 4:22,17637.25,17638,17636.5,17636.5,50,0,17623.40234
7/12/2023 4:23,17637,17638,17634.5,17635,104,0,17623.44206
7/12/2023 4:24,17635,17636.5,17633.5,17634.25,187,0,17623.50665
7/12/2023 4:25,17634.25,17634.75,17632.75,17633,120,0,17623.54315
7/12/2023 4:26,17633.25,17635.5,17633,17633.25,162,0,17623.59404
7/12/2023 4:27,17633.25,17637.5,17632.75,17637,112,0,17623.63513
7/12/2023 4:28,17637.5,17638,17636.5,17637.5,56,0,17623.65824
7/12/2023 4:29,17637.75,17643,17637.75,17640.5,207,0,17623.76212
7/12/2023 4:30,17640,17641,17639.5,17639.75,33,0,17623.77823
7/12/2023 4:31,17639.25,17641.25,17638,17640.5,67,0,17623.81052
7/12/2023 4:32,17640.25,17640.25,17636.75,17637,48,0,17623.83082
7/12/2023 4:33,17636.5,17637.5,17636.25,17637,31,0,17623.8429
7/12/2023 4:34,17636.75,17638.75,17636.5,17638,46,0,17623.86193
7/12/2023 4:35,17638.75,17639.75,17637.25,17637.25,43,0,17623.8801
7/12/2023 4:36,17637.5,17637.75,17635.75,17637,50,0,17623.89931
7/12/2023 4:37,17637,17639.25,17637,17638.75,39,0,17623.91599
7/12/2023 4:38,17639.25,17639.25,17635.5,17636.75,38,0,17623.93089
7/12/2023 4:39,17636,17636.5,17635,17636.5,45,0,17623.94694
7/12/2023 4:40,17636,17638.25,17635.5,17638.25,41,0,17623.96314
7/12/2023 4:41,17638.25,17639.5,17637.5,17638.75,67,0,17623.992
7/12/2023 4:42,17638.75,17639.25,17637.5,17639.25,64,0,17624.01962
7/12/2023 4:43,17638.5,17638.75,17637.25,17638.25,24,0,17624.02954
7/12/2023 4:44,17639,17639.75,17637.5,17637.5,24,0,17624.03956
7/12/2023 4:45,17637.75,17638.25,17636.75,17637.5,31,0,17624.0518
7/12/2023 4:46,17637.25,17639.25,17637.25,17637.75,25,0,17624.06208
7/12/2023 4:47,17637.75,17637.75,17636.5,17637,29,0,17624.07314
7/12/2023 4:48,17636.5,17639.75,17636.5,17639.5,46,0,17624.09267
7/12/2023 4:49,17639.25,17639.75,17638.25,17638.5,69,0,17624.12236
7/12/2023 4:50,17638.25,17641.25,17638.25,17640,61,0,17624.15029
7/12/2023 4:51,17639.5,17641.75,17639.25,17639.25,58,0,17624.17717
7/12/2023 4:52,17639.25,17639.25,17637.25,17637.25,67,0,17624.2039
7/12/2023 4:53,17637,17638,17636,17636.25,39,0,17624.21809
7/12/2023 4:54,17636.25,17636.25,17635.25,17635.75,58,0,17624.23746
7/12/2023 4:55,17635.75,17637.25,17635.25,17636.25,48,0,17624.25413
7/12/2023 4:56,17635.5,17637,17635,17635.25,89,0,17624.28364
7/12/2023 4:57,17635.5,17636,17634.5,17636,28,0,17624.29269
7/12/2023 4:58,17636.25,17638.5,17635.25,17638.25,39,0,17624.30732
7/12/2023 4:59,17637.5,17639.5,17637.25,17639.5,69,0,17624.33595
7/12/2023 5:00,17639.25,17639.5,17638.25,17638.75,24,0,17624.34594
7/12/2023 5:01,17639,17639,17636.5,17637.25,61,0,17624.36908
7/12/2023 5:02,17636.75,17639.75,17636.75,17639,34,0,17624.38283
7/12/2023 5:03,17639.5,17640.25,17639.25,17639.25,70,0,17624.41324
7/12/2023 5:04,17639,17640,17637.75,17638.5,88,0,17624.44919
7/12/2023 5:05,17638.75,17640.5,17638.75,17640.25,39,0,17624.46627
7/12/2023 5:06,17640,17641.75,17639.5,17639.5,65,0,17624.49543
7/12/2023 5:07,17640.75,17641,17639.5,17640.5,63,0,17624.52373
7/12/2023 5:08,17639.75,17640.75,17639.25,17639.25,51,0,17624.54572
7/12/2023 5:09,17639,17640.5,17639,17639.5,19,0,17624.55385
7/12/2023 5:10,17640,17640.25,17638.75,17640.25,44,0,17624.57276
7/12/2023 5:11,17640.25,17640.25,17638.5,17638.5,71,0,17624.60183
7/12/2023 5:12,17638.75,17639.75,17638.25,17638.25,35,0,17624.61579
7/12/2023 5:13,17639,17640.75,17639,17639.75,61,0,17624.64191
7/12/2023 5:14,17639.5,17644.75,17639.5,17643.75,119,0,17624.70207
7/12/2023 5:15,17643.75,17646,17643.25,17645.25,123,0,17624.77128
7/12/2023 5:16,17645,17646.25,17642.25,17643.5,178,0,17624.86647
7/12/2023 5:17,17643.25,17643.75,17641.5,17642,58,0,17624.89473
7/12/2023 5:18,17642.25,17642.75,17640,17641,44,0,17624.91469
7/12/2023 5:19,17641.25,17642.25,17641.25,17642.25,20,0,17624.92412
7/12/2023 5:20,17641.75,17643,17640.75,17642.5,26,0,17624.93647
7/12/2023 5:21,17642.5,17644.75,17642,17644.75,78,0,17624.97721
7/12/2023 5:22,17644.25,17646.25,17643.75,17644,84,0,17625.02282
7/12/2023 5:23,17644.25,17644.5,17642.75,17643.5,42,0,17625.04429
7/12/2023 5:24,17643.75,17645.75,17643.75,17645,59,0,17625.07639
7/12/2023 5:25,17645.25,17646,17644.5,17645.25,31,0,17625.09357
7/12/2023 5:26,17645.25,17646.25,17645,17646.25,20,0,17625.10496
7/12/2023 5:27,17646.25,17646.25,17643.75,17645.5,51,0,17625.13302
7/12/2023 5:28,17645,17645,17643.75,17645,51,0,17625.16018
7/12/2023 5:29,17644.75,17646,17644.75,17645.75,21,0,17625.17187
7/12/2023 5:30,17646,17652,17645.75,17649.75,408,0,17625.43683
7/12/2023 5:31,17649.5,17650.75,17648.25,17649.25,100,0,17625.50155
7/12/2023 5:32,17649.25,17651.5,17649.25,17651,94,0,17625.56503
7/12/2023 5:33,17651.25,17651.25,17649.75,17650,65,0,17625.60829
7/12/2023 5:34,17650,17650,17646,17646,85,0,17625.65781
7/12/2023 5:35,17645.75,17648,17645.75,17647.25,61,0,17625.69266
7/12/2023 5:36,17647,17647,17645.75,17646,53,0,17625.72179
7/12/2023 5:37,17646,17647,17645.25,17646.25,39,0,17625.74308
7/12/2023 5:38,17646.5,17648.25,17646.5,17648,30,0,17625.76057
7/12/2023 5:39,17647.75,17651.5,17647.75,17650.25,129,0,17625.84315
7/12/2023 5:40,17650.75,17650.75,17649,17650,42,0,17625.87
7/12/2023 5:41,17649.5,17650,17647.25,17647.5,60,0,17625.90561
7/12/2023 5:42,17648,17649.75,17648,17648.5,41,0,17625.93043
7/12/2023 5:43,17648,17650.75,17648,17650.75,52,0,17625.96331
7/12/2023 5:44,17650.75,17651.25,17648.5,17649.75,152,0,17626.05891
7/12/2023 5:45,17650,17650.5,17648.25,17648.5,28,0,17626.07588
7/12/2023 5:46,17648.5,17649.25,17646.5,17647.5,75,0,17626.1186
7/12/2023 5:47,17647.75,17648.75,17646.75,17647,72,0,17626.15898
7/12/2023 5:48,17647,17648.5,17646,17647.25,84,0,17626.20534
7/12/2023 5:49,17647.75,17650.75,17647.75,17650,74,0,17626.25037
7/12/2023 5:50,17650,17651.5,17649.75,17651.25,62,0,17626.29011
7/12/2023 5:51,17650.75,17651.25,17648.5,17648.5,50,0,17626.32023
7/12/2023 5:52,17648.25,17649.25,17646.5,17647.25,87,0,17626.36849
7/12/2023 5:53,17646.75,17647.75,17644.25,17645.75,92,0,17626.41511
7/12/2023 5:54,17645,17645.25,17642.5,17644.5,95,0,17626.45851
7/12/2023 5:55,17644.25,17646.25,17644.25,17645.5,66,0,17626.49067
7/12/2023 5:56,17645.5,17646.75,17643.75,17644,80,0,17626.52847
7/12/2023 5:57,17644,17644.75,17643.5,17644.25,47,0,17626.5498
7/12/2023 5:58,17644.5,17645.25,17643.5,17644.25,28,0,17626.56261
7/12/2023 5:59,17644.75,17647.25,17644.75,17645.25,61,0,17626.59265
7/12/2023 6:00,17645.25,17645.25,17644,17644,40,0,17626.61094
7/12/2023 6:01,17644.25,17644.5,17643,17643,48,0,17626.6317
7/12/2023 6:02,17643,17644.5,17643,17643,52,0,17626.65414
7/12/2023 6:03,17642.75,17642.75,17640.25,17641.5,95,0,17626.69013
7/12/2023 6:04,17641.75,17642.5,17639.25,17640.75,73,0,17626.71643
7/12/2023 6:05,17641,17641.5,17638.75,17639,96,0,17626.74822
7/12/2023 6:06,17638.75,17639.5,17636.25,17637,172,0,17626.79537
7/12/2023 6:07,17636.75,17638,17634.75,17638,85,0,17626.81708
7/12/2023 6:08,17638,17639.75,17637.25,17638.25,74,0,17626.83871
7/12/2023 6:09,17638.25,17639,17637,17637.5,46,0,17626.85144
7/12/2023 6:10,17637.25,17637.75,17635.75,17637.5,90,0,17626.87437
7/12/2023 6:11,17638,17638.75,17636.75,17636.75,44,0,17626.88601
7/12/2023 6:12,17637,17637.25,17635.5,17636.25,40,0,17626.89548
7/12/2023 6:13,17636.75,17637.75,17636.5,17637.25,39,0,17626.90551
7/12/2023 6:14,17637.5,17638.75,17637.5,17638.25,41,0,17626.91705
7/12/2023 6:15,17638.75,17639,17637.75,17638,43,0,17626.92923
7/12/2023 6:16,17637.75,17640.75,17636.25,17639.75,135,0,17626.96952
7/12/2023 6:17,17639.25,17639.5,17638.25,17638.25,62,0,17626.98754
7/12/2023 6:18,17638,17640,17637.25,17638.75,46,0,17627.00088
7/12/2023 6:19,17639.25,17639.25,17637.75,17638,39,0,17627.01185
7/12/2023 6:20,17638.5,17639.5,17638,17639.25,41,0,17627.02394
7/12/2023 6:21,17639.25,17640.5,17638.75,17640.25,44,0,17627.03789
7/12/2023 6:22,17639.5,17639.75,17638.75,17639.25,25,0,17627.04545
7/12/2023 6:23,17639.5,17639.75,17637.75,17637.75,30,0,17627.05388
7/12/2023 6:24,17637.5,17639,17637.25,17637.75,38,0,17627.06415
7/12/2023 6:25,17637.25,17639,17636.5,17637.25,87,0,17627.08671
7/12/2023 6:26,17637,17638.5,17636,17638.5,37,0,17627.09634
7/12/2023 6:27,17638.5,17639.5,17637.5,17638.5,44,0,17627.10868
7/12/2023 6:28,17638.5,17638.5,17635.75,17636,54,0,17627.12147
7/12/2023 6:29,17636,17637.25,17635.75,17636.5,77,0,17627.13918
7/12/2023 6:30,17636.5,17637.75,17635.75,17637.5,73,0,17627.15679
7/12/2023 6:31,17637.5,17638.5,17636.75,17638,69,0,17627.17465
7/12/2023 6:32,17637.5,17638.75,17637,17638,43,0,17627.18592
7/12/2023 6:33,17638,17640.25,17638,17639.5,31,0,17627.19504
7/12/2023 6:34,17639.5,17640.75,17637.75,17638.25,74,0,17627.21616
7/12/2023 6:35,17638.5,17638.5,17637.5,17638.25,30,0,17627.22409
7/12/2023 6:36,17638.25,17640.25,17638.25,17639.25,33,0,17627.23373
7/12/2023 6:37,17639,17640,17637.5,17638.25,123,0,17627.26756
7/12/2023 6:38,17638.75,17639.5,17638.25,17638.25,20,0,17627.27308
7/12/2023 6:39,17638,17640.25,17638,17640,38,0,17627.28425
7/12/2023 6:40,17640.5,17642,17640,17641,98,0,17627.3167
7/12/2023 6:41,17641,17641.5,17638.75,17639.25,68,0,17627.33722
7/12/2023 6:42,17639,17639.75,17636.75,17636.75,86,0,17627.35875
7/12/2023 6:43,17636.75,17639.25,17636,17639,117,0,17627.38885
7/12/2023 6:44,17639.5,17643.75,17639.5,17642.5,129,0,17627.43366
7/12/2023 6:45,17642.5,17645.5,17640.5,17644.75,170,0,17627.49904
7/12/2023 6:46,17644.5,17644.5,17641.75,17641.75,82,0,17627.5286
7/12/2023 6:47,17641.75,17642.5,17640.75,17641.25,46,0,17627.54386
7/12/2023 6:48,17641,17641.5,17639.75,17640.5,66,0,17627.56426
7/12/2023 6:49,17640.25,17641.25,17639.75,17640.5,47,0,17627.57866
7/12/2023 6:50,17640,17641.5,17639.75,17641,59,0,17627.59703
7/12/2023 6:51,17640.5,17641.25,17638.75,17639,59,0,17627.61385
7/12/2023 6:52,17638.75,17639.75,17638,17638.75,56,0,17627.62866
7/12/2023 6:53,17638.5,17638.5,17637.75,17637.75,28,0,17627.63551
7/12/2023 6:54,17637.75,17637.75,17633.5,17635,158,0,17627.66437
7/12/2023 6:55,17635,17635.75,17634,17635.25,76,0,17627.67744
7/12/2023 6:56,17635,17637.5,17635,17636.75,50,0,17627.68766
7/12/2023 6:57,17636.75,17638.75,17636,17638.25,65,0,17627.70283
7/12/2023 6:58,17638.25,17638.5,17636.25,17638,32,0,17627.71021
7/12/2023 6:59,17637.75,17637.75,17635.5,17635.75,41,0,17627.71846
7/12/2023 7:00,17635.5,17637,17634.25,17636.5,59,0,17627.72973
7/12/2023 7:01,17636.5,17639,17636.25,17638,98,0,17627.75256
7/12/2023 7:02,17638.5,17638.5,17636.5,17637.25,86,0,17627.77184
7/12/2023 7:03,17637.75,17639.25,17637,17637,53,0,17627.7841
7/12/2023 7:04,17637.25,17639.5,17637.25,17639.25,63,0,17627.79996
7/12/2023 7:05,17639,17640.25,17638.25,17638.25,57,0,17627.81461
7/12/2023 7:06,17638.5,17639,17634.75,17635.25,90,0,17627.83229
7/12/2023 7:07,17635.25,17635.25,17634.5,17634.75,49,0,17627.84019
7/12/2023 7:08,17634.5,17636.75,17633.25,17635,91,0,17627.85517
7/12/2023 7:09,17635.25,17637.75,17635.25,17637,57,0,17627.8667
7/12/2023 7:10,17637.25,17637.25,17634.25,17634.5,55,0,17627.87611
7/12/2023 7:11,17635.25,17637,17635.25,17636.5,26,0,17627.8811
7/12/2023 7:12,17636.5,17638.75,17636.25,17638.75,74,0,17627.89809
7/12/2023 7:13,17638.75,17642,17638.5,17641.5,90,0,17627.92432
7/12/2023 7:14,17641.25,17642.25,17640.5,17640.75,76,0,17627.94726
7/12/2023 7:15,17641,17643.25,17639.5,17642.75,139,0,17627.9911
7/12/2023 7:16,17642.75,17643,17641,17641.75,76,0,17628.01511
7/12/2023 7:17,17641.75,17643.75,17640.75,17643,51,0,17628.03184
7/12/2023 7:18,17643.5,17646.5,17643.5,17646.5,190,0,17628.1067
7/12/2023 7:19,17646.5,17649,17645.75,17648,219,0,17628.20243
7/12/2023 7:20,17648.25,17649.5,17646.75,17649.5,136,0,17628.26445
7/12/2023 7:21,17649,17650,17648,17649.75,149,0,17628.33418
7/12/2023 7:22,17649.25,17652.75,17649,17650.25,245,0,17628.45553
7/12/2023 7:23,17650.75,17652.25,17649.25,17651.75,82,0,17628.49661
7/12/2023 7:24,17651.5,17651.5,17649.75,17649.75,49,0,17628.52028
7/12/2023 7:25,17649.75,17651.25,17648,17650,134,0,17628.58301
7/12/2023 7:26,17650.25,17652.5,17650.25,17652.5,127,0,17628.6477
7/12/2023 7:27,17652.25,17656.25,17652,17655.25,241,0,17628.78398
7/12/2023 7:28,17655,17655,17653.25,17654,115,0,17628.84745
7/12/2023 7:29,17654.25,17655.75,17654.25,17655,47,0,17628.87425
7/12/2023 7:30,17655.25,17655.25,17652.25,17653.75,87,0,17628.92133
7/12/2023 7:31,17653.75,17659,17653.25,17658.5,263,0,17629.08059
7/12/2023 7:32,17658,17658,17655.5,17655.75,91,0,17629.13429
7/12/2023 7:33,17655.5,17657,17654.75,17655.5,75,0,17629.17731
7/12/2023 7:34,17655.5,17657.5,17655.5,17655.75,88,0,17629.22856
7/12/2023 7:35,17656,17659.5,17655.5,17659.5,161,0,17629.32844
7/12/2023 7:36,17659.75,17660.75,17656.75,17658,214,0,17629.46166
7/12/2023 7:37,17658,17659.5,17657.75,17658.75,61,0,17629.49963
7/12/2023 7:38,17659.5,17660.5,17658,17658.25,66,0,17629.54095
7/12/2023 7:39,17658.5,17660,17658,17660,76,0,17629.58906
7/12/2023 7:40,17660,17662,17659.75,17660.75,132,0,17629.67645
7/12/2023 7:41,17661,17663.5,17660.5,17662.75,145,0,17629.77622
7/12/2023 7:42,17663.25,17663.5,17662,17663,67,0,17629.82294
7/12/2023 7:43,17663,17664.25,17662.5,17663.75,104,0,17629.89666
7/12/2023 7:44,17663.5,17664.75,17662.25,17663,174,0,17630.01867
7/12/2023 7:45,17662.5,17663.75,17661.5,17663,88,0,17630.07896
7/12/2023 7:46,17663,17664.25,17661.75,17662.25,157,0,17630.18598
7/12/2023 7:47,17662,17663.25,17661,17663.25,116,0,17630.264
7/12/2023 7:48,17663.25,17664,17661.5,17661.75,97,0,17630.32878
7/12/2023 7:49,17662,17663.5,17662,17662.75,69,0,17630.37518
7/12/2023 7:50,17662.75,17662.75,17660.25,17660.5,134,0,17630.46052
7/12/2023 7:51,17660.25,17660.75,17658.5,17659.25,135,0,17630.54139
7/12/2023 7:52,17658.75,17660.75,17658.75,17660.5,100,0,17630.60202
7/12/2023 7:53,17660.25,17662,17657.5,17658.5,168,0,17630.70104
7/12/2023 7:54,17658.25,17659.25,17657,17658,98,0,17630.75597
7/12/2023 7:55,17658,17661.5,17658,17661,55,0,17630.78905
7/12/2023 7:56,17661,17662.25,17659.75,17661.5,68,0,17630.83124
7/12/2023 7:57,17661.75,17662.25,17660.25,17660.25,70,0,17630.87418
7/12/2023 7:58,17660,17662.25,17660,17660.5,93,0,17630.93104
7/12/2023 7:59,17661,17662.75,17659.25,17659.75,94,0,17630.98767
7/12/2023 8:00,17659.5,17660.5,17659,17660,70,0,17631.02863
7/12/2023 8:01,17660,17662.75,17657.75,17659.5,247,0,17631.17306
7/12/2023 8:02,17659.5,17662.75,17659.5,17661.5,259,0,17631.32948
7/12/2023 8:03,17661.75,17663.5,17656.5,17657.25,324,0,17631.50887
7/12/2023 8:04,17657,17658,17655.25,17656.5,168,0,17631.59262
7/12/2023 8:05,17656.5,17658.5,17656.5,17657.75,91,0,17631.63956
7/12/2023 8:06,17657.5,17658.75,17655,17656,185,0,17631.73081
7/12/2023 8:07,17656.25,17657.5,17654.25,17657.5,179,0,17631.81788
7/12/2023 8:08,17657.75,17661.25,17657.75,17660.75,123,0,17631.88582
7/12/2023 8:09,17660.5,17663.25,17660.25,17662.75,132,0,17631.96397
7/12/2023 8:10,17662.75,17664.5,17661.25,17664.5,181,0,17632.07519
7/12/2023 8:11,17664.25,17666.25,17661.25,17661.75,338,0,17632.2786
7/12/2023 8:12,17662.25,17665,17661.75,17661.75,156,0,17632.37084
7/12/2023 8:13,17662,17662,17658.25,17660.75,144,0,17632.44853
7/12/2023 8:14,17661,17663.5,17661,17662.75,154,0,17632.53732
7/12/2023 8:15,17662.75,17667.75,17662,17662.25,429,0,17632.79487
7/12/2023 8:16,17662.5,17663.75,17661,17663.5,241,0,17632.932
7/12/2023 8:17,17663.5,17663.75,17661,17661.5,148,0,17633.01371
7/12/2023 8:18,17661.5,17663.75,17661.5,17663.5,192,0,17633.12207
7/12/2023 8:19,17663.5,17663.75,17662.75,17663,109,0,17633.18374
7/12/2023 8:20,17662.5,17662.5,17660,17660.75,190,0,17633.28322
7/12/2023 8:21,17660.5,17661.5,17657,17659.25,294,0,17633.4257
7/12/2023 8:22,17659.25,17662,17659.25,17660.25,171,0,17633.51183
7/12/2023 8:23,17660.25,17661.75,17659,17660.5,107,0,17633.56528
7/12/2023 8:24,17660.5,17660.5,17658.25,17658.75,196,0,17633.65811
7/12/2023 8:25,17658.5,17659.5,17657,17657,271,0,17633.77871
7/12/2023 8:26,17657.25,17657.75,17654.25,17656.5,386,0,17633.93666
7/12/2023 8:27,17656.75,17658.25,17656.25,17657.5,421,0,17634.11532
7/12/2023 8:28,17657.25,17659,17654.5,17654.5,681,0,17634.38234
7/12/2023 8:29,17655.25,17657.25,17648.25,17655.5,728,0,17634.63063
7/12/2023 8:30,17655.5,17664.75,17652.5,17660.75,401,0,17634.80459
7/12/2023 8:31,17659.5,17738.25,17659.25,17729,6638,0,17642.53336
7/12/2023 8:32,17730,17761.25,17730,17749,3680,0,17648.23528
7/12/2023 8:33,17748.75,17764,17736.25,17753.25,2778,0,17652.31792
7/12/2023 8:34,17753.75,17755,17736,17738.75,3317,0,17656.42967
7/12/2023 8:35,17739.25,17751.25,17733.5,17740.5,2365,0,17659.09449
7/12/2023 8:36,17740.75,17749.25,17739,17746,1268,0,17660.50522
7/12/2023 8:37,17746.5,17764,17746.25,17761.5,1766,0,17662.67462
7/12/2023 8:38,17761.25,17769.5,17753.5,17755,1881,0,17664.92939
7/12/2023 8:39,17755.5,17771.75,17753.5,17771.75,1044,0,17666.21697
7/12/2023 8:40,17771,17773,17755.75,17755.75,1351,0,17667.76732
7/12/2023 8:41,17755.5,17763.5,17751.5,17752.5,1182,0,17669.0034
7/12/2023 8:42,17752.25,17754.5,17746.25,17751.25,972,0,17669.93522
7/12/2023 8:43,17751.25,17758.75,17745.75,17756.75,956,0,17670.8654
7/12/2023 8:44,17757.5,17763.25,17748.25,17750,1071,0,17671.88428
7/12/2023 8:45,17750.5,17751.5,17742.25,17748,1134,0,17672.85167
7/12/2023 8:46,17748,17757.75,17742.5,17746.75,1766,0,17674.34401
7/12/2023 8:47,17746.25,17751.75,17740.75,17741.75,1290,0,17675.33768
7/12/2023 8:48,17741.5,17749,17741,17748.25,743,0,17675.90813
7/12/2023 8:49,17748,17749.75,17746.75,17749.5,751,0,17676.49634
7/12/2023 8:50,17749,17749.5,17744.5,17745,587,0,17676.93486
7/12/2023 8:51,17744.5,17750.25,17742,17749.25,1267,0,17677.874
7/12/2023 8:52,17749.25,17749.5,17743.75,17748,555,0,17678.27703
7/12/2023 8:53,17748.25,17748.5,17740.5,17741,882,0,17678.87358
7/12/2023 8:54,17741.25,17741.5,17730.5,17732,1273,0,17679.60233
7/12/2023 8:55,17732.5,17733.25,17721.25,17731,1508,0,17680.3474
7/12/2023 8:56,17731,17744,17730.25,17741.75,1111,0,17680.99481
7/12/2023 8:57,17741.25,17741.25,17735.5,17739,555,0,17681.31242
7/12/2023 8:58,17738.75,17750,17738.75,17748.75,1000,0,17681.94725
7/12/2023 8:59,17748.5,17752,17742,17746.75,1206,0,17682.70915
7/12/2023 9:00,17747.25,17750,17746,17749.5,502,0,17683.02874
7/12/2023 9:01,17749.25,17751,17747,17749,794,0,17683.53174
7/12/2023 9:02,17748.75,17757.75,17745.25,17756.5,1816,0,17684.72527
7/12/2023 9:03,17757,17760.5,17754.25,17758.5,1013,0,17685.41685
7/12/2023 9:04,17758.25,17761.5,17751,17752,717,0,17685.87906
7/12/2023 9:05,17751.5,17761.5,17749,17761.25,711,0,17686.34721
7/12/2023 9:06,17761,17766.25,17761,17764,941,0,17687.01339
7/12/2023 9:07,17764.5,17764.75,17755.75,17759.75,715,0,17687.48813
7/12/2023 9:08,17759.25,17759.25,17754.25,17756.75,461,0,17687.77706
7/12/2023 9:09,17757.25,17757.75,17753,17756.75,375,0,17688.00722
7/12/2023 9:10,17757,17759.25,17754.75,17759.25,276,0,17688.18039
7/12/2023 9:11,17759,17759,17751.75,17755.25,476,0,17688.46671
7/12/2023 9:12,17754.25,17757.25,17748.75,17755.25,592,0,17688.81108
7/12/2023 9:13,17755.25,17761.5,17752.25,17759.5,464,0,17689.09493
7/12/2023 9:14,17759,17764,17759,17763,666,0,17689.52325
7/12/2023 9:15,17762.5,17776.75,17761.25,17776.25,1481,0,17690.57937
7/12/2023 9:16,17776,17776.25,17768.25,17770,723,0,17691.08563
7/12/2023 9:17,17770,17786.25,17768.25,17779.25,1462,0,17692.17042
7/12/2023 9:18,17779.5,17779.75,17770.5,17773.75,976,0,17692.85275
7/12/2023 9:19,17773.25,17775.5,17768.5,17771.25,506,0,17693.18963
7/12/2023 9:20,17771.25,17777.75,17770.25,17775.75,390,0,17693.45661
7/12/2023 9:21,17775.75,17778.25,17769.5,17769.5,505,0,17693.79057
7/12/2023 9:22,17769.25,17773,17766.5,17772.75,588,0,17694.1677
7/12/2023 9:23,17772.75,17773,17762,17764.5,519,0,17694.47922
7/12/2023 9:24,17765,17769.75,17763.5,17764.25,433,0,17694.73468
7/12/2023 9:25,17764.25,17766.75,17763.5,17765.75,373,0,17694.95175
7/12/2023 9:26,17765.25,17765.25,17758.75,17761,710,0,17695.33992
7/12/2023 9:27,17760.75,17769.75,17756.75,17766.75,821,0,17695.80158
7/12/2023 9:28,17766.5,17771.25,17765.5,17770,433,0,17696.05838
7/12/2023 9:29,17770.5,17774.75,17768.5,17772.75,419,0,17696.31562
7/12/2023 9:30,17773.25,17779.25,17772,17778,1027,0,17696.97518
7/12/2023 9:31,17778.5,17785.25,17769.5,17773,4842,17775.91667,17699.92527
7/12/2023 9:32,17772.5,17792.25,17767.5,17772.5,5227,17776.69534,17702.93021
7/12/2023 9:33,17772.25,17785.75,17761.75,17767.25,5057,17774.98627,17705.4127
7/12/2023 9:34,17767.75,17787.25,17767.25,17783,2690,17775.61746,17706.80457
7/12/2023 9:35,17782.75,17788.75,17775,17781,2743,17776.41343,17708.21641
7/12/2023 9:36,17781.25,17796.75,17775,17790,3779,17778.09604,17710.22005
7/12/2023 9:37,17789.75,17792,17766.75,17769.75,3218,17777.87073,17711.61363
7/12/2023 9:38,17769.5,17780,17765.5,17779.5,2820,17777.60422,17712.7661
7/12/2023 9:39,17779,17785.25,17774,17777.25,2252,17777.68906,17713.71164
7/12/2023 9:40,17777.25,17786,17765.75,17769.25,2326,17777.42139,17714.58499
7/12/2023 9:41,17769.25,17773.5,17757.75,17772,3111,17776.63096,17715.601
7/12/2023 9:42,17772.25,17773,17756.75,17762,2092,17775.9686,17716.21402
7/12/2023 9:43,17762.25,17770,17761.25,17767.75,1618,17775.59541,17716.70107
7/12/2023 9:44,17768,17783.5,17767.25,17780.75,2289,17775.67704,17717.52106
7/12/2023 9:45,17780.75,17783.25,17773.25,17778.25,2023,17775.78998,17718.2403
7/12/2023 9:46,17778.25,17786,17774,17784.75,2252,17776.05988,17719.06455
7/12/2023 9:47,17784.5,17793.75,17782.75,17790.5,2753,17776.75713,17720.15962
7/12/2023 9:48,17790,17795.5,17785.5,17789,2298,17777.32713,17721.06069
7/12/2023 9:49,17788.5,17808,17787.25,17807.25,3851,17778.90855,17722.74894
7/12/2023 9:50,17807.25,17810,17793,17799,2770,17779.91287,17723.91727
7/12/2023 9:51,17798.75,17809.25,17798.25,17804.25,2233,17780.774,17724.87271
7/12/2023 9:52,17803.5,17809,17793.25,17797.75,2102,17781.40206,17725.70794
7/12/2023 9:53,17797.75,17801.5,17780.75,17801.5,3222,17782.03061,17726.862
7/12/2023 9:54,17801.5,17808.75,17800.25,17802.75,1839,17782.61051,17727.59193
7/12/2023 9:55,17802.75,17813.75,17802.75,17808.75,2355,17783.45738,17728.56066
7/12/2023 9:56,17808.75,17809.5,17797.75,17799.5,1951,17783.95478,17729.28515
7/12/2023 9:57,17799.75,17813.25,17798.25,17812.25,1725,17784.5027,17729.9628
7/12/2023 9:58,17812,17815.5,17808.75,17814.5,1616,17785.09861,17730.62716
7/12/2023 9:59,17814,17818,17813.25,17816.75,1268,17785.59889,17731.1603
7/12/2023 10:00,17817.5,17818.25,17808.25,17811,1728,17786.17959,17731.84669
7/12/2023 10:01,17811.25,17813,17802,17804.25,2154,17786.70986,17732.62291
7/12/2023 10:02,17804.5,17819.25,17803,17811,2495,17787.42784,17733.55766
7/12/2023 10:03,17811,17819.5,17806.75,17810.75,1676,17787.9111,17734.18309
7/12/2023 10:04,17810.5,17817.5,17805.5,17808.5,1310,17788.24857,17734.65376
7/12/2023 10:05,17809,17817,17803.5,17814.5,1388,17788.61349,17735.15374
7/12/2023 10:06,17814.25,17815,17803,17806.25,1316,17788.89696,17735.5999
7/12/2023 10:07,17806.25,17816.25,17805.5,17813,1119,17789.17438,17735.99311
7/12/2023 10:08,17813,17818.25,17807,17813.5,2238,17789.74118,17736.78111
7/12/2023 10:09,17813.75,17823,17810.5,17821,1881,17790.30031,17737.47584
7/12/2023 10:10,17821,17836.5,17820,17835,3845,17791.85419,17739.07122
7/12/2023 10:11,17835.5,17839.25,17828.75,17833.25,3216,17793.16629,17740.41013
7/12/2023 10:12,17833.75,17835.5,17829.25,17834.25,1344,17793.68091,17740.95412
7/12/2023 10:13,17834,17835.5,17828.25,17833,1568,17794.2536,17741.57564
7/12/2023 10:14,17833.25,17834.5,17822,17822.75,1514,17794.70821,17742.12969
7/12/2023 10:15,17822.5,17836.75,17822.5,17835.5,2327,17795.49227,17743.01862
7/12/2023 10:16,17835,17841.5,17831.25,17839.25,2480,17796.4194,17744.00702
7/12/2023 10:17,17839,17842,17832.25,17833.75,1166,17796.82751,17744.45807
7/12/2023 10:18,17833.75,17841,17831.5,17840.25,1236,17797.26814,17744.93957
7/12/2023 10:19,17839.5,17845.75,17838,17844.75,1685,17797.92996,17745.62477
7/12/2023 10:20,17844.5,17851.5,17841.25,17850.75,2249,17798.87902,17746.5708
7/12/2023 10:21,17850.5,17855.75,17848,17855.25,1932,17799.749,17747.41036
7/12/2023 10:22,17855.5,17856,17850.75,17851.25,1261,17800.29844,17747.94953
7/12/2023 10:23,17851.5,17853.25,17849,17851.5,810,17800.636,17748.2883
7/12/2023 10:24,17851.25,17852.75,17842.5,17852.5,1924,17801.38919,17749.06871
7/12/2023 10:25,17852.5,17854.75,17843.75,17844.75,1657,17801.99964,17749.72129
7/12/2023 10:26,17844.75,17844.75,17830.5,17835.25,2248,17802.61098,17750.49589
7/12/2023 10:27,17835.25,17842,17831.25,17839.75,1769,17803.08853,17751.1016
7/12/2023 10:28,17840,17842,17832.25,17838.75,1355,17803.44561,17751.5599
7/12/2023 10:29,17838.75,17841.75,17835.5,17837.25,816,17803.6602,17751.83515
7/12/2023 10:30,17837,17839,17833.25,17836.5,859,17803.87086,17752.11663
7/12/2023 10:31,17837,17848,17835.75,17847.75,1672,17804.36742,17752.70806
7/12/2023 10:32,17847.5,17849.5,17837,17839,1324,17804.73248,17753.16085
7/12/2023 10:33,17839,17842.5,17827.5,17828,1789,17805.09547,17753.70292
7/12/2023 10:34,17828.25,17833.5,17828.25,17829.75,1495,17805.36837,17754.13798
7/12/2023 10:35,17829.25,17833.25,17825.25,17828.75,1164,17805.56508,17754.46711
7/12/2023 10:36,17828.5,17829.5,17821.5,17827.25,1570,17805.79209,17754.88881
7/12/2023 10:37,17827.5,17835.75,17827,17835.25,1250,17806.02676,17755.25175
7/12/2023 10:38,17835.5,17837.75,17831.75,17834,916,17806.2078,17755.52181
7/12/2023 10:39,17834,17838.25,17829.75,17837.5,1033,17806.41396,17755.82672
7/12/2023 10:40,17837.75,17840.75,17833,17840.75,972,17806.62525,17756.12227
7/12/2023 10:41,17840.25,17851.25,17838.75,17846,2041,17807.15865,17756.78963
7/12/2023 10:42,17846,17850,17843.75,17849,898,17807.40226,17757.08748
7/12/2023 10:43,17849.5,17852.25,17844,17845.5,981,17807.66288,17757.40944
7/12/2023 10:44,17845.5,17846.25,17839.5,17843.25,1042,17807.90667,17757.73286
7/12/2023 10:45,17842.75,17845.25,17834,17845.25,1293,17808.19182,17758.1238
7/12/2023 10:46,17845,17849.5,17842,17848.75,1014,17808.44679,17758.44698
7/12/2023 10:47,17848.5,17850,17842.5,17842.75,770,17808.62984,17758.68623
7/12/2023 10:48,17842.5,17846.25,17839,17841.5,726,17808.78748,17758.90323
7/12/2023 10:49,17841.75,17845.25,17840,17840.25,813,17808.96008,17759.1437
7/12/2023 10:50,17840.25,17841.75,17836.25,17838.5,969,17809.14491,17759.41817
7/12/2023 10:51,17838.75,17843.25,17836,17837.75,973,17809.32924,17759.69244
7/12/2023 10:52,17838.25,17840,17831.5,17839.5,1277,17809.55165,17760.04055
7/12/2023 10:53,17839.5,17846.25,17831.5,17831.5,1538,17809.80924,17760.45252
7/12/2023 10:54,17831.5,17834,17818.25,17819.25,2200,17809.99898,17760.93781
7/12/2023 10:55,17819,17825,17818.25,17820.25,1571,17810.10584,17761.26532
7/12/2023 10:56,17819.75,17823,17808.5,17819.25,2500,17810.20799,17761.74276
7/12/2023 10:57,17819.25,17822.75,17814.75,17817.5,1164,17810.26434,17761.96791
7/12/2023 10:58,17817,17817,17800.75,17804,3506,17810.20267,17762.50412
7/12/2023 10:59,17804,17807.75,17799,17803.5,1938,17810.12677,17762.77018
7/12/2023 11:00,17803.5,17809.5,17796,17808,1938,17810.06454,17763.0398
7/12/2023 11:01,17808,17812.25,17804,17809.75,1977,17810.04894,17763.33856
7/12/2023 11:02,17809.75,17811.5,17803.25,17804.5,1622,17810.016,17763.56875
7/12/2023 11:03,17804.5,17807.5,17802.5,17805.5,799,17809.99443,17763.67796
7/12/2023 11:04,17805.25,17809.5,17802.5,17803.5,1016,17809.96727,17763.816
7/12/2023 11:05,17803.75,17804.75,17797.5,17802.75,1369,17809.90484,17763.98493
7/12/2023 11:06,17802.75,17802.75,17791.75,17793.25,1932,17809.75792,17764.1848
7/12/2023 11:07,17793.75,17796.25,17790.25,17792.75,1637,17809.61083,17764.33725
7/12/2023 11:08,17792.5,17801.5,17790.75,17797,1385,17809.51309,17764.4798
7/12/2023 11:09,17797.75,17801.75,17796,17797.25,927,17809.45793,17764.58018
7/12/2023 11:10,17797.75,17799.75,17792.75,17796.5,829,17809.40027,17764.66417
7/12/2023 11:11,17796.25,17800.25,17795,17799.25,843,17809.35032,17764.75403
7/12/2023 11:12,17799.5,17810.5,17797.5,17810.25,1590,17809.32314,17764.96206
7/12/2023 11:13,17810.5,17811.25,17807,17807.75,1748,17809.31719,17765.20259
7/12/2023 11:14,17807.75,17808.75,17803.5,17807.5,979,17809.30339,17765.32974
7/12/2023 11:15,17807,17808,17802.5,17805,753,17809.28738,17765.42367
7/12/2023 11:16,17804.5,17816.25,17804.5,17815.25,2410,17809.32056,17765.77252
7/12/2023 11:17,17815,17819.5,17814,17817.75,1619,17809.38383,17766.02941
7/12/2023 11:18,17817.75,17824.25,17816.5,17823.25,1493,17809.47296,17766.28356
7/12/2023 11:19,17823.5,17824.25,17819.25,17823.5,941,17809.53314,17766.44544
7/12/2023 11:20,17823.75,17824.75,17821.5,17823.25,657,17809.57754,17766.55958
7/12/2023 11:21,17823,17824,17819.5,17822.5,812,17809.62733,17766.69713
7/12/2023 11:22,17822.5,17823,17812.25,17814.5,944,17809.6596,17766.84061
7/12/2023 11:23,17814.75,17817.5,17811.25,17814,816,17809.67793,17766.95817
7/12/2023 11:24,17813.75,17821.75,17813,17818.25,818,17809.70979,17767.08392
7/12/2023 11:25,17818.5,17819,17812.25,17813.5,541,17809.72348,17767.16224
7/12/2023 11:26,17813.25,17813.5,17803,17811.75,1832,17809.72077,17767.39524
7/12/2023 11:27,17811.5,17814.75,17803.25,17804.75,833,17809.71223,17767.49575
7/12/2023 11:28,17805,17807,17797.75,17806,1124,17809.67934,17767.61712
7/12/2023 11:29,17805.75,17805.75,17797.5,17799,791,17809.64575,17767.69536
7/12/2023 11:30,17798.5,17801.5,17794.5,17798.5,1070,17809.58763,17767.79238
7/12/2023 11:31,17798.5,17801.5,17795,17798.25,945,17809.53716,17767.87778
7/12/2023 11:32,17798.25,17804.75,17796,17801.75,887,17809.50094,17767.96429
7/12/2023 11:33,17801.25,17802.75,17796.5,17801.5,762,17809.46799,17768.03694
7/12/2023 11:34,17801.5,17806.75,17796.75,17799.25,1012,17809.42773,17768.1349
7/12/2023 11:35,17799.5,17800.75,17783,17788.5,2506,17809.21247,17768.30053
7/12/2023 11:36,17788.25,17789.75,17777.75,17787.25,1998,17808.99126,17768.397
7/12/2023 11:37,17787.25,17790.5,17783,17786.75,1078,17808.88253,17768.4543
7/12/2023 11:38,17787,17788.75,17780.5,17781.25,722,17808.7997,17768.4857
7/12/2023 11:39,17781.5,17782.25,17766.25,17770,2599,17808.3821,17768.51812
7/12/2023 11:40,17769.75,17773,17755.25,17758.75,3080,17807.75708,17768.46395
7/12/2023 11:41,17758.75,17760.25,17722.5,17730.25,8440,17805.24365,17767.74209
7/12/2023 11:42,17730.75,17735.75,17714.75,17727.25,4419,17803.7817,17767.23503
7/12/2023 11:43,17727.75,17735.5,17720.25,17733.75,3219,17802.80211,17766.90762
7/12/2023 11:44,17733.75,17738.75,17729,17737,3016,17801.96987,17766.64737
7/12/2023 11:45,17737,17738,17724.75,17725.75,1676,17801.47951,17766.4802
7/12/2023 11:46,17725.5,17725.5,17706.25,17715.25,3574,17800.2589,17765.99719
7/12/2023 11:47,17715,17733,17711.75,17731.75,2665,17799.47431,17765.71216
7/12/2023 11:48,17732,17738,17729.25,17734.25,1360,17799.12462,17765.59808
7/12/2023 11:49,17734.25,17742.25,17733.75,17741,1904,17798.67952,17765.46548
7/12/2023 11:50,17741.25,17744.5,17736.75,17738.5,1614,17798.31306,17765.35796
7/12/2023 11:51,17738.75,17739.5,17729.5,17730.75,1593,17797.91503,17765.22515
7/12/2023 11:52,17730.75,17732.5,17714.75,17717.75,1805,17797.39015,17765.02195
7/12/2023 11:53,17718.5,17719.5,17704.25,17704.75,2308,17796.62327,17764.69274
7/12/2023 11:54,17704.5,17716,17698,17711,3111,17795.59694,17764.24585
7/12/2023 11:55,17711.25,17724.25,17707,17721.75,1784,17795.0809,17764.03502
7/12/2023 11:56,17721.75,17724.25,17714,17718.25,1161,17794.75372,17763.90226
7/12/2023 11:57,17717.75,17717.75,17695.25,17696.5,2731,17793.83853,17763.48553
7/12/2023 11:58,17696.25,17707.75,17692.25,17706.75,2560,17792.98858,17763.0942
7/12/2023 11:59,17707,17716,17703.25,17705.75,2137,17792.33783,17762.80362
7/12/2023 12:00,17705.75,17712.75,17701.75,17709,1480,17791.89033,17762.60234
7/12/2023 12:01,17708.5,17723,17703.5,17721.75,1684,17791.43628,17762.40934
7/12/2023 12:02,17721.5,17727.75,17720.5,17726.75,1529,17791.07695,17762.26894
7/12/2023 12:03,17727,17728,17711.75,17714.25,1959,17790.57402,17762.0571
7/12/2023 12:04,17714.25,17714.5,17697.25,17699.5,2322,17789.8715,17761.72824
7/12/2023 12:05,17700.25,17714.25,17699.75,17711.75,1448,17789.46339,17761.54198
7/12/2023 12:06,17711,17716.5,17704.5,17709.5,1041,17789.17822,17761.41285
7/12/2023 12:07,17709.5,17717.75,17708.5,17714,891,17788.94573,17761.30983
7/12/2023 12:08,17714,17723.25,17712.25,17722,991,17788.70837,17761.20945
7/12/2023 12:09,17721.75,17722.5,17716.5,17721.25,639,17788.55819,17761.14638
7/12/2023 12:10,17721.5,17723,17710,17720.25,989,17788.31916,17761.04363
7/12/2023 12:11,17720.25,17726,17711.25,17724.5,1227,17788.03665,17760.92513
7/12/2023 12:12,17724,17734.25,17722.5,17733.75,1687,17787.70671,17760.80176
7/12/2023 12:13,17733.75,17742,17731.25,17739.5,1621,17787.4336,17760.71262
7/12/2023 12:14,17739.5,17742.25,17735,17738.5,1092,17787.25495,17760.65554
7/12/2023 12:15,17738,17738.75,17727.25,17730.75,1106,17787.05197,17760.58152
7/12/2023 12:16,17731.25,17733.75,17723.75,17728.25,1198,17786.81918,17760.49145
7/12/2023 12:17,17728.25,17728.75,17713,17722.5,1283,17786.5415,17760.37402
7/12/2023 12:18,17722,17734,17719,17721,1715,17786.19232,17760.23115
7/12/2023 12:19,17720.5,17731.25,17719.5,17725,946,17786.00321,17760.15411
7/12/2023 12:20,17725.5,17729.75,17722.75,17728,627,17785.88176,17760.10555
7/12/2023 12:21,17728.5,17732,17723.25,17730,716,17785.74738,17760.05289
7/12/2023 12:22,17729.75,17737.75,17726,17727.5,908,17785.58378,17759.99058
7/12/2023 12:23,17727.75,17732.5,17724.5,17731,756,17785.44565,17759.937
7/12/2023 12:24,17731,17738.5,17726.5,17729.5,1141,17785.24644,17759.86219
7/12/2023 12:25,17728.5,17737.75,17728.25,17735.75,603,17785.14647,17759.82617
7/12/2023 12:26,17736,17739.5,17731.25,17733,677,17785.03614,17759.78688
7/12/2023 12:27,17733.75,17735.25,17722.5,17726.25,1579,17784.74735,17759.67192
7/12/2023 12:28,17725.75,17737.75,17724,17737,1012,17784.5797,17759.61004
7/12/2023 12:29,17736.75,17741,17735,17739,736,17784.47116,17759.57431
7/12/2023 12:30,17738.5,17741.75,17734,17736,912,17784.33424,17759.52796
7/12/2023 12:31,17736.5,17744.5,17731,17744,1184,17784.16734,17759.47502
7/12/2023 12:32,17743.5,17745.25,17736.25,17740.25,994,17784.03054,17759.43247
7/12/2023 12:33,17740,17745.75,17737.25,17743.5,1719,17783.80453,17759.3655
7/12/2023 12:34,17744.25,17753.5,17744.25,17751,2469,17783.54122,17759.3113
7/12/2023 12:35,17751,17755.75,17749.5,17755.25,1142,17783.43468,17759.29644
7/12/2023 12:36,17755.5,17755.75,17749.25,17751.25,967,17783.34082,17759.28086
7/12/2023 12:37,17750.75,17753,17744,17752.5,804,17783.25761,17759.26393
7/12/2023 12:38,17752,17765.75,17749.25,17762,2804,17783.04935,17759.26229
7/12/2023 12:39,17762.25,17765.75,17759.25,17765,1000,17782.98917,17759.27129
7/12/2023 12:40,17764.5,17767,17759.75,17762.5,865,17782.93674,17759.27856
7/12/2023 12:41,17762.75,17764.5,17758.75,17762.75,659,17782.89482,17759.28251
7/12/2023 12:42,17762.75,17766.25,17759.25,17764.5,738,17782.85106,17759.28909
7/12/2023 12:43,17764.75,17765.5,17755.5,17757,860,17782.7899,17759.28917
7/12/2023 12:44,17756.75,17760.75,17751.5,17752.25,928,17782.71167,17759.28011
7/12/2023 12:45,17752.75,17755,17742.25,17755,1633,17782.55507,17759.2497
7/12/2023 12:46,17755.25,17758.25,17749.25,17757.75,769,17782.49183,17759.24272
7/12/2023 12:47,17757.5,17759.75,17753.5,17758.5,686,17782.4401,17759.23974
7/12/2023 12:48,17758,17764.5,17756.5,17764.5,525,17782.40783,17759.2427
7/12/2023 12:49,17764.25,17769.25,17764.25,17767,977,17782.36257,17759.25879
7/12/2023 12:50,17767,17782.25,17766.75,17776.75,3540,17782.28847,17759.38066
7/12/2023 12:51,17776.75,17781.25,17771.25,17772.75,1232,17782.26244,17759.4222
7/12/2023 12:52,17772.75,17776,17770,17773.5,905,17782.23836,17759.44885
7/12/2023 12:53,17773.25,17779.25,17772.25,17777.75,815,17782.22452,17759.47844
7/12/2023 12:54,17777.5,17778.25,17770.5,17770.75,772,17782.20416,17759.50101
7/12/2023 12:55,17770.5,17770.5,17766.75,17769.25,834,17782.17178,17759.5176
7/12/2023 12:56,17769,17772.5,17766.75,17770.75,572,17782.15159,17759.53037
7/12/2023 12:57,17770.5,17773.5,17766.75,17768.75,766,17782.12392,17759.54687
7/12/2023 12:58,17768.5,17770.5,17762.75,17763.25,862,17782.08257,17759.55776
7/12/2023 12:59,17763,17764.5,17757,17759.25,896,17782.02627,17759.55908
7/12/2023 13:00,17759.5,17765.5,17759,17761.5,735,17781.98399,17759.56287
7/12/2023 13:01,17761.5,17765.75,17758.75,17764.75,664,17781.94801,17759.56781
7/12/2023 13:02,17765,17768,17761,17762.25,730,17781.91001,17759.57424
7/12/2023 13:03,17762,17775.75,17760,17774.25,873,17781.88034,17759.5934
7/12/2023 13:04,17774.25,17774.5,17770,17771,502,17781.86597,17759.60632
7/12/2023 13:05,17771.5,17772.25,17765,17768.25,520,17781.84619,17759.61603
7/12/2023 13:06,17768.5,17771.25,17761,17765.75,646,17781.81712,17759.62468
7/12/2023 13:07,17766,17766.25,17754,17758.5,1223,17781.74016,17759.62457
7/12/2023 13:08,17758.5,17765,17758.25,17763.75,523,17781.71147,17759.62753
7/12/2023 13:09,17763.75,17764.5,17758.5,17759.25,413,17781.68704,17759.6285
7/12/2023 13:10,17760.5,17763.25,17759.25,17760.5,433,17781.66178,17759.62974
7/12/2023 13:11,17760,17760.75,17750.5,17755.75,1089,17781.58221,17759.62076
7/12/2023 13:12,17755.5,17763,17753.5,17762,724,17781.53737,17759.62057
7/12/2023 13:13,17762.25,17767.5,17761.25,17765.25,537,17781.512,17759.6262
7/12/2023 13:14,17765.5,17766.5,17760.5,17763.25,420,17781.49073,17759.6295
7/12/2023 13:15,17763.75,17769.25,17760.75,17768.25,550,17781.46706,17759.63685
7/12/2023 13:16,17768.25,17778,17767.75,17777.5,880,17781.44978,17759.66375
7/12/2023 13:17,17777.75,17785.25,17770,17776.5,1831,17781.42846,17759.73008
7/12/2023 13:18,17776.75,17780.75,17774.5,17778.5,524,17781.42336,17759.74969
7/12/2023 13:19,17778.25,17778.25,17771.25,17774.75,653,17781.41132,17759.76982
7/12/2023 13:20,17774.25,17779.75,17773.5,17778.75,557,17781.40506,17759.7899
7/12/2023 13:21,17778.5,17783,17776.25,17777.75,710,17781.40036,17759.81785
7/12/2023 13:22,17777.75,17785.75,17777.5,17783.25,640,17781.4017,17759.84713
7/12/2023 13:23,17783,17787.75,17781,17784.75,810,17781.40859,17759.88794
7/12/2023 13:24,17784.75,17787,17779.75,17786.75,623,17781.41386,17759.91923
7/12/2023 13:25,17786.5,17789,17780.5,17781.5,830,17781.41897,17759.95939
7/12/2023 13:26,17781.25,17781.75,17779.25,17780.25,790,17781.41681,17759.99227
7/12/2023 13:27,17780.5,17786.5,17779.25,17785.5,551,17781.42031,17760.01887
7/12/2023 13:28,17785,17787.25,17783,17783.5,383,17781.4236,17760.03797
7/12/2023 13:29,17783.5,17790,17781.75,17788.75,661,17781.43331,17760.07388
7/12/2023 13:30,17788.5,17790.25,17786,17787.25,518,17781.44229,17760.10301
7/12/2023 13:31,17787.75,17800,17784.25,17797.75,3717,17781.56753,17760.35631
7/12/2023 13:32,17797.5,17798.75,17790.5,17795.25,1163,17781.6088,17760.43673
7/12/2023 13:33,17795.75,17797,17790.75,17793.75,686,17781.63119,17760.48262
7/12/2023 13:34,17793.25,17796.5,17792,17794.75,407,17781.64507,17760.51026
7/12/2023 13:35,17795,17802.75,17794,17798.25,1840,17781.72657,17760.64903
7/12/2023 13:36,17798.25,17806.25,17795,17795.75,2243,17781.82879,17760.81979
7/12/2023 13:37,17795.75,17798.75,17794,17798.75,513,17781.84952,17760.85677
7/12/2023 13:38,17799,17801.5,17796.5,17800,587,17781.87652,17760.9015
7/12/2023 13:39,17799.75,17804,17799.75,17804,466,17781.90187,17760.93994
7/12/2023 13:40,17804,17805.5,17802.25,17805,604,17781.93728,17760.99165
7/12/2023 13:41,17805,17809.5,17802.5,17806.5,843,17781.99074,17761.0668
7/12/2023 13:42,17807,17808.75,17805,17807.75,489,17782.02293,17761.11124
7/12/2023 13:43,17808,17808.5,17802.25,17803.75,513,17782.05348,17761.15541
7/12/2023 13:44,17804,17807.5,17804,17806.5,387,17782.07765,17761.18956
7/12/2023 13:45,17806.75,17808.75,17805.5,17806.25,368,17782.10138,17761.22259
7/12/2023 13:46,17806.25,17809.75,17805.25,17807.25,659,17782.14478,17761.28238
7/12/2023 13:47,17807,17808,17798.5,17799.25,851,17782.18844,17761.35018
7/12/2023 13:48,17799.25,17799.25,17794.75,17796.75,969,17782.22539,17761.41762
7/12/2023 13:49,17796.5,17800,17796.5,17798.5,491,17782.24584,17761.45306
7/12/2023 13:50,17798.75,17805.5,17798.75,17803.25,619,17782.2782,17761.50267
7/12/2023 13:51,17803.25,17807,17801.25,17805.75,562,17782.31064,17761.54999
7/12/2023 13:52,17806,17806,17802.75,17805.25,318,17782.32895,17761.57672
7/12/2023 13:53,17805,17806.5,17801.5,17803,366,17782.34904,17761.60672
7/12/2023 13:54,17803,17808,17800.75,17807.25,456,17782.37598,17761.64553
7/12/2023 13:55,17807,17809.5,17803.75,17804.75,522,17782.40763,17761.69055
7/12/2023 13:56,17805,17807.5,17802.5,17806,445,17782.43378,17761.72827
7/12/2023 13:57,17806.25,17809.25,17801.75,17804,497,17782.4625,17761.77001
7/12/2023 13:58,17804.25,17804.75,17798.25,17800.5,664,17782.49425,17761.82071
7/12/2023 13:59,17800.25,17804,17798.25,17803.75,490,17782.51865,17761.85883
7/12/2023 14:00,17803.5,17804.5,17802.5,17803,318,17782.53553,17761.88436
7/12/2023 14:01,17803,17804.75,17796.75,17799.5,793,17782.57146,17761.94327
7/12/2023 14:02,17799.25,17800,17789.5,17790.25,1324,17782.60733,17762.02316
7/12/2023 14:03,17790.25,17798.25,17789.25,17795.25,1617,17782.6549,17762.12328
7/12/2023 14:04,17795.25,17799,17790.5,17795.25,566,17782.67241,17762.1589
7/12/2023 14:05,17795.5,17802,17795,17798.75,579,17782.69562,17762.19933
7/12/2023 14:06,17798.25,17802.5,17795,17800.75,596,17782.72069,17762.2418
7/12/2023 14:07,17800.75,17801.75,17796.5,17798,425,17782.73781,17762.27149
7/12/2023 14:08,17798,17806.5,17798,17805.5,688,17782.77336,17762.32547
7/12/2023 14:09,17805.75,17809.5,17804,17805.25,828,17782.82203,17762.39486
7/12/2023 14:10,17805.75,17809.25,17805,17807.75,478,17782.85132,17762.4358
7/12/2023 14:11,17807.75,17809,17801,17806.25,637,17782.88721,17762.48792
7/12/2023 14:12,17806.25,17814,17804.5,17807.25,1502,17782.9832,17762.61935
7/12/2023 14:13,17807.5,17812.5,17806,17811.5,686,17783.02922,17762.68097
7/12/2023 14:14,17812,17816.25,17811.5,17815.75,730,17783.08616,17762.75259
7/12/2023 14:15,17816,17818.25,17813.75,17815.75,787,17783.15007,17762.83168
7/12/2023 14:16,17816,17818.75,17814.75,17816.75,625,17783.20194,17762.89531
7/12/2023 14:17,17817.25,17818.25,17812.75,17816,684,17783.25669,17762.96338
7/12/2023 14:18,17816,17820.75,17814.75,17816.5,719,17783.317,17763.037
7/12/2023 14:19,17817.25,17818,17814.5,17815.5,322,17783.34288,17763.0691
7/12/2023 14:20,17815,17817.25,17813,17814,344,17783.36943,17763.10253
7/12/2023 14:21,17814.5,17815.75,17809.25,17815.5,839,17783.43142,17763.18194
7/12/2023 14:22,17815.5,17816.5,17809.25,17815,404,17783.46126,17763.22014
7/12/2023 14:23,17815.25,17819,17813,17815.25,484,17783.4995,17763.26781
7/12/2023 14:24,17815.25,17817,17809.5,17811.25,419,17783.52929,17763.30652
7/12/2023 14:25,17811,17815.75,17811,17815.75,276,17783.54994,17763.3328
7/12/2023 14:26,17815.75,17818.25,17814,17817.25,281,17783.57254,17763.36076
7/12/2023 14:27,17817.5,17822.5,17814.25,17822.5,769,17783.64033,17763.44179
7/12/2023 14:28,17822.25,17823.25,17817.75,17818.25,583,17783.69155,17763.50306
7/12/2023 14:29,17818,17822.25,17815.25,17822,520,17783.73722,17763.55768
7/12/2023 14:30,17822,17823.25,17819.75,17821,568,17783.78903,17763.61881
7/12/2023 14:31,17820.75,17820.75,17814.5,17815,634,17783.83967,17763.68149
7/12/2023 14:32,17814.75,17820.25,17813.75,17819.25,387,17783.87143,17763.72039
7/12/2023 14:33,17819.25,17819.5,17816,17817.5,321,17783.89767,17763.75257
7/12/2023 14:34,17817.75,17821,17813.5,17820.5,422,17783.93278,17763.79534
7/12/2023 14:35,17820.5,17821.75,17818.25,17820,400,17783.96761,17763.83705
7/12/2023 14:36,17820.5,17823.5,17819.5,17822.75,474,17784.01098,17763.88808
7/12/2023 14:37,17822.75,17825.25,17821.75,17823,694,17784.07667,17763.96446
7/12/2023 14:38,17823.25,17826.25,17820.25,17825.75,498,17784.12457,17764.01983
7/12/2023 14:39,17825.75,17825.75,17815.25,17823.75,984,17784.21298,17764.12441
7/12/2023 14:40,17823.75,17824,17820.5,17820.5,320,17784.24171,17764.15838
7/12/2023 14:41,17820.5,17820.75,17805,17808,1469,17784.33647,17764.28568
7/12/2023 14:42,17808.25,17812.5,17803,17811.75,1224,17784.4086,17764.38636
7/12/2023 14:43,17811.5,17813.25,17808.5,17811.75,534,17784.44258,17764.43218
7/12/2023 14:44,17812.25,17815,17809.5,17813.75,449,17784.47278,17764.47194
7/12/2023 14:45,17814,17815.25,17812,17814.5,428,17784.50269,17764.51069
7/12/2023 14:46,17814,17814.5,17807.5,17808.75,648,17784.54222,17764.56491
7/12/2023 14:47,17808.5,17809.25,17805.25,17807,797,17784.58487,17764.62692
7/12/2023 14:48,17806.5,17808,17800.25,17807.25,993,17784.6331,17764.70031
7/12/2023 14:49,17807.75,17807.75,17797.25,17797.75,776,17784.66287,17764.75148
7/12/2023 14:50,17797.5,17803.75,17793.75,17801.5,1218,17784.70579,17764.82873
7/12/2023 14:51,17802,17802.75,17790.25,17790.75,1009,17784.72914,17764.88317
7/12/2023 14:52,17790.5,17796.25,17790.25,17795,721,17784.74449,17764.92097
7/12/2023 14:53,17795.25,17797.75,17790.25,17796.75,946,17784.76695,17764.97226
7/12/2023 14:54,17797,17800,17792.25,17793,775,17784.78558,17765.01439
7/12/2023 14:55,17793.25,17800.75,17792.75,17800.25,623,17784.80461,17765.05135
7/12/2023 14:56,17800.5,17802.25,17795.75,17802,560,17784.82438,17765.08661
7/12/2023 14:57,17801.5,17803.75,17797.25,17801,658,17784.84857,17765.12873
7/12/2023 14:58,17801,17801.25,17796.25,17798.25,520,17784.86512,17765.16
7/12/2023 14:59,17797.75,17803.75,17797,17802.5,466,17784.88261,17765.19007
7/12/2023 15:00,17803,17804.5,17799.5,17799.75,659,17784.90754,17765.2327
7/12/2023 15:01,17800.25,17805.75,17795.75,17802.5,848,17784.93966,17765.28754
7/12/2023 15:02,17803,17804.5,17795.5,17796.25,616,17784.95926,17765.32442
7/12/2023 15:03,17796.25,17798.5,17793.75,17798.25,542,17784.97406,17765.35494
7/12/2023 15:04,17798.25,17802.25,17795.5,17801,506,17784.99105,17765.38587
7/12/2023 15:05,17801,17805,17799.5,17803,442,17785.00881,17765.41515
7/12/2023 15:06,17803.25,17804.25,17792.75,17797,1112,17785.04189,17765.47968
7/12/2023 15:07,17797.5,17805,17795.75,17802.75,574,17785.06305,17765.51612
7/12/2023 15:08,17802.5,17810.5,17801.5,17809.75,897,17785.10846,17765.58262
7/12/2023 15:09,17809.75,17811.75,17803.25,17805,1004,17785.15774,17765.65576
7/12/2023 15:10,17804.75,17808.5,17804,17806.5,341,17785.17416,17765.68034
7/12/2023 15:11,17806.5,17807.25,17799.75,17801.25,1089,17785.2176,17765.75174
7/12/2023 15:12,17801.75,17807,17800,17806.5,526,17785.24059,17765.78775
7/12/2023 15:13,17806.5,17811.5,17805.5,17810,514,17785.26823,17765.82696
7/12/2023 15:14,17809.5,17812.25,17807.25,17812,488,17785.29608,17765.86542
7/12/2023 15:15,17812,17814,17810.5,17812.75,551,17785.32983,17765.91062
7/12/2023 15:16,17812.5,17820.25,17812,17818.75,1069,17785.40611,17766.00668
7/12/2023 15:17,17818.75,17819,17813.25,17814.25,513,17785.44085,17766.05129
7/12/2023 15:18,17814.5,17814.5,17805,17807.5,1021,17785.49486,17766.12821
7/12/2023 15:19,17807.75,17813.5,17805.5,17812.5,572,17785.52694,17766.17269
7/12/2023 15:20,17812.25,17812.5,17804.25,17805.75,536,17785.55332,17766.21147
7/12/2023 15:21,17805.75,17805.75,17793,17796,1790,17785.60402,17766.31156
7/12/2023 15:22,17796,17800,17791,17791.5,1155,17785.62603,17766.3676
7/12/2023 15:23,17791.75,17797,17782.75,17783.75,1574,17785.63373,17766.42628
7/12/2023 15:24,17784.25,17792.25,17774.75,17788,3718,17785.62855,17766.54547
7/12/2023 15:25,17787.75,17787.75,17780.25,17782.25,1025,17785.62357,17766.57526
7/12/2023 15:26,17782,17782,17769.5,17771.5,2035,17785.57338,17766.60236
7/12/2023 15:27,17771.25,17780.75,17770,17780.5,1284,17785.54963,17766.62541
7/12/2023 15:28,17780,17785.5,17780,17785.25,1046,17785.54516,17766.65574
7/12/2023 15:29,17785,17790,17782.25,17788.5,1032,17785.54823,17766.69144
7/12/2023 15:30,17788.5,17791.5,17787.25,17790.5,691,17785.55452,17766.7186
7/12/2023 15:31,17790.75,17794.25,17787.25,17791.75,844,17785.56461,17766.75361
7/12/2023 15:32,17791.25,17794.25,17784.75,17794.25,917,17785.57552,17766.79153
7/12/2023 15:33,17794,17802.5,17794,17801.75,1160,17785.61007,17766.85574
7/12/2023 15:34,17801.75,17804.25,17798.25,17802.5,903,17785.64121,17766.90898
7/12/2023 15:35,17802,17805.5,17798.75,17805,705,17785.66758,17766.95213
7/12/2023 15:36,17804.75,17810,17803,17809,1045,17785.71602,17767.02339
7/12/2023 15:37,17809,17811.25,17806.5,17811,722,17785.75283,17767.07523
7/12/2023 15:38,17810.75,17812.25,17803,17803.25,929,17785.79326,17767.13639
7/12/2023 15:39,17803.25,17810.5,17802.75,17810.25,714,17785.82676,17767.18527
7/12/2023 15:40,17809.75,17810.25,17805.75,17808.25,544,17785.85251,17767.22266
7/12/2023 15:41,17808,17808.5,17801.25,17806.25,900,17785.88971,17767.28022
7/12/2023 15:42,17806,17809.75,17805,17808.75,610,17785.91809,17767.32168
7/12/2023 15:43,17808.5,17812.25,17806.75,17808.25,737,17785.95421,17767.37322
7/12/2023 15:44,17808.75,17811.25,17807.25,17809,560,17785.98169,17767.41236
7/12/2023 15:45,17809.25,17811,17805.25,17806.75,593,17786.00884,17767.45225
7/12/2023 15:46,17806.75,17807.25,17797.5,17804.25,1032,17786.04577,17767.51345
7/12/2023 15:47,17804,17811,17801.75,17809.25,883,17786.08529,17767.57202
7/12/2023 15:48,17809.25,17812.25,17805.25,17807.5,769,17786.12121,17767.62417
7/12/2023 15:49,17808,17808,17802.25,17808,598,17786.14623,17767.66239
7/12/2023 15:50,17807.75,17808.75,17802.5,17803.75,506,17786.16621,17767.69376
7/12/2023 15:51,17803.25,17803.25,17788.5,17797,2758,17786.22412,17767.82395
7/12/2023 15:52,17797,17799.75,17791.5,17799,1415,17786.25505,17767.89144
7/12/2023 15:53,17798.75,17800,17792.5,17794.25,1202,17786.27827,17767.94623
7/12/2023 15:54,17794.25,17802.5,17790.75,17801.75,1250,17786.30939,17768.00862
7/12/2023 15:55,17802,17805.5,17795.25,17802.75,2245,17786.37798,17768.13043
7/12/2023 15:56,17802.5,17802.5,17789.25,17791,2611,17786.42001,17768.24156
7/12/2023 15:57,17791.25,17796.25,17789.25,17790.25,1747,17786.43958,17768.30876
7/12/2023 15:58,17790.25,17791.25,17785.5,17787.25,1759,17786.44515,17768.36488
7/12/2023 15:59,17787.25,17789,17785,17787,2058,17786.44746,17768.42681
7/12/2023 16:00,17787.5,17801.5,17784.75,17800,8307,17786.59563,17768.78407
7/12/2023 16:01,17800,17808,17791.5,17807,3223,17786.6948,17768.95464
7/12/2023 16:02,17807.25,17811,17804,17807,1452,17786.75385,17769.04278
7/12/2023 16:03,17807.25,17808,17802.75,17807.75,910,17786.7886,17769.09614
7/12/2023 16:04,17807.5,17808.75,17805.5,17806,474,17786.80719,17769.12431
7/12/2023 16:05,17806.25,17809,17805.75,17808.5,453,17786.82581,17769.1519
7/12/2023 16:06,17808.75,17810,17807.5,17809.75,389,17786.8428,17769.17639
7/12/2023 16:07,17809.5,17810.5,17808,17809.75,365,17786.85895,17769.19952
7/12/2023 16:08,17809.5,17810.5,17809.25,17810.25,207,17786.86834,17769.21282
7/12/2023 16:09,17810.25,17811,17807,17807,367,17786.88376,17769.23542
7/12/2023 16:10,17807,17808,17803.5,17803.5,275,17786.89351,17769.25089
7/12/2023 16:11,17803.25,17806.25,17803.25,17806,270,17786.90316,17769.26614
7/12/2023 16:12,17806.25,17807,17804.5,17805.75,197,17786.91042,17769.27744
7/12/2023 16:13,17805.5,17806.75,17805.5,17806.5,153,17786.91621,17769.28633
7/12/2023 16:14,17806.5,17808.25,17805.75,17806.75,250,17786.92598,17769.3011
7/12/2023 16:15,17806.75,17808.75,17805.25,17807.75,466,17786.94447,17769.32887
7/12/2023 16:16,17807.75,17807.75,17805,17806.5,152,17786.95024,17769.33771
7/12/2023 16:17,17807,17811,17807,17810,368,17786.9663,17769.3608
7/12/2023 16:18,17810.25,17811,17809.75,17810,67,17786.96935,17769.3651
7/12/2023 16:19,17809.75,17810.75,17809.5,17810,56,17786.97187,17769.36867
7/12/2023 16:20,17810.25,17810.75,17809.25,17809.75,56,17786.97437,17769.37223
7/12/2023 16:21,17809.75,17812,17809.75,17811.25,122,17786.98009,17769.38019
7/12/2023 16:22,17811.5,17812,17810.75,17812,85,17786.98416,17769.38582
7/12/2023 16:23,17812.25,17813.5,17811.25,17813,154,17786.99184,17769.39624
7/12/2023 16:24,17813.25,17814,17812.75,17813.25,83,17786.9961,17769.40196
7/12/2023 16:25,17813,17813.5,17811.75,17812,87,17787.00041,17769.40782
7/12/2023 16:26,17812.5,17812.75,17810.75,17810.75,83,17787.00435,17769.41328
7/12/2023 16:27,17810.5,17812,17808.75,17811.75,126,17787.0102,17769.42146
7/12/2023 16:28,17812,17812.5,17811.5,17811.75,44,17787.01233,17769.42439
7/12/2023 16:29,17812,17812,17810,17810.5,65,17787.01534,17769.4286
7/12/2023 16:30,17810.5,17810.75,17808.75,17809.25,101,17787.01978,17769.43495
7/12/2023 16:31,17808.75,17809.75,17807.75,17808.5,179,17787.02731,17769.44594
7/12/2023 16:32,17808.5,17810.25,17808.5,17809.25,62,17787.03,17769.44981
7/12/2023 16:33,17809.25,17809.75,17808.25,17808.75,60,17787.03256,17769.45352
7/12/2023 16:34,17809,17809,17807.75,17808.5,65,17787.03526,17769.45748
7/12/2023 16:35,17808,17809,17807.75,17808.75,42,17787.03701,17769.46005
7/12/2023 16:36,17809.25,17810.25,17809,17810.25,36,17787.03861,17769.46232
7/12/2023 16:37,17810,17811,17809.25,17810.5,63,17787.04145,17769.46634
7/12/2023 16:38,17810.75,17811,17808.75,17808.75,84,17787.04512,17769.47161
7/12/2023 16:39,17809.5,17810.25,17809.25,17809.25,31,17787.04647,17769.47355
7/12/2023 16:40,17810,17812,17809.5,17811.5,164,17787.05411,17769.4842
7/12/2023 16:41,17811.25,17812,17811,17811,49,17787.05642,17769.48741
7/12/2023 16:42,17811,17811,17809.25,17810.25,53,17787.0588,17769.49078
7/12/2023 16:43,17810,17810.5,17809.5,17810.25,36,17787.06041,17769.49306
7/12/2023 16:44,17810.25,17810.75,17809.25,17810.25,28,17787.06166,17769.49484
7/12/2023 16:45,17810.75,17811.5,17810,17810.5,51,17787.064,17769.49812
7/12/2023 16:46,17810,17811,17808.75,17809.25,129,17787.06966,17769.50622
7/12/2023 16:47,17809,17810.25,17808.75,17808.75,68,17787.07259,17769.51045
7/12/2023 16:48,17809.25,17809.5,17807,17807.5,94,17787.0764,17769.5161
7/12/2023 16:49,17807.5,17808,17806.5,17806.75,48,17787.07827,17769.51892
7/12/2023 16:50,17806.75,17806.75,17806,17806.5,48,17787.08007,17769.52168
7/12/2023 16:51,17806.75,17809,17806.5,17807.75,96,17787.08392,17769.52742
7/12/2023 16:52,17808,17808,17807,17807.5,25,17787.08491,17769.5289
7/12/2023 16:53,17808,17808.25,17807,17807,37,17787.08637,17769.53109
7/12/2023 16:54,17807,17807.25,17806.5,17806.75,53,17787.0884,17769.53418
7/12/2023 16:55,17807,17808.5,17806.75,17807.5,62,17787.09086,17769.53786
7/12/2023 16:56,17807.25,17807.75,17805.75,17807,70,17787.09354,17769.54194
7/12/2023 16:57,17807.25,17807.5,17805.25,17805.5,49,17787.09535,17769.54473
7/12/2023 16:58,17805.75,17807.5,17805.75,17807,55,17787.09744,17769.54793
7/12/2023 16:59,17807.25,17808.25,17806.5,17806.75,70,17787.10017,17769.55204
7/12/2023 17:00,17806.75,17807.5,17805.75,17806.5,94,17787.10372,17769.55747
7/12/2023 18:01,17806,17814,17804.75,17807.25,157,0,17808.66667
7/12/2023 18:02,17806.5,17813.5,17806.25,17812.5,307,0,17810.04508
7/12/2023 18:03,17812.75,17815,17811.25,17813,116,0,17810.65273
7/12/2023 18:04,17812.75,17816.5,17812.75,17814.75,150,0,17811.47751
7/12/2023 18:05,17814.5,17816,17813.5,17814.5,79,0,17811.78894
7/12/2023 18:06,17815.25,17817.75,17814.75,17817,129,0,17812.43683
7/12/2023 18:07,17816.25,17817.25,17815.75,17815.75,45,0,17812.61139
7/12/2023 18:08,17815.75,17817.5,17815.75,17817.5,51,0,17812.82374
7/12/2023 18:09,17817.5,17817.75,17816.25,17817.75,79,0,17813.13792
7/12/2023 18:10,17817.75,17818.75,17815.25,17815.75,102,0,17813.42716
7/12/2023 18:11,17816,17820,17815.5,17819.25,88,0,17813.75288
7/12/2023 18:12,17819.5,17822.75,17819.5,17820.25,119,0,17814.34541
7/12/2023 18:13,17819.75,17819.75,17819,17819,24,0,17814.42681
7/12/2023 18:14,17819,17819.5,17818,17819.5,31,0,17814.52279
7/12/2023 18:15,17819.75,17820.75,17818.75,17819,24,0,17814.60238
7/12/2023 18:16,17819,17821.25,17818.5,17819.75,39,0,17814.73485
7/12/2023 18:17,17819.5,17820.5,17818.5,17819.5,33,0,17814.83482
7/12/2023 18:18,17819.75,17819.75,17819.25,17819.25,13,0,17814.87237
7/12/2023 18:19,17819,17819,17816.25,17817,73,0,17814.98433
7/12/2023 18:20,17817,17818.5,17817,17817.5,19,0,17815.0147
7/12/2023 18:21,17817.75,17819.5,17817.75,17819.5,19,0,17815.05839
7/12/2023 18:22,17819.75,17819.75,17819.25,17819.5,15,0,17815.0973
7/12/2023 18:23,17819.25,17826,17819.25,17824.25,241,0,17816.09306
7/12/2023 18:24,17824.5,17824.75,17822.25,17823.25,110,0,17816.48356
7/12/2023 18:25,17822.5,17823.5,17821.75,17822.75,42,0,17816.60693
7/12/2023 18:26,17823.5,17823.5,17822.25,17822.5,19,0,17816.66188
7/12/2023 18:27,17822.5,17823,17821.5,17823,23,0,17816.72442
7/12/2023 18:28,17823.5,17825.25,17823,17824.25,65,0,17816.94311
7/12/2023 18:29,17823.75,17823.75,17823,17823.75,19,0,17816.99895
7/12/2023 18:30,17823.75,17824.25,17821.25,17822.5,49,0,17817.12076
7/12/2023 18:31,17822.5,17825.25,17822.5,17824.5,38,0,17817.2349
7/12/2023 18:32,17825,17825.5,17823.25,17824.5,86,0,17817.49182
7/12/2023 18:33,17824.5,17825,17824.5,17824.5,8,0,17817.51562
7/12/2023 18:34,17824.5,17824.5,17823.25,17823.25,12,0,17817.54607
7/12/2023 18:35,17823.75,17823.75,17822.5,17822.75,16,0,17817.58183
7/12/2023 18:36,17822.75,17823.5,17822.75,17822.75,60,0,17817.71187
7/12/2023 18:37,17823,17823.75,17823,17823.5,11,0,17817.73686
7/12/2023 18:38,17823.75,17823.75,17822.5,17823,41,0,17817.82275
7/12/2023 18:39,17823.25,17824.25,17823.25,17824.25,18,0,17817.86543
7/12/2023 18:40,17824.5,17827.25,17824.25,17825,71,0,17818.07068
7/12/2023 18:41,17824.75,17826.5,17824.25,17825.75,53,0,17818.21684
7/12/2023 18:42,17825.75,17833.75,17825.75,17831.75,407,0,17819.81804
7/12/2023 18:43,17832.25,17832.75,17830,17830,97,0,17820.15468
7/12/2023 18:44,17829.75,17830.5,17829.25,17829.75,42,0,17820.28014
7/12/2023 18:45,17829.5,17829.75,17828.5,17829,43,0,17820.39545
7/12/2023 18:46,17829.5,17829.75,17828.5,17828.5,26,0,17820.4624
7/12/2023 18:47,17828.25,17828.25,17827.25,17827.5,22,0,17820.50998
7/12/2023 18:48,17827,17827.25,17826.75,17827.25,18,0,17820.54531
7/12/2023 18:49,17827.25,17828.5,17827.25,17828.25,20,0,17820.58957
7/12/2023 18:50,17828.5,17828.75,17827.75,17827.75,10,0,17820.61174
7/12/2023 18:51,17828.25,17828.25,17824.25,17824.75,91,0,17820.74649
7/12/2023 18:52,17823.75,17823.75,17820,17822.25,179,0,17820.80798
7/12/2023 18:53,17822,17822.75,17821.75,17822,38,0,17820.82199
7/12/2023 18:54,17821.75,17821.75,17817.25,17818.5,144,0,17820.75977
7/12/2023 18:55,17818.25,17820,17817.75,17819.75,51,0,17820.73884
7/12/2023 18:56,17820,17820,17819,17819.5,26,0,17820.7306
7/12/2023 18:57,17819.5,17820.25,17819,17820.25,14,0,17820.72739
7/12/2023 18:58,17820.25,17820.75,17819,17819.75,41,0,17820.71814
7/12/2023 18:59,17820,17821.25,17819.25,17820.5,41,0,17820.7142
7/12/2023 19:00,17820.25,17820.5,17820.25,17820.5,9,0,17820.71354
7/12/2023 19:01,17820.5,17820.75,17818.5,17819.5,40,0,17820.70238
7/12/2023 19:02,17819.25,17819.5,17818.75,17818.75,39,0,17820.68616
7/12/2023 19:03,17818.75,17820,17818.75,17819.75,13,0,17820.6824
7/12/2023 19:04,17819.75,17820.5,17819.75,17820.25,42,0,17820.67718
7/12/2023 19:05,17820.25,17820.75,17820,17820.25,17,0,17820.67577
7/12/2023 19:06,17820,17820.25,17820,17820.25,4,0,17820.67528
7/12/2023 19:07,17819.75,17819.75,17816,17817.75,129,0,17820.58997
7/12/2023 19:08,17817.5,17818,17817,17817.5,38,0,17820.56288
7/12/2023 19:09,17817.5,17818.75,17817.25,17818.25,24,0,17820.54923
7/12/2023 19:10,17818.75,17820.25,17818.5,17819.25,37,0,17820.53899
7/12/2023 19:11,17819.75,17820,17819.5,17820,11,0,17820.53723
7/12/2023 19:12,17820,17820.75,17819.5,17820.75,33,0,17820.53572
7/12/2023 19:13,17820.75,17821.75,17820.5,17820.75,41,0,17820.53997
7/12/2023 19:14,17821,17821,17818.25,17819,42,0,17820.52953
7/12/2023 19:15,17818.75,17818.75,17816.25,17817,39,0,17820.50221
7/12/2023 19:16,17816.75,17817.75,17816.25,17817.75,40,0,17820.47394
7/12/2023 19:17,17818,17819,17817.25,17817.25,50,0,17820.44556
7/12/2023 19:18,17817.25,17817.75,17817.25,17817.75,12,0,17820.4382
7/12/2023 19:19,17818,17818,17817.5,17818,4,0,17820.43596
7/12/2023 19:20,17817.5,17818,17817.5,17817.75,6,0,17820.43252
7/12/2023 19:21,17817.75,17818.25,17817.5,17817.5,9,0,17820.42736
7/12/2023 19:22,17818,17818,17816.5,17816.75,18,0,17820.41456
7/12/2023 19:23,17817,17817.25,17817,17817,11,0,17820.40678
7/12/2023 19:24,17817.25,17817.75,17817,17817.25,10,0,17820.40027
7/12/2023 19:25,17817.5,17817.5,17816.75,17816.75,4,0,17820.39739
7/12/2023 19:26,17817.75,17819,17817.75,17819,17,0,17820.39089
7/12/2023 19:27,17818.5,17818.5,17814.25,17815.5,97,0,17820.30456
7/12/2023 19:28,17815.5,17817,17815.5,17817,19,0,17820.28969
7/12/2023 19:29,17817,17817.25,17816.25,17817,32,0,17820.26707
7/12/2023 19:30,17817.25,17817.25,17815.5,17815.5,34,0,17820.23819
7/12/2023 19:31,17815.5,17816,17815.25,17816,30,0,17820.21102
7/12/2023 19:32,17816.25,17817,17815.75,17816,26,0,17820.19034
7/12/2023 19:33,17816.75,17817.5,17816.75,17817.25,13,0,17820.18247
7/12/2023 19:34,17817.25,17817.25,17817,17817,5,0,17820.17937
7/12/2023 19:35,17817,17817,17816,17816,16,0,17820.1671
7/12/2023 19:36,17815.75,17817.75,17815.75,17817,19,0,17820.15452
7/12/2023 19:37,17817,17817.75,17817,17817.25,10,0,17820.14892
7/12/2023 19:38,17817,17818,17817,17817.5,11,0,17820.14316
7/12/2023 19:39,17817.75,17818.5,17816.75,17818.5,30,0,17820.13002
7/12/2023 19:40,17818.5,17818.5,17817.75,17818,14,0,17820.1244
7/12/2023 19:41,17818,17818.75,17817.75,17818.25,24,0,17820.11562
7/12/2023 19:42,17818,17819.5,17817.75,17819.5,47,0,17820.10472
7/12/2023 19:43,17819.75,17821.25,17819.75,17820.75,39,0,17820.10831
7/12/2023 19:44,17821.25,17825,17821.25,17824.5,187,0,17820.22873
7/12/2023 19:45,17824.75,17825.75,17822.5,17823.75,111,0,17820.30475
7/12/2023 19:46,17824,17824.25,17820.75,17820.75,49,0,17820.31896
7/12/2023 19:47,17821,17821.25,17817.75,17817.75,79,0,17820.2993
7/12/2023 19:48,17818.25,17819.75,17817.25,17819.75,36,0,17820.29053
7/12/2023 19:49,17820.25,17820.75,17819,17819.5,29,0,17820.28778
7/12/2023 19:50,17819.5,17821,17819.5,17820.25,15,0,17820.28768
7/12/2023 19:51,17820.75,17822,17819.5,17819.75,30,0,17820.28835
7/12/2023 19:52,17820,17820.25,17819,17819.5,24,0,17820.28542
7/12/2023 19:53,17819.5,17820.75,17818.5,17819.25,41,0,17820.27988
7/12/2023 19:54,17819.5,17819.75,17818.25,17818.75,18,0,17820.27567
7/12/2023 19:55,17819,17819.5,17818,17818,29,0,17820.26687
7/12/2023 19:56,17818.5,17819.5,17818.25,17819.25,56,0,17820.25488
7/12/2023 19:57,17819,17819.25,17818,17818.25,33,0,17820.24514
7/12/2023 19:58,17818,17820,17818,17820,25,0,17820.24132
7/12/2023 19:59,17819.5,17819.75,17819.25,17819.75,15,0,17820.23967
7/12/2023 20:00,17819.25,17820.25,17819.25,17819.75,46,0,17820.23594
7/12/2023 20:01,17819.75,17823.75,17819.5,17821.75,178,0,17820.27695
7/12/2023 20:02,17821.25,17821.5,17818.25,17820.75,52,0,17820.27603
7/12/2023 20:03,17821,17827.25,17821,17825.25,182,0,17820.39533
7/12/2023 20:04,17824.5,17825.5,17822.5,17823.25,61,0,17820.42679
7/12/2023 20:05,17822.75,17825.25,17822.25,17823.25,39,0,17820.4456
7/12/2023 20:06,17823,17825.75,17822.5,17825,59,0,17820.48108
7/12/2023 20:07,17823.25,17826,17823.25,17825.75,52,0,17820.51639
7/12/2023 20:08,17825.5,17825.75,17824.25,17825.5,39,0,17820.54348
7/12/2023 20:09,17825.25,17825.75,17824.5,17824.5,17,0,17820.55456
7/12/2023 20:10,17824,17824.25,17823.75,17824,15,0,17820.56225
7/12/2023 20:11,17823.75,17824.25,17821.5,17824,65,0,17820.58797
7/12/2023 20:12,17823.5,17823.5,17820,17821.5,62,0,17820.59773
7/12/2023 20:13,17822,17823.25,17821.75,17822.5,23,0,17820.60409
7/12/2023 20:14,17822.5,17823.25,17822.5,17822.75,18,0,17820.60991
7/12/2023 20:15,17822.75,17822.75,17820.5,17821.5,29,0,17820.61399
7/12/2023 20:16,17822,17823.25,17821,17822.75,38,0,17820.62338
7/12/2023 20:17,17823,17826.25,17823,17825.75,61,0,17820.6614
7/12/2023 20:18,17826,17826.75,17824,17824.5,51,0,17820.69328
7/12/2023 20:19,17825,17825.75,17823.75,17825.75,41,0,17820.71858
7/12/2023 20:20,17825.75,17825.75,17824.5,17824.5,24,0,17820.7327
7/12/2023 20:21,17825,17827.5,17824.5,17826.25,83,0,17820.7942
7/12/2023 20:22,17826,17827.75,17825.5,17827,59,0,17820.84247
7/12/2023 20:23,17827,17828.25,17827,17827.25,82,0,17820.91662
7/12/2023 20:24,17827.25,17827.75,17826,17826.5,40,0,17820.94814
7/12/2023 20:25,17826.5,17827.25,17826,17826.75,25,0,17820.96739
7/12/2023 20:26,17826.75,17827.25,17825.75,17826,17,0,17820.97965
7/12/2023 20:27,17825.75,17825.75,17824.75,17825.75,28,0,17820.99627
7/12/2023 20:28,17826,17829.25,17826,17829.25,153,0,17821.14015
7/12/2023 20:29,17829,17831,17829,17830.5,159,0,17821.32453
7/12/2023 20:30,17831,17835,17831,17833.5,299,0,17821.76259
7/12/2023 20:31,17833.75,17834.25,17831.75,17832.75,83,0,17821.87596
7/12/2023 20:32,17833,17834.75,17830.75,17832.5,197,0,17822.13015
7/12/2023 20:33,17832,17832,17829.5,17830.25,80,0,17822.21024
7/12/2023 20:34,17830.25,17831.5,17829.75,17831.5,36,0,17822.24721
7/12/2023 20:35,17831.5,17831.5,17830.5,17830.5,31,0,17822.27849
7/12/2023 20:36,17830.25,17832.25,17829.75,17832.25,36,0,17822.31698
7/12/2023 20:37,17832,17832,17829.25,17830,45,0,17822.35941
7/12/2023 20:38,17830,17832.5,17830,17832,34,0,17822.39544
7/12/2023 20:39,17831.75,17833,17831.75,17832.25,21,0,17822.41958
7/12/2023 20:40,17832.75,17833,17831.5,17831.5,31,0,17822.45381
7/12/2023 20:41,17831.75,17834.25,17831.75,17832.75,55,0,17822.51971
7/12/2023 20:42,17832.75,17832.75,17831.75,17832.25,23,0,17822.54527
7/12/2023 20:43,17832,17832.5,17831.5,17831.5,26,0,17822.57277
7/12/2023 20:44,17831.25,17831.25,17829.5,17831,30,0,17822.60005
7/12/2023 20:45,17831,17832.5,17831,17832.5,20,0,17822.62133
7/12/2023 20:46,17832,17833.5,17831.25,17832.5,46,0,17822.67209
7/12/2023 20:47,17832.75,17832.75,17832.25,17832.5,18,0,17822.69198
7/12/2023 20:48,17832.25,17832.75,17830.75,17831.5,33,0,17822.72515
7/12/2023 20:49,17831.75,17832.25,17831.75,17831.75,17,0,17822.74262
7/12/2023 20:50,17831.75,17832.75,17831.25,17832,32,0,17822.77562
7/12/2023 20:51,17831.75,17833,17831.25,17832.5,51,0,17822.82914
7/12/2023 20:52,17832.25,17832.75,17832,17832.25,24,0,17822.85434
7/12/2023 20:53,17832.5,17832.5,17831.25,17832.25,65,0,17822.91955
7/12/2023 20:54,17832.25,17832.25,17831.5,17832.25,18,0,17822.93744
7/12/2023 20:55,17832,17833,17832,17832.75,11,0,17822.94904
7/12/2023 20:56,17832.75,17833,17832.25,17832.5,41,0,17822.99204
7/12/2023 20:57,17832.75,17834.75,17830.75,17831.75,213,0,17823.20559
7/12/2023 20:58,17832.25,17836,17832.25,17834.75,144,0,17823.37349
7/12/2023 20:59,17834.75,17834.75,17831.5,17832.25,44,0,17823.4169
7/12/2023 21:00,17832,17832.5,17830.5,17830.75,49,0,17823.45673
7/12/2023 21:01,17831,17831,17828.25,17829.75,107,0,17823.52492
7/12/2023 21:02,17829.5,17829.75,17828.25,17829.5,75,0,17823.56801
7/12/2023 21:03,17829.25,17829.25,17828.25,17828.75,50,0,17823.59427
7/12/2023 21:04,17828.75,17830.5,17828.25,17830.5,53,0,17823.62715
7/12/2023 21:05,17830.25,17831.25,17829.5,17831,62,0,17823.67035
7/12/2023 21:06,17831.25,17833,17831.25,17832,81,0,17823.73805
7/12/2023 21:07,17831.75,17831.75,17831,17831,15,0,17823.74923
7/12/2023 21:08,17831.5,17833,17831.25,17831.5,35,0,17823.77749
7/12/2023 21:09,17831.75,17831.75,17831,17831.5,13,0,17823.7873
7/12/2023 21:10,17831.25,17831.25,17828.25,17828.75,66,0,17823.82374
7/12/2023 21:11,17828.5,17830.75,17828.5,17830.75,50,0,17823.85389
7/12/2023 21:12,17830.75,17830.75,17829.25,17829.25,60,0,17823.88822
7/12/2023 21:13,17829.25,17830,17828.75,17829.75,47,0,17823.9137
7/12/2023 21:14,17829.75,17830.25,17829.5,17830,25,0,17823.92817
7/12/2023 21:15,17830,17830.75,17829.25,17830.25,33,0,17823.94768
7/12/2023 21:16,17829.75,17829.75,17826,17826.5,150,0,17823.99696
7/12/2023 21:17,17826.5,17826.5,17823.5,17825.25,189,0,17824.01607
7/12/2023 21:18,17825.5,17826.25,17825,17825.25,35,0,17824.02088
7/12/2023 21:19,17825.25,17829.25,17825.25,17828,60,0,17824.04013
7/12/2023 21:20,17827.5,17827.5,17824.25,17825.5,122,0,17824.05916
7/12/2023 21:21,17825.25,17826.5,17823.75,17824.5,53,0,17824.06328
7/12/2023 21:22,17824.5,17824.75,17821,17821,175,0,17824.03493
7/12/2023 21:23,17821,17822,17820.5,17821.25,62,0,17824.01959
7/12/2023 21:24,17821,17822.75,17821,17822.25,33,0,17824.01369
7/12/2023 21:25,17822.75,17824.25,17821.5,17823.25,106,0,17824.00426
7/12/2023 21:26,17823.5,17824.75,17822.75,17824.75,57,0,17824.00465
7/12/2023 21:27,17824.5,17826.25,17824,17825.75,38,0,17824.00904
7/12/2023 21:28,17825.5,17825.5,17824,17824.25,58,0,17824.01193
7/12/2023 21:29,17825,17825.5,17824,17824.75,19,0,17824.01314
7/12/2023 21:30,17824.75,17825.25,17823.75,17823.75,18,0,17824.01351
7/12/2023 21:31,17824.5,17827.5,17824.25,17825.5,90,0,17824.0269
7/12/2023 21:32,17826,17826,17825.25,17825.75,28,0,17824.03082
7/12/2023 21:33,17826.25,17827.75,17824.75,17826,81,0,17824.0455
7/12/2023 21:34,17826.25,17826.25,17824.5,17824.5,35,0,17824.04858
7/12/2023 21:35,17824.25,17825.25,17822.75,17824.5,55,0,17824.04912
7/12/2023 21:36,17825.25,17827.25,17825,17825.25,72,0,17824.05988
7/12/2023 21:37,17825.5,17826.25,17824.25,17824.25,26,0,17824.06174
7/12/2023 21:38,17824.5,17825.75,17824.5,17825.25,19,0,17824.06349
7/12/2023 21:39,17825.5,17826,17824,17825,57,0,17824.06792
7/12/2023 21:40,17825,17825.75,17824,17825.5,49,0,17824.07203
7/12/2023 21:41,17825.75,17825.75,17822,17822.25,42,0,17824.06948
7/12/2023 21:42,17823,17823,17820,17821,162,0,17824.03344
7/12/2023 21:43,17821.5,17823.5,17820.75,17823,64,0,17824.02507
7/12/2023 21:44,17823.75,17826,17822.75,17824.75,100,0,17824.02888
7/12/2023 21:45,17824.5,17824.5,17821.25,17821.75,52,0,17824.02253
7/12/2023 21:46,17821.5,17825.25,17821.5,17824.75,52,0,17824.02175
7/12/2023 21:47,17824.5,17827,17824.5,17826,83,0,17824.03363
7/12/2023 21:48,17826,17826.25,17825.5,17826.25,19,0,17824.03658
7/12/2023 21:49,17825.75,17828.25,17825.5,17827.25,64,0,17824.05148
7/12/2023 21:50,17827.75,17829.5,17827.25,17828.5,71,0,17824.07568
7/12/2023 21:51,17828.75,17829.5,17828,17829,83,0,17824.10632
7/12/2023 21:52,17829.5,17829.75,17827.75,17828.25,46,0,17824.12224
7/12/2023 21:53,17828.75,17829.25,17827.5,17828.75,53,0,17824.14011
7/12/2023 21:54,17828.75,17829,17827.5,17827.5,26,0,17824.14782
7/12/2023 21:55,17827.5,17828.5,17826.75,17828.25,52,0,17824.16249
7/12/2023 21:56,17828.25,17829.25,17827.25,17828.5,60,0,17824.18156
7/12/2023 21:57,17828.25,17829.75,17827.5,17828,34,0,17824.1925
7/12/2023 21:58,17828.5,17828.75,17828,17828.75,17,0,17824.19806
7/12/2023 21:59,17829.25,17834.25,17829,17831,198,0,17824.30493
7/12/2023 22:00,17830.75,17832.25,17830.75,17831.25,63,0,17824.33827
7/12/2023 22:01,17831.75,17831.75,17829.75,17830.25,42,0,17824.35773
7/12/2023 22:02,17830.75,17832,17830.75,17830.75,17,0,17824.36631
7/12/2023 22:03,17830.75,17831,17828.75,17828.75,47,0,17824.38412
7/12/2023 22:04,17828.25,17830.75,17828.25,17830.75,18,0,17824.39147
7/12/2023 22:05,17830.25,17830.5,17828.25,17828.5,28,0,17824.40113
7/12/2023 22:06,17828.25,17830.5,17828,17828.5,56,0,17824.42001
7/12/2023 22:07,17828.25,17829,17827.75,17829,28,0,17824.42853
7/12/2023 22:08,17829.5,17829.5,17829,17829.5,8,0,17824.4314
7/12/2023 22:09,17829.75,17831.25,17829.75,17830.75,32,0,17824.44576
7/12/2023 22:10,17830.25,17830.5,17829.25,17830.25,29,0,17824.45748
7/12/2023 22:11,17829.75,17830.25,17829.75,17829.75,11,0,17824.46184
7/12/2023 22:12,17830,17831.75,17829.25,17831.5,40,0,17824.48032
7/12/2023 22:13,17832.25,17833.5,17832,17833.5,64,0,17824.51967
7/12/2023 22:14,17833.25,17833.25,17832,17832.75,22,0,17824.53259
7/12/2023 22:15,17832.75,17834.75,17832.75,17833.25,69,0,17824.57736
7/12/2023 22:16,17833,17834.5,17833,17833.75,43,0,17824.60555
7/12/2023 22:17,17833.5,17834.25,17832.75,17834.25,41,0,17824.63227
7/12/2023 22:18,17833.75,17835,17833.75,17835,43,0,17824.66267
7/12/2023 22:19,17835.25,17835.75,17834.5,17835.5,63,0,17824.70985
7/12/2023 22:20,17835.5,17835.5,17834.5,17834.75,32,0,17824.7329
7/12/2023 22:21,17834.5,17834.5,17833.25,17834,41,0,17824.75939
7/12/2023 22:22,17833.5,17833.5,17832,17832.75,53,0,17824.78908
7/12/2023 22:23,17832.5,17833.25,17832.5,17832.75,13,0,17824.79641
7/12/2023 22:24,17833,17834,17833,17833.25,14,0,17824.80485
7/12/2023 22:25,17833.75,17834.25,17833.25,17834.25,28,0,17824.82267
7/12/2023 22:26,17834.25,17835.25,17833.75,17834.5,30,0,17824.8429
7/12/2023 22:27,17834.75,17835,17833.5,17833.5,47,0,17824.8728
7/12/2023 22:28,17833.75,17834.5,17833.5,17834.25,29,0,17824.89132
7/12/2023 22:29,17834,17836.75,17834,17836.75,100,0,17824.96665
7/12/2023 22:30,17836.75,17841.75,17836.5,17839,395,0,17825.34038
7/12/2023 22:31,17838.75,17841.5,17838.75,17840.75,119,0,17825.45902
7/12/2023 22:32,17840.5,17840.75,17837,17838,84,0,17825.53192
7/12/2023 22:33,17838,17838.5,17832.25,17835.25,189,0,17825.6529
7/12/2023 22:34,17835,17835,17833.25,17833.75,45,0,17825.67736
7/12/2023 22:35,17833.75,17835.25,17833.75,17835,28,0,17825.69372
7/12/2023 22:36,17835,17836.25,17835,17836,30,0,17825.71329
7/12/2023 22:37,17835.25,17835.5,17834.5,17835.25,19,0,17825.72482
7/12/2023 22:38,17835.5,17835.5,17835,17835,9,0,17825.73033
7/12/2023 22:39,17835,17835,17834.25,17834.75,14,0,17825.73842
7/12/2023 22:40,17834.5,17834.5,17833.75,17833.75,15,0,17825.74643
7/12/2023 22:41,17833.75,17835,17832.75,17834,48,0,17825.7717
7/12/2023 22:42,17834,17835.25,17833.5,17834.75,20,0,17825.78293
7/12/2023 22:43,17835,17835,17833.75,17834.5,17,0,17825.79237
7/12/2023 22:44,17834.5,17835,17833.25,17833.5,18,0,17825.80175
7/12/2023 22:45,17833.75,17833.75,17833.25,17833.25,22,0,17825.8125
7/12/2023 22:46,17833.5,17834,17832.75,17833.75,28,0,17825.82627
7/12/2023 22:47,17834,17834,17833.25,17833.75,10,0,17825.83129
7/12/2023 22:48,17834.25,17834.75,17834.25,17834.75,27,0,17825.84637
7/12/2023 22:49,17834.75,17835.75,17833.5,17834.25,44,0,17825.87062
7/12/2023 22:50,17834.25,17834.75,17833.5,17834,23,0,17825.88263
7/12/2023 22:51,17833.5,17835.25,17832.75,17835.25,39,0,17825.90373
7/12/2023 22:52,17835,17835.25,17834.5,17835.25,22,0,17825.91641
7/12/2023 22:53,17835.5,17836,17835,17835.25,36,0,17825.93802
7/12/2023 22:54,17835.75,17836.25,17834,17835.5,51,0,17825.96793
7/12/2023 22:55,17835.75,17836.5,17834.75,17835.5,39,0,17825.99149
7/12/2023 22:56,17835.25,17836.75,17835,17836.25,45,0,17826.01971
7/12/2023 22:57,17836.25,17836.5,17835.75,17836.5,9,0,17826.02547
7/12/2023 22:58,17836.75,17837,17836,17836.25,16,0,17826.03588
7/12/2023 22:59,17835.75,17836.75,17835.75,17836.75,9,0,17826.04172
7/12/2023 23:00,17837.25,17838.25,17836.75,17837.75,48,0,17826.07625
7/12/2023 23:01,17837.25,17837.75,17836,17836.5,30,0,17826.09617
7/12/2023 23:02,17836.25,17841.25,17835.75,17840.5,155,0,17826.22101
7/12/2023 23:03,17840,17842,17839.25,17840.75,115,0,17826.32266
7/12/2023 23:04,17841.25,17841.25,17838.75,17840.25,77,0,17826.38719
7/12/2023 23:05,17840.5,17840.75,17839,17840.75,40,0,17826.42068
7/12/2023 23:06,17841.25,17841.25,17840,17840.5,41,0,17826.45587
7/12/2023 23:07,17841,17841.75,17839.25,17840.75,93,0,17826.53504
7/12/2023 23:08,17840.75,17841.5,17839,17839.5,92,0,17826.60928
7/12/2023 23:09,17839.25,17840.75,17838.5,17840,70,0,17826.66418
7/12/2023 23:10,17840.25,17841,17840,17840.5,32,0,17826.69055
7/12/2023 23:11,17840.25,17842.75,17840.25,17842.5,57,0,17826.74179
7/12/2023 23:12,17842.5,17842.75,17842,17842.25,49,0,17826.78702
7/12/2023 23:13,17843,17843.75,17841.25,17842,60,0,17826.84203
7/12/2023 23:14,17842.25,17843.5,17842.25,17843.5,26,0,17826.8669
7/12/2023 23:15,17843.25,17848.5,17842.75,17847.25,421,0,17827.33384
7/12/2023 23:16,17847.25,17847.25,17844.25,17845.5,142,0,17827.48223
7/12/2023 23:17,17845,17845.25,17844.25,17845.25,32,0,17827.51398
7/12/2023 23:18,17845.5,17847.25,17845,17846.75,49,0,17827.5663
7/12/2023 23:19,17846.25,17847.75,17845.75,17845.75,75,0,17827.64618
7/12/2023 23:20,17845,17845.5,17844.5,17845.5,25,0,17827.67089
7/12/2023 23:21,17845.25,17848.5,17845.25,17848,105,0,17827.7862
7/12/2023 23:22,17847.25,17847.25,17845.75,17846.5,35,0,17827.82287
7/12/2023 23:23,17846.5,17847.25,17845.5,17845.5,51,0,17827.87485
7/12/2023 23:24,17845.75,17846,17845.25,17845.5,20,0,17827.8946
7/12/2023 23:25,17845.5,17847,17845.5,17846.5,53,0,17827.94892
7/12/2023 23:26,17846.5,17847.5,17846,17847.5,122,0,17828.07726
7/12/2023 23:27,17847.75,17847.75,17845.75,17847,26,0,17828.10415
7/12/2023 23:28,17847.25,17847.5,17846.5,17847,24,0,17828.12913
7/12/2023 23:29,17847,17849,17846.25,17848.75,108,0,17828.2466
7/12/2023 23:30,17848.25,17848.75,17847,17848.25,58,0,17828.30912
7/12/2023 23:31,17848.5,17851.75,17847.5,17851.75,197,0,17828.54336
7/12/2023 23:32,17851.75,17854.25,17851.75,17853,251,0,17828.87033
7/12/2023 23:33,17852.75,17852.75,17849.75,17849.75,111,0,17828.99893
7/12/2023 23:34,17850.5,17851.25,17849.75,17850.75,47,0,17829.05252
7/12/2023 23:35,17850.5,17850.75,17850,17850.25,42,0,17829.09962
7/12/2023 23:36,17850.5,17850.75,17849,17849.75,69,0,17829.17475
7/12/2023 23:37,17850,17850.25,17848.5,17848.75,39,0,17829.21561
7/12/2023 23:38,17848.75,17849,17847.75,17848.75,102,0,17829.31814
7/12/2023 23:39,17848.5,17849,17848.25,17848.5,21,0,17829.33921
7/12/2023 23:40,17849,17849,17846.5,17847.75,93,0,17829.42793
7/12/2023 23:41,17847.25,17847.25,17840,17843.75,373,0,17829.69793
7/12/2023 23:42,17843.75,17843.75,17842.25,17843.25,45,0,17829.72848
7/12/2023 23:43,17843.25,17843.25,17842,17842.5,46,0,17829.7584
7/12/2023 23:44,17843,17843.25,17842,17842.25,30,0,17829.77771
7/12/2023 23:45,17842.25,17843,17841.25,17843,61,0,17829.81655
7/12/2023 23:46,17843.25,17843.5,17841,17841,44,0,17829.84312
7/12/2023 23:47,17841.5,17842.75,17841.25,17842.25,28,0,17829.86032
7/12/2023 23:48,17842.25,17843,17841.75,17842,42,0,17829.88638
7/12/2023 23:49,17842.5,17843,17841.5,17842.75,54,0,17829.92018
7/12/2023 23:50,17842.5,17844,17842.5,17843.25,63,0,17829.96199
7/12/2023 23:51,17843.5,17843.5,17842.5,17843.25,42,0,17829.98938
7/12/2023 23:52,17843.25,17844.75,17843.25,17844.75,49,0,17830.02401
7/12/2023 23:53,17844.75,17845.25,17843.5,17843.5,39,0,17830.05114
7/12/2023 23:54,17843.75,17844.25,17842.25,17843.5,69,0,17830.09632
7/12/2023 23:55,17844,17844.75,17843.25,17844,43,0,17830.12573
7/12/2023 23:56,17844,17844,17843.5,17843.75,15,0,17830.13578
7/12/2023 23:57,17844.25,17845.25,17844.25,17844.5,52,0,17830.17283
7/12/2023 23:58,17845,17850.25,17844.25,17848.75,202,0,17830.34523
7/12/2023 23:59,17849,17850.75,17848.5,17849.75,70,0,17830.41068
7/13/2023 0:00,17850.75,17851,17849.25,17849.75,39,0,17830.44758
7/13/2023 0:01,17849.5,17849.5,17848.75,17848.75,31,0,17830.47532
7/13/2023 0:02,17848.5,17850,17848,17849.5,57,0,17830.52656
7/13/2023 0:03,17849.5,17851.75,17849.25,17851,59,0,17830.58355
7/13/2023 0:04,17850.75,17851.25,17849.75,17851.25,53,0,17830.63468
7/13/2023 0:05,17850.75,17851.5,17850.5,17851,22,0,17830.65609
7/13/2023 0:06,17851.25,17852,17850.75,17851.25,40,0,17830.69554
7/13/2023 0:07,17851.25,17851.25,17849.25,17849.75,47,0,17830.7389
7/13/2023 0:08,17850,17850.25,17849.25,17849.75,37,0,17830.77232
7/13/2023 0:09,17849.75,17850.5,17849.5,17850.25,20,0,17830.79065
7/13/2023 0:10,17850,17850.5,17849.75,17850.5,9,0,17830.79896
7/13/2023 0:11,17850.75,17851.25,17847.5,17849,281,0,17831.04169
7/13/2023 0:12,17849.25,17850.75,17848.25,17850.5,83,0,17831.11443
7/13/2023 0:13,17850.75,17851.75,17850.5,17851.25,63,0,17831.17317
7/13/2023 0:14,17851.25,17893.25,17851.25,17870,1262,0,17833.40843
7/13/2023 0:15,17870.25,17871.5,17860.25,17864.75,646,0,17834.29385
7/13/2023 0:16,17865,17865,17859,17859,244,0,17834.56929
7/13/2023 0:17,17858.75,17860.25,17857.75,17859.75,122,0,17834.69591
7/13/2023 0:18,17859.75,17861.75,17858.75,17861,163,0,17834.87158
7/13/2023 0:19,17860.25,17861.25,17859.75,17861,83,0,17834.96069
7/13/2023 0:20,17861,17864.75,17860.75,17863.75,173,0,17835.16174
7/13/2023 0:21,17864,17864.75,17862.75,17862.75,111,0,17835.29075
7/13/2023 0:22,17862.75,17863,17861.25,17861.5,101,0,17835.40092
7/13/2023 0:23,17861.5,17862.25,17861,17861.5,45,0,17835.44909
7/13/2023 0:24,17862,17863.25,17861.75,17862.5,36,0,17835.48885
7/13/2023 0:25,17862.25,17862.25,17860.25,17861.5,53,0,17835.54466
7/13/2023 0:26,17861,17861.25,17860.5,17861,23,0,17835.56841
7/13/2023 0:27,17860.75,17861,17859.5,17860,31,0,17835.59941
7/13/2023 0:28,17859.75,17861.25,17859.75,17861.25,30,0,17835.63005
7/13/2023 0:29,17861.25,17861.25,17860.5,17861.25,16,0,17835.64652
7/13/2023 0:30,17861.25,17862.5,17860.5,17862.5,42,0,17835.69107
7/13/2023 0:31,17862.25,17862.5,17861.75,17862,32,0,17835.72523
7/13/2023 0:32,17862,17863,17861,17862.25,72,0,17835.80179
7/13/2023 0:33,17862.5,17862.5,17859,17859.5,115,0,17835.91506
7/13/2023 0:34,17859.5,17861.25,17859.25,17860.75,84,0,17835.99742
7/13/2023 0:35,17861,17861.5,17860.5,17861,31,0,17836.02839
7/13/2023 0:36,17861.25,17862.75,17861.25,17861.75,56,0,17836.0862
7/13/2023 0:37,17861.75,17862,17861.5,17862,22,0,17836.10877
7/13/2023 0:38,17861.75,17863,17861.5,17863,71,0,17836.18322
7/13/2023 0:39,17863,17863.5,17862.75,17863,23,0,17836.20778
7/13/2023 0:40,17862.75,17863.75,17861.5,17861.5,55,0,17836.26451
7/13/2023 0:41,17861.75,17862,17860.5,17861,54,0,17836.31765
7/13/2023 0:42,17860.75,17861.75,17859.75,17861.75,52,0,17836.36845
7/13/2023 0:43,17861.25,17863,17861,17861,69,0,17836.43711
7/13/2023 0:44,17861,17861.25,17859.5,17860.25,62,0,17836.49524
7/13/2023 0:45,17860.75,17861.25,17860.5,17861.25,25,0,17836.51926
7/13/2023 0:46,17860.75,17860.75,17858.25,17858.25,79,0,17836.58892
7/13/2023 0:47,17858,17858.5,17852.25,17856.25,298,0,17836.80853
7/13/2023 0:48,17855.75,17856,17853.25,17854.5,123,0,17836.89259
7/13/2023 0:49,17854.5,17855.75,17853.25,17854.25,107,0,17836.96438
7/13/2023 0:50,17854.25,17854.75,17854,17854.75,28,0,17836.98316
7/13/2023 0:51,17853.75,17854.5,17851.75,17852.75,87,0,17837.03629
7/13/2023 0:52,17853,17854.25,17853,17853.75,43,0,17837.0635
7/13/2023 0:53,17853.75,17854.5,17850.5,17852.25,102,0,17837.12287
7/13/2023 0:54,17852.5,17853.75,17852.5,17853.25,51,0,17837.15383
7/13/2023 0:55,17853,17853.25,17851,17851.25,40,0,17837.17602
7/13/2023 0:56,17851,17852,17850.5,17851.75,43,0,17837.19912
7/13/2023 0:57,17851.25,17851.25,17848.25,17848.5,114,0,17837.25107
7/13/2023 0:58,17848.75,17850.25,17845,17847,232,0,17837.33888
7/13/2023 0:59,17846.75,17849,17846.25,17848.25,120,0,17837.38557
7/13/2023 1:00,17848.25,17848.25,17845.75,17846.25,44,0,17837.40081
7/13/2023 1:01,17845.75,17847.25,17844,17846,146,0,17837.44568
7/13/2023 1:02,17845.75,17847,17844.25,17845.25,61,0,17837.46373
7/13/2023 1:03,17844.75,17845.75,17844.25,17844.25,45,0,17837.47575
7/13/2023 1:04,17844.5,17844.5,17842.25,17844,104,0,17837.49895
7/13/2023 1:05,17844,17846,17843.5,17844.25,58,0,17837.51393
7/13/2023 1:06,17844.75,17846,17844.5,17844.75,30,0,17837.5222
7/13/2023 1:07,17844.75,17846.5,17844.75,17846.25,28,0,17837.53066
7/13/2023 1:08,17846,17846.25,17843.75,17844.75,76,0,17837.55102
7/13/2023 1:09,17845,17846,17834.75,17839.25,582,0,17837.60165
7/13/2023 1:10,17839.5,17842.5,17839.5,17841.5,82,0,17837.61201
7/13/2023 1:11,17841.25,17843.75,17841,17843.75,81,0,17837.62695
7/13/2023 1:12,17843.75,17846.25,17843,17845.25,56,0,17837.64117
7/13/2023 1:13,17845,17845.25,17843.25,17844,27,0,17837.64737
7/13/2023 1:14,17844.5,17845.25,17844,17845.25,38,0,17837.65698
7/13/2023 1:15,17845.5,17846.25,17844.75,17845.5,60,0,17837.67349
7/13/2023 1:16,17845.5,17847.5,17845.25,17847,109,0,17837.70744
7/13/2023 1:17,17847,17848.25,17846.5,17846.75,62,0,17837.7279
7/13/2023 1:18,17847,17852.25,17846.5,17849.5,184,0,17837.80245
7/13/2023 1:19,17849.75,17851.75,17848.75,17850.25,87,0,17837.83988
7/13/2023 1:20,17850,17850.25,17847.25,17847.5,106,0,17837.87817
7/13/2023 1:21,17847.75,17850.75,17847.25,17850.75,40,0,17837.89427
7/13/2023 1:22,17850.75,17851,17849.75,17850.25,24,0,17837.90453
7/13/2023 1:23,17850.5,17851.75,17850.5,17851.25,53,0,17837.92864
7/13/2023 1:24,17851.25,17851.5,17850,17850.5,33,0,17837.94303
7/13/2023 1:25,17850,17852,17850,17851.25,34,0,17837.95832
7/13/2023 1:26,17851.5,17851.75,17849.75,17850,34,0,17837.97289
7/13/2023 1:27,17850.25,17851,17849.5,17850.25,119,0,17838.02262
7/13/2023 1:28,17850.5,17852,17850.5,17851,45,0,17838.04272
7/13/2023 1:29,17851,17852.25,17850.5,17850.5,52,0,17838.06573
7/13/2023 1:30,17850.75,17851,17847.5,17848.5,73,0,17838.09274
7/13/2023 1:31,17848.5,17850.25,17848.5,17849.5,70,0,17838.1195
7/13/2023 1:32,17850,17851.75,17849.75,17850.5,64,0,17838.14655
7/13/2023 1:33,17850.25,17852.5,17850.25,17852,39,0,17838.16418
7/13/2023 1:34,17851.5,17851.5,17847.75,17848.5,70,0,17838.19023
7/13/2023 1:35,17849,17850.25,17847,17850.25,75,0,17838.21779
7/13/2023 1:36,17849.75,17850.75,17849.25,17849.5,72,0,17838.24572
7/13/2023 1:37,17849.25,17850.75,17848.5,17850,63,0,17838.26988
7/13/2023 1:38,17849.75,17851.75,17849.25,17850.25,53,0,17838.2913
7/13/2023 1:39,17850.5,17852.25,17850.5,17850.5,23,0,17838.30108
7/13/2023 1:40,17851,17851.75,17850.75,17851.25,25,0,17838.31184
7/13/2023 1:41,17851.25,17851.5,17850.5,17851,25,0,17838.32236
7/13/2023 1:42,17851,17852.5,17850.75,17851.75,72,0,17838.35418
7/13/2023 1:43,17852,17855.75,17852,17855.25,103,0,17838.40849
7/13/2023 1:44,17855,17855.75,17854.5,17855.5,29,0,17838.42459
7/13/2023 1:45,17855.25,17856,17854.75,17856,39,0,17838.44662
7/13/2023 1:46,17855.75,17857.25,17855,17855.25,72,0,17838.48774
7/13/2023 1:47,17855.5,17855.75,17853.75,17854,67,0,17838.5229
7/13/2023 1:48,17853.75,17854.25,17852.75,17852.75,54,0,17838.54892
7/13/2023 1:49,17852.5,17852.5,17849,17849.5,79,0,17838.5793
7/13/2023 1:50,17849.5,17850,17848.5,17849,58,0,17838.5993
7/13/2023 1:51,17849,17849.75,17847,17847.5,112,0,17838.63378
7/13/2023 1:52,17847.5,17848.75,17845.5,17845.5,75,0,17838.65308
7/13/2023 1:53,17845.5,17847,17844.75,17845.75,104,0,17838.67717
7/13/2023 1:54,17845.75,17847.5,17845.25,17847.5,64,0,17838.69381
7/13/2023 1:55,17847.75,17848.25,17846.25,17846.25,18,0,17838.69857
7/13/2023 1:56,17846,17847.75,17845.75,17847.25,50,0,17838.71177
7/13/2023 1:57,17847.25,17848,17846,17847.75,19,0,17838.71698
7/13/2023 1:58,17848,17850,17847.5,17850,50,0,17838.73373
7/13/2023 1:59,17849.5,17849.75,17847,17847.25,28,0,17838.74204
7/13/2023 2:00,17846.75,17849.75,17846.5,17847.5,40,0,17838.75378
7/13/2023 2:01,17847.5,17850.25,17843.5,17845,163,0,17838.79266
7/13/2023 2:02,17844.75,17846,17837.75,17845.5,283,0,17838.83096
7/13/2023 2:03,17845,17846.75,17841.25,17846.25,130,0,17838.85513
7/13/2023 2:04,17846.25,17848.25,17843.5,17848,175,0,17838.89737
7/13/2023 2:05,17848,17851,17848,17849.25,76,0,17838.92229
7/13/2023 2:06,17849.5,17851.75,17846.5,17850,64,0,17838.94318
7/13/2023 2:07,17850,17854,17849.75,17854,97,0,17838.9842
7/13/2023 2:08,17854,17856,17852.75,17853.75,120,0,17839.04049
7/13/2023 2:09,17853.25,17853.75,17851.75,17852.75,32,0,17839.05402
7/13/2023 2:10,17852.75,17854.25,17852,17854,46,0,17839.07439
7/13/2023 2:11,17854.25,17854.75,17852.75,17853.25,41,0,17839.0927
7/13/2023 2:12,17853.5,17857.5,17853.25,17856,87,0,17839.13674
7/13/2023 2:13,17856.25,17857.5,17856,17857.25,82,0,17839.18138
7/13/2023 2:14,17856.5,17867,17856.5,17860.5,449,0,17839.48181
7/13/2023 2:15,17860.25,17863.75,17857,17860,294,0,17839.66461
7/13/2023 2:16,17859.5,17860.5,17857.5,17860,86,0,17839.71512
7/13/2023 2:17,17860.5,17863.25,17860,17863,71,0,17839.76245
7/13/2023 2:18,17863,17863,17860,17861,53,0,17839.79646
7/13/2023 2:19,17861,17861,17856.5,17859,122,0,17839.86531
7/13/2023 2:20,17858.75,17859,17855.5,17858.25,197,0,17839.96818
7/13/2023 2:21,17858,17858.75,17857,17858,37,0,17839.98774
7/13/2023 2:22,17858,17858,17855.75,17856.5,60,0,17840.01729
7/13/2023 2:23,17856.5,17858.25,17854.75,17858,78,0,17840.05613
7/13/2023 2:24,17857.5,17858.25,17856.5,17857.5,24,0,17840.06834
7/13/2023 2:25,17857.5,17859.75,17855.5,17859.75,78,0,17840.10999
7/13/2023 2:26,17860,17860.5,17859.25,17859.25,38,0,17840.13169
7/13/2023 2:27,17859.75,17860.25,17858.5,17859.75,49,0,17840.15936
7/13/2023 2:28,17860,17860.25,17858.5,17859.75,22,0,17840.17176
7/13/2023 2:29,17859.75,17861.5,17859.5,17860.75,41,0,17840.19612
7/13/2023 2:30,17861.25,17862,17858,17858.5,52,0,17840.22529
7/13/2023 2:31,17857.75,17857.75,17856,17856.75,60,0,17840.2542
7/13/2023 2:32,17857,17858.5,17856.75,17858.5,28,0,17840.26854
7/13/2023 2:33,17858.5,17859.5,17858.5,17858.5,39,0,17840.2895
7/13/2023 2:34,17859,17862.25,17858.75,17860.75,97,0,17840.34634
7/13/2023 2:35,17860.5,17861.25,17860,17860,39,0,17840.36892
7/13/2023 2:36,17859.75,17860.25,17857,17859.25,130,0,17840.43789
7/13/2023 2:37,17859.25,17860.5,17858.5,17860.5,20,0,17840.44903
7/13/2023 2:38,17860.5,17860.5,17856.5,17857.25,32,0,17840.46522
7/13/2023 2:39,17857,17857.5,17855.5,17855.75,63,0,17840.4937
7/13/2023 2:40,17855.5,17855.75,17855,17855.5,14,0,17840.49968
7/13/2023 2:41,17854.75,17857,17854.5,17856.25,49,0,17840.52128
7/13/2023 2:42,17856.25,17856.5,17855.25,17856.25,22,0,17840.53101
7/13/2023 2:43,17856.5,17858,17855,17856.25,66,0,17840.56091
7/13/2023 2:44,17856.25,17856.75,17854.5,17854.5,26,0,17840.57179
7/13/2023 2:45,17854.5,17856.25,17853.75,17854.75,76,0,17840.60279
7/13/2023 2:46,17854.75,17855.75,17853.25,17854,56,0,17840.62461
7/13/2023 2:47,17854.25,17855,17851.25,17851.75,86,0,17840.65394
7/13/2023 2:48,17851.75,17852.5,17847.5,17849.25,230,0,17840.7128
7/13/2023 2:49,17848.75,17849.5,17847.25,17848,103,0,17840.73458
7/13/2023 2:50,17847.75,17850,17847,17850,50,0,17840.74616
7/13/2023 2:51,17850,17852.25,17848.75,17852,49,0,17840.76022
7/13/2023 2:52,17852.25,17854,17850.5,17852.25,81,0,17840.7862
7/13/2023 2:53,17852.25,17853.5,17852,17852.25,29,0,17840.79574
7/13/2023 2:54,17851.75,17851.75,17848.75,17849.25,90,0,17840.81858
7/13/2023 2:55,17849.25,17851.5,17848.5,17851.5,26,0,17840.82557
7/13/2023 2:56,17851.5,17854,17851,17853.5,65,0,17840.84723
7/13/2023 2:57,17853,17853.25,17849.75,17850.5,29,0,17840.85553
7/13/2023 2:58,17850.25,17853.5,17850.25,17853,57,0,17840.87351
7/13/2023 2:59,17852.5,17854.75,17852.5,17854.5,39,0,17840.88758
7/13/2023 3:00,17854.5,17854.75,17851.75,17853.75,65,0,17840.91006
7/13/2023 3:01,17854.25,17854.25,17847.25,17847.75,248,0,17840.97017
7/13/2023 3:02,17847.25,17853,17847.25,17852.75,77,0,17840.9913
7/13/2023 3:03,17851.75,17852,17848.75,17850.25,41,0,17841.00177
7/13/2023 3:04,17850.25,17851.25,17846.5,17846.75,136,0,17841.0283
7/13/2023 3:05,17847.75,17851.5,17847.5,17850.25,94,0,17841.05056
7/13/2023 3:06,17850.25,17851,17848.25,17850.5,57,0,17841.06427
7/13/2023 3:07,17850.25,17854.5,17849.5,17854.5,76,0,17841.08847
7/13/2023 3:08,17854.5,17854.5,17852,17854.25,45,0,17841.10367
7/13/2023 3:09,17854.5,17857.5,17854.5,17856.25,77,0,17841.13478
7/13/2023 3:10,17855.5,17856.25,17853,17853,64,0,17841.15709
7/13/2023 3:11,17853.75,17857.5,17853.75,17855.75,87,0,17841.191
7/13/2023 3:12,17855.5,17857.5,17855.5,17857.25,95,0,17841.23061
7/13/2023 3:13,17857.5,17866,17857.5,17863.75,423,0,17841.46803
7/13/2023 3:14,17864,17865.75,17863,17864,165,0,17841.56719
7/13/2023 3:15,17864,17866.25,17862.75,17866.25,101,0,17841.62968
7/13/2023 3:16,17866,17866.25,17858.5,17860.75,252,0,17841.76274
7/13/2023 3:17,17860.5,17864,17859.5,17860,82,0,17841.80423
7/13/2023 3:18,17860.5,17862.75,17860.5,17860.75,50,0,17841.82966
7/13/2023 3:19,17861.25,17864,17860.25,17863.25,76,0,17841.8705
7/13/2023 3:20,17863,17866,17863,17864.25,68,0,17841.91028
7/13/2023 3:21,17863.25,17863.25,17860.25,17862.25,106,0,17841.96516
7/13/2023 3:22,17861.75,17861.75,17859.75,17860.75,47,0,17841.98797
7/13/2023 3:23,17860,17861.25,17859.75,17860.25,47,0,17842.01033
7/13/2023 3:24,17859.75,17863.25,17858.5,17863.25,154,0,17842.08816
7/13/2023 3:25,17863.5,17863.5,17861.25,17862.75,48,0,17842.11332
7/13/2023 3:26,17861.75,17866,17861.5,17862.75,153,0,17842.1967
7/13/2023 3:27,17863,17864.75,17861.5,17863.75,92,0,17842.24632
7/13/2023 3:28,17864.25,17865.25,17863.75,17864.25,57,0,17842.27852
7/13/2023 3:29,17864.75,17870.25,17864.25,17870.25,278,0,17842.46121
7/13/2023 3:30,17870.25,17874.5,17868.5,17872.25,331,0,17842.70448
7/13/2023 3:31,17871.5,17874.25,17870.5,17870.5,226,0,17842.86827
7/13/2023 3:32,17870.75,17873.25,17867,17869,218,0,17843.01369
7/13/2023 3:33,17869,17870,17863.25,17864.5,170,0,17843.10991
7/13/2023 3:34,17865,17868.25,17864.25,17867,130,0,17843.18481
7/13/2023 3:35,17867.5,17868,17864.25,17864.75,73,0,17843.22517
7/13/2023 3:36,17865,17869.25,17864.75,17869,84,0,17843.27555
7/13/2023 3:37,17869.25,17873.5,17868.5,17871.25,124,0,17843.3599
7/13/2023 3:38,17871.5,17875.5,17871.25,17875.25,133,0,17843.45927
7/13/2023 3:39,17875.5,17877,17871.5,17874.5,203,0,17843.61134
7/13/2023 3:40,17874.25,17876.25,17873.25,17874.75,121,0,17843.7025
7/13/2023 3:41,17874.25,17875.5,17872,17874,140,0,17843.80421
7/13/2023 3:42,17874.5,17876.75,17872.5,17875.5,98,0,17843.87755
7/13/2023 3:43,17876.25,17878.25,17875.25,17876.25,180,0,17844.01855
7/13/2023 3:44,17875.75,17878.75,17875.25,17876.5,115,0,17844.10869
7/13/2023 3:45,17877,17878.5,17876,17876.5,116,0,17844.19957
7/13/2023 3:46,17876,17877.5,17873.5,17876.25,98,0,17844.27304
7/13/2023 3:47,17876,17877.25,17875.5,17875.5,40,0,17844.30325
7/13/2023 3:48,17875.25,17876.25,17872.75,17873.75,64,0,17844.34868
7/13/2023 3:49,17873.5,17875.5,17873.25,17874,25,0,17844.36639
7/13/2023 3:50,17874.75,17874.75,17872.5,17873.75,46,0,17844.39829
7/13/2023 3:51,17874,17876.25,17874,17875.5,40,0,17844.42747
7/13/2023 3:52,17876.25,17877.75,17874.75,17876.75,79,0,17844.48711
7/13/2023 3:53,17876.25,17881,17873.5,17878.75,290,0,17844.7132
7/13/2023 3:54,17878.75,17879.25,17877,17877.75,108,0,17844.79725
7/13/2023 3:55,17878,17880.75,17876.75,17878.5,89,0,17844.86757
7/13/2023 3:56,17877.5,17878,17873.25,17873.25,91,0,17844.93106
7/13/2023 3:57,17873.5,17874.5,17871.75,17873.5,122,0,17845.01127
7/13/2023 3:58,17873.25,17873.5,17870.25,17870.5,133,0,17845.09254
7/13/2023 3:59,17871.25,17872.75,17870.5,17871.5,77,0,17845.13967
7/13/2023 4:00,17871.25,17874,17869.25,17872.75,100,0,17845.20158
7/13/2023 4:01,17873.5,17873.75,17870.5,17873.25,173,0,17845.31
7/13/2023 4:02,17873.25,17875,17872.75,17874.25,61,0,17845.35012
7/13/2023 4:03,17874.25,17874.25,17871.25,17872.75,72,0,17845.39528
7/13/2023 4:04,17872.25,17873.25,17869.75,17870.25,107,0,17845.45803
7/13/2023 4:05,17870,17870.75,17869.25,17869.5,87,0,17845.50636
7/13/2023 4:06,17869.5,17870.25,17867.75,17868.5,116,0,17845.56785
7/13/2023 4:07,17869,17871.25,17869,17870.75,47,0,17845.59428
7/13/2023 4:08,17870.5,17871.5,17869.5,17870.5,88,0,17845.64394
7/13/2023 4:09,17870.25,17871.5,17869.75,17871.25,104,0,17845.70315
7/13/2023 4:10,17871,17874.75,17870.75,17872,106,0,17845.76721
7/13/2023 4:11,17871.75,17875,17871.75,17875,67,0,17845.80967
7/13/2023 4:12,17874.25,17877.5,17874.25,17877,92,0,17845.8726
7/13/2023 4:13,17877,17881,17876.25,17878.5,226,0,17846.03787
7/13/2023 4:14,17879,17882,17878.5,17880.5,123,0,17846.13191
7/13/2023 4:15,17880,17881,17879.25,17880.25,83,0,17846.19477
7/13/2023 4:16,17879.75,17881.5,17879.25,17880,114,0,17846.28095
7/13/2023 4:17,17880.5,17882.5,17880,17880.25,158,0,17846.402
7/13/2023 4:18,17880.5,17882.5,17880.5,17881,119,0,17846.4937
7/13/2023 4:19,17880.75,17880.75,17878,17879.25,114,0,17846.57609
7/13/2023 4:20,17879.75,17880,17877.75,17879.5,58,0,17846.61753
7/13/2023 4:21,17879,17881.75,17878.75,17881,82,0,17846.67848
7/13/2023 4:22,17881,17884.25,17881,17883.5,183,0,17846.82338
7/13/2023 4:23,17883.25,17885.75,17882.75,17885.5,198,0,17846.98641
7/13/2023 4:24,17884.75,17889.5,17884.75,17887.25,401,0,17847.33392
7/13/2023 4:25,17886.75,17886.75,17884.5,17885,208,0,17847.50401
7/13/2023 4:26,17885,17888.5,17885,17888.25,196,0,17847.67058
7/13/2023 4:27,17888.5,17892.75,17888.5,17891.5,440,0,17848.07365
7/13/2023 4:28,17891.5,17895.5,17891,17891.25,374,0,17848.4235
7/13/2023 4:29,17891,17891.25,17886.25,17888.25,159,0,17848.55726
7/13/2023 4:30,17888,17888,17883.75,17884,189,0,17848.70194
7/13/2023 4:31,17884,17885,17881,17881,167,0,17848.81872
7/13/2023 4:32,17881.5,17882.75,17881.5,17882.5,50,0,17848.85343
7/13/2023 4:33,17882.75,17883.25,17881,17882,60,0,17848.89479
7/13/2023 4:34,17882.5,17885.5,17882.5,17883.25,109,0,17848.97343
7/13/2023 4:35,17883,17885.25,17882.75,17885.25,69,0,17849.02397
7/13/2023 4:36,17885.25,17885.25,17881,17881.25,98,0,17849.09164
7/13/2023 4:37,17881.5,17883.5,17881.5,17883,42,0,17849.1207
7/13/2023 4:38,17883.25,17885.25,17882.75,17885,56,0,17849.16129
7/13/2023 4:39,17885,17886.5,17884,17884.5,81,0,17849.22094
7/13/2023 4:40,17884.5,17887.25,17884.5,17887.25,31,0,17849.24457
7/13/2023 4:41,17887.25,17887.25,17883.5,17884,135,0,17849.3432
7/13/2023 4:42,17884.25,17885,17883,17885,51,0,17849.3797
7/13/2023 4:43,17885.5,17886.25,17884.5,17886.25,30,0,17849.40196
7/13/2023 4:44,17886,17887.25,17885.75,17886.75,56,0,17849.44449
7/13/2023 4:45,17887.25,17890.25,17886.25,17889.25,113,0,17849.5346
7/13/2023 4:46,17889.25,17892.25,17888,17890.75,221,0,17849.7175
7/13/2023 4:47,17889.75,17890.5,17887.25,17887.5,98,0,17849.79427
7/13/2023 4:48,17887.75,17888.5,17886.25,17888.5,50,0,17849.83265
7/13/2023 4:49,17888.5,17889.75,17888,17889.5,51,0,17849.87309
7/13/2023 4:50,17889.25,17889.5,17888.5,17888.5,20,0,17849.88883
7/13/2023 4:51,17888.25,17890.25,17888.25,17889.5,62,0,17849.93816
7/13/2023 4:52,17890,17891.5,17889.5,17890.75,101,0,17850.02079
7/13/2023 4:53,17890.75,17891,17889.25,17890.25,50,0,17850.06115
7/13/2023 4:54,17890.75,17893.5,17890.5,17891.75,106,0,17850.15017
7/13/2023 4:55,17892,17894.75,17890.5,17893.5,160,0,17850.28703
7/13/2023 4:56,17893.25,17894.25,17891.75,17893.5,150,0,17850.4153
7/13/2023 4:57,17893.5,17895.5,17890.25,17890.25,216,0,17850.59365
7/13/2023 4:58,17890.75,17892,17888.5,17892,168,0,17850.72743
7/13/2023 4:59,17892,17894,17890.75,17894,84,0,17850.79745
7/13/2023 5:00,17894,17894.25,17892.75,17893.25,43,0,17850.83362
7/13/2023 5:01,17893.5,17897.25,17893.25,17894.75,167,0,17850.97902
7/13/2023 5:02,17894.5,17894.75,17893.5,17894.25,71,0,17851.03927
7/13/2023 5:03,17894.25,17896,17894.25,17895.5,97,0,17851.12336
7/13/2023 5:04,17895,17896.5,17894.25,17895.5,96,0,17851.2066
7/13/2023 5:05,17895.25,17896.75,17895.25,17895.75,40,0,17851.24157
7/13/2023 5:06,17896,17896.25,17893,17893.5,99,0,17851.32469
7/13/2023 5:07,17894.5,17894.5,17891.75,17892.75,100,0,17851.40588
7/13/2023 5:08,17893,17894.25,17893,17893.25,73,0,17851.46567
7/13/2023 5:09,17893.25,17894.25,17893.25,17894.25,48,0,17851.50527
7/13/2023 5:10,17895,17895.75,17893.75,17895,96,0,17851.58597
7/13/2023 5:11,17895.25,17895.25,17893,17893.25,68,0,17851.64163
7/13/2023 5:12,17893.75,17894.25,17892.75,17893.75,95,0,17851.71868
7/13/2023 5:13,17894,17896.75,17893.5,17895.75,153,0,17851.84736
7/13/2023 5:14,17895.75,17900.5,17895.5,17898,276,0,17852.09168
7/13/2023 5:15,17898,17900,17897,17899.25,80,0,17852.16316
7/13/2023 5:16,17899.75,17901.75,17898.75,17901.75,141,0,17852.294
7/13/2023 5:17,17901.25,17908,17900.25,17903.25,445,0,17852.72836
7/13/2023 5:18,17903.5,17905.25,17902,17902.25,138,0,17852.85983
7/13/2023 5:19,17902.25,17906,17901,17901.25,249,0,17853.09338
7/13/2023 5:20,17901,17904.75,17900.5,17903.25,80,0,17853.16808
7/13/2023 5:21,17903,17903.75,17901.5,17902,44,0,17853.20873
7/13/2023 5:22,17902.75,17903.5,17901.75,17903.5,43,0,17853.24879
7/13/2023 5:23,17903.75,17904,17902.5,17903,59,0,17853.30392
7/13/2023 5:24,17903.25,17903.5,17900.75,17903,108,0,17853.40302
7/13/2023 5:25,17902.25,17902.75,17898.25,17899.5,107,0,17853.49632
7/13/2023 5:26,17899.5,17901,17898.25,17898.75,104,0,17853.58503
7/13/2023 5:27,17898.75,17899.25,17897.25,17897.75,80,0,17853.65118
7/13/2023 5:28,17897.75,17898.25,17896.25,17896.75,94,0,17853.72692
7/13/2023 5:29,17896.75,17898,17896.5,17898,75,0,17853.78773
7/13/2023 5:30,17897.75,17898.75,17897.25,17898.5,65,0,17853.8411
7/13/2023 5:31,17898.5,17898.75,17895.25,17896.25,144,0,17853.95512
7/13/2023 5:32,17896,17896.5,17895.25,17895.75,97,0,17854.02994
7/13/2023 5:33,17896.5,17899.75,17896.5,17899.25,105,0,17854.11578
7/13/2023 5:34,17898.5,17899.25,17898,17898.75,43,0,17854.15097
7/13/2023 5:35,17899,17899.25,17896.5,17897,66,0,17854.20357
7/13/2023 5:36,17897.25,17897.5,17896.25,17897.25,45,0,17854.23887
7/13/2023 5:37,17897,17897.25,17891.75,17893,187,0,17854.37471
7/13/2023 5:38,17892.75,17892.75,17890.25,17891.25,130,0,17854.46248
7/13/2023 5:39,17891.5,17891.5,17888.5,17890.25,147,0,17854.55766
7/13/2023 5:40,17890,17891.5,17889.5,17890.75,80,0,17854.60997
7/13/2023 5:41,17891,17892,17889.75,17890.5,103,0,17854.67741
7/13/2023 5:42,17890.25,17890.75,17888.75,17890,68,0,17854.72067
7/13/2023 5:43,17890.25,17890.25,17888,17889.25,110,0,17854.7891
7/13/2023 5:44,17889,17889,17882.25,17883.75,291,0,17854.94703
7/13/2023 5:45,17884,17888,17884,17887.75,194,0,17855.05691
7/13/2023 5:46,17887.75,17888,17885.5,17885.5,134,0,17855.13175
7/13/2023 5:47,17886,17886.75,17885.5,17886.25,71,0,17855.17106
7/13/2023 5:48,17886.25,17886.5,17883.25,17884.25,147,0,17855.24819
7/13/2023 5:49,17884.5,17889.75,17884.5,17887.75,222,0,17855.37441
7/13/2023 5:50,17888,17889.25,17886.75,17889.25,62,0,17855.41067
7/13/2023 5:51,17889.25,17891,17889.25,17890.5,75,0,17855.45686
7/13/2023 5:52,17890.25,17891.5,17889.25,17891.25,56,0,17855.49168
7/13/2023 5:53,17891.25,17892,17888.25,17888.25,90,0,17855.54565
7/13/2023 5:54,17888.5,17890.75,17888.25,17890.75,42,0,17855.57108
7/13/2023 5:55,17890.75,17891.75,17890.25,17891.75,75,0,17855.61817
7/13/2023 5:56,17892,17892.75,17891.25,17891.75,77,0,17855.66728
7/13/2023 5:57,17892,17893.25,17890,17890.75,97,0,17855.72797
7/13/2023 5:58,17890.25,17891.25,17890,17890.5,38,0,17855.75119
7/13/2023 5:59,17890.5,17892.25,17889.75,17891,103,0,17855.81472
7/13/2023 6:00,17890.75,17892,17890.5,17891.75,41,0,17855.84024
7/13/2023 6:01,17891.75,17894.25,17891.25,17893,214,0,17855.97815
7/13/2023 6:02,17892.5,17893.5,17892.25,17893,88,0,17856.03469
7/13/2023 6:03,17893.25,17896.75,17893,17895.75,132,0,17856.12433
7/13/2023 6:04,17895.5,17896.25,17893.5,17896,98,0,17856.19076
7/13/2023 6:05,17895.75,17897,17894.25,17894.5,69,0,17856.2374
7/13/2023 6:06,17894.75,17895.5,17893.25,17895.5,66,0,17856.28133
7/13/2023 6:07,17895,17895.75,17893.25,17893.75,77,0,17856.3318
7/13/2023 6:08,17893.75,17894,17890.75,17891.75,85,0,17856.3843
7/13/2023 6:09,17891.5,17892,17889.75,17890,84,0,17856.43374
7/13/2023 6:10,17890.5,17890.5,17886,17887.25,173,0,17856.5272
7/13/2023 6:11,17886.75,17886.75,17885,17885.5,88,0,17856.57127
7/13/2023 6:12,17885.75,17887.5,17884.5,17887.5,129,0,17856.63727
7/13/2023 6:13,17887.25,17890.75,17886.75,17889,168,0,17856.72948
7/13/2023 6:14,17889,17893,17889,17892.75,80,0,17856.77695
7/13/2023 6:15,17892.25,17894.75,17892.25,17894.5,108,0,17856.84496
7/13/2023 6:16,17894,17895,17892.5,17893.75,105,0,17856.91069
7/13/2023 6:17,17894.25,17898.25,17894.25,17896,161,0,17857.0176
7/13/2023 6:18,17896.25,17897,17894.5,17895,75,0,17857.06636
7/13/2023 6:19,17895.5,17898,17895.5,17897,72,0,17857.11468
7/13/2023 6:20,17896.75,17898.75,17896.75,17898.75,70,0,17857.16301
7/13/2023 6:21,17898.5,17902.25,17898,17900.75,206,0,17857.31239
7/13/2023 6:22,17901,17901.25,17897.75,17900,194,0,17857.44995
7/13/2023 6:23,17899.75,17900,17897,17897.25,53,0,17857.48597
7/13/2023 6:24,17897.75,17898.75,17895.75,17897.75,116,0,17857.5633
7/13/2023 6:25,17898.25,17899.25,17896.5,17896.5,142,0,17857.65755
7/13/2023 6:26,17896.5,17897,17895.75,17896.25,71,0,17857.70323
7/13/2023 6:27,17896.25,17897.75,17895.75,17895.75,55,0,17857.73862
7/13/2023 6:28,17896.5,17897.5,17895.75,17896,37,0,17857.76239
7/13/2023 6:29,17896.25,17898.25,17896.25,17897.5,65,0,17857.80507
7/13/2023 6:30,17897.25,17901.75,17897.25,17900.5,161,0,17857.91704
7/13/2023 6:31,17900.25,17902.5,17899.5,17902.5,194,0,17858.0565
7/13/2023 6:32,17902.5,17906.5,17902.25,17903,312,0,17858.29131
7/13/2023 6:33,17902.75,17906,17902.75,17904,162,0,17858.41317
7/13/2023 6:34,17904,17904.25,17902.75,17904,103,0,17858.48933
7/13/2023 6:35,17903.75,17904,17902.25,17903,109,0,17858.56861
7/13/2023 6:36,17903,17903.5,17902.25,17903.25,89,0,17858.63301
7/13/2023 6:37,17903,17903,17899,17899.5,93,0,17858.69633
7/13/2023 6:38,17899.25,17901.25,17898.75,17900.25,74,0,17858.74607
7/13/2023 6:39,17900.25,17900.75,17898.75,17899.75,83,0,17858.80128
7/13/2023 6:40,17900.25,17900.25,17898.5,17899.75,48,0,17858.83294
7/13/2023 6:41,17899.5,17900,17898.5,17900,41,0,17858.85995
7/13/2023 6:42,17899.75,17900,17899,17899.5,29,0,17858.87903
7/13/2023 6:43,17899.25,17902.25,17898.5,17900,205,0,17859.01588
7/13/2023 6:44,17899.75,17900.5,17899.25,17900,60,0,17859.05544
7/13/2023 6:45,17900.5,17901.5,17900.5,17901.5,42,0,17859.08393
7/13/2023 6:46,17901.25,17902.75,17900,17901.75,129,0,17859.17189
7/13/2023 6:47,17902.25,17904.75,17902.25,17902.5,131,0,17859.26435
7/13/2023 6:48,17902.5,17904.75,17902.5,17904.25,81,0,17859.32219
7/13/2023 6:49,17904.5,17904.5,17900.5,17901.25,67,0,17859.36804
7/13/2023 6:50,17900.75,17902,17900.25,17900.25,78,0,17859.41974
7/13/2023 6:51,17900,17901.75,17899.75,17901.25,57,0,17859.45751
7/13/2023 6:52,17901,17902,17900.75,17902,58,0,17859.4965
7/13/2023 6:53,17902.25,17902.5,17899.25,17901,84,0,17859.55194
7/13/2023 6:54,17900.75,17901.5,17900.25,17901,22,0,17859.56643
7/13/2023 6:55,17900.75,17901,17898.75,17899.75,80,0,17859.61768
7/13/2023 6:56,17899.25,17899.5,17897.75,17898,120,0,17859.6916
7/13/2023 6:57,17898.25,17898.75,17896.75,17897.75,58,0,17859.72662
7/13/2023 6:58,17897.75,17899.75,17896.75,17898,104,0,17859.78993
7/13/2023 6:59,17898.25,17898.5,17895.25,17895.75,163,0,17859.88445
7/13/2023 7:00,17896,17897.25,17895.75,17897.25,74,0,17859.92749
7/13/2023 7:01,17896.75,17897,17891.25,17892.75,353,0,17860.11436
7/13/2023 7:02,17892.75,17894,17892,17893,100,0,17860.16588
7/13/2023 7:03,17893.25,17893.75,17892.5,17893.25,85,0,17860.20976
7/13/2023 7:04,17893.5,17899.25,17893,17898.75,341,0,17860.40499
7/13/2023 7:05,17898.75,17899.5,17897.5,17897.75,134,0,17860.48374
7/13/2023 7:06,17897.25,17901,17897.25,17900.5,80,0,17860.53226
7/13/2023 7:07,17900.25,17900.25,17898,17898.5,75,0,17860.57686
7/13/2023 7:08,17898.25,17898.25,17895,17896.75,107,0,17860.63658
7/13/2023 7:09,17896.5,17898.25,17895.75,17897.75,70,0,17860.67618
7/13/2023 7:10,17898.25,17898.25,17895.75,17897,37,0,17860.69693
7/13/2023 7:11,17896.75,17897,17893.5,17894.25,92,0,17860.74547
7/13/2023 7:12,17894.75,17895,17892,17892.25,186,0,17860.83795
7/13/2023 7:13,17892.25,17893.25,17891.5,17891.5,61,0,17860.86723
7/13/2023 7:14,17891.25,17891.25,17889.5,17890,94,0,17860.90959
7/13/2023 7:15,17890,17890.25,17887,17890.25,214,0,17861.00204
7/13/2023 7:16,17890.25,17891.5,17889.75,17890,116,0,17861.05411
7/13/2023 7:17,17890.25,17890.75,17889.5,17889.75,59,0,17861.08015
7/13/2023 7:18,17890,17890.75,17889.5,17889.5,53,0,17861.10344
7/13/2023 7:19,17889.25,17891.25,17888.75,17890.5,89,0,17861.14279
7/13/2023 7:20,17891.25,17891.5,17888.75,17889,93,0,17861.18321
7/13/2023 7:21,17889,17890.75,17888.75,17890.75,159,0,17861.25286
7/13/2023 7:22,17890.75,17890.75,17884.5,17885.75,195,0,17861.32873
7/13/2023 7:23,17885.25,17886.75,17885,17886,69,0,17861.35434
7/13/2023 7:24,17886,17887.5,17886,17886.75,51,0,17861.37388
7/13/2023 7:25,17886.5,17888,17884.75,17884.75,107,0,17861.41329
7/13/2023 7:26,17885,17886.25,17884.25,17886,104,0,17861.45096
7/13/2023 7:27,17885.75,17888.75,17885.75,17888.5,77,0,17861.48127
7/13/2023 7:28,17888.75,17889.25,17885.75,17886.25,97,0,17861.51852
7/13/2023 7:29,17885.75,17889.25,17885.75,17889,117,0,17861.5649
7/13/2023 7:30,17889,17889,17886.25,17886.75,72,0,17861.59265
7/13/2023 7:31,17886.75,17889,17886,17889,119,0,17861.63956
7/13/2023 7:32,17889.25,17889.5,17887,17887.25,75,0,17861.66895
7/13/2023 7:33,17887.25,17893.5,17887.25,17891.5,252,0,17861.77782
7/13/2023 7:34,17891.5,17893,17890,17891.75,138,0,17861.8388
7/13/2023 7:35,17891.75,17892.5,17889,17889.25,83,0,17861.87371
7/13/2023 7:36,17889,17891.25,17888.75,17890.75,47,0,17861.89345
7/13/2023 7:37,17890.25,17894.25,17890.25,17893.75,163,0,17861.96769
7/13/2023 7:38,17893.75,17896.75,17892.75,17896.25,255,0,17862.0925
7/13/2023 7:39,17896.25,17899,17895.75,17898.25,282,0,17862.23942
7/13/2023 7:40,17898.75,17900.5,17897.75,17899,213,0,17862.35399
7/13/2023 7:41,17898.5,17902,17897.25,17897.5,226,0,17862.47424
7/13/2023 7:42,17897.5,17897.5,17895.5,17896.25,129,0,17862.53783
7/13/2023 7:43,17896.75,17902.5,17895.25,17901,288,0,17862.69215
7/13/2023 7:44,17901,17902.75,17900.25,17901.75,121,0,17862.76009
7/13/2023 7:45,17901.5,17901.75,17898,17898.25,89,0,17862.80703
7/13/2023 7:46,17898.25,17900.75,17897,17900.5,103,0,17862.86133
7/13/2023 7:47,17900,17902.25,17900,17900.75,114,0,17862.92383
7/13/2023 7:48,17900.5,17900.5,17898.75,17900,88,0,17862.97035
7/13/2023 7:49,17899.5,17901.5,17899.5,17899.5,152,0,17863.05135
7/13/2023 7:50,17899.75,17899.75,17896,17896.25,131,0,17863.11556
7/13/2023 7:51,17896,17897,17893.5,17894.75,160,0,17863.18853
7/13/2023 7:52,17894.75,17895.25,17894,17895.25,111,0,17863.23856
7/13/2023 7:53,17895.5,17898,17895.25,17896.5,217,0,17863.34131
7/13/2023 7:54,17896.5,17897.25,17894.5,17896,130,0,17863.40133
7/13/2023 7:55,17895.5,17897.75,17894.5,17897,113,0,17863.45412
7/13/2023 7:56,17898,17898.75,17896.75,17896.75,121,0,17863.51218
7/13/2023 7:57,17896.5,17896.75,17895.5,17896.75,71,0,17863.54506
7/13/2023 7:58,17897.25,17899.75,17896.75,17898.5,121,0,17863.60437
7/13/2023 7:59,17899,17901,17898.5,17900.5,103,0,17863.65711
7/13/2023 8:00,17900.75,17901.25,17898.75,17900.75,88,0,17863.70235
7/13/2023 8:01,17901.25,17902.75,17900,17902,306,0,17863.86452
7/13/2023 8:02,17901.5,17905.25,17901.5,17904.5,365,0,17864.06716
7/13/2023 8:03,17904.5,17905.5,17902.5,17904.25,301,0,17864.23412
7/13/2023 8:04,17904,17907.5,17903.75,17906,299,0,17864.40548
7/13/2023 8:05,17906.25,17907.75,17904.25,17906,249,0,17864.54796
7/13/2023 8:06,17906.5,17907.5,17905.25,17905.25,164,0,17864.64127
7/13/2023 8:07,17905.5,17907.25,17903.75,17907.25,209,0,17864.75981
7/13/2023 8:08,17907,17907.75,17903.25,17905.25,211,0,17864.87689
7/13/2023 8:09,17905,17905.25,17903,17904,101,0,17864.93085
7/13/2023 8:10,17903.5,17907,17903.5,17906.25,158,0,17865.0182
7/13/2023 8:11,17906.75,17913,17905.75,17911.5,526,0,17865.33827
7/13/2023 8:12,17912.25,17913.25,17911,17912,208,0,17865.46919
7/13/2023 8:13,17911.75,17914,17909.75,17911,174,0,17865.57697
7/13/2023 8:14,17910.25,17912.25,17909.75,17910.75,189,0,17865.6918
7/13/2023 8:15,17910.5,17912.75,17909.25,17910,158,0,17865.78681
7/13/2023 8:16,17910,17910.25,17906.5,17909.25,197,0,17865.89946
7/13/2023 8:17,17909,17910.75,17908.5,17910.75,66,0,17865.93824
7/13/2023 8:18,17910.75,17910.75,17907.75,17908.25,135,0,17866.01541
7/13/2023 8:19,17908.25,17908.25,17906,17907.25,142,0,17866.09299
7/13/2023 8:20,17906.75,17908.25,17905,17905.5,182,0,17866.18977
7/13/2023 8:21,17905.25,17907.75,17904.25,17907,125,0,17866.25612
7/13/2023 8:22,17907,17907.25,17902.5,17903,180,0,17866.34632
7/13/2023 8:23,17902.75,17905,17901.75,17905,179,0,17866.43481
7/13/2023 8:24,17904.25,17906,17901.5,17902,130,0,17866.49754
7/13/2023 8:25,17901.75,17903.5,17899.5,17903.25,285,0,17866.63027
7/13/2023 8:26,17903.25,17905,17901.25,17901.25,167,0,17866.7085
7/13/2023 8:27,17901.75,17903.75,17900.75,17902,163,0,17866.78381
7/13/2023 8:28,17901.75,17905.25,17901.75,17905,113,0,17866.83853
7/13/2023 8:29,17905,17906,17901.5,17902,156,0,17866.91212
7/13/2023 8:30,17902.75,17905.25,17902,17903.5,137,0,17866.97725
7/13/2023 8:31,17903,17929.5,17889.25,17913.75,2775,0,17868.50001
7/13/2023 8:32,17913.5,17916,17896,17901.75,1145,0,17869.00966
7/13/2023 8:33,17901.25,17909,17897,17908.5,721,0,17869.32547
7/13/2023 8:34,17907.75,17908.25,17897.5,17897.5,450,0,17869.49925
7/13/2023 8:35,17897.75,17898.5,17889.5,17894.75,829,0,17869.74626
7/13/2023 8:36,17895.5,17895.5,17882.75,17889.5,1197,0,17870.02332
7/13/2023 8:37,17889.25,17892,17879,17879,842,0,17870.155
7/13/2023 8:38,17879.75,17887.25,17876.25,17886.75,1092,0,17870.32301
7/13/2023 8:39,17886.5,17893,17885,17889.5,606,0,17870.45457
7/13/2023 8:40,17890,17896.5,17888.25,17894.5,515,0,17870.58803
7/13/2023 8:41,17894.25,17896,17890.75,17895,342,0,17870.67904
7/13/2023 8:42,17895.25,17901.5,17895.25,17900.25,772,0,17870.92628
7/13/2023 8:43,17900.5,17908.25,17897.5,17905,896,0,17871.25385
7/13/2023 8:44,17904.75,17908.5,17903.75,17907,591,0,17871.48496
7/13/2023 8:45,17907,17908.5,17903.5,17906.25,450,0,17871.65724
7/13/2023 8:46,17906.5,17909.5,17904.25,17906.5,418,0,17871.81882
7/13/2023 8:47,17906.25,17908.75,17905.25,17908,246,0,17871.91479
7/13/2023 8:48,17907.75,17909.5,17904.25,17908,316,0,17872.03702
7/13/2023 8:49,17908,17908.5,17903.5,17903.5,250,0,17872.12744
7/13/2023 8:50,17903.5,17905.25,17898.25,17898.25,482,0,17872.2764
7/13/2023 8:51,17898.25,17900.5,17892.5,17892.75,801,0,17872.47452
7/13/2023 8:52,17892.5,17894,17889.75,17890.25,536,0,17872.58272
7/13/2023 8:53,17890.25,17892.25,17885.75,17885.75,453,0,17872.65672
7/13/2023 8:54,17885.75,17893.25,17885.25,17891.75,452,0,17872.74023
7/13/2023 8:55,17891.75,17895.5,17891.75,17894,269,0,17872.79998
7/13/2023 8:56,17894,17900.5,17892.5,17899.5,408,0,17872.90606
7/13/2023 8:57,17899.25,17909.5,17899,17906.75,617,0,17873.11369
7/13/2023 8:58,17906.75,17908.5,17905.25,17906.25,394,0,17873.25138
7/13/2023 8:59,17906.25,17907.5,17904,17905.75,286,0,17873.3479
7/13/2023 9:00,17906,17908.75,17904.75,17906.25,327,0,17873.46038
7/13/2023 9:01,17906,17908.75,17903.25,17905.25,438,0,17873.60609
7/13/2023 9:02,17905.25,17912.75,17905.25,17912.25,567,0,17873.81794
7/13/2023 9:03,17912,17913.5,17910,17912.25,507,0,17874.01477
7/13/2023 9:04,17912.5,17913.25,17910,17910.5,328,0,17874.1388
7/13/2023 9:05,17910.75,17915.75,17908.25,17915,417,0,17874.30269
7/13/2023 9:06,17914.75,17916,17911,17911.5,309,0,17874.42272
7/13/2023 9:07,17911.5,17912.25,17907.5,17911.25,373,0,17874.55726
7/13/2023 9:08,17911.5,17912.5,17909.75,17910,230,0,17874.64067
7/13/2023 9:09,17910.25,17911.25,17908.5,17909.75,216,0,17874.71668
7/13/2023 9:10,17910,17910.25,17904,17904.75,386,0,17874.83824
7/13/2023 9:11,17904.5,17905.25,17898.5,17900.5,611,0,17874.99902
7/13/2023 9:12,17901,17911.75,17901,17910.25,461,0,17875.14744
7/13/2023 9:13,17910.25,17913,17909.25,17911.25,352,0,17875.27196
7/13/2023 9:14,17911,17912.5,17907,17908.25,331,0,17875.38206
7/13/2023 9:15,17908,17912.75,17907.5,17910,281,0,17875.47726
7/13/2023 9:16,17910.25,17912.5,17907.5,17910,265,0,17875.56634
7/13/2023 9:17,17910.25,17911.5,17904.75,17906.5,288,0,17875.65588
7/13/2023 9:18,17906.5,17910.75,17906,17907,233,0,17875.7287
7/13/2023 9:19,17907.25,17911.5,17906.75,17909.75,286,0,17875.82156
7/13/2023 9:20,17909.75,17911.5,17905,17905.5,469,0,17875.9637
7/13/2023 9:21,17906,17910.5,17905.25,17909,273,0,17876.04826
7/13/2023 9:22,17909,17909.75,17905.5,17908.5,284,0,17876.13484
7/13/2023 9:23,17908.75,17910.25,17906.5,17907.25,182,0,17876.19023
7/13/2023 9:24,17907.25,17909.5,17905.25,17906.75,202,0,17876.24987
7/13/2023 9:25,17907,17912.5,17906.25,17910,524,0,17876.41553
7/13/2023 9:26,17911,17914.25,17907.5,17913.75,700,0,17876.64912
7/13/2023 9:27,17913.5,17917.75,17912.25,17916.25,582,0,17876.86054
7/13/2023 9:28,17916.75,17925.25,17916.25,17923,1098,0,17877.31515
7/13/2023 9:29,17922.5,17929,17922.5,17928.25,1018,0,17877.77598
7/13/2023 9:30,17928.5,17929,17922.5,17924.25,1353,0,17878.35891
7/13/2023 9:31,17924.5,17929,17900.5,17901,5455,17910.16667,17879.85932
7/13/2023 9:32,17901.25,17935.75,17900.75,17933.5,4934,17916.41985,17881.63827
7/13/2023 9:33,17933,17936.5,17927.25,17931.75,3628,17920.4093,17883.10446
7/13/2023 9:34,17932,17945.25,17929.75,17939.5,3739,17924.14859,17884.71358
7/13/2023 9:35,17939.5,17945.25,17929.25,17937.75,3366,17926.26299,17886.06457
7/13/2023 9:36,17937.75,17954.75,17937,17952.5,4037,17929.76427,17887.91441
7/13/2023 9:37,17952.5,17958.25,17949.75,17953.5,2840,17932.20565,17889.26916
7/13/2023 9:38,17953,17957.25,17943.75,17945,2714,17933.66025,17890.41326
7/13/2023 9:39,17944.5,17956.75,17942.5,17955.25,2645,17935.07479,17891.53886
7/13/2023 9:40,17955,17961.75,17948.5,17950.75,2462,17936.35265,17892.58646
7/13/2023 9:41,17950.5,17962.75,17947.75,17956.25,2778,17937.73674,17893.76268
7/13/2023 9:42,17956.25,17963.25,17953.5,17961.25,1862,17938.73063,17894.57313
7/13/2023 9:43,17961,17963.25,17954.5,17963,1946,17939.71815,17895.4107
7/13/2023 9:44,17963,17963.75,17955.5,17959.25,1498,17940.3931,17896.03374
7/13/2023 9:45,17959.5,17962.75,17947,17953.25,2442,17941.12762,17896.94324
7/13/2023 9:46,17953.25,17961.25,17951.75,17954.75,2002,17941.74001,17897.68796
7/13/2023 9:47,17955,17961.75,17954,17954.25,1281,17942.12529,17898.1607
7/13/2023 9:48,17954,17955,17943,17952.5,1959,17942.43065,17898.79045
7/13/2023 9:49,17952.25,17959.5,17950,17953.25,1419,17942.74706,17899.27268
7/13/2023 9:50,17953.75,17954.25,17946.25,17952,1198,17942.92577,17899.64843
7/13/2023 9:51,17951.5,17958.75,17951,17952.5,1564,17943.23868,17900.16143
7/13/2023 9:52,17952.25,17957.75,17950.25,17955.75,940,17943.42673,17900.46794
7/13/2023 9:53,17955.75,17958.25,17952.5,17956.75,1122,17943.66743,17900.83766
7/13/2023 9:54,17956.75,17959.5,17951.5,17958,1284,17943.94254,17901.25854
7/13/2023 9:55,17958,17969.75,17957.75,17967.75,2989,17944.96002,17902.36581
7/13/2023 9:56,17968,17969.5,17946.5,17948.5,3091,17945.42813,17903.29051
7/13/2023 9:57,17948.5,17952.5,17943.25,17949.25,2073,17945.51766,17903.81669
7/13/2023 9:58,17949.25,17955.25,17946.75,17950.5,1416,17945.62725,17904.18888
7/13/2023 9:59,17950.5,17954.75,17944.25,17947.25,1484,17945.69329,17904.55554
7/13/2023 10:00,17947.5,17955,17944.5,17954.25,1211,17945.78757,17904.86698
7/13/2023 10:01,17954.5,17961,17948.75,17955.5,1938,17946.03328,17905.39732
7/13/2023 10:02,17955,17957.25,17945.75,17950.5,1543,17946.13909,17905.77896
7/13/2023 10:03,17950.5,17950.75,17939,17948,1936,17946.13349,17906.19454
7/13/2023 10:04,17947.75,17947.75,17940,17944.75,1263,17946.10166,17906.4493
7/13/2023 10:05,17945,17946.5,17938.5,17941,1593,17946.01963,17906.74762
7/13/2023 10:06,17940.75,17944.25,17928.75,17934.75,2580,17945.70265,17907.13872
7/13/2023 10:07,17935.25,17936,17925.25,17928.25,2223,17945.28495,17907.39791
7/13/2023 10:08,17928.75,17933.75,17925.25,17932.25,1582,17945.01156,17907.5835
7/13/2023 10:09,17932.5,17948.75,17930,17945.75,2523,17944.91152,17908.01405
7/13/2023 10:10,17945.5,17949.5,17942.5,17947.75,1226,17944.93434,17908.25051
7/13/2023 10:11,17948.25,17957.5,17945.25,17956.25,1912,17945.10252,17908.67432
7/13/2023 10:12,17956,17957.75,17947.5,17952.75,1541,17945.22754,17909.00757
7/13/2023 10:13,17953,17954.25,17938,17938.25,1776,17945.19525,17909.30609
7/13/2023 10:14,17938,17940,17934.75,17939.75,1249,17945.10405,17909.4807
7/13/2023 10:15,17939.25,17941.75,17931.25,17940.25,1706,17944.97599,17909.71238
7/13/2023 10:16,17940.75,17942,17929.75,17938.5,1297,17944.86851,17909.87981
7/13/2023 10:17,17939.25,17948.25,17939.25,17942.5,1386,17944.84737,17910.09972
7/13/2023 10:18,17942.25,17944.25,17935.5,17942.5,996,17944.80723,17910.24383
7/13/2023 10:19,17942.25,17946,17937.75,17939,907,17944.77282,17910.3746
7/13/2023 10:20,17939.25,17940.5,17933.25,17934.75,1048,17944.68576,17910.50103
7/13/2023 10:21,17934.25,17939.75,17929.75,17938.75,1410,17944.57026,17910.66864
7/13/2023 10:22,17939,17939.25,17921.25,17932.25,2502,17944.25253,17910.90135
7/13/2023 10:23,17932,17944.5,17929.5,17944.25,1546,17944.18398,17911.10242
7/13/2023 10:24,17944,17944,17938.5,17941.5,1070,17944.15628,17911.24924
7/13/2023 10:25,17941.25,17942,17932,17937.5,1046,17944.09052,17911.3717
7/13/2023 10:26,17937.25,17937.25,17921.5,17924,1765,17943.83256,17911.49994
7/13/2023 10:27,17923.75,17927.25,17916.25,17918.25,1800,17943.46784,17911.57263
7/13/2023 10:28,17918.75,17925.25,17918.25,17920,1272,17943.22333,17911.62658
7/13/2023 10:29,17920.25,17926,17917.75,17923.25,1116,17943.02429,17911.67914
7/13/2023 10:30,17923.25,17924.25,17907.5,17909.5,2288,17942.46342,17911.69978
7/13/2023 10:31,17909.5,17918.75,17908.5,17915,2588,17941.86142,17911.72634
7/13/2023 10:32,17915,17924,17912.75,17921,1350,17941.61396,17911.76983
7/13/2023 10:33,17921.25,17927.25,17917,17925.75,1172,17941.44192,17911.82757
7/13/2023 10:34,17925.5,17931.5,17924.5,17930.5,1142,17941.32734,17911.90991
7/13/2023 10:35,17930.5,17930.75,17924.25,17928.5,927,17941.22853,17911.97225
7/13/2023 10:36,17928.5,17932.75,17923.75,17931.25,968,17941.13764,17912.0426
7/13/2023 10:37,17931,17937.5,17923.5,17931.75,4040,17940.82388,17912.35795
7/13/2023 10:38,17932.25,17933.5,17927.25,17930.75,1248,17940.7269,17912.45111
7/13/2023 10:39,17931.25,17931.75,17924.75,17929.75,1183,17940.62119,17912.53006
7/13/2023 10:40,17929.25,17940.5,17926.75,17940.25,1283,17940.57579,17912.65184
7/13/2023 10:41,17940,17943.75,17936.25,17940.75,1466,17940.5723,17912.81566
7/13/2023 10:42,17940.5,17945.75,17939.5,17944.25,1038,17940.59184,17912.94269
7/13/2023 10:43,17943.75,17945.25,17938.75,17943,893,17940.60305,17913.04813
7/13/2023 10:44,17943.25,17946.25,17941.5,17946.25,661,17940.62232,17913.13188
7/13/2023 10:45,17946.25,17951.25,17942.5,17951.25,1352,17940.6964,17913.32155
7/13/2023 10:46,17950.75,17958,17949.75,17957.5,2637,17940.96103,17913.75588
7/13/2023 10:47,17957.75,17958.5,17945,17946,1881,17941.07593,17914.02155
7/13/2023 10:48,17946.25,17947.25,17933,17933,1961,17941.03162,17914.20233
7/13/2023 10:49,17933,17946.5,17932.75,17945.25,1595,17941.03664,17914.37044
7/13/2023 10:50,17944.75,17945.5,17941.5,17944.75,716,17941.05043,17914.4519
7/13/2023 10:51,17944.5,17947,17939.25,17946.5,1151,17941.07487,17914.58337
7/13/2023 10:52,17946.25,17950.5,17944.5,17948.25,1140,17941.125,17914.72769
7/13/2023 10:53,17948.5,17951,17941.5,17943.75,899,17941.15027,17914.83263
7/13/2023 10:54,17943.5,17953.25,17942.75,17951.25,1642,17941.23466,17915.04523
7/13/2023 10:55,17951,17953.5,17949,17950.25,910,17941.2914,17915.1682
7/13/2023 10:56,17950.25,17953.25,17946.25,17952.75,689,17941.33319,17915.26031
7/13/2023 10:57,17952.75,17952.75,17946.75,17949.5,564,17941.36322,17915.33307
7/13/2023 10:58,17949.25,17951.25,17945.25,17946.25,665,17941.38954,17915.41329
7/13/2023 10:59,17946.5,17957.25,17944.75,17957,1118,17941.47154,17915.5698
7/13/2023 11:00,17957,17959.75,17954.75,17957.5,1173,17941.58821,17915.75147
7/13/2023 11:01,17957.5,17959.5,17955,17959.5,1182,17941.70896,17915.93585
7/13/2023 11:02,17958.75,17963.75,17956,17963.5,1751,17941.91785,17916.22586
7/13/2023 11:03,17963,17964.5,17958.5,17959.25,1320,17942.06968,17916.44042
7/13/2023 11:04,17959.5,17967.25,17959.5,17966.75,1207,17942.23383,17916.65127
7/13/2023 11:05,17966.5,17966.75,17960.25,17964.75,1236,17942.39512,17916.86266
7/13/2023 11:06,17964.75,17966.5,17961.5,17965,1184,17942.55033,17917.06518
7/13/2023 11:07,17964.75,17969,17961.75,17964.75,1473,17942.74766,17917.31912
7/13/2023 11:08,17964.5,17965.25,17956.25,17958.75,1285,17942.87861,17917.51517
7/13/2023 11:09,17959,17961.5,17956.75,17961,776,17942.95522,17917.63177
7/13/2023 11:10,17961.25,17963,17956.5,17962.5,1088,17943.06728,17917.79771
7/13/2023 11:11,17962,17963.25,17956.5,17957.25,717,17943.13343,17917.90215
7/13/2023 11:12,17957.5,17958.75,17950,17952.5,1176,17943.20524,17918.05056
7/13/2023 11:13,17952.25,17955.25,17950,17952,659,17943.24002,17918.1301
7/13/2023 11:14,17952.5,17952.75,17942.5,17942.75,1205,17943.25894,17918.24756
7/13/2023 11:15,17943,17943,17935.75,17937.25,1232,17943.22697,17918.33517
7/13/2023 11:16,17937.5,17941.25,17930.5,17934,1342,17943.16693,17918.41385
7/13/2023 11:17,17934,17938.25,17932,17937.75,1017,17943.12629,17918.47563
7/13/2023 11:18,17937.25,17941.25,17934.5,17940.5,825,17943.10625,17918.53324
7/13/2023 11:19,17940.5,17947,17939.5,17942.5,1329,17943.10547,17918.64473
7/13/2023 11:20,17942.75,17945.25,17940.5,17944.25,436,17943.10601,17918.68158
7/13/2023 11:21,17944.75,17946,17934.75,17942.25,936,17943.09523,17918.75287
7/13/2023 11:22,17942.5,17948.75,17940.5,17947.5,747,17943.10536,17918.82109
7/13/2023 11:23,17947.5,17953,17946.75,17952.75,879,17943.14218,17918.91658
7/13/2023 11:24,17952,17954.75,17950.25,17952.5,745,17943.17982,17919.00128
7/13/2023 11:25,17952.5,17956.5,17951.25,17955.5,817,17943.22917,17919.09896
7/13/2023 11:26,17955.25,17956.25,17951.5,17952.75,552,17943.25955,17919.16294
7/13/2023 11:27,17952,17952.5,17942.75,17947,950,17943.28061,17919.2531
7/13/2023 11:28,17947.5,17949,17945,17946.75,476,17943.28982,17919.29725
7/13/2023 11:29,17947,17951.5,17943.75,17950.5,731,17943.31032,17919.36887
7/13/2023 11:30,17950.75,17952.75,17945.5,17947.75,654,17943.32882,17919.43283
7/13/2023 11:31,17948,17950.25,17943.5,17948,930,17943.34798,17919.51891
7/13/2023 11:32,17948,17948.5,17943.5,17944.5,541,17943.35407,17919.5656
7/13/2023 11:33,17944.25,17946,17941,17943.75,756,17943.35498,17919.62576
7/13/2023 11:34,17943.25,17946.5,17941.75,17945,482,17943.35764,17919.66529
7/13/2023 11:35,17945.25,17948.75,17941.75,17942.5,478,17943.36006,17919.70423
7/13/2023 11:36,17942.5,17948.5,17941,17947.25,578,17943.36672,17919.75354
7/13/2023 11:37,17948,17951.75,17943.75,17951,575,17943.38294,17919.80856
7/13/2023 11:38,17951,17963.25,17949,17962,1628,17943.50544,17920.01249
7/13/2023 11:39,17961.25,17961.75,17956.25,17957.25,798,17943.5661,17920.11253
7/13/2023 11:40,17957.75,17962.5,17957,17962,565,17943.61473,17920.18688
7/13/2023 11:41,17962.25,17966,17961,17962,1062,17943.71882,17920.33451
7/13/2023 11:42,17962.25,17972.75,17961.75,17971.75,1318,17943.88451,17920.54082
7/13/2023 11:43,17971.75,17972.75,17966,17967,1223,17944.0353,17920.73004
7/13/2023 11:44,17967,17969.25,17964.5,17965.25,676,17944.11029,17920.8291
7/13/2023 11:45,17965.25,17970,17959.5,17967,1189,17944.23607,17920.99913
7/13/2023 11:46,17967.25,17970,17964.5,17970,748,17944.32427,17921.1118
7/13/2023 11:47,17969.5,17972.5,17967,17967.5,755,17944.41573,17921.22698
7/13/2023 11:48,17967.5,17968,17960.5,17963.25,771,17944.48926,17921.33159
7/13/2023 11:49,17963.25,17966.5,17960.75,17965.5,423,17944.53005,17921.3892
7/13/2023 11:50,17965.75,17968.75,17964.5,17965.5,564,17944.58968,17921.46936
7/13/2023 11:51,17966,17968.75,17964.25,17967.75,662,17944.66139,17921.56448
7/13/2023 11:52,17967.5,17970.75,17965.5,17965.75,811,17944.75024,17921.68153
7/13/2023 11:53,17965.5,17970.75,17965,17970,710,17944.83174,17921.7863
7/13/2023 11:54,17970.25,17972.75,17968.75,17971.25,884,17944.94232,17921.92257
7/13/2023 11:55,17971.5,17972.25,17968.5,17969.5,624,17945.01733,17922.01668
7/13/2023 11:56,17969.5,17976,17969,17973.5,1332,17945.19336,17922.22776
7/13/2023 11:57,17973.5,17976,17971,17974.75,697,17945.28816,17922.33987
7/13/2023 11:58,17974.5,17978.75,17972.75,17978.25,908,17945.42214,17922.4927
7/13/2023 11:59,17978.25,17983.75,17977.25,17981.5,1342,17945.6448,17922.73463
7/13/2023 12:00,17981.75,17982.5,17979,17979.5,886,17945.78821,17922.8919
7/13/2023 12:01,17979.25,17982,17973,17975.25,1396,17945.98858,17923.1226
7/13/2023 12:02,17975,17983.25,17973.75,17982.25,1034,17946.14964,17923.3017
7/13/2023 12:03,17982.25,17984.75,17980.75,17983,1193,17946.35045,17923.51814
7/13/2023 12:04,17982.5,17983.75,17981,17982.75,560,17946.4431,17923.61863
7/13/2023 12:05,17982.75,17987,17981.75,17985,1156,17946.64383,17923.8323
7/13/2023 12:06,17984.75,17986.75,17979.25,17983,949,17946.80023,17924.00204
7/13/2023 12:07,17982.75,17987,17982.75,17985.75,607,17946.90551,17924.11408
7/13/2023 12:08,17985.75,17989.75,17985.25,17988.5,905,17947.07227,17924.28761
7/13/2023 12:09,17988.25,17989,17984.75,17985.25,604,17947.17874,17924.40018
7/13/2023 12:10,17985.25,17985.5,17981,17985,879,17947.32284,17924.55669
7/13/2023 12:11,17985.25,17987,17984.25,17985.5,565,17947.41927,17924.65982
7/13/2023 12:12,17985.5,17988,17983.25,17987,375,17947.48384,17924.72863
7/13/2023 12:13,17987,17988.25,17979.25,17980.25,701,17947.59308,17924.84954
7/13/2023 12:14,17980.75,17985.25,17980.25,17983.5,515,17947.67386,17924.93869
7/13/2023 12:15,17983.5,17987.25,17981.25,17985.75,519,17947.7589,17925.03095
7/13/2023 12:16,17985.25,17989.75,17985,17987.25,729,17947.88599,17925.16565
7/13/2023 12:17,17987.5,17988.5,17985.5,17986,480,17947.96782,17925.25307
7/13/2023 12:18,17985.75,17988,17984.75,17985.25,505,17948.05206,17925.34379
7/13/2023 12:19,17985,17992.25,17985,17990,979,17948.2275,17925.52778
7/13/2023 12:20,17989.75,17989.75,17982.5,17983.25,892,17948.37085,17925.68422
7/13/2023 12:21,17983.5,17985.5,17978.75,17979,951,17948.50563,17925.83872
7/13/2023 12:22,17978.75,17983,17978.5,17982,640,17948.59595,17925.94237
7/13/2023 12:23,17982.25,17984.5,17980.5,17982.25,773,17948.70853,17926.06986
7/13/2023 12:24,17982.5,18006.25,17978.75,18005.75,6484,17950.01802,17927.38651
7/13/2023 12:25,18005.5,18006.75,17994.75,17995.5,2092,17950.44356,17927.81336
7/13/2023 12:26,17995.25,17997,17992,17996,900,17950.60948,17927.9852
7/13/2023 12:27,17995.5,17996,17992.5,17995.25,419,17950.68558,17928.0644
7/13/2023 12:28,17995,17998.5,17993.75,17997.5,647,17950.8079,17928.19001
7/13/2023 12:29,17997.5,17999,17990.5,17990.5,878,17950.96115,17928.35165
7/13/2023 12:30,17990.5,17996.5,17990.5,17995.75,696,17951.08446,17928.48103
7/13/2023 12:31,17995.5,17998.5,17991.25,17998,818,17951.23405,17928.63626
7/13/2023 12:32,17998,18011.25,17997.75,18005.75,4648,17952.2329,17929.62115
7/13/2023 12:33,18005.25,18006,17996.5,17997.25,1240,17952.46843,17929.86246
7/13/2023 12:34,17997.5,17998.5,17992.5,17995.25,954,17952.63102,17930.03513
7/13/2023 12:35,17995.75,17998.25,17993.25,17996.5,518,17952.71999,17930.12934
7/13/2023 12:36,17996,17996.5,17989.5,17994,866,17952.8588,17930.27988
7/13/2023 12:37,17993.75,17998.75,17993.25,17998.25,525,17952.94955,17930.37573
7/13/2023 12:38,17998,17999.75,17995,17997,499,17953.03644,17930.46726
7/13/2023 12:39,17996.5,17997.75,17995,17997,287,17953.08551,17930.51926
7/13/2023 12:40,17996.75,17999.75,17995.25,17999.5,514,17953.17631,17930.61442
7/13/2023 12:41,17999,17999.75,17996.75,17998.5,701,17953.30001,17930.74409
7/13/2023 12:42,17998.25,17998.75,17993.25,17994,635,17953.40405,17930.85593
7/13/2023 12:43,17994,17995.75,17990,17994.25,640,17953.50341,17930.96477
7/13/2023 12:44,17994.5,17996.5,17993.75,17995,326,17953.55605,17931.02162
7/13/2023 12:45,17995.25,17998.25,17994,17995.5,440,17953.62831,17931.09918
7/13/2023 12:46,17995.75,17997.5,17992.5,17993,547,17953.71445,17931.193
7/13/2023 12:47,17993,17997,17993,17995,350,17953.77027,17931.25351
7/13/2023 12:48,17995,17995.25,17990.25,17990.5,518,17953.84662,17931.33866
7/13/2023 12:49,17991,17994.75,17989.5,17990.5,594,17953.93285,17931.43534
7/13/2023 12:50,17991,17994.25,17990.25,17994.25,563,17954.0171,17931.52871
7/13/2023 12:51,17994,17996,17991.75,17994.25,369,17954.07365,17931.59084
7/13/2023 12:52,17994.5,17997,17992.75,17996.5,434,17954.14231,17931.6654
7/13/2023 12:53,17996.75,18005.25,17996,18004.75,1173,17954.35617,17931.88677
7/13/2023 12:54,18004.5,18004.75,17999.75,17999.75,629,17954.46867,17932.00392
7/13/2023 12:55,18000.5,18003.75,18000.25,18003,244,17954.51301,17932.04986
7/13/2023 12:56,18003,18004,18001.25,18002.5,321,17954.57153,17932.11042
7/13/2023 12:57,18003,18003.75,17997.25,17998.5,600,17954.67429,17932.21893
7/13/2023 12:58,17998.75,17999.75,17993.5,17995.75,782,17954.79719,17932.35253
7/13/2023 12:59,17996.25,17999.75,17996,17999,284,17954.84369,17932.40237
7/13/2023 13:00,17998.5,18002.25,17997,18000.25,343,17954.90177,17932.4639
7/13/2023 13:01,18000.25,18001,17995.75,17997.25,409,17954.96801,17932.53513
7/13/2023 13:02,17997.75,18000.25,17992.25,17995,661,17955.06927,17932.64613
7/13/2023 13:03,17994.75,17997,17993.25,17995.5,346,17955.12131,17932.70354
7/13/2023 13:04,17996,18001,17995.25,17999.5,457,17955.19555,17932.78323
7/13/2023 13:05,18000.25,18001.5,17996.5,17997.5,358,17955.25341,17932.84545
7/13/2023 13:06,17997.75,18003,17997.25,18001.5,496,17955.33717,17932.93419
7/13/2023 13:07,18001.5,18002,17994,17994.5,491,17955.41293,17933.01695
7/13/2023 13:08,17995,17995.25,17989.75,17990.25,901,17955.53427,17933.15621
7/13/2023 13:09,17990.5,17993.25,17989,17990.25,856,17955.64591,17933.28584
7/13/2023 13:10,17990.75,17990.75,17986.25,17989.25,832,17955.74735,17933.40674
7/13/2023 13:11,17989,17990.5,17985.25,17988,894,17955.85293,17933.53411
7/13/2023 13:12,17988.25,17993,17987.25,17991.25,515,17955.91831,17933.61069
7/13/2023 13:13,17991.5,17998.25,17990,17996,618,17956.00604,17933.70916
7/13/2023 13:14,17996,17998.75,17995.25,17996.25,555,17956.08854,17933.80021
7/13/2023 13:15,17996,17999.5,17995,17998.25,307,17956.13497,17933.85112
7/13/2023 13:16,17998.25,17998.5,17996,17996.75,347,17956.18669,17933.90813
7/13/2023 13:17,17996.5,17998.75,17995.75,17998.25,310,17956.23334,17933.95936
7/13/2023 13:18,17998,18000.75,17997.25,17999.75,453,17956.30407,17934.03605
7/13/2023 13:19,17999.5,18001.25,17999,18000.25,283,17956.34908,17934.08454
7/13/2023 13:20,18000,18001.75,17998.25,18001,559,17956.43806,17934.18034
7/13/2023 13:21,18001.5,18003.5,17997.5,18000,638,17956.53916,17934.28935
7/13/2023 13:22,17999.75,18002.5,17998.5,18001.75,269,17956.58222,17934.33561
7/13/2023 13:23,18002,18007,18000.5,18003.5,800,17956.71769,17934.47847
7/13/2023 13:24,18003.75,18006,18001.5,18005.25,663,17956.83076,17934.59742
7/13/2023 13:25,18005.25,18006.25,18002.75,18004.5,539,17956.92276,17934.69417
7/13/2023 13:26,18004.5,18009.75,18004,18009.75,548,17957.02247,17934.79694
7/13/2023 13:27,18009.25,18010.25,18005,18006,611,17957.13155,17934.91001
7/13/2023 13:28,18006,18010.5,18005.75,18010,447,17957.2137,17934.99442
7/13/2023 13:29,18010.25,18014.75,18010.25,18012.5,1151,17957.43935,17935.22187
7/13/2023 13:30,18012.75,18015.25,18009,18009,926,17957.61491,17935.40056
7/13/2023 13:31,18008.75,18013,18008.75,18010.5,550,17957.718,17935.50583
7/13/2023 13:32,18010.75,18012.5,18009.5,18010.25,266,17957.76771,17935.55664
7/13/2023 13:33,18010.25,18016.5,18009.75,18010,1185,17957.9936,17935.78615
7/13/2023 13:34,18009.75,18013.5,18008.75,18013.5,827,17958.14965,17935.94515
7/13/2023 13:35,18013.25,18014.5,18012,18012.75,651,17958.27451,17936.07177
7/13/2023 13:36,18013.25,18017.25,18012,18012,629,17958.39607,17936.19477
7/13/2023 13:37,18012.75,18016.25,18012.25,18015.5,485,17958.49099,17936.29046
7/13/2023 13:38,18015.25,18017.5,18013.5,18015,563,17958.60207,17936.4022
7/13/2023 13:39,18015,18017.5,18013.5,18015.75,352,17958.67161,17936.47211
7/13/2023 13:40,18015.75,18019.5,18015.25,18018.75,806,17958.83646,17936.63629
7/13/2023 13:41,18018.5,18019.5,18016.25,18018,497,17958.9378,17936.73729
7/13/2023 13:42,18017.5,18020,18017,18018.25,507,17959.04169,17936.84071
7/13/2023 13:43,18018,18020,18016.75,18018.5,412,17959.12585,17936.92455
7/13/2023 13:44,18018.25,18018.75,18014,18014.75,767,17959.27509,17937.07525
7/13/2023 13:45,18015,18015.5,18013,18014.25,514,17959.37188,17937.17389
7/13/2023 13:46,18014.25,18015.75,18012.25,18013.5,512,17959.46722,17937.27137
7/13/2023 13:47,18013.5,18017.25,18013.25,18013.75,471,17959.55611,17937.36189
7/13/2023 13:48,18013.75,18015,18008.75,18009,615,17959.66372,17937.47393
7/13/2023 13:49,18009.25,18015.25,18009,18014.25,484,17959.75124,17937.56417
7/13/2023 13:50,18014.25,18014.5,18012,18012.5,240,17959.79467,17937.60893
7/13/2023 13:51,18012.25,18012.5,18005.5,18007.25,1006,17959.96032,17937.78461
7/13/2023 13:52,18007,18010.25,18006.5,18010,733,17960.08155,17937.91297
7/13/2023 13:53,18010.25,18011.25,18006.75,18011,626,17960.18619,17938.02338
7/13/2023 13:54,18010.75,18010.75,18007,18007.25,745,17960.30681,17938.1519
7/13/2023 13:55,18007.5,18009.25,18007,18008.5,602,17960.40366,17938.25529
7/13/2023 13:56,18008.5,18009,18004,18004.5,511,17960.48143,17938.33978
7/13/2023 13:57,18004.25,18010.25,18002.5,18010.25,655,17960.58475,17938.45072
7/13/2023 13:58,18010.25,18013.25,18007.75,18008.75,798,17960.71599,17938.58977
7/13/2023 13:59,18008.75,18010.25,18007,18008,309,17960.76508,17938.64234
7/13/2023 14:00,18008.5,18009.5,18005.75,18009,289,17960.81058,17938.6912
7/13/2023 14:01,18008.75,18011.5,18005.5,18008.25,1008,17960.96972,17938.86189
7/13/2023 14:02,18008,18008.25,18006,18006.75,282,17961.01272,17938.90853
7/13/2023 14:03,18006.5,18010.25,18005,18009.25,526,17961.09475,17938.99683
7/13/2023 14:04,18009.75,18010,18007,18009.25,929,17961.24072,17939.15355
7/13/2023 14:05,18009.25,18009.75,18007.5,18009,721,17961.3534,17939.2747
7/13/2023 14:06,18008.5,18012,18007.5,18010.25,886,17961.49452,17939.42549
7/13/2023 14:07,18010,18017.5,18009.75,18015,1608,17961.77041,17939.71359
7/13/2023 14:08,18015,18018.5,18012.5,18016.75,970,17961.94123,17939.89056
7/13/2023 14:09,18017,18024.75,18015.5,18023.25,1608,17962.24934,17940.20228
7/13/2023 14:10,18022.75,18024,18019.75,18020.5,719,17962.38666,17940.34131
7/13/2023 14:11,18020.75,18024.5,18019.75,18024.5,650,17962.51339,17940.46891
7/13/2023 14:12,18024.25,18027.75,18022.25,18023.25,1082,17962.72839,17940.68429
7/13/2023 14:13,18023.25,18025.75,18023.25,18024.75,607,17962.84868,17940.80488
7/13/2023 14:14,18024.75,18027.25,18024,18027,1449,17963.14086,17941.09646
7/13/2023 14:15,18026.75,18029.5,18026,18029.5,822,17963.3113,17941.26535
7/13/2023 14:16,18029.25,18032.5,18028,18032.5,911,17963.50686,17941.45747
7/13/2023 14:17,18032,18034.75,18031.25,18033.5,1388,17963.81215,17941.75564
7/13/2023 14:18,18033.5,18033.75,18027.5,18030.5,1127,17964.04891,17941.98953
7/13/2023 14:19,18030.5,18032,18025.25,18026.25,730,17964.19507,17942.13569
7/13/2023 14:20,18025.75,18029.25,18023.5,18027.75,598,17964.31243,17942.25365
7/13/2023 14:21,18027.75,18031,18027,18029,746,17964.46327,17942.40411
7/13/2023 14:22,18029.5,18029.75,18026.25,18029,1010,17964.66428,17942.60543
7/13/2023 14:23,18028.75,18033,18028.75,18032.75,1092,17964.89093,17942.83003
7/13/2023 14:24,18032.75,18033.75,18029.75,18030.5,762,17965.04779,17942.98579
7/13/2023 14:25,18030.75,18031.5,18028.75,18029.25,325,17965.11295,17943.05093
7/13/2023 14:26,18029.75,18030,18019,18019.5,1331,17965.34975,17943.29526
7/13/2023 14:27,18019.5,18022.75,18015,18020.25,1447,17965.58946,17943.54757
7/13/2023 14:28,18019.75,18021,18012.5,18015.75,1047,17965.75223,17943.72211
7/13/2023 14:29,18015.5,18018.75,18015,18016,624,17965.84907,17943.82598
7/13/2023 14:30,18015.75,18018.5,18015.75,18017.25,451,17965.91963,17943.90146
7/13/2023 14:31,18017,18018.25,18012.25,18012.5,762,17966.03184,17944.02373
7/13/2023 14:32,18012.5,18014.5,18011.5,18012.5,551,17966.11015,17944.11
7/13/2023 14:33,18012.25,18014.75,18012,18012.75,376,17966.16381,17944.16902
7/13/2023 14:34,18013,18020.25,18012.25,18019.5,703,17966.27269,17944.28577
7/13/2023 14:35,18019.5,18020.75,18017.25,18018.75,729,17966.38859,17944.40905
7/13/2023 14:36,18019,18025.25,18018.75,18024.75,1157,17966.58542,17944.61434
7/13/2023 14:37,18025,18025.75,18022.75,18024.25,547,17966.68019,17944.71266
7/13/2023 14:38,18024.25,18024.5,18022.25,18024.5,370,17966.74357,17944.77862
7/13/2023 14:39,18024.25,18025.25,18022.25,18022.75,346,17966.80236,17944.83994
7/13/2023 14:40,18023,18023.75,18018,18020.5,728,17966.91985,17944.96427
7/13/2023 14:41,18020.5,18024.5,18015.75,18022.75,800,17967.04897,17945.10089
7/13/2023 14:42,18022.5,18027,18022.25,18024.5,1049,17967.22853,17945.2877
7/13/2023 14:43,18024.25,18024.25,18021.25,18022,487,17967.30849,17945.37186
7/13/2023 14:44,18022.5,18023.75,18019,18022.25,409,17967.37446,17945.44164
7/13/2023 14:45,18022.5,18024,18020.75,18021.5,387,17967.43721,17945.50791
7/13/2023 14:46,18021.75,18029.75,18021.75,18027.25,862,17967.58709,17945.66311
7/13/2023 14:47,18027.5,18030.75,18025.5,18028.75,988,17967.764,17945.84484
7/13/2023 14:48,18028.5,18030.25,18022.5,18030,1256,17967.98464,17946.07263
7/13/2023 14:49,18029.5,18032,18026.75,18031,1023,17968.17015,17946.26251
7/13/2023 14:50,18030.75,18031.5,18027.75,18028.25,658,17968.28744,17946.3831
7/13/2023 14:51,18028,18030.75,18027,18029.75,485,17968.37361,17946.47175
7/13/2023 14:52,18029.75,18033.25,18028.25,18032,661,17968.4945,17946.59519
7/13/2023 14:53,18032.25,18032.5,18029.5,18032,431,17968.57328,17946.67565
7/13/2023 14:54,18032.25,18033.25,18030,18030.25,601,17968.68252,17946.78736
7/13/2023 14:55,18030.5,18030.75,18023.75,18024.5,811,17968.81797,17946.92903
7/13/2023 14:56,18024.25,18027.5,18023.75,18027.25,488,17968.89894,17947.01385
7/13/2023 14:57,18027.5,18029.75,18026.5,18027.25,465,17968.97811,17947.09621
7/13/2023 14:58,18027.5,18030.25,18024.5,18030,356,17969.03901,17947.15947
7/13/2023 14:59,18030.25,18031.25,18028.5,18029.25,378,17969.10508,17947.22771
7/13/2023 15:00,18029.75,18030.75,18029,18030.75,266,17969.15187,17947.27595
7/13/2023 15:01,18031,18031.75,18028.25,18028.75,504,17969.23948,17947.36656
7/13/2023 15:02,18029,18038.25,18027.25,18037.75,1283,17969.47914,17947.60983
7/13/2023 15:03,18038,18040.25,18032.75,18039.75,1276,17969.72729,17947.8592
7/13/2023 15:04,18040,18044.5,18037.25,18043,1728,17970.08012,17948.20967
7/13/2023 15:05,18043.5,18046.25,18041.25,18044,1553,17970.40415,17948.52995
7/13/2023 15:06,18043.75,18047.75,18042.5,18047.25,1171,17970.65321,17948.77507
7/13/2023 15:07,18047.25,18047.75,18042,18044,1062,17970.87394,17948.99347
7/13/2023 15:08,18043.5,18047,18041.75,18045.5,589,17970.99606,17949.11437
7/13/2023 15:09,18045.25,18046,18040.25,18042,547,17971.10605,17949.22404
7/13/2023 15:10,18041.5,18046,18040.75,18045,440,17971.19572,17949.31317
7/13/2023 15:11,18044.75,18048,18044.25,18046.25,604,17971.32224,17949.43815
7/13/2023 15:12,18046.25,18050.5,18046,18050.5,1811,17971.71333,17949.82187
7/13/2023 15:13,18050.5,18059.25,18048,18059.25,2456,17972.28154,17950.37135
7/13/2023 15:14,18059.25,18063.5,18057.25,18062,2451,17972.87737,17950.94201
7/13/2023 15:15,18062.5,18063.25,18059.75,18060,884,17973.09051,17951.14654
7/13/2023 15:16,18060,18064.5,18058.75,18061.25,1086,17973.35243,17951.39791
7/13/2023 15:17,18061.5,18063,18058.25,18061.75,775,17973.53734,17951.57579
7/13/2023 15:18,18061.5,18061.5,18056.75,18061.5,979,17973.76693,17951.79744
7/13/2023 15:19,18061.25,18061.25,18051,18051.25,1513,17974.0972,17952.12114
7/13/2023 15:20,18051.25,18057.5,18050,18057.25,891,17974.29144,17952.31159
7/13/2023 15:21,18057.5,18060.75,18055.75,18059.5,766,17974.46541,17952.48072
7/13/2023 15:22,18060,18062.25,18058.5,18060.75,1199,17974.74219,17952.74893
7/13/2023 15:23,18060.5,18063.5,18060.25,18062.5,1195,17975.02134,17953.01883
7/13/2023 15:24,18062.75,18066.25,18062,18063.5,737,17975.19622,17953.18741
7/13/2023 15:25,18063.25,18066.5,18058.75,18059.75,995,17975.42527,17953.40959
7/13/2023 15:26,18059.75,18062,18055.5,18059.75,817,17975.60684,17953.58701
7/13/2023 15:27,18059.75,18066.5,18059.25,18065.75,921,17975.82216,17953.79526
7/13/2023 15:28,18066,18066.5,18063.75,18065.25,743,17975.99773,17953.96473
7/13/2023 15:29,18065,18069.5,18064.25,18069,1085,17976.25979,17954.21663
7/13/2023 15:30,18068.5,18068.5,18064.75,18066.5,856,17976.46323,17954.41283
7/13/2023 15:31,18066.25,18067.25,18061,18066.5,1061,17976.70948,17954.65148
7/13/2023 15:32,18066.25,18070,18065.75,18067.25,787,17976.89692,17954.83222
7/13/2023 15:33,18067.25,18069.5,18063.25,18068.25,754,17977.07446,17955.00383
7/13/2023 15:34,18068.5,18068.75,18061.5,18062.5,615,17977.21435,17955.13999
7/13/2023 15:35,18062.25,18062.5,18056.5,18060.75,1037,17977.43751,17955.35971
7/13/2023 15:36,18060.25,18061,18056.5,18060.5,494,17977.54265,17955.46348
7/13/2023 15:37,18061,18063.75,18059.75,18062,636,17977.68174,17955.59998
7/13/2023 15:38,18062.25,18070.5,18060.5,18070,866,17977.88197,17955.79429
7/13/2023 15:39,18069.5,18072.5,18066.25,18072.25,1653,17978.27589,17956.17437
7/13/2023 15:40,18072.5,18074,18069.75,18072.25,1419,17978.61745,17956.50337
7/13/2023 15:41,18072,18078.25,18068.5,18078,1423,17978.96811,17956.83971
7/13/2023 15:42,18078,18082.25,18077.5,18078,1637,17979.38643,17957.2384
7/13/2023 15:43,18078,18081.25,18076.75,18080,1023,17979.64629,17957.4864
7/13/2023 15:44,18080.5,18083,18077.25,18081.75,1195,17979.95218,17957.77798
7/13/2023 15:45,18081.75,18088.5,18080.5,18088.25,2092,17980.51005,17958.30609
7/13/2023 15:46,18088,18088,18083,18084,1290,17980.8487,17958.62768
7/13/2023 15:47,18084,18087.75,18081.75,18087.5,847,17981.07127,17958.83905
7/13/2023 15:48,18087.75,18089.5,18075,18075.75,1705,17981.4927,17959.24377
7/13/2023 15:49,18075.75,18080,18073.25,18074,1420,17981.82564,17959.56678
7/13/2023 15:50,18073.5,18077,18071.5,18073,1031,17982.06101,17959.79632
7/13/2023 15:51,18073.5,18084.25,18065,18067.75,2527,17982.62348,17960.34772
7/13/2023 15:52,18067.5,18068.25,18061.75,18064.25,1742,17982.97473,17960.69916
7/13/2023 15:53,18064.5,18070,18064.25,18066.75,1230,17983.22771,17960.95122
7/13/2023 15:54,18066.5,18068.75,18063.5,18067.75,778,17983.38631,17961.10954
7/13/2023 15:55,18067.75,18074,18066,18071,1956,17983.79983,17961.51925
7/13/2023 15:56,18071,18072.5,18059.5,18061.75,1963,17984.18359,17961.90577
7/13/2023 15:57,18062,18062.75,18055.5,18058.75,1714,17984.49263,17962.22268
7/13/2023 15:58,18058.75,18060.75,18056.25,18059,1657,17984.78765,17962.52604
7/13/2023 15:59,18058.75,18064,18056.25,18060,1887,17985.12717,17962.87425
7/13/2023 16:00,18060,18065.25,18053.5,18054.25,8412,17986.55655,17964.35892
7/13/2023 16:01,18054.25,18060.75,18049.75,18058.75,3389,17987.10677,17964.93615
7/13/2023 16:02,18058.5,18060,18056.25,18058.75,1092,17987.28707,17965.12448
7/13/2023 16:03,18058.75,18059,18055.5,18055.75,547,17987.37504,17965.21693
7/13/2023 16:04,18055.5,18056.25,18050.5,18051.5,607,17987.46679,17965.31483
7/13/2023 16:05,18051.75,18055.25,18050,18052,850,17987.59417,17965.45103
7/13/2023 16:06,18052.5,18056,18052.25,18055.5,594,17987.68586,17965.54833
7/13/2023 16:07,18055.5,18055.75,18052,18053.25,434,17987.75178,17965.61855
7/13/2023 16:08,18053.5,18056.5,18052.25,18055.25,308,17987.79919,17965.66888
7/13/2023 16:09,18055,18057.25,18054.25,18054.75,399,17987.8612,17965.73455
7/13/2023 16:10,18055.25,18056.75,18052.25,18052.75,388,17987.92005,17965.79725
7/13/2023 16:11,18052.5,18054,18050.75,18050.75,432,17987.98338,17965.8653
7/13/2023 16:12,18050.5,18053,18049,18049.5,526,17988.05872,17965.94674
7/13/2023 16:13,18049.75,18051.25,18049.5,18049.75,155,17988.08077,17965.97062
7/13/2023 16:14,18050,18050.5,18048.75,18049.5,348,17988.12975,17966.02379
7/13/2023 16:15,18049.5,18052,18048.75,18050.25,291,17988.17115,17966.06861
7/13/2023 16:16,18049.75,18050.75,18048.75,18050.25,175,17988.19585,17966.0954
7/13/2023 16:17,18050.5,18051.5,18050,18050.25,145,17988.21652,17966.11777
7/13/2023 16:18,18050.5,18051.5,18047.5,18047.75,355,17988.26573,17966.17139
7/13/2023 16:19,18048,18051,18048,18049.5,191,17988.29242,17966.20042
7/13/2023 16:20,18049.5,18050.25,18048.75,18050.25,80,17988.30364,17966.21261
7/13/2023 16:21,18050.25,18050.5,18049,18049.5,117,17988.32002,17966.23041
7/13/2023 16:22,18049.5,18050,18049,18049.25,74,17988.33033,17966.24163
7/13/2023 16:23,18049,18050,18047.5,18049.25,205,17988.35865,17966.27252
7/13/2023 16:24,18049.25,18049.5,18048.25,18048.5,111,17988.37393,17966.28919
7/13/2023 16:25,18048.75,18048.75,18047.5,18048.25,98,17988.38729,17966.30381
7/13/2023 16:26,18048,18048.25,18046,18046.5,282,17988.42488,17966.3452
7/13/2023 16:27,18046.5,18047.25,18045.75,18047.25,116,17988.44028,17966.36217
7/13/2023 16:28,18047,18048.25,18046.75,18047.5,49,17988.44687,17966.36941
7/13/2023 16:29,18047.5,18048.25,18047,18047.5,63,17988.45535,17966.37872
7/13/2023 16:30,18047.75,18047.75,18046.75,18047.25,59,17988.46324,17966.3874
7/13/2023 16:31,18047.25,18048.25,18046.75,18048.25,111,17988.47822,17966.40383
7/13/2023 16:32,18048.25,18049,18047.75,18048.25,62,17988.48666,17966.41307
7/13/2023 16:33,18048.5,18049,18048.25,18049,44,17988.49269,17966.41966
7/13/2023 16:34,18048.75,18049.75,18043.25,18044.25,488,17988.55618,17966.49001
7/13/2023 16:35,18043.5,18045,18042,18043,206,17988.58181,17966.51877
7/13/2023 16:36,18043,18044.75,18042.5,18044.5,95,17988.59375,17966.53213
7/13/2023 16:37,18044.75,18045.75,18044.75,18045.5,82,17988.60431,17966.54386
7/13/2023 16:38,18045.5,18046.25,18045.5,18046,49,17988.61069,17966.55092
7/13/2023 16:39,18046.25,18046.25,18045.25,18045.5,49,17988.61703,17966.55796
7/13/2023 16:40,18045.75,18046.75,18045.25,18046.75,46,17988.62305,17966.56462
7/13/2023 16:41,18046.75,18047,18045.75,18046,53,17988.62998,17966.57228
7/13/2023 16:42,18045.5,18046.75,18045.25,18046.75,98,17988.64279,17966.58646
7/13/2023 16:43,18046.75,18046.75,18045.5,18046,55,17988.64996,17966.59439
7/13/2023 16:44,18045.75,18047,18045.75,18045.75,43,17988.65557,17966.6006
7/13/2023 16:45,18045.75,18047.5,18045,18045.75,137,17988.67341,17966.62036
7/13/2023 16:46,18045.5,18046.25,18043.25,18045.5,293,17988.71081,17966.662
7/13/2023 16:47,18045.25,18045.25,18041.75,18042.75,113,17988.72477,17966.67769
7/13/2023 16:48,18042.5,18045,18042,18045,62,17988.73253,17966.68638
7/13/2023 16:49,18044.75,18045.5,18044.25,18044.5,40,17988.73761,17966.69204
7/13/2023 16:50,18044.25,18045,18044,18044.5,128,17988.75377,17966.71009
7/13/2023 16:51,18044.25,18047.5,18044.25,18047.25,169,17988.77579,17966.73447
7/13/2023 16:52,18047.25,18048,18046.25,18048,84,17988.78694,17966.74674
7/13/2023 16:53,18047.5,18048,18046.5,18046.75,36,17988.79169,17966.75198
7/13/2023 16:54,18046.5,18047,18046.25,18046.75,15,17988.79366,17966.75415
7/13/2023 16:55,18046.75,18048,18046,18046.25,229,17988.82367,17966.78732
7/13/2023 16:56,18046.5,18047.5,18045.5,18047,152,17988.84355,17966.80929
7/13/2023 16:57,18047,18048.25,18046.75,18047.25,83,17988.85454,17966.8214
7/13/2023 16:58,18047,18047.75,18045.75,18047.75,64,17988.86296,17966.83069
7/13/2023 16:59,18048,18049,18047.5,18048.25,114,17988.87826,17966.84749
7/13/2023 17:00,18048.25,18048.5,18045.75,18048,116,17988.8936,17966.86439
7/13/2023 18:01,18047.25,18053,18045,18050.25,202,0,18049.41667
7/13/2023 18:02,18051,18053,18049.75,18050.25,118,0,18050.00052
7/13/2023 18:03,18049.75,18051.75,18049.25,18049.75,39,0,18050.02762
7/13/2023 18:04,18049.75,18051.5,18048.75,18049.25,45,0,18050.00598
7/13/2023 18:05,18049,18051,18048.5,18050,36,0,18049.99186
7/13/2023 18:06,18050.75,18055.75,18050.5,18054,141,0,18050.82301
7/13/2023 18:07,18053.25,18054.5,18052.75,18053.25,55,0,18051.05451
7/13/2023 18:08,18053.25,18055.25,18053.25,18054.25,27,0,18051.18464
7/13/2023 18:09,18054,18055.75,18053.5,18055.75,45,0,18051.42714
7/13/2023 18:10,18056.25,18056.75,18054.75,18056.25,55,0,18051.75076
7/13/2023 18:11,18056.25,18058.75,18056.25,18058.75,79,0,18052.32928
7/13/2023 18:12,18058.5,18059.5,18056.75,18059.25,95,0,18052.95491
7/13/2023 18:13,18058.75,18061.25,18058.5,18060.25,66,0,18053.41849
7/13/2023 18:14,18060.5,18062.5,18059.75,18061.75,89,0,18054.06357
7/13/2023 18:15,18062.25,18062.5,18060,18060.25,49,0,18054.35787
7/13/2023 18:16,18060,18062.25,18059.75,18062.25,66,0,18054.74386
7/13/2023 18:17,18061.5,18064.25,18061.5,18061.75,125,0,18055.47172
7/13/2023 18:18,18062.25,18062.5,18060.25,18061.25,34,0,18055.61762
7/13/2023 18:19,18061.5,18061.5,18058.75,18059.25,66,0,18055.81192
7/13/2023 18:20,18059.25,18060.75,18056,18057.5,141,0,18056.01552
7/13/2023 18:21,18057.25,18058.5,18057,18057.25,21,0,18056.03618
7/13/2023 18:22,18057.75,18058,18057,18057,9,0,18056.04346
7/13/2023 18:23,18056.75,18057.25,18055.25,18056.75,46,0,18056.05387
7/13/2023 18:24,18056.5,18057.5,18055.25,18056,39,0,18056.0584
7/13/2023 18:25,18055.5,18055.5,18053.25,18054.75,50,0,18056.01357
7/13/2023 18:26,18055,18055.25,18054.25,18054.5,35,0,18055.98698
7/13/2023 18:27,18054.5,18057.25,18054.5,18056.5,28,0,18055.98848
7/13/2023 18:28,18056.5,18058.25,18056.5,18058,20,0,18056.00599
7/13/2023 18:29,18058.25,18058.75,18058,18058.25,21,0,18056.03253
7/13/2023 18:30,18058.25,18058.25,18057,18057.5,16,0,18056.04588
7/13/2023 18:31,18057.5,18057.5,18056,18056.75,22,0,18056.05412
7/13/2023 18:32,18057,18059,18056.5,18058.75,32,0,18056.08808
7/13/2023 18:33,18059,18059.5,18058.25,18058.25,23,0,18056.11873
7/13/2023 18:34,18058.5,18059.25,18058.25,18058.75,19,0,18056.14432
7/13/2023 18:35,18059.25,18059.25,18058.5,18058.5,20,0,18056.17072
7/13/2023 18:36,18059,18061.25,18058.75,18060,44,0,18056.25421
7/13/2023 18:37,18059.75,18060.5,18058.5,18058.75,35,0,18056.30528
7/13/2023 18:38,18059,18059.5,18058.25,18059.25,35,0,18056.35045
7/13/2023 18:39,18059,18059.5,18055.75,18057.25,59,0,18056.38204
7/13/2023 18:40,18057,18057,18055.5,18056.5,26,0,18056.38146
7/13/2023 18:41,18057,18057,18055.25,18055.25,25,0,18056.37523
7/13/2023 18:42,18055.5,18056.5,18055.25,18055.75,24,0,18056.36937
7/13/2023 18:43,18055.75,18056.5,18055.25,18055.75,33,0,18056.36153
7/13/2023 18:44,18055.25,18056,18054.5,18055.75,33,0,18056.3479
7/13/2023 18:45,18056,18056.25,18055.25,18056,13,0,18056.34499
7/13/2023 18:46,18056.25,18056.5,18056.25,18056.5,10,0,18056.34531
7/13/2023 18:47,18056,18056.5,18055.25,18056,21,0,18056.34145
7/13/2023 18:48,18056,18056,18055.25,18055.25,9,0,18056.33821
7/13/2023 18:49,18055.25,18056,18055.25,18056,9,0,18056.33596
7/13/2023 18:50,18056,18056,18055.5,18055.5,6,0,18056.33425
7/13/2023 18:51,18055.75,18056.75,18055.75,18056.75,9,0,18056.33457
7/13/2023 18:52,18056.5,18056.5,18056.25,18056.25,4,0,18056.33456
7/13/2023 18:53,18056.5,18057.5,18056.5,18057.5,6,0,18056.33667
7/13/2023 18:54,18057.5,18057.5,18056,18056.25,25,0,18056.33924
7/13/2023 18:55,18055.75,18056.25,18055.5,18056.25,12,0,18056.33755
7/13/2023 18:56,18055.75,18055.75,18055,18055,15,0,18056.33083
7/13/2023 18:57,18055.25,18056.5,18055.25,18056.5,11,0,18056.32971
7/13/2023 18:58,18056.5,18057.75,18056.5,18057,17,0,18056.33493
7/13/2023 18:59,18057.25,18057.5,18056.75,18056.75,10,0,18056.33763
7/13/2023 19:00,18056.75,18056.75,18055.75,18056,17,0,18056.33646
7/13/2023 19:01,18056,18057,18055.5,18057,29,0,18056.33834
7/13/2023 19:02,18057,18057.25,18056.5,18056.75,21,0,18056.34245
7/13/2023 19:03,18057,18059.75,18057,18059.75,107,0,18056.44344
7/13/2023 19:04,18059.75,18060,18058.5,18059.75,22,0,18056.46803
7/13/2023 19:05,18060,18062.25,18060,18061.75,54,0,18056.56479
7/13/2023 19:06,18062.25,18062.75,18060,18062.5,108,0,18056.76317
7/13/2023 19:07,18062.75,18065.5,18062.5,18064.25,231,0,18057.31685
7/13/2023 19:08,18063.5,18063.5,18061.25,18062.25,27,0,18057.36081
7/13/2023 19:09,18062.75,18062.75,18062.25,18062.25,7,0,18057.37227
7/13/2023 19:10,18062.5,18063,18060.5,18061.75,54,0,18057.44751
7/13/2023 19:11,18061.75,18061.75,18060.75,18060.75,15,0,18057.46479
7/13/2023 19:12,18061,18061.5,18061,18061.5,8,0,18057.47457
7/13/2023 19:13,18061.5,18062.5,18061,18062.25,11,0,18057.48995
7/13/2023 19:14,18062.5,18063,18062.25,18062.5,13,0,18057.51071
7/13/2023 19:15,18062.25,18065.25,18062.25,18065,67,0,18057.64768
7/13/2023 19:16,18064.75,18066.25,18064.5,18065.25,69,0,18057.80717
7/13/2023 19:17,18064.75,18067.25,18064.75,18066.75,63,0,18057.96416
7/13/2023 19:18,18066.5,18066.5,18066,18066.25,17,0,18058.00553
7/13/2023 19:19,18066,18066.25,18064,18064.25,66,0,18058.13536
7/13/2023 19:20,18064.5,18065.75,18064.5,18064.75,14,0,18058.16294
7/13/2023 19:21,18064.75,18067,18064,18066.75,38,0,18058.24657
7/13/2023 19:22,18066.75,18066.75,18064.5,18064.5,81,0,18058.40397
7/13/2023 19:23,18065,18065,18064.25,18064.25,15,0,18058.42924
7/13/2023 19:24,18064,18064.25,18063.5,18064.25,11,0,18058.44612
7/13/2023 19:25,18064.25,18065,18063.75,18064.75,61,0,18058.54617
7/13/2023 19:26,18064.75,18066.75,18064.5,18066.5,27,0,18058.5997
7/13/2023 19:27,18066.75,18067.25,18065.5,18065.75,42,0,18058.68422
7/13/2023 19:28,18065.5,18066.75,18065.25,18066.5,24,0,18058.73168
7/13/2023 19:29,18066.5,18066.75,18066.25,18066.5,34,0,18058.80086
7/13/2023 19:30,18066.75,18067,18065.25,18065.5,36,0,18058.86732
7/13/2023 19:31,18065,18065.25,18062.5,18063.75,130,0,18059.02937
7/13/2023 19:32,18063.75,18065.5,18063.5,18065.5,74,0,18059.13521
7/13/2023 19:33,18065.25,18065.25,18063.5,18063.5,36,0,18059.17872
7/13/2023 19:34,18063.5,18064.25,18062.75,18063.25,65,0,18059.24495
7/13/2023 19:35,18063.25,18063.75,18063.25,18063.75,28,0,18059.27396
7/13/2023 19:36,18064,18064.25,18063.75,18064.25,43,0,18059.32285
7/13/2023 19:37,18064.5,18064.5,18062.5,18063,53,0,18059.37248
7/13/2023 19:38,18062.75,18062.75,18061.25,18062.5,92,0,18059.43124
7/13/2023 19:39,18062.5,18062.5,18062,18062,6,0,18059.43498
7/13/2023 19:40,18062.25,18063.5,18062,18062,50,0,18059.46957
7/13/2023 19:41,18062.25,18062.75,18062,18062.5,8,0,18059.47488
7/13/2023 19:42,18062.5,18062.5,18062,18062.5,11,0,18059.48195
7/13/2023 19:43,18062,18062,18060,18060,72,0,18059.50081
7/13/2023 19:44,18060.5,18061,18060.25,18060.75,26,0,18059.50748
7/13/2023 19:45,18060.5,18061.75,18059.75,18061.75,32,0,18059.51849
7/13/2023 19:46,18061.75,18062.5,18059.5,18059.75,45,0,18059.52885
7/13/2023 19:47,18059.75,18060.75,18059.5,18060.75,46,0,18059.53677
7/13/2023 19:48,18060.5,18060.5,18058.25,18058.75,94,0,18059.52947
7/13/2023 19:49,18058.5,18059.5,18054.25,18056,193,0,18059.41478
7/13/2023 19:50,18055.5,18056.25,18055,18055,82,0,18059.34974
7/13/2023 19:51,18055.25,18055.5,18052.5,18053.75,103,0,18059.24093
7/13/2023 19:52,18054.25,18055,18053.5,18055,43,0,18059.20162
7/13/2023 19:53,18054.25,18054.25,18053,18053.25,73,0,18059.12247
7/13/2023 19:54,18053.75,18055,18053.75,18055,73,0,18059.06033
7/13/2023 19:55,18055.25,18056.75,18055.25,18056,47,0,18059.03359
7/13/2023 19:56,18055.75,18057.75,18055.75,18057.75,42,0,18059.01848
7/13/2023 19:57,18057.25,18058.25,18056.5,18056.75,45,0,18059.00323
7/13/2023 19:58,18057,18059.5,18057,18059.25,77,0,18058.9974
7/13/2023 19:59,18059,18061,18058.75,18060.25,94,0,18059.01412
7/13/2023 20:00,18060.5,18060.75,18060.5,18060.5,32,0,18059.02298
7/13/2023 20:01,18060.75,18061.5,18056.25,18059.75,276,0,18059.02965
7/13/2023 20:02,18059.5,18060,18054.75,18055.75,105,0,18058.99153
7/13/2023 20:03,18055.75,18055.75,18052,18054.5,117,0,18058.89841
7/13/2023 20:04,18055,18055,18052.5,18052.5,125,0,18058.78785
7/13/2023 20:05,18052.25,18052.25,18048.75,18049.75,230,0,18058.48676
7/13/2023 20:06,18049.5,18052.25,18048.25,18051.5,143,0,18058.31898
7/13/2023 20:07,18051.5,18052.5,18049.25,18049.75,42,0,18058.27002
7/13/2023 20:08,18049.75,18052.75,18048.5,18050.75,95,0,18058.16382
7/13/2023 20:09,18050.75,18051.75,18050,18050.5,29,0,18058.13235
7/13/2023 20:10,18050.25,18053,18050,18052.75,60,0,18058.07823
7/13/2023 20:11,18052,18053.75,18051,18052.5,54,0,18058.03421
7/13/2023 20:12,18052.5,18054,18052.5,18053,44,0,18058.00357
7/13/2023 20:13,18053.25,18054.75,18052.5,18052.5,43,0,18057.9745
7/13/2023 20:14,18052.5,18053.25,18050.75,18053,38,0,18057.94418
7/13/2023 20:15,18052.75,18054,18052.75,18053,22,0,18057.92962
7/13/2023 20:16,18053.5,18054,18050,18051.25,62,0,18057.87606
7/13/2023 20:17,18050.75,18053.25,18050.75,18050.75,42,0,18057.83933
7/13/2023 20:18,18050.75,18051.5,18049.75,18050.25,38,0,18057.80078
7/13/2023 20:19,18049.75,18051.75,18049.25,18051.5,124,0,18057.68336
7/13/2023 20:20,18051.25,18051.25,18048,18048.5,149,0,18057.51597
7/13/2023 20:21,18048.75,18050,18048.25,18048.75,49,0,18057.46075
7/13/2023 20:22,18048.5,18049,18045.75,18045.75,113,0,18057.30416
7/13/2023 20:23,18046,18047.5,18041.5,18042,393,0,18056.63937
7/13/2023 20:24,18042.25,18042.25,18038.5,18040.25,230,0,18056.18708
7/13/2023 20:25,18040,18040.5,18038.25,18039.5,110,0,18055.96752
7/13/2023 20:26,18040,18040,18033.25,18035.5,497,0,18054.86631
7/13/2023 20:27,18035,18037.75,18034.75,18034.75,119,0,18054.61406
7/13/2023 20:28,18034.5,18035.75,18031,18031,259,0,18053.99899
7/13/2023 20:29,18031.5,18035.75,18028.25,18035.25,378,0,18053.18013
7/13/2023 20:30,18035.5,18035.75,18031.5,18033,106,0,18052.96551
7/13/2023 20:31,18033.25,18037.25,18032.25,18037,141,0,18052.71681
7/13/2023 20:32,18037,18037.75,18035.75,18037,124,0,18052.52036
7/13/2023 20:33,18036.75,18037.25,18034.5,18035.25,48,0,18052.44006
7/13/2023 20:34,18035.25,18037.75,18035.25,18037.25,58,0,18052.35024
7/13/2023 20:35,18037.5,18039.75,18037.25,18038,127,0,18052.17672
7/13/2023 20:36,18038.75,18039.25,18037.75,18038.75,54,0,18052.10555
7/13/2023 20:37,18038.75,18040.75,18038,18040,97,0,18051.98886
7/13/2023 20:38,18040.25,18040.25,18038.25,18038.75,53,0,18051.92349
7/13/2023 20:39,18038.75,18039,18037.75,18038.75,51,0,18051.85838
7/13/2023 20:40,18039,18041.25,18038.5,18040.75,90,0,18051.75915
7/13/2023 20:41,18041,18041,18038.75,18039.75,48,0,18051.70541
7/13/2023 20:42,18040.5,18041,18040,18040.5,13,0,18051.69175
7/13/2023 20:43,18040.5,18045.25,18040.5,18045,196,0,18051.54542
7/13/2023 20:44,18045.25,18045.75,18043.5,18045.5,95,0,18051.48794
7/13/2023 20:45,18045.25,18046,18044.5,18045,57,0,18051.45523
7/13/2023 20:46,18044.5,18044.5,18041.5,18042.5,91,0,18051.38457
7/13/2023 20:47,18042.75,18042.75,18040.75,18041.5,34,0,18051.3549
7/13/2023 20:48,18041.75,18042.75,18040.75,18042.75,64,0,18051.30193
7/13/2023 20:49,18041.75,18043,18040.25,18042.25,112,0,18051.2082
7/13/2023 20:50,18042.5,18042.75,18040.5,18041,32,0,18051.18058
7/13/2023 20:51,18041,18043.25,18041,18042.75,54,0,18051.13868
7/13/2023 20:52,18042.25,18043.25,18042.25,18043,29,0,18051.1176
7/13/2023 20:53,18042.75,18042.75,18040.25,18041,31,0,18051.09114
7/13/2023 20:54,18041.25,18042.25,18040.25,18040.25,70,0,18051.02937
7/13/2023 20:55,18040,18040,18036.75,18037.75,181,0,18050.83057
7/13/2023 20:56,18037.75,18038.5,18036.25,18036.25,54,0,18050.76708
7/13/2023 20:57,18036.75,18039.5,18036.75,18038.5,53,0,18050.71095
7/13/2023 20:58,18038.25,18038.75,18037.5,18038.5,25,0,18050.68464
7/13/2023 20:59,18038,18038.75,18037.5,18038.25,28,0,18050.65512
7/13/2023 21:00,18038,18041,18037.75,18040.5,87,0,18050.57578
7/13/2023 21:01,18040.25,18041,18039,18040.5,62,0,18050.52209
7/13/2023 21:02,18040.75,18044.25,18040.75,18044.25,155,0,18050.42739
7/13/2023 21:03,18043.75,18047.25,18043.5,18046.75,158,0,18050.36853
7/13/2023 21:04,18046.75,18047.75,18043.5,18043.75,91,0,18050.32921
7/13/2023 21:05,18044,18044,18041.25,18042.75,57,0,18050.29421
7/13/2023 21:06,18042.5,18043.75,18041.75,18042.75,68,0,18050.25333
7/13/2023 21:07,18042.5,18044,18041.25,18043.75,42,0,18050.22914
7/13/2023 21:08,18044.25,18046.25,18044,18044,62,0,18050.20229
7/13/2023 21:09,18044.75,18046.5,18044.75,18046,35,0,18050.19001
7/13/2023 21:10,18045.5,18046,18044.5,18044.5,22,0,18050.18103
7/13/2023 21:11,18044.5,18045.5,18044.25,18045.25,64,0,18050.15507
7/13/2023 21:12,18044.75,18045.5,18044,18044.5,70,0,18050.12516
7/13/2023 21:13,18043.75,18043.75,18042.25,18042.25,59,0,18050.09143
7/13/2023 21:14,18042.5,18045.25,18042.25,18045.25,52,0,18050.06799
7/13/2023 21:15,18045,18047.25,18044.25,18046.75,58,0,18050.05023
7/13/2023 21:16,18047,18051.75,18046.75,18048.25,230,0,18050.03054
7/13/2023 21:17,18047.75,18048,18044.25,18045,104,0,18049.99718
7/13/2023 21:18,18045.75,18045.75,18043,18043.25,79,0,18049.9619
7/13/2023 21:19,18042.75,18045.5,18042.25,18045.25,108,0,18049.91698
7/13/2023 21:20,18046,18046,18044.25,18044.25,6,0,18049.91473
7/13/2023 21:21,18045,18047,18043.5,18046.5,89,0,18049.88699
7/13/2023 21:22,18046.5,18046.75,18045.5,18045.5,21,0,18049.88088
7/13/2023 21:23,18045.25,18045.25,18044.25,18044.25,14,0,18049.87545
7/13/2023 21:24,18044.75,18044.75,18041.75,18042.25,43,0,18049.85362
7/13/2023 21:25,18042,18043,18038.5,18043,123,0,18049.77933
7/13/2023 21:26,18042.5,18044.5,18042.5,18042.75,109,0,18049.72827
7/13/2023 21:27,18042.5,18043.75,18042,18043.75,29,0,18049.71465
7/13/2023 21:28,18043.5,18044,18041,18043.5,104,0,18049.66379
7/13/2023 21:29,18043.75,18046.75,18043.25,18046.75,76,0,18049.64187
7/13/2023 21:30,18047,18047.75,18044.75,18046.75,52,0,18049.63006
7/13/2023 21:31,18046.25,18050.25,18045,18047,129,0,18049.61013
7/13/2023 21:32,18046.5,18050,18046.5,18047.25,75,0,18049.60131
7/13/2023 21:33,18048,18048,18046.5,18047,49,0,18049.59306
7/13/2023 21:34,18047.25,18050.75,18047.25,18050.25,80,0,18049.59209
7/13/2023 21:35,18049.75,18049.75,18046.5,18047.25,68,0,18049.5839
7/13/2023 21:36,18047,18048,18046.5,18046.5,50,0,18049.57508
7/13/2023 21:37,18046.5,18046.5,18041.5,18043,175,0,18049.50534
7/13/2023 21:38,18043.75,18044.75,18042.75,18043,43,0,18049.48797
7/13/2023 21:39,18044,18045.75,18043.5,18045.25,95,0,18049.45842
7/13/2023 21:40,18045.5,18046.5,18044.25,18046.5,56,0,18049.4446
7/13/2023 21:41,18046.75,18047.25,18043,18045.25,112,0,18049.41293
7/13/2023 21:42,18045.5,18047.25,18045.5,18046.25,43,0,18049.40421
7/13/2023 21:43,18046.75,18052.25,18046,18051.5,171,0,18049.40992
7/13/2023 21:44,18051.25,18051.75,18048.75,18048.75,104,0,18049.41221
7/13/2023 21:45,18048.75,18052,18046.5,18051.5,192,0,18049.41942
7/13/2023 21:46,18051,18053,18050,18051.75,96,0,18049.43262
7/13/2023 21:47,18050.75,18052.5,18050.25,18052.5,80,0,18049.44434
7/13/2023 21:48,18051.75,18052.75,18050.25,18052,67,0,18049.45371
7/13/2023 21:49,18051.75,18058.5,18051.75,18058,465,0,18049.64226
7/13/2023 21:50,18057.25,18057.5,18054.5,18055,72,0,18049.66868
7/13/2023 21:51,18055,18055.25,18053.25,18053.75,68,0,18049.68688
7/13/2023 21:52,18053.75,18055.75,18052,18054,123,0,18049.7182
7/13/2023 21:53,18054,18054.25,18053,18053.75,28,0,18049.72484
7/13/2023 21:54,18054.25,18056.25,18054,18055,73,0,18049.74824
7/13/2023 21:55,18054.5,18057.25,18054.25,18057.25,59,0,18049.77112
7/13/2023 21:56,18057.5,18058.75,18056.5,18058.25,75,0,18049.807
7/13/2023 21:57,18058.25,18059.75,18057.75,18059.75,142,0,18049.88454
7/13/2023 21:58,18059,18063,18058,18059.25,213,0,18050.01081
7/13/2023 21:59,18059,18061.75,18059,18061.25,63,0,18050.04969
7/13/2023 22:00,18061.75,18062.5,18058.25,18058.5,141,0,18050.12827
7/13/2023 22:01,18059.25,18059.75,18058.25,18058.25,61,0,18050.15838
7/13/2023 22:02,18058.25,18060,18058,18059,77,0,18050.19718
7/13/2023 22:03,18058.25,18059.25,18058.25,18058.75,24,0,18050.20886
7/13/2023 22:04,18058.75,18062.5,18058.75,18062,108,0,18050.2753
7/13/2023 22:05,18061.75,18061.75,18060.5,18061,35,0,18050.29666
7/13/2023 22:06,18061,18061.5,18059,18059.5,64,0,18050.33159
7/13/2023 22:07,18058.75,18058.75,18057.25,18057.5,76,0,18050.36353
7/13/2023 22:08,18057.5,18058.25,18056,18057.5,79,0,18050.39387
7/13/2023 22:09,18057.75,18058,18055.5,18055.75,62,0,18050.41462
7/13/2023 22:10,18055.75,18056.25,18054.5,18055.75,74,0,18050.43545
7/13/2023 22:11,18056.25,18057.75,18055.5,18056.25,61,0,18050.45586
7/13/2023 22:12,18056.75,18057.75,18055.75,18056.25,45,0,18050.47103
7/13/2023 22:13,18056.5,18056.75,18055,18055.5,28,0,18050.47915
7/13/2023 22:14,18054.75,18056.5,18054.5,18056.5,38,0,18050.49031
7/13/2023 22:15,18057,18059.25,18057,18058.75,66,0,18050.51859
7/13/2023 22:16,18058.5,18060.5,18058.5,18058.5,68,0,18050.5506
7/13/2023 22:17,18058.25,18060.5,18058.25,18060.25,32,0,18050.56644
7/13/2023 22:18,18060.75,18063.25,18060.75,18062.75,129,0,18050.64776
7/13/2023 22:19,18062.5,18063.75,18061.5,18061.75,108,0,18050.71546
7/13/2023 22:20,18061.5,18063,18061.5,18061.75,63,0,18050.75375
7/13/2023 22:21,18061.75,18063.75,18061,18062,100,0,18050.81489
7/13/2023 22:22,18062.25,18065,18062.25,18063.5,159,0,18050.92194
7/13/2023 22:23,18064,18065,18062,18062.5,108,0,18050.99128
7/13/2023 22:24,18062,18064.75,18061.75,18063.25,75,0,18051.0393
7/13/2023 22:25,18063.25,18063.25,18062.25,18063,36,0,18051.06143
7/13/2023 22:26,18063.25,18064,18062.75,18063.75,37,0,18051.08538
7/13/2023 22:27,18063.5,18063.75,18062,18063.5,86,0,18051.13882
7/13/2023 22:28,18063.75,18064,18063.25,18063.25,30,0,18051.158
7/13/2023 22:29,18063,18063,18062.25,18062.5,18,0,18051.16863
7/13/2023 22:30,18062.25,18064.25,18062,18063.25,63,0,18051.20755
7/13/2023 22:31,18063.5,18064.25,18062.75,18063.25,56,0,18051.24267
7/13/2023 22:32,18063.25,18065.25,18063.25,18064.25,94,0,18051.30515
7/13/2023 22:33,18064.5,18064.5,18061.25,18061.5,63,0,18051.34081
7/13/2023 22:34,18062.25,18063,18061.75,18062.75,32,0,18051.35898
7/13/2023 22:35,18062.5,18063.75,18062,18063.75,53,0,18051.39072
7/13/2023 22:36,18063.75,18065.5,18062.5,18064,74,0,18051.43787
7/13/2023 22:37,18063.75,18063.75,18062.5,18063.25,52,0,18051.46861
7/13/2023 22:38,18063.25,18063.75,18061.75,18063,41,0,18051.49204
7/13/2023 22:39,18063,18063,18061,18061.25,51,0,18051.51829
7/13/2023 22:40,18061.25,18061.5,18060,18061.5,66,0,18051.54958
7/13/2023 22:41,18061.25,18061.75,18061.25,18061.75,13,0,18051.5561
7/13/2023 22:42,18062,18062.25,18061.75,18062.25,22,0,18051.56766
7/13/2023 22:43,18062.5,18063.5,18062,18063.5,52,0,18051.59726
7/13/2023 22:44,18063.5,18064.25,18061.75,18063.5,56,0,18051.62942
7/13/2023 22:45,18063,18063.5,18062.5,18063.5,22,0,18051.64201
7/13/2023 22:46,18063.5,18069.75,18063.25,18068.5,343,0,18051.90168
7/13/2023 22:47,18069,18071,18069,18070.75,177,0,18052.05869
7/13/2023 22:48,18070.25,18076.25,18070,18074,346,0,18052.41008
7/13/2023 22:49,18073.75,18074.75,18072.25,18074.25,66,0,18052.47685
7/13/2023 22:50,18074.5,18075.5,18072.5,18073.5,124,0,18052.60165
7/13/2023 22:51,18073.5,18073.75,18071.5,18072,72,0,18052.66865
7/13/2023 22:52,18072,18072.75,18069.5,18072.75,156,0,18052.80683
7/13/2023 22:53,18072.75,18077,18072.75,18074.75,139,0,18052.94866
7/13/2023 22:54,18074.75,18074.75,18072,18072,51,0,18052.99573
7/13/2023 22:55,18072.25,18072.75,18071.5,18072.5,41,0,18053.03214
7/13/2023 22:56,18072.25,18073.25,18072.25,18073.25,19,0,18053.04955
7/13/2023 22:57,18073.5,18073.75,18072,18072.5,34,0,18053.08037
7/13/2023 22:58,18072.75,18072.75,18070.75,18070.75,40,0,18053.11406
7/13/2023 22:59,18070.75,18072,18070.25,18071.75,62,0,18053.1658
7/13/2023 23:00,18071.5,18072,18071.25,18072,31,0,18053.19214
7/13/2023 23:01,18072,18072.25,18070.5,18070.75,51,0,18053.23397
7/13/2023 23:02,18071,18073,18070.75,18073,66,0,18053.29107
7/13/2023 23:03,18073,18074,18072.25,18072.5,44,0,18053.33027
7/13/2023 23:04,18072.5,18073.25,18071.75,18073.25,30,0,18053.35669
7/13/2023 23:05,18073.25,18075.75,18073.25,18074.25,100,0,18053.45174
7/13/2023 23:06,18074.75,18076,18073.25,18073.25,83,0,18053.52905
7/13/2023 23:07,18073.25,18075,18073.25,18074.75,33,0,18053.55988
7/13/2023 23:08,18074.25,18074.75,18072,18072,89,0,18053.63692
7/13/2023 23:09,18071.75,18072.75,18071.25,18071.75,66,0,18053.69072
7/13/2023 23:10,18071.5,18073.5,18071.5,18073,35,0,18053.72028
7/13/2023 23:11,18073,18073,18071.5,18072.75,54,0,18053.76512
7/13/2023 23:12,18073,18075,18073,18074.25,37,0,18053.79846
7/13/2023 23:13,18074.25,18075.5,18073.75,18074.5,18,0,18053.81503
7/13/2023 23:14,18075,18075.75,18074.5,18075.25,29,0,18053.84243
7/13/2023 23:15,18075,18075.75,18074.25,18074.5,42,0,18053.88137
7/13/2023 23:16,18074.75,18075.25,18073,18073.5,49,0,18053.92463
7/13/2023 23:17,18073.25,18073.75,18072.5,18073.75,30,0,18053.95026
7/13/2023 23:18,18073.75,18075.5,18073.75,18074.75,28,0,18053.97576
7/13/2023 23:19,18074.75,18075.75,18074.25,18075.75,23,0,18053.99724
7/13/2023 23:20,18075.5,18077.25,18074,18074.75,176,0,18054.16088
7/13/2023 23:21,18074.5,18076,18072.75,18075.5,71,0,18054.22439
7/13/2023 23:22,18075.25,18076.25,18074,18075.25,28,0,18054.24983
7/13/2023 23:23,18075,18075.25,18072,18072.5,73,0,18054.30982
7/13/2023 23:24,18072.5,18072.5,18070.75,18071.5,53,0,18054.34933
7/13/2023 23:25,18071.75,18072,18070.25,18070.75,36,0,18054.37516
7/13/2023 23:26,18070.75,18072.25,18070.75,18071.75,36,0,18054.40181
7/13/2023 23:27,18072.25,18073.5,18072.25,18072.5,31,0,18054.42624
7/13/2023 23:28,18072.25,18072.25,18070.25,18070.25,21,0,18054.44111
7/13/2023 23:29,18070.25,18070.75,18068.5,18069.25,78,0,18054.49136
7/13/2023 23:30,18068.75,18069.75,18068.75,18069,46,0,18054.52018
7/13/2023 23:31,18068.75,18070.25,18068.75,18069,77,0,18054.56872
7/13/2023 23:32,18069,18069.25,18067,18068.25,103,0,18054.62807
7/13/2023 23:33,18068.75,18069.5,18068.25,18068.25,24,0,18054.64233
7/13/2023 23:34,18068.25,18068.5,18066.75,18067.5,43,0,18054.66584
7/13/2023 23:35,18068,18069,18068,18068.5,22,0,18054.67869
7/13/2023 23:36,18069.75,18069.75,18068.5,18068.75,45,0,18054.70584
7/13/2023 23:37,18069.25,18070.75,18069,18069.75,23,0,18054.72048
7/13/2023 23:38,18070,18070.75,18070,18070.25,38,0,18054.74542
7/13/2023 23:39,18070.5,18072.75,18070.5,18072.75,46,0,18054.77871
7/13/2023 23:40,18072.75,18073.5,18072.25,18073,53,0,18054.81894
7/13/2023 23:41,18073.25,18073.75,18072.25,18073.75,69,0,18054.87201
7/13/2023 23:42,18073.5,18074,18072,18072.5,59,0,18054.91612
7/13/2023 23:43,18072.5,18072.75,18071.25,18072.25,45,0,18054.94822
7/13/2023 23:44,18073,18076.75,18073,18076.25,126,0,18055.05438
7/13/2023 23:45,18076.75,18077.25,18075.25,18076,61,0,18055.10748
7/13/2023 23:46,18076,18077.25,18074.75,18075,122,0,18055.21037
7/13/2023 23:47,18075,18076,18075,18075.75,23,0,18055.22957
7/13/2023 23:48,18075.5,18075.5,18074,18074.5,59,0,18055.27646
7/13/2023 23:49,18074.75,18077,18074.5,18076,57,0,18055.32425
7/13/2023 23:50,18075.25,18075.25,18073.75,18074.75,35,0,18055.35171
7/13/2023 23:51,18074.5,18075.75,18074.5,18075.5,11,0,18055.36062
7/13/2023 23:52,18075.75,18076,18075.25,18076,11,0,18055.36975
7/13/2023 23:53,18075.75,18075.75,18075,18075,11,0,18055.37864
7/13/2023 23:54,18074.75,18075.75,18074.25,18074.5,19,0,18055.39367
7/13/2023 23:55,18074.75,18074.75,18072.25,18073,55,0,18055.43368
7/13/2023 23:56,18073,18073,18072.25,18072.75,28,0,18055.45323
7/13/2023 23:57,18072.5,18072.5,18072,18072,13,0,18055.46203
7/13/2023 23:58,18072.25,18072.5,18071.5,18072.25,33,0,18055.4842
7/13/2023 23:59,18072.75,18073.5,18072.25,18072.25,20,0,18055.49809
7/14/2023 0:00,18072.5,18072.75,18071.5,18072.25,50,0,18055.53169
7/14/2023 0:01,18072,18072.75,18071,18071.5,48,0,18055.56302
7/14/2023 0:02,18070.75,18071.25,18069.25,18069.5,84,0,18055.61165
7/14/2023 0:03,18069.5,18070.25,18067,18067.25,88,0,18055.65581
7/14/2023 0:04,18067.75,18067.75,18066.25,18067,69,0,18055.68701
7/14/2023 0:05,18066.75,18067.5,18064.5,18065,62,0,18055.7116
7/14/2023 0:06,18065,18066,18064.25,18065.25,75,0,18055.73971
7/14/2023 0:07,18065,18065.25,18064.25,18064.5,51,0,18055.75772
7/14/2023 0:08,18064.5,18065,18064.25,18064.25,34,0,18055.76947
7/14/2023 0:09,18064.25,18066.5,18064.25,18066.25,39,0,18055.78469
7/14/2023 0:10,18066.5,18068,18066.25,18067,137,0,18055.84542
7/14/2023 0:11,18067.25,18067.75,18066.25,18066.25,49,0,18055.86634
7/14/2023 0:12,18066.5,18066.5,18064.75,18066,34,0,18055.87948
7/14/2023 0:13,18065.75,18066.5,18065.75,18066.25,13,0,18055.88471
7/14/2023 0:14,18066,18066.5,18065,18065,17,0,18055.8911
7/14/2023 0:15,18065.5,18066,18064.75,18065.5,17,0,18055.89742
7/14/2023 0:16,18065.5,18065.5,18063.75,18065.5,58,0,18055.91779
7/14/2023 0:17,18066,18066,18065.5,18065.75,8,0,18055.92085
7/14/2023 0:18,18066,18066,18065.75,18065.75,13,0,18055.92587
7/14/2023 0:19,18066,18066,18065,18065.25,13,0,18055.93067
7/14/2023 0:20,18065.25,18065.25,18064.5,18064.5,15,0,18055.93581
7/14/2023 0:21,18064.5,18065.25,18063.75,18064.25,43,0,18055.94996
7/14/2023 0:22,18064,18065,18063.5,18065,21,0,18055.95692
7/14/2023 0:23,18065,18067,18065,18067,45,0,18055.975
7/14/2023 0:24,18067,18067,18066,18066,19,0,18055.98261
7/14/2023 0:25,18065.75,18065.75,18064,18065.5,35,0,18055.99491
7/14/2023 0:26,18065.75,18066.5,18065.5,18065.75,41,0,18056.0106
7/14/2023 0:27,18065.75,18066.25,18065.5,18065.75,18,0,18056.01741
7/14/2023 0:28,18066,18067.25,18066,18067,22,0,18056.0265
7/14/2023 0:29,18066.5,18066.5,18065.75,18066.25,11,0,18056.0308
7/14/2023 0:30,18066,18067,18066,18066.5,11,0,18056.03523
7/14/2023 0:31,18066.5,18067.25,18066.25,18066.75,15,0,18056.04141
7/14/2023 0:32,18067,18069.25,18067,18068.5,65,0,18056.07185
7/14/2023 0:33,18068.5,18070.5,18068.5,18070.25,79,0,18056.11317
7/14/2023 0:34,18069.75,18070,18069.5,18070,21,0,18056.12418
7/14/2023 0:35,18069.75,18070.75,18069.25,18069.25,57,0,18056.15379
7/14/2023 0:36,18068.5,18069.75,18068.25,18068.75,20,0,18056.16351
7/14/2023 0:37,18068.75,18069.25,18068.25,18069.25,33,0,18056.17952
7/14/2023 0:38,18069,18069.5,18068.5,18069,24,0,18056.19122
7/14/2023 0:39,18069.5,18070.75,18069.5,18070.25,36,0,18056.21032
7/14/2023 0:40,18070.25,18070.5,18068.75,18069.5,30,0,18056.22553
7/14/2023 0:41,18069.75,18071.75,18068.5,18071.25,66,0,18056.26117
7/14/2023 0:42,18071.5,18071.75,18069.5,18070,71,0,18056.29908
7/14/2023 0:43,18069.5,18071.25,18069.25,18071,37,0,18056.31887
7/14/2023 0:44,18071.25,18072.75,18070,18070.75,78,0,18056.36237
7/14/2023 0:45,18070.25,18071.5,18070.25,18071.25,14,0,18056.37007
7/14/2023 0:46,18071,18072.75,18070.75,18072.75,30,0,18056.38774
7/14/2023 0:47,18072.75,18074,18072.25,18072.25,80,0,18056.43693
7/14/2023 0:48,18072,18073,18071.25,18072,81,0,18056.48417
7/14/2023 0:49,18071.75,18072.5,18070,18070.5,52,0,18056.51225
7/14/2023 0:50,18070,18071,18069.25,18070.75,41,0,18056.5333
7/14/2023 0:51,18071,18071.25,18069.75,18070.5,37,0,18056.55247
7/14/2023 0:52,18070.5,18071.25,18070.25,18071,22,0,18056.56411
7/14/2023 0:53,18070.75,18071.25,18070.25,18071.25,19,0,18056.57421
7/14/2023 0:54,18071,18071.25,18070.75,18071,7,0,18056.57795
7/14/2023 0:55,18071.25,18072,18071,18072,23,0,18056.59079
7/14/2023 0:56,18071.75,18072.5,18069,18069.25,69,0,18056.62557
7/14/2023 0:57,18069,18070.5,18068,18070.5,44,0,18056.64671
7/14/2023 0:58,18069.75,18070.75,18069.75,18070.75,34,0,18056.66393
7/14/2023 0:59,18071,18071.75,18070.5,18070.5,20,0,18056.67442
7/14/2023 1:00,18071,18071.25,18070.5,18070.75,12,0,18056.68066
7/14/2023 1:01,18070.75,18071.5,18069.5,18070,59,0,18056.7102
7/14/2023 1:02,18069.25,18069.25,18065,18065.75,125,0,18056.75563
7/14/2023 1:03,18065.5,18067,18064.25,18065.5,82,0,18056.78198
7/14/2023 1:04,18065.5,18069.5,18065.25,18068.75,109,0,18056.82565
7/14/2023 1:05,18068.75,18068.75,18068.25,18068.75,22,0,18056.83502
7/14/2023 1:06,18068.5,18068.5,18066.75,18066.75,38,0,18056.84945
7/14/2023 1:07,18067,18067.25,18066.5,18066.5,13,0,18056.85411
7/14/2023 1:08,18066.5,18066.5,18064,18064.75,75,0,18056.87636
7/14/2023 1:09,18064.5,18065,18064,18064.25,32,0,18056.88505
7/14/2023 1:10,18064.25,18064.25,18062.75,18063,91,0,18056.90612
7/14/2023 1:11,18063.5,18065.25,18063.25,18064.75,45,0,18056.91823
7/14/2023 1:12,18064.5,18067.25,18064.5,18067.25,47,0,18056.93407
7/14/2023 1:13,18067.25,18067.5,18066.25,18066.75,22,0,18056.94185
7/14/2023 1:14,18066.5,18066.5,18065.75,18066.5,16,0,18056.94717
7/14/2023 1:15,18066.5,18067.5,18066.5,18067.25,30,0,18056.95803
7/14/2023 1:16,18067.75,18069.25,18067.75,18069,56,0,18056.98139
7/14/2023 1:17,18069,18070,18068,18069.25,75,0,18057.01363
7/14/2023 1:18,18068.75,18068.75,18068,18068.25,11,0,18057.01806
7/14/2023 1:19,18068,18068.25,18067.5,18067.75,13,0,18057.02305
7/14/2023 1:20,18067.5,18069,18067.5,18067.75,19,0,18057.0305
7/14/2023 1:21,18068,18069.5,18067.25,18068.25,66,0,18057.0569
7/14/2023 1:22,18068,18068,18066.75,18067,16,0,18057.06267
7/14/2023 1:23,18067,18068.75,18066.5,18068.5,25,0,18057.07226
7/14/2023 1:24,18068.5,18069,18068.5,18068.5,14,0,18057.078
7/14/2023 1:25,18068.25,18068.5,18067.5,18067.5,24,0,18057.08711
7/14/2023 1:26,18067.25,18067.5,18065.75,18067.25,21,0,18057.09432
7/14/2023 1:27,18067.75,18069.25,18067.75,18069,22,0,18057.1033
7/14/2023 1:28,18069,18069.5,18068,18068,29,0,18057.11493
7/14/2023 1:29,18068,18068.75,18068,18068.25,11,0,18057.11927
7/14/2023 1:30,18068.25,18068.5,18066.75,18066.75,44,0,18057.13506
7/14/2023 1:31,18067.5,18068.75,18067.25,18068.5,39,0,18057.15016
7/14/2023 1:32,18067.75,18069.5,18067,18068.75,49,0,18057.1695
7/14/2023 1:33,18068.75,18068.75,18067.25,18067.25,27,0,18057.1795
7/14/2023 1:34,18067.5,18067.5,18067,18067,10,0,18057.18299
7/14/2023 1:35,18066.75,18067,18066.25,18067,26,0,18057.19168
7/14/2023 1:36,18067.25,18067.75,18066.25,18067.75,31,0,18057.20257
7/14/2023 1:37,18067.75,18068.5,18067.75,18067.75,37,0,18057.2165
7/14/2023 1:38,18067.5,18069.25,18067.5,18068.75,22,0,18057.22515
7/14/2023 1:39,18068.5,18068.5,18067.25,18068,17,0,18057.23148
7/14/2023 1:40,18067.75,18067.75,18064.25,18065.5,96,0,18057.26013
7/14/2023 1:41,18065.5,18066.25,18065,18066.25,30,0,18057.26905
7/14/2023 1:42,18066,18067.75,18065,18065.25,78,0,18057.2926
7/14/2023 1:43,18065.25,18065.25,18061.75,18062.25,201,0,18057.33256
7/14/2023 1:44,18062,18065,18062,18063.5,36,0,18057.34017
7/14/2023 1:45,18063.5,18064.5,18063.25,18063.75,32,0,18057.34729
7/14/2023 1:46,18063.75,18064.5,18062.25,18062.25,32,0,18057.35348
7/14/2023 1:47,18062.5,18068,18062.5,18067,87,0,18057.37865
7/14/2023 1:48,18067.5,18070,18067.5,18068,73,0,18057.40628
7/14/2023 1:49,18068,18068.75,18068,18068.25,32,0,18057.41817
7/14/2023 1:50,18068.75,18074,18068.75,18072.5,210,0,18057.51976
7/14/2023 1:51,18072.75,18073.75,18072.5,18073.75,51,0,18057.54693
7/14/2023 1:52,18073.5,18073.5,18071,18071,56,0,18057.57384
7/14/2023 1:53,18071,18071,18069.75,18070.25,38,0,18057.59013
7/14/2023 1:54,18070.25,18070.5,18069,18070,51,0,18057.61106
7/14/2023 1:55,18070.25,18070.25,18068.5,18069.75,43,0,18057.62818
7/14/2023 1:56,18070.25,18070.75,18068,18070.5,74,0,18057.65814
7/14/2023 1:57,18070.75,18073,18070,18070,93,0,18057.69946
7/14/2023 1:58,18070.5,18072,18070.5,18071.5,29,0,18057.71261
7/14/2023 1:59,18071.25,18073.25,18071,18072,44,0,18057.73362
7/14/2023 2:00,18072.5,18076.25,18072.5,18075.75,96,0,18057.78797
7/14/2023 2:01,18075.5,18079.75,18074.25,18075.5,272,0,18057.95499
7/14/2023 2:02,18075.25,18075.25,18073,18073.75,74,0,18057.99386
7/14/2023 2:03,18074.25,18075.25,18074,18074.5,57,0,18058.02476
7/14/2023 2:04,18074.5,18074.5,18070.25,18071.25,81,0,18058.06165
7/14/2023 2:05,18071.5,18073.5,18070.75,18073.5,64,0,18058.09188
7/14/2023 2:06,18073.25,18074.75,18072,18072.5,95,0,18058.13805
7/14/2023 2:07,18072.25,18073.5,18070.75,18070.75,73,0,18058.16999
7/14/2023 2:08,18070.5,18072.25,18067.25,18072.25,106,0,18058.21241
7/14/2023 2:09,18072.5,18072.5,18070.5,18070.75,40,0,18058.2292
7/14/2023 2:10,18070.75,18072.75,18070.75,18072.25,27,0,18058.24108
7/14/2023 2:11,18072.75,18076.5,18072.75,18076.25,62,0,18058.27477
7/14/2023 2:12,18076.25,18076.25,18073,18073.75,47,0,18058.29896
7/14/2023 2:13,18073.5,18075.5,18073.25,18073.75,43,0,18058.3208
7/14/2023 2:14,18073.75,18074.25,18070.5,18071.25,60,0,18058.34702
7/14/2023 2:15,18071,18071.5,18069.5,18070.75,44,0,18058.3642
7/14/2023 2:16,18070.5,18070.5,18067.75,18068,78,0,18058.38998
7/14/2023 2:17,18067.75,18068.25,18066.5,18066.5,64,0,18058.40764
7/14/2023 2:18,18066.5,18070.25,18066.5,18070.25,39,0,18058.42075
7/14/2023 2:19,18070,18070,18068.25,18068.5,30,0,18058.43073
7/14/2023 2:20,18068.25,18068.25,18067,18067,39,0,18058.44182
7/14/2023 2:21,18067.25,18068.25,18066.75,18067.75,18,0,18058.44702
7/14/2023 2:22,18067.75,18069.5,18066.25,18069.5,69,0,18058.46873
7/14/2023 2:23,18070.25,18071.75,18068.25,18070,89,0,18058.50104
7/14/2023 2:24,18069.75,18070.5,18068.25,18068.5,19,0,18058.50736
7/14/2023 2:25,18067.5,18067.75,18067,18067.75,29,0,18058.51556
7/14/2023 2:26,18067.5,18068,18066.75,18066.75,23,0,18058.5218
7/14/2023 2:27,18066.5,18067.25,18065.25,18067.25,71,0,18058.53974
7/14/2023 2:28,18066.75,18067.25,18063.75,18064,81,0,18058.55609
7/14/2023 2:29,18063.75,18064.25,18062,18063.25,85,0,18058.56831
7/14/2023 2:30,18063.75,18064.25,18063.25,18063.75,20,0,18058.57154
7/14/2023 2:31,18064,18064.75,18062.75,18064.25,66,0,18058.58251
7/14/2023 2:32,18064.5,18064.75,18063.5,18064.5,57,0,18058.59253
7/14/2023 2:33,18064.25,18064.5,18063.25,18064.25,35,0,18058.5984
7/14/2023 2:34,18064.75,18065.5,18063.25,18064.5,64,0,18058.60992
7/14/2023 2:35,18064.25,18066,18064.25,18066,23,0,18058.61476
7/14/2023 2:36,18065.5,18065.75,18063.5,18064,32,0,18058.62049
7/14/2023 2:37,18063.75,18064,18060,18062,194,0,18058.64062
7/14/2023 2:38,18061.5,18062.5,18060.5,18061.75,96,0,18058.64927
7/14/2023 2:39,18062,18063,18061,18062.75,34,0,18058.65302
7/14/2023 2:40,18062.5,18063,18059.5,18060.5,48,0,18058.65646
7/14/2023 2:41,18060,18061.25,18056.5,18059.5,170,0,18058.65866
7/14/2023 2:42,18060.5,18063.25,18059.25,18061.5,143,0,18058.67023
7/14/2023 2:43,18060.75,18062.5,18059.75,18059.75,63,0,18058.67403
7/14/2023 2:44,18060.25,18060.75,18058.25,18058.5,43,0,18058.67466
7/14/2023 2:45,18058.25,18059,18057.25,18057.5,51,0,18058.6735
7/14/2023 2:46,18057.25,18059.75,18056,18059.25,205,0,18058.67141
7/14/2023 2:47,18058.75,18060.5,18058.75,18059.5,42,0,18058.67256
7/14/2023 2:48,18059.5,18059.5,18057.75,18058.25,42,0,18058.67234
7/14/2023 2:49,18058,18059.75,18057.75,18059.25,46,0,18058.67268
7/14/2023 2:50,18059.75,18061.75,18059.25,18061,55,0,18058.67594
7/14/2023 2:51,18061.5,18064.25,18061.5,18063.25,109,0,18058.68992
7/14/2023 2:52,18063,18063.5,18058.25,18061,197,0,18058.70285
7/14/2023 2:53,18060.25,18061.25,18056.25,18056.5,178,0,18058.69918
7/14/2023 2:54,18056.25,18058.25,18056.25,18056.5,50,0,18058.69669
7/14/2023 2:55,18056.25,18059,18056.25,18057.25,64,0,18058.69446
7/14/2023 2:56,18057.25,18057.75,18055.75,18055.75,49,0,18058.6912
7/14/2023 2:57,18055.25,18060.25,18054.5,18056,117,0,18058.68516
7/14/2023 2:58,18056,18056.25,18054.75,18054.75,35,0,18058.68166
7/14/2023 2:59,18054.75,18054.75,18046.5,18048.5,459,0,18058.56628
7/14/2023 3:00,18048.75,18049.75,18047.25,18048.75,107,0,18058.53574
7/14/2023 3:01,18049.25,18057,18049,18056.25,305,0,18058.49724
7/14/2023 3:02,18055.75,18055.75,18052,18052.25,68,0,18058.48731
7/14/2023 3:03,18052.25,18057.5,18052.25,18057.5,108,0,18058.47897
7/14/2023 3:04,18057.75,18058.25,18056,18057.5,62,0,18058.47683
7/14/2023 3:05,18057.25,18060.5,18056.25,18057.75,87,0,18058.47607
7/14/2023 3:06,18058,18063.75,18058,18063.75,151,0,18058.49025
7/14/2023 3:07,18063.75,18065,18061.5,18061.75,141,0,18058.50698
7/14/2023 3:08,18061.75,18063.5,18060.25,18063.5,102,0,18058.51806
7/14/2023 3:09,18063.75,18065.75,18063,18065,81,0,18058.53167
7/14/2023 3:10,18065,18065.5,18061.25,18063,74,0,18058.54133
7/14/2023 3:11,18063.25,18065.25,18062.25,18064.75,79,0,18058.55342
7/14/2023 3:12,18064.5,18064.75,18062.75,18062.75,49,0,18058.55998
7/14/2023 3:13,18063,18063,18060.5,18063,85,0,18058.56841
7/14/2023 3:14,18062.75,18063.25,18061.75,18063.25,27,0,18058.57152
7/14/2023 3:15,18063.25,18065.75,18063,18065.75,63,0,18058.58234
7/14/2023 3:16,18065.5,18066.25,18061.5,18062,86,0,18058.59332
7/14/2023 3:17,18062.5,18062.5,18060.25,18060.5,67,0,18058.59788
7/14/2023 3:18,18060.5,18062.75,18058.75,18062.25,70,0,18058.60294
7/14/2023 3:19,18062.75,18063,18059.5,18061.25,45,0,18058.60618
7/14/2023 3:20,18061,18061,18058,18058,88,0,18058.60713
7/14/2023 3:21,18057.75,18061,18057.5,18060.25,71,0,18058.609
7/14/2023 3:22,18060.75,18060.75,18059,18059.75,53,0,18058.61076
7/14/2023 3:23,18059.5,18059.5,18056.5,18056.5,80,0,18058.60836
7/14/2023 3:24,18056.5,18057,18053.5,18054,117,0,18058.59647
7/14/2023 3:25,18053.25,18055.25,18051,18054,150,0,18058.57563
7/14/2023 3:26,18054.25,18059,18054.25,18058.5,134,0,18058.57088
7/14/2023 3:27,18058.25,18058.75,18056.5,18058,66,0,18058.56943
7/14/2023 3:28,18058,18059.75,18057.5,18059.25,62,0,18058.56987
7/14/2023 3:29,18059,18059.25,18054.5,18055.5,243,0,18058.55602
7/14/2023 3:30,18055.25,18056.5,18053.25,18055.5,43,0,18058.55208
7/14/2023 3:31,18055.25,18056.25,18051,18051.25,135,0,18058.53174
7/14/2023 3:32,18051.5,18052,18049.5,18050,121,0,18058.50622
7/14/2023 3:33,18050.25,18052.75,18050.25,18051.75,97,0,18058.48864
7/14/2023 3:34,18052.25,18054.5,18051.5,18052.75,134,0,18058.46915
7/14/2023 3:35,18053.25,18054.25,18050,18053,92,0,18058.45466
7/14/2023 3:36,18053.25,18053.5,18051.75,18052.75,44,0,18058.44803
7/14/2023 3:37,18052.75,18057.5,18052.5,18057.25,155,0,18058.4372
7/14/2023 3:38,18057.25,18057.25,18055.25,18055.75,47,0,18058.43434
7/14/2023 3:39,18056.25,18056.75,18054.25,18056.75,61,0,18058.43037
7/14/2023 3:40,18057.25,18057.75,18054.25,18055,72,0,18058.42524
7/14/2023 3:41,18054.5,18056.25,18054,18055.5,53,0,18058.42091
7/14/2023 3:42,18056.25,18057.75,18055.5,18056.5,64,0,18058.41789
7/14/2023 3:43,18057,18058.5,18056.5,18057.25,61,0,18058.41632
7/14/2023 3:44,18057.5,18057.5,18054.75,18055.25,83,0,18058.41083
7/14/2023 3:45,18055.25,18056.25,18054.75,18056,32,0,18058.40858
7/14/2023 3:46,18056.5,18059.75,18056.5,18059.5,130,0,18058.40916
7/14/2023 3:47,18058.75,18058.75,18057.75,18058,14,0,18058.40908
7/14/2023 3:48,18058.25,18058.25,18055.75,18055.75,35,0,18058.40745
7/14/2023 3:49,18056.5,18063.75,18055.75,18063,191,0,18058.41919
7/14/2023 3:50,18063,18064.75,18062,18063.75,105,0,18058.43268
7/14/2023 3:51,18063.25,18064.5,18061.25,18063.25,90,0,18058.44305
7/14/2023 3:52,18063,18065,18062.25,18064.25,122,0,18058.45958
7/14/2023 3:53,18064,18065.25,18062.25,18062.75,130,0,18058.47573
7/14/2023 3:54,18063.25,18068.25,18061.5,18067.25,212,0,18058.51374
7/14/2023 3:55,18067.25,18071.75,18067,18070.5,209,0,18058.57198
7/14/2023 3:56,18070.25,18070.75,18067,18068,180,0,18058.61648
7/14/2023 3:57,18067.75,18069.25,18066.75,18067.25,111,0,18058.64144
7/14/2023 3:58,18066.75,18067.25,18065.5,18066.75,59,0,18058.65284
7/14/2023 3:59,18066.25,18067.25,18066,18066.75,35,0,18058.65973
7/14/2023 4:00,18066.25,18066.25,18065,18065.75,53,0,18058.66885
7/14/2023 4:01,18065.5,18067.5,18062.75,18066.5,319,0,18058.72254
7/14/2023 4:02,18066.75,18075.25,18066.25,18074.75,386,0,18058.84693
7/14/2023 4:03,18075.25,18076.5,18073.25,18076,272,0,18058.95383
7/14/2023 4:04,18075.75,18076.5,18071.75,18072.25,176,0,18059.01491
7/14/2023 4:05,18072.25,18074.5,18071.75,18073,78,0,18059.04105
7/14/2023 4:06,18073.25,18077,18072,18077,122,0,18059.08825
7/14/2023 4:07,18076.75,18077.25,18074.25,18076.25,165,0,18059.15393
7/14/2023 4:08,18076.25,18078.25,18076.25,18077.25,210,0,18059.24337
7/14/2023 4:09,18077.5,18086.75,18077.5,18083.5,545,0,18059.53898
7/14/2023 4:10,18083.75,18084,18080.75,18083,186,0,18059.63816
7/14/2023 4:11,18083.25,18086,18082,18084.75,195,0,18059.74871
7/14/2023 4:12,18084.5,18084.75,18081.75,18084,112,0,18059.80983
7/14/2023 4:13,18083.75,18084,18077.25,18077.75,149,0,18059.87758
7/14/2023 4:14,18078,18078.25,18076,18077.25,170,0,18059.94462
7/14/2023 4:15,18077.25,18078.25,18070.75,18071.25,225,0,18060.0134
7/14/2023 4:16,18070.75,18071.75,18068,18069.75,204,0,18060.05865
7/14/2023 4:17,18070.75,18072.75,18069.75,18072.75,117,0,18060.08947
7/14/2023 4:18,18072.25,18072.75,18066.75,18067.75,145,0,18060.11875
7/14/2023 4:19,18067.5,18069.5,18066,18068.25,117,0,18060.13918
7/14/2023 4:20,18068.5,18070.25,18067.5,18069.5,72,0,18060.15358
7/14/2023 4:21,18069.25,18070.75,18067.25,18068.5,66,0,18060.16637
7/14/2023 4:22,18068.5,18071,18068,18068,59,0,18060.17799
7/14/2023 4:23,18068.25,18070.5,18067.75,18070.25,66,0,18060.19169
7/14/2023 4:24,18069.5,18070,18067.5,18068.5,107,0,18060.21183
7/14/2023 4:25,18068.75,18069.25,18065.75,18068,88,0,18060.22638
7/14/2023 4:26,18067,18068.25,18066.25,18067.25,78,0,18060.2385
7/14/2023 4:27,18066.5,18066.75,18064.25,18065.25,122,0,18060.25244
7/14/2023 4:28,18066.25,18066.5,18064.5,18065.25,61,0,18060.25939
7/14/2023 4:29,18065.25,18065.25,18061.5,18063.5,180,0,18060.27186
7/14/2023 4:30,18063.75,18064.25,18061.5,18063.75,157,0,18060.28181
7/14/2023 4:31,18063.25,18067.75,18061.75,18065.5,245,0,18060.30696
7/14/2023 4:32,18065.5,18068.5,18065.5,18066,112,0,18060.32243
7/14/2023 4:33,18065.75,18067.25,18064.5,18066.75,56,0,18060.32952
7/14/2023 4:34,18066,18066.75,18065,18066.75,72,0,18060.33862
7/14/2023 4:35,18066.5,18067.75,18065.25,18067.5,77,0,18060.34943
7/14/2023 4:36,18067.75,18069.5,18066.75,18066.75,116,0,18060.36773
7/14/2023 4:37,18066,18069.75,18064.5,18069.5,65,0,18060.37829
7/14/2023 4:38,18069,18069.25,18067.5,18068,70,0,18060.39014
7/14/2023 4:39,18067.75,18071.5,18066.75,18070.75,84,0,18060.40686
7/14/2023 4:40,18070.5,18072.75,18070.25,18072.25,70,0,18060.42387
7/14/2023 4:41,18072.5,18072.5,18070,18071,126,0,18060.45279
7/14/2023 4:42,18071,18071.75,18070.5,18070.75,60,0,18060.4663
7/14/2023 4:43,18071,18071.25,18068.75,18070.25,94,0,18060.48555
7/14/2023 4:44,18070.25,18070.5,18069.5,18070.25,39,0,18060.49351
7/14/2023 4:45,18070.5,18072.25,18070.5,18071.25,47,0,18060.50435
7/14/2023 4:46,18071,18073.25,18071,18073.25,139,0,18060.53969
7/14/2023 4:47,18073.25,18073.75,18072.25,18072.75,74,0,18060.55907
7/14/2023 4:48,18073,18073.5,18069.5,18070.75,94,0,18060.5803
7/14/2023 4:49,18070.75,18071,18069.75,18070.5,31,0,18060.58673
7/14/2023 4:50,18070,18070,18066.5,18068.25,136,0,18060.60867
7/14/2023 4:51,18068,18069,18066,18067.75,87,0,18060.62141
7/14/2023 4:52,18068,18069,18067,18069,44,0,18060.62854
7/14/2023 4:53,18069.5,18070.5,18068.25,18070.5,42,0,18060.63657
7/14/2023 4:54,18070.5,18071.5,18069.5,18069.75,84,0,18060.65347
7/14/2023 4:55,18069.25,18069.75,18068.5,18068.5,38,0,18060.66004
7/14/2023 4:56,18068.75,18069.25,18067.5,18068.75,47,0,18060.66774
7/14/2023 4:57,18068.5,18068.5,18066.25,18066.25,55,0,18060.67501
7/14/2023 4:58,18066,18066,18063.25,18063.25,137,0,18060.68497
7/14/2023 4:59,18064,18064,18060.25,18061.25,170,0,18060.68901
7/14/2023 5:00,18060.75,18061.25,18057,18058.25,203,0,18060.68124
7/14/2023 5:01,18058.25,18059.5,18057.5,18059.25,127,0,18060.67618
7/14/2023 5:02,18059,18060,18056.25,18057,117,0,18060.66915
7/14/2023 5:03,18057,18058.25,18056.25,18057,86,0,18060.66297
7/14/2023 5:04,18056.75,18059.5,18056.5,18059.25,71,0,18060.6597
7/14/2023 5:05,18058.25,18059.25,18058,18058.25,95,0,18060.65551
7/14/2023 5:06,18058.25,18059,18057.25,18057.75,103,0,18060.64993
7/14/2023 5:07,18057.75,18058,18057,18058,54,0,18060.64665
7/14/2023 5:08,18058.25,18059.25,18056.75,18058.5,76,0,18060.64281
7/14/2023 5:09,18058,18058.75,18056.25,18057.75,111,0,18060.63592
7/14/2023 5:10,18058,18059.75,18057.75,18059.75,61,0,18060.634
7/14/2023 5:11,18059.5,18061.75,18058,18061.25,117,0,18060.63329
7/14/2023 5:12,18061.25,18061.25,18060.5,18060.75,31,0,18060.63341
7/14/2023 5:13,18060.75,18060.75,18057.75,18059.25,61,0,18060.63171
7/14/2023 5:14,18059.75,18060.5,18059,18059,33,0,18060.63095
7/14/2023 5:15,18059.5,18061.5,18059,18061.5,38,0,18060.63098
7/14/2023 5:16,18061.5,18062,18060.75,18061,49,0,18060.63159
7/14/2023 5:17,18061,18063,18060.75,18063,37,0,18060.6328
7/14/2023 5:18,18062.75,18062.75,18061.75,18061.75,29,0,18060.63364
7/14/2023 5:19,18061.75,18062.25,18059.5,18060.75,78,0,18060.63396
7/14/2023 5:20,18060.75,18061.5,18059.75,18061.5,33,0,18060.63414
7/14/2023 5:21,18062,18062.25,18060,18060.75,44,0,18060.63447
7/14/2023 5:22,18061.25,18062,18061,18061.25,43,0,18060.63514
7/14/2023 5:23,18061,18061,18058.5,18059,79,0,18060.63335
7/14/2023 5:24,18058.75,18059.25,18057,18057.75,95,0,18060.62835
7/14/2023 5:25,18058,18059.5,18057.5,18059.25,57,0,18060.62622
7/14/2023 5:26,18059,18059.5,18058.25,18058.75,30,0,18060.62514
7/14/2023 5:27,18059,18059,18057.75,18057.75,41,0,18060.62314
7/14/2023 5:28,18057.5,18060,18056.75,18060,59,0,18060.62113
7/14/2023 5:29,18059.75,18059.75,18057.75,18058.75,31,0,18060.61998
7/14/2023 5:30,18059,18060.5,18059,18060,58,0,18060.61908
7/14/2023 5:31,18059.75,18059.75,18057.75,18058,44,0,18060.61723
7/14/2023 5:32,18058,18060,18056.25,18060,167,0,18060.61106
7/14/2023 5:33,18059.75,18061,18059.25,18059.75,105,0,18060.60979
7/14/2023 5:34,18059.25,18059.25,18056.75,18056.75,71,0,18060.60556
7/14/2023 5:35,18056.5,18056.5,18052.75,18055,297,0,18060.57149
7/14/2023 5:36,18055,18057.25,18054.5,18056.5,55,0,18060.56666
7/14/2023 5:37,18056.5,18056.5,18054.5,18055.25,36,0,18060.56304
7/14/2023 5:38,18055,18055.5,18054,18054,45,0,18060.55771
7/14/2023 5:39,18054.25,18055,18052.5,18053,63,0,18060.54903
7/14/2023 5:40,18053,18054.75,18052.5,18053.5,51,0,18060.54211
7/14/2023 5:41,18053.25,18054,18051.75,18052.75,61,0,18060.53295
7/14/2023 5:42,18052.75,18052.75,18050.25,18052.5,159,0,18060.5061
7/14/2023 5:43,18052.25,18053,18050.75,18051.25,57,0,18060.49633
7/14/2023 5:44,18051,18051.75,18050.5,18051.25,40,0,18060.4891
7/14/2023 5:45,18051.25,18052,18049.75,18050.25,109,0,18060.4684
7/14/2023 5:46,18050.25,18051.25,18050,18050,84,0,18060.45211
7/14/2023 5:47,18050,18053,18049.75,18051,118,0,18060.4312
7/14/2023 5:48,18051.5,18052,18050,18050,45,0,18060.42274
7/14/2023 5:49,18050.5,18051.5,18047.5,18048.75,206,0,18060.37863
7/14/2023 5:50,18048.75,18049.75,18047.25,18049.75,151,0,18060.34556
7/14/2023 5:51,18049.25,18051.5,18047.5,18048.75,222,0,18060.29868
7/14/2023 5:52,18048.75,18048.75,18044.5,18045.75,260,0,18060.22993
7/14/2023 5:53,18045.5,18046.5,18042.5,18043.75,206,0,18060.16784
7/14/2023 5:54,18044,18044.75,18043.25,18044.25,118,0,18060.13212
7/14/2023 5:55,18044.25,18044.5,18040.25,18041,174,0,18060.07266
7/14/2023 5:56,18041,18045,18038,18044,607,0,18059.87295
7/14/2023 5:57,18043.25,18045.75,18038.5,18039.25,337,0,18059.75675
7/14/2023 5:58,18039,18042,18038.5,18041.75,225,0,18059.67825
7/14/2023 5:59,18041.75,18042.25,18039,18039.25,88,0,18059.64679
7/14/2023 6:00,18039,18039.5,18035.75,18038.75,277,0,18059.53745
7/14/2023 6:01,18039.5,18044,18036,18044,324,0,18059.43054
7/14/2023 6:02,18043.75,18046,18043.25,18044.5,127,0,18059.39644
7/14/2023 6:03,18044.5,18046.75,18043.75,18045.5,132,0,18059.36294
7/14/2023 6:04,18045,18049,18044.75,18048.5,133,0,18059.33435
7/14/2023 6:05,18049,18051,18047.5,18048,305,0,18059.27702
7/14/2023 6:06,18048,18050,18047,18050,146,0,18059.25023
7/14/2023 6:07,18049.75,18050.25,18046.75,18046.75,183,0,18059.21332
7/14/2023 6:08,18046.75,18049.25,18045.75,18048.75,113,0,18059.19065
7/14/2023 6:09,18048.75,18050.25,18047.25,18047.25,251,0,18059.14209
7/14/2023 6:10,18047.25,18047.25,18045.5,18046.75,102,0,18059.11933
7/14/2023 6:11,18046.75,18048,18043.5,18044,127,0,18059.08813
7/14/2023 6:12,18044.25,18048,18044.25,18047.25,152,0,18059.05452
7/14/2023 6:13,18047,18049.5,18047,18049.5,176,0,18059.02251
7/14/2023 6:14,18049.5,18049.75,18048.25,18048.25,122,0,18059.00062
7/14/2023 6:15,18048.75,18049.25,18046.75,18047.25,142,0,18058.97277
7/14/2023 6:16,18047.75,18047.75,18046.75,18047.5,26,0,18058.9675
7/14/2023 6:17,18047,18047.5,18046.25,18047,53,0,18058.95638
7/14/2023 6:18,18046.75,18048.25,18046.25,18048,77,0,18058.94105
7/14/2023 6:19,18047.5,18047.5,18045.5,18046.5,73,0,18058.92529
7/14/2023 6:20,18046.5,18046.5,18044.5,18046,56,0,18058.91241
7/14/2023 6:21,18046,18046,18044,18044,50,0,18058.90007
7/14/2023 6:22,18044,18044.25,18042.5,18043,82,0,18058.87786
7/14/2023 6:23,18043.5,18044.75,18043,18044,41,0,18058.86726
7/14/2023 6:24,18043.5,18044.75,18039.75,18044.5,159,0,18058.82376
7/14/2023 6:25,18044.5,18046,18044.25,18045.5,49,0,18058.8123
7/14/2023 6:26,18045.25,18047,18044.75,18046,65,0,18058.79787
7/14/2023 6:27,18045.75,18046.5,18044.75,18045.25,60,0,18058.78416
7/14/2023 6:28,18044.75,18048,18044.5,18047.25,90,0,18058.76531
7/14/2023 6:29,18047.75,18049.5,18046.25,18048.5,150,0,18058.73788
7/14/2023 6:30,18048.5,18049.25,18047.5,18049,60,0,18058.72746
7/14/2023 6:31,18048.75,18049,18047,18047.5,41,0,18058.71982
7/14/2023 6:32,18047.5,18049.5,18046.25,18049.25,62,0,18058.70883
7/14/2023 6:33,18048.75,18050.25,18048.5,18049.25,320,0,18058.65788
7/14/2023 6:34,18049.25,18049.75,18046.5,18048,101,0,18058.63978
7/14/2023 6:35,18047.75,18050,18047.5,18049.75,130,0,18058.61877
7/14/2023 6:36,18049.5,18050,18048,18049.25,110,0,18058.60106
7/14/2023 6:37,18049,18049,18047.5,18048.75,67,0,18058.58955
7/14/2023 6:38,18048.5,18049.5,18047.75,18049.5,46,0,18058.58205
7/14/2023 6:39,18049.25,18050,18048.75,18049.5,71,0,18058.5711
7/14/2023 6:40,18049,18049.25,18047.5,18049.25,41,0,18058.56427
7/14/2023 6:41,18049.25,18050,18049,18049.75,64,0,18058.55462
7/14/2023 6:42,18049.5,18049.75,18047.5,18047.75,85,0,18058.54004
7/14/2023 6:43,18047.75,18049.25,18047.25,18047.5,183,0,18058.50778
7/14/2023 6:44,18047.25,18049,18047.25,18048.25,56,0,18058.4981
7/14/2023 6:45,18048.75,18049,18048.25,18048.25,29,0,18058.49326
7/14/2023 6:46,18048.5,18049.5,18046.25,18047.5,142,0,18058.46784
7/14/2023 6:47,18047.5,18051.25,18038.25,18039.75,1008,0,18058.21372
7/14/2023 6:48,18040.25,18047.75,18040,18045.25,470,0,18058.10764
7/14/2023 6:49,18045.25,18046.5,18042.25,18043.5,219,0,18058.05787
7/14/2023 6:50,18043.75,18043.75,18034,18036.75,414,0,18057.92532
7/14/2023 6:51,18036.25,18041.5,18036.25,18040,144,0,18057.88214
7/14/2023 6:52,18039.75,18041.5,18038.75,18039.75,177,0,18057.83145
7/14/2023 6:53,18040.5,18041,18039.5,18040.5,126,0,18057.79622
7/14/2023 6:54,18040.5,18044,18039.5,18043.25,236,0,18057.73781
7/14/2023 6:55,18042.75,18045.25,18042.75,18045,151,0,18057.70566
7/14/2023 6:56,18045.25,18046.75,18042.25,18042.25,198,0,18057.66191
7/14/2023 6:57,18042.25,18045,18042,18044.5,171,0,18057.62457
7/14/2023 6:58,18045.25,18045.25,18040.75,18044.75,206,0,18057.57905
7/14/2023 6:59,18043.5,18043.5,18038,18039.75,232,0,18057.51661
7/14/2023 7:00,18039.75,18041,18037.75,18038.75,99,0,18057.48816
7/14/2023 7:01,18039,18047,18039,18044,290,0,18057.42418
7/14/2023 7:02,18043.75,18044.75,18041.25,18043.75,153,0,18057.39046
7/14/2023 7:03,18043.75,18047.25,18042.25,18045.25,100,0,18057.3711
7/14/2023 7:04,18045.25,18048.5,18044.75,18048.25,141,0,18057.34881
7/14/2023 7:05,18048.5,18049.25,18044,18046,132,0,18057.3265
7/14/2023 7:06,18046,18047.75,18044.75,18044.75,48,0,18057.31791
7/14/2023 7:07,18045.25,18047,18045.25,18047,27,0,18057.31337
7/14/2023 7:08,18047.25,18050,18047,18048.5,231,0,18057.28204
7/14/2023 7:09,18048.75,18050,18046.25,18047.75,164,0,18057.25868
7/14/2023 7:10,18047.5,18048.25,18046,18048.25,55,0,18057.25045
7/14/2023 7:11,18048.5,18050,18047.25,18049,127,0,18057.23392
7/14/2023 7:12,18049.25,18049.25,18046.75,18048,85,0,18057.22193
7/14/2023 7:13,18048.25,18048.75,18046.25,18046.25,66,0,18057.21171
7/14/2023 7:14,18046.75,18050,18046.75,18049.5,157,0,18057.19147
7/14/2023 7:15,18049.5,18050,18047.25,18048,154,0,18057.17093
7/14/2023 7:16,18047.75,18049,18046.75,18048.75,122,0,18057.15427
7/14/2023 7:17,18048.5,18048.5,18045.5,18048,151,0,18057.13182
7/14/2023 7:18,18048.25,18051,18048.25,18049.5,272,0,18057.10088
7/14/2023 7:19,18049.75,18050.5,18048.5,18049.25,256,0,18057.07134
7/14/2023 7:20,18050,18052.75,18047.75,18051.5,187,0,18057.05341
7/14/2023 7:21,18051.75,18054.25,18050.25,18053.25,408,0,18057.02626
7/14/2023 7:22,18053.25,18055.5,18053.25,18053.75,121,0,18057.02112
7/14/2023 7:23,18054.25,18055.5,18053,18053.25,124,0,18057.01542
7/14/2023 7:24,18052.5,18053.25,18051.5,18053.25,119,0,18057.00776
7/14/2023 7:25,18053.5,18054.5,18051.75,18054.5,92,0,18057.0031
7/14/2023 7:26,18054.5,18055.25,18053.25,18054.5,74,0,18057.00018
7/14/2023 7:27,18055,18058.5,18055,18056,265,0,18056.99823
7/14/2023 7:28,18056,18056.25,18054,18054.25,147,0,18056.99356
7/14/2023 7:29,18054,18055.5,18053.5,18055,67,0,18056.99127
7/14/2023 7:30,18055,18057,18054.25,18054.25,114,0,18056.98823
7/14/2023 7:31,18054.75,18056,18052.75,18053.5,173,0,18056.98089
7/14/2023 7:32,18053,18053,18050.5,18053,140,0,18056.97107
7/14/2023 7:33,18053,18056,18052.75,18056,84,0,18056.96856
7/14/2023 7:34,18056,18058,18055.25,18058,195,0,18056.96889
7/14/2023 7:35,18058,18059,18056.75,18057.5,163,0,18056.97073
7/14/2023 7:36,18058.25,18060.25,18057.25,18060,275,0,18056.97944
7/14/2023 7:37,18059.75,18060,18055,18057,252,0,18056.98072
7/14/2023 7:38,18057.25,18058,18054.5,18055.25,153,0,18056.97838
7/14/2023 7:39,18055.5,18057.5,18055.25,18055.5,149,0,18056.97648
7/14/2023 7:40,18055.25,18056,18054,18054,157,0,18056.9713
7/14/2023 7:41,18053.75,18057.25,18053,18055.75,174,0,18056.96724
7/14/2023 7:42,18055.75,18055.75,18049.25,18050,283,0,18056.94597
7/14/2023 7:43,18050.25,18052.5,18047.25,18052,226,0,18056.92564
7/14/2023 7:44,18052.5,18054.25,18052.25,18052.5,109,0,18056.9196
7/14/2023 7:45,18052.25,18056,18051.25,18055.5,128,0,18056.91479
7/14/2023 7:46,18055.25,18059.5,18055.25,18058.75,182,0,18056.91714
7/14/2023 7:47,18058.75,18060.25,18058,18060.25,127,0,18056.92174
7/14/2023 7:48,18060.5,18064.5,18060.5,18063,449,0,18056.9577
7/14/2023 7:49,18062.75,18065,18061.5,18063.5,187,0,18056.97427
7/14/2023 7:50,18063.5,18064.25,18062,18062,109,0,18056.98301
7/14/2023 7:51,18061.75,18064,18061,18061.25,122,0,18056.99164
7/14/2023 7:52,18061.5,18065.5,18061.25,18063.75,236,0,18057.01286
7/14/2023 7:53,18064,18065,18063,18063.75,148,0,18057.02694
7/14/2023 7:54,18063.25,18063.5,18058.5,18059.5,228,0,18057.03782
7/14/2023 7:55,18059.5,18063.25,18059.5,18063,107,0,18057.04499
7/14/2023 7:56,18063,18063.75,18060.5,18060.5,108,0,18057.0517
7/14/2023 7:57,18060.5,18060.5,18058.5,18059,75,0,18057.05405
7/14/2023 7:58,18059,18060.25,18058.5,18058.75,67,0,18057.05598
7/14/2023 7:59,18058.5,18059.75,18055,18056.25,189,0,18057.05584
7/14/2023 8:00,18056.25,18060,18056.25,18059,121,0,18057.05808
7/14/2023 8:01,18059.25,18062.5,18059,18062.25,138,0,18057.06594
7/14/2023 8:02,18062.25,18066,18061.75,18062.75,361,0,18057.09736
7/14/2023 8:03,18062.75,18064.25,18060,18060,154,0,18057.10634
7/14/2023 8:04,18060,18063.25,18059.75,18063,103,0,18057.11313
7/14/2023 8:05,18063,18064,18062.5,18062.75,76,0,18057.11924
7/14/2023 8:06,18063,18065,18062.5,18063.75,122,0,18057.13012
7/14/2023 8:07,18064,18066.5,18063.5,18065.25,174,0,18057.14868
7/14/2023 8:08,18065,18069.75,18064.75,18068.75,599,0,18057.23316
7/14/2023 8:09,18068.25,18070.25,18067.75,18069.75,169,0,18057.26012
7/14/2023 8:10,18070,18071,18069,18070,184,0,18057.29117
7/14/2023 8:11,18070.25,18071.75,18068.75,18071.25,229,0,18057.33136
7/14/2023 8:12,18071,18072.25,18070,18071.25,151,0,18057.35888
7/14/2023 8:13,18071,18071.75,18068.5,18070.5,179,0,18057.38922
7/14/2023 8:14,18071,18072,18069.5,18071,237,0,18057.43097
7/14/2023 8:15,18071,18073,18069.5,18070.75,277,0,18057.48035
7/14/2023 8:16,18070.5,18070.5,18068,18068.75,174,0,18057.50665
7/14/2023 8:17,18068.5,18070,18068.25,18068.75,92,0,18057.52041
7/14/2023 8:18,18068.25,18068.25,18065.5,18066,170,0,18057.54041
7/14/2023 8:19,18065.5,18065.5,18062.25,18064.75,201,0,18057.55766
7/14/2023 8:20,18064.5,18066,18063.75,18066,148,0,18057.57237
7/14/2023 8:21,18066.25,18070.25,18065.5,18069.5,128,0,18057.59029
7/14/2023 8:22,18069.25,18069.25,18066.25,18068,123,0,18057.60652
7/14/2023 8:23,18068.25,18070.5,18067.5,18069.5,116,0,18057.62377
7/14/2023 8:24,18069.75,18070.5,18068.75,18070.5,118,0,18057.6424
7/14/2023 8:25,18070.75,18070.75,18067.25,18067.25,123,0,18057.65939
7/14/2023 8:26,18067.5,18069,18067,18068.75,89,0,18057.67147
7/14/2023 8:27,18069,18069.75,18067.25,18068,98,0,18057.68483
7/14/2023 8:28,18067.25,18067.25,18064.75,18066,208,0,18057.7069
7/14/2023 8:29,18066.25,18068,18066,18067,79,0,18057.71626
7/14/2023 8:30,18067.25,18068.25,18066.5,18068.25,72,0,18057.72538
7/14/2023 8:31,18068,18072.75,18068,18070.25,214,0,18057.75965
7/14/2023 8:32,18070.5,18071.75,18066.5,18070.25,178,0,18057.78613
7/14/2023 8:33,18070.75,18072.25,18068.5,18069,166,0,18057.81159
7/14/2023 8:34,18068.5,18070.75,18067.75,18068.25,95,0,18057.82492
7/14/2023 8:35,18068.75,18071.5,18065,18065,293,0,18057.85936
7/14/2023 8:36,18064.75,18065.75,18062.75,18064,206,0,18057.87567
7/14/2023 8:37,18063.75,18066.25,18058.25,18059.25,411,0,18057.89298
7/14/2023 8:38,18059.5,18064.5,18058.75,18061.75,193,0,18057.90205
7/14/2023 8:39,18062.25,18063,18060.75,18062.25,93,0,18057.9068
7/14/2023 8:40,18062.25,18064.75,18062.25,18063.25,94,0,18057.91323
7/14/2023 8:41,18063.5,18063.5,18054.25,18056.25,363,0,18057.91362
7/14/2023 8:42,18056.5,18058.5,18055.5,18058.5,225,0,18057.91247
7/14/2023 8:43,18058.25,18059,18054.75,18056.5,469,0,18057.90579
7/14/2023 8:44,18056.25,18060.25,18055.75,18058.75,165,0,18057.90648
7/14/2023 8:45,18058.5,18061.75,18057.5,18060.25,146,0,18057.90992
7/14/2023 8:46,18060.75,18063.5,18060.5,18063.25,160,0,18057.91871
7/14/2023 8:47,18063,18063.25,18061.25,18063,126,0,18057.92574
7/14/2023 8:48,18062.75,18063.75,18060.5,18063.75,162,0,18057.93508
7/14/2023 8:49,18064,18067.5,18064,18066,205,0,18057.95471
7/14/2023 8:50,18065.75,18066.75,18063.75,18063.75,215,0,18057.97237
7/14/2023 8:51,18063.75,18064.5,18060.5,18063.5,211,0,18057.98474
7/14/2023 8:52,18063.25,18068.25,18062.5,18067.5,203,0,18058.00452
7/14/2023 8:53,18068,18071.25,18067.75,18069.5,353,0,18058.05313
7/14/2023 8:54,18069.75,18071,18068.5,18070.25,185,0,18058.07937
7/14/2023 8:55,18070.5,18071.5,18067.25,18068.5,359,0,18058.12639
7/14/2023 8:56,18068.75,18069.5,18067,18068.75,155,0,18058.14534
7/14/2023 8:57,18068.75,18069.25,18066,18067.75,222,0,18058.17039
7/14/2023 8:58,18068,18068.5,18065,18065.5,163,0,18058.18612
7/14/2023 8:59,18065.5,18065.75,18059.5,18061.25,365,0,18058.20323
7/14/2023 9:00,18061.25,18063.25,18057.75,18058.75,202,0,18058.2073
7/14/2023 9:01,18058.25,18058.25,18051,18052.5,711,0,18058.17176
7/14/2023 9:02,18052.5,18056.5,18052.5,18054,408,0,18058.1536
7/14/2023 9:03,18054.25,18057.5,18054.25,18056.25,201,0,18058.14859
7/14/2023 9:04,18056.75,18060,18055.5,18060,261,0,18058.14965
7/14/2023 9:05,18060,18061.5,18055.75,18056.25,292,0,18058.14859
7/14/2023 9:06,18056.5,18057.25,18051.75,18052.75,401,0,18058.12917
7/14/2023 9:07,18053,18055.75,18052.25,18055.25,210,0,18058.12027
7/14/2023 9:08,18055.25,18056.25,18050.25,18052.75,321,0,18058.10188
7/14/2023 9:09,18052.75,18055.5,18052.25,18055,211,0,18058.09266
7/14/2023 9:10,18054.75,18056.75,18054,18055.25,151,0,18058.08794
7/14/2023 9:11,18055.25,18055.25,18051.5,18053.75,269,0,18058.074
7/14/2023 9:12,18053.5,18056.5,18052.25,18055.5,161,0,18058.06797
7/14/2023 9:13,18056,18058,18053.75,18054.5,172,0,18058.06284
7/14/2023 9:14,18055.5,18060.25,18055,18059.5,234,0,18058.06333
7/14/2023 9:15,18059.75,18062,18059,18060.75,138,0,18058.06723
7/14/2023 9:16,18061,18065.5,18061,18065.25,379,0,18058.09196
7/14/2023 9:17,18065,18065,18062,18062,223,0,18058.10414
7/14/2023 9:18,18061.75,18061.75,18058.5,18059.25,214,0,18058.10825
7/14/2023 9:19,18059.75,18060,18056.25,18058.25,298,0,18058.10844
7/14/2023 9:20,18058,18058,18055,18055.25,139,0,18058.10533
7/14/2023 9:21,18055.25,18057.75,18055,18056,237,0,18058.10048
7/14/2023 9:22,18055.75,18057.5,18052.75,18053.75,220,0,18058.09218
7/14/2023 9:23,18053.75,18056,18053.5,18055.25,193,0,18058.08546
7/14/2023 9:24,18055,18058,18053.25,18054.25,231,0,18058.07808
7/14/2023 9:25,18054.25,18055.5,18051.25,18052.5,340,0,18058.05957
7/14/2023 9:26,18052.25,18061.5,18052.25,18059.5,835,0,18058.05678
7/14/2023 9:27,18060,18060.5,18056.25,18058.25,248,0,18058.05752
7/14/2023 9:28,18058.5,18063,18055.5,18057.5,580,0,18058.0613
7/14/2023 9:29,18057.75,18062.75,18056.75,18061.5,388,0,18058.0707
7/14/2023 9:30,18061.5,18070.25,18060.25,18070.25,831,0,18058.14839
7/14/2023 9:31,18070,18102.5,18069.75,18095.75,7803,18089.33333,18060.52421
7/14/2023 9:32,18096.25,18107.5,18091.5,18103.5,4179,18093.34422,18062.10442
7/14/2023 9:33,18103.25,18114.75,18099.5,18113.25,3483,18096.90773,18063.59344
7/14/2023 9:34,18113.75,18115.5,18104.75,18111.75,2664,18098.92956,18064.70568
7/14/2023 9:35,18111.25,18115.25,18101,18106,1844,18099.71313,18065.39298
7/14/2023 9:36,18106.5,18120,18102.75,18119.25,2412,18101.25255,18066.395
7/14/2023 9:37,18119,18124.5,18112,18118,2845,18103.15983,18067.62397
7/14/2023 9:38,18118.25,18123,18109.75,18119.75,2294,18104.35502,18068.5607
7/14/2023 9:39,18120.25,18138.5,18118.5,18138,3905,18107.74844,18070.51574
7/14/2023 9:40,18137.75,18143.25,18132.25,18137.5,2563,18110.00428,18071.85395
7/14/2023 9:41,18137.75,18148.25,18136.75,18147.5,2583,18112.4169,18073.27767
7/14/2023 9:42,18147.25,18152,18138.25,18140.75,2775,18114.62066,18074.73569
7/14/2023 9:43,18140.75,18143.25,18132.75,18137,2017,18115.74435,18075.66911
7/14/2023 9:44,18137.5,18140.5,18125.5,18128.25,2722,18116.71194,18076.76309
7/14/2023 9:45,18128.25,18129,18113.25,18116,2938,18116.88092,18077.64781
7/14/2023 9:46,18116.25,18122.5,18110.75,18121.5,2647,18116.95387,18078.39264
7/14/2023 9:47,18121.75,18131,18117.75,18127,2203,18117.30618,18079.09728
7/14/2023 9:48,18126.75,18130,18121.25,18126.75,1208,18117.50401,18079.48087
7/14/2023 9:49,18126.5,18137.25,18124,18136.25,1896,18118.02114,18080.15283
7/14/2023 9:50,18136.5,18140.25,18131.75,18136.25,1805,18118.59527,18080.81961
7/14/2023 9:51,18136.75,18150,18136.75,18149.5,2181,18119.58731,18081.73692
7/14/2023 9:52,18149,18160,18147,18153.75,2812,18121.13471,18083.0287
7/14/2023 9:53,18154.25,18157.25,18149,18156,1750,18122.04232,18083.81497
7/14/2023 9:54,18155.75,18160,18149.5,18152.75,1675,18122.86541,18084.5514
7/14/2023 9:55,18152.75,18156,18145.5,18154.25,1818,18123.65344,18085.30907
7/14/2023 9:56,18154.25,18158,18150.25,18156,1427,18124.30173,18085.91674
7/14/2023 9:57,18156.25,18156.75,18146.75,18149,1217,18124.76521,18086.39764
7/14/2023 9:58,18148.5,18151,18143.5,18145.75,1248,18125.15212,18086.85265
7/14/2023 9:59,18145.75,18149.75,18140,18149,1412,18125.56401,18087.35503
7/14/2023 10:00,18149.25,18159.75,18149.25,18154.75,1279,18126.06826,18087.86616
7/14/2023 10:01,18156.25,18158.75,18118.25,18140,4021,18126.73812,18089.05986
7/14/2023 10:02,18139.75,18144.25,18130,18137.5,2427,18127.05681,18089.72944
7/14/2023 10:03,18137.25,18159,18129.75,18158.75,3084,18127.87699,18090.76066
7/14/2023 10:04,18159,18169.75,18157.5,18160.5,3635,18129.33089,18092.19995
7/14/2023 10:05,18160.5,18162.75,18147.75,18152.75,2258,18129.96712,18092.96492
7/14/2023 10:06,18152.25,18152.75,18137.5,18148.25,2499,18130.40941,18093.67914
7/14/2023 10:07,18147.75,18156,18139,18155.5,1924,18130.81617,18094.25702
7/14/2023 10:08,18155.75,18156.25,18144,18147.25,1418,18131.09045,18094.66792
7/14/2023 10:09,18147.75,18152,18138,18147.75,1635,18131.34163,18095.10633
7/14/2023 10:10,18149,18162.5,18145,18160.5,1734,18131.77687,18095.65383
7/14/2023 10:11,18160.25,18178.25,18160.25,18175.5,3853,18133.26973,18097.13617
7/14/2023 10:12,18175.25,18176,18166.5,18169.5,1926,18133.96217,18097.84912
7/14/2023 10:13,18169.5,18180,18164.5,18175.75,1664,18134.58339,18098.47689
7/14/2023 10:14,18176,18182.5,18174.75,18182,1825,18135.35011,18099.21071
7/14/2023 10:15,18182.25,18185,18177.5,18181,1688,18136.05837,18099.88947
7/14/2023 10:16,18181.25,18188,18178.5,18183.25,1866,18136.85125,18100.64574
7/14/2023 10:17,18183.5,18192,18183.5,18191.25,2078,18137.80752,18101.52862
7/14/2023 10:18,18190.75,18201.5,18189.5,18198.5,2873,18139.26101,18102.82402
7/14/2023 10:19,18198.25,18199.25,18187,18189.25,2430,18140.33959,18103.83919
7/14/2023 10:20,18189.25,18200,18188,18198.5,1738,18141.13729,18104.58084
7/14/2023 10:21,18198.5,18199.75,18191.5,18195.25,1293,18141.71595,18105.12485
7/14/2023 10:22,18195,18199.25,18185.5,18192.25,2046,18142.55438,18105.94281
7/14/2023 10:23,18191.75,18198.75,18185.75,18198.5,1723,18143.26671,18106.63551
7/14/2023 10:24,18198.5,18204.25,18193.75,18203.5,1557,18143.96949,18107.29555
7/14/2023 10:25,18203.5,18205.5,18188.5,18190.25,2282,18144.86722,18108.18769
7/14/2023 10:26,18190,18190.75,18180,18184.5,2240,18145.5532,18108.95004
7/14/2023 10:27,18184.25,18189,18182.25,18184.75,1375,18145.9654,18109.41207
7/14/2023 10:28,18185,18187.25,18178.75,18184.75,1374,18146.35092,18109.8577
7/14/2023 10:29,18185,18186.75,18178.75,18179,1136,18146.64624,18110.21182
7/14/2023 10:30,18179.5,18180.5,18165.75,18166.5,2416,18147.07232,18110.84333
7/14/2023 10:31,18166.25,18183.5,18164.25,18180.5,2195,18147.52776,18111.45416
7/14/2023 10:32,18180.5,18187.5,18174,18186.75,1572,18147.91937,18111.92904
7/14/2023 10:33,18186.25,18186.25,18172.75,18173,1326,18148.19266,18112.29446
7/14/2023 10:34,18173.25,18174,18159.75,18164.25,3076,18148.56837,18112.98161
7/14/2023 10:35,18164.5,18175,18157.5,18174.5,2213,18148.87386,18113.49256
7/14/2023 10:36,18174.5,18177,18153.25,18153.25,2310,18149.06278,18113.94218
7/14/2023 10:37,18153.25,18165.75,18148.75,18152.25,2321,18149.16193,18114.33307
7/14/2023 10:38,18151.5,18155.25,18130.5,18135.5,4050,18148.93588,18114.75343
7/14/2023 10:39,18135.25,18145.75,18129.25,18140.25,2777,18148.75269,18115.01206
7/14/2023 10:40,18140.75,18158.25,18140.75,18157.25,2144,18148.79688,18115.32225
7/14/2023 10:41,18157,18159.75,18147.75,18156.75,2251,18148.87866,18115.66562
7/14/2023 10:42,18156.75,18157,18141.5,18144.75,2163,18148.86396,18115.93188
7/14/2023 10:43,18144.25,18146.75,18139,18145.75,1446,18148.82052,18116.08582
7/14/2023 10:44,18146,18148.25,18141.75,18145.75,1583,18148.78708,18116.26091
7/14/2023 10:45,18146,18148,18142,18142,1822,18148.73604,18116.45128
7/14/2023 10:46,18142.25,18147.25,18136.75,18138,1655,18148.65863,18116.6013
7/14/2023 10:47,18137.5,18139,18116.75,18120.75,3494,18148.19894,18116.71618
7/14/2023 10:48,18120.75,18128.25,18116.5,18125.25,2489,18147.85223,18116.77648
7/14/2023 10:49,18124.75,18124.75,18111,18112.75,2500,18147.41461,18116.77095
7/14/2023 10:50,18112.5,18118.25,18108.5,18112,1921,18147.05234,18116.74427
7/14/2023 10:51,18112,18116.5,18101.5,18114.5,3299,18146.41073,18116.67484
7/14/2023 10:52,18114.5,18127.75,18110,18126,2471,18146.08126,18116.71474
7/14/2023 10:53,18125.75,18135.5,18125,18133.5,2016,18145.92536,18116.81803
7/14/2023 10:54,18133.75,18135.5,18129.75,18135,1325,18145.83906,18116.89475
7/14/2023 10:55,18134.75,18135.5,18129.75,18133.5,1115,18145.76446,18116.95683
7/14/2023 10:56,18133.25,18147,18133,18145.75,2751,18145.71043,18117.19317
7/14/2023 10:57,18146,18146.75,18138.75,18141,1501,18145.68349,18117.32154
7/14/2023 10:58,18140.75,18143,18137.25,18139.75,938,18145.65661,18117.39415
7/14/2023 10:59,18139.75,18143,18131.75,18133.5,1094,18145.6041,18117.46368
7/14/2023 11:00,18133.25,18139.25,18128.5,18135,1477,18145.52063,18117.54757
7/14/2023 11:01,18135.25,18142,18130.5,18139.25,1221,18145.47067,18117.62863
7/14/2023 11:02,18140,18152,18139.75,18150.5,2737,18145.49667,18117.90086
7/14/2023 11:03,18150,18154.25,18144.5,18153,1582,18145.53564,18118.07259
7/14/2023 11:04,18153.25,18156.25,18149.5,18155.5,1325,18145.58803,18118.22891
7/14/2023 11:05,18156,18157,18152.5,18153,1026,18145.63018,18118.35043
7/14/2023 11:06,18153.25,18154.75,18141.25,18153.5,1662,18145.66337,18118.52194
7/14/2023 11:07,18153.75,18156,18138,18145.75,1496,18145.66986,18118.65886
7/14/2023 11:08,18146,18147,18137,18139.25,974,18145.64888,18118.72988
7/14/2023 11:09,18139,18144.25,18134.5,18136.5,1021,18145.61437,18118.79501
7/14/2023 11:10,18136.75,18143,18130.75,18138,1349,18145.56197,18118.87534
7/14/2023 11:11,18138,18149.75,18137.5,18142.75,1442,18145.54714,18118.98861
7/14/2023 11:12,18142.75,18145.5,18135.25,18145,1019,18145.53015,18119.0634
7/14/2023 11:13,18144.75,18155,18138.25,18154.75,1206,18145.5511,18119.17981
7/14/2023 11:14,18154.25,18156.25,18149,18150,1188,18145.58455,18119.30273
7/14/2023 11:15,18150.25,18150.25,18139,18141.5,1061,18145.57495,18119.38429
7/14/2023 11:16,18140.75,18144.5,18135.75,18138,1032,18145.54635,18119.44953
7/14/2023 11:17,18138.5,18147.5,18137.75,18144.75,723,18145.53918,18119.5039
7/14/2023 11:18,18145,18148.75,18141,18146.75,751,18145.53905,18119.56523
7/14/2023 11:19,18146,18156.5,18142.75,18154.5,1319,18145.57252,18119.69596
7/14/2023 11:20,18154.5,18160.75,18154.25,18158.75,1495,18145.65398,18119.87388
7/14/2023 11:21,18158.5,18162,18154,18155.5,1324,18145.72087,18120.02699
7/14/2023 11:22,18155.25,18161.75,18154.5,18161.25,619,18145.7573,18120.10197
7/14/2023 11:23,18161,18167,18157.25,18166,1513,18145.87346,18120.30385
7/14/2023 11:24,18166.25,18169.5,18163.75,18168.75,1475,18146.01021,18120.51657
7/14/2023 11:25,18168.5,18171.25,18164.75,18165.75,1163,18146.11639,18120.68265
7/14/2023 11:26,18165.75,18168.25,18163,18166.5,895,18146.19227,18120.80602
7/14/2023 11:27,18166.5,18168,18163.25,18164.5,751,18146.25336,18120.9075
7/14/2023 11:28,18164.75,18166,18159.75,18162,910,18146.31654,18121.02249
7/14/2023 11:29,18162.25,18162.25,18144.5,18146,1982,18146.35498,18121.20106
7/14/2023 11:30,18146.75,18156,18144,18156,1200,18146.3834,18121.31205
7/14/2023 11:31,18156,18166.75,18156,18166,1864,18146.51168,18121.54364
7/14/2023 11:32,18165.5,18169,18164,18168.25,1355,18146.62705,18121.72717
7/14/2023 11:33,18167.75,18169.75,18164.75,18167.25,947,18146.70757,18121.85503
7/14/2023 11:34,18167,18168.75,18165.25,18168,812,18146.7764,18121.9643
7/14/2023 11:35,18168,18171,18164.5,18167,923,18146.8547,18122.08832
7/14/2023 11:36,18166.25,18175,18165.75,18172.75,1258,18146.97926,18122.26982
7/14/2023 11:37,18172.75,18180.5,18171.75,18179.25,1391,18147.14931,18122.4934
7/14/2023 11:38,18179,18179.5,18163.75,18168.25,2246,18147.35979,18122.80702
7/14/2023 11:39,18168,18176,18168,18172.75,948,18147.45413,18122.94298
7/14/2023 11:40,18172.75,18176,18169.75,18174.25,502,18147.50596,18123.01625
7/14/2023 11:41,18174.25,18174.5,18167,18171,887,18147.58823,18123.13879
7/14/2023 11:42,18171,18171.25,18160,18162.25,860,18147.64586,18123.2413
7/14/2023 11:43,18162.75,18169.25,18160,18168.25,801,18147.7034,18123.3394
7/14/2023 11:44,18167.75,18170.25,18156,18161.75,1100,18147.76813,18123.46339
7/14/2023 11:45,18161.5,18162.25,18153.25,18157,1022,18147.80709,18123.5628
7/14/2023 11:46,18156.75,18158.75,18152,18156.25,953,18147.83632,18123.65
7/14/2023 11:47,18156.75,18161.75,18154.75,18160.75,1071,18147.88313,18123.75783
7/14/2023 11:48,18160.75,18160.75,18152.25,18154,732,18147.90521,18123.82406
7/14/2023 11:49,18154,18161.5,18153.5,18160,547,18147.92727,18123.8775
7/14/2023 11:50,18160.5,18161.25,18156,18156.5,386,18147.94216,18123.91466
7/14/2023 11:51,18156.75,18164,18154.75,18163.75,784,18147.98107,18123.99633
7/14/2023 11:52,18163.25,18166.25,18157.75,18161.5,1010,18148.03472,18124.10386
7/14/2023 11:53,18161.5,18167.25,18161.5,18164.75,586,18148.07163,18124.17036
7/14/2023 11:54,18164,18165.25,18152.25,18156.5,1003,18148.10959,18124.26541
7/14/2023 11:55,18156.5,18162.75,18154.25,18160.25,809,18148.14332,18124.34413
7/14/2023 11:56,18160.5,18163.25,18155.5,18162.25,668,18148.17418,18124.4112
7/14/2023 11:57,18162,18166.75,18161,18165.25,780,18148.22181,18124.49788
7/14/2023 11:58,18165,18167.5,18161.25,18163.5,761,18148.2673,18124.58156
7/14/2023 11:59,18163.25,18165.75,18160.25,18165.75,498,18148.29661,18124.6359
7/14/2023 12:00,18165.75,18168,18161.75,18164.5,616,18148.33464,18124.70432
7/14/2023 12:01,18164.75,18167,18156.5,18157.75,846,18148.37287,18124.78779
7/14/2023 12:02,18157.75,18158.75,18143.75,18147.75,1677,18148.38354,18124.90445
7/14/2023 12:03,18147.75,18157,18147,18156.5,814,18148.39897,18124.96831
7/14/2023 12:04,18156.5,18157,18145,18146,1028,18148.40252,18125.03685
7/14/2023 12:05,18146,18150.5,18143.75,18145.5,739,18148.39757,18125.08032
7/14/2023 12:06,18145.75,18146,18135.75,18137,1861,18148.33758,18125.15365
7/14/2023 12:07,18137.5,18141,18132.5,18134.5,1331,18148.27782,18125.19273
7/14/2023 12:08,18134.75,18141.5,18134.25,18141,845,18148.24913,18125.22405
7/14/2023 12:09,18141,18144.5,18138.75,18142.5,717,18148.2327,18125.25631
7/14/2023 12:10,18142.5,18147.5,18142,18143.25,783,18148.22145,18125.29632
7/14/2023 12:11,18143.25,18143.75,18137,18140.5,886,18148.19657,18125.33227
7/14/2023 12:12,18140.5,18149,18139.25,18147.75,918,18148.18715,18125.38142
7/14/2023 12:13,18147.75,18148.5,18138.5,18140.75,829,18148.17055,18125.41951
7/14/2023 12:14,18140.25,18142.75,18139,18140.25,455,18148.15836,18125.43802
7/14/2023 12:15,18140.25,18141.25,18128.75,18130.25,1203,18148.09535,18125.46354
7/14/2023 12:16,18130.5,18134,18127.25,18131.5,1311,18148.01569,18125.48248
7/14/2023 12:17,18131.25,18140.75,18131,18140.25,1011,18147.97763,18125.51415
7/14/2023 12:18,18140.5,18140.75,18134.75,18135.75,771,18147.94811,18125.53768
7/14/2023 12:19,18136,18137.25,18133,18134,504,18147.92477,18125.54991
7/14/2023 12:20,18134.5,18134.5,18124.25,18124.75,1319,18147.83223,18125.55781
7/14/2023 12:21,18124.25,18131,18122.5,18129.75,1114,18147.7544,18125.5642
7/14/2023 12:22,18129.75,18138.75,18126.5,18137.25,1093,18147.70293,18125.58874
7/14/2023 12:23,18137,18137,18126,18126,1005,18147.64033,18125.59941
7/14/2023 12:24,18125.5,18127.25,18120,18124,1107,18147.54935,18125.5941
7/14/2023 12:25,18123.75,18126,18112.25,18112.75,1497,18147.39282,18125.56083
7/14/2023 12:26,18113,18124,18112.25,18117.75,1468,18147.24587,18125.53225
7/14/2023 12:27,18118,18119.25,18112.5,18118,1184,18147.12273,18125.50504
7/14/2023 12:28,18117.5,18122,18115,18120.25,625,18147.06341,18125.49475
7/14/2023 12:29,18120,18126,18117.25,18123.75,829,18146.99421,18125.48804
7/14/2023 12:30,18123,18128,18120.5,18122.75,807,18146.93107,18125.48446
7/14/2023 12:31,18122.75,18123.5,18113,18115,1126,18146.81868,18125.46062
7/14/2023 12:32,18114.75,18126.75,18114,18126.25,1205,18146.72014,18125.45106
7/14/2023 12:33,18126,18130.75,18123.25,18126.25,1054,18146.65008,18125.45452
7/14/2023 12:34,18126.25,18134.25,18125,18132.5,889,18146.60268,18125.46604
7/14/2023 12:35,18132.25,18133.25,18128.5,18133,563,18146.57468,18125.47472
7/14/2023 12:36,18132.75,18135.25,18130,18132,563,18146.54832,18125.48456
7/14/2023 12:37,18132,18140,18130.25,18138.25,799,18146.52097,18125.50601
7/14/2023 12:38,18137.75,18139.5,18134.25,18139.5,735,18146.49977,18125.52859
7/14/2023 12:39,18139.25,18139.25,18134,18136.5,482,18146.48407,18125.54194
7/14/2023 12:40,18136.75,18139.25,18134.5,18136.25,520,18146.46733,18125.55642
7/14/2023 12:41,18137,18141.25,18129.5,18140,985,18146.43659,18125.58435
7/14/2023 12:42,18139.75,18140,18135,18139,554,18146.42134,18125.60149
7/14/2023 12:43,18139.25,18139.25,18134,18136.25,506,18146.40499,18125.61522
7/14/2023 12:44,18136,18137.5,18125,18130.5,1120,18146.34901,18125.6302
7/14/2023 12:45,18130.5,18135.5,18127,18135,636,18146.32048,18125.64103
7/14/2023 12:46,18134.75,18135.5,18130,18132.25,559,18146.29566,18125.65063
7/14/2023 12:47,18133,18133.25,18110.25,18111,1667,18146.14491,18125.61988
7/14/2023 12:48,18111,18115,18103,18106,2099,18145.88922,18125.52918
7/14/2023 12:49,18106.5,18111.75,18104.75,18106,1436,18145.71397,18125.4659
7/14/2023 12:50,18106.75,18127.5,18106.75,18126.5,1624,18145.58319,18125.44529
7/14/2023 12:51,18126.75,18127.75,18121.25,18123.25,788,18145.52974,18125.44268
7/14/2023 12:52,18123,18123,18113,18114,1203,18145.42062,18125.4171
7/14/2023 12:53,18114.5,18123.75,18113.25,18123.5,728,18145.36297,18125.40786
7/14/2023 12:54,18122.75,18123.75,18118,18121.25,564,18145.31996,18125.40186
7/14/2023 12:55,18121,18123,18111.25,18114.75,921,18145.23664,18125.38173
7/14/2023 12:56,18114.25,18114.5,18104.25,18104.25,1040,18145.11508,18125.33745
7/14/2023 12:57,18104.25,18110.5,18103.5,18105,749,18145.02493,18125.3033
7/14/2023 12:58,18105.5,18107.5,18103.25,18106.25,776,18144.93036,18125.26681
7/14/2023 12:59,18106.75,18112.5,18105.75,18110,930,18144.82839,18125.23159
7/14/2023 13:00,18109.75,18114.5,18108.5,18113.5,669,18144.76107,18125.21074
7/14/2023 13:01,18113.5,18115.25,18104.75,18105.75,909,18144.66003,18125.17476
7/14/2023 13:02,18106,18107.5,18091.75,18093.25,1957,18144.37816,18125.04644
7/14/2023 13:03,18093.75,18099,18085,18086.75,2384,18143.98691,18124.85099
7/14/2023 13:04,18087,18094.75,18082.75,18083.25,2043,18143.63557,18124.66927
7/14/2023 13:05,18082.75,18090.75,18082.75,18087.25,952,18143.47333,18124.58518
7/14/2023 13:06,18087.5,18088.75,18078,18078.5,1554,18143.18646,18124.43001
7/14/2023 13:07,18078.25,18081,18073,18075,1676,18142.85303,18124.24283
7/14/2023 13:08,18074.75,18086.25,18073.75,18084.75,1524,18142.57642,18124.0924
7/14/2023 13:09,18085,18087.75,18074,18079,1226,18142.35088,18123.96839
7/14/2023 13:10,18079,18086.5,18078.25,18084.25,857,18142.20112,18123.88754
7/14/2023 13:11,18083.75,18086,18075,18076.5,901,18142.03435,18123.79494
7/14/2023 13:12,18076.5,18090.5,18074.75,18090,1193,18141.83554,18123.68911
7/14/2023 13:13,18090,18094.75,18088.75,18094.5,1652,18141.599,18123.5721
7/14/2023 13:14,18095,18099.25,18092.75,18098.75,1124,18141.45322,18123.50388
7/14/2023 13:15,18099,18100.25,18095.75,18099,872,18141.34435,18123.454
7/14/2023 13:16,18098.5,18107,18098.5,18105.75,1339,18141.19917,18123.39422
7/14/2023 13:17,18105.5,18106.5,18091.5,18093.25,1681,18140.98632,18123.29438
7/14/2023 13:18,18093,18096.25,18091.75,18095.25,922,18140.86341,18123.23441
7/14/2023 13:19,18095.25,18097.5,18089.25,18090.75,739,18140.76132,18123.18333
7/14/2023 13:20,18090.25,18094.75,18085.75,18086.25,906,18140.62749,18123.11366
7/14/2023 13:21,18086.5,18090.75,18083.5,18086.75,835,18140.50021,18123.04612
7/14/2023 13:22,18086.25,18088.25,18080.25,18085.25,872,18140.36195,18122.97113
7/14/2023 13:23,18085.5,18097.5,18085.5,18096,884,18140.24354,18122.91202
7/14/2023 13:24,18095.5,18095.75,18088.75,18090.25,537,18140.16974,18122.87453
7/14/2023 13:25,18091,18096,18090.5,18094.75,435,18140.11279,18122.84632
7/14/2023 13:26,18094.25,18095.75,18086.75,18091.75,810,18140.00179,18122.78974
7/14/2023 13:27,18092,18097.25,18091,18096.25,606,18139.92489,18122.75214
7/14/2023 13:28,18097,18098.75,18091.75,18098.5,725,18139.83629,18122.7097
7/14/2023 13:29,18098.25,18103.5,18096,18100,772,18139.74989,18122.67064
7/14/2023 13:30,18099.75,18102,18097.75,18101.75,499,18139.69518,18122.64619
7/14/2023 13:31,18101.75,18107.75,18097.5,18107.25,1137,18139.58268,18122.59988
7/14/2023 13:32,18106.5,18108.75,18101,18105,915,18139.49457,18122.56429
7/14/2023 13:33,18104.75,18105.5,18093,18095.75,1073,18139.37151,18122.50665
7/14/2023 13:34,18095.75,18102,18093.5,18101.5,644,18139.29963,18122.47347
7/14/2023 13:35,18102,18109.5,18100.5,18107.75,929,18139.21412,18122.43984
7/14/2023 13:36,18107.75,18109.5,18104.75,18106.75,530,18139.16711,18122.42196
7/14/2023 13:37,18106.5,18107.5,18099.75,18104,735,18139.09557,18122.39203
7/14/2023 13:38,18103.5,18109,18101,18105.25,594,18139.04015,18122.36964
7/14/2023 13:39,18105,18112.75,18102.25,18111.25,920,18138.96389,18122.3424
7/14/2023 13:40,18111,18115,18107.25,18114.75,847,18138.90231,18122.32401
7/14/2023 13:41,18114.75,18115,18107.75,18110,691,18138.84961,18122.30693
7/14/2023 13:42,18109.75,18110.5,18106,18108.75,653,18138.79555,18122.28731
7/14/2023 13:43,18109.25,18110.75,18100.75,18107.5,1009,18138.7067,18122.25256
7/14/2023 13:44,18107.5,18107.5,18101.75,18103.5,616,18138.64922,18122.22865
7/14/2023 13:45,18103.25,18103.5,18096.5,18096.5,795,18138.56367,18122.18863
7/14/2023 13:46,18096.75,18102.25,18095.5,18101.25,683,18138.49201,18122.15557
7/14/2023 13:47,18100.75,18103.5,18100.25,18102.75,401,18138.45276,18122.13836
7/14/2023 13:48,18102.75,18108,18102.5,18106,679,18138.39258,18122.11414
7/14/2023 13:49,18105.75,18110.5,18105,18110,593,18138.34498,18122.09685
7/14/2023 13:50,18110.25,18113.5,18107.75,18110.5,655,18138.29624,18122.08073
7/14/2023 13:51,18110.75,18110.75,18100.5,18102.5,706,18138.23256,18122.05435
7/14/2023 13:52,18102.5,18109.75,18101.5,18108.5,613,18138.18073,18122.03413
7/14/2023 13:53,18108.25,18108.25,18102.5,18103.5,436,18138.14185,18122.01808
7/14/2023 13:54,18104,18107.5,18103.25,18106.25,338,18138.11259,18122.00631
7/14/2023 13:55,18105.75,18106.75,18101.75,18102.5,435,18138.07269,18121.98934
7/14/2023 13:56,18102.25,18106.25,18101.25,18101.75,477,18138.02831,18121.97018
7/14/2023 13:57,18101.75,18102.25,18091.25,18092,1043,18137.90976,18121.91092
7/14/2023 13:58,18092.5,18097.25,18092.25,18094.5,509,18137.85147,18121.88155
7/14/2023 13:59,18094.75,18096.25,18087.75,18092.25,1077,18137.7213,18121.81375
7/14/2023 14:00,18092.5,18092.75,18085.5,18088.5,819,18137.61598,18121.75692
7/14/2023 14:01,18088.5,18101.25,18088.5,18099.75,1026,18137.50512,18121.70238
7/14/2023 14:02,18100.25,18105.75,18099.25,18105,747,18137.43817,18121.67355
7/14/2023 14:03,18104.75,18104.75,18098.5,18104,587,18137.38434,18121.64983
7/14/2023 14:04,18103.5,18107,18101,18103.75,642,18137.32816,18121.62597
7/14/2023 14:05,18104,18107.25,18103.5,18104,400,18137.29431,18121.61197
7/14/2023 14:06,18103.75,18107.25,18102.25,18104.5,412,18137.25924,18121.59736
7/14/2023 14:07,18104.75,18107.5,18100.25,18105.75,511,18137.21562,18121.5791
7/14/2023 14:08,18105.75,18106,18101.5,18102.5,374,18137.18264,18121.56485
7/14/2023 14:09,18102.75,18111.75,18102.25,18111,660,18137.13317,18121.54664
7/14/2023 14:10,18111,18111.25,18106.5,18108,493,18137.09664,18121.53332
7/14/2023 14:11,18108.5,18110.25,18100.5,18104,676,18137.04029,18121.50995
7/14/2023 14:12,18104.5,18104.75,18101.25,18104.5,327,18137.0119,18121.49771
7/14/2023 14:13,18104.5,18106.75,18102.5,18106,310,18136.98631,18121.48713
7/14/2023 14:14,18106.25,18108.75,18100.25,18107.75,491,18136.94648,18121.47093
7/14/2023 14:15,18107.5,18110.25,18106,18107.5,517,18136.90777,18121.4564
7/14/2023 14:16,18107.75,18108.5,18103.25,18104,378,18136.87693,18121.4437
7/14/2023 14:17,18104,18110.25,18104,18108,454,18136.8425,18121.43052
7/14/2023 14:18,18108.25,18109,18105,18108.25,366,18136.81481,18121.41992
7/14/2023 14:19,18108,18109,18096.5,18100,924,18136.73189,18121.38255
7/14/2023 14:20,18099.5,18106,18098.5,18104.75,625,18136.67802,18121.35898
7/14/2023 14:21,18105.5,18107.25,18097.25,18097.5,550,18136.62736,18121.33554
7/14/2023 14:22,18097.25,18097.5,18081,18086,1907,18136.39214,18121.20579
7/14/2023 14:23,18086,18090.25,18083.5,18084.75,946,18136.27149,18121.13793
7/14/2023 14:24,18084.75,18086,18075.25,18075.5,1624,18136.03595,18120.99801
7/14/2023 14:25,18075.75,18086.75,18074.25,18081.5,895,18135.9113,18120.9248
7/14/2023 14:26,18081.25,18081.75,18064.5,18069,2094,18135.5741,18120.71595
7/14/2023 14:27,18069.25,18072.75,18064.5,18071,1363,18135.34856,18120.57453
7/14/2023 14:28,18070.75,18073.5,18067,18067,887,18135.20205,18120.48247
7/14/2023 14:29,18067.5,18076.75,18066.5,18074.5,981,18135.04912,18120.38779
7/14/2023 14:30,18074.5,18075.75,18064.5,18066.5,1107,18134.86736,18120.27324
7/14/2023 14:31,18066.75,18071.5,18064.75,18065,1227,18134.66149,18120.14235
7/14/2023 14:32,18064.75,18072.75,18062.5,18063.75,1256,18134.44973,18120.00715
7/14/2023 14:33,18063.5,18066.5,18060,18065,1155,18134.24904,18119.87766
7/14/2023 14:34,18065.25,18065.25,18057,18057.5,1038,18134.05968,18119.75369
7/14/2023 14:35,18057,18067.75,18055.5,18062.25,1172,18133.85252,18119.6188
7/14/2023 14:36,18061.75,18062,18055.5,18058,954,18133.67701,18119.50316
7/14/2023 14:37,18057.75,18061,18055,18058.75,754,18133.53841,18119.41169
7/14/2023 14:38,18058.25,18059.5,18049.25,18055.5,1444,18133.26212,18119.22731
7/14/2023 14:39,18055.75,18064.75,18055,18063.75,1128,18133.06517,18119.09827
7/14/2023 14:40,18063.5,18064.25,18055,18056.25,933,18132.89706,18118.98707
7/14/2023 14:41,18056.75,18065.75,18053.25,18063.75,1041,18132.71645,18118.86842
7/14/2023 14:42,18063.75,18069.25,18060.25,18066.25,1066,18132.54354,18118.75647
7/14/2023 14:43,18066.25,18067.75,18060.5,18063.5,749,18132.42019,18118.67614
7/14/2023 14:44,18063.5,18065.25,18056.5,18058.5,930,18132.2591,18118.56976
7/14/2023 14:45,18058.75,18064,18056,18057,703,18132.13599,18118.48812
7/14/2023 14:46,18057.25,18063,18054.25,18062.25,705,18132.01435,18118.40762
7/14/2023 14:47,18062,18062,18056.5,18057.75,463,18131.93348,18118.35389
7/14/2023 14:48,18057.5,18059.75,18052.75,18058.75,643,18131.81893,18118.27736
7/14/2023 14:49,18058,18061.75,18052.25,18061,555,18131.72198,18118.2128
7/14/2023 14:50,18061.25,18065.75,18058.25,18064.25,717,18131.60463,18118.13573
7/14/2023 14:51,18064,18066.25,18061,18063.5,493,18131.52515,18118.08366
7/14/2023 14:52,18062.75,18071,18062.75,18069.25,827,18131.40022,18118.00307
7/14/2023 14:53,18069,18075,18068.25,18075,880,18131.27838,18117.92623
7/14/2023 14:54,18074.75,18077.5,18070.75,18076,902,18131.15827,18117.85121
7/14/2023 14:55,18076.25,18079.75,18072.25,18072.75,1026,18131.02267,18117.76652
7/14/2023 14:56,18072.25,18075.5,18063,18064.25,1143,18130.85273,18117.65649
7/14/2023 14:57,18064.5,18068.25,18057,18058.25,907,18130.70491,18117.55837
7/14/2023 14:58,18058.25,18059.25,18043.75,18045.5,1895,18130.34661,18117.3123
7/14/2023 14:59,18045.25,18054.25,18043.5,18048.5,1213,18130.11681,18117.15398
7/14/2023 15:00,18048.25,18051.25,18043.5,18045,1016,18129.92022,18117.01775
7/14/2023 15:01,18045.75,18047,18027.5,18029,3382,18129.17851,18116.49091
7/14/2023 15:02,18028.75,18032.75,18021,18029,3472,18128.37422,18115.91197
7/14/2023 15:03,18029,18035.75,18028.25,18028.5,1521,18128.0371,18115.66995
7/14/2023 15:04,18028.5,18029.5,18024.25,18025,1217,18127.7564,18115.4669
7/14/2023 15:05,18025,18029.75,18021.5,18027,1156,18127.49076,18115.27451
7/14/2023 15:06,18027,18028.75,18021,18021.75,1118,18127.2295,18115.08456
7/14/2023 15:07,18021.5,18024,18014.25,18019,2170,18126.70303,18114.69904
7/14/2023 15:08,18019,18033,18018,18032.5,1614,18126.34632,18114.44036
7/14/2023 15:09,18032.25,18035,18025.5,18026.75,1103,18126.10711,18114.267
7/14/2023 15:10,18027,18036.5,18026.25,18035,981,18125.90297,18114.11971
7/14/2023 15:11,18034.75,18036.75,18026.5,18028.75,1107,18125.66898,18113.95026
7/14/2023 15:12,18028.75,18030.75,18024.25,18029,748,18125.5071,18113.83249
7/14/2023 15:13,18028.75,18030.5,18022.25,18030,803,18125.33317,18113.70581
7/14/2023 15:14,18030.25,18030.25,18023.25,18029,746,18125.17201,18113.58835
7/14/2023 15:15,18028.5,18036.25,18027.5,18035.5,1036,18124.96182,18113.43629
7/14/2023 15:16,18035.5,18044.25,18034.25,18044,1607,18124.66501,18113.2242
7/14/2023 15:17,18043.5,18048.25,18039.75,18047.75,1496,18124.40504,18113.03985
7/14/2023 15:18,18047,18047.25,18040.5,18043.25,1036,18124.22242,18112.9098
7/14/2023 15:19,18043.25,18043.75,18035,18041.25,1193,18124.00362,18112.75275
7/14/2023 15:20,18042,18044.25,18034.75,18039.5,793,18123.85794,18112.64802
7/14/2023 15:21,18039.5,18042.75,18037.5,18037.75,683,18123.73263,18112.55784
7/14/2023 15:22,18037.5,18041.25,18029.25,18041.25,1210,18123.50608,18112.39411
7/14/2023 15:23,18041.25,18041.25,18026.5,18026.5,901,18123.3268,18112.26322
7/14/2023 15:24,18026.5,18031.25,18023.5,18028.75,1067,18123.10715,18112.10192
7/14/2023 15:25,18029,18030,18019,18023.25,1255,18122.83996,18111.90457
7/14/2023 15:26,18023,18025.75,18013.75,18024,1420,18122.53051,18111.67496
7/14/2023 15:27,18024,18027.5,18019.25,18023,927,18122.33363,18111.52914
7/14/2023 15:28,18022.75,18025.75,18021,18024.25,635,18122.19979,18111.42999
7/14/2023 15:29,18024,18024.75,18016.25,18022.25,744,18122.03933,18111.3107
7/14/2023 15:30,18022.25,18027.75,18016.75,18027.25,714,18121.89013,18111.2001
7/14/2023 15:31,18027,18028.75,18020.5,18024,944,18121.69457,18111.05513
7/14/2023 15:32,18024,18029.25,18021.5,18026.25,685,18121.55497,18110.95176
7/14/2023 15:33,18026.25,18034.5,18025,18033.5,1197,18121.32551,18110.78297
7/14/2023 15:34,18033.25,18036.5,18025.25,18027.75,928,18121.14613,18110.6507
7/14/2023 15:35,18027.75,18037.25,18027,18037,963,18120.96868,18110.52053
7/14/2023 15:36,18037.5,18037.5,18031,18032.5,700,18120.84002,18110.42609
7/14/2023 15:37,18032.5,18036.25,18031,18032.5,490,18120.74976,18110.35975
7/14/2023 15:38,18032,18032.75,18026,18028.5,645,18120.62557,18110.2679
7/14/2023 15:39,18028.75,18035,18023.75,18024.25,821,18120.46556,18110.14925
7/14/2023 15:40,18024,18033,18024,18031.25,737,18120.32508,18110.04528
7/14/2023 15:41,18032,18036.75,18026.5,18035.25,836,18120.17222,18109.93266
7/14/2023 15:42,18035.75,18036,18031.75,18033.75,832,18120.02237,18109.82235
7/14/2023 15:43,18033.75,18039.75,18033.5,18036.5,1014,18119.84623,18109.69319
7/14/2023 15:44,18036.25,18037.25,18029.25,18030,778,18119.70446,18109.58843
7/14/2023 15:45,18029.75,18032.5,18028.5,18030,565,18119.59963,18109.51073
7/14/2023 15:46,18030.25,18039.75,18030,18038.5,932,18119.43835,18109.39218
7/14/2023 15:47,18038.25,18038.25,18031.75,18032.5,693,18119.31609,18109.30198
7/14/2023 15:48,18032.25,18032.25,18020.5,18021.25,1550,18119.01353,18109.0756
7/14/2023 15:49,18021.75,18031.75,18017.25,18028.25,1679,18118.6917,18108.83488
7/14/2023 15:50,18028.5,18029.25,18021.25,18022.25,832,18118.53048,18108.71396
7/14/2023 15:51,18023,18037.5,18011.25,18036,2847,18118.00618,18108.32227
7/14/2023 15:52,18036.25,18038.25,18032.5,18038,1181,18117.8097,18108.17703
7/14/2023 15:53,18037.75,18047,18037.75,18045.5,1626,18117.56436,18107.99784
7/14/2023 15:54,18045.5,18048,18038.75,18039,872,18117.43081,18107.89993
7/14/2023 15:55,18039.25,18041,18028.25,18037.25,2263,18117.05713,18107.62261
7/14/2023 15:56,18037.75,18044.25,18037.75,18043,1466,18116.83504,18107.45935
7/14/2023 15:57,18042.75,18049,18042,18042.75,1638,18116.598,18107.28594
7/14/2023 15:58,18042.5,18042.75,18030.75,18032.25,1323,18116.38302,18107.12583
7/14/2023 15:59,18032.75,18037.75,18031.5,18032.25,1788,18116.08923,18106.90632
7/14/2023 16:00,18032.5,18055,18029,18051.25,9591,18114.75907,18105.92884
7/14/2023 16:01,18051.5,18052.75,18041.25,18048.25,3532,18114.29768,18105.59012
7/14/2023 16:02,18047.75,18055,18046.25,18053,1570,18114.10676,18105.45108
7/14/2023 16:03,18053,18053.75,18049.75,18052.5,797,18114.01118,18105.38152
7/14/2023 16:04,18052.5,18054.25,18051.25,18052.5,825,18113.91361,18105.31062
7/14/2023 16:05,18052.75,18055,18051.75,18054.75,456,18113.86084,18105.27237
7/14/2023 16:06,18055,18059.5,18054.75,18056,887,18113.76343,18105.20235
7/14/2023 16:07,18055.75,18058.25,18052,18052.5,503,18113.70593,18105.16069
7/14/2023 16:08,18052.25,18052.25,18049.75,18051.75,273,18113.67319,18105.13678
7/14/2023 16:09,18052,18052,18050.25,18050.75,278,18113.63976,18105.11233
7/14/2023 16:10,18050.75,18053.75,18050.5,18053.75,332,18113.60093,18105.08407
7/14/2023 16:11,18053.25,18054.75,18052,18054.25,176,18113.58071,18105.06939
7/14/2023 16:12,18054,18054,18051.25,18052.75,273,18113.54885,18105.04618
7/14/2023 16:13,18052.5,18055,18052,18053.25,227,18113.5227,18105.02718
7/14/2023 16:14,18053.5,18053.5,18049.5,18052.5,263,18113.49164,18105.0045
7/14/2023 16:15,18052.5,18054.5,18050.5,18053.75,308,18113.45595,18104.97851
7/14/2023 16:16,18054,18054,18049,18049.5,290,18113.42122,18104.95309
7/14/2023 16:17,18049.75,18051,18049.5,18051,164,18113.4015,18104.93863
7/14/2023 16:18,18051.25,18051.5,18050.25,18050.25,38,18113.39694,18104.9353
7/14/2023 16:19,18050.5,18050.5,18049,18050,118,18113.38261,18104.92477
7/14/2023 16:20,18050,18051.25,18047.25,18048,114,18113.36855,18104.91443
7/14/2023 16:21,18047.5,18048.5,18046.75,18046.75,113,18113.3543,18104.9039
7/14/2023 16:22,18047,18047.75,18044.25,18044.75,117,18113.33915,18104.89267
7/14/2023 16:23,18044.25,18047.5,18043.75,18046,84,18113.32831,18104.88464
7/14/2023 16:24,18046.25,18046.25,18044.75,18044.75,46,18113.32233,18104.8802
7/14/2023 16:25,18045,18046.5,18044.5,18046,109,18113.30826,18104.86977
7/14/2023 16:26,18046,18048,18045.25,18046,119,18113.29307,18104.85852
7/14/2023 16:27,18045.75,18046.25,18044.75,18045.75,76,18113.28325,18104.85124
7/14/2023 16:28,18045.75,18047.25,18045,18045.75,55,18113.27619,18104.84601
7/14/2023 16:29,18046,18046.5,18045.5,18046.25,37,18113.27144,18104.8425
7/14/2023 16:30,18046.5,18046.75,18044.5,18045,51,18113.26484,18104.8376
7/14/2023 16:31,18044.75,18047.75,18044.5,18045.75,97,18113.2524,18104.82838
7/14/2023 16:32,18045.5,18047.75,18045,18045,82,18113.24187,18104.82057
7/14/2023 16:33,18045,18046.5,18045,18046.25,41,18113.2366,18104.81667
7/14/2023 16:34,18046.5,18046.5,18045.25,18045.5,31,18113.23262,18104.81372
7/14/2023 16:35,18045.75,18046.25,18044.75,18044.75,30,18113.22873,18104.81083
7/14/2023 16:36,18044.75,18045.5,18044.25,18044.75,37,18113.2239,18104.80725
7/14/2023 16:37,18045,18045,18043.75,18044,28,18113.22022,18104.80451
7/14/2023 16:38,18044,18045,18043.5,18043.5,69,18113.21112,18104.79773
7/14/2023 16:39,18043.5,18044,18043.25,18043.25,38,18113.20607,18104.79397
7/14/2023 16:40,18043.75,18046.25,18043.75,18044.25,112,18113.19146,18104.78311
7/14/2023 16:41,18044,18044.5,18043.75,18044,42,18113.18593,18104.779
7/14/2023 16:42,18044,18044.25,18043.25,18043.25,79,18113.17545,18104.77119
7/14/2023 16:43,18043.25,18043.25,18042.75,18043,90,18113.16342,18104.76222
7/14/2023 16:44,18042.75,18042.75,18040.75,18041.25,156,18113.14216,18104.74632
7/14/2023 16:45,18041,18042.5,18040.5,18041.25,156,18113.12086,18104.73038
7/14/2023 16:46,18041.25,18042.25,18040.5,18041,89,18113.10868,18104.72127
7/14/2023 16:47,18041,18041.5,18040,18040.5,55,18113.1011,18104.71559
7/14/2023 16:48,18040.5,18041.25,18039.75,18039.75,67,18113.09181,18104.70862
7/14/2023 16:49,18039.75,18042.25,18039.25,18041.5,63,18113.08317,18104.70215
7/14/2023 16:50,18040.75,18043,18040.5,18042.75,67,18113.07412,18104.69539
7/14/2023 16:51,18043,18044.25,18042.25,18043,71,18113.06468,18104.68835
7/14/2023 16:52,18043.25,18044.25,18043,18044,41,18113.05927,18104.68432
7/14/2023 16:53,18044.25,18045.75,18044.25,18044.75,64,18113.05098,18104.67815
7/14/2023 16:54,18044.75,18045.25,18044.5,18045.25,22,18113.04813,18104.67604
7/14/2023 16:55,18045.5,18048,18045.5,18047,55,18113.04121,18104.67091
7/14/2023 16:56,18047.25,18048.25,18046.75,18047.25,84,18113.03073,18104.66316
7/14/2023 16:57,18046.75,18047.5,18046.75,18047,9,18113.0296,18104.66233
7/14/2023 16:58,18047,18047,18042.75,18044,91,18113.01776,18104.65352
7/14/2023 16:59,18043.75,18045,18043.25,18045,34,18113.01333,18104.65022
7/14/2023 17:00,18044.25,18045.5,18041.25,18042,76,18113.0032,18104.64266
7/16/2023 18:01,18038.25,18038.25,18029.75,18034.5,640,0,18034.16667
7/16/2023 18:02,18034.5,18037.75,18033.5,18036.25,301,0,18034.69979
7/16/2023 18:03,18036,18038.25,18035,18035.5,119,0,18034.87382
7/16/2023 18:04,18036,18036.5,18033,18035,97,0,18034.87043
7/16/2023 18:05,18034.25,18035,18031.75,18033.25,79,0,18034.77218
7/16/2023 18:06,18033.5,18038.25,18033.25,18037.25,99,0,18034.88177
7/16/2023 18:07,18036.5,18037.25,18033.5,18035.25,57,0,18034.90026
7/16/2023 18:08,18035.75,18038.25,18035.75,18037.5,59,0,18034.99242
7/16/2023 18:09,18037.5,18038.25,18035.75,18035.75,68,0,18035.06364
7/16/2023 18:10,18035.75,18036.75,18034,18034.25,74,0,18035.06068
7/16/2023 18:11,18033.75,18035.25,18031.25,18031.25,137,0,18034.8645
7/16/2023 18:12,18031.75,18032.25,18027.25,18029.75,235,0,18034.25284
7/16/2023 18:13,18029.5,18029.5,18025.25,18028.75,75,0,18034.01683
7/16/2023 18:14,18028.75,18032,18027.5,18032,124,0,18033.81531
7/16/2023 18:15,18031.5,18032.75,18029.5,18030.25,75,0,18033.71542
7/16/2023 18:16,18030.5,18031,18027.25,18028,62,0,18033.58163
7/16/2023 18:17,18028,18032.75,18026.5,18032,94,0,18033.45741
7/16/2023 18:18,18031.75,18033,18031,18031,50,0,18033.42079
7/16/2023 18:19,18030.75,18032.25,18029.75,18032.25,77,0,18033.3596
7/16/2023 18:20,18032.25,18035,18030.5,18034.25,87,0,18033.35595
7/16/2023 18:21,18034.25,18036.75,18032.25,18036.25,119,0,18033.4313
7/16/2023 18:22,18036.5,18037.75,18035.5,18036.75,82,0,18033.52571
7/16/2023 18:23,18036.75,18038.5,18035.25,18035.75,279,0,18033.79435
7/16/2023 18:24,18035.5,18036,18034.5,18034.75,29,0,18033.80634
7/16/2023 18:25,18034.75,18035.25,18032.75,18034.25,53,0,18033.81097
7/16/2023 18:26,18034.25,18034.5,18034,18034.25,8,0,18033.81207
7/16/2023 18:27,18034.5,18034.5,18033.75,18033.75,11,0,18033.81272
7/16/2023 18:28,18033.5,18034.5,18032.25,18033.25,48,0,18033.80562
7/16/2023 18:29,18033,18034,18032.5,18033.25,18,0,18033.80254
7/16/2023 18:30,18033,18035.25,18032.75,18034.5,39,0,18033.80685
7/16/2023 18:31,18035.5,18036.25,18033.75,18035,70,0,18033.83167
7/16/2023 18:32,18035.25,18035.25,18034.25,18035,15,0,18033.83612
7/16/2023 18:33,18035.25,18036.5,18035.25,18036.5,27,0,18033.85393
7/16/2023 18:34,18036,18038.25,18036,18036.75,35,0,18033.88592
7/16/2023 18:35,18037.25,18037.75,18036.5,18037.75,24,0,18033.90979
7/16/2023 18:36,18037,18038,18036.25,18036.25,20,0,18033.92656
7/16/2023 18:37,18036.25,18036.25,18032.75,18034.25,43,0,18033.93254
7/16/2023 18:38,18034.25,18035,18033.25,18035,24,0,18033.93581
7/16/2023 18:39,18034,18034.25,18033.5,18033.75,6,0,18033.93563
7/16/2023 18:40,18033.25,18034.75,18033.25,18033.75,13,0,18033.93556
7/16/2023 18:41,18033.5,18033.5,18033.5,18033.5,2,0,18033.93532
7/16/2023 18:42,18034,18035.75,18033.75,18034.25,39,0,18033.94231
7/16/2023 18:43,18034.5,18034.5,18033.75,18033.75,3,0,18033.94236
7/16/2023 18:44,18033.25,18033.75,18029.25,18030.5,79,0,18033.88302
7/16/2023 18:45,18030.5,18030.5,18024.75,18024.75,150,0,18033.6015
7/16/2023 18:46,18025.5,18026,18023.5,18024.5,84,0,18033.41047
7/16/2023 18:47,18023.75,18026,18023.25,18025.5,49,0,18033.30585
7/16/2023 18:48,18026,18028,18025.75,18026.5,50,0,18033.22447
7/16/2023 18:49,18026.5,18027.5,18025.5,18027.5,40,0,18033.16163
7/16/2023 18:50,18027.5,18027.75,18026.75,18026.75,25,0,18033.1245
7/16/2023 18:51,18026.25,18026.5,18026,18026.5,20,0,18033.09148
7/16/2023 18:52,18026.75,18028,18026.5,18026.5,24,0,18033.05614
7/16/2023 18:53,18026.5,18026.5,18024.25,18024.5,34,0,18032.99115
7/16/2023 18:54,18025,18025,18024,18024,17,0,18032.95601
7/16/2023 18:55,18023.75,18024.25,18023.5,18024,24,0,18032.9045
7/16/2023 18:56,18024.25,18026.25,18024.25,18025.25,25,0,18032.85933
7/16/2023 18:57,18025.75,18026.75,18025.75,18026.75,30,0,18032.81404
7/16/2023 18:58,18026.75,18027.75,18026.75,18026.75,18,0,18032.78996
7/16/2023 18:59,18027,18027.75,18026,18027.25,33,0,18032.74572
7/16/2023 19:00,18026.75,18027,18025.75,18026.5,19,0,18032.71799
7/16/2023 19:01,18026.25,18029.25,18026.25,18028.5,75,0,18032.63779
7/16/2023 19:02,18028.5,18030.25,18028,18028.25,66,0,18032.58171
7/16/2023 19:03,18028.25,18028.25,18027.25,18027.25,15,0,18032.56503
7/16/2023 19:04,18028.25,18029.75,18028.25,18029,22,0,18032.54766
7/16/2023 19:05,18028.5,18028.5,18027.75,18027.75,20,0,18032.5276
7/16/2023 19:06,18027.25,18027.5,18027,18027.25,12,0,18032.51367
7/16/2023 19:07,18027,18027.75,18025.25,18025.25,53,0,18032.43958
7/16/2023 19:08,18025.75,18026.75,18025,18026.5,32,0,18032.39567
7/16/2023 19:09,18025.75,18026.5,18025.75,18026.5,16,0,18032.37452
7/16/2023 19:10,18025.75,18026.75,18024.25,18025.25,73,0,18032.26693
7/16/2023 19:11,18025.25,18025.25,18022.5,18022.75,68,0,18032.14244
7/16/2023 19:12,18022.25,18024.5,18021.75,18024.5,30,0,18032.08916
7/16/2023 19:13,18024.25,18026,18024,18025.25,42,0,18032.02863
7/16/2023 19:14,18025.5,18025.75,18024.25,18024.25,17,0,18032.00326
7/16/2023 19:15,18024.5,18025.25,18024.5,18025.25,3,0,18031.99896
7/16/2023 19:16,18024.75,18024.75,18024,18024,22,0,18031.96419
7/16/2023 19:17,18023.75,18024.25,18021.75,18022,73,0,18031.82779
7/16/2023 19:18,18022,18022.75,18017,18017.75,140,0,18031.48132
7/16/2023 19:19,18018,18019.25,18017.5,18018.25,67,0,18031.31135
7/16/2023 19:20,18018.75,18018.75,18016,18016,60,0,18031.14662
7/16/2023 19:21,18016.5,18019.25,18016.25,18019,53,0,18031.01673
7/16/2023 19:22,18018.5,18018.75,18016.75,18017,43,0,18030.90786
7/16/2023 19:23,18017,18018,18015.25,18016.5,135,0,18030.55459
7/16/2023 19:24,18016.25,18016.5,18014.75,18015.25,35,0,18030.45895
7/16/2023 19:25,18015.5,18015.5,18010.75,18011.75,233,0,18029.73697
7/16/2023 19:26,18011.75,18013,18010.5,18012,92,0,18029.45463
7/16/2023 19:27,18012.5,18014,18012.5,18013.25,81,0,18029.23273
7/16/2023 19:28,18013.5,18016,18013,18014.75,133,0,18028.91058
7/16/2023 19:29,18014.25,18015.5,18013.75,18015.25,26,0,18028.85032
7/16/2023 19:30,18014.5,18015.75,18014.5,18015.75,15,0,18028.81702
7/16/2023 19:31,18015.75,18015.75,18013.25,18014,56,0,18028.68503
7/16/2023 19:32,18014,18014.75,18012.75,18014.75,40,0,18028.5906
7/16/2023 19:33,18014.75,18015.75,18014.75,18015.75,13,0,18028.56296
7/16/2023 19:34,18015.75,18018,18015.25,18017.75,70,0,18028.43383
7/16/2023 19:35,18017.25,18018,18017,18018,25,0,18028.39106
7/16/2023 19:36,18018.25,18019.25,18017.5,18019.25,49,0,18028.31592
7/16/2023 19:37,18019,18020.25,18019,18019.5,43,0,18028.25711
7/16/2023 19:38,18019.75,18021,18019.5,18020.5,18,0,18028.23484
7/16/2023 19:39,18020.25,18020.75,18019.75,18020.75,28,0,18028.2008
7/16/2023 19:40,18021,18021,18018.75,18019,55,0,18028.12772
7/16/2023 19:41,18018.75,18019,18018.75,18018.75,18,0,18028.102
7/16/2023 19:42,18018.75,18020,18018.25,18020,25,0,18028.06874
7/16/2023 19:43,18020,18020.5,18019,18019.75,21,0,18028.04207
7/16/2023 19:44,18019.75,18021.25,18019.75,18021.25,37,0,18028.00111
7/16/2023 19:45,18021,18021.5,18020.5,18021.5,43,0,18027.95679
7/16/2023 19:46,18021.5,18025,18021.25,18025,94,0,18027.89798
7/16/2023 19:47,18024.5,18024.5,18021,18021.5,71,0,18027.83983
7/16/2023 19:48,18021.5,18021.5,18019.5,18019.5,77,0,18027.75386
7/16/2023 19:49,18020,18020,18018,18019.25,71,0,18027.66519
7/16/2023 19:50,18019,18019,18016,18016,84,0,18027.5377
7/16/2023 19:51,18016.5,18018.75,18013.25,18013.5,171,0,18027.24381
7/16/2023 19:52,18014,18014.25,18009.75,18012.25,194,0,18026.84593
7/16/2023 19:53,18011.75,18013.5,18011.5,18013.5,44,0,18026.76301
7/16/2023 19:54,18012.75,18013.5,18011.25,18012.5,38,0,18026.69007
7/16/2023 19:55,18012.75,18013.25,18011.25,18013.25,41,0,18026.61311
7/16/2023 19:56,18013,18014.5,18012.75,18013.75,45,0,18026.53604
7/16/2023 19:57,18014,18014.75,18014,18014,25,0,18026.49555
7/16/2023 19:58,18014,18014.75,18013.75,18014.75,7,0,18026.48441
7/16/2023 19:59,18015,18016.25,18014.5,18015.5,20,0,18026.45533
7/16/2023 20:00,18016,18016,18014.75,18015,16,0,18026.43183
7/16/2023 20:01,18015,18015.5,18012.25,18014.75,82,0,18026.30138
7/16/2023 20:02,18014.25,18014.25,18012.25,18012.5,67,0,18026.18679
7/16/2023 20:03,18011.75,18014.5,18011.25,18014,86,0,18026.0453
7/16/2023 20:04,18014.5,18015,18014,18014.5,41,0,18025.98541
7/16/2023 20:05,18014.5,18015.5,18013.25,18015,48,0,18025.91658
7/16/2023 20:06,18015.25,18017,18014.75,18016.5,48,0,18025.85758
7/16/2023 20:07,18016,18016.25,18014.75,18016.25,21,0,18025.83112
7/16/2023 20:08,18016.25,18018,18014.75,18017.5,111,0,18025.70717
7/16/2023 20:09,18017.25,18017.25,18014.5,18015.75,51,0,18025.64563
7/16/2023 20:10,18015.75,18015.75,18014.75,18014.75,32,0,18025.60448
7/16/2023 20:11,18015,18015.25,18011.25,18011.5,65,0,18025.50292
7/16/2023 20:12,18011.25,18014.25,18010.75,18013.75,79,0,18025.38397
7/16/2023 20:13,18014.25,18016.75,18014.25,18016.5,29,0,18025.35095
7/16/2023 20:14,18016,18016.5,18015,18015,20,0,18025.32752
7/16/2023 20:15,18015.75,18016.75,18015.25,18016,22,0,18025.30317
7/16/2023 20:16,18015.75,18018.25,18015,18016.25,72,0,18025.22862
7/16/2023 20:17,18015.75,18018,18015.5,18016.75,47,0,18025.18201
7/16/2023 20:18,18016.75,18017,18015.75,18016.25,27,0,18025.15415
7/16/2023 20:19,18015.75,18016,18013,18015.5,69,0,18025.07178
7/16/2023 20:20,18016.25,18016.5,18014.25,18016.5,38,0,18025.03098
7/16/2023 20:21,18016.25,18016.25,18014.5,18014.75,27,0,18025.0004
7/16/2023 20:22,18015,18016,18014,18014,30,0,18024.96493
7/16/2023 20:23,18014,18014.25,18013.25,18014,22,0,18024.93698
7/16/2023 20:24,18013.25,18013.5,18012.5,18012.75,39,0,18024.88372
7/16/2023 20:25,18012.5,18014,18012.5,18013.5,18,0,18024.86014
7/16/2023 20:26,18013.75,18014.75,18013.75,18014.5,30,0,18024.82445
7/16/2023 20:27,18013.75,18013.75,18012.25,18012.25,30,0,18024.78366
7/16/2023 20:28,18012.25,18012.75,18012,18012.75,29,0,18024.74367
7/16/2023 20:29,18012.25,18014.25,18012.25,18013,37,0,18024.69578
7/16/2023 20:30,18013.25,18013.25,18011,18012.25,87,0,18024.57509
7/16/2023 20:31,18012.25,18013,18012,18013,30,0,18024.53567
7/16/2023 20:32,18012.75,18012.75,18011.25,18011.25,56,0,18024.45715
7/16/2023 20:33,18011.5,18015,18011.5,18014.5,45,0,18024.40415
7/16/2023 20:34,18014,18019.75,18013.75,18019,172,0,18024.27694
7/16/2023 20:35,18019.25,18021.25,18019,18020.5,223,0,18024.18299
7/16/2023 20:36,18020,18020.5,18019,18019,63,0,18024.15232
7/16/2023 20:37,18019.5,18019.75,18017.25,18019.5,92,0,18024.10194
7/16/2023 20:38,18019,18019.75,18018.5,18019.5,32,0,18024.08601
7/16/2023 20:39,18019.5,18020.5,18019.5,18019.75,32,0,18024.07236
7/16/2023 20:40,18019.75,18020,18018.25,18020,31,0,18024.05765
7/16/2023 20:41,18020.25,18028,18020,18027,239,0,18024.08007
7/16/2023 20:42,18027,18029.5,18026,18026,136,0,18024.12129
7/16/2023 20:43,18025.75,18026,18024,18024.75,96,0,18024.12872
7/16/2023 20:44,18025,18025.5,18023.5,18023.5,45,0,18024.12888
7/16/2023 20:45,18023.75,18026.25,18023.75,18024.75,49,0,18024.1326
7/16/2023 20:46,18025.5,18027.75,18025.5,18026.5,46,0,18024.14342
7/16/2023 20:47,18026,18027,18026,18026.75,21,0,18024.14833
7/16/2023 20:48,18027,18027,18025.5,18026.5,24,0,18024.15334
7/16/2023 20:49,18025.75,18027.5,18025.5,18026.25,39,0,18024.16175
7/16/2023 20:50,18025.75,18026.25,18024.75,18024.75,16,0,18024.1634
7/16/2023 20:51,18024.5,18025.25,18022.75,18025.25,111,0,18024.16605
7/16/2023 20:52,18025.5,18025.75,18022.75,18023.25,61,0,18024.16462
7/16/2023 20:53,18024.25,18025.75,18024,18025.5,38,0,18024.16788
7/16/2023 20:54,18025.5,18026,18025,18025.25,22,0,18024.17043
7/16/2023 20:55,18025,18025.25,18023.75,18024.25,47,0,18024.17151
7/16/2023 20:56,18024.25,18024.75,18023,18024.5,39,0,18024.17119
7/16/2023 20:57,18024.25,18025,18023.75,18024.5,17,0,18024.17157
7/16/2023 20:58,18024.75,18025,18024.5,18024.5,12,0,18024.17212
7/16/2023 20:59,18024.25,18024.5,18023.25,18024.5,30,0,18024.17188
7/16/2023 21:00,18024.5,18024.5,18023.5,18024,20,0,18024.17156
7/16/2023 21:01,18024.25,18026.25,18024,18026.25,54,0,18024.1781
7/16/2023 21:02,18026,18027.75,18025.75,18027.5,67,0,18024.19523
7/16/2023 21:03,18027.25,18028.5,18026.25,18028,100,0,18024.22565
7/16/2023 21:04,18028,18028.5,18027,18027.75,56,0,18024.24328
7/16/2023 21:05,18027.25,18027.25,18026.25,18026.25,33,0,18024.25016
7/16/2023 21:06,18026.25,18026.5,18023,18023.75,88,0,18024.25146
7/16/2023 21:07,18023.25,18023.5,18018.25,18018.75,125,0,18024.20682
7/16/2023 21:08,18019,18023.5,18019,18022.75,88,0,18024.18807
7/16/2023 21:09,18022.75,18025.75,18022.75,18024.75,46,0,18024.18897
7/16/2023 21:10,18025.25,18029.5,18024.75,18029.5,73,0,18024.21234
7/16/2023 21:11,18029.25,18034.25,18028.5,18029.5,253,0,18024.35135
7/16/2023 21:12,18029.5,18032.25,18028.75,18030.5,69,0,18024.3868
7/16/2023 21:13,18030.5,18032.75,18030,18032.75,61,0,18024.42456
7/16/2023 21:14,18032.5,18032.75,18030.75,18031.75,44,0,18024.45125
7/16/2023 21:15,18031.75,18034,18031.25,18033.75,67,0,18024.49843
7/16/2023 21:16,18033.75,18034.25,18032,18032.25,78,0,18024.55165
7/16/2023 21:17,18032.5,18033.25,18031.25,18033,101,0,18024.61681
7/16/2023 21:18,18033.5,18034,18032.5,18032.75,49,0,18024.65035
7/16/2023 21:19,18032.75,18033.25,18032,18032,39,0,18024.67477
7/16/2023 21:20,18032,18035.25,18031.75,18034.25,92,0,18024.74157
7/16/2023 21:21,18034.5,18035,18033.5,18034,78,0,18024.80002
7/16/2023 21:22,18034.25,18034.25,18033,18033.75,31,0,18024.82182
7/16/2023 21:23,18033.5,18035.25,18033.25,18034.5,57,0,18024.86463
7/16/2023 21:24,18034.25,18034.25,18032.5,18033.25,61,0,18024.90522
7/16/2023 21:25,18033,18033,18031.75,18032.25,71,0,18024.94643
7/16/2023 21:26,18032,18032.5,18029.75,18032,116,0,18025.00456
7/16/2023 21:27,18031.5,18032.75,18031.5,18032,52,0,18025.03295
7/16/2023 21:28,18031.75,18033.75,18031.5,18031.5,81,0,18025.07776
7/16/2023 21:29,18031.5,18032.5,18031.5,18032.25,27,0,18025.09223
7/16/2023 21:30,18032.75,18036,18032,18035.75,133,0,18025.18781
7/16/2023 21:31,18035.5,18037.5,18034.25,18036,141,0,18025.30115
7/16/2023 21:32,18035.75,18036,18034.25,18034.25,46,0,18025.33389
7/16/2023 21:33,18034.75,18035.5,18034,18034.5,26,0,18025.35198
7/16/2023 21:34,18034.25,18034.25,18031.75,18032,63,0,18025.38616
7/16/2023 21:35,18032.5,18032.75,18031.75,18032.25,41,0,18025.40697
7/16/2023 21:36,18032,18034.25,18031,18033.5,59,0,18025.43959
7/16/2023 21:37,18033.75,18033.75,18032.5,18032.75,25,0,18025.45348
7/16/2023 21:38,18032.5,18032.75,18031,18031.5,58,0,18025.4802
7/16/2023 21:39,18031.25,18031.75,18029,18030,88,0,18025.51072
7/16/2023 21:40,18029.5,18031,18028.75,18030.75,51,0,18025.52793
7/16/2023 21:41,18030.25,18030.75,18029.5,18029.5,38,0,18025.53997
7/16/2023 21:42,18030,18030.25,18029,18029,51,0,18025.55421
7/16/2023 21:43,18029.25,18029.5,18028.75,18029,32,0,18025.56232
7/16/2023 21:44,18029,18029.25,18027.75,18028.75,86,0,18025.58086
7/16/2023 21:45,18028.5,18029,18027,18028.25,74,0,18025.59401
7/16/2023 21:46,18028.5,18028.75,18027.25,18027.25,44,0,18025.60072
7/16/2023 21:47,18027,18029.25,18026.25,18028,73,0,18025.6122
7/16/2023 21:48,18028,18029.25,18027.5,18027.75,57,0,18025.62241
7/16/2023 21:49,18028.5,18031.25,18028,18030,69,0,18025.64229
7/16/2023 21:50,18030.25,18030.75,18028.75,18028.75,43,0,18025.65358
7/16/2023 21:51,18028.75,18029,18028.25,18028.75,20,0,18025.65777
7/16/2023 21:52,18028.25,18028.25,18027.25,18027.5,27,0,18025.66153
7/16/2023 21:53,18027.75,18029,18027.5,18027.5,38,0,18025.66768
7/16/2023 21:54,18027.75,18028.25,18027,18027.25,25,0,18025.67084
7/16/2023 21:55,18026.75,18027.25,18026,18027,43,0,18025.67403
7/16/2023 21:56,18027.5,18027.5,18026,18026.5,42,0,18025.6769
7/16/2023 21:57,18026.5,18026.5,18025.5,18026.5,38,0,18025.67817
7/16/2023 21:58,18026,18026.25,18025.25,18026.25,29,0,18025.67864
7/16/2023 21:59,18025.75,18027.25,18025.75,18026,44,0,18025.68061
7/16/2023 22:00,18026,18026.25,18025.25,18026,28,0,18025.6809
7/16/2023 22:01,18025.5,18025.5,18015.5,18023,481,0,18025.54319
7/16/2023 22:02,18023,18029,18023,18028.25,239,0,18025.56189
7/16/2023 22:03,18028.5,18030.25,18028.5,18029.75,99,0,18025.58701
7/16/2023 22:04,18030,18031.75,18029.25,18030.75,112,0,18025.62279
7/16/2023 22:05,18031,18031.75,18030.25,18030.75,31,0,18025.63327
7/16/2023 22:06,18031.5,18032.25,18031.25,18031.25,60,0,18025.65597
7/16/2023 22:07,18031,18031.5,18030.5,18030.75,67,0,18025.67829
7/16/2023 22:08,18030.5,18031.5,18029.25,18031,68,0,18025.69931
7/16/2023 22:09,18030.75,18032.25,18030,18032.25,53,0,18025.71863
7/16/2023 22:10,18032.5,18034,18032.5,18033.5,110,0,18025.7709
7/16/2023 22:11,18033.25,18034.5,18033,18034,98,0,18025.81991
7/16/2023 22:12,18034.25,18034.75,18032.25,18032.75,102,0,18025.86662
7/16/2023 22:13,18032.5,18033,18031.75,18032.5,21,0,18025.87508
7/16/2023 22:14,18031.75,18032,18031,18031,24,0,18025.88313
7/16/2023 22:15,18030.75,18032,18030.25,18031,42,0,18025.89652
7/16/2023 22:16,18031,18032.5,18031,18031.25,24,0,18025.90488
7/16/2023 22:17,18031,18031.5,18030.5,18031.25,22,0,18025.91184
7/16/2023 22:18,18031,18031,18029.5,18030.75,31,0,18025.92036
7/16/2023 22:19,18030.75,18032,18030.75,18031.25,22,0,18025.92762
7/16/2023 22:20,18030.75,18031.25,18030,18030.75,37,0,18025.93828
7/16/2023 22:21,18030.25,18031,18030,18031,28,0,18025.94632
7/16/2023 22:22,18031.25,18031.25,18030.25,18030.25,14,0,18025.95025
7/16/2023 22:23,18029.75,18030.75,18029.5,18030.25,44,0,18025.96147
7/16/2023 22:24,18030.25,18030.5,18029.75,18030.5,20,0,18025.96665
7/16/2023 22:25,18029.75,18031,18029.75,18030.5,12,0,18025.96988
7/16/2023 22:26,18031,18031.25,18030.5,18030.75,10,0,18025.97281
7/16/2023 22:27,18030.5,18030.75,18030.25,18030.25,8,0,18025.97496
7/16/2023 22:28,18029.75,18031.25,18029.5,18030.75,19,0,18025.98013
7/16/2023 22:29,18031,18032.25,18031,18031.25,16,0,18025.98545
7/16/2023 22:30,18031.25,18032,18031,18031,13,0,18025.98963
7/16/2023 22:31,18031.25,18031.25,18029,18029.25,49,0,18026.00092
7/16/2023 22:32,18029,18031.25,18028,18030.25,155,0,18026.0362
7/16/2023 22:33,18030.25,18030.25,18029.25,18029.75,20,0,18026.04061
7/16/2023 22:34,18030.25,18031.25,18030.25,18030.25,34,0,18026.04975
7/16/2023 22:35,18030,18030.25,18029.75,18030.25,15,0,18026.05333
7/16/2023 22:36,18030.25,18030.5,18029.75,18030.25,10,0,18026.05576
7/16/2023 22:37,18030,18030.75,18029.75,18030.75,13,0,18026.05911
7/16/2023 22:38,18030.75,18030.75,18029.25,18029.75,28,0,18026.06548
7/16/2023 22:39,18029.75,18029.75,18027.75,18029.5,57,0,18026.07531
7/16/2023 22:40,18029.5,18029.75,18029,18029.75,9,0,18026.07713
7/16/2023 22:41,18030,18030.25,18028.75,18028.75,20,0,18026.08085
7/16/2023 22:42,18028.5,18030.5,18028.5,18030.5,39,0,18026.08942
7/16/2023 22:43,18030,18031,18030,18030.25,19,0,18026.09423
7/16/2023 22:44,18030,18030,18029,18029.5,10,0,18026.09622
7/16/2023 22:45,18029.25,18029.25,18026.75,18028,55,0,18026.10232
7/16/2023 22:46,18028,18028.75,18027.75,18028.5,24,0,18026.10543
7/16/2023 22:47,18028.5,18028.5,18028.5,18028.5,1,0,18026.10557
7/16/2023 22:48,18028.5,18029,18027.25,18027.5,20,0,18026.10767
7/16/2023 22:49,18028.25,18028.5,18027.75,18028,16,0,18026.10951
7/16/2023 22:50,18028,18029.25,18028,18029,17,0,18026.11211
7/16/2023 22:51,18029,18029.25,18028.5,18029.25,15,0,18026.11462
7/16/2023 22:52,18029.25,18029.75,18028.75,18028.75,19,0,18026.11789
7/16/2023 22:53,18029.25,18029.25,18028,18029,21,0,18026.12108
7/16/2023 22:54,18029.25,18029.75,18029,18029.25,14,0,18026.12368
7/16/2023 22:55,18029.5,18030,18029,18030,9,0,18026.12552
7/16/2023 22:56,18030.25,18031.25,18029.5,18029.5,45,0,18026.13578
7/16/2023 22:57,18029.25,18029.25,18027.5,18027.5,39,0,18026.14014
7/16/2023 22:58,18027.75,18027.75,18026.75,18027,33,0,18026.14208
7/16/2023 22:59,18027.25,18028.25,18027,18027.75,19,0,18026.14374
7/16/2023 23:00,18027.75,18027.75,18027.25,18027.75,7,0,18026.14432
7/16/2023 23:01,18028,18029.5,18028,18029.25,21,0,18026.14765
7/16/2023 23:02,18029.25,18029.25,18028.5,18029,9,0,18026.14907
7/16/2023 23:03,18029.5,18030.5,18029.25,18030.25,49,0,18026.15983
7/16/2023 23:04,18029.5,18029.75,18029,18029.25,16,0,18026.16272
7/16/2023 23:05,18029,18030.25,18028.5,18030,24,0,18026.16739
7/16/2023 23:06,18030.25,18032.25,18030,18031.25,44,0,18026.17987
7/16/2023 23:07,18031,18031,18029.75,18030.75,29,0,18026.18697
7/16/2023 23:08,18030.75,18031.25,18029.75,18031,34,0,18026.19558
7/16/2023 23:09,18031.25,18031.5,18030.75,18031,25,0,18026.20247
7/16/2023 23:10,18031,18032,18030.75,18031.75,21,0,18026.20875
7/16/2023 23:11,18032,18032.75,18031.25,18031.25,48,0,18026.2237
7/16/2023 23:12,18031,18031,18029.75,18030,27,0,18026.22981
7/16/2023 23:13,18030.25,18030.25,18029.5,18029.5,17,0,18026.23316
7/16/2023 23:14,18028.5,18029.25,18028.25,18029.25,18,0,18026.23587
7/16/2023 23:15,18029.25,18029.25,18028.75,18028.75,7,0,18026.23692
7/16/2023 23:16,18028.75,18029.25,18027.5,18028,38,0,18026.2412
7/16/2023 23:17,18027.75,18029,18027.5,18028.75,30,0,18026.24484
7/16/2023 23:18,18028.75,18030.25,18028.75,18029.75,23,0,18026.24912
7/16/2023 23:19,18030,18030.75,18029,18030.25,32,0,18026.25579
7/16/2023 23:20,18030.5,18032.25,18030.5,18030.75,68,0,18026.2743
7/16/2023 23:21,18030.5,18031.5,18030.25,18031,14,0,18026.2779
7/16/2023 23:22,18031,18031,18030.75,18030.75,20,0,18026.28294
7/16/2023 23:23,18030.5,18031.75,18030.5,18031.5,17,0,18026.28761
7/16/2023 23:24,18031.5,18032,18031.25,18032,20,0,18026.29364
7/16/2023 23:25,18031.75,18032,18031.25,18031.5,32,0,18026.30297
7/16/2023 23:26,18031.75,18031.75,18030.75,18030.75,18,0,18026.3077
7/16/2023 23:27,18030.5,18030.5,18029,18029.5,39,0,18026.3149
7/16/2023 23:28,18029.25,18029.5,18028.5,18028.5,27,0,18026.31863
7/16/2023 23:29,18028.75,18029.5,18028,18029.5,18,0,18026.32127
7/16/2023 23:30,18030,18030,18029.25,18029.25,14,0,18026.32371
7/16/2023 23:31,18029.5,18030.75,18029.25,18030.25,20,0,18026.32782
7/16/2023 23:32,18030.5,18030.75,18030.25,18030.25,14,0,18026.33095
7/16/2023 23:33,18030,18030,18029,18029,13,0,18026.33308
7/16/2023 23:34,18028.75,18029.5,18028.5,18029,28,0,18026.33716
7/16/2023 23:35,18028.75,18028.75,18027.75,18028,17,0,18026.33885
7/16/2023 23:36,18027.75,18028.75,18027.25,18028.75,51,0,18026.34415
7/16/2023 23:37,18029,18030,18027.75,18029.75,75,0,18026.3556
7/16/2023 23:38,18030.25,18031,18029.5,18031,46,0,18026.36589
7/16/2023 23:39,18030.75,18031.75,18030.25,18031,49,0,18026.37811
7/16/2023 23:40,18030.75,18031.75,18030.5,18031,20,0,18026.38317
7/16/2023 23:41,18031.25,18031.25,18029.25,18029.25,38,0,18026.39038
7/16/2023 23:42,18029.25,18029.25,18029,18029,21,0,18026.39341
7/16/2023 23:43,18029,18029.5,18028.5,18028.5,45,0,18026.39928
7/16/2023 23:44,18028.5,18028.75,18027,18027,67,0,18026.40351
7/16/2023 23:45,18027,18027,18024,18025.25,138,0,18026.39631
7/16/2023 23:46,18025.25,18025.5,18024.25,18024.5,35,0,18026.39326
7/16/2023 23:47,18024.25,18025,18023.5,18024.25,52,0,18026.3874
7/16/2023 23:48,18024.25,18025.5,18024.25,18025.25,28,0,18026.38535
7/16/2023 23:49,18025.25,18025.25,18024.75,18024.75,6,0,18026.38489
7/16/2023 23:50,18024.75,18025,18024.5,18024.75,16,0,18026.38352
7/16/2023 23:51,18025,18025.25,18024.25,18025,22,0,18026.38173
7/16/2023 23:52,18025,18025.25,18024.25,18024.75,25,0,18026.37959
7/16/2023 23:53,18024.5,18024.75,18023.5,18024.25,58,0,18026.37289
7/16/2023 23:54,18024.5,18024.5,18022.5,18022.75,58,0,18026.36346
7/16/2023 23:55,18023,18023,18022.5,18023,44,0,18026.35539
7/16/2023 23:56,18023,18023.25,18021.75,18023,39,0,18026.34793
7/16/2023 23:57,18023.25,18024.25,18023,18024.25,26,0,18026.34454
7/16/2023 23:58,18024.75,18025,18023.75,18024,13,0,18026.34313
7/16/2023 23:59,18024.5,18025,18024.25,18024.75,20,0,18026.3414
7/17/2023 0:00,18024.5,18025.75,18024.5,18025.75,24,0,18026.34015
7/17/2023 0:01,18025,18025.5,18024.5,18025,28,0,18026.33822
7/17/2023 0:02,18024.5,18025,18023.75,18023.75,29,0,18026.33498
7/17/2023 0:03,18024,18024.25,18023.25,18023.25,23,0,18026.33172
7/17/2023 0:04,18023.5,18024.25,18023.5,18023.75,16,0,18026.32967
7/17/2023 0:05,18023.5,18024,18023.25,18024,18,0,18026.32729
7/17/2023 0:06,18023.75,18023.75,18023,18023,19,0,18026.32429
7/17/2023 0:07,18022.75,18024.25,18022.75,18024,53,0,18026.31709
7/17/2023 0:08,18024,18024.25,18023.5,18023.5,10,0,18026.31577
7/17/2023 0:09,18023.5,18023.5,18022.25,18022.5,27,0,18026.31086
7/17/2023 0:10,18022.25,18022.75,18021.75,18022.25,39,0,18026.30279
7/17/2023 0:11,18022.25,18022.75,18021.5,18021.5,27,0,18026.29677
7/17/2023 0:12,18021.5,18022.5,18021.5,18022.5,28,0,18026.2909
7/17/2023 0:13,18022.5,18022.75,18022,18022.25,19,0,18026.28708
7/17/2023 0:14,18022.75,18022.75,18021.75,18022.25,21,0,18026.28278
7/17/2023 0:15,18022.25,18022.5,18021.5,18022,19,0,18026.27866
7/17/2023 0:16,18022.25,18024,18022.25,18023.75,70,0,18026.26826
7/17/2023 0:17,18023.25,18024.5,18023,18024,33,0,18026.26421
7/17/2023 0:18,18024,18024.75,18024,18024.5,27,0,18026.2617
7/17/2023 0:19,18024.5,18025,18024.25,18024.25,16,0,18026.26028
7/17/2023 0:20,18024.5,18026.25,18024.5,18025,35,0,18026.25851
7/17/2023 0:21,18025,18025.75,18025,18025.25,11,0,18026.258
7/17/2023 0:22,18025.25,18025.25,18024,18024.75,31,0,18026.25553
7/17/2023 0:23,18024.75,18024.75,18023.5,18023.5,18,0,18026.25342
7/17/2023 0:24,18023.25,18024,18023.25,18023.75,17,0,18026.25122
7/17/2023 0:25,18023.5,18024.5,18023.5,18024.5,13,0,18026.24987
7/17/2023 0:26,18024.25,18024.75,18024.25,18024.5,7,0,18026.24926
7/17/2023 0:27,18024.25,18024.75,18024,18024.75,15,0,18026.24795
7/17/2023 0:28,18024.5,18024.75,18024.25,18024.75,16,0,18026.24662
7/17/2023 0:29,18024.25,18024.75,18024,18024.25,18,0,18026.24491
7/17/2023 0:30,18024.25,18024.5,18024.25,18024.5,8,0,18026.24418
7/17/2023 0:31,18024.5,18025.75,18024.5,18025.5,59,0,18026.24127
7/17/2023 0:32,18025.5,18025.5,18024.5,18025,25,0,18026.23973
7/17/2023 0:33,18025.25,18026.25,18025,18026,38,0,18026.23881
7/17/2023 0:34,18026.25,18026.75,18025.75,18026.25,34,0,18026.23882
7/17/2023 0:35,18026,18026.5,18025.75,18026,21,0,18026.23866
7/17/2023 0:36,18026.25,18026.25,18025,18025,24,0,18026.23769
7/17/2023 0:37,18024.75,18024.75,18023.25,18024.25,60,0,18026.23134
7/17/2023 0:38,18024.75,18026.75,18024.75,18026,59,0,18026.23019
7/17/2023 0:39,18026.25,18029.75,18026,18029.25,105,0,18026.24095
7/17/2023 0:40,18029.25,18030.25,18028.75,18029.5,62,0,18026.25078
7/17/2023 0:41,18029.75,18030.25,18028.75,18029,39,0,18026.25661
7/17/2023 0:42,18029.25,18029.25,18028.25,18028.5,36,0,18026.26081
7/17/2023 0:43,18028.25,18029,18028,18028.5,24,0,18026.26341
7/17/2023 0:44,18028.25,18029,18028,18028.5,30,0,18026.26666
7/17/2023 0:45,18029,18029,18028.25,18028.25,4,0,18026.26709
7/17/2023 0:46,18028,18028.75,18028,18028.75,14,0,18026.2686
7/17/2023 0:47,18028.5,18029.75,18028.5,18029,28,0,18026.2724
7/17/2023 0:48,18029.5,18029.75,18029.25,18029.5,33,0,18026.27752
7/17/2023 0:49,18029.5,18030.25,18029.5,18029.75,14,0,18026.27992
7/17/2023 0:50,18029.5,18030.25,18029.5,18030,19,0,18026.28324
7/17/2023 0:51,18030.5,18031,18029.5,18030,63,0,18026.29496
7/17/2023 0:52,18029.75,18030,18029.75,18030,3,0,18026.29548
7/17/2023 0:53,18029.75,18030,18029.25,18029.75,28,0,18026.29999
7/17/2023 0:54,18029.75,18030.25,18029.75,18030,14,0,18026.30247
7/17/2023 0:55,18030.25,18030.75,18030,18030,10,0,18026.30436
7/17/2023 0:56,18029.75,18029.75,18029,18029.25,17,0,18026.30682
7/17/2023 0:57,18029.25,18030.25,18029.25,18030,12,0,18026.30883
7/17/2023 0:58,18029.75,18030.75,18029.75,18030,17,0,18026.31196
7/17/2023 0:59,18029.75,18030,18029.5,18029.5,9,0,18026.3134
7/17/2023 1:00,18029.5,18030,18029,18030,50,0,18026.32137
7/17/2023 1:01,18029.75,18032,18029.5,18031.75,77,0,18026.33874
7/17/2023 1:02,18032,18032.5,18031.75,18031.75,38,0,18026.34891
7/17/2023 1:03,18032,18032.25,18031.25,18031.25,23,0,18026.3546
7/17/2023 1:04,18031.25,18031.25,18030.25,18031.25,38,0,18026.36277
7/17/2023 1:05,18031.5,18032.5,18031,18031.5,39,0,18026.37251
7/17/2023 1:06,18031.75,18032.5,18030.75,18030.75,29,0,18026.37927
7/17/2023 1:07,18031,18031.5,18030.75,18031,29,0,18026.38567
7/17/2023 1:08,18030.75,18031.5,18030.25,18030.5,37,0,18026.39324
7/17/2023 1:09,18030.25,18030.5,18029.25,18030,30,0,18026.39819
7/17/2023 1:10,18030.5,18031.25,18030.25,18030.25,24,0,18026.40288
7/17/2023 1:11,18030,18032.5,18030,18032.25,19,0,18026.40748
7/17/2023 1:12,18032.25,18033.75,18032.25,18033.25,62,0,18026.42675
7/17/2023 1:13,18033.25,18035.5,18033.25,18035.5,111,0,18026.46954
7/17/2023 1:14,18035.5,18035.5,18034.75,18035.25,44,0,18026.48723
7/17/2023 1:15,18035.25,18036.25,18035,18035.5,74,0,18026.51824
7/17/2023 1:16,18035.5,18037,18034.75,18035,123,0,18026.56932
7/17/2023 1:17,18034.75,18034.75,18034,18034.25,25,0,18026.5782
7/17/2023 1:18,18033.75,18035,18033.5,18034.75,57,0,18026.59859
7/17/2023 1:19,18034.75,18035,18032.75,18033.5,40,0,18026.61162
7/17/2023 1:20,18033.25,18039.5,18033.25,18039,258,0,18026.7352
7/17/2023 1:21,18039,18039.75,18037,18037.75,110,0,18026.79154
7/17/2023 1:22,18037.5,18037.5,18036.5,18037.5,29,0,18026.805
7/17/2023 1:23,18037.25,18037.25,18034.25,18034.5,46,0,18026.82252
7/17/2023 1:24,18034.75,18035,18033.5,18033.5,48,0,18026.83787
7/17/2023 1:25,18034,18034.5,18033.25,18034.25,27,0,18026.84647
7/17/2023 1:26,18035,18035.75,18034.5,18034.75,37,0,18026.85988
7/17/2023 1:27,18035,18036,18034.75,18035.5,34,0,18026.87278
7/17/2023 1:28,18035,18035,18034.5,18034.75,15,0,18026.87802
7/17/2023 1:29,18034.5,18034.5,18033,18034,51,0,18026.89371
7/17/2023 1:30,18034.25,18034.75,18033,18034.75,32,0,18026.90399
7/17/2023 1:31,18034.75,18035.25,18033.5,18034.25,66,0,18026.92559
7/17/2023 1:32,18034.75,18036.75,18034.75,18035.25,121,0,18026.97148
7/17/2023 1:33,18035.5,18036.25,18035,18035,25,0,18026.98072
7/17/2023 1:34,18035.25,18036.5,18034.75,18036.5,21,0,18026.98893
7/17/2023 1:35,18036,18037.75,18035.5,18036.5,43,0,18027.00693
7/17/2023 1:36,18036.75,18037.5,18035.75,18037,50,0,18027.02814
7/17/2023 1:37,18036.5,18037.25,18036,18036.25,21,0,18027.0368
7/17/2023 1:38,18036,18036,18035.25,18035.75,35,0,18027.04992
7/17/2023 1:39,18035,18035.25,18033.75,18034.75,32,0,18027.06038
7/17/2023 1:40,18034.75,18035.75,18034.5,18035.25,28,0,18027.07021
7/17/2023 1:41,18035.25,18036,18035.25,18036,9,0,18027.07359
7/17/2023 1:42,18035,18035,18033.75,18034.5,23,0,18027.0809
7/17/2023 1:43,18035,18036,18034.75,18035.75,12,0,18027.08527
7/17/2023 1:44,18035,18035,18034.5,18034.5,6,0,18027.08724
7/17/2023 1:45,18034.75,18037.5,18034.75,18036.5,81,0,18027.11921
7/17/2023 1:46,18036.5,18036.5,18036,18036,21,0,18027.12739
7/17/2023 1:47,18036.25,18036.25,18034.75,18035,26,0,18027.13656
7/17/2023 1:48,18034.75,18036,18034.75,18036,8,0,18027.13946
7/17/2023 1:49,18035.75,18036.25,18035.25,18035.25,21,0,18027.14708
7/17/2023 1:50,18035,18035,18033.25,18034,28,0,18027.15541
7/17/2023 1:51,18034.25,18034.5,18033,18033.5,42,0,18027.16712
7/17/2023 1:52,18033.75,18034.25,18033,18033.25,27,0,18027.17443
7/17/2023 1:53,18033,18034.5,18032.75,18034.5,37,0,18027.18508
7/17/2023 1:54,18034.5,18036.25,18034.25,18035.25,31,0,18027.19574
7/17/2023 1:55,18035,18035,18033.25,18033.5,18,0,18027.20089
7/17/2023 1:56,18033.25,18034,18033,18033.5,20,0,18027.20626
7/17/2023 1:57,18033.5,18034.5,18030.5,18033,160,0,18027.2432
7/17/2023 1:58,18033,18033.75,18033,18033,38,0,18027.25283
7/17/2023 1:59,18032.5,18032.5,18031.5,18032,18,0,18027.25644
7/17/2023 2:00,18031.75,18031.75,18030.75,18031.25,39,0,18027.263
7/17/2023 2:01,18031,18031.25,18028.25,18028.75,139,0,18027.27553
7/17/2023 2:02,18029.5,18030.75,18029,18029,89,0,18027.2841
7/17/2023 2:03,18029.25,18032.25,18028.75,18031.5,74,0,18027.29502
7/17/2023 2:04,18031.25,18032,18030.25,18030.5,63,0,18027.30448
7/17/2023 2:05,18030.75,18031.25,18029,18029,50,0,18027.30954
7/17/2023 2:06,18029,18030.25,18027,18029.25,121,0,18027.31713
7/17/2023 2:07,18029,18029,18027,18027.5,68,0,18027.31858
7/17/2023 2:08,18027.5,18028.25,18024.5,18027.5,146,0,18027.31519
7/17/2023 2:09,18028,18032.25,18027.75,18031.5,53,0,18027.32206
7/17/2023 2:10,18030.75,18031.75,18028.75,18028.75,48,0,18027.3268
7/17/2023 2:11,18029.5,18031.25,18029.5,18030,20,0,18027.32918
7/17/2023 2:12,18030,18030.75,18028.25,18029,62,0,18027.33421
7/17/2023 2:13,18028.5,18028.75,18027,18028.75,40,0,18027.33556
7/17/2023 2:14,18029,18030,18028.5,18028.5,13,0,18027.33643
7/17/2023 2:15,18028.5,18028.75,18027.25,18027.75,26,0,18027.33704
7/17/2023 2:16,18028.25,18031.25,18028,18029.75,74,0,18027.34398
7/17/2023 2:17,18029.25,18032,18029.25,18031.5,60,0,18027.3526
7/17/2023 2:18,18031.25,18032,18030.75,18031,27,0,18027.35682
7/17/2023 2:19,18030.25,18033,18030.25,18032.25,54,0,18027.3665
7/17/2023 2:20,18032.5,18033.25,18031.75,18031.75,37,0,18027.37372
7/17/2023 2:21,18032.5,18035,18032.5,18034,57,0,18027.38841
7/17/2023 2:22,18034.25,18034.25,18031.25,18031.25,70,0,18027.40195
7/17/2023 2:23,18031.75,18033.75,18031.75,18033.75,31,0,18027.40895
7/17/2023 2:24,18033.5,18033.5,18031.5,18031.5,28,0,18027.41424
7/17/2023 2:25,18031.25,18031.25,18030.25,18031,18,0,18027.41668
7/17/2023 2:26,18030.75,18032.25,18030,18032.25,36,0,18027.4225
7/17/2023 2:27,18032.75,18033.25,18032.25,18032.5,38,0,18027.43038
7/17/2023 2:28,18032,18032.75,18031.25,18032.5,43,0,18027.43842
7/17/2023 2:29,18033,18034.75,18033,18034.25,22,0,18027.44411
7/17/2023 2:30,18034.5,18035.25,18033.25,18034.5,27,0,18027.45144
7/17/2023 2:31,18034.5,18036.25,18033.25,18035.5,48,0,18027.46569
7/17/2023 2:32,18035.25,18035.75,18034.75,18035.25,35,0,18027.47639
7/17/2023 2:33,18034.25,18034.25,18033,18034.25,45,0,18027.48761
7/17/2023 2:34,18034,18034.5,18033.5,18034,24,0,18027.49373
7/17/2023 2:35,18034.5,18035,18033.75,18035,21,0,18027.49955
7/17/2023 2:36,18035.25,18035.25,18031.75,18032.25,39,0,18027.50806
7/17/2023 2:37,18032.5,18033.25,18032.5,18033.25,45,0,18027.5177
7/17/2023 2:38,18033.25,18035.75,18033.25,18035.25,35,0,18027.52756
7/17/2023 2:39,18035.5,18036.75,18035.5,18036.5,29,0,18027.5374
7/17/2023 2:40,18036.75,18037.75,18036.25,18037,61,0,18027.55981
7/17/2023 2:41,18037.25,18038.25,18037.25,18038,41,0,18027.57613
7/17/2023 2:42,18038,18039.5,18037.75,18038.5,105,0,18027.62074
7/17/2023 2:43,18038.75,18039.5,18037.75,18038,50,0,18027.64154
7/17/2023 2:44,18038.25,18039.5,18037.5,18039,73,0,18027.67246
7/17/2023 2:45,18039,18041.75,18038.75,18040.75,138,0,18027.73966
7/17/2023 2:46,18041,18044,18041,18043.75,172,0,18027.83877
7/17/2023 2:47,18043.5,18043.5,18040,18041.25,118,0,18027.90006
7/17/2023 2:48,18041.25,18042.5,18040.25,18042.5,50,0,18027.92619
7/17/2023 2:49,18042.25,18043.5,18042,18042.25,40,0,18027.94827
7/17/2023 2:50,18042.5,18043.75,18042.25,18042.75,50,0,18027.97641
7/17/2023 2:51,18042.75,18043.25,18041.25,18042.75,50,0,18028.0035
7/17/2023 2:52,18042.75,18045.75,18040.5,18042.5,198,0,18028.11349
7/17/2023 2:53,18042.25,18042.25,18039.5,18040,66,0,18028.14407
7/17/2023 2:54,18039.75,18040.5,18039.5,18039.75,41,0,18028.16197
7/17/2023 2:55,18039.25,18039.25,18038.25,18038.25,34,0,18028.1751
7/17/2023 2:56,18038.5,18040.5,18038.25,18040.5,44,0,18028.19394
7/17/2023 2:57,18040.25,18042.25,18040.25,18042,50,0,18028.21851
7/17/2023 2:58,18042,18042.75,18041.25,18042.25,40,0,18028.23896
7/17/2023 2:59,18041.75,18043,18041.75,18043,31,0,18028.25533
7/17/2023 3:00,18042.5,18043.5,18041.5,18042.75,55,0,18028.2843
7/17/2023 3:01,18043,18046.25,18040,18043.75,448,0,18028.52808
7/17/2023 3:02,18044,18047.25,18037,18038,224,0,18028.62627
7/17/2023 3:03,18037.75,18046.25,18035.75,18042.5,428,0,18028.82092
7/17/2023 3:04,18042.25,18044.25,18039.25,18040.5,80,0,18028.85618
7/17/2023 3:05,18041,18044.5,18040,18044.5,69,0,18028.89047
7/17/2023 3:06,18043.75,18049.5,18043.5,18045.5,281,0,18029.0594
7/17/2023 3:07,18046,18053.25,18046,18050.5,217,0,18029.21571
7/17/2023 3:08,18050.25,18052,18049,18050.25,113,0,18029.29813
7/17/2023 3:09,18049.75,18052,18049.25,18052,64,0,18029.34599
7/17/2023 3:10,18051.25,18054.75,18051.25,18052.5,183,0,18029.49261
7/17/2023 3:11,18052.25,18054.25,18051.25,18053.25,115,0,18029.58414
7/17/2023 3:12,18053.75,18055,18051,18052,98,0,18029.66075
7/17/2023 3:13,18052.25,18062,18052.25,18059.25,711,0,18030.32316
7/17/2023 3:14,18060,18060.75,18058.25,18060,187,0,18030.50351
7/17/2023 3:15,18059.75,18062.75,18059.5,18061.5,150,0,18030.65434
7/17/2023 3:16,18061,18062,18059.75,18059.75,130,0,18030.7807
7/17/2023 3:17,18060,18060.75,18057.5,18060.25,151,0,18030.92124
7/17/2023 3:18,18059.75,18060.75,18056,18056.5,135,0,18031.03811
7/17/2023 3:19,18056.5,18058.5,18054.5,18058.5,110,0,18031.13052
7/17/2023 3:20,18058.25,18060.25,18057.75,18060.25,84,0,18031.20671
7/17/2023 3:21,18059.75,18059.75,18057.75,18058,62,0,18031.26086
7/17/2023 3:22,18057.75,18061.75,18057.25,18058.25,108,0,18031.35669
7/17/2023 3:23,18058.25,18064,18057.25,18057.75,287,0,18031.61346
7/17/2023 3:24,18058,18061.75,18058,18060.5,65,0,18031.67182
7/17/2023 3:25,18059.5,18063.75,18059.5,18063,135,0,18031.80075
7/17/2023 3:26,18062.5,18063.25,18060.75,18061.75,51,0,18031.84891
7/17/2023 3:27,18061.75,18061.75,18060,18060.5,69,0,18031.9113
7/17/2023 3:28,18060.5,18061.75,18059.25,18059.25,97,0,18031.99654
7/17/2023 3:29,18059.25,18063.5,18059.25,18062.5,115,0,18032.10288
7/17/2023 3:30,18062,18066.5,18061.25,18066,146,0,18032.2496
7/17/2023 3:31,18065.25,18067.25,18061.75,18062.5,325,0,18032.56403
7/17/2023 3:32,18063,18063.25,18061,18061.75,81,0,18032.63688
7/17/2023 3:33,18062,18062,18060.5,18062,76,0,18032.70375
7/17/2023 3:34,18061.5,18062.5,18059.25,18062.5,116,0,18032.80493
7/17/2023 3:35,18062.5,18064.25,18062.5,18064.25,52,0,18032.8536
7/17/2023 3:36,18064.25,18065.5,18063.25,18063.25,87,0,18032.93557
7/17/2023 3:37,18062.5,18063.75,18061.5,18062.25,69,0,18032.99715
7/17/2023 3:38,18061.75,18063.25,18060.75,18063.25,21,0,18033.01579
7/17/2023 3:39,18063.25,18065.5,18061.5,18062.5,119,0,18033.12364
7/17/2023 3:40,18062.5,18067,18062.5,18064.25,126,0,18033.24235
7/17/2023 3:41,18064,18070,18064,18067.75,158,0,18033.4025
7/17/2023 3:42,18067.75,18068.5,18065.5,18066.25,74,0,18033.47589
7/17/2023 3:43,18066.25,18066.5,18065,18066.25,50,0,18033.52406
7/17/2023 3:44,18066,18067.5,18065.75,18066.5,33,0,18033.55642
7/17/2023 3:45,18066.25,18066.25,18064,18064.75,82,0,18033.63273
7/17/2023 3:46,18064.25,18065.75,18061.75,18062.5,72,0,18033.69588
7/17/2023 3:47,18062,18062.75,18059.5,18060.25,127,0,18033.79728
7/17/2023 3:48,18060,18060.5,18057,18060.5,142,0,18033.90352
7/17/2023 3:49,18060.5,18064.5,18060.25,18062.25,119,0,18034.0023
7/17/2023 3:50,18062.5,18066.75,18062.5,18064.25,148,0,18034.13352
7/17/2023 3:51,18064.75,18065,18062.25,18063.5,66,0,18034.18991
7/17/2023 3:52,18063.5,18065.25,18063.5,18065.25,29,0,18034.21554
7/17/2023 3:53,18064.75,18066,18064,18065.25,38,0,18034.24951
7/17/2023 3:54,18065.75,18067.5,18065.5,18066.5,47,0,18034.29334
7/17/2023 3:55,18066.25,18068,18065.75,18068,54,0,18034.34473
7/17/2023 3:56,18067.5,18067.75,18064.25,18065,53,0,18034.39259
7/17/2023 3:57,18064.5,18066.5,18062,18063,249,0,18034.60244
7/17/2023 3:58,18063,18063.75,18060,18060.75,102,0,18034.68074
7/17/2023 3:59,18061,18062.5,18061,18061.25,56,0,18034.72367
7/17/2023 4:00,18062,18064.75,18061.5,18064.5,87,0,18034.79505
7/17/2023 4:01,18064.75,18065.5,18061.25,18063.5,158,0,18034.92302
7/17/2023 4:02,18064,18065,18061.5,18062,103,0,18035.00414
7/17/2023 4:03,18062.75,18065.25,18062.5,18065,93,0,18035.08068
7/17/2023 4:04,18065.25,18065.75,18062.5,18062.5,141,0,18035.19334
7/17/2023 4:05,18062.5,18064,18062.5,18062.75,43,0,18035.22691
7/17/2023 4:06,18063.25,18064.75,18062.75,18064.5,76,0,18035.28801
7/17/2023 4:07,18065,18068.5,18065,18066.5,110,0,18035.38415
7/17/2023 4:08,18066.25,18067,18065.25,18066,66,0,18035.44048
7/17/2023 4:09,18066.5,18068.25,18065.5,18068,75,0,18035.50667
7/17/2023 4:10,18068.25,18071.75,18068.25,18071.5,180,0,18035.68055
7/17/2023 4:11,18071.75,18074,18071,18071.5,295,0,18035.97528
7/17/2023 4:12,18071.75,18071.75,18069.75,18070,131,0,18036.09869
7/17/2023 4:13,18070,18070.75,18068.75,18069.5,112,0,18036.20096
7/17/2023 4:14,18070,18071.75,18069.25,18069.5,144,0,18036.33348
7/17/2023 4:15,18069.25,18073.5,18069.25,18073,154,0,18036.48135
7/17/2023 4:16,18073,18074.5,18071.25,18073.25,193,0,18036.67054
7/17/2023 4:17,18073.5,18073.5,18071,18071.25,84,0,18036.74984
7/17/2023 4:18,18071.25,18071.25,18069.5,18071.25,136,0,18036.87293
7/17/2023 4:19,18071,18072.5,18069.75,18072.5,91,0,18036.95702
7/17/2023 4:20,18072.5,18075,18072.5,18074.5,110,0,18037.06518
7/17/2023 4:21,18074.25,18075,18072.25,18074.75,121,0,18037.18342
7/17/2023 4:22,18074.5,18076.75,18074.25,18076,132,0,18037.31736
7/17/2023 4:23,18075.75,18075.75,18072.75,18073.25,104,0,18037.41744
7/17/2023 4:24,18073,18073.25,18071.75,18072,71,0,18037.48251
7/17/2023 4:25,18072.75,18073.75,18071.75,18073.25,63,0,18037.541
7/17/2023 4:26,18073.75,18074.75,18072.25,18074.5,48,0,18037.58659
7/17/2023 4:27,18074.5,18074.5,18072,18073.75,61,0,18037.64369
7/17/2023 4:28,18073.5,18074.75,18073.25,18074.75,29,0,18037.67141
7/17/2023 4:29,18074.5,18075,18073.5,18074.5,40,0,18037.70965
7/17/2023 4:30,18074.25,18074.25,18072,18072.25,61,0,18037.76544
7/17/2023 4:31,18072,18072.25,18069,18069.5,148,0,18037.89015
7/17/2023 4:32,18069.25,18069.75,18066.75,18069.5,213,0,18038.05926
7/17/2023 4:33,18069,18070.25,18067.75,18070.25,78,0,18038.12222
7/17/2023 4:34,18070.25,18070.5,18068.25,18069,25,0,18038.14225
7/17/2023 4:35,18068.5,18072.5,18067.75,18070,167,0,18038.2789
7/17/2023 4:36,18069.5,18070.25,18068.25,18070.25,56,0,18038.32374
7/17/2023 4:37,18069.5,18070.75,18069.25,18070.25,24,0,18038.34323
7/17/2023 4:38,18070.25,18071.75,18069.75,18071.25,38,0,18038.37484
7/17/2023 4:39,18071.25,18072.75,18070.25,18070.5,46,0,18038.41332
7/17/2023 4:40,18071,18071.75,18070.75,18071.75,29,0,18038.43772
7/17/2023 4:41,18071,18072,18070,18070.25,54,0,18038.48214
7/17/2023 4:42,18069.75,18069.75,18064,18066.25,214,0,18038.63485
7/17/2023 4:43,18066.75,18066.75,18063.25,18064,89,0,18038.69338
7/17/2023 4:44,18063.75,18064.5,18062.75,18063,116,0,18038.76562
7/17/2023 4:45,18062.5,18064.25,18061.25,18061.75,124,0,18038.83926
7/17/2023 4:46,18061.5,18062.25,18061,18062,111,0,18038.90294
7/17/2023 4:47,18061.75,18064.25,18061.5,18064.25,115,0,18038.97309
7/17/2023 4:48,18063.25,18064.5,18063.25,18063.75,53,0,18039.00594
7/17/2023 4:49,18063.75,18064.75,18063.75,18063.75,45,0,18039.03405
7/17/2023 4:50,18063.75,18064.75,18063.25,18063.75,86,0,18039.08723
7/17/2023 4:51,18063.5,18066.5,18063.5,18066,91,0,18039.14646
7/17/2023 4:52,18065.75,18066.75,18064.5,18064.5,101,0,18039.21168
7/17/2023 4:53,18064.5,18064.5,18062.5,18064,128,0,18039.28886
7/17/2023 4:54,18063.5,18064,18060.75,18062.5,97,0,18039.34405
7/17/2023 4:55,18062.25,18063,18061.25,18062.25,99,0,18039.39949
7/17/2023 4:56,18062.25,18062.25,18060,18060.5,102,0,18039.45321
7/17/2023 4:57,18060,18062,18059,18061,134,0,18039.52257
7/17/2023 4:58,18060.75,18061.5,18059.75,18059.75,63,0,18039.55451
7/17/2023 4:59,18059.75,18060.25,18059,18059.5,68,0,18039.58763
7/17/2023 5:00,18060,18060.25,18058.5,18059.25,103,0,18039.63697
7/17/2023 5:01,18059,18059.75,18058.5,18059.5,116,0,18039.69201
7/17/2023 5:02,18059.75,18060.25,18059,18059.25,157,0,18039.76695
7/17/2023 5:03,18059.5,18059.5,18058,18058,97,0,18039.81064
7/17/2023 5:04,18058.5,18059.75,18058.25,18059.25,55,0,18039.8361
7/17/2023 5:05,18059.25,18059.75,18057,18057,103,0,18039.8807
7/17/2023 5:06,18057,18059,18055,18055.75,228,0,18039.97142
7/17/2023 5:07,18055.75,18055.75,18052,18052,240,0,18040.04691
7/17/2023 5:08,18052.5,18053.5,18050.75,18052.75,219,0,18040.11032
7/17/2023 5:09,18052.75,18053.75,18051.25,18051.75,105,0,18040.14028
7/17/2023 5:10,18052,18052.5,18050.5,18051.25,75,0,18040.16013
7/17/2023 5:11,18051.5,18052,18050,18051.25,128,0,18040.19284
7/17/2023 5:12,18051.25,18054.25,18050,18053.75,126,0,18040.2295
7/17/2023 5:13,18053.25,18054.5,18052.25,18053.75,82,0,18040.25483
7/17/2023 5:14,18053.75,18054,18050.25,18052,99,0,18040.28204
7/17/2023 5:15,18052.25,18052.5,18051,18052.25,41,0,18040.29311
7/17/2023 5:16,18052.75,18053.25,18051,18053.25,67,0,18040.31206
7/17/2023 5:17,18053,18056,18052.75,18056,99,0,18040.34548
7/17/2023 5:18,18055.5,18059,18055.25,18057.75,196,0,18040.4221
7/17/2023 5:19,18057,18059.5,18057,18058.5,54,0,18040.44433
7/17/2023 5:20,18058.75,18058.75,18057.5,18058.25,31,0,18040.45695
7/17/2023 5:21,18058.25,18059.25,18057.75,18058.75,89,0,18040.49393
7/17/2023 5:22,18058.75,18061.5,18058.5,18059.25,313,0,18040.63109
7/17/2023 5:23,18059.5,18060.5,18055.5,18055.5,86,0,18040.66339
7/17/2023 5:24,18055.5,18056.5,18054,18054,71,0,18040.68621
7/17/2023 5:25,18053.5,18054.5,18051.75,18051.75,72,0,18040.70574
7/17/2023 5:26,18051.5,18052.75,18049,18052.25,119,0,18040.73429
7/17/2023 5:27,18052.5,18054.75,18052.25,18053.75,62,0,18040.75225
7/17/2023 5:28,18054,18054.5,18052.75,18053,30,0,18040.76082
7/17/2023 5:29,18052.75,18055.75,18052.75,18054.75,60,0,18040.77925
7/17/2023 5:30,18054.5,18055.25,18052.75,18053.25,78,0,18040.80198
7/17/2023 5:31,18053.25,18055.25,18051,18054.5,127,0,18040.83834
7/17/2023 5:32,18054.75,18057.5,18054,18056.25,130,0,18040.88211
7/17/2023 5:33,18056,18058.5,18055.25,18058.25,84,0,18040.91292
7/17/2023 5:34,18058.5,18058.5,18056.75,18058.25,56,0,18040.93401
7/17/2023 5:35,18058.75,18058.75,18056.75,18057.25,91,0,18040.96768
7/17/2023 5:36,18057.75,18058.25,18056.5,18058,40,0,18040.98243
7/17/2023 5:37,18058,18058,18055.5,18056.25,76,0,18041.00871
7/17/2023 5:38,18056.75,18056.75,18055.25,18055.75,46,0,18041.02389
7/17/2023 5:39,18055.5,18057.25,18053.75,18054.5,129,0,18041.06417
7/17/2023 5:40,18054.75,18054.75,18051.5,18053,142,0,18041.10173
7/17/2023 5:41,18052.25,18054.5,18051,18054,205,0,18041.15591
7/17/2023 5:42,18054.25,18056.5,18054,18056,99,0,18041.18696
7/17/2023 5:43,18056.25,18056.25,18051,18051,106,0,18041.21369
7/17/2023 5:44,18051.25,18051.25,18048.75,18049.75,134,0,18041.23905
7/17/2023 5:45,18049.25,18052.25,18049.25,18050,61,0,18041.25132
7/17/2023 5:46,18050,18052.75,18049.75,18051.5,59,0,18041.26422
7/17/2023 5:47,18051.25,18052.25,18050.5,18051,72,0,18041.27979
7/17/2023 5:48,18051.5,18051.5,18045,18046.75,184,0,18041.30547
7/17/2023 5:49,18046.25,18048,18045,18045,117,0,18041.31729
7/17/2023 5:50,18045,18045,18041.25,18042.5,423,0,18041.33171
7/17/2023 5:51,18042.5,18044,18040.25,18042,199,0,18041.33489
7/17/2023 5:52,18042,18042,18038.25,18039.5,204,0,18041.32877
7/17/2023 5:53,18039.25,18040.25,18036,18037.25,244,0,18041.31083
7/17/2023 5:54,18037.25,18039,18035,18035,133,0,18041.29695
7/17/2023 5:55,18035,18038.75,18035,18038.5,98,0,18041.28899
7/17/2023 5:56,18038,18040.25,18035.75,18040.25,152,0,18041.28094
7/17/2023 5:57,18040.5,18040.5,18036.5,18037,66,0,18041.27643
7/17/2023 5:58,18037.5,18038,18036,18037,45,0,18041.27242
7/17/2023 5:59,18036.75,18038.25,18035.75,18037.25,145,0,18041.25982
7/17/2023 6:00,18036.75,18039.25,18036.25,18037.25,84,0,18041.25342
7/17/2023 6:01,18037.25,18040.25,18036.75,18039.25,171,0,18041.24458
7/17/2023 6:02,18039.5,18041.25,18038,18040.75,102,0,18041.24197
7/17/2023 6:03,18041,18041,18038.75,18038.75,119,0,18041.23771
7/17/2023 6:04,18039.25,18039.75,18037.25,18039.75,60,0,18041.23485
7/17/2023 6:05,18040.25,18040.25,18039,18039.5,37,0,18041.23359
7/17/2023 6:06,18039.5,18042,18038.75,18042,70,0,18041.23314
7/17/2023 6:07,18041.75,18042.5,18040.75,18040.75,130,0,18041.23341
7/17/2023 6:08,18040,18041.25,18037,18037.75,228,0,18041.22151
7/17/2023 6:09,18037.75,18038.5,18036.75,18037,54,0,18041.21734
7/17/2023 6:10,18036.75,18038.75,18036.75,18038.25,46,0,18041.21426
7/17/2023 6:11,18037.75,18041.25,18037.75,18040.25,72,0,18041.21212
7/17/2023 6:12,18040.75,18041,18038.5,18038.75,28,0,18041.2111
7/17/2023 6:13,18039,18040,18036,18037,89,0,18041.20473
7/17/2023 6:14,18037.25,18039,18036,18038.75,82,0,18041.19929
7/17/2023 6:15,18039,18040,18038,18038,38,0,18041.19734
7/17/2023 6:16,18037.75,18038,18030.5,18030.5,351,0,18041.13974
7/17/2023 6:17,18030.25,18030.5,18027,18028,293,0,18041.06602
7/17/2023 6:18,18028,18030.75,18027.75,18029,165,0,18041.02707
7/17/2023 6:19,18029.5,18033,18029.5,18031.5,90,0,18041.00979
7/17/2023 6:20,18031.25,18039,18031,18037.75,201,0,18040.9896
7/17/2023 6:21,18038.25,18039.5,18035,18035.5,152,0,18040.97668
7/17/2023 6:22,18035.25,18036.75,18032.75,18034,137,0,18040.95927
7/17/2023 6:23,18034.75,18038.5,18034.75,18038.5,56,0,18040.9552
7/17/2023 6:24,18038.5,18039.25,18037.25,18038.25,49,0,18040.95261
7/17/2023 6:25,18038.5,18040.5,18038.25,18039,91,0,18040.94958
7/17/2023 6:26,18039,18039,18036.75,18037.5,52,0,18040.94634
7/17/2023 6:27,18037,18038.5,18037,18038,33,0,18040.94433
7/17/2023 6:28,18038.25,18039,18037.25,18038,49,0,18040.9416
7/17/2023 6:29,18037.75,18039.75,18037.75,18039,66,0,18040.93889
7/17/2023 6:30,18039.25,18039.75,18038,18039,64,0,18040.93638
7/17/2023 6:31,18038.75,18040.25,18037.25,18040,78,0,18040.9337
7/17/2023 6:32,18039.75,18040.75,18038.5,18039.5,76,0,18040.93171
7/17/2023 6:33,18039.5,18039.5,18037,18037.25,52,0,18040.92867
7/17/2023 6:34,18037.5,18042,18037.5,18041.75,63,0,18040.92805
7/17/2023 6:35,18041.75,18043.25,18041.25,18043,120,0,18040.93169
7/17/2023 6:36,18043,18043.75,18038.5,18039,155,0,18040.93015
7/17/2023 6:37,18038.5,18041.75,18038,18040.5,53,0,18040.92929
7/17/2023 6:38,18040.25,18040.25,18038,18038,45,0,18040.92741
7/17/2023 6:39,18037.75,18039.75,18037.75,18038.75,48,0,18040.9254
7/17/2023 6:40,18039,18039.5,18038,18039,21,0,18040.92456
7/17/2023 6:41,18039,18040,18038.25,18039.25,31,0,18040.92352
7/17/2023 6:42,18039.75,18039.75,18037.5,18038.5,85,0,18040.91971
7/17/2023 6:43,18039,18040.5,18039,18039.5,51,0,18040.91849
7/17/2023 6:44,18039.5,18041.5,18039.25,18039.75,107,0,18040.91695
7/17/2023 6:45,18039.75,18041,18038.75,18040.5,42,0,18040.91629
7/17/2023 6:46,18040.25,18041.75,18039.75,18041.75,80,0,18040.91654
7/17/2023 6:47,18041.5,18045,18041.5,18045,92,0,18040.92164
7/17/2023 6:48,18044.75,18046.5,18044.25,18045.75,126,0,18040.93257
7/17/2023 6:49,18045.75,18047,18045.5,18045.75,76,0,18040.93998
7/17/2023 6:50,18045.5,18046.5,18044,18044.5,94,0,18040.94719
7/17/2023 6:51,18044,18045,18043.25,18043.25,75,0,18040.95127
7/17/2023 6:52,18043.25,18044.5,18041.25,18041.5,112,0,18040.95436
7/17/2023 6:53,18041.25,18041.75,18039.5,18040.75,109,0,18040.95377
7/17/2023 6:54,18041,18041.25,18038.5,18041.25,115,0,18040.95243
7/17/2023 6:55,18040.75,18041,18039.5,18040.25,44,0,18040.95185
7/17/2023 6:56,18040.75,18043.25,18040.75,18041.5,81,0,18040.95319
7/17/2023 6:57,18041.25,18041.75,18039.25,18039.75,50,0,18040.95253
7/17/2023 6:58,18040,18042,18039,18039.25,111,0,18040.95073
7/17/2023 6:59,18039.5,18041.75,18039.5,18040,78,0,18040.94996
7/17/2023 7:00,18040.25,18040.75,18033,18034,422,0,18040.91072
7/17/2023 7:01,18034,18041,18033.5,18039.25,176,0,18040.90102
7/17/2023 7:02,18038.75,18041.5,18038.25,18039.75,96,0,18040.89914
7/17/2023 7:03,18039.5,18039.5,18036.5,18037,91,0,18040.89374
7/17/2023 7:04,18037.25,18039.25,18037.25,18039.25,46,0,18040.89179
7/17/2023 7:05,18039.5,18042,18039.5,18041.25,78,0,18040.89183
7/17/2023 7:06,18041.25,18043.25,18041,18042.25,105,0,18040.89427
7/17/2023 7:07,18042.5,18045,18042.5,18044,86,0,18040.89888
7/17/2023 7:08,18044.25,18051.75,18044.25,18046.5,436,0,18040.95098
7/17/2023 7:09,18047,18047,18044,18045,129,0,18040.96118
7/17/2023 7:10,18045.25,18045.75,18042.5,18044.25,97,0,18040.96679
7/17/2023 7:11,18044.25,18046.75,18044,18046.5,75,0,18040.97325
7/17/2023 7:12,18046.25,18046.25,18042.75,18043.5,58,0,18040.97658
7/17/2023 7:13,18043.75,18044.5,18043.25,18043.75,43,0,18040.97878
7/17/2023 7:14,18044.5,18047.75,18044.5,18047,81,0,18040.98669
7/17/2023 7:15,18046.75,18048.25,18046.5,18047.75,57,0,18040.99334
7/17/2023 7:16,18047.5,18048.25,18046.25,18047.5,89,0,18041.00344
7/17/2023 7:17,18047.25,18047.75,18045,18046.5,65,0,18041.00973
7/17/2023 7:18,18046,18047.75,18045.5,18047.25,89,0,18041.01898
7/17/2023 7:19,18047.5,18050.25,18046.75,18049.25,108,0,18041.03385
7/17/2023 7:20,18048.75,18052,18048.25,18052,226,0,18041.07281
7/17/2023 7:21,18052,18052,18048.25,18048.25,191,0,18041.10126
7/17/2023 7:22,18048.75,18048.75,18047,18048,107,0,18041.11413
7/17/2023 7:23,18047.5,18048.5,18046.25,18046.75,81,0,18041.12277
7/17/2023 7:24,18046.5,18048.25,18045.75,18047,81,0,18041.13115
7/17/2023 7:25,18046.5,18046.5,18040.5,18041.5,194,0,18041.13694
7/17/2023 7:26,18041.75,18044.75,18041.25,18044.5,87,0,18041.14054
7/17/2023 7:27,18044.25,18045,18042.75,18043.75,97,0,18041.14511
7/17/2023 7:28,18043.75,18044,18041.75,18043.75,80,0,18041.14793
7/17/2023 7:29,18044,18045,18042.75,18044,50,0,18041.15034
7/17/2023 7:30,18043.5,18045.5,18043,18044.75,92,0,18041.15558
7/17/2023 7:31,18044.5,18046.25,18044,18046,83,0,18041.16173
7/17/2023 7:32,18045.75,18048.25,18045.75,18048.25,101,0,18041.17269
7/17/2023 7:33,18048.25,18049.25,18047.25,18048.75,82,0,18041.18299
7/17/2023 7:34,18049.25,18050.5,18045,18045.5,180,0,18041.20108
7/17/2023 7:35,18045.75,18048.25,18045.5,18048,67,0,18041.20808
7/17/2023 7:36,18048.25,18048.5,18046.25,18046.25,98,0,18041.21785
7/17/2023 7:37,18046.75,18047.75,18046.25,18047,58,0,18041.22363
7/17/2023 7:38,18047.5,18048.25,18045.75,18046,68,0,18041.22999
7/17/2023 7:39,18045.75,18047,18044,18045.5,142,0,18041.24039
7/17/2023 7:40,18045.25,18046.25,18044.25,18044.75,42,0,18041.24316
7/17/2023 7:41,18044.25,18045.5,18043.5,18044,71,0,18041.24691
7/17/2023 7:42,18043.75,18045.75,18042.5,18043.25,125,0,18041.25243
7/17/2023 7:43,18042.5,18043.75,18041,18043.5,141,0,18041.25603
7/17/2023 7:44,18043.25,18046.5,18043.25,18046.5,57,0,18041.26007
7/17/2023 7:45,18046,18046.5,18045,18046.25,35,0,18041.26284
7/17/2023 7:46,18046.25,18046.25,18043.25,18044.75,142,0,18041.27125
7/17/2023 7:47,18045,18045.5,18044,18044.25,48,0,18041.27394
7/17/2023 7:48,18044.75,18045.25,18043.5,18043.5,50,0,18041.27632
7/17/2023 7:49,18043.25,18045.75,18043.25,18045.25,61,0,18041.27991
7/17/2023 7:50,18044.75,18045.25,18042,18043,77,0,18041.28269
7/17/2023 7:51,18043,18044.75,18042.5,18044.25,74,0,18041.28588
7/17/2023 7:52,18044.5,18044.5,18037.25,18037.25,269,0,18041.27856
7/17/2023 7:53,18037,18037,18034.25,18035.25,202,0,18041.259
7/17/2023 7:54,18035,18041,18035,18039.75,174,0,18041.25123
7/17/2023 7:55,18040,18040,18035.5,18037,132,0,18041.24298
7/17/2023 7:56,18036.75,18039.25,18036.25,18038.75,73,0,18041.23914
7/17/2023 7:57,18038.5,18038.5,18036.5,18037.25,45,0,18041.23628
7/17/2023 7:58,18037,18038,18036.5,18037.75,77,0,18041.23139
7/17/2023 7:59,18038,18038,18036,18036.5,59,0,18041.22709
7/17/2023 8:00,18036.75,18038.25,18036,18037.75,75,0,18041.22225
7/17/2023 8:01,18038,18039.75,18035,18035,191,0,18041.20761
7/17/2023 8:02,18035.25,18043,18035,18043,197,0,18041.20477
7/17/2023 8:03,18043,18043,18040.5,18042.25,68,0,18041.20557
7/17/2023 8:04,18042.25,18045.5,18042,18043.5,183,0,18041.21295
7/17/2023 8:05,18044,18047,18043,18045.25,135,0,18041.2215
7/17/2023 8:06,18045,18045.75,18044,18045.25,67,0,18041.22564
7/17/2023 8:07,18045.25,18045.25,18039,18039.75,164,0,18041.22593
7/17/2023 8:08,18039.25,18039.5,18036.75,18036.75,112,0,18041.21944
7/17/2023 8:09,18037.25,18038.75,18032.5,18033,227,0,18041.19563
7/17/2023 8:10,18033.25,18034.5,18030.75,18031,239,0,18041.16046
7/17/2023 8:11,18031.25,18031.25,18027.5,18029,234,0,18041.11562
7/17/2023 8:12,18029,18033.5,18029,18029.5,129,0,18041.09398
7/17/2023 8:13,18029.75,18033,18029.25,18031.75,79,0,18041.08161
7/17/2023 8:14,18032,18034.5,18032,18033.5,80,0,18041.07169
7/17/2023 8:15,18034,18037,18033,18035.75,90,0,18041.06331
7/17/2023 8:16,18036,18040.25,18035.75,18039.75,155,0,18041.05717
7/17/2023 8:17,18039.75,18040.25,18037.25,18039,107,0,18041.05338
7/17/2023 8:18,18038.75,18040.75,18037.5,18038.25,99,0,18041.04989
7/17/2023 8:19,18037.5,18037.75,18035.25,18037,74,0,18041.04474
7/17/2023 8:20,18037.25,18039.25,18036,18036.5,128,0,18041.03704
7/17/2023 8:21,18036,18040.25,18035.5,18038,173,0,18041.02851
7/17/2023 8:22,18037.75,18037.75,18036.5,18037.75,97,0,18041.02285
7/17/2023 8:23,18038,18042.25,18037.75,18042,153,0,18041.02199
7/17/2023 8:24,18041.5,18042.75,18039,18040.5,186,0,18041.0212
7/17/2023 8:25,18040.5,18043,18039.25,18042.25,266,0,18041.02319
7/17/2023 8:26,18042,18043.25,18038.75,18040.25,170,0,18041.02247
7/17/2023 8:27,18040,18041,18039.5,18039.75,71,0,18041.02143
7/17/2023 8:28,18040,18045.75,18038.75,18045.75,209,0,18041.0292
7/17/2023 8:29,18045.25,18050.5,18043,18047.5,421,0,18041.06797
7/17/2023 8:30,18047.5,18047.5,18043,18045.25,186,0,18041.07993
7/17/2023 8:31,18045,18052.5,18034,18046,823,0,18041.11851
7/17/2023 8:32,18046.5,18048.25,18044.25,18048.25,189,0,18041.1351
7/17/2023 8:33,18048.25,18054.5,18047.75,18053.5,443,0,18041.20695
7/17/2023 8:34,18053.75,18054,18049.5,18050.75,244,0,18041.24428
7/17/2023 8:35,18051,18051.75,18048.75,18049,138,0,18041.26201
7/17/2023 8:36,18048.5,18049.5,18042.75,18043.25,386,0,18041.28442
7/17/2023 8:37,18043.25,18043.25,18038.25,18038.75,316,0,18041.2788
7/17/2023 8:38,18039,18046.75,18039,18044,275,0,18041.28679
7/17/2023 8:39,18043.75,18047,18043,18044.75,131,0,18041.29379
7/17/2023 8:40,18044.5,18045.5,18042.25,18044.25,151,0,18041.29979
7/17/2023 8:41,18043.75,18043.75,18040.25,18042,212,0,18041.30196
7/17/2023 8:42,18043,18046.25,18043,18044.25,129,0,18041.30799
7/17/2023 8:43,18044,18046.25,18042,18046.25,98,0,18041.31302
7/17/2023 8:44,18046,18048,18045,18045.75,93,0,18041.31971
7/17/2023 8:45,18045.5,18047.5,18044.75,18046.25,61,0,18041.32401
7/17/2023 8:46,18046.25,18046.5,18041.75,18044.25,142,0,18041.32988
7/17/2023 8:47,18044.25,18046.25,18042.75,18046,62,0,18041.33318
7/17/2023 8:48,18045.5,18046,18043.5,18044.75,48,0,18041.33556
7/17/2023 8:49,18044.75,18048,18044.25,18046.5,64,0,18041.34011
7/17/2023 8:50,18046.75,18046.75,18041,18043.25,113,0,18041.34392
7/17/2023 8:51,18043.5,18043.5,18040.5,18041.25,103,0,18041.34452
7/17/2023 8:52,18042,18047,18040,18040.25,187,0,18041.34741
7/17/2023 8:53,18040.75,18045.5,18040.75,18044.75,114,0,18041.35121
7/17/2023 8:54,18044.75,18044.75,18042,18043.5,107,0,18041.35438
7/17/2023 8:55,18043.25,18045.5,18043,18045.25,51,0,18041.35674
7/17/2023 8:56,18045,18048.25,18044.75,18046.5,140,0,18041.36705
7/17/2023 8:57,18046.5,18050.75,18045.5,18050.25,243,0,18041.39294
7/17/2023 8:58,18050.25,18052.5,18049.25,18050.5,238,0,18041.4246
7/17/2023 8:59,18050.75,18053,18050.5,18052.5,106,0,18041.44052
7/17/2023 9:00,18052,18057.75,18052,18057.25,357,0,18041.51226
7/17/2023 9:01,18057.5,18058.75,18054.25,18055,427,0,18041.59913
7/17/2023 9:02,18055.5,18056,18051.5,18055,270,0,18041.6466
7/17/2023 9:03,18054.75,18060,18054.5,18059.5,349,0,18041.72604
7/17/2023 9:04,18060,18061.5,18058,18061,300,0,18041.80274
7/17/2023 9:05,18060.5,18064.25,18059.25,18062.5,387,0,18041.91051
7/17/2023 9:06,18063,18066,18062,18065.75,355,0,18042.02096
7/17/2023 9:07,18066,18066,18060.25,18063.75,586,0,18042.19096
7/17/2023 9:08,18063.5,18069.5,18062.75,18069,748,0,18042.44185
7/17/2023 9:09,18069.25,18072.25,18068.75,18070.25,526,0,18042.63874
7/17/2023 9:10,18070,18072.75,18067.75,18071.75,317,0,18042.75747
7/17/2023 9:11,18072.25,18073,18066.25,18067,417,0,18042.90108
7/17/2023 9:12,18067.25,18067.5,18062.75,18062.75,325,0,18042.99298
7/17/2023 9:13,18063,18063.5,18059.5,18062.75,415,0,18043.09603
7/17/2023 9:14,18062.75,18063,18061.25,18062,148,0,18043.13283
7/17/2023 9:15,18061.5,18062.5,18059,18060.25,198,0,18043.17796
7/17/2023 9:16,18060,18063.75,18059.5,18063.25,224,0,18043.23336
7/17/2023 9:17,18063.5,18063.75,18062.25,18062.5,167,0,18043.27589
7/17/2023 9:18,18062.5,18064.75,18061.5,18063.75,172,0,18043.32063
7/17/2023 9:19,18064,18067.25,18064,18065.75,308,0,18043.40951
7/17/2023 9:20,18065.75,18070,18065.5,18069.25,275,0,18043.49743
7/17/2023 9:21,18069,18069.5,18064,18065,239,0,18043.56694
7/17/2023 9:22,18064.5,18068.75,18064.25,18068,206,0,18043.62871
7/17/2023 9:23,18067.5,18071,18067.25,18070.75,191,0,18043.69219
7/17/2023 9:24,18070.75,18070.75,18066.25,18068.5,208,0,18043.75788
7/17/2023 9:25,18068.25,18070.25,18066,18066.5,200,0,18043.81839
7/17/2023 9:26,18067,18074,18067,18070.75,751,0,18044.07123
7/17/2023 9:27,18070.5,18071,18068.75,18069,193,0,18044.13302
7/17/2023 9:28,18068.75,18073,18068,18070.5,496,0,18044.29611
7/17/2023 9:29,18071,18075.75,18070.5,18074.5,521,0,18044.48517
7/17/2023 9:30,18074.25,18077.75,18073.75,18077.75,556,0,18044.70364
7/17/2023 9:31,18078,18105.75,18074.5,18105,6875,18095.08333,18048.6333
7/17/2023 9:32,18104.75,18108.5,18090.75,18091.75,3819,18095.76781,18050.64194
7/17/2023 9:33,18092.75,18105,18089,18097.5,2476,18096.0308,18051.86178
7/17/2023 9:34,18097.75,18106.75,18096,18100.25,2285,18096.76549,18053.02266
7/17/2023 9:35,18100.25,18113,18097.5,18099.25,2837,18097.7712,18054.45395
7/17/2023 9:36,18099,18111.25,18099,18105.25,2610,18098.69466,18055.74948
7/17/2023 9:37,18105.75,18124.25,18104,18117.25,3669,18101.1543,18057.80929
7/17/2023 9:38,18117.5,18122,18112.25,18121.5,2293,18102.64197,18059.09807
7/17/2023 9:39,18121.25,18129.75,18118.25,18123.75,2265,18104.29624,18060.42798
7/17/2023 9:40,18123.5,18125,18105.25,18114.25,2710,18105.19311,18061.73155
7/17/2023 9:41,18114.75,18119.5,18105.75,18117.5,1874,18105.69656,18062.58753
7/17/2023 9:42,18117,18123.75,18112.5,18119.5,1819,18106.35627,18063.45961
7/17/2023 9:43,18119.75,18120.25,18110.75,18114.25,1592,18106.73052,18064.15381
7/17/2023 9:44,18114.5,18117.25,18101,18101.25,1590,18106.72105,18064.71499
7/17/2023 9:45,18101.5,18102.5,18086.25,18087.75,3738,18105.4395,18065.54442
7/17/2023 9:46,18087.75,18090.25,18066,18071.75,4254,18102.75814,18065.89198
7/17/2023 9:47,18071.75,18079.5,18064,18075,3223,18100.82645,18066.06251
7/17/2023 9:48,18074.75,18077,18065.5,18075.25,1870,18099.80684,18066.15415
7/17/2023 9:49,18075.5,18083.25,18068,18068,2091,18098.76993,18066.26135
7/17/2023 9:50,18068,18078.25,18064.75,18069.75,1938,18097.80304,18066.32716
7/17/2023 9:51,18069.5,18077,18061.75,18076.5,2341,18096.75454,18066.41821
7/17/2023 9:52,18076.25,18079,18061,18062.25,2411,18095.58693,18066.43518
7/17/2023 9:53,18062.5,18079.75,18057,18070.75,2708,18094.45645,18066.48635
7/17/2023 9:54,18071,18081,18067.25,18081,1539,18094.02818,18066.59096
7/17/2023 9:55,18080.25,18080.25,18069,18072,1452,18093.58394,18066.66141
7/17/2023 9:56,18071.75,18074.25,18063.75,18073.75,2271,18092.82195,18066.72086
7/17/2023 9:57,18073.75,18075.5,18062.25,18062.5,1451,18092.28153,18066.72114
7/17/2023 9:58,18062.25,18076.25,18059.75,18075.25,1618,18091.78756,18066.76025
7/17/2023 9:59,18074.75,18080.25,18069.5,18075,1780,18091.37842,18066.85412
7/17/2023 10:00,18075,18091.5,18074.5,18088.5,2515,18091.16159,18067.14181
7/17/2023 10:01,18088.25,18097.5,18085.25,18094.25,2510,18091.19909,18067.53777
7/17/2023 10:02,18094.25,18099.25,18087.25,18096.5,1743,18091.26723,18067.82708
7/17/2023 10:03,18096.75,18096.75,18082,18087.75,1661,18091.21783,18068.04102
7/17/2023 10:04,18087.75,18098,18081.75,18097,1644,18091.23816,18068.28261
7/17/2023 10:05,18097.5,18099.5,18091.25,18097.75,1365,18091.31746,18068.51176
7/17/2023 10:06,18097.5,18097.75,18082.5,18082.75,1342,18091.26061,18068.66528
7/17/2023 10:07,18082.5,18095.75,18077,18095.75,2085,18091.21902,18068.92152
7/17/2023 10:08,18095.5,18097.25,18088,18096,1094,18091.25,18069.08072
7/17/2023 10:09,18096.5,18105.25,18092.75,18104,1876,18091.44363,18069.42423
7/17/2023 10:10,18104.25,18106.25,18098,18105.75,1317,18091.61282,18069.68115
7/17/2023 10:11,18105.5,18105.5,18096.5,18099.75,1252,18091.73255,18069.90215
7/17/2023 10:12,18100,18100.75,18085,18085.5,1651,18091.70979,18070.09381
7/17/2023 10:13,18085.5,18096.75,18078.25,18094.25,1894,18091.67166,18070.30224
7/17/2023 10:14,18094.5,18104.5,18090.5,18103.5,1539,18091.7935,18070.55167
7/17/2023 10:15,18103,18103.75,18098.5,18101,1054,18091.89147,18070.72926
7/17/2023 10:16,18101,18105.75,18098.25,18102.75,1033,18091.99744,18070.90793
7/17/2023 10:17,18102.75,18105.25,18099.5,18101.25,865,18092.0824,18071.05482
7/17/2023 10:18,18101,18102.5,18093.25,18101.25,1171,18092.16104,18071.2324
7/17/2023 10:19,18101.75,18111.75,18097.5,18097.75,2164,18092.37034,18071.59339
7/17/2023 10:20,18097.5,18102,18094.5,18101,1380,18092.45836,18071.79598
7/17/2023 10:21,18101.5,18109.5,18099.75,18108.25,1015,18092.58456,18071.97893
7/17/2023 10:22,18108.5,18114.75,18106.25,18113.5,1405,18092.82844,18072.27082
7/17/2023 10:23,18113,18114.25,18108.25,18111.75,1050,18093.00583,18072.48569
7/17/2023 10:24,18111.5,18114.25,18105.25,18108,835,18093.12756,18072.64511
7/17/2023 10:25,18108,18110.5,18105.5,18109.25,631,18093.21409,18072.76221
7/17/2023 10:26,18109,18112,18102.5,18102.5,870,18093.31051,18072.91006
7/17/2023 10:27,18103,18110.75,18097.25,18110.75,1361,18093.46537,18073.14277
7/17/2023 10:28,18110.5,18110.5,18097.25,18098.5,869,18093.53072,18073.27118
7/17/2023 10:29,18099,18101.75,18094.75,18096,966,18093.56391,18073.39009
7/17/2023 10:30,18096.25,18103.25,18093.75,18099.5,818,18093.60094,18073.4954
7/17/2023 10:31,18100,18107.75,18098.5,18106,1073,18093.69671,18073.66057
7/17/2023 10:32,18105.5,18110.25,18102.75,18103,773,18093.7728,18073.7833
7/17/2023 10:33,18102.5,18109.25,18101,18104.75,830,18093.85107,18073.91265
7/17/2023 10:34,18104.5,18107.5,18100.75,18103.25,609,18093.90188,18074.00334
7/17/2023 10:35,18104,18109,18103,18108.25,649,18093.97119,18074.10877
7/17/2023 10:36,18107.75,18111.5,18101.75,18110.5,1045,18094.09128,18074.28313
7/17/2023 10:37,18110.5,18120.25,18103.5,18119.75,2114,18094.44071,18074.6984
7/17/2023 10:38,18119.25,18120.5,18112.75,18117.25,1272,18094.66906,18074.95857
7/17/2023 10:39,18116.75,18117.5,18107,18107.5,1130,18094.81268,18075.15337
7/17/2023 10:40,18107.5,18107.5,18092.25,18100.25,2579,18094.91683,18075.45893
7/17/2023 10:41,18100.5,18100.75,18092.75,18095.5,1336,18094.93141,18075.59107
7/17/2023 10:42,18095.75,18100.5,18088.5,18089.5,1441,18094.90837,18075.708
7/17/2023 10:43,18089,18094.5,18087,18092.25,1224,18094.87456,18075.79701
7/17/2023 10:44,18091.75,18095.5,18090.5,18093.5,789,18094.86445,18075.8609
7/17/2023 10:45,18093.25,18101.5,18091.25,18095.5,1141,18094.8748,18075.9679
7/17/2023 10:46,18095.75,18099,18093.75,18097.25,755,18094.88481,18076.04012
7/17/2023 10:47,18096.75,18102,18095.75,18101.25,837,18094.91425,18076.13115
7/17/2023 10:48,18101,18101,18089.75,18093.25,950,18094.91253,18076.21185
7/17/2023 10:49,18093.75,18096,18088.5,18096,1267,18094.89958,18076.31167
7/17/2023 10:50,18095.75,18105.75,18095,18102.75,1662,18094.97406,18076.49849
7/17/2023 10:51,18103,18103.25,18094.75,18096.5,946,18094.99551,18076.5908
7/17/2023 10:52,18096.5,18103.75,18096.25,18102.5,678,18095.02348,18076.66459
7/17/2023 10:53,18101.5,18110,18099.5,18108.75,1020,18095.10265,18076.79869
7/17/2023 10:54,18108.75,18112.75,18106,18112,1049,18095.21335,18076.95478
7/17/2023 10:55,18111.75,18113,18107,18107.25,922,18095.30187,18077.08601
7/17/2023 10:56,18107.25,18109.5,18090.5,18090.75,1670,18095.32032,18077.23165
7/17/2023 10:57,18091.25,18095,18087,18094,1671,18095.28279,18077.33938
7/17/2023 10:58,18094.25,18097,18092.5,18093.5,760,18095.27793,18077.39557
7/17/2023 10:59,18093.5,18104.75,18093,18103.75,1200,18095.31977,18077.51558
7/17/2023 11:00,18103.25,18105,18100.25,18104,905,18095.3664,18077.61534
7/17/2023 11:01,18104.25,18108.75,18104,18104.75,1058,18095.43939,18077.74348
7/17/2023 11:02,18105,18106.75,18095.75,18096,926,18095.46402,18077.8296
7/17/2023 11:03,18096,18099.25,18089.25,18091.25,1080,18095.44847,18077.90047
7/17/2023 11:04,18091,18097.5,18090,18096.25,985,18095.44296,18077.97011
7/17/2023 11:05,18096,18099,18093.5,18096.5,585,18095.44631,18078.01552
7/17/2023 11:06,18096.75,18103,18094,18102.25,907,18095.4713,18078.09853
7/17/2023 11:07,18102.75,18111,18101.25,18110,1473,18095.58289,18078.27926
7/17/2023 11:08,18110,18111.75,18107.5,18111,765,18095.65289,18078.38075
7/17/2023 11:09,18110.5,18112.75,18108.75,18112,633,18095.71462,18078.4671
7/17/2023 11:10,18111.75,18113,18108.75,18109.75,615,18095.77156,18078.54886
7/17/2023 11:11,18110.25,18110.25,18095.25,18095.25,1310,18095.808,18078.6662
7/17/2023 11:12,18095.75,18098,18088.75,18096.25,1789,18095.7918,18078.78104
7/17/2023 11:13,18096.25,18100.25,18094.5,18094.5,726,18095.79457,18078.83334
7/17/2023 11:14,18094.75,18100.25,18093.25,18099,601,18095.80082,18078.87906
7/17/2023 11:15,18098.75,18117.75,18098,18117.5,2004,18095.98517,18079.13993
7/17/2023 11:16,18117,18117.5,18110.75,18114,1504,18096.14755,18079.35108
7/17/2023 11:17,18114.25,18115.75,18108.5,18112,992,18096.24129,18079.48102
7/17/2023 11:18,18112.25,18112.5,18104,18105.75,1155,18096.31732,18079.60955
7/17/2023 11:19,18105.75,18108.75,18097.5,18106.25,1384,18096.38079,18079.74419
7/17/2023 11:20,18105.75,18110,18102.25,18107.5,728,18096.424,18079.82137
7/17/2023 11:21,18107.5,18111.5,18101.5,18102.75,1117,18096.48098,18079.93308
7/17/2023 11:22,18103.25,18107.25,18100.5,18107,591,18096.5097,18079.99101
7/17/2023 11:23,18106.75,18111.5,18104.5,18104.5,1052,18096.57188,18080.10135
7/17/2023 11:24,18104.75,18109.25,18103.75,18107.5,572,18096.60538,18080.16097
7/17/2023 11:25,18106.75,18111.5,18105.25,18111.5,554,18096.64576,18080.22402
7/17/2023 11:26,18111.5,18117.5,18110,18117,1529,18096.8026,18080.42868
7/17/2023 11:27,18117.25,18122.5,18115,18122.5,1642,18097.01546,18080.67838
7/17/2023 11:28,18122.5,18122.75,18117,18122,1014,18097.14825,18080.83328
7/17/2023 11:29,18121.75,18132.5,18121.25,18131.5,2584,18097.59087,18081.29935
7/17/2023 11:30,18131.25,18131.75,18126.75,18128.25,1289,18097.81051,18081.53088
7/17/2023 11:31,18128.75,18132,18126.5,18128,1567,18098.07271,18081.80884
7/17/2023 11:32,18127.75,18136.25,18126.75,18134.75,1713,18098.38865,18082.13292
7/17/2023 11:33,18134.75,18135,18124,18127.5,1296,18098.59807,18082.35735
7/17/2023 11:34,18127.75,18130.5,18122.5,18123.5,819,18098.7145,18082.48798
7/17/2023 11:35,18123.5,18133,18122.5,18132.5,950,18098.86745,18082.65193
7/17/2023 11:36,18132.75,18133.25,18128,18130.5,736,18098.98972,18082.78154
7/17/2023 11:37,18131,18134,18129.25,18133,897,18099.14448,18082.94349
7/17/2023 11:38,18132.75,18138.75,18132.5,18136.75,1532,18099.43651,18083.23948
7/17/2023 11:39,18136,18140.25,18134.75,18139.5,811,18099.59829,18083.40122
7/17/2023 11:40,18139.25,18140,18135,18136.75,714,18099.73624,18083.54045
7/17/2023 11:41,18136.25,18138.5,18134,18136,626,18099.8529,18083.65949
7/17/2023 11:42,18136.5,18140.5,18135.5,18139.5,724,18099.99549,18083.80257
7/17/2023 11:43,18139.25,18145.5,18139.25,18144.5,1815,18100.3904,18084.1878
7/17/2023 11:44,18145,18146,18143.5,18145.25,932,18100.59897,18084.38978
7/17/2023 11:45,18145.5,18145.75,18142.75,18145.5,819,18100.77962,18084.56543
7/17/2023 11:46,18145.25,18147.25,18142.75,18144.25,1134,18101.02779,18084.80729
7/17/2023 11:47,18144,18145.25,18142,18142.75,892,18101.21478,18084.99171
7/17/2023 11:48,18142.75,18145.25,18140.25,18143.25,919,18101.40382,18085.17915
7/17/2023 11:49,18143,18146,18141.5,18145.25,812,18101.57474,18085.34756
7/17/2023 11:50,18145.5,18146.5,18143.5,18145.5,835,18101.75284,18085.52243
7/17/2023 11:51,18145.25,18146,18140.5,18144.25,1152,18101.9873,18085.75565
7/17/2023 11:52,18144.25,18150.75,18144.25,18150,1858,18102.40252,18086.15845
7/17/2023 11:53,18149.5,18152.25,18149.25,18151,1317,18102.70813,18086.45219
7/17/2023 11:54,18150.75,18153.25,18141,18147.5,2358,18103.20576,18086.9426
7/17/2023 11:55,18147.5,18147.5,18139.75,18141.75,1200,18103.43073,18087.17178
7/17/2023 11:56,18141.5,18149,18138.5,18145.25,1069,18103.63527,18087.3789
7/17/2023 11:57,18145.25,18149.5,18144.75,18147,787,18103.79497,18087.53797
7/17/2023 11:58,18147,18151.75,18145.75,18146.5,845,18103.96873,18087.71044
7/17/2023 11:59,18146.5,18154.25,18145.25,18152.5,1088,18104.20389,18087.94082
7/17/2023 12:00,18152.75,18159.25,18152,18155.75,2027,18104.68223,18088.39942
7/17/2023 12:01,18155,18157.5,18149.75,18150.75,1294,18104.96527,18088.67604
7/17/2023 12:02,18150.75,18155,18150.5,18153.75,524,18105.07993,18088.78811
7/17/2023 12:03,18154,18155.25,18150.25,18150.75,675,18105.22377,18088.92965
7/17/2023 12:04,18150.75,18151,18145,18148.25,863,18105.39081,18089.0983
7/17/2023 12:05,18147.75,18150.5,18142,18142.25,848,18105.5416,18089.25424
7/17/2023 12:06,18142.5,18148.5,18141.75,18148.5,839,18105.69468,18089.41134
7/17/2023 12:07,18148.75,18148.75,18143.75,18143.75,423,18105.76984,18089.48906
7/17/2023 12:08,18144.25,18145.5,18141.5,18143,509,18105.85517,18089.57882
7/17/2023 12:09,18143.25,18155,18143.25,18154.25,898,18106.03473,18089.75846
7/17/2023 12:10,18153.75,18154,18146,18147.25,682,18106.16484,18089.89029
7/17/2023 12:11,18146.5,18150,18145.25,18149.25,388,18106.23695,18089.96387
7/17/2023 12:12,18149.75,18151.5,18144.5,18144.5,598,18106.34407,18090.07433
7/17/2023 12:13,18144.75,18147,18141.5,18145.75,564,18106.43942,18090.1743
7/17/2023 12:14,18146,18147.75,18143.25,18147,378,18106.50513,18090.24263
7/17/2023 12:15,18147.25,18149,18143.75,18144.25,388,18106.57179,18090.31218
7/17/2023 12:16,18144.75,18146.25,18139.5,18139.75,721,18106.68297,18090.43203
7/17/2023 12:17,18140.25,18140.5,18133,18135,1540,18106.8802,18090.65815
7/17/2023 12:18,18135.5,18138.5,18134.25,18137,837,18106.9878,18090.78123
7/17/2023 12:19,18137.25,18144.75,18136.75,18140.25,946,18107.1248,18090.93163
7/17/2023 12:20,18140.25,18141,18135.75,18136.75,639,18107.20915,18091.02711
7/17/2023 12:21,18136.5,18139,18131.5,18138,956,18107.32766,18091.16416
7/17/2023 12:22,18138.25,18138.25,18132.25,18134,501,18107.38653,18091.23354
7/17/2023 12:23,18134,18135.25,18129.5,18130,712,18107.4599,18091.32444
7/17/2023 12:24,18130.25,18135.25,18127.75,18134.75,1192,18107.5868,18091.47945
7/17/2023 12:25,18134.75,18136.75,18128.25,18129.5,776,18107.66517,18091.5771
7/17/2023 12:26,18129.5,18132,18126,18126,608,18107.71726,18091.6466
7/17/2023 12:27,18126.25,18129,18117.25,18118,1819,18107.82143,18091.81558
7/17/2023 12:28,18117.75,18122.25,18115.5,18121.5,1326,18107.8872,18091.93069
7/17/2023 12:29,18121.5,18121.75,18116.5,18116.5,788,18107.92104,18091.99499
7/17/2023 12:30,18116.25,18122.75,18116.25,18122,700,18107.95694,18092.05635
7/17/2023 12:31,18121.75,18126,18119.5,18125,915,18108.01548,18092.14509
7/17/2023 12:32,18125.25,18125.25,18116,18116,869,18108.05493,18092.21711
7/17/2023 12:33,18116.25,18117.75,18112,18115,997,18108.08288,18092.28652
7/17/2023 12:34,18114.75,18117,18110.75,18113.25,788,18108.1008,18092.33806
7/17/2023 12:35,18113.25,18116.5,18112.75,18115.25,497,18108.11439,18092.37222
7/17/2023 12:36,18115.25,18117.75,18113,18115.75,614,18108.13278,18092.41552
7/17/2023 12:37,18115.5,18115.5,18110.75,18111.75,766,18108.14681,18092.46271
7/17/2023 12:38,18112.25,18116.75,18108.5,18114.75,826,18108.16407,18092.51502
7/17/2023 12:39,18114.75,18121,18111.5,18119.25,974,18108.19957,18092.58791
7/17/2023 12:40,18119.75,18121,18118,18119.25,546,18108.22409,18092.63216
7/17/2023 12:41,18119,18125.75,18118,18124.75,1146,18108.2908,18092.73634
7/17/2023 12:42,18124.5,18125.5,18122.5,18123.25,645,18108.33044,18092.79644
7/17/2023 12:43,18123.25,18123.75,18116.75,18118.5,774,18108.3652,18092.85877
7/17/2023 12:44,18118,18121.5,18115,18121.25,594,18108.39076,18092.90568
7/17/2023 12:45,18121.5,18123.75,18120.25,18122,514,18108.41836,18092.95035
7/17/2023 12:46,18121.75,18125,18119.75,18124,623,18108.45391,18093.00602
7/17/2023 12:47,18124.5,18126.5,18123.5,18125.25,500,18108.48656,18093.05377
7/17/2023 12:48,18125.25,18130.25,18123.75,18125.25,1022,18108.55825,18093.15498
7/17/2023 12:49,18125.75,18128,18122.75,18127.5,530,18108.59451,18093.20671
7/17/2023 12:50,18127.75,18134,18125.25,18132.75,1112,18108.68992,18093.32976
7/17/2023 12:51,18133,18137,18131,18136.25,698,18108.76043,18093.41498
7/17/2023 12:52,18136,18140.25,18135,18139.25,832,18108.85497,18093.52447
7/17/2023 12:53,18139.25,18139.25,18134.25,18138.75,749,18108.9374,18093.62094
7/17/2023 12:54,18139,18141.75,18137.75,18140,665,18109.01635,18093.71093
7/17/2023 12:55,18140.5,18140.5,18136.75,18139,573,18109.08169,18093.78638
7/17/2023 12:56,18139,18139.5,18135.25,18135.5,736,18109.15956,18093.87863
7/17/2023 12:57,18135.25,18138.75,18131.75,18137.75,729,18109.2344,18093.9682
7/17/2023 12:58,18138.25,18142,18138.25,18141.5,703,18109.31821,18094.0634
7/17/2023 12:59,18141.25,18143.75,18140,18140.25,583,18109.38904,18094.14333
7/17/2023 13:00,18140.25,18144.25,18139.5,18143.75,618,18109.4665,18094.22985
7/17/2023 13:01,18143.5,18145.75,18141.75,18144.5,855,18109.57792,18094.35274
7/17/2023 13:02,18144.25,18145.5,18140.5,18144.25,535,18109.6461,18094.42843
7/17/2023 13:03,18144.25,18146.25,18143.5,18144,368,18109.69445,18094.48159
7/17/2023 13:04,18144,18144.75,18141.75,18143,387,18109.74309,18094.5358
7/17/2023 13:05,18142.75,18146.5,18140.75,18145.25,503,18109.80799,18094.60753
7/17/2023 13:06,18145.5,18146,18143.75,18145.5,388,18109.85922,18094.66373
7/17/2023 13:07,18145.5,18150.75,18138.5,18142.75,2015,18110.11477,18094.94739
7/17/2023 13:08,18142.75,18145.25,18134.5,18139.25,1333,18110.26038,18095.11684
7/17/2023 13:09,18139.25,18142.5,18134.75,18140,878,18110.35362,18095.22629
7/17/2023 13:10,18139.75,18140.5,18136,18137,510,18110.40516,18095.28782
7/17/2023 13:11,18137,18145.75,18135.25,18145.25,725,18110.4894,18095.38368
7/17/2023 13:12,18145.5,18149.5,18143.75,18144.25,917,18110.60787,18095.51406
7/17/2023 13:13,18144.25,18147,18143.75,18144.75,650,18110.68979,18095.60485
7/17/2023 13:14,18144.5,18149,18142.75,18146.25,497,18110.75367,18095.67521
7/17/2023 13:15,18146,18147,18143.5,18145.5,304,18110.7919,18095.71758
7/17/2023 13:16,18145.25,18147.5,18142.75,18143.25,304,18110.82912,18095.75917
7/17/2023 13:17,18142.75,18144.75,18141.5,18143.5,299,18110.86429,18095.79896
7/17/2023 13:18,18143,18146.25,18140.25,18145.75,389,18110.91111,18095.85153
7/17/2023 13:19,18145.5,18146.75,18144.5,18145.25,292,18110.94766,18095.89208
7/17/2023 13:20,18145,18145.75,18139.5,18141.5,397,18110.99257,18095.94349
7/17/2023 13:21,18141.5,18141.5,18136.25,18138.5,528,18111.04544,18096.00654
7/17/2023 13:22,18138.75,18139.75,18129.5,18132.75,1006,18111.12844,18096.11286
7/17/2023 13:23,18133,18139.25,18133,18139.25,530,18111.17794,18096.17329
7/17/2023 13:24,18139.25,18142.5,18137.5,18137.5,414,18111.21945,18096.22268
7/17/2023 13:25,18137.75,18138.25,18130.25,18130.75,596,18111.26603,18096.28353
7/17/2023 13:26,18131,18133.75,18128,18131.5,797,18111.32232,18096.36018
7/17/2023 13:27,18131.75,18136.25,18131.5,18133.5,387,18111.35322,18096.40013
7/17/2023 13:28,18133.5,18136,18129.75,18133.75,379,18111.3826,18096.43856
7/17/2023 13:29,18134.25,18136.75,18133.25,18134.75,314,18111.40884,18096.47185
7/17/2023 13:30,18135,18138,18133.5,18137.5,386,18111.44295,18096.5142
7/17/2023 13:31,18137.5,18146,18137.5,18143,1023,18111.55399,18096.64239
7/17/2023 13:32,18143.25,18144.5,18141,18144,389,18111.59738,18096.69201
7/17/2023 13:33,18144.5,18146.25,18140.75,18143,531,18111.65672,18096.75982
7/17/2023 13:34,18143.75,18144.25,18141.25,18143.5,283,18111.68792,18096.79562
7/17/2023 13:35,18143.25,18146,18142.5,18144,348,18111.72764,18096.84068
7/17/2023 13:36,18143.75,18144.25,18141,18142.25,356,18111.76608,18096.88507
7/17/2023 13:37,18142.75,18143.25,18139.75,18142.75,392,18111.8075,18096.93322
7/17/2023 13:38,18142.5,18144,18141,18142,381,18111.8482,18096.98035
7/17/2023 13:39,18141.5,18142.5,18136,18138.25,575,18111.90256,18097.04595
7/17/2023 13:40,18138.25,18140.25,18135.75,18135.75,381,18111.93625,18097.08758
7/17/2023 13:41,18136,18145.75,18135.75,18145.25,564,18111.99577,18097.1567
7/17/2023 13:42,18145.5,18149,18144.5,18148.5,751,18112.08791,18097.25874
7/17/2023 13:43,18148.5,18150.5,18146.75,18147.75,750,18112.18206,18097.36227
7/17/2023 13:44,18148,18151.25,18147.5,18149.5,531,18112.2504,18097.43686
7/17/2023 13:45,18149.5,18150.75,18147.5,18149.5,418,18112.30379,18097.49524
7/17/2023 13:46,18150,18156.25,18148.25,18156.25,1240,18112.47972,18097.6821
7/17/2023 13:47,18156,18156.25,18152,18154.25,753,18112.58733,18097.79614
7/17/2023 13:48,18153.75,18160.75,18152.25,18160.25,929,18112.73071,18097.9451
7/17/2023 13:49,18160.25,18161.25,18156.25,18160.5,1054,18112.89796,18098.11767
7/17/2023 13:50,18160,18165.75,18159,18164.25,1047,18113.07595,18098.29834
7/17/2023 13:51,18164.5,18167.5,18163.75,18167.25,1120,18113.27693,18098.49991
7/17/2023 13:52,18167.25,18168.25,18164.5,18166.5,730,18113.40773,18098.63112
7/17/2023 13:53,18166.75,18167,18160,18164,935,18113.56568,18098.79166
7/17/2023 13:54,18164,18164.75,18159.75,18164.75,541,18113.65556,18098.88336
7/17/2023 13:55,18165,18165.75,18162.5,18162.75,432,18113.72794,18098.95705
7/17/2023 13:56,18162.5,18164.5,18160.75,18164.25,457,18113.80352,18099.03423
7/17/2023 13:57,18164.25,18164.25,18160.5,18161.5,354,18113.86063,18099.09288
7/17/2023 13:58,18161.75,18165.75,18159.25,18165.25,454,18113.93568,18099.16953
7/17/2023 13:59,18165.25,18168,18163.75,18168,541,18114.03053,18099.26511
7/17/2023 14:00,18167.75,18169.5,18166.75,18167.5,605,18114.13888,18099.37379
7/17/2023 14:01,18167.75,18168.75,18164.75,18167.25,640,18114.2509,18099.48672
7/17/2023 14:02,18167,18168.75,18164.75,18168,490,18114.33675,18099.57324
7/17/2023 14:03,18167.75,18167.75,18163.75,18165,472,18114.41658,18099.65432
7/17/2023 14:04,18164.5,18166.5,18162.5,18166,533,18114.50555,18099.74495
7/17/2023 14:05,18166.25,18168,18163.5,18164,315,18114.55816,18099.79853
7/17/2023 14:06,18164.25,18164.75,18161.5,18162.75,366,18114.61653,18099.85862
7/17/2023 14:07,18162.5,18162.5,18156.75,18158.75,803,18114.73445,18099.98242
7/17/2023 14:08,18159,18161.25,18155.75,18160.25,617,18114.82413,18100.07679
7/17/2023 14:09,18160,18163.25,18159,18163.25,313,18114.8723,18100.12677
7/17/2023 14:10,18163.25,18167.75,18162.75,18166,735,18114.99383,18100.25079
7/17/2023 14:11,18165.75,18170.5,18163.5,18169.5,810,18115.13325,18100.39178
7/17/2023 14:12,18169.25,18171,18164.5,18166.75,882,18115.28303,18100.5437
7/17/2023 14:13,18166.75,18172.25,18166,18172,551,18115.38093,18100.64202
7/17/2023 14:14,18172,18172.25,18167.25,18168.75,657,18115.49579,18100.75778
7/17/2023 14:15,18168.25,18169.5,18166.75,18168,345,18115.55443,18100.81723
7/17/2023 14:16,18167.75,18172,18167.25,18169.25,747,18115.68435,18100.9483
7/17/2023 14:17,18169.5,18171.75,18169.25,18171.25,427,18115.76005,18101.02436
7/17/2023 14:18,18171.5,18171.75,18168.25,18170,292,18115.81099,18101.07572
7/17/2023 14:19,18169.75,18172.25,18167.5,18171.5,393,18115.87993,18101.14514
7/17/2023 14:20,18171.5,18174.5,18171.25,18172.75,795,18116.02502,18101.29003
7/17/2023 14:21,18173.5,18176.25,18172.75,18174.25,627,18116.1421,18101.40641
7/17/2023 14:22,18174.25,18176.75,18171,18175.5,567,18116.24757,18101.51134
7/17/2023 14:23,18175.75,18178,18175,18176.25,837,18116.4079,18101.66991
7/17/2023 14:24,18176.25,18181.25,18174.75,18181.25,1071,18116.62087,18101.87904
7/17/2023 14:25,18181.25,18184,18180,18183,1111,18116.85169,18102.10388
7/17/2023 14:26,18183,18183.5,18171,18171.25,1660,18117.15658,18102.40803
7/17/2023 14:27,18171.5,18176.5,18171.5,18175.75,863,18117.31203,18102.56371
7/17/2023 14:28,18175.75,18178.25,18175.25,18176,617,18117.42635,18102.67756
7/17/2023 14:29,18175.75,18180.75,18175.75,18180.75,595,18117.54099,18102.79085
7/17/2023 14:30,18180.75,18181.5,18178,18178.75,480,18117.63365,18102.8824
7/17/2023 14:31,18178.75,18179.75,18176.75,18178.75,614,18117.74987,18102.99765
7/17/2023 14:32,18179,18180,18175.5,18179,473,18117.83874,18103.08591
7/17/2023 14:33,18178.75,18183,18178,18179.5,691,18117.97237,18103.21789
7/17/2023 14:34,18179.25,18179.25,18167,18170.25,1266,18118.18442,18103.43352
7/17/2023 14:35,18171.25,18172.75,18168,18168,568,18118.2745,18103.52621
7/17/2023 14:36,18168.5,18169.5,18164.5,18167.5,833,18118.39983,18103.65671
7/17/2023 14:37,18167.5,18169,18160.75,18162.25,909,18118.52703,18103.79144
7/17/2023 14:38,18162.25,18167.5,18161.5,18163.25,741,18118.63039,18103.90097
7/17/2023 14:39,18163.25,18164.75,18160.5,18162.25,520,18118.70013,18103.97559
7/17/2023 14:40,18162.5,18165.5,18162,18165.25,407,18118.75673,18104.0356
7/17/2023 14:41,18165.25,18169,18164,18167.75,591,18118.84347,18104.12637
7/17/2023 14:42,18168,18168,18164.75,18166,375,18118.89759,18104.18323
7/17/2023 14:43,18165.5,18167.75,18161.75,18166,531,18118.97226,18104.26215
7/17/2023 14:44,18166.25,18167,18164.25,18166.25,358,18119.02319,18104.31583
7/17/2023 14:45,18166,18168.75,18165.5,18167.5,334,18119.07205,18104.36697
7/17/2023 14:46,18167.25,18170.25,18166.75,18168.75,445,18119.13878,18104.43643
7/17/2023 14:47,18168.5,18168.5,18164.5,18167,528,18119.21466,18104.51619
7/17/2023 14:48,18167.25,18168.75,18163.5,18167.75,562,18119.29517,18104.60086
7/17/2023 14:49,18167.5,18169,18166,18168.5,325,18119.34274,18104.65064
7/17/2023 14:50,18168.25,18169.25,18166,18168.25,251,18119.37942,18104.68903
7/17/2023 14:51,18168.5,18169.25,18166.5,18168,350,18119.43056,18104.74256
7/17/2023 14:52,18167.75,18168.5,18164.5,18165.25,377,18119.48345,18104.79844
7/17/2023 14:53,18165,18169.75,18164,18169.5,384,18119.53912,18104.8568
7/17/2023 14:54,18169.75,18169.75,18166.75,18168.25,289,18119.58137,18104.901
7/17/2023 14:55,18167.75,18176.25,18167.25,18175.5,1052,18119.74948,18105.0734
7/17/2023 14:56,18175.75,18176.5,18173,18175.75,559,18119.84185,18105.16745
7/17/2023 14:57,18176.25,18179.5,18175,18179.5,652,18119.95488,18105.28139
7/17/2023 14:58,18179.5,18181.75,18178.25,18178.25,819,18120.09968,18105.4268
7/17/2023 14:59,18178.5,18180.75,18177.25,18177.75,571,18120.19881,18105.5267
7/17/2023 15:00,18177.75,18178.25,18171.75,18173.75,671,18120.30692,18105.63733
7/17/2023 15:01,18174,18178.25,18171.5,18173.75,735,18120.42466,18105.75797
7/17/2023 15:02,18174,18176.75,18171.25,18175.75,322,18120.47616,18105.81075
7/17/2023 15:03,18175.5,18185.5,18175.5,18185.25,978,18120.65359,18105.988
7/17/2023 15:04,18185.25,18186.5,18183,18185.5,766,18120.79841,18106.13155
7/17/2023 15:05,18185.25,18190.5,18183.75,18190.25,840,18120.96426,18106.29466
7/17/2023 15:06,18190.5,18191.25,18187.5,18188.25,785,18121.12044,18106.44806
7/17/2023 15:07,18188.75,18191,18186.5,18189.75,616,18121.24264,18106.56815
7/17/2023 15:08,18189.5,18190.75,18188.5,18189.5,366,18121.31557,18106.63977
7/17/2023 15:09,18189.25,18191,18186.5,18190,436,18121.40171,18106.7245
7/17/2023 15:10,18189.75,18190.25,18183,18185,749,18121.54249,18106.86422
7/17/2023 15:11,18185,18189,18183.75,18188,428,18121.62369,18106.94468
7/17/2023 15:12,18187.75,18190.25,18186,18187.25,465,18121.71292,18107.03291
7/17/2023 15:13,18187.5,18188.75,18185.25,18185.75,381,18121.78447,18107.10395
7/17/2023 15:14,18186,18191.75,18185.25,18191.75,710,18121.92354,18107.24096
7/17/2023 15:15,18191.5,18193.5,18189.75,18191,737,18122.0712,18107.38587
7/17/2023 15:16,18190.75,18196.5,18189.5,18196.5,839,18122.24516,18107.5556
7/17/2023 15:17,18196.25,18198,18193.75,18195.75,1191,18122.49636,18107.80001
7/17/2023 15:18,18195.5,18198,18194.5,18197.75,482,18122.5988,18107.89957
7/17/2023 15:19,18198,18208,18198,18206.25,3121,18123.32025,18108.59162
7/17/2023 15:20,18205.75,18229,18205.75,18221.25,5368,18124.75044,18109.93719
7/17/2023 15:21,18221.75,18231,18220.75,18227.75,3142,18125.636,18110.76527
7/17/2023 15:22,18227.75,18228.75,18211.25,18211.75,3708,18126.56742,18111.6506
7/17/2023 15:23,18212,18215,18205.25,18207.5,2400,18127.10794,18112.17301
7/17/2023 15:24,18207.25,18210.75,18203,18210.25,1211,18127.3739,18112.43112
7/17/2023 15:25,18210.5,18214,18204.5,18213,1228,18127.65012,18112.69825
7/17/2023 15:26,18213.25,18217.75,18211,18217,1140,18127.91952,18112.95692
7/17/2023 15:27,18216.75,18217.75,18208.25,18213.25,1870,18128.34697,18113.36949
7/17/2023 15:28,18213.5,18214,18211.5,18212.75,413,18128.44043,18113.45985
7/17/2023 15:29,18213.25,18213.25,18209.75,18212,562,18128.56564,18113.5812
7/17/2023 15:30,18212,18218.25,18210.5,18217,905,18128.77515,18113.7831
7/17/2023 15:31,18216.75,18217,18208.25,18211,1268,18129.05631,18114.05586
7/17/2023 15:32,18211.25,18211.5,18206.25,18208.75,900,18129.24695,18114.24215
7/17/2023 15:33,18208.5,18208.5,18204,18205.25,775,18129.4044,18114.39706
7/17/2023 15:34,18205.5,18207.25,18203,18207,742,18129.55421,18114.54461
7/17/2023 15:35,18207.25,18210.25,18205.75,18206,953,18129.74974,18114.73669
7/17/2023 15:36,18206,18206.75,18202.75,18205,743,18129.89661,18114.88187
7/17/2023 15:37,18205.5,18207.75,18204,18207.25,549,18130.00694,18114.99063
7/17/2023 15:38,18207.5,18209,18203.75,18205.25,716,18130.14971,18115.13157
7/17/2023 15:39,18205,18205.25,18200,18204,840,18130.31012,18115.29106
7/17/2023 15:40,18204.25,18204.5,18200.25,18203.75,630,18130.42955,18115.40997
7/17/2023 15:41,18203.5,18211,18203.25,18209.25,1388,18130.70936,18115.68572
7/17/2023 15:42,18209,18209.5,18205,18207.75,666,18130.84219,18115.81685
7/17/2023 15:43,18208,18208.25,18203.75,18207.25,851,18131.00904,18115.98204
7/17/2023 15:44,18207.25,18207.25,18203.5,18204.5,544,18131.11343,18116.08577
7/17/2023 15:45,18204.5,18205,18200.75,18202.5,1021,18131.30241,18116.27472
7/17/2023 15:46,18202.25,18202.75,18199.25,18202,825,18131.45137,18116.42431
7/17/2023 15:47,18202.25,18203.5,18199,18200.5,694,18131.57559,18116.54924
7/17/2023 15:48,18200.5,18211,18198.75,18210.5,1026,18131.77357,18116.74579
7/17/2023 15:49,18210.25,18212,18203.75,18205.25,732,18131.91465,18116.88589
7/17/2023 15:50,18205,18207,18200,18201.5,704,18132.04233,18117.01401
7/17/2023 15:51,18201.5,18201.5,18189,18193.25,2543,18132.44645,18117.42944
7/17/2023 15:52,18193.75,18196.5,18185.5,18196.25,1944,18132.74286,18117.73656
7/17/2023 15:53,18195.75,18201.75,18192.75,18201.5,1161,18132.93581,18117.93316
7/17/2023 15:54,18201.25,18202.75,18195,18197.5,1222,18133.13692,18118.13842
7/17/2023 15:55,18197.25,18212.75,18197.25,18206.75,3889,18133.83817,18118.84245
7/17/2023 15:56,18207,18207,18195.75,18196,1799,18134.13124,18119.14204
7/17/2023 15:57,18196,18198.5,18191.5,18194.25,1588,18134.36883,18119.38887
7/17/2023 15:58,18194.5,18195.5,18192.25,18193.75,1286,18134.55697,18119.58516
7/17/2023 15:59,18193.75,18194,18185.5,18186.5,2358,18134.86908,18119.91755
7/17/2023 16:00,18186.25,18194,18181.5,18193.25,9280,18136.08354,18121.21223
7/17/2023 16:01,18192.75,18193,18174.75,18176.25,3553,18136.46485,18121.63699
7/17/2023 16:02,18176.75,18182.25,18175.75,18180.5,1170,18136.58393,18121.77129
7/17/2023 16:03,18180.5,18182,18178,18178.25,615,18136.64615,18121.84154
7/17/2023 16:04,18178.25,18180.25,18176.5,18176.5,556,18136.70005,18121.90306
7/17/2023 16:05,18177.25,18182,18176.5,18179.5,740,18136.77433,18121.98706
7/17/2023 16:06,18179.5,18180,18173.75,18174.25,761,18136.84449,18122.06817
7/17/2023 16:07,18174,18176.75,18172.5,18174.25,527,18136.89107,18122.12264
7/17/2023 16:08,18174.75,18176.25,18172.5,18175.25,389,18136.92553,18122.1629
7/17/2023 16:09,18175.5,18175.75,18172.75,18173,334,18136.95442,18122.19687
7/17/2023 16:10,18172.75,18175.75,18172,18175,560,18137.0033,18122.25419
7/17/2023 16:11,18175.25,18176.5,18172,18173.75,462,18137.04335,18122.30124
7/17/2023 16:12,18173.5,18174.75,18172.5,18172.5,252,18137.06467,18122.32645
7/17/2023 16:13,18172.75,18175,18172.5,18174,235,18137.08484,18122.3502
7/17/2023 16:14,18174,18175.75,18172.75,18173.5,496,18137.12755,18122.40043
7/17/2023 16:15,18173.75,18174.5,18172.25,18173.25,324,18137.15489,18122.43277
7/17/2023 16:16,18173.75,18173.75,18170,18170,373,18137.18451,18122.46843
7/17/2023 16:17,18169.75,18171.75,18169.75,18171.25,128,18137.19456,18122.48057
7/17/2023 16:18,18170.75,18173.5,18170.5,18173.25,121,18137.20448,18122.49239
7/17/2023 16:19,18173,18175.5,18172.5,18174.5,79,18137.21127,18122.50038
7/17/2023 16:20,18174.5,18174.5,18173.25,18173.5,65,18137.2168,18122.5069
7/17/2023 16:21,18173.75,18174.5,18173.75,18174.5,44,18137.22059,18122.51135
7/17/2023 16:22,18174.75,18175,18173.5,18174,110,18137.23004,18122.52247
7/17/2023 16:23,18174.25,18175,18174.25,18174.5,69,18137.23603,18122.52949
7/17/2023 16:24,18174.5,18175.25,18174.25,18174.5,68,18137.24195,18122.53643
7/17/2023 16:25,18175,18178,18174.5,18177,216,18137.26165,18122.55921
7/17/2023 16:26,18177,18177.75,18177,18177.5,39,18137.26529,18122.56339
7/17/2023 16:27,18177,18177,18176.25,18176.75,35,18137.2685,18122.56709
7/17/2023 16:28,18176.75,18177.25,18176.5,18177,40,18137.27218,18122.57134
7/17/2023 16:29,18177,18177.25,18176.25,18176.75,29,18137.27484,18122.57441
7/17/2023 16:30,18177,18178.5,18176.5,18178.5,65,18137.28096,18122.58143
7/17/2023 16:31,18178.5,18178.75,18176.5,18177.25,94,18137.28974,18122.59151
7/17/2023 16:32,18177.25,18177.5,18175.75,18176,82,18137.29719,18122.60013
7/17/2023 16:33,18176.5,18176.5,18174.5,18175.25,62,18137.30268,18122.60653
7/17/2023 16:34,18175.25,18176.25,18174.75,18175.75,27,18137.30508,18122.60932
7/17/2023 16:35,18176,18176.25,18175,18175.5,38,18137.30845,18122.61325
7/17/2023 16:36,18175.25,18175.75,18174.5,18175.75,34,18137.31146,18122.61675
7/17/2023 16:37,18175.75,18177,18175.5,18176.25,51,18137.31606,18122.62209
7/17/2023 16:38,18176.25,18177.75,18174.75,18174.75,95,18137.32453,18122.63195
7/17/2023 16:39,18175,18175.75,18174.25,18175.5,38,18137.32787,18122.63584
7/17/2023 16:40,18175,18175,18174,18174.5,29,18137.33037,18122.63878
7/17/2023 16:41,18175,18175.5,18174,18175.25,29,18137.3329,18122.64174
7/17/2023 16:42,18175,18176.25,18175,18176.25,34,18137.33594,18122.64527
7/17/2023 16:43,18175.75,18175.75,18175,18175,26,18137.33822,18122.64793
7/17/2023 16:44,18175.25,18175.75,18175,18175.75,36,18137.34141,18122.65165
7/17/2023 16:45,18176,18176.75,18175.5,18176.5,159,18137.35575,18122.66827
7/17/2023 16:46,18176.25,18176.5,18172.5,18174.25,222,18137.37481,18122.69067
7/17/2023 16:47,18174,18175.25,18174,18174.75,36,18137.37792,18122.69432
7/17/2023 16:48,18174.25,18175.25,18174,18174.5,32,18137.38068,18122.69756
7/17/2023 16:49,18175,18176.75,18175,18176.25,86,18137.38837,18122.70649
7/17/2023 16:50,18176.5,18177.25,18176,18176,34,18137.39145,18122.71005
7/17/2023 16:51,18175.75,18175.75,18174.5,18175,73,18137.39782,18122.7175
7/17/2023 16:52,18174.25,18175.25,18174.25,18174.5,25,18137.39997,18122.72003
7/17/2023 16:53,18174.5,18178.5,18174.5,18177.5,106,18137.40965,18122.73121
7/17/2023 16:54,18177.25,18177.5,18176.5,18176.5,28,18137.41221,18122.73416
7/17/2023 16:55,18177,18177.5,18176.25,18176.25,61,18137.41775,18122.74057
7/17/2023 16:56,18176.75,18177.75,18175,18177,116,18137.42826,18122.75273
7/17/2023 16:57,18176.25,18176.75,18175.25,18176.5,30,18137.43095,18122.75585
7/17/2023 16:58,18175.75,18176.5,18173.75,18173.75,68,18137.43681,18122.76273
7/17/2023 16:59,18173.75,18174,18172.5,18173.5,40,18137.44013,18122.76667
7/17/2023 17:00,18173.75,18176,18173.25,18174.5,157,18137.45361,18122.7825
7/17/2023 18:01,18180.25,18183,18177.25,18179,241,0,18179.75
7/17/2023 18:02,18179.25,18180.5,18174,18176.5,173,0,18178.60085
7/17/2023 18:03,18176.25,18177.5,18175,18176.75,93,0,18178.2002
7/17/2023 18:04,18177,18177.75,18176.75,18177.25,36,0,18178.1372
7/17/2023 18:05,18177.25,18177.25,18176,18177.25,16,0,18178.09988
7/17/2023 18:06,18177.25,18179,18177,18178.75,43,0,18178.1106
7/17/2023 18:07,18178.5,18178.5,18177.5,18177.5,15,0,18178.10386
7/17/2023 18:08,18178,18178,18177,18177.25,22,0,18178.0802
7/17/2023 18:09,18177.5,18178,18175.25,18175.75,49,0,18177.95579
7/17/2023 18:10,18176.25,18177.25,18175.75,18175.75,23,0,18177.90061
7/17/2023 18:11,18176.25,18180.75,18176,18179.75,116,0,18178.03144
7/17/2023 18:12,18180.25,18182,18179.25,18180.25,79,0,18178.24669
7/17/2023 18:13,18180.25,18181.25,18179.25,18179.5,51,0,18178.34013
7/17/2023 18:14,18179.75,18180,18179,18179,29,0,18178.36934
7/17/2023 18:15,18179.75,18180,18178.5,18178.5,13,0,18178.37754
7/17/2023 18:16,18179.5,18180,18179.5,18179.75,13,0,18178.39517
7/17/2023 18:17,18180,18180.5,18179.75,18179.75,13,0,18178.41553
7/17/2023 18:18,18179.5,18179.5,18178,18178,18,0,18178.41699
7/17/2023 18:19,18178.25,18178.75,18176.75,18178.25,24,0,18178.40573
7/17/2023 18:20,18178,18178.75,18178,18178.75,6,0,18178.40626
7/17/2023 18:21,18178.5,18179.25,18178.5,18178.75,15,0,18178.41215
7/17/2023 18:22,18178.75,18178.75,18175.75,18177,37,0,18178.37119
7/17/2023 18:23,18176.25,18176.25,18172.5,18173.5,127,0,18177.93624
7/17/2023 18:24,18173.75,18174.75,18172.5,18174,36,0,18177.81923
7/17/2023 18:25,18174.25,18174.25,18173.25,18173.25,13,0,18177.7769
7/17/2023 18:26,18173.75,18175.25,18173.75,18174.5,29,0,18177.70545
7/17/2023 18:27,18174.75,18174.75,18174.25,18174.25,2,0,18177.70051
7/17/2023 18:28,18174,18174,18173.5,18174,12,0,18177.66598
7/17/2023 18:29,18174,18174.25,18173.75,18174.25,8,0,18177.64479
7/17/2023 18:30,18174.25,18174.25,18174,18174,3,0,18177.6369
7/17/2023 18:31,18173.75,18174,18173.25,18173.25,11,0,18177.60359
7/17/2023 18:32,18174,18174,18173.75,18174,8,0,18177.58212
7/17/2023 18:33,18174.25,18175.75,18174.25,18174.75,34,0,18177.51776
7/17/2023 18:34,18174.75,18175.25,18174,18175.25,24,0,18177.47277
7/17/2023 18:35,18174.5,18175.25,18174.25,18174.25,11,0,18177.45074
7/17/2023 18:36,18174.25,18174.75,18172.25,18172.75,47,0,18177.31823
7/17/2023 18:37,18172.75,18173.75,18171.75,18172.5,30,0,18177.22643
7/17/2023 18:38,18172.75,18172.75,18167.25,18167.75,198,0,18176.30714
7/17/2023 18:39,18168,18168.75,18165.25,18165.5,155,0,18175.49555
7/17/2023 18:40,18165.75,18168.75,18165.75,18167.75,69,0,18175.2085
7/17/2023 18:41,18168,18170,18168,18169.25,42,0,18175.07884
7/17/2023 18:42,18169.5,18171,18169,18170.25,39,0,18174.98253
7/17/2023 18:43,18170.5,18170.5,18169.5,18169.75,21,0,18174.93049
7/17/2023 18:44,18169.25,18170.25,18169.25,18169.75,14,0,18174.89525
7/17/2023 18:45,18169.75,18169.75,18169.25,18169.25,12,0,18174.86349
7/17/2023 18:46,18169.75,18170.25,18169,18170.25,32,0,18174.78691
7/17/2023 18:47,18170.25,18170.5,18169,18169.25,12,0,18174.75737
7/17/2023 18:48,18169.5,18170,18169.25,18169.5,8,0,18174.73787
7/17/2023 18:49,18169.75,18169.75,18169.25,18169.5,6,0,18174.7231
7/17/2023 18:50,18170,18170,18168.5,18168.5,15,0,18174.68304
7/17/2023 18:51,18169,18169,18167.75,18169,25,0,18174.6127
7/17/2023 18:52,18169,18169,18168,18168,11,0,18174.581
7/17/2023 18:53,18168.25,18168.25,18165,18167,77,0,18174.31372
7/17/2023 18:54,18167,18167.25,18164.25,18165.75,61,0,18174.08826
7/17/2023 18:55,18165.25,18168,18165.25,18167.5,29,0,18173.99961
7/17/2023 18:56,18167.5,18169.5,18167.5,18168,68,0,18173.84
7/17/2023 18:57,18168,18168,18166.25,18167,15,0,18173.79827
7/17/2023 18:58,18166.75,18167,18166.25,18167,6,0,18173.7809
7/17/2023 18:59,18167,18167,18166.25,18166.25,14,0,18173.73928
7/17/2023 19:00,18167,18167.25,18166,18166.75,23,0,18173.67348
7/17/2023 19:01,18167.75,18169.25,18167,18168.75,57,0,18173.55312
7/17/2023 19:02,18168.5,18171.25,18168.5,18169.5,62,0,18173.46211
7/17/2023 19:03,18170,18171.25,18169.5,18170.5,99,0,18173.35003
7/17/2023 19:04,18170,18171.5,18170,18170.75,32,0,18173.31946
7/17/2023 19:05,18171.25,18171.25,18169.75,18170.25,23,0,18173.29514
7/17/2023 19:06,18170,18170.25,18169.25,18169.75,19,0,18173.27077
7/17/2023 19:07,18170.25,18170.5,18167.75,18168.25,24,0,18173.23257
7/17/2023 19:08,18168.5,18169,18168.25,18168.25,18,0,18173.20222
7/17/2023 19:09,18168.25,18168.75,18167.25,18167.75,25,0,18173.15554
7/17/2023 19:10,18167.25,18167.25,18165.75,18166.25,35,0,18173.07324
7/17/2023 19:11,18167.25,18167.5,18166,18166,15,0,18173.03902
7/17/2023 19:12,18166,18166.5,18164.5,18166.25,30,0,18172.9639
7/17/2023 19:13,18166.5,18166.75,18165.5,18166.5,29,0,18172.89768
7/17/2023 19:14,18166.5,18168,18166.5,18167.75,23,0,18172.85513
7/17/2023 19:15,18167.25,18169.25,18167.25,18168.5,36,0,18172.80085
7/17/2023 19:16,18168.75,18169.5,18168.5,18169.5,28,0,18172.76723
7/17/2023 19:17,18169.75,18170,18168.75,18168.75,25,0,18172.73774
7/17/2023 19:18,18168.75,18168.75,18167.25,18167.5,23,0,18172.70106
7/17/2023 19:19,18167.75,18168.75,18165.5,18167.5,69,0,18172.58142
7/17/2023 19:20,18167.5,18170,18167.25,18169.5,30,0,18172.54679
7/17/2023 19:21,18170,18170.5,18169,18169.25,21,0,18172.52731
7/17/2023 19:22,18169.25,18169.25,18167.75,18167.75,16,0,18172.506
7/17/2023 19:23,18167.5,18168.5,18167.25,18168.5,22,0,18172.4759
7/17/2023 19:24,18169,18169,18168.5,18168.75,6,0,18172.469
7/17/2023 19:25,18169,18169.25,18168.25,18169,11,0,18172.45669
7/17/2023 19:26,18168.75,18168.75,18168,18168.25,6,0,18172.44909
7/17/2023 19:27,18168.5,18168.75,18168.5,18168.75,4,0,18172.44445
7/17/2023 19:28,18168.5,18169.25,18168.5,18169,14,0,18172.42937
7/17/2023 19:29,18168.75,18170,18168.5,18169.5,23,0,18172.40777
7/17/2023 19:30,18169.5,18169.5,18169,18169.5,13,0,18172.39569
7/17/2023 19:31,18169.75,18172.25,18169.5,18171.5,74,0,18172.367
7/17/2023 19:32,18171.75,18173.25,18170.5,18173,47,0,18172.36539
7/17/2023 19:33,18173,18175.25,18172.5,18174.25,111,0,18172.41662
7/17/2023 19:34,18174.25,18176.75,18173.5,18175.5,118,0,18172.50797
7/17/2023 19:35,18176.25,18176.25,18173.25,18174.75,95,0,18172.56469
7/17/2023 19:36,18175.25,18175.25,18173.5,18174,26,0,18172.57628
7/17/2023 19:37,18174,18174.5,18173,18174,33,0,18172.58716
7/17/2023 19:38,18173.5,18174.25,18173,18173.5,10,0,18172.58976
7/17/2023 19:39,18173.75,18173.75,18173.25,18173.25,6,0,18172.59106
7/17/2023 19:40,18174,18175.25,18174,18175,25,0,18172.60506
7/17/2023 19:41,18174.75,18175,18173,18173.25,29,0,18172.61361
7/17/2023 19:42,18172.75,18173,18171.25,18171.25,48,0,18172.60408
7/17/2023 19:43,18172,18172.25,18170.25,18170.5,50,0,18172.58394
7/17/2023 19:44,18170.5,18171.25,18170.25,18171,36,0,18172.56826
7/17/2023 19:45,18170.75,18171.25,18170.5,18171,11,0,18172.56375
7/17/2023 19:46,18170.5,18172,18170.5,18170.5,37,0,18172.54952
7/17/2023 19:47,18170.75,18172.75,18170.75,18172.5,38,0,18172.54443
7/17/2023 19:48,18173,18174,18171.75,18171.75,66,0,18172.54373
7/17/2023 19:49,18172.5,18173,18172,18172.25,20,0,18172.54312
7/17/2023 19:50,18172.25,18173.75,18171.75,18173,16,0,18172.54422
7/17/2023 19:51,18172.25,18172.25,18169.75,18170,93,0,18172.50361
7/17/2023 19:52,18170,18170.5,18168.75,18168.75,40,0,18172.47438
7/17/2023 19:53,18168.75,18169,18168,18169,36,0,18172.44305
7/17/2023 19:54,18169,18169.5,18168.5,18169,30,0,18172.4196
7/17/2023 19:55,18168.75,18169,18167.75,18168,24,0,18172.397
7/17/2023 19:56,18168,18168.5,18167.5,18168.25,64,0,18172.33556
7/17/2023 19:57,18168.25,18168.25,18166,18166.5,50,0,18172.27592
7/17/2023 19:58,18167,18168.75,18165.75,18167.5,99,0,18172.17051
7/17/2023 19:59,18167.75,18168.75,18166.25,18168,65,0,18172.10831
7/17/2023 20:00,18168,18168.75,18166.75,18167,27,0,18172.08203
7/17/2023 20:01,18166.75,18167.75,18165.5,18166.5,81,0,18171.98953
7/17/2023 20:02,18166.5,18170,18166.5,18169.5,64,0,18171.94594
7/17/2023 20:03,18169.75,18172.5,18169.75,18172,128,0,18171.93241
7/17/2023 20:04,18172,18172.5,18170,18170.25,40,0,18171.92436
7/17/2023 20:05,18169.75,18171.75,18168.5,18171.5,49,0,18171.91147
7/17/2023 20:06,18172.5,18174,18170.25,18170.25,76,0,18171.90542
7/17/2023 20:07,18170.25,18170.75,18167.5,18167.5,65,0,18171.86419
7/17/2023 20:08,18168.25,18168.25,18166.75,18168,32,0,18171.83869
7/17/2023 20:09,18168,18168,18165.75,18165.75,32,0,18171.80647
7/17/2023 20:10,18166.25,18166.25,18165.25,18165.75,52,0,18171.74763
7/17/2023 20:11,18166.25,18167.25,18164.5,18165.5,99,0,18171.63873
7/17/2023 20:12,18165.75,18166,18164.5,18165.75,83,0,18171.54542
7/17/2023 20:13,18166,18168.5,18166,18168.5,46,0,18171.51345
7/17/2023 20:14,18168,18168.75,18167.75,18168.5,45,0,18171.48802
7/17/2023 20:15,18168,18169.5,18167.75,18169,32,0,18171.47253
7/17/2023 20:16,18169,18170.25,18166.5,18167.5,72,0,18171.42994
7/17/2023 20:17,18167.75,18168.75,18166.5,18166.5,27,0,18171.41034
7/17/2023 20:18,18167,18168,18167,18167.75,19,0,18171.39775
7/17/2023 20:19,18168.25,18169,18168,18168.25,25,0,18171.3849
7/17/2023 20:20,18168.25,18168.75,18168.25,18168.75,11,0,18171.3796
7/17/2023 20:21,18169,18169,18165.75,18168,68,0,18171.3357
7/17/2023 20:22,18168.25,18168.75,18167,18167,31,0,18171.31602
7/17/2023 20:23,18167,18168,18167,18168,9,0,18171.31047
7/17/2023 20:24,18168,18168.25,18167.75,18168,26,0,18171.296
7/17/2023 20:25,18168,18168.5,18167.25,18167.25,39,0,18171.27235
7/17/2023 20:26,18167.5,18168,18166,18166.5,23,0,18171.25535
7/17/2023 20:27,18166.25,18166.75,18165.75,18165.75,55,0,18171.20844
7/17/2023 20:28,18166.25,18166.25,18160,18162,257,0,18170.86448
7/17/2023 20:29,18162.5,18164,18162.5,18163.75,47,0,18170.8095
7/17/2023 20:30,18164,18164,18163.25,18163.5,28,0,18170.77786
7/17/2023 20:31,18163.75,18164,18162.25,18162.5,132,0,18170.61888
7/17/2023 20:32,18162.5,18163,18162,18162.5,42,0,18170.56697
7/17/2023 20:33,18162.5,18163,18161.25,18163,121,0,18170.41956
7/17/2023 20:34,18163.25,18165.25,18163,18165.25,88,0,18170.3427
7/17/2023 20:35,18165,18165.75,18163.25,18163.5,46,0,18170.30107
7/17/2023 20:36,18163.25,18164.25,18162.75,18162.75,59,0,18170.24063
7/17/2023 20:37,18162.5,18163.5,18162.5,18162.75,43,0,18170.19516
7/17/2023 20:38,18163,18163.5,18162.25,18163,32,0,18170.16168
7/17/2023 20:39,18163.5,18163.5,18162.5,18163,39,0,18170.12177
7/17/2023 20:40,18162.5,18162.5,18160.5,18160.75,95,0,18170.00293
7/17/2023 20:41,18160.75,18161.75,18159.5,18160,84,0,18169.89071
7/17/2023 20:42,18160,18160.75,18159,18159.75,80,0,18169.77983
7/17/2023 20:43,18160,18160.25,18159.25,18160,41,0,18169.72394
7/17/2023 20:44,18159.75,18161.5,18158,18160.75,168,0,18169.50698
7/17/2023 20:45,18160.5,18162,18160.25,18161.25,47,0,18169.45479
7/17/2023 20:46,18161,18161.5,18160.5,18160.5,31,0,18169.41936
7/17/2023 20:47,18160.75,18160.75,18159.25,18159.75,73,0,18169.32828
7/17/2023 20:48,18160,18161.75,18159.75,18161.75,33,0,18169.29271
7/17/2023 20:49,18161.75,18163,18161.25,18162,67,0,18169.23011
7/17/2023 20:50,18162.25,18163.25,18161.75,18162.5,105,0,18169.13975
7/17/2023 20:51,18162.5,18163.5,18161.25,18161.75,90,0,18169.06042
7/17/2023 20:52,18162,18163.5,18161.5,18163,41,0,18169.02746
7/17/2023 20:53,18162.75,18163.75,18162,18162.5,56,0,18168.98356
7/17/2023 20:54,18162.5,18163.5,18162.5,18163.5,46,0,18168.95034
7/17/2023 20:55,18163.75,18165.5,18163,18164.75,113,0,18168.88761
7/17/2023 20:56,18164.25,18165.5,18164,18164,61,0,18168.85508
7/17/2023 20:57,18163.75,18164.25,18163,18163,26,0,18168.83795
7/17/2023 20:58,18163.25,18163.5,18162.5,18162.75,18,0,18168.82506
7/17/2023 20:59,18162.75,18164.25,18162.5,18164.25,28,0,18168.80766
7/17/2023 21:00,18163.75,18164.5,18163.25,18163.75,47,0,18168.77965
7/17/2023 21:01,18163.5,18163.5,18162.25,18163,56,0,18168.74058
7/17/2023 21:02,18162.75,18163,18161.25,18162,79,0,18168.67857
7/17/2023 21:03,18162.75,18163.25,18161.5,18161.75,32,0,18168.6541
7/17/2023 21:04,18162.25,18162.5,18161.75,18162,31,0,18168.63026
7/17/2023 21:05,18162,18164,18162,18163.25,42,0,18168.60313
7/17/2023 21:06,18163.75,18165.25,18163,18165,43,0,18168.58227
7/17/2023 21:07,18165,18165.25,18163.5,18164.25,34,0,18168.5656
7/17/2023 21:08,18164.75,18168,18164.75,18167,115,0,18168.53963
7/17/2023 21:09,18166.75,18166.75,18165.5,18165.5,42,0,18168.52714
7/17/2023 21:10,18165.5,18166.25,18164.5,18165.25,34,0,18168.51488
7/17/2023 21:11,18165.75,18166.25,18165.25,18166.25,11,0,18168.51166
7/17/2023 21:12,18165.5,18167.75,18165,18167.25,65,0,18168.49823
7/17/2023 21:13,18167,18168.75,18165.75,18166.25,76,0,18168.48488
7/17/2023 21:14,18167.25,18168.5,18167.25,18168.25,44,0,18168.48252
7/17/2023 21:15,18168.5,18168.75,18166.25,18167.25,69,0,18168.47446
7/17/2023 21:16,18168,18170.5,18166.75,18169.75,165,0,18168.4838
7/17/2023 21:17,18170.25,18173.25,18170.25,18171.25,292,0,18168.5783
7/17/2023 21:18,18171.25,18173.25,18171,18173,72,0,18168.60695
7/17/2023 21:19,18173,18173.25,18171.5,18171.75,79,0,18168.63585
7/17/2023 21:20,18171.75,18171.75,18170.75,18171.25,64,0,18168.65294
7/17/2023 21:21,18171,18171.75,18169.75,18170.5,74,0,18168.66804
7/17/2023 21:22,18170.75,18170.75,18169,18170.25,51,0,18168.67489
7/17/2023 21:23,18170.5,18171.5,18169.75,18171.5,50,0,18168.68614
7/17/2023 21:24,18171.25,18172.25,18170.5,18171.25,60,0,18168.70198
7/17/2023 21:25,18171.5,18174.25,18171.5,18173.75,151,0,18168.76822
7/17/2023 21:26,18173.75,18174.75,18172,18173.25,66,0,18168.79763
7/17/2023 21:27,18173.25,18173.25,18172.25,18173,28,0,18168.80863
7/17/2023 21:28,18172.5,18174.25,18172.5,18173.5,63,0,18168.83672
7/17/2023 21:29,18173.5,18174.5,18173.5,18173.5,25,0,18168.84878
7/17/2023 21:30,18173.5,18174.75,18173.25,18173.25,42,0,18168.86857
7/17/2023 21:31,18173,18174.5,18172,18172.25,92,0,18168.90406
7/17/2023 21:32,18172.5,18172.5,18169.75,18171.25,97,0,18168.92478
7/17/2023 21:33,18170.75,18172.5,18169.25,18170.5,101,0,18168.94202
7/17/2023 21:34,18170.25,18172,18170.25,18172,65,0,18168.95697
7/17/2023 21:35,18172,18173.5,18172,18172.25,52,0,18168.97442
7/17/2023 21:36,18171.75,18171.75,18168.25,18168.75,147,0,18168.98259
7/17/2023 21:37,18168.5,18169.75,18167.5,18167.5,91,0,18168.97655
7/17/2023 21:38,18167.5,18168.5,18166.25,18167.25,106,0,18168.96094
7/17/2023 21:39,18167.5,18168.25,18164.75,18165,151,0,18168.92138
7/17/2023 21:40,18164.75,18165.25,18160.25,18160.75,234,0,18168.7827
7/17/2023 21:41,18160.25,18160.25,18153,18154.25,379,0,18168.37087
7/17/2023 21:42,18154.5,18156.25,18153.25,18155.25,197,0,18168.15208
7/17/2023 21:43,18155,18156,18152.5,18155,113,0,18168.02591
7/17/2023 21:44,18155,18155,18150.75,18152,159,0,18167.82767
7/17/2023 21:45,18152.25,18152.25,18149.5,18150.5,130,0,18167.65029
7/17/2023 21:46,18150.75,18152,18147.5,18151.25,325,0,18167.20989
7/17/2023 21:47,18151,18153,18149.25,18151,230,0,18166.92613
7/17/2023 21:48,18151.25,18152.75,18148.75,18150,88,0,18166.81628
7/17/2023 21:49,18149.75,18151,18148.5,18149.25,70,0,18166.72509
7/17/2023 21:50,18149.25,18151.75,18149.25,18151.75,105,0,18166.60061
7/17/2023 21:51,18151.25,18152.75,18150.25,18152,58,0,18166.53593
7/17/2023 21:52,18151.75,18153.5,18151.25,18152.5,92,0,18166.4396
7/17/2023 21:53,18152.25,18154,18151.75,18153.75,98,0,18166.34383
7/17/2023 21:54,18153.75,18155.25,18153,18154.75,89,0,18166.26564
7/17/2023 21:55,18155,18156.5,18154.25,18156,72,0,18166.20967
7/17/2023 21:56,18155.75,18156.75,18155,18155.75,75,0,18166.15335
7/17/2023 21:57,18155.5,18156.5,18154.75,18155.75,81,0,18166.09224
7/17/2023 21:58,18155.25,18156.5,18155.25,18156.5,26,0,18166.07355
7/17/2023 21:59,18156.25,18156.5,18154.5,18156,51,0,18166.03557
7/17/2023 22:00,18156.25,18157.5,18156,18157.5,49,0,18166.004
7/17/2023 22:01,18157.25,18158.25,18156.25,18157.5,75,0,18165.95788
7/17/2023 22:02,18157.75,18158,18155,18157.25,111,0,18165.88596
7/17/2023 22:03,18156.75,18157.25,18154.5,18155.5,103,0,18165.81303
7/17/2023 22:04,18155.25,18157.25,18155.25,18156.75,42,0,18165.78554
7/17/2023 22:05,18156.5,18157.75,18156.5,18157.25,46,0,18165.75801
7/17/2023 22:06,18156.75,18157,18155.75,18157,56,0,18165.72247
7/17/2023 22:07,18157,18157.25,18154.75,18155.5,32,0,18165.70063
7/17/2023 22:08,18155.5,18155.75,18153.25,18154,106,0,18165.61808
7/17/2023 22:09,18154.25,18156.75,18154,18155.75,75,0,18165.56636
7/17/2023 22:10,18156.25,18157,18156.25,18156.25,35,0,18165.54478
7/17/2023 22:11,18156.25,18157,18155.75,18157,48,0,18165.51562
7/17/2023 22:12,18156.75,18158,18156,18158,45,0,18165.49074
7/17/2023 22:13,18158.25,18158.25,18156,18156.25,58,0,18165.45695
7/17/2023 22:14,18156,18156,18154.5,18155.5,40,0,18165.42976
7/17/2023 22:15,18156,18157,18156,18156.75,40,0,18165.40607
7/17/2023 22:16,18156.75,18158.25,18156,18157.75,68,0,18165.36949
7/17/2023 22:17,18157.5,18158.5,18157.25,18157.5,15,0,18165.36188
7/17/2023 22:18,18157.75,18159.25,18157.75,18159,38,0,18165.34498
7/17/2023 22:19,18159.25,18159.75,18158.5,18158.5,154,0,18165.27991
7/17/2023 22:20,18158.75,18160.75,18158,18160.75,69,0,18165.25531
7/17/2023 22:21,18160.25,18161.75,18159.75,18161,90,0,18165.22942
7/17/2023 22:22,18160.75,18162,18160.5,18160.75,63,0,18165.2125
7/17/2023 22:23,18160.75,18160.75,18159.75,18160.25,41,0,18165.19935
7/17/2023 22:24,18160.25,18161.25,18160.25,18161,30,0,18165.1909
7/17/2023 22:25,18160.5,18160.5,18159.5,18160,24,0,18165.18288
7/17/2023 22:26,18160,18160.75,18159.25,18159.25,40,0,18165.16892
7/17/2023 22:27,18159.25,18159.5,18158,18158.25,68,0,18165.14028
7/17/2023 22:28,18158.25,18159,18158,18158.75,40,0,18165.12355
7/17/2023 22:29,18159.25,18160.75,18159,18160,46,0,18165.10832
7/17/2023 22:30,18160.25,18161.5,18160,18160.5,48,0,18165.0948
7/17/2023 22:31,18160.5,18161.25,18159.5,18160,59,0,18165.07674
7/17/2023 22:32,18159.75,18162.5,18159.75,18162.25,57,0,18165.06391
7/17/2023 22:33,18162.25,18162.25,18161.25,18161.75,20,0,18165.05974
7/17/2023 22:34,18161.25,18161.5,18161,18161.5,11,0,18165.05717
7/17/2023 22:35,18160.75,18162.5,18160.75,18162.25,43,0,18165.04848
7/17/2023 22:36,18162,18163,18162,18162.5,23,0,18165.04482
7/17/2023 22:37,18162.5,18163,18161.25,18161.5,64,0,18165.03234
7/17/2023 22:38,18162,18162.75,18162,18162.5,16,0,18165.02974
7/17/2023 22:39,18162.25,18164,18162,18163.5,91,0,18165.01924
7/17/2023 22:40,18163.25,18163.25,18162,18162,35,0,18165.01361
7/17/2023 22:41,18162.25,18164.5,18162.25,18163.75,52,0,18165.00877
7/17/2023 22:42,18163.75,18163.75,18162,18162.75,80,0,18164.99811
7/17/2023 22:43,18162.5,18162.75,18161,18161.75,94,0,18164.97998
7/17/2023 22:44,18161.25,18162.5,18160.75,18162.5,32,0,18164.97402
7/17/2023 22:45,18162.75,18163.25,18161.75,18162.25,99,0,18164.95872
7/17/2023 22:46,18162.25,18162.75,18161.5,18161.5,18,0,18164.95542
7/17/2023 22:47,18161.75,18162,18160.75,18161.5,22,0,18164.95072
7/17/2023 22:48,18161.5,18162.5,18161,18161.25,44,0,18164.94182
7/17/2023 22:49,18161,18162.5,18161,18162.5,33,0,18164.93599
7/17/2023 22:50,18161.5,18161.75,18160,18160.25,56,0,18164.92169
7/17/2023 22:51,18160.25,18161,18160,18160,38,0,18164.91129
7/17/2023 22:52,18160.5,18161.75,18159.5,18161,45,0,18164.90014
7/17/2023 22:53,18160.75,18162.25,18160.75,18161.5,33,0,18164.89348
7/17/2023 22:54,18161.5,18162,18160.5,18161.5,30,0,18164.88714
7/17/2023 22:55,18162,18164,18161.5,18163.75,56,0,18164.88118
7/17/2023 22:56,18163.5,18164.5,18163.25,18164,43,0,18164.87873
7/17/2023 22:57,18163.5,18164.5,18163.25,18163.75,39,0,18164.87633
7/17/2023 22:58,18163.75,18164.75,18163.75,18164.5,13,0,18164.87592
7/17/2023 22:59,18164.75,18165,18163.75,18164.5,35,0,18164.87498
7/17/2023 23:00,18163.75,18164.5,18163.25,18163.25,25,0,18164.87321
7/17/2023 23:01,18163,18163.75,18162.75,18163.75,43,0,18164.86955
7/17/2023 23:02,18163.25,18163.75,18162.5,18162.5,15,0,18164.86784
7/17/2023 23:03,18162.5,18163,18161.5,18162.25,38,0,18164.86205
7/17/2023 23:04,18162.5,18163,18162.5,18162.5,17,0,18164.85987
7/17/2023 23:05,18163,18163.5,18161.75,18162.5,35,0,18164.85525
7/17/2023 23:06,18162.25,18163.75,18162,18163.75,42,0,18164.85114
7/17/2023 23:07,18163.75,18164,18163.25,18163.25,18,0,18164.84973
7/17/2023 23:08,18162.75,18163.5,18162.5,18163.5,15,0,18164.84828
7/17/2023 23:09,18163.5,18164,18163.25,18163.25,14,0,18164.84719
7/17/2023 23:10,18163.75,18167,18163.75,18166.25,117,0,18164.85269
7/17/2023 23:11,18166,18166,18164,18164,47,0,18164.85219
7/17/2023 23:12,18163.75,18164,18163,18164,40,0,18164.84948
7/17/2023 23:13,18163.25,18165.75,18163.25,18164,96,0,18164.84667
7/17/2023 23:14,18163.75,18165,18163.75,18165,15,0,18164.84644
7/17/2023 23:15,18165,18166.25,18165,18165.5,34,0,18164.84786
7/17/2023 23:16,18165.75,18165.75,18163.75,18164.5,47,0,18164.84738
7/17/2023 23:17,18164.75,18164.75,18164,18164,7,0,18164.84714
7/17/2023 23:18,18163.75,18164.75,18163.5,18164.25,31,0,18164.84595
7/17/2023 23:19,18164,18164.25,18163.25,18163.5,15,0,18164.84496
7/17/2023 23:20,18163.25,18165.25,18163,18165,66,0,18164.84337
7/17/2023 23:21,18165,18167,18164.5,18166.75,105,0,18164.85063
7/17/2023 23:22,18166.5,18166.5,18165.25,18165.25,21,0,18164.85159
7/17/2023 23:23,18165.25,18166.75,18164.5,18166,65,0,18164.85483
7/17/2023 23:24,18165.75,18167,18165.25,18166.75,33,0,18164.85753
7/17/2023 23:25,18166.25,18167.25,18166,18166.25,50,0,18164.86207
7/17/2023 23:26,18166.25,18167.25,18166,18166.75,15,0,18164.86356
7/17/2023 23:27,18166.75,18168,18166.75,18167.5,41,0,18164.86933
7/17/2023 23:28,18167.25,18168.25,18167,18167.25,68,0,18164.87914
7/17/2023 23:29,18167,18167.5,18166.75,18167.25,29,0,18164.88277
7/17/2023 23:30,18167.25,18167.75,18166.75,18167.5,27,0,18164.88639
7/17/2023 23:31,18167.75,18168.75,18167.5,18168.75,71,0,18164.89973
7/17/2023 23:32,18168.75,18168.75,18166.75,18167,63,0,18164.90862
7/17/2023 23:33,18166.75,18167.25,18166.25,18167.25,30,0,18164.91189
7/17/2023 23:34,18167.5,18168,18167.25,18167.25,29,0,18164.91595
7/17/2023 23:35,18167.25,18168,18167,18167,13,0,18164.91765
7/17/2023 23:36,18166.75,18167.25,18166,18166.5,40,0,18164.92125
7/17/2023 23:37,18166.5,18166.5,18166,18166,22,0,18164.92272
7/17/2023 23:38,18166,18166,18164.25,18164.75,42,0,18164.9229
7/17/2023 23:39,18164.5,18166,18164.5,18165.5,58,0,18164.92417
7/17/2023 23:40,18165.25,18166,18165,18165.75,20,0,18164.92488
7/17/2023 23:41,18166.25,18166.25,18165,18165,12,0,18164.92519
7/17/2023 23:42,18164.75,18165,18163.5,18164,56,0,18164.92293
7/17/2023 23:43,18164.5,18164.75,18163.5,18163.75,25,0,18164.9217
7/17/2023 23:44,18164,18164,18163.25,18163.5,34,0,18164.91928
7/17/2023 23:45,18163,18163.5,18162.5,18163.5,32,0,18164.9163
7/17/2023 23:46,18163.5,18163.75,18162.5,18162.5,39,0,18164.91217
7/17/2023 23:47,18162.25,18164,18162.25,18163.75,34,0,18164.90933
7/17/2023 23:48,18163.5,18164,18163.25,18163.5,13,0,18164.90842
7/17/2023 23:49,18163.25,18164,18163.25,18163.25,27,0,18164.90641
7/17/2023 23:50,18163.25,18164,18163.25,18163.75,13,0,18164.90556
7/17/2023 23:51,18163.75,18164,18163.5,18163.5,7,0,18164.9051
7/17/2023 23:52,18163.5,18164.5,18163.5,18164.5,29,0,18164.90397
7/17/2023 23:53,18164.5,18165,18163.75,18163.75,22,0,18164.90312
7/17/2023 23:54,18163.75,18164,18163.25,18164,17,0,18164.90209
7/17/2023 23:55,18163.25,18163.5,18162.75,18163.5,27,0,18164.89975
7/17/2023 23:56,18163.25,18163.5,18161,18162,61,0,18164.89103
7/17/2023 23:57,18161.75,18161.75,18160.5,18161.25,27,0,18164.88578
7/17/2023 23:58,18160.75,18162.25,18160.75,18162,8,0,18164.88443
7/17/2023 23:59,18162.25,18162.5,18162.25,18162.25,8,0,18164.88337
7/18/2023 0:00,18162,18162.75,18162,18162,15,0,18164.88131
7/18/2023 0:01,18162,18163,18161.5,18162.5,11,0,18164.87985
7/18/2023 0:02,18162.75,18163,18161.75,18162.25,13,0,18164.87812
7/18/2023 0:03,18162.25,18162.25,18161,18161.5,14,0,18164.87572
7/18/2023 0:04,18160.75,18161.75,18160.5,18161.75,21,0,18164.87185
7/18/2023 0:05,18161.5,18161.5,18161,18161.25,7,0,18164.87054
7/18/2023 0:06,18161.5,18162,18160.5,18160.75,27,0,18164.86523
7/18/2023 0:07,18160.75,18161.25,18159.5,18159.75,44,0,18164.85453
7/18/2023 0:08,18160,18160,18159,18159,41,0,18164.84283
7/18/2023 0:09,18159.25,18160.5,18159,18159.5,35,0,18164.83349
7/18/2023 0:10,18159.5,18160.5,18159.5,18160.25,22,0,18164.8281
7/18/2023 0:11,18160.5,18161.5,18160,18160.75,32,0,18164.82139
7/18/2023 0:12,18161,18161.25,18159.75,18161.25,25,0,18164.81617
7/18/2023 0:13,18161.5,18162.5,18161.5,18162.5,23,0,18164.81304
7/18/2023 0:14,18162.25,18162.5,18162,18162.25,10,0,18164.81172
7/18/2023 0:15,18162.25,18162.75,18162,18162.5,13,0,18164.81013
7/18/2023 0:16,18162.5,18163,18162.25,18162.75,12,0,18164.80881
7/18/2023 0:17,18163,18163,18162.5,18162.75,25,0,18164.80618
7/18/2023 0:18,18162.75,18162.75,18162,18162,10,0,18164.80487
7/18/2023 0:19,18161.75,18162.75,18161.75,18162.5,23,0,18164.80197
7/18/2023 0:20,18162.5,18163,18162,18162.75,12,0,18164.80061
7/18/2023 0:21,18162.75,18163.5,18162,18163.5,25,0,18164.79832
7/18/2023 0:22,18163.5,18163.75,18161.75,18163.25,43,0,18164.7942
7/18/2023 0:23,18163,18163,18162.25,18163,14,0,18164.79275
7/18/2023 0:24,18162.75,18162.75,18162.75,18162.75,1,0,18164.79264
7/18/2023 0:25,18163.25,18164,18163.25,18163.75,21,0,18164.79144
7/18/2023 0:26,18163.5,18163.75,18163.25,18163.5,23,0,18164.78994
7/18/2023 0:27,18163.5,18163.5,18162,18163.25,26,0,18164.78747
7/18/2023 0:28,18163.25,18163.25,18161.25,18162,25,0,18164.78416
7/18/2023 0:29,18162.25,18162.25,18161.75,18162,13,0,18164.78233
7/18/2023 0:30,18162,18162.75,18162,18162.5,11,0,18164.78102
7/18/2023 0:31,18162.5,18162.75,18162,18162.5,35,0,18164.77684
7/18/2023 0:32,18162.5,18162.75,18162.5,18162.75,8,0,18164.77599
7/18/2023 0:33,18162.5,18162.75,18161.75,18162,17,0,18164.77376
7/18/2023 0:34,18162,18162.25,18161.5,18162.25,14,0,18164.77181
7/18/2023 0:35,18162.25,18162.5,18162.25,18162.5,9,0,18164.77074
7/18/2023 0:36,18162,18162.25,18160,18161,49,0,18164.76167
7/18/2023 0:37,18161.25,18161.5,18160.75,18161,11,0,18164.75964
7/18/2023 0:38,18161,18161.75,18160.75,18161.5,39,0,18164.75296
7/18/2023 0:39,18161,18161.5,18160.75,18161,10,0,18164.75112
7/18/2023 0:40,18160.75,18161,18160.25,18161,19,0,18164.74732
7/18/2023 0:41,18160.75,18161.25,18160.75,18161.25,36,0,18164.74074
7/18/2023 0:42,18161.25,18161.75,18161.25,18161.75,14,0,18164.73854
7/18/2023 0:43,18161.5,18161.5,18160.75,18161,14,0,18164.73599
7/18/2023 0:44,18161.75,18162.5,18161.75,18162.5,29,0,18164.7324
7/18/2023 0:45,18162.25,18163.25,18162,18162.5,27,0,18164.72952
7/18/2023 0:46,18162.5,18162.75,18162,18162.5,17,0,18164.72757
7/18/2023 0:47,18162.75,18163,18162.5,18162.75,10,0,18164.72659
7/18/2023 0:48,18163,18163.75,18162.75,18163.75,42,0,18164.72386
7/18/2023 0:49,18163.5,18164.75,18163.5,18163.75,51,0,18164.72204
7/18/2023 0:50,18163.75,18163.75,18162.75,18163.5,29,0,18164.72006
7/18/2023 0:51,18163.25,18163.5,18162,18163.5,27,0,18164.71777
7/18/2023 0:52,18163.5,18165,18163.5,18164,37,0,18164.71677
7/18/2023 0:53,18164,18164.25,18163.5,18163.75,14,0,18164.71616
7/18/2023 0:54,18163.5,18164.25,18163.25,18164.25,14,0,18164.71561
7/18/2023 0:55,18164,18164.25,18163.25,18163.75,26,0,18164.71438
7/18/2023 0:56,18163.75,18164.75,18163.75,18164.75,19,0,18164.7141
7/18/2023 0:57,18164.5,18166.25,18164.5,18164.75,51,0,18164.71523
7/18/2023 0:58,18164.75,18165.25,18164.75,18165.25,15,0,18164.7155
7/18/2023 0:59,18164.75,18165,18163.75,18164,48,0,18164.71441
7/18/2023 1:00,18164.25,18165,18164,18164.5,32,0,18164.71408
7/18/2023 1:01,18164,18167.75,18163,18164.25,257,0,18164.71761
7/18/2023 1:02,18164.5,18165.5,18163,18163,75,0,18164.71443
7/18/2023 1:03,18162.75,18163.5,18162.25,18162.25,30,0,18164.7115
7/18/2023 1:04,18162,18163.75,18162,18163,32,0,18164.70875
7/18/2023 1:05,18163.5,18164.25,18163.25,18164.25,29,0,18164.70766
7/18/2023 1:06,18164.25,18165.75,18163,18165.75,87,0,18164.70818
7/18/2023 1:07,18166,18166.25,18164.25,18164.75,69,0,18164.7094
7/18/2023 1:08,18164.75,18165.25,18164.25,18164.5,18,0,18164.70937
7/18/2023 1:09,18164.25,18165.5,18164.25,18165,32,0,18164.70968
7/18/2023 1:10,18165,18167,18165,18166.25,67,0,18164.71401
7/18/2023 1:11,18166.5,18168,18166,18167.25,53,0,18164.7199
7/18/2023 1:12,18167.5,18171,18166.5,18170.5,191,0,18164.76088
7/18/2023 1:13,18170.25,18173,18170.25,18171.5,101,0,18164.79278
7/18/2023 1:14,18171.5,18172,18170.5,18171.5,62,0,18164.8115
7/18/2023 1:15,18171.5,18171.75,18169.25,18171,85,0,18164.83438
7/18/2023 1:16,18170.5,18171,18169.75,18170.75,27,0,18164.8414
7/18/2023 1:17,18170.5,18170.75,18167.5,18168.5,74,0,18164.8552
7/18/2023 1:18,18169,18169,18168.25,18168.5,21,0,18164.85878
7/18/2023 1:19,18168.5,18168.5,18167.25,18168,25,0,18164.86228
7/18/2023 1:20,18168,18168.75,18168,18168.25,38,0,18164.86829
7/18/2023 1:21,18168.5,18169.5,18167.75,18168.5,35,0,18164.87421
7/18/2023 1:22,18168.75,18169,18168.5,18169,24,0,18164.87853
7/18/2023 1:23,18169,18169,18168.75,18168.75,17,0,18164.88158
7/18/2023 1:24,18168.25,18171.75,18168,18171.25,55,0,18164.89517
7/18/2023 1:25,18171,18174.25,18170.25,18173.75,130,0,18164.94118
7/18/2023 1:26,18173.75,18177,18172.25,18175.5,215,0,18165.03688
7/18/2023 1:27,18175.25,18175.75,18173.75,18174.5,79,0,18165.0707
7/18/2023 1:28,18174.25,18174.25,18172.75,18173,59,0,18165.09232
7/18/2023 1:29,18172.75,18173.75,18171.75,18173.75,46,0,18165.10859
7/18/2023 1:30,18173.75,18174,18171.5,18172,66,0,18165.13012
7/18/2023 1:31,18171.75,18173.5,18171.25,18172.75,73,0,18165.15378
7/18/2023 1:32,18172.25,18172.5,18171.75,18172,13,0,18165.15774
7/18/2023 1:33,18172,18172.75,18171.25,18171.75,20,0,18165.16368
7/18/2023 1:34,18171.25,18172,18170.75,18171.25,22,0,18165.16964
7/18/2023 1:35,18171,18171.75,18170.25,18170.25,36,0,18165.17844
7/18/2023 1:36,18170.75,18171.5,18170.75,18171.25,23,0,18165.18447
7/18/2023 1:37,18171.25,18172.5,18171.25,18172,41,0,18165.19652
7/18/2023 1:38,18172,18173,18172,18172.75,24,0,18165.20426
7/18/2023 1:39,18172.75,18173.75,18172.75,18173.5,46,0,18165.22055
7/18/2023 1:40,18173.25,18173.25,18172.5,18172.5,33,0,18165.23136
7/18/2023 1:41,18172.5,18173.75,18172.5,18173.5,51,0,18165.2491
7/18/2023 1:42,18173.25,18175.5,18173.25,18175.5,79,0,18165.28156
7/18/2023 1:43,18175.25,18175.75,18174.5,18175,63,0,18165.3082
7/18/2023 1:44,18174.75,18176.5,18173.5,18175.75,110,0,18165.35514
7/18/2023 1:45,18175.75,18177.5,18175,18177.25,67,0,18165.38735
7/18/2023 1:46,18176.75,18179.25,18176.75,18179,169,0,18165.48032
7/18/2023 1:47,18178.5,18179.75,18178.25,18178.75,63,0,18165.5162
7/18/2023 1:48,18178.5,18180.25,18177.5,18177.75,118,0,18165.58081
7/18/2023 1:49,18177.5,18178.25,18176.25,18176.25,58,0,18165.60847
7/18/2023 1:50,18176.25,18176.75,18176,18176.5,20,0,18165.61756
7/18/2023 1:51,18176.25,18176.5,18175,18175,88,0,18165.65398
7/18/2023 1:52,18174.75,18175,18173.75,18174,56,0,18165.67409
7/18/2023 1:53,18174,18174.25,18173.5,18174,16,0,18165.6796
7/18/2023 1:54,18173.75,18174.25,18172.5,18172.75,33,0,18165.6899
7/18/2023 1:55,18172.25,18172.25,18169.25,18169.5,109,0,18165.71091
7/18/2023 1:56,18169.25,18169.25,18167.25,18168.25,92,0,18165.72057
7/18/2023 1:57,18168.25,18168.75,18167.25,18168.25,60,0,18165.72642
7/18/2023 1:58,18168.25,18169.5,18168.25,18169.5,41,0,18165.73208
7/18/2023 1:59,18169.5,18171.75,18169.5,18171.25,104,0,18165.75384
7/18/2023 2:00,18170.75,18172.25,18170.25,18171.75,54,0,18165.76635
7/18/2023 2:01,18171.75,18172.25,18167.5,18168,110,0,18165.78195
7/18/2023 2:02,18168.75,18170.5,18167.75,18168.75,41,0,18165.78732
7/18/2023 2:03,18169.25,18170.75,18169.25,18169.5,34,0,18165.79291
7/18/2023 2:04,18168.25,18168.25,18167.5,18168.25,27,0,18165.79532
7/18/2023 2:05,18168,18168.75,18167.25,18168.75,33,0,18165.7986
7/18/2023 2:06,18168.75,18168.75,18166,18166.5,57,0,18165.80156
7/18/2023 2:07,18166.5,18168.5,18166.5,18168,34,0,18165.80412
7/18/2023 2:08,18168,18169,18166.5,18169,47,0,18165.80859
7/18/2023 2:09,18169.25,18170,18169,18169.75,35,0,18165.81391
7/18/2023 2:10,18169.5,18169.5,18166.5,18166.5,35,0,18165.81628
7/18/2023 2:11,18166.5,18166.75,18164.5,18164.5,116,0,18165.81365
7/18/2023 2:12,18164.75,18165.25,18163.75,18164.75,98,0,18165.80885
7/18/2023 2:13,18164.75,18167,18164.5,18166.25,82,0,18165.8092
7/18/2023 2:14,18166.75,18167,18165.5,18166.5,37,0,18165.80997
7/18/2023 2:15,18166.75,18167.25,18166.25,18167,24,0,18165.81094
7/18/2023 2:16,18167.25,18167.5,18166,18167,36,0,18165.8124
7/18/2023 2:17,18167.5,18167.5,18166.5,18166.5,39,0,18165.81397
7/18/2023 2:18,18166.75,18168.25,18166.25,18167,64,0,18165.81738
7/18/2023 2:19,18167,18167.25,18166.5,18167,22,0,18165.81833
7/18/2023 2:20,18166.75,18166.75,18165.75,18166.75,36,0,18165.81918
7/18/2023 2:21,18167,18167.5,18166.25,18167.5,22,0,18165.82027
7/18/2023 2:22,18167.75,18167.75,18167.25,18167.5,21,0,18165.82165
7/18/2023 2:23,18167.5,18170,18167.5,18169.25,60,0,18165.82892
7/18/2023 2:24,18169,18170,18168.5,18169.25,13,0,18165.83066
7/18/2023 2:25,18169.5,18171.5,18168,18171,133,0,18165.8531
7/18/2023 2:26,18171.25,18171.75,18170.25,18170.25,52,0,18165.86299
7/18/2023 2:27,18170.25,18171.75,18170.25,18171.75,50,0,18165.87343
7/18/2023 2:28,18171.75,18172.25,18171.25,18171.75,27,0,18165.87957
7/18/2023 2:29,18171.5,18173,18170.5,18172.75,43,0,18165.88988
7/18/2023 2:30,18172.5,18172.75,18171.75,18172,33,0,18165.89788
7/18/2023 2:31,18172,18173.5,18171.75,18172.25,80,0,18165.91821
7/18/2023 2:32,18172,18172,18170.25,18170.5,76,0,18165.93278
7/18/2023 2:33,18170.5,18172.5,18170.25,18172,44,0,18165.94231
7/18/2023 2:34,18171.25,18171.5,18170.5,18170.75,19,0,18165.94593
7/18/2023 2:35,18170.75,18171.25,18170.5,18170.75,16,0,18165.94892
7/18/2023 2:36,18170.25,18170.25,18167.75,18168.25,52,0,18165.95448
7/18/2023 2:37,18168.25,18168.5,18167.5,18168.5,35,0,18165.95743
7/18/2023 2:38,18168.5,18169.25,18168.5,18168.5,16,0,18165.95913
7/18/2023 2:39,18168,18168.5,18167.5,18167.5,14,0,18165.96013
7/18/2023 2:40,18168,18169.5,18168,18169.5,48,0,18165.96568
7/18/2023 2:41,18169.25,18169.75,18168.5,18168.5,12,0,18165.96703
7/18/2023 2:42,18168.25,18168.25,18167.5,18167.75,53,0,18165.97078
7/18/2023 2:43,18168,18168,18166.75,18167,11,0,18165.97131
7/18/2023 2:44,18167,18169,18166.75,18169,38,0,18165.97459
7/18/2023 2:45,18168.75,18168.75,18168,18168,9,0,18165.97536
7/18/2023 2:46,18168.25,18168.5,18167.75,18168.25,30,0,18165.97785
7/18/2023 2:47,18168,18168,18165.5,18166.5,42,0,18165.97894
7/18/2023 2:48,18166.75,18168,18166.25,18167.75,29,0,18165.98042
7/18/2023 2:49,18168,18168,18166.75,18166.75,8,0,18165.98078
7/18/2023 2:50,18167.5,18167.75,18167,18167.5,12,0,18165.98143
7/18/2023 2:51,18167.75,18168.5,18166.25,18166.5,48,0,18165.98342
7/18/2023 2:52,18166.75,18166.75,18166.5,18166.5,7,0,18165.98357
7/18/2023 2:53,18166.75,18167.25,18166,18166,35,0,18165.98414
7/18/2023 2:54,18166,18166,18164.75,18165.75,26,0,18165.98367
7/18/2023 2:55,18165.75,18168.25,18165.75,18168.25,31,0,18165.98533
7/18/2023 2:56,18167.75,18170,18166.75,18169.75,41,0,18165.9897
7/18/2023 2:57,18170.25,18172.25,18170.25,18170.75,54,0,18165.99997
7/18/2023 2:58,18171,18172.25,18171,18171.25,25,0,18166.0051
7/18/2023 2:59,18171.25,18172.25,18170.25,18171,32,0,18166.01125
7/18/2023 3:00,18170.75,18173.25,18170.75,18172.25,66,0,18166.02614
7/18/2023 3:01,18171.75,18173,18167.5,18168,161,0,18166.0468
7/18/2023 3:02,18167.75,18170.5,18167.25,18168.5,71,0,18166.05387
7/18/2023 3:03,18168,18169.25,18166.25,18166.25,73,0,18166.05708
7/18/2023 3:04,18167,18170.5,18167,18170,49,0,18166.06266
7/18/2023 3:05,18170.25,18172.75,18170,18171.5,65,0,18166.0754
7/18/2023 3:06,18172,18172.5,18168.25,18171.75,76,0,18166.08859
7/18/2023 3:07,18172.25,18177.75,18172.25,18177.75,176,0,18166.1513
7/18/2023 3:08,18177.25,18177.25,18173.75,18174.5,95,0,18166.18224
7/18/2023 3:09,18175,18176.25,18174.75,18175.5,50,0,18166.19904
7/18/2023 3:10,18175,18175.25,18172.5,18172.5,86,0,18166.22136
7/18/2023 3:11,18172.25,18172.5,18165.5,18165.5,223,0,18166.23418
7/18/2023 3:12,18165.75,18169.75,18165,18169.25,114,0,18166.24133
7/18/2023 3:13,18169,18171.75,18168.5,18171.25,86,0,18166.2543
7/18/2023 3:14,18171.25,18172.75,18170,18171.75,98,0,18166.27244
7/18/2023 3:15,18170.5,18173,18170.5,18171.25,63,0,18166.28422
7/18/2023 3:16,18171.75,18173.5,18170.5,18171.25,67,0,18166.29709
7/18/2023 3:17,18171.5,18172.75,18171,18171.75,35,0,18166.30389
7/18/2023 3:18,18171.5,18171.5,18168.25,18168.25,56,0,18166.30983
7/18/2023 3:19,18168.5,18170.75,18168,18170.25,39,0,18166.31441
7/18/2023 3:20,18170.75,18174.5,18170.25,18174,52,0,18166.32639
7/18/2023 3:21,18174,18176.25,18172.75,18175.25,118,0,18166.36094
7/18/2023 3:22,18175,18177.25,18174.5,18176.5,80,0,18166.38791
7/18/2023 3:23,18177.25,18178,18176.5,18177.5,84,0,18166.41969
7/18/2023 3:24,18177.5,18179,18175.75,18177.75,111,0,18166.46204
7/18/2023 3:25,18177.5,18178.75,18176,18176.5,82,0,18166.49195
7/18/2023 3:26,18176.25,18176.75,18174.75,18176.25,90,0,18166.52098
7/18/2023 3:27,18175.75,18177.75,18175.5,18177,58,0,18166.54125
7/18/2023 3:28,18176.5,18176.5,18173,18173,109,0,18166.56954
7/18/2023 3:29,18173,18176.5,18172.5,18175.5,104,0,18166.59869
7/18/2023 3:30,18176.25,18176.25,18174.75,18175.75,48,0,18166.61329
7/18/2023 3:31,18176.25,18179.25,18174.75,18175,157,0,18166.66469
7/18/2023 3:32,18175.75,18176.75,18174.5,18176.75,45,0,18166.67882
7/18/2023 3:33,18176.5,18177.75,18175.5,18175.5,46,0,18166.69361
7/18/2023 3:34,18176.25,18177.5,18174.25,18174.5,68,0,18166.71348
7/18/2023 3:35,18174,18177.75,18173.5,18176,89,0,18166.74034
7/18/2023 3:36,18176.5,18177,18172.75,18173.25,139,0,18166.77544
7/18/2023 3:37,18173.25,18174.5,18171.75,18172,75,0,18166.7903
7/18/2023 3:38,18172.25,18172.25,18170,18170,83,0,18166.80117
7/18/2023 3:39,18170.5,18170.75,18168.25,18169.25,85,0,18166.8085
7/18/2023 3:40,18169.5,18173,18169.5,18171.75,83,0,18166.82108
7/18/2023 3:41,18171.25,18171.25,18169.75,18170.75,59,0,18166.82837
7/18/2023 3:42,18171.5,18174,18171.5,18174,44,0,18166.83751
7/18/2023 3:43,18173.25,18175,18172.25,18174.25,40,0,18166.84667
7/18/2023 3:44,18175,18175.25,18174.25,18174.75,51,0,18166.85985
7/18/2023 3:45,18175,18175.25,18173.25,18173.25,39,0,18166.86883
7/18/2023 3:46,18173.75,18174.75,18173,18173.25,25,0,18166.87437
7/18/2023 3:47,18174,18176.25,18174,18176.25,46,0,18166.88729
7/18/2023 3:48,18175.75,18178.25,18175.25,18175.25,93,0,18166.91557
7/18/2023 3:49,18174.75,18179,18174.5,18178.25,121,0,18166.95601
7/18/2023 3:50,18178,18178.75,18176.25,18177.75,59,0,18166.97625
7/18/2023 3:51,18177.25,18186,18177,18185,470,0,18167.21074
7/18/2023 3:52,18185,18186,18182,18184.5,257,0,18167.34818
7/18/2023 3:53,18184.5,18187.25,18183.75,18186.5,138,0,18167.42829
7/18/2023 3:54,18186.5,18188,18184.5,18185.5,188,0,18167.53729
7/18/2023 3:55,18186,18189.5,18184.5,18188.75,210,0,18167.66785
7/18/2023 3:56,18188.75,18190,18186.5,18186.5,191,0,18167.78562
7/18/2023 3:57,18186.25,18188,18184.25,18186.75,127,0,18167.85797
7/18/2023 3:58,18186.5,18187.5,18186,18186.5,64,0,18167.89487
7/18/2023 3:59,18186.5,18186.5,18182.75,18184,127,0,18167.95894
7/18/2023 4:00,18184,18184.75,18179,18179.75,153,0,18168.02035
7/18/2023 4:01,18180.25,18183.75,18180,18182.75,239,0,18168.12236
7/18/2023 4:02,18183,18183.5,18180,18183.25,115,0,18168.17121
7/18/2023 4:03,18183.5,18186.25,18182.5,18185,154,0,18168.24686
7/18/2023 4:04,18185.5,18191.25,18185.25,18191,196,0,18168.36886
7/18/2023 4:05,18191.25,18191.5,18188.5,18188.75,134,0,18168.45311
7/18/2023 4:06,18188.5,18191,18187,18188.25,124,0,18168.52743
7/18/2023 4:07,18188.75,18192,18187.5,18189.5,125,0,18168.60517
7/18/2023 4:08,18189.5,18189.75,18188,18188.75,58,0,18168.63962
7/18/2023 4:09,18189,18189.25,18185.5,18187.25,116,0,18168.70309
7/18/2023 4:10,18187.25,18188,18185.25,18185.75,79,0,18168.74377
7/18/2023 4:11,18186,18186.75,18185.25,18185.5,54,0,18168.77067
7/18/2023 4:12,18185.75,18186,18184.5,18185.75,50,0,18168.7949
7/18/2023 4:13,18185.25,18188,18185.25,18186.75,66,0,18168.82918
7/18/2023 4:14,18186.75,18187.5,18186,18187.5,47,0,18168.85396
7/18/2023 4:15,18187.75,18188.75,18186.25,18187.25,66,0,18168.88944
7/18/2023 4:16,18187,18188.5,18186.5,18186.75,77,0,18168.9303
7/18/2023 4:17,18186.75,18187,18185.5,18185.5,61,0,18168.96034
7/18/2023 4:18,18185.25,18185.5,18181.5,18182.5,177,0,18169.03251
7/18/2023 4:19,18182.5,18182.75,18179.5,18182,135,0,18169.08031
7/18/2023 4:20,18182.25,18183.25,18181.75,18182.5,49,0,18169.09908
7/18/2023 4:21,18183,18184.75,18183,18184.25,71,0,18169.12922
7/18/2023 4:22,18184.5,18186.25,18182.25,18184,79,0,18169.16299
7/18/2023 4:23,18183.75,18183.75,18181.25,18181.5,41,0,18169.17813
7/18/2023 4:24,18181.75,18183.75,18181.5,18183.25,35,0,18169.19169
7/18/2023 4:25,18184,18184.75,18183.25,18183.25,15,0,18169.19788
7/18/2023 4:26,18183.25,18184,18182.5,18183.5,35,0,18169.2119
7/18/2023 4:27,18183,18183.5,18182,18182.25,42,0,18169.22779
7/18/2023 4:28,18182.75,18183,18181.75,18181.75,30,0,18169.23876
7/18/2023 4:29,18182.25,18183.25,18181.25,18183,54,0,18169.25897
7/18/2023 4:30,18183.5,18185.25,18183.5,18184.75,41,0,18169.27659
7/18/2023 4:31,18184.5,18185,18182.5,18183.5,67,0,18169.30372
7/18/2023 4:32,18183.5,18184.75,18183,18183.25,62,0,18169.32874
7/18/2023 4:33,18184.5,18189,18184.5,18187.25,153,0,18169.40401
7/18/2023 4:34,18187.5,18188.25,18185.5,18187,81,0,18169.4436
7/18/2023 4:35,18187,18187.25,18185,18185.25,79,0,18169.47965
7/18/2023 4:36,18185.5,18187,18182.5,18183,129,0,18169.53222
7/18/2023 4:37,18182.5,18182.5,18178.5,18180,140,0,18169.57402
7/18/2023 4:38,18180.25,18182,18179.5,18181.25,60,0,18169.5928
7/18/2023 4:39,18181.5,18181.5,18179.25,18180.5,71,0,18169.61396
7/18/2023 4:40,18180.25,18180.25,18178.25,18179,76,0,18169.63391
7/18/2023 4:41,18179,18181,18178.75,18179.5,48,0,18169.64724
7/18/2023 4:42,18179.75,18181.25,18178.25,18178.25,45,0,18169.65908
7/18/2023 4:43,18178.5,18179.5,18175.5,18175.75,130,0,18169.68486
7/18/2023 4:44,18176.5,18177.25,18175.5,18177.25,67,0,18169.69761
7/18/2023 4:45,18177,18177.75,18176,18177.75,45,0,18169.70676
7/18/2023 4:46,18178,18179.25,18177.75,18179,96,0,18169.73013
7/18/2023 4:47,18179,18179.25,18176.75,18177,84,0,18169.74819
7/18/2023 4:48,18177,18177,18175,18175.25,125,0,18169.76845
7/18/2023 4:49,18175.25,18175.5,18173.5,18173.75,68,0,18169.77667
7/18/2023 4:50,18174.25,18175.75,18174,18175.5,108,0,18169.79207
7/18/2023 4:51,18175.75,18175.75,18174.25,18174.5,44,0,18169.79803
7/18/2023 4:52,18174,18174.25,18171.25,18171.25,111,0,18169.80531
7/18/2023 4:53,18171.75,18172.25,18165.75,18166,267,0,18169.7925
7/18/2023 4:54,18166.5,18168,18165.75,18167.5,135,0,18169.78282
7/18/2023 4:55,18167.75,18169,18167.25,18168.75,72,0,18169.78006
7/18/2023 4:56,18169,18169.5,18168.5,18169.25,51,0,18169.77912
7/18/2023 4:57,18169.5,18171.5,18169.5,18170.75,84,0,18169.7809
7/18/2023 4:58,18171,18172.5,18170.75,18172.25,49,0,18169.78355
7/18/2023 4:59,18171.75,18172.5,18171,18171,46,0,18169.78562
7/18/2023 5:00,18171,18172.5,18170.5,18172,54,0,18169.78828
7/18/2023 5:01,18172,18172.5,18170.5,18171.75,34,0,18169.78988
7/18/2023 5:02,18171.75,18174.5,18171.5,18173.75,57,0,18169.79505
7/18/2023 5:03,18173.5,18174.5,18172.75,18172.75,57,0,18169.80032
7/18/2023 5:04,18172.5,18174.75,18172.5,18174,45,0,18169.80496
7/18/2023 5:05,18173.75,18174.25,18173,18173,44,0,18169.8091
7/18/2023 5:06,18173.25,18173.75,18171.5,18171.5,49,0,18169.81221
7/18/2023 5:07,18171.75,18172.5,18171,18171,37,0,18169.81384
7/18/2023 5:08,18170.75,18173,18170.75,18172,33,0,18169.81564
7/18/2023 5:09,18171.75,18172.5,18171.25,18171.5,48,0,18169.81805
7/18/2023 5:10,18171.5,18172,18170.5,18170.75,48,0,18169.81963
7/18/2023 5:11,18170.75,18171.5,18170,18171.25,66,0,18169.8215
7/18/2023 5:12,18171.25,18171.75,18170.25,18171.75,28,0,18169.82254
7/18/2023 5:13,18171.5,18173.5,18171.5,18173,53,0,18169.82643
7/18/2023 5:14,18173.25,18173.75,18172.25,18172.25,30,0,18169.82869
7/18/2023 5:15,18172,18172,18170,18171,83,0,18169.8312
7/18/2023 5:16,18170.75,18172.75,18170.25,18172.5,39,0,18169.83321
7/18/2023 5:17,18172.25,18174,18172.25,18174,38,0,18169.83671
7/18/2023 5:18,18174,18175,18173.5,18174.25,49,0,18169.84226
7/18/2023 5:19,18174.5,18174.75,18173.25,18173.75,66,0,18169.84915
7/18/2023 5:20,18174,18174.75,18173.5,18174.75,34,0,18169.85305
7/18/2023 5:21,18174.5,18175.75,18173.25,18175.75,69,0,18169.86198
7/18/2023 5:22,18175.75,18177.75,18175.25,18176.75,114,0,18169.88151
7/18/2023 5:23,18176.75,18177.25,18175,18175.5,90,0,18169.89532
7/18/2023 5:24,18175.75,18175.75,18173,18173,54,0,18169.90084
7/18/2023 5:25,18172.75,18174.25,18172.75,18173.75,28,0,18169.90345
7/18/2023 5:26,18174,18174.25,18172.75,18173.75,24,0,18169.90569
7/18/2023 5:27,18173.75,18174.25,18172.75,18173.25,20,0,18169.90747
7/18/2023 5:28,18172.75,18173,18172.25,18172.5,17,0,18169.90863
7/18/2023 5:29,18173,18174,18173,18173,15,0,18169.90993
7/18/2023 5:30,18173.5,18173.5,18171.75,18172.25,25,0,18169.91157
7/18/2023 5:31,18172,18173.5,18171.5,18173.5,43,0,18169.91474
7/18/2023 5:32,18173.75,18173.75,18173,18173,16,0,18169.91609
7/18/2023 5:33,18172.75,18174.5,18172.75,18173.25,55,0,18169.92107
7/18/2023 5:34,18173,18175.5,18172.5,18174.75,65,0,18169.92816
7/18/2023 5:35,18175,18175.75,18174.25,18174.25,43,0,18169.93337
7/18/2023 5:36,18174.25,18175.75,18173.75,18174.75,40,0,18169.93822
7/18/2023 5:37,18174.5,18175.5,18174.25,18175.5,35,0,18169.94274
7/18/2023 5:38,18175.25,18177,18175.25,18176.25,45,0,18169.94977
7/18/2023 5:39,18176,18176.5,18175.5,18176.25,23,0,18169.95331
7/18/2023 5:40,18176,18178,18176,18177.25,56,0,18169.96331
7/18/2023 5:41,18177.5,18178.25,18177,18177.75,41,0,18169.97121
7/18/2023 5:42,18178,18180,18178,18179.5,71,0,18169.98751
7/18/2023 5:43,18180,18180.5,18179.5,18180.5,66,0,18170.00426
7/18/2023 5:44,18180.5,18182.5,18180,18180.75,145,0,18170.04417
7/18/2023 5:45,18181,18181.25,18179.75,18180.25,62,0,18170.06012
7/18/2023 5:46,18180.25,18180.75,18178.25,18180,52,0,18170.0725
7/18/2023 5:47,18180.25,18180.75,18179.25,18180.5,53,0,18170.08573
7/18/2023 5:48,18180.5,18180.75,18179,18179.75,54,0,18170.09874
7/18/2023 5:49,18179.5,18179.75,18179.25,18179.5,15,0,18170.10222
7/18/2023 5:50,18179.25,18179.5,18178,18178.75,41,0,18170.11097
7/18/2023 5:51,18178.75,18179.25,18178.5,18179,53,0,18170.12247
7/18/2023 5:52,18178.75,18179.25,18178,18179,30,0,18170.12884
7/18/2023 5:53,18179,18179.5,18179,18179,30,0,18170.13551
7/18/2023 5:54,18179.25,18180.25,18178.5,18179.75,35,0,18170.14357
7/18/2023 5:55,18179.75,18180,18177.25,18178,48,0,18170.15332
7/18/2023 5:56,18178.25,18178.75,18175.75,18177.75,76,0,18170.16685
7/18/2023 5:57,18177.75,18180.25,18177.75,18180.25,53,0,18170.17885
7/18/2023 5:58,18180,18180.25,18179,18179.75,42,0,18170.18859
7/18/2023 5:59,18180,18180,18179.25,18179.5,19,0,18170.19295
7/18/2023 6:00,18179.5,18179.5,18178.75,18178.75,9,0,18170.19489
7/18/2023 6:01,18179,18181.25,18178.75,18180.75,78,0,18170.21402
7/18/2023 6:02,18180.75,18182.5,18180,18182,94,0,18170.23983
7/18/2023 6:03,18182.25,18182.25,18180.25,18180.25,51,0,18170.25306
7/18/2023 6:04,18180,18181,18178.75,18180.75,68,0,18170.26942
7/18/2023 6:05,18180.5,18180.5,18178.5,18178.5,91,0,18170.28902
7/18/2023 6:06,18179,18179.75,18179,18179.25,34,0,18170.29646
7/18/2023 6:07,18179,18179.25,18178,18179,49,0,18170.30647
7/18/2023 6:08,18179.25,18179.5,18179,18179.25,31,0,18170.31316
7/18/2023 6:09,18179,18179.25,18175.25,18175.25,83,0,18170.3257
7/18/2023 6:10,18175.75,18177,18175.5,18176.75,71,0,18170.3361
7/18/2023 6:11,18176.75,18177.75,18176.5,18177.75,23,0,18170.33997
7/18/2023 6:12,18177.25,18178.75,18177.25,18177.75,44,0,18170.34797
7/18/2023 6:13,18177.25,18177.25,18174.25,18174.5,92,0,18170.35896
7/18/2023 6:14,18174.5,18176.25,18174.5,18175,38,0,18170.36341
7/18/2023 6:15,18174.75,18176.25,18171.75,18172.25,166,0,18170.3755
7/18/2023 6:16,18172.25,18175,18172.25,18174.5,79,0,18170.38216
7/18/2023 6:17,18174.75,18174.75,18173.25,18173.75,34,0,18170.38501
7/18/2023 6:18,18173.75,18174.5,18172.5,18174.25,46,0,18170.38869
7/18/2023 6:19,18174.25,18176,18173.75,18175.75,59,0,18170.39538
7/18/2023 6:20,18176,18176,18173.75,18173.75,66,0,18170.40179
7/18/2023 6:21,18174,18176.5,18173.75,18175.5,88,0,18170.41188
7/18/2023 6:22,18175.5,18175.75,18174.75,18175.75,22,0,18170.41448
7/18/2023 6:23,18175.75,18176.5,18175,18175.5,63,0,18170.42228
7/18/2023 6:24,18175.25,18175.75,18174.25,18174.75,42,0,18170.42673
7/18/2023 6:25,18175.25,18175.5,18173.75,18173.75,22,0,18170.42875
7/18/2023 6:26,18173.75,18174.5,18173.75,18174.25,21,0,18170.4306
7/18/2023 6:27,18174.25,18174.75,18174,18174.25,19,0,18170.43235
7/18/2023 6:28,18174.5,18175.25,18172.75,18173,31,0,18170.4347
7/18/2023 6:29,18173.25,18174.25,18173,18173,37,0,18170.4373
7/18/2023 6:30,18173,18174,18171,18171,93,0,18170.4407
7/18/2023 6:31,18171.25,18172.75,18170.25,18172.25,124,0,18170.4445
7/18/2023 6:32,18172.25,18173.5,18171.25,18171.75,48,0,18170.44643
7/18/2023 6:33,18171.5,18173.5,18170.25,18173,88,0,18170.45013
7/18/2023 6:34,18173,18173,18169.5,18169.75,115,0,18170.45093
7/18/2023 6:35,18169.75,18171.25,18168.5,18168.5,162,0,18170.44705
7/18/2023 6:36,18168.5,18169.75,18168.25,18169.25,85,0,18170.44437
7/18/2023 6:37,18169,18171,18168.75,18170,116,0,18170.44296
7/18/2023 6:38,18169.75,18169.75,18166.25,18167.25,219,0,18170.42944
7/18/2023 6:39,18167,18168,18165.75,18166.25,83,0,18170.42229
7/18/2023 6:40,18166,18174.5,18164.25,18170.25,531,0,18170.41322
7/18/2023 6:41,18170.5,18171.75,18169.5,18170.25,105,0,18170.41343
7/18/2023 6:42,18169.75,18172.75,18169,18169.75,115,0,18170.41365
7/18/2023 6:43,18169.75,18170.75,18168.5,18170,50,0,18170.4129
7/18/2023 6:44,18170,18172.75,18169.75,18172.25,103,0,18170.41561
7/18/2023 6:45,18172.75,18173.75,18172,18172.75,44,0,18170.41799
7/18/2023 6:46,18172.5,18173.25,18171.75,18171.75,57,0,18170.42033
7/18/2023 6:47,18171.25,18173.5,18171,18172,65,0,18170.42286
7/18/2023 6:48,18171.5,18171.75,18170.25,18171,62,0,18170.42366
7/18/2023 6:49,18170.75,18171.75,18169.25,18169.25,52,0,18170.42327
7/18/2023 6:50,18169.25,18169.25,18164.75,18165,159,0,18170.40883
7/18/2023 6:51,18165,18166.25,18164.25,18166,130,0,18170.3947
7/18/2023 6:52,18166,18168,18165,18165.5,88,0,18170.38648
7/18/2023 6:53,18165.5,18165.5,18161.25,18164.5,253,0,18170.34959
7/18/2023 6:54,18164.75,18167.5,18164,18167.25,89,0,18170.34159
7/18/2023 6:55,18167.5,18167.5,18165,18165.75,49,0,18170.33702
7/18/2023 6:56,18166,18167.5,18165.25,18166.75,70,0,18170.33115
7/18/2023 6:57,18166.5,18167,18165.75,18166.5,39,0,18170.32781
7/18/2023 6:58,18166,18168.25,18166,18168.25,71,0,18170.32343
7/18/2023 6:59,18168.25,18168.5,18167,18168.5,73,0,18170.31973
7/18/2023 7:00,18168.75,18170.5,18168.25,18170.5,121,0,18170.31824
7/18/2023 7:01,18170.25,18172.5,18170,18171.5,109,0,18170.32064
7/18/2023 7:02,18172,18175.75,18172,18175,152,0,18170.33354
7/18/2023 7:03,18175,18175.75,18173.25,18174.25,106,0,18170.34287
7/18/2023 7:04,18174,18174.75,18173.25,18174,59,0,18170.34751
7/18/2023 7:05,18174,18175.25,18172,18174.5,80,0,18170.35365
7/18/2023 7:06,18174.5,18175.5,18174.25,18175.5,71,0,18170.36085
7/18/2023 7:07,18175.25,18177.75,18174.75,18177,129,0,18170.3778
7/18/2023 7:08,18177.25,18177.5,18174.75,18175,73,0,18170.38618
7/18/2023 7:09,18175,18175.5,18174,18175.25,45,0,18170.39053
7/18/2023 7:10,18175,18175,18172.5,18172.75,67,0,18170.39485
7/18/2023 7:11,18172.5,18172.5,18170,18170.5,70,0,18170.39575
7/18/2023 7:12,18170.25,18171.25,18167.75,18171.25,102,0,18170.39508
7/18/2023 7:13,18171.5,18174,18171.25,18173,65,0,18170.39832
7/18/2023 7:14,18172.75,18173.75,18172.5,18172.75,66,0,18170.40196
7/18/2023 7:15,18172.75,18174,18171.75,18173.5,66,0,18170.4057
7/18/2023 7:16,18173.75,18175.25,18172.5,18174.75,38,0,18170.40872
7/18/2023 7:17,18174.5,18180,18174.25,18180,156,0,18170.43394
7/18/2023 7:18,18179.75,18180.25,18177.5,18179,131,0,18170.45728
7/18/2023 7:19,18178.75,18179.75,18176,18177,92,0,18170.47102
7/18/2023 7:20,18177,18178.75,18175.75,18176.25,156,0,18170.49203
7/18/2023 7:21,18176.75,18176.75,18173.25,18175.5,101,0,18170.50187
7/18/2023 7:22,18176,18177.25,18175.25,18175.75,61,0,18170.50896
7/18/2023 7:23,18175.75,18175.75,18173,18174.5,67,0,18170.51441
7/18/2023 7:24,18174.5,18175.5,18173.5,18174,52,0,18170.51853
7/18/2023 7:25,18174.5,18175,18173.25,18173.75,69,0,18170.52352
7/18/2023 7:26,18173.5,18173.5,18170.25,18170.5,111,0,18170.52557
7/18/2023 7:27,18170.75,18174.5,18170.75,18173,54,0,18170.52805
7/18/2023 7:28,18172.75,18174,18172.25,18172.25,32,0,18170.52957
7/18/2023 7:29,18172,18172.25,18169.5,18170.25,107,0,18170.52988
7/18/2023 7:30,18170.5,18171.25,18170.25,18170.25,67,0,18170.52995
7/18/2023 7:31,18169.75,18171,18166.75,18171,186,0,18170.52634
7/18/2023 7:32,18171.25,18173.5,18169.25,18169.5,126,0,18170.52692
7/18/2023 7:33,18169.5,18170.5,18167.75,18169.25,64,0,18170.52514
7/18/2023 7:34,18169.25,18169.25,18166.25,18166.75,110,0,18170.51817
7/18/2023 7:35,18166.75,18168,18164.75,18166,129,0,18170.50698
7/18/2023 7:36,18165.5,18165.75,18160.5,18161.75,276,0,18170.46324
7/18/2023 7:37,18161.5,18165,18161.25,18163.75,171,0,18170.43868
7/18/2023 7:38,18163.75,18164.75,18161.5,18162,89,0,18170.42492
7/18/2023 7:39,18161.75,18162.25,18159.5,18161,278,0,18170.37206
7/18/2023 7:40,18161,18164.5,18160.75,18163.5,104,0,18170.35659
7/18/2023 7:41,18162.5,18164.25,18162,18163,55,0,18170.34862
7/18/2023 7:42,18163,18164.75,18161.5,18162.75,72,0,18170.33809
7/18/2023 7:43,18162.75,18164,18161.75,18162.5,68,0,18170.32783
7/18/2023 7:44,18162.75,18165.5,18161.5,18164.75,132,0,18170.31105
7/18/2023 7:45,18165,18165.5,18163.75,18164.75,70,0,18170.30323
7/18/2023 7:46,18165.5,18166.75,18165,18166,110,0,18170.2937
7/18/2023 7:47,18166,18167.5,18166,18166.5,50,0,18170.29012
7/18/2023 7:48,18166.25,18168,18166.25,18167,37,0,18170.28778
7/18/2023 7:49,18167.25,18169,18166.5,18168.25,97,0,18170.28325
7/18/2023 7:50,18168.25,18168.75,18166.75,18167,124,0,18170.27647
7/18/2023 7:51,18167,18169.25,18166.75,18168.5,94,0,18170.27259
7/18/2023 7:52,18169,18169.5,18168.25,18168.25,72,0,18170.27032
7/18/2023 7:53,18168,18169.5,18168,18168.75,76,0,18170.26807
7/18/2023 7:54,18168.75,18169.5,18167.5,18167.75,72,0,18170.26523
7/18/2023 7:55,18167.75,18168.75,18167,18168.25,78,0,18170.26179
7/18/2023 7:56,18168,18169.5,18167.25,18167.5,107,0,18170.25726
7/18/2023 7:57,18167.75,18171,18167.75,18169.75,108,0,18170.25567
7/18/2023 7:58,18169.75,18171.75,18169.25,18171.75,77,0,18170.25666
7/18/2023 7:59,18171.75,18172.5,18169,18169.25,155,0,18170.25664
7/18/2023 8:00,18169.25,18169.5,18167,18169,102,0,18170.25318
7/18/2023 8:01,18168.75,18171.25,18167.25,18168.25,180,0,18170.24856
7/18/2023 8:02,18168,18171.75,18168,18171,104,0,18170.24856
7/18/2023 8:03,18171,18173,18168.5,18170,165,0,18170.24935
7/18/2023 8:04,18170,18170.75,18166.25,18168.25,207,0,18170.24213
7/18/2023 8:05,18167.75,18168.75,18167.5,18168,35,0,18170.24069
7/18/2023 8:06,18168.25,18170.25,18167.75,18167.75,92,0,18170.2378
7/18/2023 8:07,18167.5,18168,18166.25,18166.75,191,0,18170.2261
7/18/2023 8:08,18167,18169.25,18166.25,18169,156,0,18170.22003
7/18/2023 8:09,18169.25,18171,18169.25,18170.5,113,0,18170.2201
7/18/2023 8:10,18170.5,18173.5,18169.75,18173,162,0,18170.22576
7/18/2023 8:11,18172.75,18173,18169.75,18170.25,96,0,18170.22716
7/18/2023 8:12,18170.5,18172,18169.75,18171.75,98,0,18170.22888
7/18/2023 8:13,18171.75,18171.75,18166.5,18168.25,231,0,18170.22288
7/18/2023 8:14,18168,18170.5,18167.25,18167.5,165,0,18170.21734
7/18/2023 8:15,18168,18171,18166.25,18170.75,245,0,18170.21334
7/18/2023 8:16,18170.25,18170.5,18167.25,18170,158,0,18170.21054
7/18/2023 8:17,18170,18172,18169.75,18171.25,152,0,18170.21274
7/18/2023 8:18,18171.25,18174.5,18170.75,18172.25,177,0,18170.22016
7/18/2023 8:19,18172.5,18174.25,18172.25,18173,82,0,18170.22457
7/18/2023 8:20,18173,18174.25,18170.25,18174.25,174,0,18170.23311
7/18/2023 8:21,18174,18174,18170.25,18173,114,0,18170.23764
7/18/2023 8:22,18173.25,18174.75,18173,18174.5,78,0,18170.24309
7/18/2023 8:23,18174,18174.25,18171.25,18171.75,77,0,18170.24613
7/18/2023 8:24,18172.25,18173,18169.75,18170,143,0,18170.24786
7/18/2023 8:25,18169.75,18172.5,18168.5,18172.5,160,0,18170.25052
7/18/2023 8:26,18172.25,18174.5,18172.25,18174,85,0,18170.25562
7/18/2023 8:27,18173.5,18176,18173.25,18174.75,186,0,18170.27035
7/18/2023 8:28,18174.75,18175.5,18170.25,18171.5,246,0,18170.27979
7/18/2023 8:29,18171.25,18174.75,18171.25,18173,187,0,18170.28885
7/18/2023 8:30,18173.25,18175.25,18171.5,18172.5,119,0,18170.29476
7/18/2023 8:31,18173.75,18186,18163.25,18176.25,1644,0,18170.43311
7/18/2023 8:32,18176.5,18183,18168.25,18171.5,807,0,18170.48559
7/18/2023 8:33,18172.25,18173.5,18158.25,18163.5,1190,0,18170.37825
7/18/2023 8:34,18163.5,18166,18157.25,18160.5,791,0,18170.25925
7/18/2023 8:35,18160.25,18163.5,18153.75,18158.25,819,0,18170.10265
7/18/2023 8:36,18158.25,18159.5,18151.25,18157.25,777,0,18169.9267
7/18/2023 8:37,18158,18164.25,18155.25,18162.75,586,0,18169.84115
7/18/2023 8:38,18162.75,18164.75,18159.75,18164.75,333,0,18169.80554
7/18/2023 8:39,18164.5,18170.5,18164.25,18167,704,0,18169.77739
7/18/2023 8:40,18167,18167.75,18159,18160,552,0,18169.71292
7/18/2023 8:41,18159.75,18163.75,18158.5,18163.5,349,0,18169.67093
7/18/2023 8:42,18163.25,18165.5,18158.75,18161.75,330,0,18169.63206
7/18/2023 8:43,18160.75,18161,18155,18158.25,347,0,18169.57086
7/18/2023 8:44,18158.5,18158.75,18151.5,18153.5,451,0,18169.46833
7/18/2023 8:45,18153,18153,18145,18145.5,893,0,18169.1792
7/18/2023 8:46,18145.25,18148.5,18144.25,18147.25,634,0,18168.96761
7/18/2023 8:47,18148,18155.25,18147.75,18153,676,0,18168.79925
7/18/2023 8:48,18152.5,18155.25,18151,18154.25,322,0,18168.72729
7/18/2023 8:49,18153.75,18160,18153.25,18155.5,485,0,18168.63951
7/18/2023 8:50,18155.25,18157.75,18152,18156.75,221,0,18168.59752
7/18/2023 8:51,18156.75,18160.25,18155.25,18158.75,410,0,18168.53555
7/18/2023 8:52,18158.75,18163,18156.75,18158.5,488,0,18168.47203
7/18/2023 8:53,18159,18160.5,18157.25,18159.25,238,0,18168.43996
7/18/2023 8:54,18160,18160.25,18155.25,18159.25,357,0,18168.38847
7/18/2023 8:55,18159.5,18160.5,18153.25,18153.5,292,0,18168.33646
7/18/2023 8:56,18153.75,18158,18153.25,18155,300,0,18168.28205
7/18/2023 8:57,18155.25,18155.75,18150.25,18153.75,259,0,18168.2276
7/18/2023 8:58,18152.75,18155.25,18151,18152,193,0,18168.18594
7/18/2023 8:59,18152,18158.5,18150.75,18156.75,412,0,18168.1125
7/18/2023 9:00,18157,18162.5,18156.5,18160.75,412,0,18168.06594
7/18/2023 9:01,18160.75,18164.75,18160,18160,579,0,18168.01459
7/18/2023 9:02,18160,18160.25,18156.25,18156.25,423,0,18167.95458
7/18/2023 9:03,18156.5,18159.75,18153,18159.5,347,0,18167.90508
7/18/2023 9:04,18159,18159.75,18157.5,18159.5,208,0,18167.87984
7/18/2023 9:05,18159.5,18161.25,18158.75,18160,244,0,18167.85397
7/18/2023 9:06,18160,18161,18158.5,18158.75,217,0,18167.8294
7/18/2023 9:07,18159.25,18162.25,18158.25,18158.75,199,0,18167.80789
7/18/2023 9:08,18158.75,18159.25,18154.25,18156,245,0,18167.77094
7/18/2023 9:09,18156.75,18159,18156,18157.25,105,0,18167.75646
7/18/2023 9:10,18157,18158,18155.25,18156.75,175,0,18167.73068
7/18/2023 9:11,18156.75,18160.75,18156.5,18160,199,0,18167.70787
7/18/2023 9:12,18160,18161,18158,18159.5,161,0,18167.6904
7/18/2023 9:13,18159.25,18159.75,18157.5,18157.5,115,0,18167.67607
7/18/2023 9:14,18157.5,18160.5,18157.25,18159,121,0,18167.66209
7/18/2023 9:15,18158.5,18160.25,18156.25,18158.25,277,0,18167.62785
7/18/2023 9:16,18158.75,18165.75,18158.25,18165,616,0,18167.59071
7/18/2023 9:17,18165,18167.25,18161,18161.75,510,0,18167.5626
7/18/2023 9:18,18161.5,18163.5,18158.5,18158.75,307,0,18167.53366
7/18/2023 9:19,18158.25,18161,18158.25,18158.5,221,0,18167.51013
7/18/2023 9:20,18158.75,18160.75,18157,18159,304,0,18167.47668
7/18/2023 9:21,18159.25,18159.25,18153.25,18155,386,0,18167.41941
7/18/2023 9:22,18155.5,18161.75,18154.75,18161.5,284,0,18167.39025
7/18/2023 9:23,18161.25,18162.5,18159.75,18161.25,203,0,18167.37425
7/18/2023 9:24,18161,18164,18160.5,18163.5,202,0,18167.36224
7/18/2023 9:25,18163.5,18163.5,18160.25,18162.5,333,0,18167.34013
7/18/2023 9:26,18162,18166,18160.25,18162.5,485,0,18167.31331
7/18/2023 9:27,18163.25,18165.25,18162.25,18164.5,219,0,18167.30426
7/18/2023 9:28,18164.25,18164.5,18153.5,18154.75,558,0,18167.2371
7/18/2023 9:29,18154.25,18158,18149,18156.5,709,0,18167.12625
7/18/2023 9:30,18157,18163.25,18155.25,18163.25,481,0,18167.08785
7/18/2023 9:31,18163.5,18164.25,18137.25,18138,5714,18146.5,18165.74597
7/18/2023 9:32,18138,18147,18133.25,18143.75,3299,18144.60886,18164.86061
7/18/2023 9:33,18144,18150,18125.25,18128.75,3597,18141.77285,18163.71209
7/18/2023 9:34,18128.75,18130,18118,18121.25,4061,18137.22015,18162.03914
7/18/2023 9:35,18121.25,18131.5,18119.5,18122.5,2647,18135.4772,18161.05795
7/18/2023 9:36,18122.5,18125.25,18112,18122,4265,18132.63293,18159.38858
7/18/2023 9:37,18122,18125.25,18112.25,18115,3479,18130.68749,18158.05179
7/18/2023 9:38,18114.5,18115.25,18103.25,18103.25,3485,18128.01359,18156.47806
7/18/2023 9:39,18103.5,18120.25,18102,18114.25,3765,18126.27473,18155.04313
7/18/2023 9:40,18113.75,18118.5,18104.75,18106.5,2224,18125.27899,18154.19612
7/18/2023 9:41,18106.5,18117,18100.5,18115.75,3112,18124.16476,18153.09278
7/18/2023 9:42,18116,18129.5,18114.25,18128.25,3327,18124.15201,18152.318
7/18/2023 9:43,18128,18135.75,18122.25,18123.5,3848,18124.39976,18151.56645
7/18/2023 9:44,18123.75,18125.75,18106.25,18110.5,3129,18123.75876,18150.67926
7/18/2023 9:45,18110.5,18115,18101.75,18109.75,2694,18122.99499,18149.84172
7/18/2023 9:46,18109.75,18119.75,18108,18117.25,2849,18122.58455,18149.11952
7/18/2023 9:47,18117.5,18123.25,18110.75,18117.5,2306,18122.3684,18148.59229
7/18/2023 9:48,18117.75,18128.75,18117.25,18127.75,2217,18122.45021,18148.21737
7/18/2023 9:49,18128,18128.25,18116.5,18120.25,1809,18122.42729,18147.88331
7/18/2023 9:50,18120,18122.25,18114.5,18117.25,1548,18122.31915,18147.565
7/18/2023 9:51,18116.5,18120,18098.75,18105,2853,18121.69871,18146.80163
7/18/2023 9:52,18104.5,18106.5,18081.25,18092.5,4792,18119.79041,18145.12931
7/18/2023 9:53,18092.5,18096.75,18084.75,18089.75,2895,18118.63994,18144.11311
7/18/2023 9:54,18090,18098.5,18085.25,18097.5,1928,18118.00721,18143.49776
7/18/2023 9:55,18097.25,18106.75,18097,18103.75,2039,18117.60123,18142.97475
7/18/2023 9:56,18103.5,18108.75,18096.75,18100,1835,18117.23827,18142.50778
7/18/2023 9:57,18100,18110.25,18100,18106.5,1440,18117.03147,18142.1818
7/18/2023 9:58,18106,18112.5,18101.5,18108.75,1804,18116.82602,18141.80333
7/18/2023 9:59,18108.5,18113.75,18107.75,18110.5,1332,18116.72869,18141.55385
7/18/2023 10:00,18110.25,18129,18108.5,18127.25,2694,18116.87904,18141.23539
7/18/2023 10:01,18127,18135.75,18126,18130.75,3292,18117.38788,18141.03657
7/18/2023 10:02,18130.75,18133.5,18125.75,18129.5,1761,18117.62121,18140.92065
7/18/2023 10:03,18129,18130.75,18123.75,18126.5,1339,18117.7557,18140.81434
7/18/2023 10:04,18127.5,18128.25,18115.5,18116.5,1926,18117.80274,18140.58909
7/18/2023 10:05,18116.25,18118.25,18110.75,18115.5,1753,18117.7491,18140.33687
7/18/2023 10:06,18114.75,18119.75,18106.5,18117.75,2325,18117.67699,18140.00774
7/18/2023 10:07,18117.5,18129,18117.5,18123.75,1881,18117.78361,18139.83741
7/18/2023 10:08,18124.25,18128.25,18116.75,18123.75,1270,18117.84719,18139.72092
7/18/2023 10:09,18123.25,18131.25,18121.5,18128.5,1473,18117.97799,18139.62082
7/18/2023 10:10,18128.25,18129.75,18118.75,18122.5,1405,18118.05382,18139.50119
7/18/2023 10:11,18122.25,18126,18117.25,18123.25,1059,18118.09472,18139.40376
7/18/2023 10:12,18123.75,18133.25,18119.5,18127.75,1442,18118.2115,18139.30829
7/18/2023 10:13,18128.25,18129.25,18115.75,18124.25,1588,18118.28215,18139.17371
7/18/2023 10:14,18124,18126.25,18119.25,18120,859,18118.30979,18139.09626
7/18/2023 10:15,18120.75,18124.5,18116.25,18122,1070,18118.33482,18138.99567
7/18/2023 10:16,18121,18129.5,18120.5,18126.75,1169,18118.41007,18138.91508
7/18/2023 10:17,18126.5,18128.25,18120.25,18127,693,18118.4514,18138.86628
7/18/2023 10:18,18127,18135.5,18126.5,18133.75,1605,18118.6395,18138.80962
7/18/2023 10:19,18133.5,18139,18120,18123,2530,18118.82681,18138.66399
7/18/2023 10:20,18123.5,18128.25,18114.75,18126,1607,18118.88315,18138.53875
7/18/2023 10:21,18126.75,18129.75,18122.5,18124.75,972,18118.9381,18138.4768
7/18/2023 10:22,18124.75,18129,18120.25,18124.5,884,18118.97938,18138.41625
7/18/2023 10:23,18124.5,18126,18118,18123,824,18119.00208,18138.35118
7/18/2023 10:24,18123.5,18131,18121.5,18130,1088,18119.07737,18138.29352
7/18/2023 10:25,18130.25,18130.25,18118,18121.5,1111,18119.11478,18138.21234
7/18/2023 10:26,18122.25,18123.25,18107.25,18107.5,1524,18119.03644,18138.02462
7/18/2023 10:27,18107.75,18113.5,18101.75,18106,2272,18118.82379,18137.68932
7/18/2023 10:28,18106.75,18110,18104,18108.5,1173,18118.72073,18137.52136
7/18/2023 10:29,18108.5,18118.25,18105,18118,1265,18118.67241,18137.37958
7/18/2023 10:30,18117.75,18124.5,18115.75,18116.5,1641,18118.67546,18137.23783
7/18/2023 10:31,18116.25,18118.5,18102.75,18110,1988,18118.55272,18136.99067
7/18/2023 10:32,18109.5,18110,18101,18106,1359,18118.42313,18136.79458
7/18/2023 10:33,18106.25,18111,18104.25,18107.5,945,18118.34786,18136.66797
7/18/2023 10:34,18107.75,18116,18105.75,18115.25,884,18118.30904,18136.5697
7/18/2023 10:35,18114.75,18116.75,18107.25,18112.5,823,18118.27235,18136.47831
7/18/2023 10:36,18112,18119.75,18111,18118.5,1028,18118.25861,18136.38489
7/18/2023 10:37,18118.5,18118.75,18110.75,18113,982,18118.22986,18136.2865
7/18/2023 10:38,18113.25,18122.5,18113.25,18116.25,1131,18118.22267,18136.19032
7/18/2023 10:39,18116,18117,18109,18111.5,821,18118.18952,18136.10338
7/18/2023 10:40,18111.5,18120.5,18110.75,18118.25,890,18118.17898,18136.02569
7/18/2023 10:41,18118.25,18132,18117.75,18131.25,2055,18118.30426,18135.94386
7/18/2023 10:42,18131.75,18132.75,18125,18126.5,1187,18118.38383,18135.90291
7/18/2023 10:43,18126.5,18131.25,18123.25,18129.75,960,18118.44724,18135.8701
7/18/2023 10:44,18129.75,18135.75,18127,18135,1220,18118.56372,18135.85266
7/18/2023 10:45,18135,18137,18131.25,18132.75,1109,18118.67601,18135.84217
7/18/2023 10:46,18132.25,18149.5,18131.75,18142.25,3219,18119.15109,18135.91531
7/18/2023 10:47,18142,18146.75,18140,18140.75,1261,18119.34271,18135.95055
7/18/2023 10:48,18140.75,18147.5,18140,18145.25,1042,18119.51049,18135.9871
7/18/2023 10:49,18146,18146.75,18140.75,18142.5,945,18119.65514,18136.01632
7/18/2023 10:50,18142.25,18149.5,18141,18149,1252,18119.86936,18136.07127
7/18/2023 10:51,18148.5,18149.75,18142.25,18143.5,1345,18120.08439,18136.12221
7/18/2023 10:52,18143.25,18144,18131.75,18134.75,2017,18120.2952,18136.12813
7/18/2023 10:53,18135,18144.75,18132.75,18141,1456,18120.46812,18136.14828
7/18/2023 10:54,18141.25,18141.75,18130.5,18131.25,1252,18120.57593,18136.13985
7/18/2023 10:55,18131.5,18135.5,18128.5,18134.5,1194,18120.66508,18136.12381
7/18/2023 10:56,18134.75,18135.25,18129.5,18131,720,18120.71422,18136.11154
7/18/2023 10:57,18131,18137.5,18126,18135.5,1467,18120.82257,18136.09315
7/18/2023 10:58,18135.75,18145.25,18134.5,18142.25,1300,18120.97646,18136.11697
7/18/2023 10:59,18142.25,18143.75,18134.25,18136,892,18121.06656,18136.12368
7/18/2023 11:00,18136.25,18139.75,18135.25,18138.5,631,18121.1291,18136.12798
7/18/2023 11:01,18138.75,18145.25,18138.75,18143.75,1194,18121.27947,18136.15852
7/18/2023 11:02,18143.25,18143.75,18135.5,18136.5,1004,18121.38085,18136.16813
7/18/2023 11:03,18136.25,18142.5,18133,18141.75,918,18121.47518,18136.17866
7/18/2023 11:04,18141.5,18144.25,18139.75,18144,602,18121.54897,18136.19399
7/18/2023 11:05,18143.5,18147.25,18141.5,18146.75,876,18121.66804,18136.22473
7/18/2023 11:06,18146.75,18147.25,18139.5,18143,734,18121.75883,18136.24483
7/18/2023 11:07,18143.25,18144.25,18138.75,18142.5,516,18121.81801,18136.25606
7/18/2023 11:08,18142.75,18145.25,18138.75,18141.25,450,18121.86914,18136.26566
7/18/2023 11:09,18141.25,18146.25,18137.75,18142.75,680,18121.94782,18136.28143
7/18/2023 11:10,18142.5,18147.25,18140,18146.5,520,18122.01445,18136.29812
7/18/2023 11:11,18146.25,18148.5,18141.75,18148.25,800,18122.12333,18136.32855
7/18/2023 11:12,18148.5,18158,18145.5,18155,2214,18122.50175,18136.46823
7/18/2023 11:13,18154.25,18154.25,18141.5,18142.5,1425,18122.68731,18136.52031
7/18/2023 11:14,18143.25,18146,18140,18145.25,968,18122.7993,18136.54682
7/18/2023 11:15,18145,18146,18141,18144.25,702,18122.87977,18136.56592
7/18/2023 11:16,18144,18151,18143.75,18149.75,805,18122.99066,18136.60109
7/18/2023 11:17,18149.75,18150.5,18145.25,18145.25,742,18123.08731,18136.63007
7/18/2023 11:18,18145.75,18147.25,18140.5,18141.75,867,18123.18132,18136.65129
7/18/2023 11:19,18142,18149.25,18139.75,18148.25,831,18123.28215,18136.6795
7/18/2023 11:20,18148.25,18152,18146.75,18148.75,1171,18123.44408,18136.73383
7/18/2023 11:21,18148.75,18150.75,18142.75,18143.5,933,18123.5543,18136.76469
7/18/2023 11:22,18143.75,18148.25,18142,18147.75,570,18123.6221,18136.78415
7/18/2023 11:23,18148.25,18148.5,18142.25,18145.5,399,18123.6681,18136.79685
7/18/2023 11:24,18145.25,18147.5,18141.5,18147,505,18123.7258,18136.81273
7/18/2023 11:25,18147.25,18149.25,18143,18146.25,624,18123.79942,18136.83418
7/18/2023 11:26,18146.25,18153.5,18143.75,18146.75,1142,18123.94385,18136.88083
7/18/2023 11:27,18147.5,18149.25,18143.5,18144.25,555,18124.00667,18136.89864
7/18/2023 11:28,18143.5,18146.25,18141,18141.5,632,18124.06874,18136.91249
7/18/2023 11:29,18141.5,18144,18138.25,18140.25,860,18124.14329,18136.92474
7/18/2023 11:30,18140.25,18140.25,18129.75,18131.75,2006,18124.24362,18136.90298
7/18/2023 11:31,18132,18138.25,18126.25,18136,1928,18124.33406,18136.87949
7/18/2023 11:32,18136,18140.25,18121.25,18126,2562,18124.39599,18136.80938
7/18/2023 11:33,18125.75,18137.5,18121,18132.25,2196,18124.4596,18136.75867
7/18/2023 11:34,18132,18138,18129.5,18134.75,1455,18124.5284,18136.74504
7/18/2023 11:35,18134.5,18146,18134.5,18138.5,1783,18124.65985,18136.76317
7/18/2023 11:36,18138.25,18145.5,18133.25,18144.5,1532,18124.78148,18136.78608
7/18/2023 11:37,18144.25,18149.5,18140.75,18148,1733,18124.95845,18136.84154
7/18/2023 11:38,18147.75,18151.75,18144.75,18148.25,1333,18125.10635,18136.89364
7/18/2023 11:39,18148.25,18155.25,18148,18154.25,1295,18125.2743,18136.96257
7/18/2023 11:40,18154.25,18162.5,18153.25,18161,2679,18125.69564,18137.16137
7/18/2023 11:41,18161,18167,18158,18166.5,2310,18126.1031,18137.36801
7/18/2023 11:42,18166.25,18168.25,18162.75,18167.5,1870,18126.44663,18137.5475
7/18/2023 11:43,18167.5,18184.75,18164,18178.25,3128,18127.14262,18137.9408
7/18/2023 11:44,18178.75,18178.75,18167.5,18172.25,2421,18127.63726,18138.21724
7/18/2023 11:45,18172,18185.5,18170.5,18179.5,1883,18128.06195,18138.46394
7/18/2023 11:46,18179.75,18196,18179.25,18192.5,3401,18128.97101,18139.01955
7/18/2023 11:47,18192.75,18201.5,18187,18201,2455,18129.68754,18139.46993
7/18/2023 11:48,18200.75,18211.25,18198.75,18209,3220,18130.73957,18140.15008
7/18/2023 11:49,18208.75,18210,18201.5,18206,1729,18131.28898,18140.5069
7/18/2023 11:50,18206.5,18227.5,18206,18224.75,3652,18132.63014,18141.40207
7/18/2023 11:51,18224.75,18225.75,18211.5,18219.5,2932,18133.67167,18142.10168
7/18/2023 11:52,18219,18231.5,18218.75,18227.25,3266,18134.8944,18142.93511
7/18/2023 11:53,18227.25,18234,18220.25,18231.5,2166,18135.71155,18143.49678
7/18/2023 11:54,18231.25,18237.25,18211.25,18215.25,3297,18136.83231,18144.26525
7/18/2023 11:55,18215.25,18224.75,18213.25,18218,2249,18137.55723,18144.7635
7/18/2023 11:56,18217.75,18225.5,18217.25,18222.5,1585,18138.07959,18145.12513
7/18/2023 11:57,18222.25,18225.5,18220.5,18225.5,1002,18138.41462,18145.35817
7/18/2023 11:58,18225.5,18226.75,18219.5,18221.5,1143,18138.78807,18145.61812
7/18/2023 11:59,18221.25,18229.5,18218.75,18229.25,1518,18139.29798,18145.97511
7/18/2023 12:00,18229.25,18231.75,18225.25,18230.25,1420,18139.78731,18146.31968
7/18/2023 12:01,18230.5,18231.75,18223.25,18228.5,1998,18140.45734,18146.79243
7/18/2023 12:02,18228.25,18241.25,18224.75,18227.5,2855,18141.43312,18147.48592
7/18/2023 12:03,18228,18232.25,18223.75,18231,1562,18141.94547,18147.85083
7/18/2023 12:04,18230.75,18233,18224.5,18228.75,1160,18142.32101,18148.11889
7/18/2023 12:05,18228.5,18238.75,18228,18237.5,1689,18142.8996,18148.53485
7/18/2023 12:06,18237.25,18242.75,18233.25,18241.5,1994,18143.60582,18149.0457
7/18/2023 12:07,18240.75,18242,18237,18240.5,998,18143.95785,18149.3011
7/18/2023 12:08,18240,18241,18226.25,18227.25,1842,18144.54497,18149.72569
7/18/2023 12:09,18227.5,18239.25,18227.25,18236.75,1293,18144.96609,18150.03166
7/18/2023 12:10,18236.75,18243.25,18235.75,18238.5,1359,18145.42775,18150.36885
7/18/2023 12:11,18238.5,18242.75,18229.75,18230,1761,18145.98773,18150.77761
7/18/2023 12:12,18230.5,18238.25,18226.25,18237.5,1800,18146.55178,18151.19049
7/18/2023 12:13,18237.5,18238.25,18232,18235.75,812,18146.80772,18151.37839
7/18/2023 12:14,18235.25,18236,18228.5,18229,718,18147.02221,18151.53562
7/18/2023 12:15,18228.75,18234.25,18228,18229.5,1040,18147.32882,18151.76062
7/18/2023 12:16,18230,18230.5,18224.5,18227,956,18147.59776,18151.95783
7/18/2023 12:17,18227,18234,18227,18232.25,890,18147.85822,18152.14959
7/18/2023 12:18,18232.5,18239.25,18232,18238.5,1178,18148.22308,18152.41957
7/18/2023 12:19,18238.25,18241,18235.5,18239.5,1106,18148.57094,18152.67772
7/18/2023 12:20,18239.5,18240.25,18234.75,18235.75,866,18148.8362,18152.87468
7/18/2023 12:21,18236.25,18242.75,18235.25,18239.5,1019,18149.15421,18153.11144
7/18/2023 12:22,18239.75,18240.75,18233.75,18235,699,18149.36464,18153.26809
7/18/2023 12:23,18235,18243.25,18232.5,18241.25,1293,18149.76231,18153.56496
7/18/2023 12:24,18241.75,18242.5,18234.25,18238,1089,18150.09173,18153.81123
7/18/2023 12:25,18237.5,18237.5,18216,18216.75,3358,18150.92389,18154.42984
7/18/2023 12:26,18216.25,18227.5,18216,18227.5,1897,18151.38729,18154.77572
7/18/2023 12:27,18227.5,18236.75,18226.5,18233.5,1485,18151.78854,18155.07751
7/18/2023 12:28,18233.75,18244.25,18232.75,18241.25,1437,18152.20729,18155.39423
7/18/2023 12:29,18241.25,18253.75,18240.75,18253.75,3162,18153.21884,18156.16479
7/18/2023 12:30,18253.5,18256.5,18249.75,18256.25,1459,18153.70122,18156.534
7/18/2023 12:31,18256.25,18258,18250.75,18256,1805,18154.29606,18156.9904
7/18/2023 12:32,18255.5,18256,18251,18253.5,909,18154.5888,18157.21535
7/18/2023 12:33,18253.25,18257,18247.25,18255.5,1452,18155.05168,18157.57157
7/18/2023 12:34,18255.25,18261.5,18254,18256.75,1553,18155.56277,18157.96613
7/18/2023 12:35,18256.75,18263,18256,18262.25,1255,18155.98413,18158.29225
7/18/2023 12:36,18262,18266.25,18258.75,18265,1740,18156.57892,18158.75381
7/18/2023 12:37,18265,18268.5,18259.75,18267.5,1455,18157.08009,18159.14367
7/18/2023 12:38,18267.5,18268.25,18264.5,18267.5,774,18157.34849,18159.35282
7/18/2023 12:39,18267.5,18275.75,18267.5,18271.75,2200,18158.1382,18159.9699
7/18/2023 12:40,18272,18272.25,18265.25,18268.25,1453,18158.63981,18160.36259
7/18/2023 12:41,18268,18272.5,18267.25,18269,1101,18159.02031,18160.661
7/18/2023 12:42,18268.75,18271.25,18265.75,18269.5,1051,18159.37866,18160.94239
7/18/2023 12:43,18269.5,18270.5,18264.25,18267.25,1625,18159.9206,18161.36859
7/18/2023 12:44,18267,18267.25,18261.75,18265,952,18160.22776,18161.61044
7/18/2023 12:45,18264.5,18271.5,18264.5,18271.5,798,18160.49487,18161.82112
7/18/2023 12:46,18271.25,18273,18267.5,18272.25,739,18160.74504,18162.01865
7/18/2023 12:47,18272.25,18275,18265.75,18266.5,911,18161.04677,18162.2571
7/18/2023 12:48,18266.5,18270.75,18263.5,18264.5,826,18161.31177,18162.46667
7/18/2023 12:49,18264.75,18264.75,18258.25,18260.5,1357,18161.72328,18162.79236
7/18/2023 12:50,18260.5,18267,18258,18264.75,1134,18162.07172,18163.06861
7/18/2023 12:51,18264.25,18265.75,18260.75,18263,591,18162.25222,18163.21187
7/18/2023 12:52,18263,18266.5,18261.5,18262.75,566,18162.4252,18163.34925
7/18/2023 12:53,18262.5,18265,18256,18256.25,778,18162.65146,18163.52902
7/18/2023 12:54,18256.25,18256.5,18250.5,18252.5,1427,18163.03844,18163.8367
7/18/2023 12:55,18252.75,18253.75,18249.25,18249.75,803,18163.24935,18164.00458
7/18/2023 12:56,18249.5,18255.25,18248.5,18254.5,958,18163.50488,18164.20822
7/18/2023 12:57,18254.5,18255.75,18243,18247.5,1259,18163.82354,18164.4624
7/18/2023 12:58,18248,18252.25,18247.25,18249.25,663,18163.99203,18164.59695
7/18/2023 12:59,18249.5,18254.75,18247.75,18254.25,587,18164.14529,18164.71946
7/18/2023 13:00,18254,18258.25,18253.75,18255,862,18164.37807,18164.90573
7/18/2023 13:01,18255.25,18268.5,18253.5,18267.25,1410,18164.78702,18165.23356
7/18/2023 13:02,18267.25,18267.25,18261.5,18265,676,18164.98486,18165.39235
7/18/2023 13:03,18264.5,18266.5,18263.25,18264.25,445,18165.11477,18165.49669
7/18/2023 13:04,18263.75,18265.25,18261.5,18263.75,440,18165.2414,18165.59843
7/18/2023 13:05,18262.75,18272,18261.5,18266.75,912,18165.51146,18165.81562
7/18/2023 13:06,18267.25,18273,18266.5,18273,613,18165.69946,18165.96696
7/18/2023 13:07,18273,18279.25,18270,18277.5,1533,18166.18782,18166.3606
7/18/2023 13:08,18277.5,18277.75,18272,18274.5,780,18166.43275,18166.55829
7/18/2023 13:09,18274,18279,18273.5,18278,596,18166.62275,18166.71175
7/18/2023 13:10,18278,18278.25,18273.25,18276.25,567,18166.8014,18166.85614
7/18/2023 13:11,18276,18276.25,18272.75,18275.25,477,18166.94963,18166.97602
7/18/2023 13:12,18275,18278.75,18275,18278.5,545,18167.12268,18167.11604
7/18/2023 13:13,18278.75,18286,18275.5,18285.25,1484,18167.61168,18167.51215
7/18/2023 13:14,18285.25,18286.5,18280,18281.75,1044,18167.9547,18167.7904
7/18/2023 13:15,18281.75,18288,18281,18285.75,809,18168.22409,18168.00913
7/18/2023 13:16,18285.5,18292.25,18284.5,18289.25,1357,18168.68762,18168.38592
7/18/2023 13:17,18289.25,18291.25,18281.25,18283.75,1959,18169.33257,18168.91114
7/18/2023 13:18,18283.75,18287.75,18282.75,18287.5,1209,18169.72904,18169.23454
7/18/2023 13:19,18287.25,18287.75,18283.5,18284.75,632,18169.93405,18169.40193
7/18/2023 13:20,18284.75,18284.75,18278.75,18282.5,748,18170.16875,18169.59374
7/18/2023 13:21,18282.75,18284,18276,18276.75,795,18170.41029,18169.79131
7/18/2023 13:22,18277,18277,18269.75,18273.75,1081,18170.72069,18170.04554
7/18/2023 13:23,18274,18276.75,18272.75,18276.25,724,18170.93105,18170.21799
7/18/2023 13:24,18276.75,18277,18270.25,18273.75,588,18171.0987,18170.35552
7/18/2023 13:25,18273.5,18275,18268.25,18270,759,18171.30886,18170.52808
7/18/2023 13:26,18270.25,18277.25,18270,18276.5,521,18171.45766,18170.6503
7/18/2023 13:27,18276.75,18279,18274.75,18276.25,525,18171.61018,18170.77563
7/18/2023 13:28,18275.75,18278.75,18274.75,18277.75,481,18171.75009,18170.89065
7/18/2023 13:29,18277.75,18278,18275,18278,355,18171.85302,18170.97531
7/18/2023 13:30,18278,18285,18275.75,18284.25,856,18172.11139,18171.18786
7/18/2023 13:31,18284.5,18286.25,18282.5,18283.25,968,18172.40829,18171.4323
7/18/2023 13:32,18283.25,18288.25,18282,18287.75,1696,18172.93394,18171.86558
7/18/2023 13:33,18287.5,18291.25,18286.5,18289,1518,18173.41236,18172.26047
7/18/2023 13:34,18289,18289.75,18286.5,18289.25,740,18173.64331,18172.45132
7/18/2023 13:35,18289.5,18298,18288.75,18296,1800,18174.22917,18172.93581
7/18/2023 13:36,18296.25,18296.25,18284.75,18285.75,1367,18174.65071,18173.28513
7/18/2023 13:37,18286,18291.25,18283.75,18284,743,18174.87337,18173.46989
7/18/2023 13:38,18283.75,18292.5,18283.75,18292,673,18175.07986,18173.64128
7/18/2023 13:39,18292.5,18293.25,18288.75,18289.75,495,18175.2328,18173.76828
7/18/2023 13:40,18289.5,18295,18289.25,18294.75,355,18175.34453,18173.86108
7/18/2023 13:41,18294.75,18297.75,18292.75,18297.75,743,18175.5838,18174.05984
7/18/2023 13:42,18297.5,18300.25,18293.5,18296.75,1631,18176.10897,18174.49656
7/18/2023 13:43,18297,18298.5,18293.75,18297.75,541,18176.28192,18174.64054
7/18/2023 13:44,18298,18298.75,18294.75,18295.5,536,18176.45232,18174.78247
7/18/2023 13:45,18295.25,18296.5,18291,18292,734,18176.67873,18174.97124
7/18/2023 13:46,18292.25,18294.5,18288.25,18292.5,714,18176.89547,18175.15209
7/18/2023 13:47,18292.25,18292.5,18286.25,18291,804,18177.13467,18175.35188
7/18/2023 13:48,18291,18295.75,18290.25,18295.25,559,18177.30601,18175.49501
7/18/2023 13:49,18295,18295.25,18292.25,18294.25,319,18177.4037,18175.57665
7/18/2023 13:50,18294,18299.25,18293.5,18297.25,556,18177.5776,18175.72198
7/18/2023 13:51,18297.25,18298,18287.75,18289,852,18177.83176,18175.93466
7/18/2023 13:52,18289,18296,18288.5,18293,515,18177.98607,18176.06386
7/18/2023 13:53,18293.25,18294.75,18291,18292,307,18178.07793,18176.1408
7/18/2023 13:54,18291.75,18293.5,18288.75,18288.75,355,18178.18188,18176.22792
7/18/2023 13:55,18289.25,18295.75,18288.75,18295,332,18178.28138,18176.3113
7/18/2023 13:56,18294.5,18296.5,18290.75,18292,403,18178.40183,18176.41227
7/18/2023 13:57,18291.75,18296.25,18291.75,18295.25,468,18178.54302,18176.53065
7/18/2023 13:58,18295,18295.25,18292.75,18293.25,255,18178.61937,18176.59469
7/18/2023 13:59,18293.25,18299,18293.25,18297.25,637,18178.81418,18176.75811
7/18/2023 14:00,18297.25,18301,18296.25,18300.75,539,18178.98247,18176.8993
7/18/2023 14:01,18300.5,18301.75,18297,18300.5,876,18179.25594,18177.12885
7/18/2023 14:02,18299.75,18309.25,18298.25,18307,1783,18179.83205,18177.61269
7/18/2023 14:03,18306.75,18311.25,18305,18309.25,1072,18180.18598,18177.91017
7/18/2023 14:04,18309.5,18310.5,18305.25,18306,542,18180.36245,18178.05863
7/18/2023 14:05,18306.25,18309.25,18303.5,18309,499,18180.52449,18178.195
7/18/2023 14:06,18309.25,18314.75,18308.25,18314,1085,18180.88946,18178.50218
7/18/2023 14:07,18314.25,18320.25,18313.75,18320,1633,18181.4585,18178.98133
7/18/2023 14:08,18320,18323.25,18316.75,18322.25,1397,18181.95129,18179.39668
7/18/2023 14:09,18322.75,18323,18318.25,18319.5,933,18182.27729,18179.67175
7/18/2023 14:10,18319.75,18320.5,18313.5,18319.5,1254,18182.7054,18180.03344
7/18/2023 14:11,18319.75,18322,18317.75,18321.75,555,18182.89774,18180.196
7/18/2023 14:12,18321.5,18323.25,18317.75,18322.75,522,18183.07913,18180.34937
7/18/2023 14:13,18323,18326.75,18322,18324.75,816,18183.36839,18180.59396
7/18/2023 14:14,18324.5,18327,18323.75,18325,605,18183.58322,18180.77572
7/18/2023 14:15,18325,18329.75,18324,18329.5,689,18183.8314,18180.98572
7/18/2023 14:16,18329.5,18332,18323.25,18327.5,1307,18184.29929,18181.382
7/18/2023 14:17,18328,18330.5,18325.75,18327.25,715,18184.55441,18181.59825
7/18/2023 14:18,18327.5,18330,18325.5,18326.5,552,18184.75006,18181.7642
7/18/2023 14:19,18326.25,18328.75,18324.75,18324.75,428,18184.90007,18181.8915
7/18/2023 14:20,18325.25,18329.25,18324,18328.75,731,18185.1578,18182.11029
7/18/2023 14:21,18328.5,18338.25,18327.25,18337.75,1710,18185.78694,18182.64438
7/18/2023 14:22,18337.25,18343.25,18336.75,18342.75,2067,18186.57332,18183.31243
7/18/2023 14:23,18343,18354.5,18342.25,18345,3689,18188.01394,18184.53814
7/18/2023 14:24,18345.25,18347,18335,18339.25,1626,18188.61385,18185.05015
7/18/2023 14:25,18339.75,18344,18338,18343,993,18188.9809,18185.36369
7/18/2023 14:26,18343,18343.75,18334.25,18339.5,1158,18189.39974,18185.72192
7/18/2023 14:27,18339.5,18342,18339,18339.5,597,18189.6162,18185.90715
7/18/2023 14:28,18338.75,18345.25,18338.75,18345.25,591,18189.83401,18186.09354
7/18/2023 14:29,18345.75,18346.5,18342.5,18343,677,18190.08425,18186.30776
7/18/2023 14:30,18343.25,18347.75,18342,18347.75,701,18190.34558,18186.53153
7/18/2023 14:31,18347.75,18350.25,18345,18347.5,1135,18190.77159,18186.89648
7/18/2023 14:32,18347.75,18353.25,18345.25,18347.25,1306,18191.26204,18187.31697
7/18/2023 14:33,18347.25,18350.25,18346.75,18348,723,18191.53181,18187.54845
7/18/2023 14:34,18347.75,18348.75,18345.75,18347.5,732,18191.80227,18187.78069
7/18/2023 14:35,18347.75,18349.5,18340.25,18341.75,1565,18192.36441,18188.2641
7/18/2023 14:36,18341.5,18342.25,18334.5,18337,1640,18192.92622,18188.74833
7/18/2023 14:37,18337,18340.75,18337,18340,655,18193.15144,18188.94258
7/18/2023 14:38,18340.25,18347,18340.25,18342.75,1037,18193.51653,18189.25741
7/18/2023 14:39,18343,18345.5,18337.5,18338.5,880,18193.81911,18189.51868
7/18/2023 14:40,18338.5,18343,18337.5,18342.25,573,18194.01603,18189.68878
7/18/2023 14:41,18341.75,18341.75,18334.25,18338.25,797,18194.28379,18189.92033
7/18/2023 14:42,18338.75,18339,18332.75,18334.5,777,18194.53904,18190.14132
7/18/2023 14:43,18334.25,18341.25,18334.25,18338,770,18194.79541,18190.36329
7/18/2023 14:44,18338.25,18346.5,18337,18346.25,769,18195.0602,18190.59243
7/18/2023 14:45,18346,18351.5,18344.5,18348,1098,18195.4487,18190.92855
7/18/2023 14:46,18348.25,18349.5,18344.75,18348.5,965,18195.78759,18191.22199
7/18/2023 14:47,18348.25,18353.25,18345.75,18353,663,18196.02426,18191.42693
7/18/2023 14:48,18353,18358,18350.75,18357.25,1330,18196.51111,18191.84846
7/18/2023 14:49,18357.25,18360.75,18356.25,18357.5,1480,18197.05899,18192.32307
7/18/2023 14:50,18356.75,18360.25,18356.5,18358.75,649,18197.29857,18192.53075
7/18/2023 14:51,18359.25,18360,18354.75,18356.5,734,18197.56629,18192.76302
7/18/2023 14:52,18356.25,18357.75,18353.25,18354,702,18197.81818,18192.98173
7/18/2023 14:53,18354,18356,18350.75,18355.5,554,18198.01523,18193.15295
7/18/2023 14:54,18355.25,18356.75,18353.75,18356,408,18198.16135,18193.27992
7/18/2023 14:55,18356,18357.5,18353.5,18353.75,824,18198.45454,18193.53482
7/18/2023 14:56,18353.75,18356.25,18352.5,18353,428,18198.60543,18193.66609
7/18/2023 14:57,18352.5,18354.75,18351,18352.75,701,18198.8502,18193.87916
7/18/2023 14:58,18352.75,18353.5,18350.75,18351.75,804,18199.12848,18194.12157
7/18/2023 14:59,18352,18353.25,18351.5,18353,629,18199.3463,18194.3114
7/18/2023 15:00,18352.75,18353.5,18351.25,18352.5,719,18199.59427,18194.5276
7/18/2023 15:01,18352.25,18353.25,18342.5,18343,1614,18200.12565,18194.99192
7/18/2023 15:02,18343,18346,18333.5,18335.25,2149,18200.78881,18195.57328
7/18/2023 15:03,18335.5,18345.5,18333,18341.25,1850,18201.36148,18196.07579
7/18/2023 15:04,18341.5,18345.5,18341.5,18345.5,581,18201.54585,18196.23753
7/18/2023 15:05,18345.75,18351.75,18344.25,18349,885,18201.83394,18196.49013
7/18/2023 15:06,18348.75,18356.75,18347.25,18354.25,1101,18202.20154,18196.81233
7/18/2023 15:07,18354.25,18357.25,18353.75,18355.25,543,18202.38537,18196.97345
7/18/2023 15:08,18355.5,18358.5,18352.5,18354.25,797,18202.65381,18197.20885
7/18/2023 15:09,18354,18356.25,18347,18354.75,1063,18203.00473,18197.51694
7/18/2023 15:10,18354.5,18354.5,18351.75,18354.25,276,18203.09608,18197.59717
7/18/2023 15:11,18354,18355.5,18350.5,18355,568,18203.28394,18197.76218
7/18/2023 15:12,18354.75,18359,18354.75,18358.75,589,18203.4832,18197.93712
7/18/2023 15:13,18358.5,18359,18353.75,18357,511,18203.65463,18198.08772
7/18/2023 15:14,18357,18367.5,18356.75,18366.5,2067,18204.37573,18198.72075
7/18/2023 15:15,18366.75,18369.5,18361.25,18367.25,1514,18204.90775,18199.18811
7/18/2023 15:16,18367.5,18376.5,18367.5,18376,1708,18205.53088,18199.73527
7/18/2023 15:17,18375.5,18378,18362.75,18367,2103,18206.2733,18200.38853
7/18/2023 15:18,18367.5,18370,18365.25,18368.5,789,18206.54784,18200.6304
7/18/2023 15:19,18368.75,18370,18363.25,18366.5,629,18206.76424,18200.82119
7/18/2023 15:20,18366.5,18367,18362.75,18366.25,429,18206.91034,18200.95008
7/18/2023 15:21,18366.25,18366.75,18355.25,18355.5,1077,18207.26172,18201.26067
7/18/2023 15:22,18355.25,18361.75,18354.5,18361.25,883,18207.5486,18201.5144
7/18/2023 15:23,18360.75,18363,18359,18359.25,562,18207.73212,18201.67675
7/18/2023 15:24,18359.5,18364.5,18358.25,18363.75,671,18207.95317,18201.87228
7/18/2023 15:25,18364,18367.5,18359.75,18367,1175,18208.34518,18202.21903
7/18/2023 15:26,18367.25,18367.75,18363.25,18364,526,18208.52032,18202.37402
7/18/2023 15:27,18364,18364,18355.75,18360.25,793,18208.7752,18202.59996
7/18/2023 15:28,18360.5,18362.5,18355.75,18360,582,18208.961,18202.76475
7/18/2023 15:29,18360.25,18363.25,18359.25,18362.5,396,18209.08905,18202.87829
7/18/2023 15:30,18362.5,18363.25,18355.5,18357.5,681,18209.30454,18203.06958
7/18/2023 15:31,18357,18361.75,18354.5,18357.75,1013,18209.62235,18203.3519
7/18/2023 15:32,18357.5,18360.75,18349.25,18360.25,1285,18210.02016,18203.70567
7/18/2023 15:33,18360,18360.25,18353.5,18355.5,795,18210.26465,18203.92324
7/18/2023 15:34,18355.5,18356,18343.5,18345.25,1326,18210.64794,18204.2654
7/18/2023 15:35,18345.25,18354.25,18343.25,18351.75,1183,18210.9918,18204.57246
7/18/2023 15:36,18352,18354.25,18345.5,18346,857,18211.23777,18204.79232
7/18/2023 15:37,18346.5,18352.25,18345.5,18346.5,713,18211.44099,18204.97408
7/18/2023 15:38,18346.25,18349.25,18344,18346.75,870,18211.68558,18205.19306
7/18/2023 15:39,18347,18348.75,18343.5,18347.5,835,18211.91936,18205.40247
7/18/2023 15:40,18347.75,18353.5,18345.25,18348.75,1536,18212.35549,18205.79309
7/18/2023 15:41,18349,18355.5,18347,18355.25,938,18212.62709,18206.03625
7/18/2023 15:42,18355.5,18355.75,18348.75,18349.75,756,18212.84341,18206.23009
7/18/2023 15:43,18350,18353.5,18347,18352.75,623,18213.02073,18206.38907
7/18/2023 15:44,18352.75,18354,18346,18347,793,18213.24239,18206.58802
7/18/2023 15:45,18347,18348,18342,18344,859,18213.47405,18206.79637
7/18/2023 15:46,18344,18349.75,18338,18349.25,1627,18213.91392,18207.19213
7/18/2023 15:47,18349.25,18353.75,18346.5,18353,917,18214.17069,18207.42288
7/18/2023 15:48,18353,18359.75,18350.25,18357.25,1248,18214.53046,18207.74589
7/18/2023 15:49,18357.25,18362,18356.75,18360.5,1027,18214.8335,18208.01781
7/18/2023 15:50,18360.5,18361,18351.5,18354.25,893,18215.08842,18208.24699
7/18/2023 15:51,18354,18366.5,18346,18346.25,2923,18215.90072,18208.9787
7/18/2023 15:52,18346,18353.5,18341.5,18349.75,1693,18216.35097,18209.3855
7/18/2023 15:53,18350,18357.25,18349.25,18353.5,1183,18216.67582,18209.6787
7/18/2023 15:54,18354,18357.75,18353,18355.75,867,18216.91668,18209.89606
7/18/2023 15:55,18356,18357,18343,18343.5,2977,18217.692,18210.59844
7/18/2023 15:56,18343.75,18344.25,18327.25,18331,4120,18218.63886,18211.46315
7/18/2023 15:57,18331,18336.25,18328.25,18328.5,2039,18219.08911,18211.8757
7/18/2023 15:58,18328.5,18334.5,18326.25,18330.75,2147,18219.55721,18212.30523
7/18/2023 15:59,18330.75,18331,18321.25,18322.75,2472,18220.06485,18212.77311
7/18/2023 16:00,18323,18328,18318.5,18321.25,9715,18221.96854,18214.53604
7/18/2023 16:01,18321.25,18321.25,18313.75,18314.5,4638,18222.7992,18215.31159
7/18/2023 16:02,18314.25,18317.25,18311.75,18314.75,1779,18223.10752,18215.60038
7/18/2023 16:03,18314.75,18315.5,18310.5,18310.75,977,18223.27167,18215.75454
7/18/2023 16:04,18310.75,18312.75,18306.25,18306.75,1108,18223.44946,18215.92215
7/18/2023 16:05,18307,18307.75,18301.25,18302.75,1073,18223.61152,18216.07575
7/18/2023 16:06,18302.5,18309.5,18299.75,18308.25,1028,18223.76987,18216.22561
7/18/2023 16:07,18308.25,18308.5,18305.25,18307.5,585,18223.86108,18216.31185
7/18/2023 16:08,18307.25,18307.5,18304.5,18305.5,315,18223.90937,18216.35758
7/18/2023 16:09,18305.75,18305.75,18303.5,18304,369,18223.9649,18216.41024
7/18/2023 16:10,18303.75,18304.75,18299.25,18301,498,18224.03715,18216.479
7/18/2023 16:11,18300.75,18301.5,18296.75,18297.75,838,18224.15374,18216.59038
7/18/2023 16:12,18297.5,18299,18296.25,18297,346,18224.20097,18216.63558
7/18/2023 16:13,18297,18299,18296.25,18299,273,18224.23853,18216.67151
7/18/2023 16:14,18298.75,18304.25,18297,18301.75,827,18224.35656,18216.78403
7/18/2023 16:15,18302,18303.5,18298.5,18298.5,387,18224.41107,18216.83606
7/18/2023 16:16,18299,18301.5,18297.25,18301,197,18224.4387,18216.86245
7/18/2023 16:17,18301,18304.75,18300.75,18302.5,224,18224.47123,18216.89342
7/18/2023 16:18,18302.5,18302.75,18301.5,18301.75,83,18224.48318,18216.9048
7/18/2023 16:19,18301.75,18303.75,18301.75,18301.75,156,18224.50574,18216.92628
7/18/2023 16:20,18302.25,18304,18302,18303.75,108,18224.52152,18216.9413
7/18/2023 16:21,18303.5,18306,18303.25,18306,165,18224.54617,18216.96471
7/18/2023 16:22,18305.75,18307,18304.25,18305,187,18224.57421,18216.99134
7/18/2023 16:23,18304.5,18305.75,18303.25,18303.5,87,18224.58705,18217.00354
7/18/2023 16:24,18303.5,18304,18300.25,18301.25,138,18224.60681,18217.02238
7/18/2023 16:25,18301.25,18301.75,18299.25,18300.25,87,18224.61903,18217.03405
7/18/2023 16:26,18300,18301.75,18300,18300.75,80,18224.63032,18217.04483
7/18/2023 16:27,18300.75,18301.25,18299.75,18301.25,79,18224.64146,18217.05547
7/18/2023 16:28,18301.25,18302,18300.5,18301.75,50,18224.64857,18217.06225
7/18/2023 16:29,18301.75,18301.75,18300,18300.5,58,18224.65675,18217.07006
7/18/2023 16:30,18301,18304,18300.75,18303.75,87,18224.66934,18217.08205
7/18/2023 16:31,18303.75,18304,18302.5,18302.75,45,18224.67588,18217.08828
7/18/2023 16:32,18302.5,18303,18300.25,18302,62,18224.68473,18217.09671
7/18/2023 16:33,18302,18302.25,18301.25,18301.5,18,18224.68729,18217.09916
7/18/2023 16:34,18301.25,18301.75,18300.25,18301,57,18224.69534,18217.10685
7/18/2023 16:35,18301.25,18301.25,18299.75,18300.75,46,18224.70181,18217.11302
7/18/2023 16:36,18300.75,18301.5,18298.75,18300.75,88,18224.71412,18217.12479
7/18/2023 16:37,18301,18301.75,18301,18301.5,18,18224.71668,18217.12723
7/18/2023 16:38,18301.25,18301.25,18300.5,18300.75,15,18224.71879,18217.12924
7/18/2023 16:39,18300.5,18301.5,18300.5,18301,27,18224.7226,18217.13288
7/18/2023 16:40,18300.75,18301,18299.75,18300,46,18224.72903,18217.13903
7/18/2023 16:41,18299.25,18302,18298.25,18302,107,18224.74408,18217.1534
7/18/2023 16:42,18301.5,18302,18300.25,18301,27,18224.74789,18217.15704
7/18/2023 16:43,18300.75,18302.5,18300.75,18302,24,18224.75131,18217.1603
7/18/2023 16:44,18301.75,18303,18301.25,18302.75,54,18224.75906,18217.16769
7/18/2023 16:45,18303,18303.5,18301.5,18301.5,54,18224.76679,18217.17506
7/18/2023 16:46,18302.25,18302.25,18298.75,18300.25,130,18224.78498,18217.19243
7/18/2023 16:47,18299.75,18300.25,18298.25,18298.75,92,18224.79761,18217.20453
7/18/2023 16:48,18298.75,18299.5,18298.5,18299,49,18224.80433,18217.21096
7/18/2023 16:49,18299.25,18300.25,18299.25,18300.25,7,18224.80531,18217.21189
7/18/2023 16:50,18300.5,18301.25,18300.5,18300.75,20,18224.80812,18217.21458
7/18/2023 16:51,18300.5,18301.75,18300.25,18301,95,18224.82149,18217.22735
7/18/2023 16:52,18301,18302.75,18301,18302.75,54,18224.82921,18217.23472
7/18/2023 16:53,18302.75,18303,18301,18301.5,71,18224.83931,18217.24435
7/18/2023 16:54,18301.75,18302.25,18301,18301,18,18224.84186,18217.24679
7/18/2023 16:55,18301,18301,18299.25,18299.25,50,18224.84879,18217.25341
7/18/2023 16:56,18298.75,18299.75,18296.75,18299,107,18224.86334,18217.26736
7/18/2023 16:57,18299.25,18299.75,18299,18299,17,18224.86568,18217.26959
7/18/2023 16:58,18298.75,18299,18297.25,18297.25,67,18224.87471,18217.27825
7/18/2023 16:59,18297.5,18298.25,18296.75,18297.25,63,18224.88315,18217.28635
7/18/2023 17:00,18297,18297,18295.75,18296.5,75,18224.89305,18217.29587
7/18/2023 18:01,18297.5,18301.75,18293.25,18301.5,245,0,18298.83333
7/18/2023 18:02,18301.75,18306.25,18300.5,18304.5,386,0,18301.84099
7/18/2023 18:03,18305,18307,18305,18306.5,139,0,18302.62186
7/18/2023 18:04,18306.75,18309,18306,18307,189,0,18303.5504
7/18/2023 18:05,18307,18308.25,18306,18308.25,64,0,18303.79749
7/18/2023 18:06,18308.5,18311.25,18308.5,18309.5,170,0,18304.64571
7/18/2023 18:07,18309.5,18311.75,18309.25,18310.25,131,0,18305.2167
7/18/2023 18:08,18309.75,18310.25,18309.25,18310.25,18,0,18305.27974
7/18/2023 18:09,18310.5,18310.5,18306.75,18308.25,103,0,18305.50928
7/18/2023 18:10,18308.75,18308.75,18306.25,18306.25,23,0,18305.53395
7/18/2023 18:11,18306.5,18308.75,18306,18307.5,31,0,18305.57288
7/18/2023 18:12,18308,18309.25,18307.25,18308.75,43,0,18305.65218
7/18/2023 18:13,18308.75,18309.75,18308,18308,44,0,18305.7335
7/18/2023 18:14,18308.25,18308.25,18306.5,18307.25,48,0,18305.7805
7/18/2023 18:15,18307.25,18307.5,18306.75,18306.75,37,0,18305.8075
7/18/2023 18:16,18307.5,18308.75,18307.25,18308,36,0,18305.85374
7/18/2023 18:17,18308.25,18308.5,18307.75,18308.25,30,0,18305.89369
7/18/2023 18:18,18308.5,18311.75,18308.5,18310.75,114,0,18306.16712
7/18/2023 18:19,18310.5,18310.5,18308.75,18309.75,29,0,18306.2211
7/18/2023 18:20,18309.75,18310.75,18309.75,18310.5,11,0,18306.24502
7/18/2023 18:21,18311,18312.75,18310.75,18312,68,0,18306.439
7/18/2023 18:22,18312.25,18312.25,18310.5,18311,46,0,18306.54938
7/18/2023 18:23,18310.5,18310.75,18310.25,18310.5,16,0,18306.58065
7/18/2023 18:24,18310.25,18310.75,18309.75,18310,13,0,18306.60357
7/18/2023 18:25,18309.5,18310,18309.5,18309.75,6,0,18306.61283
7/18/2023 18:26,18310,18310,18308,18308.25,33,0,18306.64685
7/18/2023 18:27,18308.25,18309.25,18308,18309.25,32,0,18306.68009
7/18/2023 18:28,18309.25,18310,18308.75,18308.75,15,0,18306.69768
7/18/2023 18:29,18308.75,18310.25,18308.75,18310.25,9,0,18306.71058
7/18/2023 18:30,18310.75,18310.75,18309,18309,14,0,18306.72935
7/18/2023 18:31,18309.25,18309.25,18307.5,18309,56,0,18306.77657
7/18/2023 18:32,18309.5,18310,18308.5,18309.75,20,0,18306.80036
7/18/2023 18:33,18309.5,18309.5,18308.25,18308.5,17,0,18306.81518
7/18/2023 18:34,18308.25,18309,18308.25,18308.75,22,0,18306.83322
7/18/2023 18:35,18309,18309.25,18308,18308.25,27,0,18306.85292
7/18/2023 18:36,18308,18308,18306.25,18306.5,45,0,18306.85415
7/18/2023 18:37,18306.5,18307,18306,18306.5,36,0,18306.84876
7/18/2023 18:38,18306.75,18307,18305.75,18305.75,38,0,18306.83798
7/18/2023 18:39,18305.5,18306.25,18305.25,18305.75,24,0,18306.82722
7/18/2023 18:40,18306.25,18306.5,18306,18306.25,18,0,18306.82298
7/18/2023 18:41,18306.5,18310.25,18306.25,18307.75,126,0,18306.88472
7/18/2023 18:42,18307.75,18308,18307.5,18308,17,0,18306.89095
7/18/2023 18:43,18307.75,18308,18307,18307,36,0,18306.89702
7/18/2023 18:44,18307.25,18307.5,18307,18307.5,10,0,18306.89867
7/18/2023 18:45,18307.75,18308.25,18307.25,18308.25,9,0,18306.90214
7/18/2023 18:46,18307.5,18309,18307.5,18308.25,15,0,18306.90974
7/18/2023 18:47,18308.75,18309.75,18307.75,18308.5,67,0,18306.95292
7/18/2023 18:48,18308.25,18308.75,18308.25,18308.5,4,0,18306.95519
7/18/2023 18:49,18308.25,18308.5,18308.25,18308.5,2,0,18306.95626
7/18/2023 18:50,18308,18308.25,18307.25,18307.75,26,0,18306.96374
7/18/2023 18:51,18308,18308,18304.5,18306.5,78,0,18306.9464
7/18/2023 18:52,18305.75,18305.75,18305,18305.5,19,0,18306.93622
7/18/2023 18:53,18305.25,18306.25,18305.25,18306,17,0,18306.92969
7/18/2023 18:54,18306,18307,18306,18306.75,7,0,18306.92885
7/18/2023 18:55,18306.25,18306.5,18305.75,18305.75,4,0,18306.92756
7/18/2023 18:56,18305.75,18305.75,18305,18305.75,11,0,18306.92214
7/18/2023 18:57,18306,18306.75,18305.75,18306.25,13,0,18306.91913
7/18/2023 18:58,18306.5,18307.5,18306.5,18307.5,10,0,18306.91998
7/18/2023 18:59,18307,18308.25,18306.75,18308.25,21,0,18306.92591
7/18/2023 19:00,18307.75,18308,18307.5,18307.5,17,0,18306.93017
7/18/2023 19:01,18307.25,18310,18307.25,18310,71,0,18306.9807
7/18/2023 19:02,18310,18311.75,18310,18311.5,56,0,18307.05524
7/18/2023 19:03,18311.75,18314.25,18311.5,18313.5,126,0,18307.292
7/18/2023 19:04,18313.5,18313.5,18311,18313,70,0,18307.40322
7/18/2023 19:05,18313,18315.25,18312.5,18313.5,125,0,18307.63635
7/18/2023 19:06,18313.5,18314,18311,18311.25,59,0,18307.71214
7/18/2023 19:07,18311.25,18312.25,18311,18311.75,17,0,18307.73146
7/18/2023 19:08,18311.75,18311.75,18311,18311,18,0,18307.74957
7/18/2023 19:09,18311.5,18312.5,18311.5,18312.5,7,0,18307.7584
7/18/2023 19:10,18311.75,18312,18311.25,18311.25,13,0,18307.77223
7/18/2023 19:11,18311.75,18312,18311.5,18311.5,12,0,18307.78547
7/18/2023 19:12,18311.25,18312.25,18310.75,18311.5,18,0,18307.80432
7/18/2023 19:13,18311.75,18312.25,18311.75,18312.25,4,0,18307.80914
7/18/2023 19:14,18311.5,18313.5,18310.75,18312.5,56,0,18307.87808
7/18/2023 19:15,18313.5,18315.5,18313.5,18315,50,0,18307.9709
7/18/2023 19:16,18314.5,18315,18313.5,18314,86,0,18308.11326
7/18/2023 19:17,18313.5,18314.25,18312.5,18313.25,39,0,18308.16709
7/18/2023 19:18,18313.75,18313.75,18312,18312.25,28,0,18308.20015
7/18/2023 19:19,18312.25,18314.75,18312.25,18314.5,57,0,18308.28319
7/18/2023 19:20,18314.75,18315.25,18313.25,18313.5,45,0,18308.34895
7/18/2023 19:21,18313.25,18314,18313.25,18314,21,0,18308.37779
7/18/2023 19:22,18313.5,18314.75,18311.75,18312,73,0,18308.45898
7/18/2023 19:23,18312.25,18312.75,18311.75,18312.75,16,0,18308.47472
7/18/2023 19:24,18312.25,18313,18312.25,18312.5,33,0,18308.50816
7/18/2023 19:25,18312.25,18312.25,18311,18311,17,0,18308.5203
7/18/2023 19:26,18311.5,18312.25,18311.25,18311.75,14,0,18308.53137
7/18/2023 19:27,18311.75,18311.75,18311.25,18311.25,3,0,18308.53348
7/18/2023 19:28,18311.25,18312.25,18311.25,18312,14,0,18308.54474
7/18/2023 19:29,18312.25,18312.25,18311.5,18311.5,11,0,18308.55331
7/18/2023 19:30,18311.75,18312.5,18311.75,18312.25,17,0,18308.56818
7/18/2023 19:31,18312,18312,18309.5,18309.75,88,0,18308.60674
7/18/2023 19:32,18309.75,18310.75,18309.75,18310.75,21,0,18308.6157
7/18/2023 19:33,18310.75,18311.25,18310.75,18311.25,9,0,18308.62093
7/18/2023 19:34,18311.25,18311.25,18310.25,18310.25,15,0,18308.62783
7/18/2023 19:35,18310.25,18310.25,18309.75,18310.25,16,0,18308.63327
7/18/2023 19:36,18310.25,18311,18309.5,18310.5,36,0,18308.64746
7/18/2023 19:37,18310.25,18311,18310.25,18310.5,4,0,18308.64925
7/18/2023 19:38,18310.5,18311.5,18310.5,18311.5,16,0,18308.65854
7/18/2023 19:39,18311,18311.75,18311,18311.5,8,0,18308.66362
7/18/2023 19:40,18311.5,18311.5,18309.75,18309.75,12,0,18308.66822
7/18/2023 19:41,18310.25,18311,18310.25,18311,11,0,18308.67346
7/18/2023 19:42,18311.75,18312,18311.25,18311.75,17,0,18308.68507
7/18/2023 19:43,18311.5,18313,18311.5,18313,28,0,18308.70928
7/18/2023 19:44,18313,18313,18312,18312.5,23,0,18308.72894
7/18/2023 19:45,18312.25,18313,18312.25,18312.5,8,0,18308.73588
7/18/2023 19:46,18312.25,18312.75,18312,18312.25,13,0,18308.74637
7/18/2023 19:47,18311.75,18312.25,18311.5,18311.5,20,0,18308.75979
7/18/2023 19:48,18312,18313,18312,18312.75,49,0,18308.8012
7/18/2023 19:49,18313,18313,18312.25,18312.5,52,0,18308.84417
7/18/2023 19:50,18312.5,18314.25,18312,18314,79,0,18308.92175
7/18/2023 19:51,18314.25,18315.25,18312,18314.75,142,0,18309.07204
7/18/2023 19:52,18314.25,18314.5,18313.25,18314.5,10,0,18309.08247
7/18/2023 19:53,18314.5,18314.75,18313.25,18314.25,50,0,18309.13394
7/18/2023 19:54,18314.25,18314.25,18312.75,18313.5,15,0,18309.14738
7/18/2023 19:55,18313.5,18313.5,18312.5,18312.5,15,0,18309.15869
7/18/2023 19:56,18312.75,18313,18311.25,18311.75,32,0,18309.17717
7/18/2023 19:57,18311.5,18311.5,18309,18310,60,0,18309.18909
7/18/2023 19:58,18309.75,18310.25,18309,18310,64,0,18309.19621
7/18/2023 19:59,18309.5,18310.75,18309.5,18310.25,17,0,18309.19947
7/18/2023 20:00,18310,18310.25,18309.25,18310,10,0,18309.20072
7/18/2023 20:01,18309.25,18310.25,18303.75,18305.5,285,0,18309.05701
7/18/2023 20:02,18305.75,18307.5,18303.25,18305,105,0,18308.98381
7/18/2023 20:03,18304.75,18305.5,18303.5,18303.75,118,0,18308.88369
7/18/2023 20:04,18304,18306.25,18303.75,18306.25,44,0,18308.85656
7/18/2023 20:05,18306.5,18308.5,18306.5,18307.75,80,0,18308.8387
7/18/2023 20:06,18307.5,18307.5,18304.75,18305.5,37,0,18308.81986
7/18/2023 20:07,18306,18306,18303.75,18305,46,0,18308.78883
7/18/2023 20:08,18305.75,18306.5,18305.25,18305.5,51,0,18308.76228
7/18/2023 20:09,18305.75,18306,18305.25,18305.25,12,0,18308.75559
7/18/2023 20:10,18305.25,18306.5,18304.75,18305,32,0,18308.73742
7/18/2023 20:11,18304.75,18306.5,18304.75,18305.25,51,0,18308.70958
7/18/2023 20:12,18305,18305.5,18303.5,18304.75,59,0,18308.66895
7/18/2023 20:13,18304.75,18306.5,18304.75,18306.25,32,0,18308.65388
7/18/2023 20:14,18306,18306.5,18305.5,18305.75,30,0,18308.64032
7/18/2023 20:15,18305.5,18305.5,18305,18305,12,0,18308.63344
7/18/2023 20:16,18304.5,18307,18304.25,18306.75,67,0,18308.60467
7/18/2023 20:17,18306.25,18306.25,18305.25,18305.5,43,0,18308.58421
7/18/2023 20:18,18306,18306,18304.5,18305,15,0,18308.57593
7/18/2023 20:19,18305.25,18306,18304.75,18305.25,44,0,18308.55304
7/18/2023 20:20,18305.25,18305.75,18305,18305,16,0,18308.54459
7/18/2023 20:21,18305,18307.75,18305,18306.75,40,0,18308.53158
7/18/2023 20:22,18306,18306,18305,18305,27,0,18308.51791
7/18/2023 20:23,18305.25,18307.25,18305.25,18307.25,41,0,18308.50544
7/18/2023 20:24,18307.25,18308.25,18306.75,18308.25,35,0,18308.5013
7/18/2023 20:25,18307.75,18307.75,18307,18307,21,0,18308.49721
7/18/2023 20:26,18307.75,18307.75,18306.5,18307,46,0,18308.48714
7/18/2023 20:27,18307.25,18308.25,18305.75,18306.25,64,0,18308.4701
7/18/2023 20:28,18306.25,18307.5,18305.5,18306.25,81,0,18308.44492
7/18/2023 20:29,18306.5,18307.75,18306.5,18307.75,28,0,18308.44022
7/18/2023 20:30,18306.5,18307.75,18306,18307,32,0,18308.43291
7/18/2023 20:31,18306.5,18307.25,18306,18307,42,0,18308.42237
7/18/2023 20:32,18306.5,18308.25,18306.5,18307.75,50,0,18308.41554
7/18/2023 20:33,18308,18308.25,18306.75,18307,31,0,18308.4106
7/18/2023 20:34,18307,18307,18306.5,18307,13,0,18308.40759
7/18/2023 20:35,18307.25,18307.25,18300.75,18302.5,147,0,18308.30376
7/18/2023 20:36,18302.5,18304.25,18302.5,18304.25,81,0,18308.25032
7/18/2023 20:37,18304.5,18305,18304.25,18304.25,25,0,18308.23703
7/18/2023 20:38,18303.25,18303.75,18302.75,18303,16,0,18308.22555
7/18/2023 20:39,18302.75,18304.25,18302.75,18304.25,24,0,18308.21041
7/18/2023 20:40,18304,18304,18302.5,18302.75,51,0,18308.17382
7/18/2023 20:41,18302.75,18305.25,18302.75,18304.25,49,0,18308.14595
7/18/2023 20:42,18303.75,18304.5,18300.75,18303.75,79,0,18308.09006
7/18/2023 20:43,18303.75,18304.5,18303.5,18304.5,58,0,18308.05902
7/18/2023 20:44,18304.25,18304.75,18303.5,18304.75,45,0,18308.03629
7/18/2023 20:45,18305,18308,18304.5,18307.25,97,0,18308.01743
7/18/2023 20:46,18307.25,18308,18306.5,18306.75,41,0,18308.01233
7/18/2023 20:47,18307,18307.5,18305.5,18306,30,0,18308.00566
7/18/2023 20:48,18305.5,18306.25,18304.5,18304.5,86,0,18307.97272
7/18/2023 20:49,18305,18305.25,18304,18304.25,26,0,18307.96092
7/18/2023 20:50,18304.5,18305,18304.25,18305,41,0,18307.94382
7/18/2023 20:51,18305.5,18306.75,18305,18305.25,36,0,18307.93322
7/18/2023 20:52,18305.25,18306.5,18305.25,18305.75,26,0,18307.92618
7/18/2023 20:53,18306,18306.25,18305.75,18306.25,9,0,18307.92405
7/18/2023 20:54,18306.75,18307,18306.5,18307,6,0,18307.92321
7/18/2023 20:55,18306.75,18307,18305.5,18306.25,15,0,18307.91998
7/18/2023 20:56,18306.5,18307,18306,18306,17,0,18307.91653
7/18/2023 20:57,18306,18306.5,18306,18306.25,12,0,18307.91397
7/18/2023 20:58,18306.5,18308.5,18306.5,18308.25,45,0,18307.91303
7/18/2023 20:59,18308.5,18308.5,18307.75,18307.75,9,0,18307.91313
7/18/2023 21:00,18307.75,18307.75,18306.25,18306.25,17,0,18307.91062
7/18/2023 21:01,18306.25,18306.5,18304.75,18304.75,39,0,18307.89795
7/18/2023 21:02,18304.25,18304.25,18302.75,18303.5,48,0,18307.87148
7/18/2023 21:03,18303.75,18304,18302.5,18302.5,23,0,18307.85747
7/18/2023 21:04,18302.25,18303.5,18301.5,18303.25,76,0,18307.8094
7/18/2023 21:05,18303,18305.25,18303,18304.5,41,0,18307.79142
7/18/2023 21:06,18305,18305.75,18304.75,18304.75,27,0,18307.78244
7/18/2023 21:07,18305,18306,18305,18306,17,0,18307.77803
7/18/2023 21:08,18305.5,18306.75,18305.25,18305.75,28,0,18307.77167
7/18/2023 21:09,18305.75,18306.25,18305.25,18305.25,21,0,18307.76607
7/18/2023 21:10,18305.25,18305.25,18304,18305,16,0,18307.7602
7/18/2023 21:11,18305.25,18306.75,18305.25,18306.75,13,0,18307.75782
7/18/2023 21:12,18306.5,18306.5,18304.75,18305.25,36,0,18307.748
7/18/2023 21:13,18305.5,18306.75,18305.25,18306,38,0,18307.74
7/18/2023 21:14,18306.25,18308.5,18306.25,18307.25,80,0,18307.73613
7/18/2023 21:15,18307.5,18308.75,18307.25,18308.25,33,0,18307.73749
7/18/2023 21:16,18308.5,18309.75,18306.5,18306.75,145,0,18307.73629
7/18/2023 21:17,18306.75,18308,18304.25,18306,156,0,18307.70674
7/18/2023 21:18,18305.25,18305.5,18304,18304.25,53,0,18307.68788
7/18/2023 21:19,18304,18305.25,18303.5,18304.75,33,0,18307.67594
7/18/2023 21:20,18305.25,18305.5,18303.5,18304.75,32,0,18307.66475
7/18/2023 21:21,18305,18306,18304,18305,42,0,18307.65216
7/18/2023 21:22,18305.25,18308.25,18305.25,18306.75,79,0,18307.64421
7/18/2023 21:23,18306.75,18308.25,18306.5,18308,25,0,18307.64404
7/18/2023 21:24,18308.5,18309,18307.5,18308.25,39,0,18307.64666
7/18/2023 21:25,18308.25,18308.75,18307.5,18307.75,29,0,18307.64779
7/18/2023 21:26,18307.5,18308.75,18306.5,18306.75,52,0,18307.64599
7/18/2023 21:27,18307,18307.5,18305.75,18306.25,45,0,18307.64036
7/18/2023 21:28,18306.75,18307,18306.25,18306.25,9,0,18307.63924
7/18/2023 21:29,18306.25,18306.25,18304.75,18304.75,34,0,18307.63041
7/18/2023 21:30,18304.75,18305.25,18303.25,18303.5,42,0,18307.61391
7/18/2023 21:31,18303.5,18307.75,18303,18306.5,140,0,18307.58609
7/18/2023 21:32,18306.75,18307.5,18306,18306.75,44,0,18307.58218
7/18/2023 21:33,18306.75,18307.75,18306.5,18307.5,61,0,18307.58005
7/18/2023 21:34,18307.75,18309.5,18307,18309.25,92,0,18307.58969
7/18/2023 21:35,18309,18309.75,18308.5,18309.75,59,0,18307.60036
7/18/2023 21:36,18309.5,18310.25,18307.5,18309,94,0,18307.61308
7/18/2023 21:37,18309,18309,18307.25,18308.75,48,0,18307.61661
7/18/2023 21:38,18308.25,18311,18308,18310,120,0,18307.64147
7/18/2023 21:39,18310.5,18311.5,18308.5,18308.75,75,0,18307.65607
7/18/2023 21:40,18308.5,18310,18308.25,18309.5,60,0,18307.6656
7/18/2023 21:41,18309.75,18310.25,18309,18309.75,64,0,18307.67829
7/18/2023 21:42,18310.25,18310.75,18309.5,18310,35,0,18307.6866
7/18/2023 21:43,18310.5,18311.75,18310.25,18310.25,46,0,18307.70044
7/18/2023 21:44,18310,18312,18309.5,18311.75,82,0,18307.72748
7/18/2023 21:45,18312.25,18313,18310.75,18311.5,99,0,18307.76592
7/18/2023 21:46,18311.25,18312.25,18310.5,18312.25,69,0,18307.79173
7/18/2023 21:47,18312,18314.5,18312,18312.75,119,0,18307.85143
7/18/2023 21:48,18313,18313.25,18311.75,18311.75,53,0,18307.87343
7/18/2023 21:49,18312.25,18313.75,18311.75,18313.75,22,0,18307.88422
7/18/2023 21:50,18313.5,18316,18313.25,18315,120,0,18307.96092
7/18/2023 21:51,18315.25,18316,18313.5,18313.5,114,0,18308.02783
7/18/2023 21:52,18313.5,18315.25,18312.75,18313.75,72,0,18308.06663
7/18/2023 21:53,18313.75,18314.25,18312,18313,96,0,18308.11032
7/18/2023 21:54,18312.5,18312.75,18309.75,18310.25,96,0,18308.13455
7/18/2023 21:55,18310.25,18310.75,18308.75,18309.25,41,0,18308.13987
7/18/2023 21:56,18309.5,18311.25,18309.5,18310.75,47,0,18308.14977
7/18/2023 21:57,18310.75,18310.75,18309.25,18309.75,16,0,18308.15229
7/18/2023 21:58,18309.5,18311.75,18309.5,18311.25,17,0,18308.15634
7/18/2023 21:59,18311,18312.5,18311,18312.5,61,0,18308.17709
7/18/2023 22:00,18312.25,18312.25,18310,18310.25,30,0,18308.18412
7/18/2023 22:01,18310,18311,18309.5,18309.5,52,0,18308.19241
7/18/2023 22:02,18310.25,18311,18309.5,18309.5,19,0,18308.19542
7/18/2023 22:03,18309.75,18309.75,18307,18307.25,52,0,18308.19454
7/18/2023 22:04,18307,18308.25,18306.75,18307.25,45,0,18308.19149
7/18/2023 22:05,18307.5,18307.75,18305.5,18305.5,70,0,18308.17975
7/18/2023 22:06,18305.5,18306,18304.25,18304.75,136,0,18308.1428
7/18/2023 22:07,18304.5,18305,18302.25,18303.5,98,0,18308.10495
7/18/2023 22:08,18304,18305.75,18303.25,18305.25,60,0,18308.08798
7/18/2023 22:09,18305.5,18306,18305,18305.25,24,0,18308.08259
7/18/2023 22:10,18304.75,18305.25,18303.25,18304,32,0,18308.07208
7/18/2023 22:11,18304.75,18305.5,18304.75,18305.25,24,0,18308.06624
7/18/2023 22:12,18305,18306.5,18305,18306.25,31,0,18308.06068
7/18/2023 22:13,18306.5,18307.5,18306,18307,51,0,18308.05547
7/18/2023 22:14,18306.75,18307,18305.5,18305.75,37,0,18308.04942
7/18/2023 22:15,18305.75,18307.25,18305.75,18306.5,46,0,18308.04354
7/18/2023 22:16,18306.5,18307.75,18306.5,18307.25,23,0,18308.04187
7/18/2023 22:17,18307,18308,18307,18307.5,18,0,18308.04107
7/18/2023 22:18,18307,18307.75,18306.75,18306.75,18,0,18308.03965
7/18/2023 22:19,18306.25,18306.75,18304.5,18304.75,41,0,18308.03056
7/18/2023 22:20,18304.75,18306,18304.25,18304.25,34,0,18308.02169
7/18/2023 22:21,18304,18304.75,18302.5,18302.5,73,0,18307.9934
7/18/2023 22:22,18302.25,18303.25,18301.25,18301.75,146,0,18307.92416
7/18/2023 22:23,18302.25,18303.25,18302.25,18303,36,0,18307.9095
7/18/2023 22:24,18303,18305,18302.75,18304,63,0,18307.88947
7/18/2023 22:25,18304,18304.5,18303.25,18303.25,60,0,18307.8694
7/18/2023 22:26,18302.75,18303.25,18301.5,18302.75,95,0,18307.82928
7/18/2023 22:27,18302.25,18303.25,18301.75,18302.5,59,0,18307.80467
7/18/2023 22:28,18302.5,18303,18301.75,18302.5,34,0,18307.79037
7/18/2023 22:29,18302.5,18304,18302.5,18304,40,0,18307.77701
7/18/2023 22:30,18304.25,18305.5,18304.25,18305.5,50,0,18307.76657
7/18/2023 22:31,18305,18305,18303.5,18303.75,49,0,18307.75263
7/18/2023 22:32,18303.5,18304,18303.25,18304,24,0,18307.74523
7/18/2023 22:33,18304,18306,18304,18305.5,31,0,18307.73908
7/18/2023 22:34,18305.25,18306,18304.75,18305.5,24,0,18307.7348
7/18/2023 22:35,18305.5,18306,18304.75,18305.5,27,0,18307.73001
7/18/2023 22:36,18305.75,18306.5,18305.75,18306,24,0,18307.72698
7/18/2023 22:37,18306.25,18306.25,18305.5,18305.5,12,0,18307.72517
7/18/2023 22:38,18305.5,18306.75,18305.5,18306,32,0,18307.72117
7/18/2023 22:39,18306.25,18307.25,18306.25,18307.25,36,0,18307.71897
7/18/2023 22:40,18307.5,18309.25,18307.5,18308.75,61,0,18307.72257
7/18/2023 22:41,18308.75,18309.5,18308.5,18309,53,0,18307.72767
7/18/2023 22:42,18309,18309,18307.5,18308.75,48,0,18307.73016
7/18/2023 22:43,18309,18309,18306.75,18307,29,0,18307.72984
7/18/2023 22:44,18306.75,18308.5,18306.75,18308.25,24,0,18307.73002
7/18/2023 22:45,18308.25,18309,18307,18308.25,48,0,18307.73129
7/18/2023 22:46,18308.25,18308.5,18307.75,18307.75,12,0,18307.73153
7/18/2023 22:47,18307.5,18307.75,18306,18307,57,0,18307.72808
7/18/2023 22:48,18307.25,18307.75,18306.75,18307.25,23,0,18307.72727
7/18/2023 22:49,18307.5,18308,18307.25,18307.5,20,0,18307.72706
7/18/2023 22:50,18307.75,18309,18307.75,18309,57,0,18307.73065
7/18/2023 22:51,18308.5,18308.75,18308,18308.25,24,0,18307.73171
7/18/2023 22:52,18308.5,18309.75,18308.25,18309.75,42,0,18307.73638
7/18/2023 22:53,18310,18310,18309.25,18309.25,23,0,18307.73934
7/18/2023 22:54,18309.5,18309.5,18308.75,18309.5,25,0,18307.7421
7/18/2023 22:55,18310,18310.75,18309.25,18309.75,49,0,18307.74985
7/18/2023 22:56,18309.25,18310.25,18309.25,18310.25,11,0,18307.75158
7/18/2023 22:57,18310,18310,18307.75,18308.25,53,0,18307.75509
7/18/2023 22:58,18308,18308.5,18307.75,18308,35,0,18307.75592
7/18/2023 22:59,18307.75,18307.75,18305.75,18306,63,0,18307.75023
7/18/2023 23:00,18306.25,18307,18306,18307,16,0,18307.74899
7/18/2023 23:01,18306.5,18307.75,18306,18307.75,62,0,18307.74641
7/18/2023 23:02,18307.75,18308,18307,18308,31,0,18307.74623
7/18/2023 23:03,18308.25,18309,18308,18308.5,31,0,18307.7479
7/18/2023 23:04,18308,18308.75,18307.5,18308.25,65,0,18307.74982
7/18/2023 23:05,18308.25,18308.75,18307.75,18308.5,19,0,18307.75061
7/18/2023 23:06,18308.75,18310,18308.75,18309.5,26,0,18307.75367
7/18/2023 23:07,18309.25,18310.25,18308.75,18310.25,19,0,18307.75634
7/18/2023 23:08,18310.25,18311.25,18309.75,18311,26,0,18307.76166
7/18/2023 23:09,18311.25,18311.5,18311,18311.25,25,0,18307.76779
7/18/2023 23:10,18311.5,18313,18311.5,18312.75,93,0,18307.79797
7/18/2023 23:11,18312.75,18313,18311.75,18312.5,73,0,18307.82138
7/18/2023 23:12,18312.75,18312.75,18311.75,18311.75,30,0,18307.83024
7/18/2023 23:13,18312,18312,18311.25,18312,38,0,18307.84053
7/18/2023 23:14,18312,18313.5,18311.5,18313.25,61,0,18307.86114
7/18/2023 23:15,18313.25,18314,18312.5,18312.5,36,0,18307.87384
7/18/2023 23:16,18313,18313.5,18312.25,18312.75,31,0,18307.88438
7/18/2023 23:17,18312.5,18313,18312.5,18313,10,0,18307.88776
7/18/2023 23:18,18312.75,18313.25,18312.5,18313,32,0,18307.89876
7/18/2023 23:19,18312.25,18312.25,18310.75,18311.25,60,0,18307.91312
7/18/2023 23:20,18311.25,18311.25,18310.5,18311,27,0,18307.91862
7/18/2023 23:21,18310.75,18310.75,18310,18310.5,37,0,18307.92489
7/18/2023 23:22,18310.75,18311.25,18310.75,18310.75,26,0,18307.93015
7/18/2023 23:23,18311,18311,18310.5,18310.75,21,0,18307.93414
7/18/2023 23:24,18310.5,18310.5,18309.25,18310,41,0,18307.93962
7/18/2023 23:25,18310.5,18310.75,18310,18310,29,0,18307.94412
7/18/2023 23:26,18310.75,18310.75,18309.75,18310.25,17,0,18307.94675
7/18/2023 23:27,18310.25,18310.5,18309.5,18309.5,25,0,18307.94991
7/18/2023 23:28,18309.75,18309.75,18308,18308.75,50,0,18307.95286
7/18/2023 23:29,18308.75,18309,18308.5,18308.5,21,0,18307.95386
7/18/2023 23:30,18308.5,18309.75,18308.5,18309.25,13,0,18307.95491
7/18/2023 23:31,18309.25,18310,18308.25,18308.25,37,0,18307.95707
7/18/2023 23:32,18308.25,18308.25,18307.25,18308.25,41,0,18307.95696
7/18/2023 23:33,18308.25,18308.75,18308,18308.25,25,0,18307.95759
7/18/2023 23:34,18308,18308.75,18307.75,18308.25,22,0,18307.95801
7/18/2023 23:35,18308,18308.5,18308,18308.25,14,0,18307.95828
7/18/2023 23:36,18308.5,18309,18308,18308,13,0,18307.9586
7/18/2023 23:37,18307.75,18307.75,18307.5,18307.75,17,0,18307.95828
7/18/2023 23:38,18307.5,18308,18307.25,18307.25,16,0,18307.95779
7/18/2023 23:39,18307.75,18307.75,18306.5,18307,24,0,18307.95641
7/18/2023 23:40,18307.25,18308.25,18307.25,18307.75,35,0,18307.95594
7/18/2023 23:41,18307.75,18309,18306.75,18308.75,46,0,18307.95657
7/18/2023 23:42,18309,18309,18308,18308.5,9,0,18307.95689
7/18/2023 23:43,18308,18308.75,18307.75,18308.5,25,0,18307.95751
7/18/2023 23:44,18308.75,18308.75,18307,18307.5,28,0,18307.95713
7/18/2023 23:45,18307.75,18308.5,18307.25,18308.5,36,0,18307.95742
7/18/2023 23:46,18308,18309.75,18308,18308.75,68,0,18307.96128
7/18/2023 23:47,18309,18309.75,18309,18309.5,21,0,18307.96325
7/18/2023 23:48,18309.25,18309.5,18309,18309.5,14,0,18307.96449
7/18/2023 23:49,18309.75,18310,18309.5,18310,32,0,18307.96834
7/18/2023 23:50,18310,18310.5,18309.75,18309.75,21,0,18307.97108
7/18/2023 23:51,18310.25,18310.75,18310,18310,11,0,18307.97269
7/18/2023 23:52,18309.75,18310.75,18309.75,18310.75,7,0,18307.97379
7/18/2023 23:53,18310.25,18311,18310,18310,41,0,18307.97999
7/18/2023 23:54,18309.75,18310.25,18309,18309.25,24,0,18307.98232
7/18/2023 23:55,18309.5,18309.5,18308,18309,44,0,18307.98471
7/18/2023 23:56,18309.25,18309.5,18308.75,18309.5,19,0,18307.98624
7/18/2023 23:57,18310,18311.5,18310,18311,36,0,18307.99276
7/18/2023 23:58,18311.25,18311.5,18311,18311.25,17,0,18307.99627
7/18/2023 23:59,18311,18312,18311,18311.5,28,0,18308.00249
7/19/2023 0:00,18311.75,18311.75,18310.75,18311.25,45,0,18308.01173
7/19/2023 0:01,18311.5,18311.75,18310.75,18311.5,21,0,18308.01613
7/19/2023 0:02,18311.25,18311.25,18310,18310.5,23,0,18308.01985
7/19/2023 0:03,18310.75,18311.25,18310.5,18310.5,32,0,18308.02535
7/19/2023 0:04,18310.25,18310.25,18309.5,18309.75,27,0,18308.02841
7/19/2023 0:05,18310,18310.5,18310,18310.5,14,0,18308.03044
7/19/2023 0:06,18310.25,18310.25,18309.75,18310.25,9,0,18308.0316
7/19/2023 0:07,18310.25,18311.25,18310.25,18311.25,16,0,18308.03449
7/19/2023 0:08,18310.5,18311,18310.5,18311,7,0,18308.03572
7/19/2023 0:09,18311,18311.25,18309.75,18310.5,35,0,18308.0411
7/19/2023 0:10,18310.75,18311.25,18310.25,18310.25,13,0,18308.04317
7/19/2023 0:11,18310.5,18311,18310,18310.5,18,0,18308.04593
7/19/2023 0:12,18310.25,18310.75,18310,18310.75,12,0,18308.04776
7/19/2023 0:13,18310.75,18311,18310.75,18310.75,13,0,18308.05001
7/19/2023 0:14,18310.75,18311,18310.5,18310.75,8,0,18308.05136
7/19/2023 0:15,18311.25,18311.75,18311.25,18311.75,4,0,18308.05224
7/19/2023 0:16,18311.25,18311.5,18310.5,18310.75,29,0,18308.0574
7/19/2023 0:17,18311,18311,18308.75,18309.5,55,0,18308.06316
7/19/2023 0:18,18309,18309.75,18308.5,18309.75,21,0,18308.06481
7/19/2023 0:19,18309.75,18310.25,18308.75,18309.25,48,0,18308.06881
7/19/2023 0:20,18309.25,18310.25,18309.25,18310.25,16,0,18308.07063
7/19/2023 0:21,18309.75,18310.5,18309.75,18310.5,21,0,18308.07344
7/19/2023 0:22,18310.25,18310.75,18310,18310.5,15,0,18308.0756
7/19/2023 0:23,18309.75,18310.5,18309.75,18310.5,3,0,18308.076
7/19/2023 0:24,18310.75,18310.75,18309.5,18309.75,8,0,18308.07694
7/19/2023 0:25,18308.75,18309,18308,18308.25,30,0,18308.07757
7/19/2023 0:26,18308,18308.75,18307.75,18308.75,37,0,18308.07834
7/19/2023 0:27,18308.75,18309,18308.25,18308.5,22,0,18308.07901
7/19/2023 0:28,18308.5,18308.75,18308.5,18308.75,5,0,18308.07919
7/19/2023 0:29,18308.5,18308.5,18308.25,18308.25,6,0,18308.07929
7/19/2023 0:30,18308,18309.5,18308,18309,19,0,18308.08016
7/19/2023 0:31,18309.5,18310.75,18308.75,18308.75,38,0,18308.08325
7/19/2023 0:32,18309.5,18309.75,18309,18309.5,9,0,18308.08398
7/19/2023 0:33,18309.25,18309.25,18308.25,18308.25,12,0,18308.08434
7/19/2023 0:34,18308.5,18308.5,18306.25,18306.5,71,0,18308.08004
7/19/2023 0:35,18306.5,18307.75,18306.5,18307.5,32,0,18308.07844
7/19/2023 0:36,18307,18307.75,18306,18306.75,34,0,18308.07589
7/19/2023 0:37,18306.5,18307.75,18306.5,18307.25,45,0,18308.07343
7/19/2023 0:38,18307.5,18307.75,18307.25,18307.5,19,0,18308.07278
7/19/2023 0:39,18307.25,18307.25,18307,18307.25,11,0,18308.07218
7/19/2023 0:40,18307,18307,18306.75,18306.75,6,0,18308.07174
7/19/2023 0:41,18306.75,18307.25,18305.75,18307.25,55,0,18308.06739
7/19/2023 0:42,18307.25,18308.5,18307.25,18307.25,41,0,18308.06642
7/19/2023 0:43,18307.25,18307.75,18306.75,18307,26,0,18308.06502
7/19/2023 0:44,18307.25,18307.25,18306.25,18306.5,10,0,18308.06419
7/19/2023 0:45,18306.25,18306.75,18305.75,18306.25,40,0,18308.05989
7/19/2023 0:46,18306,18306.5,18305.25,18306.25,35,0,18308.05562
7/19/2023 0:47,18306.5,18306.75,18305.5,18305.75,14,0,18308.05392
7/19/2023 0:48,18306,18306.5,18305.5,18306,19,0,18308.05161
7/19/2023 0:49,18305.5,18306.5,18305.5,18306.5,15,0,18308.04994
7/19/2023 0:50,18306,18307.25,18305.5,18306.5,48,0,18308.04533
7/19/2023 0:51,18306.25,18306.75,18306,18306.25,11,0,18308.04422
7/19/2023 0:52,18307,18307,18307,18307,3,0,18308.04404
7/19/2023 0:53,18307,18307,18306.75,18306.75,8,0,18308.04347
7/19/2023 0:54,18306.5,18307.75,18306.5,18307.75,20,0,18308.04263
7/19/2023 0:55,18307,18307,18306.75,18306.75,4,0,18308.04235
7/19/2023 0:56,18306.25,18307,18305.75,18306.75,24,0,18308.04018
7/19/2023 0:57,18307,18307.25,18306.25,18306.25,5,0,18308.03975
7/19/2023 0:58,18306,18306.5,18305.75,18305.75,12,0,18308.03832
7/19/2023 0:59,18306.25,18306.25,18306,18306.25,9,0,18308.03733
7/19/2023 1:00,18306.25,18306.5,18305.25,18305.25,26,0,18308.03373
7/19/2023 1:01,18305.5,18308.5,18305.25,18308.25,202,0,18308.02556
7/19/2023 1:02,18308.25,18309.5,18308,18308.75,76,0,18308.02873
7/19/2023 1:03,18308.75,18310.75,18306.75,18309.75,138,0,18308.03703
7/19/2023 1:04,18309.75,18311.75,18309.5,18310,72,0,18308.04676
7/19/2023 1:05,18310,18310.5,18309.75,18310,30,0,18308.05023
7/19/2023 1:06,18309.75,18310,18309,18309.75,45,0,18308.05413
7/19/2023 1:07,18309.5,18309.75,18309,18309,18,0,18308.05535
7/19/2023 1:08,18308.75,18308.75,18308,18308.25,23,0,18308.05571
7/19/2023 1:09,18308,18308.75,18307.75,18308.75,11,0,18308.05593
7/19/2023 1:10,18308.5,18309.5,18308.25,18309,54,0,18308.05855
7/19/2023 1:11,18309.5,18311.25,18309.25,18309.25,49,0,18308.06366
7/19/2023 1:12,18309.25,18309.25,18306.25,18307.25,84,0,18308.0614
7/19/2023 1:13,18306.75,18307,18306.5,18306.75,25,0,18308.05958
7/19/2023 1:14,18307,18307,18306.25,18306.75,19,0,18308.0581
7/19/2023 1:15,18306.75,18307,18305.25,18305.25,54,0,18308.05143
7/19/2023 1:16,18305.25,18308,18305.25,18307.75,85,0,18308.04649
7/19/2023 1:17,18307.75,18308.5,18307.25,18308,44,0,18308.04618
7/19/2023 1:18,18308.5,18309.5,18308.25,18308.25,28,0,18308.04713
7/19/2023 1:19,18308.75,18308.75,18307.5,18307.5,37,0,18308.04687
7/19/2023 1:20,18308,18308,18307,18308,21,0,18308.04643
7/19/2023 1:21,18307.5,18308.75,18307.25,18308.5,31,0,18308.04664
7/19/2023 1:22,18307.75,18308.75,18307.75,18308.75,5,0,18308.04674
7/19/2023 1:23,18308.5,18308.75,18308.5,18308.5,10,0,18308.04703
7/19/2023 1:24,18308.25,18308.5,18307.5,18308.5,28,0,18308.04721
7/19/2023 1:25,18307.25,18308,18306.75,18308,19,0,18308.04673
7/19/2023 1:26,18308,18308.5,18307.25,18307.25,10,0,18308.04652
7/19/2023 1:27,18307.5,18307.5,18307,18307.5,16,0,18308.0459
7/19/2023 1:28,18307.75,18308.5,18307.75,18308,11,0,18308.04593
7/19/2023 1:29,18308.25,18308.5,18307,18307,22,0,18308.04527
7/19/2023 1:30,18307.75,18309.75,18307.75,18309.25,47,0,18308.04749
7/19/2023 1:31,18309.5,18309.75,18307.75,18308,43,0,18308.04855
7/19/2023 1:32,18308.5,18309,18308.25,18308.5,16,0,18308.04901
7/19/2023 1:33,18308.25,18309,18308,18308.5,18,0,18308.04945
7/19/2023 1:34,18309,18310,18308.75,18310,16,0,18308.05077
7/19/2023 1:35,18309.75,18310,18309.25,18309.75,16,0,18308.05217
7/19/2023 1:36,18309.75,18310.5,18309,18310.5,39,0,18308.05626
7/19/2023 1:37,18310.25,18311.5,18310,18311.25,66,0,18308.06639
7/19/2023 1:38,18311,18312,18310.25,18312,40,0,18308.07356
7/19/2023 1:39,18311.75,18314.25,18309,18310.25,304,0,18308.1231
7/19/2023 1:40,18310,18310.5,18309.25,18310.5,33,0,18308.1265
7/19/2023 1:41,18310,18310.25,18309.5,18310,25,0,18308.12885
7/19/2023 1:42,18309.75,18311.25,18309.5,18311,30,0,18308.13271
7/19/2023 1:43,18311.25,18313.25,18311.25,18312.25,92,0,18308.15248
7/19/2023 1:44,18312,18313.25,18311.75,18312.25,52,0,18308.16402
7/19/2023 1:45,18312,18314,18312,18313,78,0,18308.18357
7/19/2023 1:46,18312.75,18312.75,18311.25,18312,117,0,18308.20657
7/19/2023 1:47,18312.25,18314,18311.75,18312.5,47,0,18308.21755
7/19/2023 1:48,18312.25,18313,18312,18313,31,0,18308.22463
7/19/2023 1:49,18312.75,18315.25,18312.75,18314,114,0,18308.25821
7/19/2023 1:50,18314.25,18315,18314,18314.5,36,0,18308.26966
7/19/2023 1:51,18314.75,18315.25,18313.75,18314.25,36,0,18308.2809
7/19/2023 1:52,18314.5,18315,18314.25,18314.5,21,0,18308.28762
7/19/2023 1:53,18315,18315.5,18314.25,18314.75,63,0,18308.3085
7/19/2023 1:54,18314.75,18315,18313.5,18315,38,0,18308.32038
7/19/2023 1:55,18315,18315.5,18313.75,18313.75,45,0,18308.33402
7/19/2023 1:56,18313.75,18314.25,18312.5,18313,115,0,18308.36235
7/19/2023 1:57,18312.75,18314,18312.5,18312.5,69,0,18308.37833
7/19/2023 1:58,18312.5,18312.5,18311.25,18312.5,76,0,18308.39234
7/19/2023 1:59,18312.25,18312.75,18311.5,18312,31,0,18308.39802
7/19/2023 2:00,18311.75,18312,18310.75,18311.5,37,0,18308.40356
7/19/2023 2:01,18311.75,18314.25,18307.5,18309.5,459,0,18308.44835
7/19/2023 2:02,18309.5,18316.75,18309.5,18315.5,381,0,18308.54752
7/19/2023 2:03,18316,18319.25,18313.75,18318.25,381,0,18308.69956
7/19/2023 2:04,18317.75,18324,18317.75,18319.25,449,0,18308.93874
7/19/2023 2:05,18319.25,18323.25,18317.25,18323.25,178,0,18309.03828
7/19/2023 2:06,18322.25,18325,18321.75,18324.75,249,0,18309.20373
7/19/2023 2:07,18324.5,18329.25,18324.25,18327.75,320,0,18309.45705
7/19/2023 2:08,18328,18329.25,18325.25,18325.75,234,0,18309.63437
7/19/2023 2:09,18325.25,18328.25,18325.25,18327.75,88,0,18309.7014
7/19/2023 2:10,18328,18329,18326,18328.5,100,0,18309.78021
7/19/2023 2:11,18328.75,18329.75,18327.75,18329,119,0,18309.87825
7/19/2023 2:12,18328.5,18332,18328.5,18330.5,191,0,18310.0458
7/19/2023 2:13,18330.5,18330.75,18328.25,18329.25,152,0,18310.17125
7/19/2023 2:14,18329.25,18329.25,18328,18329,62,0,18310.2202
7/19/2023 2:15,18329.25,18330.25,18328.25,18328.75,89,0,18310.29127
7/19/2023 2:16,18328,18328,18326,18327,87,0,18310.35259
7/19/2023 2:17,18326.5,18326.75,18325.5,18326.75,67,0,18310.39762
7/19/2023 2:18,18326.75,18327.5,18325.25,18327.25,94,0,18310.46169
7/19/2023 2:19,18327.5,18330,18327,18328.25,112,0,18310.54555
7/19/2023 2:20,18329,18329.75,18327,18329,185,0,18310.68364
7/19/2023 2:21,18329.5,18333,18329,18333,135,0,18310.8002
7/19/2023 2:22,18332.75,18334.5,18329.5,18332.75,409,0,18311.15524
7/19/2023 2:23,18332.5,18333.75,18332,18333.25,102,0,18311.24504
7/19/2023 2:24,18333.75,18334,18331.5,18331.75,50,0,18311.28762
7/19/2023 2:25,18331.25,18333.5,18331,18333.25,87,0,18311.36188
7/19/2023 2:26,18333,18335.25,18332.75,18333.75,119,0,18311.46895
7/19/2023 2:27,18334.25,18336,18333.75,18334,131,0,18311.58911
7/19/2023 2:28,18334.25,18334.25,18331.5,18331.75,94,0,18311.66683
7/19/2023 2:29,18331.5,18332.5,18330.5,18331,99,0,18311.74351
7/19/2023 2:30,18331.5,18331.75,18330,18330.5,104,0,18311.82103
7/19/2023 2:31,18330.75,18332,18329.75,18331.75,95,0,18311.89285
7/19/2023 2:32,18331.5,18332,18329.75,18331.5,63,0,18311.93998
7/19/2023 2:33,18331.25,18331.5,18330,18331.25,36,0,18311.96657
7/19/2023 2:34,18331.25,18333.25,18331.25,18332.5,51,0,18312.00692
7/19/2023 2:35,18332.25,18332.25,18330.5,18330.5,61,0,18312.05202
7/19/2023 2:36,18331.25,18331.75,18330.25,18331.75,40,0,18312.08174
7/19/2023 2:37,18331.5,18331.5,18331,18331.25,15,0,18312.09286
7/19/2023 2:38,18330.75,18331,18329.5,18329.75,68,0,18312.14005
7/19/2023 2:39,18329.5,18329.5,18328,18328.25,183,0,18312.2553
7/19/2023 2:40,18328.25,18329.25,18327.75,18328.25,43,0,18312.28188
7/19/2023 2:41,18328,18328.5,18325.75,18326.25,131,0,18312.35441
7/19/2023 2:42,18326,18326.75,18323.75,18326.25,133,0,18312.42101
7/19/2023 2:43,18326,18327.75,18325.5,18327.5,143,0,18312.49906
7/19/2023 2:44,18327.75,18328.25,18325,18326,69,0,18312.53513
7/19/2023 2:45,18326.25,18326.5,18325.75,18326,63,0,18312.56711
7/19/2023 2:46,18326,18326.75,18324.75,18326,122,0,18312.62747
7/19/2023 2:47,18326,18327.75,18325,18325.75,61,0,18312.65821
7/19/2023 2:48,18326,18326.25,18325.25,18325.75,15,0,18312.66551
7/19/2023 2:49,18326,18326.25,18325,18326,23,0,18312.67669
7/19/2023 2:50,18326,18326.75,18325.5,18326.5,42,0,18312.69784
7/19/2023 2:51,18326.75,18329,18326.75,18328,100,0,18312.7541
7/19/2023 2:52,18328,18328.75,18327.5,18328.75,19,0,18312.76503
7/19/2023 2:53,18329,18329.75,18328.5,18329.75,35,0,18312.78643
7/19/2023 2:54,18330,18331,18329.25,18330.25,66,0,18312.82864
7/19/2023 2:55,18330,18331,18329.75,18330.75,48,0,18312.8598
7/19/2023 2:56,18330.75,18331.25,18329.5,18329.5,32,0,18312.88003
7/19/2023 2:57,18329.75,18331,18329.25,18330,40,0,18312.90524
7/19/2023 2:58,18330.5,18331,18330,18330.5,79,0,18312.95602
7/19/2023 2:59,18330,18333.25,18329.75,18332.75,101,0,18313.02573
7/19/2023 3:00,18332.75,18334.75,18332,18332.25,257,0,18313.21085
7/19/2023 3:01,18332.25,18334.75,18326.25,18326.75,602,0,18313.55165
7/19/2023 3:02,18326.5,18328.75,18325.5,18325.5,166,0,18313.62756
7/19/2023 3:03,18325.25,18328,18321.75,18326.5,342,0,18313.76736
7/19/2023 3:04,18326.5,18329,18325.75,18326.25,137,0,18313.82992
7/19/2023 3:05,18326.5,18327.25,18324.5,18325.25,110,0,18313.87468
7/19/2023 3:06,18325,18330.75,18324.25,18329.5,190,0,18313.96743
7/19/2023 3:07,18329.75,18330,18327,18328.75,137,0,18314.03551
7/19/2023 3:08,18328.5,18332.75,18328.5,18331.75,165,0,18314.13014
7/19/2023 3:09,18331.75,18333.75,18330.5,18330.5,130,0,18314.20651
7/19/2023 3:10,18331,18334.5,18330.5,18332.25,155,0,18314.30103
7/19/2023 3:11,18332,18332.5,18330.75,18331.25,72,0,18314.34239
7/19/2023 3:12,18331.25,18336.75,18330.75,18335.75,108,0,18314.41456
7/19/2023 3:13,18335.25,18338.75,18335,18337.5,194,0,18314.55999
7/19/2023 3:14,18337,18337.75,18333.75,18336.5,240,0,18314.72882
7/19/2023 3:15,18336.5,18339,18335.5,18337.75,105,0,18314.80672
7/19/2023 3:16,18338.25,18338.75,18334.25,18335.75,168,0,18314.92387
7/19/2023 3:17,18336.25,18337.75,18330.75,18332.75,186,0,18315.03705
7/19/2023 3:18,18332.5,18332.5,18328,18329,156,0,18315.11129
7/19/2023 3:19,18329.5,18331.75,18328.25,18330.25,101,0,18315.15977
7/19/2023 3:20,18330,18332,18329.75,18331.25,61,0,18315.19068
7/19/2023 3:21,18331.75,18332.5,18330,18331.5,69,0,18315.22624
7/19/2023 3:22,18330.5,18330.5,18327.5,18328.25,136,0,18315.2847
7/19/2023 3:23,18327.75,18329,18327.5,18328.75,33,0,18315.29846
7/19/2023 3:24,18328.75,18330.5,18328.25,18330,62,0,18315.32653
7/19/2023 3:25,18329.25,18329.25,18326.75,18329,71,0,18315.35573
7/19/2023 3:26,18329.25,18330.5,18328.75,18329.5,57,0,18315.38133
7/19/2023 3:27,18330.25,18331.25,18327.75,18329,91,0,18315.42129
7/19/2023 3:28,18329.25,18330,18328.75,18329.5,28,0,18315.43361
7/19/2023 3:29,18328.5,18330.75,18328.25,18330.75,54,0,18315.45816
7/19/2023 3:30,18330.75,18330.75,18328.25,18328.5,61,0,18315.48436
7/19/2023 3:31,18328.25,18328.5,18325.5,18327.25,131,0,18315.53177
7/19/2023 3:32,18327.25,18328,18325.5,18326,67,0,18315.55465
7/19/2023 3:33,18325.25,18326,18323.5,18325,116,0,18315.58805
7/19/2023 3:34,18324.5,18325.25,18322,18322.5,128,0,18315.61835
7/19/2023 3:35,18322.25,18323.25,18321,18322,115,0,18315.64125
7/19/2023 3:36,18322.25,18324.5,18321.25,18323,113,0,18315.66648
7/19/2023 3:37,18322.25,18322.75,18321.25,18322.25,68,0,18315.67984
7/19/2023 3:38,18321.75,18324.75,18321.5,18324.5,142,0,18315.71406
7/19/2023 3:39,18324.75,18324.75,18322.75,18323.25,71,0,18315.73106
7/19/2023 3:40,18322.75,18323,18319.5,18322,186,0,18315.76352
7/19/2023 3:41,18322,18324,18321.75,18322.5,93,0,18315.78312
7/19/2023 3:42,18323,18323.25,18321,18322,78,0,18315.79791
7/19/2023 3:43,18321.75,18323.25,18321.25,18322.75,57,0,18315.80925
7/19/2023 3:44,18322.75,18323,18319.5,18320,123,0,18315.82775
7/19/2023 3:45,18319.75,18321.5,18319.25,18320.25,74,0,18315.83771
7/19/2023 3:46,18320.5,18323.75,18320,18323.75,131,0,18315.86367
7/19/2023 3:47,18324.25,18325.25,18322.5,18325.25,97,0,18315.88805
7/19/2023 3:48,18324.75,18324.75,18319.5,18319.5,158,0,18315.91306
7/19/2023 3:49,18320.25,18325.25,18320,18324.25,78,0,18315.92973
7/19/2023 3:50,18324,18324,18322,18323.25,63,0,18315.94299
7/19/2023 3:51,18323,18323.25,18322,18322.5,73,0,18315.95721
7/19/2023 3:52,18322.25,18322.5,18319.75,18321,113,0,18315.97415
7/19/2023 3:53,18321.25,18322.5,18319,18322.5,158,0,18315.9988
7/19/2023 3:54,18322.75,18324.5,18322,18322,97,0,18316.01805
7/19/2023 3:55,18321.75,18322.5,18321,18321.75,44,0,18316.02536
7/19/2023 3:56,18321.25,18323,18321,18322.75,65,0,18316.03707
7/19/2023 3:57,18322,18325,18322,18324.75,56,0,18316.04982
7/19/2023 3:58,18325,18325,18322.75,18323.25,57,0,18316.06234
7/19/2023 3:59,18323.25,18323.25,18321.25,18321.25,50,0,18316.07077
7/19/2023 4:00,18321.25,18321.5,18320.5,18321,42,0,18316.07673
7/19/2023 4:01,18320.75,18322,18317.5,18318,323,0,18316.10517
7/19/2023 4:02,18318.25,18319,18314.75,18319,234,0,18316.11497
7/19/2023 4:03,18319,18321.5,18319,18320,105,0,18316.12698
7/19/2023 4:04,18319.75,18320.25,18318.25,18319.5,122,0,18316.13798
7/19/2023 4:05,18318.75,18319.5,18316.75,18319,125,0,18316.14597
7/19/2023 4:06,18319,18321,18318.25,18319.75,75,0,18316.15335
7/19/2023 4:07,18320,18322,18319.75,18322,70,0,18316.16332
7/19/2023 4:08,18321.75,18323.75,18320.75,18320.75,92,0,18316.17763
7/19/2023 4:09,18321,18322,18319,18319.5,81,0,18316.18661
7/19/2023 4:10,18318.75,18318.75,18313,18313.5,131,0,18316.18261
7/19/2023 4:11,18313.25,18315.75,18312.25,18314.5,193,0,18316.17189
7/19/2023 4:12,18313.75,18318,18313.75,18317.5,119,0,18316.17269
7/19/2023 4:13,18317.25,18319,18316.75,18318.5,69,0,18316.1763
7/19/2023 4:14,18318,18320.75,18317.5,18320.5,68,0,18316.18264
7/19/2023 4:15,18320.25,18321,18319.5,18320.75,64,0,18316.19004
7/19/2023 4:16,18321,18321.25,18320,18320.25,63,0,18316.19744
7/19/2023 4:17,18320.5,18322.75,18319.75,18321,103,0,18316.21135
7/19/2023 4:18,18320.5,18322.5,18320.25,18322.5,71,0,18316.22201
7/19/2023 4:19,18322.25,18324.25,18322,18323.75,114,0,18316.24393
7/19/2023 4:20,18323.75,18326.5,18322.75,18326,243,0,18316.30163
7/19/2023 4:21,18325.75,18326.75,18325.25,18326.5,88,0,18316.3249
7/19/2023 4:22,18326.25,18326.25,18324.5,18326.25,123,0,18316.35559
7/19/2023 4:23,18326,18329.5,18325.25,18326.5,188,0,18316.40919
7/19/2023 4:24,18326.25,18326.5,18323,18323.75,139,0,18316.43867
7/19/2023 4:25,18323.75,18324.5,18322,18323.25,62,0,18316.44983
7/19/2023 4:26,18322.75,18327,18322.5,18327,93,0,18316.47203
7/19/2023 4:27,18327,18330,18326.75,18329,127,0,18316.51246
7/19/2023 4:28,18329.5,18332,18329.25,18329.25,132,0,18316.55967
7/19/2023 4:29,18329.25,18330.25,18328.5,18329.5,65,0,18316.58152
7/19/2023 4:30,18329.5,18331.5,18329.25,18330.5,58,0,18316.60247
7/19/2023 4:31,18330.25,18332.25,18328.75,18330,189,0,18316.66989
7/19/2023 4:32,18329.5,18333,18328.25,18332,171,0,18316.73364
7/19/2023 4:33,18332.25,18335.5,18332.25,18334,192,0,18316.81856
7/19/2023 4:34,18334,18334.5,18332.25,18332.5,86,0,18316.85448
7/19/2023 4:35,18332.25,18332.5,18330.75,18331.5,69,0,18316.88053
7/19/2023 4:36,18331.25,18333.25,18331,18332.5,78,0,18316.9112
7/19/2023 4:37,18333,18333.75,18331.5,18333.75,105,0,18316.95431
7/19/2023 4:38,18333.5,18336.25,18332.75,18336,128,0,18317.01306
7/19/2023 4:39,18336,18336,18332.25,18333,155,0,18317.07878
7/19/2023 4:40,18332.75,18336,18332,18334.5,126,0,18317.13315
7/19/2023 4:41,18334.25,18336,18333.5,18336,115,0,18317.18536
7/19/2023 4:42,18336,18338,18336,18336.5,192,0,18317.27989
7/19/2023 4:43,18336.75,18337.25,18335.25,18337,130,0,18317.3423
7/19/2023 4:44,18337,18337,18335.75,18336,63,0,18317.37201
7/19/2023 4:45,18335.5,18337.5,18335.25,18337,83,0,18317.41169
7/19/2023 4:46,18336.5,18340.5,18336.5,18338.75,188,0,18317.51028
7/19/2023 4:47,18339.25,18340.75,18338.5,18340.5,131,0,18317.58275
7/19/2023 4:48,18340.5,18340.5,18336,18337,125,0,18317.64506
7/19/2023 4:49,18337.5,18339,18336.75,18338.25,80,0,18317.68506
7/19/2023 4:50,18337.75,18339.25,18337.5,18338.75,62,0,18317.71672
7/19/2023 4:51,18338.5,18338.5,18336.75,18337.5,80,0,18317.75562
7/19/2023 4:52,18337.25,18337.75,18335.5,18337.75,80,0,18317.79324
7/19/2023 4:53,18337.5,18337.5,18336,18336.25,42,0,18317.8125
7/19/2023 4:54,18336.75,18336.75,18333.5,18333.75,132,0,18317.86663
7/19/2023 4:55,18333.75,18334.5,18332.5,18334.25,110,0,18317.90902
7/19/2023 4:56,18334,18336.5,18333,18336,63,0,18317.93536
7/19/2023 4:57,18335.5,18336.25,18334.75,18335.75,46,0,18317.95501
7/19/2023 4:58,18335.5,18337,18335.5,18336.25,50,0,18317.97712
7/19/2023 4:59,18336.5,18336.75,18334.5,18334.75,67,0,18318.00518
7/19/2023 5:00,18335,18336,18334.5,18335.75,47,0,18318.02491
7/19/2023 5:01,18335.25,18335.5,18333,18333.75,94,0,18318.06121
7/19/2023 5:02,18333.25,18334,18332.5,18332.75,66,0,18318.08502
7/19/2023 5:03,18332.75,18332.75,18329.25,18329.75,134,0,18318.1251
7/19/2023 5:04,18329.75,18330.75,18328.5,18329,119,0,18318.15717
7/19/2023 5:05,18328.75,18330.5,18328.5,18330.5,63,0,18318.1747
7/19/2023 5:06,18330,18332.5,18329.5,18331.75,128,0,18318.21447
7/19/2023 5:07,18332.25,18333.75,18331.25,18333.5,45,0,18318.23008
7/19/2023 5:08,18333.75,18334,18331.5,18332,57,0,18318.24936
7/19/2023 5:09,18331.75,18332,18330.75,18332,46,0,18318.26388
7/19/2023 5:10,18331.25,18331.75,18329.5,18330,99,0,18318.2923
7/19/2023 5:11,18330.25,18330.5,18328.75,18330,54,0,18318.30689
7/19/2023 5:12,18330.25,18331,18329.5,18331,46,0,18318.32011
7/19/2023 5:13,18331,18333,18331,18333,69,0,18318.34286
7/19/2023 5:14,18333,18333.5,18332.25,18333.25,63,0,18318.36455
7/19/2023 5:15,18333.5,18334.25,18332.75,18333,69,0,18318.38877
7/19/2023 5:16,18333.25,18333.5,18332,18333.25,36,0,18318.40103
7/19/2023 5:17,18333.25,18333.5,18329.5,18330,87,0,18318.42666
7/19/2023 5:18,18329.75,18329.75,18327.75,18329.75,121,0,18318.45673
7/19/2023 5:19,18329.75,18333.75,18329.5,18333.5,100,0,18318.48882
7/19/2023 5:20,18334,18338,18333.5,18338,94,0,18318.52812
7/19/2023 5:21,18337.5,18340,18337.25,18339.25,137,0,18318.5925
7/19/2023 5:22,18339.75,18340.25,18336.25,18337.5,95,0,18318.63507
7/19/2023 5:23,18337.75,18338,18336.75,18337,35,0,18318.6501
7/19/2023 5:24,18336.75,18338.5,18336,18336.75,152,0,18318.71452
7/19/2023 5:25,18336.5,18337,18335.5,18335.75,146,0,18318.77263
7/19/2023 5:26,18335.5,18337,18335.5,18336.5,45,0,18318.79072
7/19/2023 5:27,18335.75,18335.75,18333.5,18334,48,0,18318.80787
7/19/2023 5:28,18334.25,18335.25,18333,18333,87,0,18318.83753
7/19/2023 5:29,18333.25,18333.5,18331.5,18332,86,0,18318.86397
7/19/2023 5:30,18331.75,18333.75,18331.5,18333.25,37,0,18318.87573
7/19/2023 5:31,18332.75,18335.75,18331.5,18335.25,106,0,18318.91252
7/19/2023 5:32,18335,18335.75,18334.25,18335.75,71,0,18318.93881
7/19/2023 5:33,18335.25,18336.75,18334.25,18334.75,141,0,18318.99077
7/19/2023 5:34,18334.75,18337.25,18334,18336.75,128,0,18319.03982
7/19/2023 5:35,18336.75,18338.25,18335.25,18337.75,87,0,18319.07512
7/19/2023 5:36,18337.75,18343.75,18337.75,18343.5,288,0,18319.22046
7/19/2023 5:37,18343.75,18345,18342.25,18342.75,182,0,18319.3181
7/19/2023 5:38,18342.75,18346.75,18342,18346.25,160,0,18319.4092
7/19/2023 5:39,18346.5,18346.75,18345,18345.5,155,0,18319.4994
7/19/2023 5:40,18345.5,18345.75,18343,18344,112,0,18319.56049
7/19/2023 5:41,18343.5,18347.5,18342.25,18347.5,133,0,18319.63704
7/19/2023 5:42,18347,18353.75,18346.75,18350.25,563,0,18320.01114
7/19/2023 5:43,18350.25,18353.75,18350.25,18353,122,0,18320.09651
7/19/2023 5:44,18353.5,18353.5,18351,18352.25,170,0,18320.21441
7/19/2023 5:45,18352.25,18353,18350.5,18351.75,129,0,18320.30191
7/19/2023 5:46,18351.25,18352.25,18349.25,18351.75,80,0,18320.35479
7/19/2023 5:47,18351.5,18353.75,18351.25,18353,80,0,18320.4102
7/19/2023 5:48,18353.5,18357,18353,18354.5,218,0,18320.57031
7/19/2023 5:49,18355,18355,18353,18353.25,100,0,18320.64095
7/19/2023 5:50,18353,18356,18351.75,18353.75,188,0,18320.77328
7/19/2023 5:51,18353.5,18355.75,18352.25,18352.25,143,0,18320.87197
7/19/2023 5:52,18352.5,18354,18351.5,18353.5,62,0,18320.91403
7/19/2023 5:53,18353,18358,18353,18354.75,266,0,18321.10579
7/19/2023 5:54,18355,18357.75,18353,18354,165,0,18321.22252
7/19/2023 5:55,18354,18355.75,18354,18354.75,64,0,18321.26747
7/19/2023 5:56,18354.75,18354.75,18351.75,18351.75,80,0,18321.32001
7/19/2023 5:57,18352.25,18353,18351.5,18352,46,0,18321.34958
7/19/2023 5:58,18351.75,18352.75,18351,18351.5,87,0,18321.4046
7/19/2023 5:59,18351.25,18351.75,18349.5,18351.5,72,0,18321.44874
7/19/2023 6:00,18350.75,18351.5,18350.25,18351,36,0,18321.47076
7/19/2023 6:01,18351,18351.5,18347.75,18349,181,0,18321.57535
7/19/2023 6:02,18348.5,18350.75,18348.25,18349.75,61,0,18321.61064
7/19/2023 6:03,18349.25,18351.5,18348.25,18351.5,165,0,18321.70847
7/19/2023 6:04,18351,18351.25,18348.25,18348.5,69,0,18321.74764
7/19/2023 6:05,18349,18350.25,18347,18347,96,0,18321.79951
7/19/2023 6:06,18347.5,18350,18347.25,18349,86,0,18321.84697
7/19/2023 6:07,18348.5,18350.75,18347.5,18348.75,168,0,18321.94005
7/19/2023 6:08,18348.75,18349,18344,18344.5,193,0,18322.03379
7/19/2023 6:09,18344.5,18345.75,18342.5,18343.75,134,0,18322.09346
7/19/2023 6:10,18344,18344.75,18343.25,18344.25,50,0,18322.11572
7/19/2023 6:11,18344.75,18346,18344.25,18344.5,73,0,18322.14938
7/19/2023 6:12,18344.5,18345.75,18344,18344.75,52,0,18322.1732
7/19/2023 6:13,18344.5,18348.25,18344.5,18347.25,101,0,18322.22307
7/19/2023 6:14,18346.75,18346.75,18343.25,18344.5,130,0,18322.28217
7/19/2023 6:15,18344.25,18346,18344.25,18344.25,55,0,18322.30708
7/19/2023 6:16,18344.25,18344.25,18341.5,18342.25,110,0,18322.35196
7/19/2023 6:17,18342.75,18344,18342,18342.5,105,0,18322.39496
7/19/2023 6:18,18342.25,18343,18340.25,18340.5,142,0,18322.44835
7/19/2023 6:19,18340.25,18341.5,18338.25,18340.5,153,0,18322.50199
7/19/2023 6:20,18340.25,18340.75,18339,18339.5,74,0,18322.52733
7/19/2023 6:21,18339.75,18340,18339.25,18339.5,54,0,18322.54559
7/19/2023 6:22,18339.75,18340.25,18338,18338.75,67,0,18322.56742
7/19/2023 6:23,18339,18340,18338.25,18339.75,35,0,18322.57904
7/19/2023 6:24,18339.5,18339.75,18337.25,18338.75,65,0,18322.5996
7/19/2023 6:25,18338.5,18339.25,18336,18336.5,82,0,18322.6233
7/19/2023 6:26,18336,18339,18336,18338,74,0,18322.64524
7/19/2023 6:27,18338,18340.75,18337.5,18340.75,59,0,18322.665
7/19/2023 6:28,18340.5,18343,18340.5,18342.25,61,0,18322.68808
7/19/2023 6:29,18342.25,18343.25,18341.25,18342.75,110,0,18322.73065
7/19/2023 6:30,18342.75,18343.25,18342,18342.25,44,0,18322.7477
7/19/2023 6:31,18342.25,18343,18340.5,18341.75,104,0,18322.78635
7/19/2023 6:32,18342.75,18343.25,18341.75,18342.75,56,0,18322.80801
7/19/2023 6:33,18343,18343.75,18341,18341.75,80,0,18322.83821
7/19/2023 6:34,18341.25,18341.25,18338.5,18339.5,116,0,18322.87639
7/19/2023 6:35,18339.5,18341.25,18338.5,18341,53,0,18322.8943
7/19/2023 6:36,18340.75,18341.5,18339.5,18340.25,40,0,18322.90791
7/19/2023 6:37,18340,18341,18339.75,18341,30,0,18322.91821
7/19/2023 6:38,18340.5,18340.75,18337,18338,116,0,18322.95341
7/19/2023 6:39,18337.5,18338.75,18336.25,18337.25,87,0,18322.97774
7/19/2023 6:40,18337,18338.75,18336.75,18338,48,0,18322.99152
7/19/2023 6:41,18338.25,18341,18338,18340,123,0,18323.03105
7/19/2023 6:42,18339.75,18339.75,18335,18335.75,114,0,18323.06132
7/19/2023 6:43,18335.5,18336,18334.25,18335.25,75,0,18323.07875
7/19/2023 6:44,18334.75,18336.75,18334.25,18336.25,58,0,18323.09285
7/19/2023 6:45,18336,18337.25,18336,18337.25,32,0,18323.10128
7/19/2023 6:46,18337.5,18340.75,18337.25,18340.75,81,0,18323.12684
7/19/2023 6:47,18340.75,18343.75,18340.75,18343.25,137,0,18323.17773
7/19/2023 6:48,18342.5,18342.5,18338.75,18340.25,82,0,18323.20481
7/19/2023 6:49,18340.25,18342.5,18339.75,18342,35,0,18323.21695
7/19/2023 6:50,18342.25,18342.5,18339.75,18340,48,0,18323.23297
7/19/2023 6:51,18339.75,18341.25,18339,18340.25,78,0,18323.25807
7/19/2023 6:52,18340,18342,18339.5,18341.5,66,0,18323.28029
7/19/2023 6:53,18341.75,18345.25,18341.75,18344.25,160,0,18323.34227
7/19/2023 6:54,18344,18344.25,18342.25,18343,60,0,18323.36475
7/19/2023 6:55,18343,18346,18343,18344.75,109,0,18323.40838
7/19/2023 6:56,18344.25,18348.75,18344,18347.25,198,0,18323.49492
7/19/2023 6:57,18346.5,18348.75,18346.5,18348.5,42,0,18323.51418
7/19/2023 6:58,18348,18349.75,18348,18349.25,67,0,18323.5462
7/19/2023 6:59,18349.75,18350.5,18348.25,18348.5,141,0,18323.61355
7/19/2023 7:00,18348.25,18353.75,18348.25,18353.25,276,0,18323.75806
7/19/2023 7:01,18353.5,18354,18350.75,18352,198,0,18323.86265
7/19/2023 7:02,18352.5,18356,18351.75,18354.5,231,0,18323.99153
7/19/2023 7:03,18354.75,18356.25,18354.5,18355,128,0,18324.06522
7/19/2023 7:04,18355.5,18357,18353.25,18353.75,144,0,18324.14616
7/19/2023 7:05,18353.5,18353.5,18352,18352.75,107,0,18324.20227
7/19/2023 7:06,18353.25,18354,18352,18352,80,0,18324.24396
7/19/2023 7:07,18352.25,18352.5,18347.25,18347.75,201,0,18324.33532
7/19/2023 7:08,18347.75,18349.25,18347,18348.75,100,0,18324.37901
7/19/2023 7:09,18349,18349,18346.5,18346.5,60,0,18324.40406
7/19/2023 7:10,18346.75,18347.25,18345.5,18346.75,125,0,18324.45418
7/19/2023 7:11,18346.75,18348.5,18345.5,18345.5,80,0,18324.48613
7/19/2023 7:12,18345.25,18346.5,18344.25,18344.5,128,0,18324.53379
7/19/2023 7:13,18344.5,18345.75,18343.5,18344.25,101,0,18324.57017
7/19/2023 7:14,18344,18344.5,18341.5,18343,178,0,18324.62918
7/19/2023 7:15,18343.25,18344.25,18341.75,18342,154,0,18324.679
7/19/2023 7:16,18341.75,18342.75,18339.5,18340.25,173,0,18324.72897
7/19/2023 7:17,18340.75,18342.75,18339,18339.25,200,0,18324.78457
7/19/2023 7:18,18339.5,18341.5,18338.25,18341.25,205,0,18324.84116
7/19/2023 7:19,18341.25,18341.5,18337,18338.75,211,0,18324.8943
7/19/2023 7:20,18339,18339,18336.5,18337.25,145,0,18324.92676
7/19/2023 7:21,18337,18337.75,18334.5,18335.5,238,0,18324.97271
7/19/2023 7:22,18335.25,18340.25,18335,18339.25,367,0,18325.05722
7/19/2023 7:23,18339.5,18341.25,18338.25,18340.75,205,0,18325.1108
7/19/2023 7:24,18340.75,18343,18340.25,18341.5,268,0,18325.18722
7/19/2023 7:25,18341.25,18341.25,18338.25,18340,190,0,18325.23523
7/19/2023 7:26,18340,18340.75,18332.25,18335.5,679,0,18325.36182
7/19/2023 7:27,18335,18343,18333.75,18341.5,494,0,18325.47924
7/19/2023 7:28,18341.5,18342.5,18340.25,18340.25,124,0,18325.51173
7/19/2023 7:29,18340,18344,18340,18343.25,309,0,18325.59943
7/19/2023 7:30,18343.5,18348,18342.5,18346.75,320,0,18325.70711
7/19/2023 7:31,18347.25,18348.75,18345.5,18346.25,364,0,18325.83475
7/19/2023 7:32,18346.5,18346.5,18341.5,18343.75,292,0,18325.92197
7/19/2023 7:33,18343.75,18345.5,18343.25,18344.25,141,0,18325.96475
7/19/2023 7:34,18343.5,18345.75,18341.5,18345.75,175,0,18326.01757
7/19/2023 7:35,18345.75,18345.75,18343,18343.5,111,0,18326.05046
7/19/2023 7:36,18343.25,18346.5,18342.5,18346.5,172,0,18326.10425
7/19/2023 7:37,18346.5,18346.75,18344.5,18345,97,0,18326.13484
7/19/2023 7:38,18344.75,18347.25,18344.75,18346.25,121,0,18326.17418
7/19/2023 7:39,18347,18347.75,18343.75,18344.25,154,0,18326.22194
7/19/2023 7:40,18343.75,18344.75,18340.75,18341,150,0,18326.26073
7/19/2023 7:41,18340.75,18342,18339.5,18342,113,0,18326.288
7/19/2023 7:42,18341.75,18341.75,18339,18340.5,169,0,18326.32654
7/19/2023 7:43,18340.5,18342.5,18338.5,18338.5,183,0,18326.36633
7/19/2023 7:44,18338.25,18338.25,18334,18334.75,260,0,18326.40509
7/19/2023 7:45,18334.5,18338,18334.5,18337.75,100,0,18326.42165
7/19/2023 7:46,18337.5,18338,18335.75,18335.75,81,0,18326.4347
7/19/2023 7:47,18336,18336.25,18330,18331.25,288,0,18326.46249
7/19/2023 7:48,18331.75,18334.75,18331,18334.25,124,0,18326.47602
7/19/2023 7:49,18334,18335.25,18334,18334.75,49,0,18326.48239
7/19/2023 7:50,18334.75,18336.75,18334.75,18335.75,53,0,18326.49017
7/19/2023 7:51,18335.75,18339,18335.5,18338.5,167,0,18326.51968
7/19/2023 7:52,18338.75,18340.75,18336.75,18340.25,170,0,18326.55381
7/19/2023 7:53,18340.5,18342.25,18338,18338,167,0,18326.58759
7/19/2023 7:54,18338.5,18340.5,18338,18340,118,0,18326.61151
7/19/2023 7:55,18339.75,18340.75,18339.25,18339.75,42,0,18326.62028
7/19/2023 7:56,18339.75,18341.25,18339.5,18340.25,53,0,18326.63167
7/19/2023 7:57,18341,18341.75,18340,18340.5,60,0,18326.64494
7/19/2023 7:58,18341,18342.25,18340,18341.5,69,0,18326.6607
7/19/2023 7:59,18341.25,18342,18340.25,18340.25,53,0,18326.67244
7/19/2023 8:00,18340,18341.25,18339.75,18340.25,70,0,18326.68746
7/19/2023 8:01,18340.75,18342.5,18339.75,18340.5,211,0,18326.73419
7/19/2023 8:02,18340,18343,18338.75,18342.25,201,0,18326.77971
7/19/2023 8:03,18342.75,18342.75,18340.5,18340.5,91,0,18326.80011
7/19/2023 8:04,18340.5,18343.25,18340.5,18341.5,110,0,18326.82554
7/19/2023 8:05,18341.5,18346.25,18341,18346,165,0,18326.87032
7/19/2023 8:06,18345.75,18346.75,18345,18346.25,162,0,18326.918
7/19/2023 8:07,18346.75,18348.5,18346.25,18348.5,174,0,18326.97363
7/19/2023 8:08,18348,18349.75,18345.75,18346.25,241,0,18327.04835
7/19/2023 8:09,18346.25,18348,18346.25,18346.75,83,0,18327.07363
7/19/2023 8:10,18347.5,18347.5,18344.75,18345.5,149,0,18327.11641
7/19/2023 8:11,18345.5,18348,18345,18347.5,211,0,18327.17959
7/19/2023 8:12,18347.5,18348,18346.25,18347.75,125,0,18327.21778
7/19/2023 8:13,18347.5,18347.75,18345.5,18347.75,155,0,18327.26415
7/19/2023 8:14,18347.5,18350.5,18346.75,18349.5,141,0,18327.31022
7/19/2023 8:15,18349.5,18351.5,18348,18349,244,0,18327.39162
7/19/2023 8:16,18348.75,18349,18348.25,18348.5,122,0,18327.43042
7/19/2023 8:17,18348.25,18353,18348.25,18351.75,317,0,18327.54202
7/19/2023 8:18,18351.5,18352.75,18350,18351.75,201,0,18327.61373
7/19/2023 8:19,18351.25,18353.25,18350,18352,218,0,18327.69184
7/19/2023 8:20,18351.5,18352,18350.5,18350.5,100,0,18327.72638
7/19/2023 8:21,18350.25,18350.25,18347.5,18347.5,250,0,18327.80277
7/19/2023 8:22,18347.5,18350,18347,18348.75,140,0,18327.84564
7/19/2023 8:23,18348.75,18349.25,18346.75,18347.25,141,0,18327.88691
7/19/2023 8:24,18347,18347.25,18344.75,18345,249,0,18327.95178
7/19/2023 8:25,18345.5,18348,18345.5,18347,142,0,18327.99098
7/19/2023 8:26,18346.75,18349,18345.5,18349,152,0,18328.03499
7/19/2023 8:27,18348.75,18349.75,18348,18349.75,116,0,18328.07069
7/19/2023 8:28,18349.75,18350.25,18348.25,18349,83,0,18328.09616
7/19/2023 8:29,18348.75,18350.25,18347.5,18347.5,114,0,18328.1298
7/19/2023 8:30,18347.5,18348.5,18346.25,18348.5,152,0,18328.17302
7/19/2023 8:31,18348.5,18350.75,18345.75,18346.75,323,0,18328.26422
7/19/2023 8:32,18347,18349.25,18346,18349,342,0,18328.36151
7/19/2023 8:33,18348.5,18350.75,18346,18350.25,571,0,18328.52928
7/19/2023 8:34,18350.25,18351.75,18348.25,18351.75,227,0,18328.60032
7/19/2023 8:35,18351.75,18352.25,18350.5,18350.75,160,0,18328.65143
7/19/2023 8:36,18351.25,18351.25,18348.25,18349.5,150,0,18328.69597
7/19/2023 8:37,18349.75,18350,18347.25,18349.25,419,0,18328.81448
7/19/2023 8:38,18349,18353.75,18348,18353.5,470,0,18328.96488
7/19/2023 8:39,18353.25,18354.5,18351.5,18352,234,0,18329.04202
7/19/2023 8:40,18351.75,18355.5,18351.5,18355.25,202,0,18329.11217
7/19/2023 8:41,18355,18356.5,18353.5,18354.5,310,0,18329.22228
7/19/2023 8:42,18354.75,18355,18352.5,18354.25,175,0,18329.28181
7/19/2023 8:43,18354,18359.75,18354,18359.25,394,0,18329.43504
7/19/2023 8:44,18359,18361.25,18357,18357.75,314,0,18329.56026
7/19/2023 8:45,18357.25,18357.75,18356.25,18356.5,139,0,18329.61188
7/19/2023 8:46,18356.5,18356.5,18354.25,18355,180,0,18329.67457
7/19/2023 8:47,18355,18356.5,18354.75,18355.75,166,0,18329.73305
7/19/2023 8:48,18355.5,18355.75,18353,18353,147,0,18329.78113
7/19/2023 8:49,18353,18353,18348.25,18349.5,502,0,18329.91918
7/19/2023 8:50,18349.5,18352.75,18349.5,18352.75,189,0,18329.97426
7/19/2023 8:51,18353.25,18356.5,18351.75,18356.5,188,0,18330.03694
7/19/2023 8:52,18356.25,18360.25,18353.75,18358.25,413,0,18330.18727
7/19/2023 8:53,18358,18361,18357.25,18360.75,250,0,18330.28492
7/19/2023 8:54,18360.25,18360.5,18358,18359,100,0,18330.32313
7/19/2023 8:55,18358.5,18362.75,18357.5,18361.5,285,0,18330.43682
7/19/2023 8:56,18361.75,18363,18360.75,18361.75,221,0,18330.52803
7/19/2023 8:57,18362,18362,18357.25,18360.5,354,0,18330.66414
7/19/2023 8:58,18360,18360.25,18354.75,18355.5,290,0,18330.76305
7/19/2023 8:59,18355.5,18356,18353.25,18354,184,0,18330.81965
7/19/2023 9:00,18354.25,18358,18351.5,18358,407,0,18330.95132
7/19/2023 9:01,18357.5,18358,18353.5,18353.5,295,0,18331.04274
7/19/2023 9:02,18353.5,18358.5,18353,18357.75,211,0,18331.11153
7/19/2023 9:03,18358.25,18359,18355.25,18358.25,208,0,18331.18188
7/19/2023 9:04,18358.25,18358.5,18356.5,18358,115,0,18331.22085
7/19/2023 9:05,18358.25,18358.5,18354,18355.75,298,0,18331.31531
7/19/2023 9:06,18355.75,18356,18353,18354.25,160,0,18331.36233
7/19/2023 9:07,18354,18356.25,18353.75,18355.25,176,0,18331.41533
7/19/2023 9:08,18356.25,18359.5,18354.5,18357.75,341,0,18331.52668
7/19/2023 9:09,18357.5,18359.25,18356.25,18359.25,190,0,18331.5907
7/19/2023 9:10,18359,18360.25,18358,18360,197,0,18331.65965
7/19/2023 9:11,18360.5,18361,18358.5,18359.75,209,0,18331.7333
7/19/2023 9:12,18359.25,18359.5,18356.25,18358.25,169,0,18331.78887
7/19/2023 9:13,18358.25,18359.5,18357.75,18358.75,92,0,18331.81979
7/19/2023 9:14,18359,18361,18358.75,18360,182,0,18331.88358
7/19/2023 9:15,18360,18362.75,18359.25,18362.75,177,0,18331.94902
7/19/2023 9:16,18362.5,18363,18358,18359.75,289,0,18332.05047
7/19/2023 9:17,18359.5,18360.25,18355.5,18358,334,0,18332.15718
7/19/2023 9:18,18358.5,18361.25,18358.5,18361,176,0,18332.21812
7/19/2023 9:19,18360.5,18362.5,18360,18362.25,229,0,18332.30077
7/19/2023 9:20,18362.5,18362.5,18360.25,18361.5,191,0,18332.36896
7/19/2023 9:21,18361.25,18364.25,18361,18361.75,273,0,18332.46893
7/19/2023 9:22,18361.75,18363.25,18361.5,18363,151,0,18332.5244
7/19/2023 9:23,18363.25,18365.75,18363,18364.5,309,0,18332.64417
7/19/2023 9:24,18364.5,18365,18362.25,18362.75,235,0,18332.73156
7/19/2023 9:25,18363,18363.25,18359,18359.5,229,0,18332.80864
7/19/2023 9:26,18359.5,18362.75,18357.75,18360.5,348,0,18332.92391
7/19/2023 9:27,18360.25,18362,18360.25,18361.75,207,0,18332.9945
7/19/2023 9:28,18362,18363.25,18356.75,18357.5,431,0,18333.12921
7/19/2023 9:29,18357.75,18363.5,18357.25,18363.5,386,0,18333.25901
7/19/2023 9:30,18363.25,18363.75,18357.5,18361.25,1156,0,18333.6328
7/19/2023 9:31,18361,18371.5,18356.5,18369.75,5077,18365.91667,18335.44681
7/19/2023 9:32,18369.5,18383,18360,18364,5719,18367.55001,18337.44413
7/19/2023 9:33,18364,18373.25,18357.75,18359.75,3312,18366.61879,18338.31521
7/19/2023 9:34,18359.75,18360,18347.25,18347.75,3933,18363.35918,18338.82346
7/19/2023 9:35,18347.5,18347.75,18325.75,18334.5,4757,18357.65045,18338.69918
7/19/2023 9:36,18334.75,18345.25,18329.5,18334.25,3529,18354.793,18338.62437
7/19/2023 9:37,18334.75,18346,18329.5,18345.25,3063,18353.27734,18338.6678
7/19/2023 9:38,18345.5,18363.25,18344.75,18356.5,4215,18353.4725,18339.24094
7/19/2023 9:39,18357,18360.75,18351.75,18359.75,1987,18353.6927,18339.53974
7/19/2023 9:40,18359.75,18366.75,18351.5,18366,2638,18354.22568,18340.00701
7/19/2023 9:41,18366.25,18376.75,18361.5,18372.25,3618,18355.60387,18340.86535
7/19/2023 9:42,18372.25,18385.25,18371,18383.25,3492,18357.46997,18341.90714
7/19/2023 9:43,18383,18384,18368.75,18371.25,2728,18358.44594,18342.57733
7/19/2023 9:44,18371,18380,18369.5,18374.5,1894,18359.06084,18343.02674
7/19/2023 9:45,18374,18374,18360.25,18361.25,2611,18359.36409,18343.44608
7/19/2023 9:46,18361.25,18365.75,18357.5,18364.5,2365,18359.50267,18343.76887
7/19/2023 9:47,18364.5,18366,18353.5,18357.5,2205,18359.48327,18344.00468
7/19/2023 9:48,18357.75,18359.75,18342.5,18349.75,2775,18359.07495,18344.132
7/19/2023 9:49,18349.5,18355.5,18344.25,18355,2305,18358.79743,18344.24845
7/19/2023 9:50,18355.5,18358.25,18345,18347.25,2373,18358.48037,18344.34215
7/19/2023 9:51,18347.75,18350,18335.75,18343,3220,18357.74138,18344.31217
7/19/2023 9:52,18343,18347.75,18336,18336.75,2261,18357.17434,18344.25184
7/19/2023 9:53,18337,18341.75,18331,18336,2160,18356.54867,18344.14211
7/19/2023 9:54,18336.5,18352,18335.5,18351,2035,18356.26421,18344.16793
7/19/2023 9:55,18351.25,18352,18342.5,18344.25,1919,18356.01199,18344.19267
7/19/2023 9:56,18344.25,18344.75,18328.5,18332.5,3216,18355.17112,18344.01804
7/19/2023 9:57,18332.25,18341.75,18329.5,18334.5,1941,18354.69579,18343.9159
7/19/2023 9:58,18334.25,18347.5,18333.5,18347,1706,18354.44871,18343.90324
7/19/2023 9:59,18346.5,18351.75,18345,18351,1891,18354.33297,18343.96264
7/19/2023 10:00,18350.75,18352.5,18346,18350.5,1351,18354.25992,18344.00755
7/19/2023 10:01,18350.75,18354.25,18338.75,18341,2421,18353.99813,18344.01672
7/19/2023 10:02,18340.75,18354.75,18337.25,18353.5,2261,18353.86149,18344.07424
7/19/2023 10:03,18353.5,18362.75,18352.75,18360.5,2289,18353.97942,18344.26131
7/19/2023 10:04,18360.25,18360.5,18350.5,18357,1755,18354.01674,18344.37558
7/19/2023 10:05,18356.75,18358,18346,18348.5,1371,18353.97146,18344.42431
7/19/2023 10:06,18348.25,18357.25,18343.25,18350.25,2067,18353.89334,18344.48985
7/19/2023 10:07,18350.5,18350.5,18337,18340,2263,18353.63736,18344.46564
7/19/2023 10:08,18340,18347.5,18338.75,18343,1321,18353.50073,18344.45589
7/19/2023 10:09,18343.25,18346.25,18337,18339,1289,18353.34167,18344.43056
7/19/2023 10:10,18339.25,18343.5,18337,18340.25,949,18353.22254,18344.40963
7/19/2023 10:11,18340.5,18351,18338.25,18346,2089,18353.06269,18344.41698
7/19/2023 10:12,18346,18356.25,18343.5,18352.25,1755,18353.0238,18344.47369
7/19/2023 10:13,18352.25,18353.25,18346,18347,1214,18352.97635,18344.50036
7/19/2023 10:14,18347.5,18347.5,18338.5,18338.75,1490,18352.82318,18344.4782
7/19/2023 10:15,18339.25,18343.5,18331.5,18333.25,1975,18352.5301,18344.3945
7/19/2023 10:16,18333.25,18336.5,18319.25,18321.75,3718,18351.67826,18344.05253
7/19/2023 10:17,18321.5,18330.25,18319.75,18326.75,2023,18351.23295,18343.86922
7/19/2023 10:18,18327,18330,18323.75,18325,1230,18350.9764,18343.76353
7/19/2023 10:19,18325.25,18340.75,18323.75,18340.5,2146,18350.69519,18343.67276
7/19/2023 10:20,18340.5,18341.75,18336,18337.25,1623,18350.53279,18343.63126
7/19/2023 10:21,18337.5,18347.5,18336.5,18343.5,1794,18350.41782,18343.62163
7/19/2023 10:22,18343.5,18344.5,18340,18343.25,1293,18350.33782,18343.61529
7/19/2023 10:23,18343.75,18345,18340,18340.5,846,18350.28138,18343.60821
7/19/2023 10:24,18340.75,18344.25,18334.5,18343.75,1467,18350.17389,18343.5892
7/19/2023 10:25,18343.75,18356.25,18342.75,18353,1945,18350.18121,18343.65289
7/19/2023 10:26,18352.75,18355.75,18348.5,18350,1171,18350.19217,18343.69472
7/19/2023 10:27,18349.75,18359,18344,18358.25,1896,18350.24253,18343.78168
7/19/2023 10:28,18357.75,18357.75,18347,18347.5,1494,18350.24812,18343.82884
7/19/2023 10:29,18347.75,18354,18344.5,18351,1354,18350.24402,18343.86545
7/19/2023 10:30,18351,18351.25,18333,18333.5,2497,18350.04695,18343.81413
7/19/2023 10:31,18333.75,18341.75,18333,18336.25,1789,18349.88152,18343.76028
7/19/2023 10:32,18335.75,18344,18331.25,18339.5,2218,18349.7015,18343.70681
7/19/2023 10:33,18339.75,18344.25,18337.25,18344,1056,18349.64394,18343.6982
7/19/2023 10:34,18344,18346.25,18338.75,18342.75,1126,18349.5893,18343.69276
7/19/2023 10:35,18342.75,18345.75,18334.75,18343.5,1416,18349.50972,18343.67837
7/19/2023 10:36,18343.75,18349.5,18339.75,18348.25,1140,18349.48141,18343.6889
7/19/2023 10:37,18348.25,18349,18341.25,18346,1114,18349.45105,18343.69711
7/19/2023 10:38,18345.75,18352,18339.75,18347,1534,18349.41847,18343.7137
7/19/2023 10:39,18347.5,18362.25,18346.75,18360.25,2494,18349.5324,18343.84656
7/19/2023 10:40,18361,18363.75,18357,18362.75,1784,18349.66633,18343.97517
7/19/2023 10:41,18362.75,18367.25,18358,18366.25,1790,18349.8281,18344.12203
7/19/2023 10:42,18366.25,18374.5,18365.5,18373.75,2639,18350.18275,18344.41462
7/19/2023 10:43,18373.75,18381,18371.25,18380.25,1994,18350.52025,18344.68207
7/19/2023 10:44,18380.25,18387,18380.25,18386,2484,18351.03403,18345.0782
7/19/2023 10:45,18385.75,18390.75,18384.25,18385.25,2403,18351.55017,18345.47627
7/19/2023 10:46,18385,18390,18382.5,18388.25,1808,18351.93058,18345.77198
7/19/2023 10:47,18388,18388,18378.75,18380,1543,18352.20636,18345.99278
7/19/2023 10:48,18379.75,18379.75,18368.5,18373.75,2209,18352.48652,18346.2334
7/19/2023 10:49,18373.75,18380.25,18371.25,18378.5,1259,18352.66238,18346.38169
7/19/2023 10:50,18378.5,18381.75,18370.75,18373.25,1929,18352.91132,18346.59562
7/19/2023 10:51,18373,18377.5,18369.25,18375.25,1410,18353.07985,18346.74326
7/19/2023 10:52,18375,18379,18373.5,18378.75,921,18353.20449,18346.84965
7/19/2023 10:53,18378.5,18392,18376.5,18389.75,2288,18353.62323,18347.18849
7/19/2023 10:54,18389.75,18390,18381.5,18382,1516,18353.88161,18347.40078
7/19/2023 10:55,18382,18382.75,18342.75,18348.5,4782,18353.98752,18347.58765
7/19/2023 10:56,18349,18350.5,18321.25,18333.5,4991,18353.49338,18347.36171
7/19/2023 10:57,18332.5,18345,18323.75,18343.25,3408,18353.21,18347.23949
7/19/2023 10:58,18343.25,18356.75,18343.25,18354.75,2960,18353.1856,18347.28499
7/19/2023 10:59,18354.75,18354.75,18345,18346,1727,18353.14567,18347.29288
7/19/2023 11:00,18346.25,18353.5,18344.75,18349.25,1349,18353.11888,18347.30172
7/19/2023 11:01,18349.25,18356,18343.5,18351.75,2147,18353.09023,18347.32496
7/19/2023 11:02,18351.25,18352.5,18339,18346.25,2123,18353.01582,18347.31465
7/19/2023 11:03,18346.5,18354.5,18342.75,18352.75,1204,18352.99818,18347.32575
7/19/2023 11:04,18353,18356.25,18351,18354.25,1028,18353.00233,18347.34865
7/19/2023 11:05,18353.75,18354,18347.5,18349.5,907,18352.99068,18347.35789
7/19/2023 11:06,18349.5,18359.25,18349,18356.5,1237,18353.00208,18347.38966
7/19/2023 11:07,18356.75,18362,18351.75,18357.25,1327,18353.0273,18347.4328
7/19/2023 11:08,18357.25,18363.75,18355.5,18363.25,883,18353.05993,18347.4727
7/19/2023 11:09,18363,18365.75,18358.75,18360.5,1127,18353.1056,18347.52645
7/19/2023 11:10,18360,18364.75,18356.25,18362.75,1095,18353.14738,18347.57675
7/19/2023 11:11,18362.5,18365.75,18359.25,18365.5,932,18353.19238,18347.62627
7/19/2023 11:12,18365.25,18371.25,18362.75,18370,1303,18353.28184,18347.71448
7/19/2023 11:13,18370,18385.25,18366.75,18385.25,2406,18353.56647,18347.96325
7/19/2023 11:14,18385,18385,18378.75,18381.5,1590,18353.77044,18348.1394
7/19/2023 11:15,18381.25,18390.5,18377.25,18390.25,1954,18354.05457,18348.38044
7/19/2023 11:16,18389.75,18391,18385.25,18388.75,1920,18354.34896,18348.62881
7/19/2023 11:17,18389,18395,18385,18385.5,2428,18354.71587,18348.93982
7/19/2023 11:18,18385.25,18389.75,18383.5,18389.75,1281,18354.90159,18349.09854
7/19/2023 11:19,18389.25,18397.25,18386.5,18396.75,2298,18355.28796,18349.42261
7/19/2023 11:20,18396.75,18397,18386.5,18386.75,1194,18355.46799,18349.57623
7/19/2023 11:21,18386.5,18387.5,18379,18387.25,2143,18355.73588,18349.812
7/19/2023 11:22,18387,18387.75,18375.5,18380,1865,18355.93723,18349.99422
7/19/2023 11:23,18380,18382.5,18377.25,18377.75,889,18356.02486,18350.07503
7/19/2023 11:24,18377.75,18379,18361.75,18363.25,1891,18356.12019,18350.18003
7/19/2023 11:25,18362.75,18377.25,18362.75,18370,2105,18356.2421,18350.30842
7/19/2023 11:26,18370.5,18379,18367.75,18378.5,1241,18356.33916,18350.40268
7/19/2023 11:27,18378.5,18383.75,18377.5,18378,1001,18356.43603,18350.49247
7/19/2023 11:28,18378.75,18383,18376,18382,657,18356.50076,18350.55227
7/19/2023 11:29,18382.25,18385.25,18380.75,18383.5,848,18356.59366,18350.63642
7/19/2023 11:30,18384,18385.25,18378.5,18380,652,18356.65953,18350.69703
7/19/2023 11:31,18380.25,18384.5,18376.5,18382,995,18356.75836,18350.7883
7/19/2023 11:32,18381.25,18387.25,18379,18382.75,976,18356.86246,18350.88319
7/19/2023 11:33,18382.75,18390.5,18382,18387.5,1176,18357.00425,18351.00976
7/19/2023 11:34,18387.5,18391.25,18385.25,18390,651,18357.08784,18351.08367
7/19/2023 11:35,18390,18398,18388.5,18397,1427,18357.30201,18351.26886
7/19/2023 11:36,18396.75,18398,18387.5,18389.75,1513,18357.50982,18351.4511
7/19/2023 11:37,18389.75,18393.75,18383.75,18390.25,1295,18357.67287,18351.59619
7/19/2023 11:38,18390,18390,18379.25,18386,1011,18357.78236,18351.69624
7/19/2023 11:39,18385.25,18389.25,18381.5,18388.75,737,18357.86574,18351.77188
7/19/2023 11:40,18389,18390.75,18377.75,18379,1440,18358.0047,18351.90181
7/19/2023 11:41,18379.25,18384.5,18376.25,18384.5,1082,18358.10492,18351.99634
7/19/2023 11:42,18384.5,18385,18377,18379.75,707,18358.16674,18352.05538
7/19/2023 11:43,18379.75,18381,18376.75,18378.75,482,18358.20542,18352.09303
7/19/2023 11:44,18378.5,18380.75,18373,18379.5,974,18358.27905,18352.16572
7/19/2023 11:45,18379,18379,18369.5,18378.25,1453,18358.37576,18352.26427
7/19/2023 11:46,18378.25,18384.75,18375,18384.5,906,18358.45578,18352.34057
7/19/2023 11:47,18384,18385.75,18379.25,18384.75,710,18358.52308,18352.40384
7/19/2023 11:48,18384.75,18384.75,18377.5,18379.25,675,18358.57964,18352.4584
7/19/2023 11:49,18379.25,18381.25,18373.75,18379.75,701,18358.63207,18352.51032
7/19/2023 11:50,18379.75,18383.5,18378.5,18382.75,455,18358.67171,18352.54826
7/19/2023 11:51,18383.25,18390,18383,18384.75,1129,18358.78798,18352.65594
7/19/2023 11:52,18385.25,18386.5,18379.5,18382.5,826,18358.86283,18352.72703
7/19/2023 11:53,18382.5,18384.75,18378.75,18381,772,18358.92849,18352.79024
7/19/2023 11:54,18381,18384.5,18380,18381,633,18358.98283,18352.84245
7/19/2023 11:55,18381.25,18387.25,18381,18386.5,751,18359.05563,18352.91073
7/19/2023 11:56,18386.75,18388.75,18383,18384.25,849,18359.13876,18352.98856
7/19/2023 11:57,18384,18384,18364,18368.25,1640,18359.21738,18353.0767
7/19/2023 11:58,18368.25,18375,18367.25,18372,1077,18359.26584,18353.13212
7/19/2023 11:59,18372.25,18373.5,18369,18373,739,18359.30001,18353.17082
7/19/2023 12:00,18372.5,18375.5,18369.75,18374,757,18359.33828,18353.21294
7/19/2023 12:01,18373.5,18377.75,18372.5,18376,760,18359.38298,18353.25999
7/19/2023 12:02,18376.5,18377.75,18371.5,18376.75,600,18359.41792,18353.29686
7/19/2023 12:03,18377.25,18377.25,18374,18374.75,329,18359.43701,18353.31702
7/19/2023 12:04,18375,18404.25,18372,18387.75,5711,18360.01959,18353.85928
7/19/2023 12:05,18387.5,18411,18380.5,18383.25,5960,18360.67745,18354.46492
7/19/2023 12:06,18383.5,18403,18382.75,18393.75,3544,18361.07518,18354.8309
7/19/2023 12:07,18394,18395.5,18379.5,18394.5,3983,18361.46546,18355.19898
7/19/2023 12:08,18394,18406.5,18393.75,18399.5,3544,18361.92424,18355.61351
7/19/2023 12:09,18399.25,18406.25,18396.5,18400.75,2327,18362.22929,18355.8891
7/19/2023 12:10,18401.25,18409.25,18383.75,18392.25,3483,18362.60715,18356.24084
7/19/2023 12:11,18392.25,18395.75,18388,18393.75,1820,18362.78573,18356.41007
7/19/2023 12:12,18394,18398,18389.25,18395,1942,18362.98396,18356.59677
7/19/2023 12:13,18395.75,18396.75,18380.25,18395.5,2554,18363.21403,18356.81845
7/19/2023 12:14,18396,18396,18378,18381.5,2247,18363.37244,18356.97903
7/19/2023 12:15,18382.25,18386.25,18376.25,18385,1714,18363.47714,18357.08883
7/19/2023 12:16,18385.5,18385.5,18368.25,18370.5,2105,18363.55242,18357.18166
7/19/2023 12:17,18370.5,18373,18356.25,18360.25,2722,18363.54912,18357.22206
7/19/2023 12:18,18359.5,18363.5,18352.5,18356.5,1961,18363.51204,18357.2234
7/19/2023 12:19,18356.75,18365.5,18355.75,18360.5,1449,18363.49883,18357.23538
7/19/2023 12:20,18360.75,18370,18360,18364.25,1461,18363.5045,18357.26228
7/19/2023 12:21,18364.5,18369.75,18361.5,18366.75,1312,18363.5146,18357.29028
7/19/2023 12:22,18366.25,18366.5,18341.25,18344.5,3069,18363.39487,18357.24162
7/19/2023 12:23,18344.75,18349,18333.25,18335.25,2658,18363.19963,18357.12589
7/19/2023 12:24,18335.75,18343.25,18324,18340.5,3422,18362.9195,18356.95249
7/19/2023 12:25,18340.25,18341.75,18328.75,18332.25,1693,18362.7746,18356.86103
7/19/2023 12:26,18331.75,18333,18310,18322.5,4102,18362.2793,18356.52243
7/19/2023 12:27,18322.5,18327,18317,18321.25,1709,18362.07604,18356.38295
7/19/2023 12:28,18322,18340,18321.75,18338,1997,18361.9081,18356.27503
7/19/2023 12:29,18338.5,18342.75,18328.25,18330.5,1802,18361.76128,18356.18095
7/19/2023 12:30,18330.75,18331.5,18324.75,18326.75,1386,18361.6247,18356.0893
7/19/2023 12:31,18326.75,18327.5,18314,18317,2137,18361.36609,18355.90888
7/19/2023 12:32,18317.5,18318,18299.25,18303,3123,18360.88046,18355.55717
7/19/2023 12:33,18303.5,18314.75,18301,18314.25,1963,18360.59767,18355.35321
7/19/2023 12:34,18314.75,18329,18313.75,18328,2104,18360.37847,18355.20149
7/19/2023 12:35,18327.75,18335.5,18324.5,18335.5,1911,18360.22576,18355.10057
7/19/2023 12:36,18335.5,18338.75,18332,18337.25,1323,18360.13636,18355.04363
7/19/2023 12:37,18337,18338.25,18326.5,18327.75,1333,18360.02781,18354.97113
7/19/2023 12:38,18328,18329.75,18311.5,18320.25,1765,18359.83489,18354.83499
7/19/2023 12:39,18319.75,18321.75,18313,18320.5,1166,18359.70177,18354.74021
7/19/2023 12:40,18320.5,18321,18305.5,18308.25,1848,18359.4579,18354.56295
7/19/2023 12:41,18308,18308,18296,18305,2735,18359.03759,18354.2514
7/19/2023 12:42,18304.75,18316.5,18302.75,18315.25,1626,18358.82811,18354.09838
7/19/2023 12:43,18315.25,18316.75,18306.75,18314.75,1236,18358.67428,18353.98618
7/19/2023 12:44,18314.5,18317,18304.5,18316,896,18358.56281,18353.90474
7/19/2023 12:45,18316,18318,18312.5,18316.25,813,18358.46886,18353.83659
7/19/2023 12:46,18316.25,18326,18311.75,18324.5,1426,18358.3248,18353.73372
7/19/2023 12:47,18324.25,18325.25,18313.5,18316.75,1174,18358.19997,18353.64377
7/19/2023 12:48,18317,18318,18308.25,18309.25,1038,18358.07183,18353.5496
7/19/2023 12:49,18309.25,18316,18308,18315.75,1011,18357.9515,18353.46138
7/19/2023 12:50,18315.5,18318,18308.75,18309.5,847,18357.84857,18353.38564
7/19/2023 12:51,18310,18319.5,18305.25,18315,1343,18357.69044,18353.26949
7/19/2023 12:52,18314.75,18322.75,18314.25,18320.5,1085,18357.58041,18353.18994
7/19/2023 12:53,18320.25,18329.75,18317.75,18327.75,1300,18357.46957,18353.1116
7/19/2023 12:54,18327.75,18328,18322,18325.75,693,18357.4111,18353.07027
7/19/2023 12:55,18325.5,18327.75,18321.75,18325.25,568,18357.36284,18353.03608
7/19/2023 12:56,18325.25,18327,18320,18320,751,18357.29418,18352.98686
7/19/2023 12:57,18320.25,18322.75,18316,18320.75,860,18357.2103,18352.92611
7/19/2023 12:58,18321.5,18323.5,18314.5,18320.75,824,18357.12974,18352.86767
7/19/2023 12:59,18321,18322.5,18319,18320,439,18357.088,18352.83747
7/19/2023 13:00,18319.75,18323.75,18318.25,18323,673,18357.02624,18352.79296
7/19/2023 13:01,18322.75,18324.75,18319.25,18320.25,792,18356.95332,18352.74032
7/19/2023 13:02,18320.25,18327.5,18318.5,18324.5,875,18356.87781,18352.68621
7/19/2023 13:03,18324.25,18326,18311.25,18318.25,1580,18356.72202,18352.57238
7/19/2023 13:04,18319,18322.75,18316.25,18318,651,18356.65903,18352.52638
7/19/2023 13:05,18318.75,18318.75,18304.25,18304.5,983,18356.53959,18352.43687
7/19/2023 13:06,18304.5,18304.5,18294.75,18295.75,2007,18356.24223,18352.20977
7/19/2023 13:07,18295.25,18302.75,18289.75,18290.25,2241,18355.89062,18351.93938
7/19/2023 13:08,18290.5,18300.25,18290.5,18291,1095,18355.71934,18351.80742
7/19/2023 13:09,18291.25,18292.5,18277.75,18281,2438,18355.27918,18351.46454
7/19/2023 13:10,18281.25,18292.75,18277.5,18292,1691,18354.99253,18351.24151
7/19/2023 13:11,18291.75,18301.5,18287.25,18300,1699,18354.74428,18351.04978
7/19/2023 13:12,18299.75,18301.75,18292,18292.75,1074,18354.58643,18350.92762
7/19/2023 13:13,18292.25,18299.75,18291.5,18298.5,989,18354.44447,18350.8178
7/19/2023 13:14,18297.5,18301.25,18296.25,18296.75,632,18354.35646,18350.74978
7/19/2023 13:15,18296.25,18303,18296,18302,913,18354.23486,18350.65602
7/19/2023 13:16,18302,18302,18293.75,18293.75,908,18354.10591,18350.55603
7/19/2023 13:17,18293.75,18302.5,18292.5,18300.75,746,18354.00422,18350.47732
7/19/2023 13:18,18300.25,18302.75,18294.75,18297,527,18353.93206,18350.42141
7/19/2023 13:19,18296.75,18296.75,18285.75,18287,1190,18353.74557,18350.27554
7/19/2023 13:20,18286.5,18290.5,18284.75,18288.5,668,18353.63823,18350.19138
7/19/2023 13:21,18288.75,18294.25,18287.75,18292.5,511,18353.56082,18350.13085
7/19/2023 13:22,18293.25,18303.75,18287.5,18302.75,909,18353.43796,18350.03538
7/19/2023 13:23,18303.25,18303.75,18296.25,18300.75,627,18353.35696,18349.97258
7/19/2023 13:24,18300.5,18300.75,18296.25,18298.75,393,18353.30473,18349.93197
7/19/2023 13:25,18298.5,18302.75,18297.25,18301.25,436,18353.24884,18349.88861
7/19/2023 13:26,18301.5,18304,18292.75,18294,865,18353.13097,18349.79673
7/19/2023 13:27,18293.75,18298,18285.75,18296.25,1030,18352.98236,18349.68035
7/19/2023 13:28,18296.25,18296.5,18289.25,18291.25,427,18352.91994,18349.63139
7/19/2023 13:29,18291.5,18296.5,18290.5,18291.5,422,18352.85888,18349.5835
7/19/2023 13:30,18291.5,18294.5,18291.25,18292.5,255,18352.822,18349.55457
7/19/2023 13:31,18292.25,18297.75,18287.5,18297,1019,18352.67831,18349.44193
7/19/2023 13:32,18297.25,18300.5,18293.75,18295.5,698,18352.58447,18349.36852
7/19/2023 13:33,18295.75,18299.25,18289.5,18294,637,18352.49556,18349.29874
7/19/2023 13:34,18294,18294,18286.75,18288.75,819,18352.37299,18349.20211
7/19/2023 13:35,18288.75,18291.75,18282.75,18282.75,1095,18352.19922,18349.06455
7/19/2023 13:36,18282.25,18288.25,18278.25,18279.75,1518,18351.94661,18348.86385
7/19/2023 13:37,18279.5,18289.75,18278,18289.25,1003,18351.7892,18348.73898
7/19/2023 13:38,18289.5,18289.5,18278.5,18279.5,602,18351.69057,18348.66051
7/19/2023 13:39,18279.25,18285.5,18279.25,18280.5,674,18351.57929,18348.57189
7/19/2023 13:40,18280.75,18283.25,18275.25,18279.75,1205,18351.3746,18348.40853
7/19/2023 13:41,18280,18289.25,18276.75,18287,1076,18351.20523,18348.27365
7/19/2023 13:42,18287,18293.75,18285.25,18289.25,775,18351.093,18348.18455
7/19/2023 13:43,18288.75,18298.25,18286,18296.5,1001,18350.95839,18348.078
7/19/2023 13:44,18297,18300.75,18294.75,18300.25,804,18350.86011,18348.00055
7/19/2023 13:45,18300.25,18306.75,18295,18298,1383,18350.69621,18347.87145
7/19/2023 13:46,18298.25,18304.25,18295,18302.25,863,18350.59564,18347.79223
7/19/2023 13:47,18302.25,18312,18300.25,18309,1444,18350.45025,18347.67862
7/19/2023 13:48,18308.25,18309,18303,18307.25,755,18350.37345,18347.6185
7/19/2023 13:49,18306.75,18310,18303.25,18307,675,18350.30554,18347.56534
7/19/2023 13:50,18307.25,18307.25,18299.5,18301.75,819,18350.21604,18347.49484
7/19/2023 13:51,18301.5,18310,18301.5,18309,767,18350.13958,18347.43492
7/19/2023 13:52,18308.5,18308.75,18301,18302,567,18350.07944,18347.38756
7/19/2023 13:53,18301.75,18303.25,18296.75,18301.5,830,18349.98518,18347.31299
7/19/2023 13:54,18301.25,18302.5,18295.5,18300.75,633,18349.91221,18347.25516
7/19/2023 13:55,18300.5,18304,18296.75,18302.75,573,18349.84841,18347.20468
7/19/2023 13:56,18303.25,18304.75,18298.25,18302.5,472,18349.79669,18347.16377
7/19/2023 13:57,18302.25,18307.25,18299.25,18307,508,18349.74425,18347.12241
7/19/2023 13:58,18307.25,18309,18303.25,18304.25,622,18349.68162,18347.07307
7/19/2023 13:59,18304,18304,18292.25,18292.75,969,18349.56422,18346.97953
7/19/2023 14:00,18293,18297.25,18290,18296.25,862,18349.45664,18346.89361
7/19/2023 14:01,18296.5,18303,18291.5,18302,1071,18349.33406,18346.79604
7/19/2023 14:02,18302,18302.25,18297.75,18299.75,606,18349.26644,18346.74225
7/19/2023 14:03,18300,18300.25,18293,18294.25,648,18349.18838,18346.67987
7/19/2023 14:04,18294.25,18298,18291.5,18291.5,542,18349.12062,18346.62559
7/19/2023 14:05,18292,18296.25,18288,18293.25,643,18349.03875,18346.55993
7/19/2023 14:06,18293.75,18294,18289.5,18291.25,406,18348.98635,18346.51785
7/19/2023 14:07,18291.5,18292.5,18285.25,18285.75,551,18348.91074,18346.45695
7/19/2023 14:08,18286.25,18286.5,18272.25,18274,2123,18348.57259,18346.18266
7/19/2023 14:09,18274.25,18276.75,18268.25,18273.5,2474,18348.15645,18345.84383
7/19/2023 14:10,18273.75,18274.25,18263.5,18266.5,1796,18347.83834,18345.58393
7/19/2023 14:11,18266.75,18271.5,18263.25,18267,1124,18347.63847,18345.42042
7/19/2023 14:12,18267.25,18274.25,18266.25,18271.5,788,18347.50487,18345.31118
7/19/2023 14:13,18271.75,18282.75,18271,18281.5,1442,18347.28612,18345.13278
7/19/2023 14:14,18281,18283.25,18277.75,18278,851,18347.16,18345.02991
7/19/2023 14:15,18278.25,18280.75,18272,18279.5,1326,18346.95791,18344.86477
7/19/2023 14:16,18279.5,18283,18277.5,18277.75,888,18346.8271,18344.75789
7/19/2023 14:17,18277.5,18280.25,18271,18273.75,794,18346.70293,18344.65618
7/19/2023 14:18,18274,18275.75,18266.75,18267.25,740,18346.57941,18344.55475
7/19/2023 14:19,18266.75,18270,18263.75,18264.5,788,18346.44176,18344.44152
7/19/2023 14:20,18264.25,18267.25,18263.25,18264.75,851,18346.29179,18344.31805
7/19/2023 14:21,18265,18274,18261,18269.25,1396,18346.05602,18344.12396
7/19/2023 14:22,18269.75,18270.5,18259.5,18263.25,1109,18345.86096,18343.96309
7/19/2023 14:23,18263.5,18266.5,18261.75,18265.5,653,18345.74678,18343.86886
7/19/2023 14:24,18265.5,18267.75,18262.25,18267,494,18345.66177,18343.79869
7/19/2023 14:25,18266.75,18267,18260.5,18263.25,556,18345.56381,18343.71777
7/19/2023 14:26,18263.75,18277,18263.25,18276.5,1462,18345.33446,18343.5287
7/19/2023 14:27,18276.5,18279.75,18271.25,18273.75,1121,18345.16595,18343.3898
7/19/2023 14:28,18273.25,18279.25,18272.25,18276.5,537,18345.08676,18343.32451
7/19/2023 14:29,18276.5,18276.75,18271,18276.25,582,18344.99948,18343.25249
7/19/2023 14:30,18276.75,18278,18271.25,18272.5,500,18344.92387,18343.19007
7/19/2023 14:31,18273,18286.25,18271.5,18283.25,1131,18344.76884,18343.06232
7/19/2023 14:32,18283,18287.25,18280.5,18285,944,18344.64784,18342.96272
7/19/2023 14:33,18284.75,18287.75,18281.75,18287,621,18344.57015,18342.89878
7/19/2023 14:34,18287.25,18296.5,18284.25,18293,1340,18344.41945,18342.77506
7/19/2023 14:35,18292.75,18295.25,18290.25,18294.25,869,18344.32584,18342.69824
7/19/2023 14:36,18294,18298.5,18290.5,18296,1019,18344.22024,18342.61164
7/19/2023 14:37,18295.75,18299.25,18294,18295.25,805,18344.13911,18342.54513
7/19/2023 14:38,18295.25,18296,18289.5,18292.75,965,18344.03532,18342.45978
7/19/2023 14:39,18292.5,18294.5,18286,18288.5,754,18343.94965,18342.38918
7/19/2023 14:40,18288.75,18291.75,18287.25,18291.5,458,18343.89822,18342.34679
7/19/2023 14:41,18291.5,18294.5,18288.75,18291.25,803,18343.81053,18342.27454
7/19/2023 14:42,18291.5,18295.75,18289,18294.5,682,18343.73852,18342.21524
7/19/2023 14:43,18294.75,18302.75,18294.25,18302.5,996,18343.6477,18342.14076
7/19/2023 14:44,18302,18302.75,18294.5,18296.5,666,18343.58453,18342.08885
7/19/2023 14:45,18296,18298.25,18295,18297.25,416,18343.54422,18342.05569
7/19/2023 14:46,18297.75,18300.75,18296,18299.5,571,18343.49128,18342.01219
7/19/2023 14:47,18300,18300.75,18292,18292.25,667,18343.42442,18341.95708
7/19/2023 14:48,18291.75,18295.25,18285.25,18288,997,18343.31352,18341.86534
7/19/2023 14:49,18288,18290,18284,18286.5,777,18343.22314,18341.79043
7/19/2023 14:50,18286.75,18288.75,18284.25,18287.75,521,18343.16279,18341.7404
7/19/2023 14:51,18287.75,18289.5,18282.75,18284.25,680,18343.08224,18341.67354
7/19/2023 14:52,18284.5,18296.25,18284,18294.5,913,18342.98582,18341.59372
7/19/2023 14:53,18294.5,18294.75,18288,18289.25,437,18342.93898,18341.55491
7/19/2023 14:54,18289,18289.25,18285,18289,467,18342.88623,18341.51112
7/19/2023 14:55,18288.75,18291,18286.5,18291,375,18342.84529,18341.47716
7/19/2023 14:56,18290.75,18290.75,18286.25,18288,319,18342.80975,18341.44765
7/19/2023 14:57,18288.5,18295,18287.5,18293,679,18342.7391,18341.38909
7/19/2023 14:58,18293,18294,18288.5,18293.5,382,18342.69957,18341.35631
7/19/2023 14:59,18293,18297,18291.75,18293.75,450,18342.65507,18341.31945
7/19/2023 15:00,18293.75,18303.25,18292.5,18300.25,838,18342.58009,18341.25749
7/19/2023 15:01,18300.5,18307,18300,18304.5,1251,18342.48174,18341.17651
7/19/2023 15:02,18304.5,18305.25,18299.25,18301.75,678,18342.42625,18341.13072
7/19/2023 15:03,18301.25,18308.5,18300.25,18307.75,801,18342.36642,18341.08148
7/19/2023 15:04,18307.5,18309.75,18304.5,18306.5,747,18342.31293,18341.03751
7/19/2023 15:05,18307,18314.75,18306,18313,1146,18342.2412,18340.97881
7/19/2023 15:06,18313.25,18316.75,18312,18314.75,1087,18342.18056,18340.9294
7/19/2023 15:07,18315,18317.5,18312.75,18316.5,741,18342.14099,18340.89721
7/19/2023 15:08,18316.5,18326.75,18316.5,18326.25,1493,18342.08429,18340.85194
7/19/2023 15:09,18326.5,18330,18324.75,18326.25,1471,18342.04,18340.81719
7/19/2023 15:10,18325.75,18326.75,18322.25,18324.75,862,18342.01002,18340.79336
7/19/2023 15:11,18324.5,18331.75,18323.75,18330.5,1078,18341.98142,18340.77114
7/19/2023 15:12,18330.5,18332.5,18327,18330,685,18341.9649,18340.75842
7/19/2023 15:13,18330,18333.25,18327.5,18328.25,787,18341.94571,18340.74361
7/19/2023 15:14,18328.25,18329.25,18324,18325.25,813,18341.92032,18340.72354
7/19/2023 15:15,18325.25,18329.75,18325,18327.75,557,18341.90444,18340.71108
7/19/2023 15:16,18327.25,18334.75,18327,18332.5,818,18341.88751,18340.69824
7/19/2023 15:17,18332.5,18337.5,18332.25,18332.5,1072,18341.87103,18340.68628
7/19/2023 15:18,18332.5,18337.25,18330.75,18336.75,757,18341.86068,18340.67893
7/19/2023 15:19,18336.75,18338,18333.25,18337,565,18341.85426,18340.67456
7/19/2023 15:20,18336.75,18340.25,18334,18339.75,633,18341.84948,18340.67171
7/19/2023 15:21,18339.5,18344,18336,18342.25,1366,18341.84654,18340.67189
7/19/2023 15:22,18342,18348.25,18342,18342.75,1366,18341.85317,18340.68026
7/19/2023 15:23,18342.25,18346,18340,18345.5,1040,18341.85718,18340.68574
7/19/2023 15:24,18345.75,18346.75,18340.25,18341.75,855,18341.85894,18340.68892
7/19/2023 15:25,18341.5,18345,18341.25,18342.75,661,18341.86041,18340.69146
7/19/2023 15:26,18343,18345,18341.5,18342,514,18341.86138,18340.69329
7/19/2023 15:27,18341.75,18343.5,18339.25,18340.25,492,18341.86055,18340.69355
7/19/2023 15:28,18340,18342.5,18337,18339.75,745,18341.85751,18340.69238
7/19/2023 15:29,18339.5,18340,18334.25,18334.25,860,18341.84806,18340.68592
7/19/2023 15:30,18334,18334.75,18328.25,18330,1308,18341.82071,18340.66495
7/19/2023 15:31,18330,18331.25,18318.75,18319.5,1876,18341.75351,18340.61078
7/19/2023 15:32,18319.75,18324.5,18318.25,18322.25,1417,18341.699,18340.56659
7/19/2023 15:33,18322.5,18325.5,18321.25,18325.25,773,18341.67283,18340.54554
7/19/2023 15:34,18325.25,18329.25,18322.75,18324,932,18341.64377,18340.52226
7/19/2023 15:35,18324,18325.25,18318.75,18321.25,769,18341.61461,18340.49859
7/19/2023 15:36,18321.5,18321.5,18306.5,18311.5,1863,18341.51394,18340.41536
7/19/2023 15:37,18311.5,18317.25,18309.75,18314.25,970,18341.46289,18340.37315
7/19/2023 15:38,18314,18319.5,18311.25,18318.25,748,18341.4273,18340.34384
7/19/2023 15:39,18318.25,18323.75,18316.5,18321.25,919,18341.39095,18340.31416
7/19/2023 15:40,18321,18321.75,18314.5,18316.5,817,18341.35425,18340.28397
7/19/2023 15:41,18316.5,18322.25,18316.25,18317.75,652,18341.32648,18340.26118
7/19/2023 15:42,18317.75,18322.25,18316.5,18320,494,18341.30625,18340.2446
7/19/2023 15:43,18320.25,18321.75,18315,18315.25,495,18341.28393,18340.22622
7/19/2023 15:44,18315,18318.75,18312.5,18312.5,559,18341.25588,18340.203
7/19/2023 15:45,18312.5,18315,18308.25,18314.25,1155,18341.1936,18340.15128
7/19/2023 15:46,18314.25,18316.5,18310,18314,792,18341.15254,18340.1172
7/19/2023 15:47,18314,18317.5,18312.25,18316.75,556,18341.12586,18340.09512
7/19/2023 15:48,18316.25,18316.5,18310.75,18315.5,538,18341.09885,18340.07271
7/19/2023 15:49,18315.75,18319,18313.5,18315,535,18341.07361,18340.05183
7/19/2023 15:50,18315,18318.5,18313,18315.75,548,18341.04774,18340.0304
7/19/2023 15:51,18316.25,18323.75,18310.5,18315,1568,18340.97593,18339.97098
7/19/2023 15:52,18315,18320.5,18309.25,18319.25,1258,18340.91843,18339.92336
7/19/2023 15:53,18320,18327.25,18319,18327,1242,18340.8805,18339.89257
7/19/2023 15:54,18327,18328.25,18316.75,18317.25,1239,18340.83444,18339.85474
7/19/2023 15:55,18317.25,18317.75,18305.75,18307.25,2637,18340.68625,18339.73072
7/19/2023 15:56,18307.5,18314.5,18307.5,18313.5,1778,18340.59229,18339.65215
7/19/2023 15:57,18314,18316.75,18311.75,18316.5,910,18340.54971,18339.61666
7/19/2023 15:58,18316.5,18317.25,18303.75,18309.75,1464,18340.46882,18339.54881
7/19/2023 15:59,18309.75,18314.5,18307.5,18311,1785,18340.3732,18339.46862
7/19/2023 16:00,18311.5,18314.75,18301.5,18305,8332,18339.87656,18339.04947
7/19/2023 16:01,18305.5,18323.75,18276,18297.75,8945,18339.23481,18338.5029
7/19/2023 16:02,18298,18302.5,18274.75,18281.5,1864,18339.06133,18338.35411
7/19/2023 16:03,18280.75,18300,18280.5,18298,1174,18338.9662,18338.27261
7/19/2023 16:04,18298,18310.25,18292.25,18304.5,973,18338.90382,18338.21936
7/19/2023 16:05,18304,18306.25,18294.25,18297,671,18338.85722,18338.1795
7/19/2023 16:06,18297.75,18301,18268.5,18274.75,2376,18338.61965,18337.97508
7/19/2023 16:07,18274.75,18300,18274.25,18287.25,1628,18338.47426,18337.85002
7/19/2023 16:08,18287.25,18314.25,18287,18313.5,1308,18338.39824,18337.78502
7/19/2023 16:09,18313,18313,18303.5,18304.5,819,18338.35377,18337.74702
7/19/2023 16:10,18305,18310.25,18304,18309.75,633,18338.32058,18337.71867
7/19/2023 16:11,18309.25,18310,18303.25,18306.25,506,18338.29279,18337.6949
7/19/2023 16:12,18305.5,18306.25,18290.75,18292.25,1208,18338.20566,18337.62002
7/19/2023 16:13,18292.25,18293.25,18285.5,18286.25,779,18338.13884,18337.56243
7/19/2023 16:14,18286.75,18293,18284.25,18285,623,18338.08454,18337.51561
7/19/2023 16:15,18284.75,18290.75,18283.5,18288,578,18338.03427,18337.47225
7/19/2023 16:16,18287.25,18291.5,18284.75,18290,405,18338.00003,18337.44272
7/19/2023 16:17,18289.5,18294.75,18287.5,18292.75,392,18337.9689,18337.41588
7/19/2023 16:18,18292.75,18298.75,18292.75,18295.75,353,18337.94337,18337.3939
7/19/2023 16:19,18295.5,18297,18291.75,18295.25,274,18337.92306,18337.37641
7/19/2023 16:20,18294.75,18297.75,18294.25,18297,191,18337.90947,18337.3647
7/19/2023 16:21,18296.75,18298,18292.75,18292.75,298,18337.88733,18337.34563
7/19/2023 16:22,18292.75,18292.75,18288,18289,230,18337.86847,18337.32934
7/19/2023 16:23,18289,18290.5,18286.25,18287.5,262,18337.84617,18337.31009
7/19/2023 16:24,18287.5,18288,18284,18286.75,265,18337.8228,18337.28991
7/19/2023 16:25,18286,18290.5,18285.25,18290,233,18337.80321,18337.273
7/19/2023 16:26,18290,18291.25,18288.25,18289.25,138,18337.79185,18337.26319
7/19/2023 16:27,18290.25,18292,18287.25,18288.25,123,18337.78164,18337.25437
7/19/2023 16:28,18289.25,18290.5,18288.25,18290.5,57,18337.77696,18337.25034
7/19/2023 16:29,18290.25,18290.25,18288.25,18289.25,48,18337.77299,18337.2469
7/19/2023 16:30,18288.5,18289.5,18285.75,18286,67,18337.76719,18337.24189
7/19/2023 16:31,18286.5,18288.75,18285.75,18288.25,90,18337.75948,18337.23524
7/19/2023 16:32,18287.75,18288.25,18285.5,18286,72,18337.75319,18337.2298
7/19/2023 16:33,18286.5,18287,18284.75,18286.75,87,18337.74554,18337.22319
7/19/2023 16:34,18286.5,18287.25,18285.75,18286.5,40,18337.74204,18337.22017
7/19/2023 16:35,18287,18287,18281.5,18282.5,267,18337.71742,18337.19888
7/19/2023 16:36,18283,18286,18282.75,18285.5,174,18337.70171,18337.1853
7/19/2023 16:37,18285.75,18289.75,18285.25,18289,153,18337.68875,18337.1741
7/19/2023 16:38,18289.25,18289.25,18286.5,18287,99,18337.6803,18337.1668
7/19/2023 16:39,18288,18290.25,18286.25,18288.25,86,18337.67306,18337.16054
7/19/2023 16:40,18287.75,18291,18287.75,18289.5,58,18337.66829,18337.15642
7/19/2023 16:41,18289.25,18290,18287.5,18289,51,18337.66405,18337.15276
7/19/2023 16:42,18289.5,18291.25,18288,18290,82,18337.65736,18337.14697
7/19/2023 16:43,18290,18290,18288.5,18289.25,61,18337.65233,18337.14263
7/19/2023 16:44,18289.25,18289.25,18287,18287.25,108,18337.64317,18337.13471
7/19/2023 16:45,18287.25,18288,18287,18287.25,20,18337.64146,18337.13323
7/19/2023 16:46,18286.75,18288.75,18286.25,18288,64,18337.63601,18337.12853
7/19/2023 16:47,18288.25,18290,18287.75,18288.25,81,18337.62926,18337.12269
7/19/2023 16:48,18289.75,18290,18288,18289.25,51,18337.62505,18337.11905
7/19/2023 16:49,18289.75,18290.5,18289.5,18290.25,69,18337.61947,18337.11423
7/19/2023 16:50,18290.25,18291.25,18290,18290.75,112,18337.61052,18337.1065
7/19/2023 16:51,18290.75,18291.5,18289.25,18289.75,93,18337.60301,18337.10001
7/19/2023 16:52,18289.75,18290.25,18289,18290,49,18337.59902,18337.09657
7/19/2023 16:53,18290.25,18291.5,18290,18291.5,65,18337.59387,18337.09212
7/19/2023 16:54,18291.75,18292,18289.25,18290.25,83,18337.58722,18337.08637
7/19/2023 16:55,18290.25,18292.5,18289.5,18291.75,73,18337.58147,18337.0814
7/19/2023 16:56,18292.25,18295.75,18291.5,18295,124,18337.5723,18337.07349
7/19/2023 16:57,18294.5,18295.25,18292.75,18294.75,139,18337.56207,18337.06465
7/19/2023 16:58,18294,18294.25,18292.5,18293,101,18337.55446,18337.05808
7/19/2023 16:59,18293.5,18293.5,18288.25,18288.25,155,18337.54194,18337.04726
7/19/2023 17:00,18288,18290.25,18286.75,18287.75,195,18337.52562,18337.03314
7/19/2023 18:01,18271,18271,18262,18269.75,266,0,18267.58333
7/19/2023 18:02,18269.5,18274,18269,18272.25,176,0,18269.24246
7/19/2023 18:03,18273.25,18273.75,18266.25,18267.25,236,0,18269.18707
7/19/2023 18:04,18267.5,18270,18264,18264,90,0,18268.81359
7/19/2023 18:05,18264.75,18265.25,18263.25,18264,86,0,18268.34563
7/19/2023 18:06,18264.25,18265.5,18263.5,18263.5,59,0,18268.07558
7/19/2023 18:07,18263.25,18266.25,18262.25,18264.25,126,0,18267.61165
7/19/2023 18:08,18264.25,18267.5,18263,18265.25,153,0,18267.30852
7/19/2023 18:09,18265.75,18265.75,18262.5,18262.5,76,0,18267.08524
7/19/2023 18:10,18262.5,18262.5,18255,18255,235,0,18265.58655
7/19/2023 18:11,18255.25,18255.25,18248,18251,541,0,18261.83611
7/19/2023 18:12,18250.5,18250.75,18243.75,18243.75,270,0,18259.99806
7/19/2023 18:13,18243.5,18247,18238.75,18240,331,0,18257.73532
7/19/2023 18:14,18239.5,18243,18237.5,18243,293,0,18256.08296
7/19/2023 18:15,18242.25,18244,18239.75,18241,130,0,18255.46857
7/19/2023 18:16,18240.75,18243,18236.25,18237.75,249,0,18254.23231
7/19/2023 18:17,18237.75,18241.25,18233.25,18236,390,0,18252.40183
7/19/2023 18:18,18236,18236.25,18221.5,18225.5,519,0,18249.37431
7/19/2023 18:19,18226,18226.25,18210,18210.5,637,0,18244.94806
7/19/2023 18:20,18210.25,18213.25,18205.5,18206,652,0,18240.6095
7/19/2023 18:21,18208,18216.75,18206.25,18210.75,523,0,18238.06644
7/19/2023 18:22,18209.75,18212.25,18193.5,18194.75,736,0,18233.9486
7/19/2023 18:23,18194.5,18202.75,18193.5,18198,408,0,18231.91114
7/19/2023 18:24,18198.5,18203.75,18195,18202.5,344,0,18230.47159
7/19/2023 18:25,18202.5,18207.25,18197.75,18205.75,301,0,18229.43756
7/19/2023 18:26,18206.5,18211.25,18205.5,18209.75,341,0,18228.57736
7/19/2023 18:27,18210.25,18210.25,18205.5,18208,152,0,18228.19991
7/19/2023 18:28,18207.75,18211.25,18207.5,18211.25,135,0,18227.90931
7/19/2023 18:29,18210.25,18210.75,18206.25,18207.5,136,0,18227.59678
7/19/2023 18:30,18207.5,18208,18201.25,18205.75,219,0,18227.03506
7/19/2023 18:31,18206.25,18211.25,18205.75,18210,188,0,18226.65825
7/19/2023 18:32,18210,18210.25,18205.25,18206.25,131,0,18226.37974
7/19/2023 18:33,18206,18206.75,18202.25,18206.25,187,0,18225.95226
7/19/2023 18:34,18206.75,18208,18202.5,18204.25,146,0,18225.62768
7/19/2023 18:35,18204.25,18207,18204.25,18206,85,0,18225.4507
7/19/2023 18:36,18206.25,18207.75,18203.5,18206.25,110,0,18225.22724
7/19/2023 18:37,18206.25,18210,18206.25,18208,199,0,18224.8811
7/19/2023 18:38,18207.5,18208.5,18204.75,18206,101,0,18224.6938
7/19/2023 18:39,18206.25,18206.5,18199.5,18201.75,206,0,18224.24563
7/19/2023 18:40,18201.75,18202,18199.75,18200.25,115,0,18223.98181
7/19/2023 18:41,18200.5,18202.5,18198.5,18200.75,156,0,18223.63197
7/19/2023 18:42,18200.25,18201.25,18199.5,18200.75,47,0,18223.52824
7/19/2023 18:43,18201,18203.5,18199.75,18200,149,0,18223.21363
7/19/2023 18:44,18200.25,18206.25,18200.25,18204,170,0,18222.90333
7/19/2023 18:45,18204,18204.75,18196.25,18198.25,232,0,18222.41642
7/19/2023 18:46,18197.75,18203.25,18197.75,18202.75,106,0,18222.21498
7/19/2023 18:47,18203,18205,18202.75,18205,65,0,18222.11074
7/19/2023 18:48,18204.25,18205,18201.5,18203.75,112,0,18221.9257
7/19/2023 18:49,18204,18204,18197.25,18200.5,135,0,18221.67407
7/19/2023 18:50,18200.75,18202.5,18200,18200.25,81,0,18221.52826
7/19/2023 18:51,18201.25,18202.25,18198.5,18199.75,84,0,18221.37377
7/19/2023 18:52,18199.75,18201.25,18198.25,18198.25,151,0,18221.08984
7/19/2023 18:53,18198.75,18200.5,18196.75,18199.75,85,0,18220.93141
7/19/2023 18:54,18200.5,18203.25,18199.5,18202.5,75,0,18220.81078
7/19/2023 18:55,18202.75,18204.75,18201.75,18204,62,0,18220.72125
7/19/2023 18:56,18204.25,18208.25,18204.25,18206.75,116,0,18220.58416
7/19/2023 18:57,18206.25,18207,18205.5,18206,48,0,18220.52721
7/19/2023 18:58,18206.25,18206.5,18204.5,18205,103,0,18220.39951
7/19/2023 18:59,18204.75,18206.25,18204.75,18205.25,26,0,18220.36779
7/19/2023 19:00,18205.25,18206.5,18204.75,18205.25,43,0,18220.31591
7/19/2023 19:01,18206,18210,18205,18208.75,192,0,18220.12571
7/19/2023 19:02,18209,18209.25,18207.25,18208.25,80,0,18220.05028
7/19/2023 19:03,18207.5,18209.5,18207.5,18208.75,40,0,18220.01398
7/19/2023 19:04,18208.5,18208.5,18206.25,18206.5,42,0,18219.97114
7/19/2023 19:05,18206.5,18208.5,18206.5,18207.25,86,0,18219.88656
7/19/2023 19:06,18206.75,18208,18205.5,18207.75,64,0,18219.82268
7/19/2023 19:07,18207.75,18208.75,18206.5,18207,52,0,18219.77259
7/19/2023 19:08,18207.25,18207.25,18204.75,18205.5,70,0,18219.69725
7/19/2023 19:09,18206,18206.25,18205.25,18205.75,22,0,18219.67359
7/19/2023 19:10,18205.5,18206.25,18204.5,18205,66,0,18219.60058
7/19/2023 19:11,18205.25,18205.25,18201.75,18203,96,0,18219.48168
7/19/2023 19:12,18203,18203,18194.25,18195.5,252,0,18219.06943
7/19/2023 19:13,18195.25,18197.75,18194,18195.25,94,0,18218.90623
7/19/2023 19:14,18195.75,18195.75,18191,18193.75,217,0,18218.50372
7/19/2023 19:15,18193.25,18196,18192.75,18193,112,0,18218.30431
7/19/2023 19:16,18192.5,18194,18190.5,18194,126,0,18218.074
7/19/2023 19:17,18194,18195.5,18193.5,18193.75,63,0,18217.96678
7/19/2023 19:18,18193.75,18195.5,18193,18195.5,61,0,18217.86568
7/19/2023 19:19,18195.25,18198.5,18195.25,18198.5,128,0,18217.68118
7/19/2023 19:20,18198.75,18202.75,18198.25,18201.75,208,0,18217.43894
7/19/2023 19:21,18202.5,18204.5,18202,18203.25,109,0,18217.33231
7/19/2023 19:22,18203.75,18204.5,18202.75,18204.25,59,0,18217.27762
7/19/2023 19:23,18204.75,18206.5,18204.75,18205.25,56,0,18217.23251
7/19/2023 19:24,18206,18206.5,18204.75,18206,65,0,18217.18168
7/19/2023 19:25,18206,18207.25,18205.5,18205.5,81,0,18217.12079
7/19/2023 19:26,18205.75,18207.25,18205.25,18207.25,40,0,18217.09232
7/19/2023 19:27,18206.5,18208.5,18205.25,18208,78,0,18217.04074
7/19/2023 19:28,18208.25,18210.25,18207.75,18209.5,142,0,18216.96632
7/19/2023 19:29,18209.75,18211.25,18207.75,18207.75,193,0,18216.86423
7/19/2023 19:30,18208,18209.5,18208,18208.25,43,0,18216.8409
7/19/2023 19:31,18209,18210,18206.25,18206.25,93,0,18216.78432
7/19/2023 19:32,18206.5,18208.5,18206.5,18207.5,32,0,18216.76501
7/19/2023 19:33,18207.25,18208,18206.5,18207,24,0,18216.75006
7/19/2023 19:34,18207,18207.75,18206.5,18207.25,24,0,18216.73516
7/19/2023 19:35,18207,18207.5,18205.75,18206,49,0,18216.70251
7/19/2023 19:36,18206,18206,18203.75,18204.5,114,0,18216.61515
7/19/2023 19:37,18204.25,18205,18202.25,18203.25,116,0,18216.51832
7/19/2023 19:38,18203,18204.5,18200.25,18202,92,0,18216.43527
7/19/2023 19:39,18201.75,18202,18198.25,18199.75,98,0,18216.33399
7/19/2023 19:40,18199.5,18200.25,18198.5,18198.5,40,0,18216.29071
7/19/2023 19:41,18199,18201.75,18197.75,18201.75,118,0,18216.17408
7/19/2023 19:42,18202,18204.25,18201.75,18202.25,89,0,18216.1001
7/19/2023 19:43,18202.25,18203.25,18201.5,18203.25,83,0,18216.03142
7/19/2023 19:44,18202.75,18202.75,18201.25,18201.5,27,0,18216.00784
7/19/2023 19:45,18201.25,18202.75,18201.25,18201.75,30,0,18215.98189
7/19/2023 19:46,18201.75,18203,18200.5,18202.75,50,0,18215.93936
7/19/2023 19:47,18202.75,18204.75,18202.75,18204,69,0,18215.88846
7/19/2023 19:48,18204,18205,18203.75,18204,31,0,18215.86651
7/19/2023 19:49,18204.5,18205.25,18204.25,18205.25,57,0,18215.82868
7/19/2023 19:50,18205.25,18206.25,18205.25,18206,44,0,18215.80209
7/19/2023 19:51,18206.25,18207,18204.5,18205.5,79,0,18215.75391
7/19/2023 19:52,18206,18207.25,18205.5,18206.75,54,0,18215.72394
7/19/2023 19:53,18207.25,18207.25,18204.75,18206.75,93,0,18215.67139
7/19/2023 19:54,18207.25,18209.75,18207,18209,109,0,18215.62561
7/19/2023 19:55,18209,18209.25,18207,18209.25,96,0,18215.58531
7/19/2023 19:56,18209.25,18209.25,18205.5,18207.25,62,0,18215.55527
7/19/2023 19:57,18207,18207,18205.25,18206.75,41,0,18215.53313
7/19/2023 19:58,18207,18207,18206.25,18206.25,17,0,18215.52414
7/19/2023 19:59,18206.25,18206.75,18204.5,18204.5,51,0,18215.49358
7/19/2023 20:00,18204.25,18206.5,18204.25,18205.25,40,0,18215.46993
7/19/2023 20:01,18205.25,18212.25,18204.25,18211.75,199,0,18215.40063
7/19/2023 20:02,18212.25,18214.25,18209.5,18209.5,183,0,18215.35565
7/19/2023 20:03,18209.5,18211.75,18209.5,18210.75,53,0,18215.34154
7/19/2023 20:04,18210.75,18210.75,18208.75,18209.75,48,0,18215.32635
7/19/2023 20:05,18209.5,18209.75,18208.75,18209.75,66,0,18215.30435
7/19/2023 20:06,18209.5,18209.5,18208.5,18209.5,31,0,18215.29364
7/19/2023 20:07,18209.25,18211,18209.25,18210,39,0,18215.28222
7/19/2023 20:08,18210.25,18210.5,18207.5,18209,89,0,18215.25097
7/19/2023 20:09,18209.5,18212.25,18209.5,18211.75,89,0,18215.23076
7/19/2023 20:10,18212.5,18213.5,18212.25,18212.75,65,0,18215.22212
7/19/2023 20:11,18212.5,18213.75,18212.25,18213.25,32,0,18215.21833
7/19/2023 20:12,18213,18214.75,18212,18212.75,63,0,18215.21121
7/19/2023 20:13,18212.75,18213.25,18212.25,18213.25,41,0,18215.20603
7/19/2023 20:14,18213.5,18219,18213.5,18217,206,0,18215.22053
7/19/2023 20:15,18216.75,18218.5,18216.5,18217.25,89,0,18215.23111
7/19/2023 20:16,18217.75,18219.5,18216.25,18217.25,207,0,18215.2581
7/19/2023 20:17,18217.25,18219.25,18216.5,18219.25,100,0,18215.27447
7/19/2023 20:18,18218.5,18218.5,18217.25,18217.5,103,0,18215.28797
7/19/2023 20:19,18217.5,18219.5,18216.5,18219.25,85,0,18215.30199
7/19/2023 20:20,18219.25,18220.5,18218.5,18219.75,66,0,18215.31683
7/19/2023 20:21,18219.75,18220.5,18218.5,18220.25,58,0,18215.3303
7/19/2023 20:22,18220.25,18221,18219.5,18220,52,0,18215.34343
7/19/2023 20:23,18220,18220.75,18218.75,18220.5,74,0,18215.36136
7/19/2023 20:24,18220,18220,18219,18219,31,0,18215.36775
7/19/2023 20:25,18218.75,18218.75,18216.75,18216.75,91,0,18215.37739
7/19/2023 20:26,18216.5,18218.5,18216.25,18217.5,77,0,18215.38548
7/19/2023 20:27,18217.5,18217.5,18211.75,18213.5,479,0,18215.35815
7/19/2023 20:28,18213.5,18215.25,18213.5,18214.5,66,0,18215.35503
7/19/2023 20:29,18214.5,18216.25,18214.25,18216,32,0,18215.35527
7/19/2023 20:30,18215.75,18216,18214.75,18215,24,0,18215.35514
7/19/2023 20:31,18214.75,18216.75,18213.75,18216.5,110,0,18215.35684
7/19/2023 20:32,18215.75,18216.75,18215.5,18216.75,15,0,18215.35757
7/19/2023 20:33,18216.75,18219.75,18216.75,18219.5,66,0,18215.36837
7/19/2023 20:34,18219.75,18221.75,18219.5,18221.25,183,0,18215.41741
7/19/2023 20:35,18221.25,18221.5,18220,18220.5,67,0,18215.4346
7/19/2023 20:36,18220.75,18222,18219.75,18221.5,73,0,18215.45468
7/19/2023 20:37,18221.75,18222.75,18220,18221.25,109,0,18215.48572
7/19/2023 20:38,18221,18222,18221,18221,22,0,18215.49194
7/19/2023 20:39,18221.25,18222.75,18221.25,18221.5,45,0,18215.50572
7/19/2023 20:40,18221.5,18221.75,18220.25,18220.25,27,0,18215.51255
7/19/2023 20:41,18220.5,18220.5,18218,18218,90,0,18215.5269
7/19/2023 20:42,18218.5,18218.5,18217.25,18218.25,58,0,18215.53377
7/19/2023 20:43,18218,18221,18218,18220.5,51,0,18215.54424
7/19/2023 20:44,18221.25,18222.25,18221,18222.25,46,0,18215.55803
7/19/2023 20:45,18222.25,18223.25,18221.25,18221.75,226,0,18215.62756
7/19/2023 20:46,18222,18222,18220.25,18221.5,47,0,18215.63999
7/19/2023 20:47,18221.5,18221.5,18220.25,18220.25,27,0,18215.64637
7/19/2023 20:48,18220.75,18221.25,18220,18221,59,0,18215.66048
7/19/2023 20:49,18220.75,18220.75,18219.5,18219.75,42,0,18215.669
7/19/2023 20:50,18220,18220,18218.25,18219.75,82,0,18215.683
7/19/2023 20:51,18220,18220.5,18219,18219,32,0,18215.68868
7/19/2023 20:52,18219.25,18220.5,18219.25,18220,38,0,18215.69614
7/19/2023 20:53,18220,18222,18219.5,18221.5,68,0,18215.71283
7/19/2023 20:54,18221.75,18222.25,18221.25,18222.25,31,0,18215.72172
7/19/2023 20:55,18222,18222.5,18221.25,18222.25,30,0,18215.73042
7/19/2023 20:56,18222.5,18223.25,18222.25,18223.25,50,0,18215.74696
7/19/2023 20:57,18223,18225.25,18222.75,18223.5,97,0,18215.78293
7/19/2023 20:58,18223.75,18224.75,18222.75,18222.75,62,0,18215.80456
7/19/2023 20:59,18222.5,18222.5,18221.5,18222,53,0,18215.81954
7/19/2023 21:00,18221.75,18222.5,18219.5,18220,73,0,18215.83562
7/19/2023 21:01,18220.25,18221.25,18218.25,18221.25,160,0,18215.86749
7/19/2023 21:02,18221.25,18223.25,18220.75,18222.75,69,0,18215.88731
7/19/2023 21:03,18222.5,18223,18221.5,18222.5,63,0,18215.90552
7/19/2023 21:04,18222.75,18223.25,18222.5,18222.75,36,0,18215.91669
7/19/2023 21:05,18222.5,18224.25,18222.25,18223.25,52,0,18215.93373
7/19/2023 21:06,18223.25,18223.5,18219.5,18221.25,122,0,18215.96346
7/19/2023 21:07,18221.5,18223.5,18221.25,18222.5,67,0,18215.98262
7/19/2023 21:08,18222.75,18225.5,18222,18225.25,111,0,18216.02308
7/19/2023 21:09,18225,18226.25,18223.75,18225.75,212,0,18216.10853
7/19/2023 21:10,18226,18227.75,18225.25,18227.75,90,0,18216.15085
7/19/2023 21:11,18227.75,18228.25,18226.75,18227.75,141,0,18216.22057
7/19/2023 21:12,18227.5,18227.5,18225.5,18225.75,57,0,18216.24523
7/19/2023 21:13,18225.5,18227.75,18225.5,18227.75,65,0,18216.2753
7/19/2023 21:14,18227.75,18228.25,18226.75,18227.75,74,0,18216.31119
7/19/2023 21:15,18228,18228.75,18227.5,18227.5,46,0,18216.33404
7/19/2023 21:16,18227.5,18231,18227.25,18230.75,153,0,18216.42077
7/19/2023 21:17,18230.75,18232,18229.5,18230,158,0,18216.51473
7/19/2023 21:18,18229.75,18230,18228,18228.25,65,0,18216.54823
7/19/2023 21:19,18228.5,18230.5,18228,18230.25,64,0,18216.58327
7/19/2023 21:20,18230.25,18230.25,18228.25,18229,65,0,18216.61754
7/19/2023 21:21,18229.5,18230.5,18228.25,18229,51,0,18216.64447
7/19/2023 21:22,18228.75,18228.75,18227,18227.75,79,0,18216.6813
7/19/2023 21:23,18227.25,18228.5,18227.25,18228.5,25,0,18216.69317
7/19/2023 21:24,18228.25,18228.75,18227.5,18228.75,24,0,18216.70478
7/19/2023 21:25,18229,18230.5,18228.25,18229.5,60,0,18216.73642
7/19/2023 21:26,18230,18231.25,18229,18229,62,0,18216.7698
7/19/2023 21:27,18229.25,18230.75,18229.25,18230.25,52,0,18216.79838
7/19/2023 21:28,18230.5,18233.25,18230.5,18233.25,98,0,18216.86098
7/19/2023 21:29,18232.75,18236.5,18232.5,18235,240,0,18217.03497
7/19/2023 21:30,18235,18235.75,18234.5,18235.25,94,0,18217.1041
7/19/2023 21:31,18235,18242,18234.75,18241,444,0,18217.49586
7/19/2023 21:32,18241,18241,18237.5,18237.75,100,0,18217.5802
7/19/2023 21:33,18238,18240.5,18236,18240,137,0,18217.69512
7/19/2023 21:34,18239.75,18240.5,18235.75,18236.5,131,0,18217.79743
7/19/2023 21:35,18236.75,18237,18235.75,18236.75,89,0,18217.86256
7/19/2023 21:36,18236.75,18238,18235,18235.75,84,0,18217.9228
7/19/2023 21:37,18236,18238,18235.75,18237.5,70,0,18217.97497
7/19/2023 21:38,18237.5,18240,18236.25,18239,85,0,18218.04233
7/19/2023 21:39,18239.5,18239.75,18237,18239,74,0,18218.10109
7/19/2023 21:40,18238.75,18239.5,18238,18238.75,50,0,18218.14092
7/19/2023 21:41,18239,18240.25,18236.25,18236.5,121,0,18218.23165
7/19/2023 21:42,18237,18238.5,18236.5,18237,53,0,18218.27045
7/19/2023 21:43,18237.5,18241.5,18237.25,18241.5,125,0,18218.37445
7/19/2023 21:44,18241.75,18244.75,18241.75,18243.5,177,0,18218.54182
7/19/2023 21:45,18243.75,18243.75,18241.75,18242.25,92,0,18218.62532
7/19/2023 21:46,18242.25,18244,18241.25,18241.75,92,0,18218.70738
7/19/2023 21:47,18241.5,18241.5,18238.5,18239,87,0,18218.77577
7/19/2023 21:48,18239.5,18240.25,18235.5,18236.5,178,0,18218.89937
7/19/2023 21:49,18237,18237,18235.25,18235.5,97,0,18218.96064
7/19/2023 21:50,18235.75,18237.25,18235,18236.75,54,0,18218.99539
7/19/2023 21:51,18235.75,18236.5,18233.75,18234,158,0,18219.08707
7/19/2023 21:52,18234.25,18236.5,18234.25,18236.5,79,0,18219.13541
7/19/2023 21:53,18236.75,18239,18236.75,18238.5,70,0,18219.18399
7/19/2023 21:54,18239,18239,18236.5,18237.25,61,0,18219.22501
7/19/2023 21:55,18238,18238,18236.5,18237,36,0,18219.24858
7/19/2023 21:56,18236.5,18238,18236.5,18237,31,0,18219.26883
7/19/2023 21:57,18237,18237,18234.5,18236.25,82,0,18219.31845
7/19/2023 21:58,18236.25,18237.25,18236.25,18236.25,54,0,18219.35227
7/19/2023 21:59,18236.25,18236.5,18233.75,18235.75,85,0,18219.4014
7/19/2023 22:00,18235.75,18236.5,18235,18236.25,78,0,18219.44785
7/19/2023 22:01,18236.25,18238.5,18234.5,18238.25,114,0,18219.52006
7/19/2023 22:02,18237.75,18239.5,18237.25,18239.25,94,0,18219.58448
7/19/2023 22:03,18238.75,18240.5,18238.25,18239.5,72,0,18219.63546
7/19/2023 22:04,18239.75,18239.75,18238,18238.5,40,0,18219.66272
7/19/2023 22:05,18239,18240.75,18238.5,18240.75,47,0,18219.69674
7/19/2023 22:06,18240.25,18240.5,18238,18239.25,86,0,18219.75641
7/19/2023 22:07,18240,18241,18238.75,18239.5,64,0,18219.80171
7/19/2023 22:08,18239,18240.25,18239,18240.25,17,0,18219.81376
7/19/2023 22:09,18239.5,18240.75,18238.25,18238.25,36,0,18219.83827
7/19/2023 22:10,18238,18238.5,18235.25,18235.75,132,0,18219.91563
7/19/2023 22:11,18235.75,18237,18235.5,18235.75,45,0,18219.94118
7/19/2023 22:12,18235.25,18235.5,18234.25,18234.5,88,0,18219.9868
7/19/2023 22:13,18234.75,18235.25,18229.75,18230,271,0,18220.09658
7/19/2023 22:14,18230,18231.25,18228.75,18228.75,187,0,18220.1577
7/19/2023 22:15,18228.75,18229.5,18225.75,18227.25,278,0,18220.22737
7/19/2023 22:16,18227.75,18228.25,18224.5,18226.5,190,0,18220.26724
7/19/2023 22:17,18226.5,18226.5,18222.75,18225.5,159,0,18220.29218
7/19/2023 22:18,18225.75,18227.75,18225.75,18226,120,0,18220.3172
7/19/2023 22:19,18225.75,18228.5,18225,18228.5,115,0,18220.3442
7/19/2023 22:20,18228.5,18230.75,18228.25,18230.25,96,0,18220.37432
7/19/2023 22:21,18230.25,18232,18230.25,18230.25,103,0,18220.41013
7/19/2023 22:22,18231,18231.25,18228.75,18230,86,0,18220.43747
7/19/2023 22:23,18229.5,18229.5,18227,18228,62,0,18220.45332
7/19/2023 22:24,18228.25,18230,18228.25,18230,33,0,18220.46309
7/19/2023 22:25,18230.25,18230.75,18229.25,18229.25,45,0,18220.47688
7/19/2023 22:26,18229.5,18229.5,18228.25,18228.25,32,0,18220.48552
7/19/2023 22:27,18228.5,18228.5,18227.25,18227.5,48,0,18220.49699
7/19/2023 22:28,18227.75,18227.75,18226.25,18227.5,49,0,18220.50773
7/19/2023 22:29,18227.75,18228,18226.25,18227,41,0,18220.51657
7/19/2023 22:30,18227,18228.75,18227,18227.25,51,0,18220.52852
7/19/2023 22:31,18227.5,18227.5,18225.5,18226.25,42,0,18220.53661
7/19/2023 22:32,18226.25,18229.25,18226,18228,89,0,18220.55755
7/19/2023 22:33,18228.25,18229.25,18227.25,18228,35,0,18220.56622
7/19/2023 22:34,18227.75,18228.5,18227.5,18228.5,18,0,18220.57068
7/19/2023 22:35,18228.5,18230,18228.5,18230,66,0,18220.58982
7/19/2023 22:36,18229.5,18230.5,18229.5,18230.5,42,0,18220.60287
7/19/2023 22:37,18230,18230.25,18229,18229,45,0,18220.61572
7/19/2023 22:38,18229.25,18229.25,18227.75,18228.75,29,0,18220.6232
7/19/2023 22:39,18228,18228,18225.5,18227,63,0,18220.63584
7/19/2023 22:40,18226.75,18227.5,18226,18227.5,43,0,18220.64467
7/19/2023 22:41,18227.5,18228,18226,18226.75,152,0,18220.67527
7/19/2023 22:42,18226.25,18226.75,18223.5,18223.75,96,0,18220.68753
7/19/2023 22:43,18224,18224.75,18222.75,18224.25,69,0,18220.69464
7/19/2023 22:44,18224.75,18227,18224.5,18226.75,46,0,18220.70255
7/19/2023 22:45,18226.25,18226.75,18223.75,18224.75,35,0,18220.70743
7/19/2023 22:46,18224,18224.5,18223.5,18224,39,0,18220.71151
7/19/2023 22:47,18224,18224.75,18223.5,18224.25,61,0,18220.7182
7/19/2023 22:48,18224,18225.5,18223.75,18224.5,87,0,18220.72885
7/19/2023 22:49,18224.75,18224.75,18222.25,18222.5,81,0,18220.73508
7/19/2023 22:50,18222.25,18222.5,18220,18220.5,138,0,18220.73623
7/19/2023 22:51,18220.5,18221.5,18219,18221.25,127,0,18220.73563
7/19/2023 22:52,18221,18222,18220,18220.25,49,0,18220.73565
7/19/2023 22:53,18220,18222.25,18220,18222,59,0,18220.7369
7/19/2023 22:54,18222,18222,18221.25,18221.75,29,0,18220.73774
7/19/2023 22:55,18221.75,18224,18221.75,18223.25,95,0,18220.74442
7/19/2023 22:56,18223.5,18225,18223.5,18224.5,39,0,18220.74877
7/19/2023 22:57,18224.75,18225.5,18224.25,18225.25,43,0,18220.75444
7/19/2023 22:58,18225.25,18227.5,18225.25,18226.5,92,0,18220.77055
7/19/2023 22:59,18226.75,18230,18226.5,18229.75,97,0,18220.79441
7/19/2023 23:00,18230,18232.25,18230,18231.25,117,0,18220.83169
7/19/2023 23:01,18231,18232,18230.5,18231,92,0,18220.86082
7/19/2023 23:02,18230.5,18231,18229.25,18230.25,58,0,18220.87732
7/19/2023 23:03,18230,18230.5,18228.5,18230.25,49,0,18220.89059
7/19/2023 23:04,18229.75,18230.75,18229.75,18230.25,26,0,18220.89802
7/19/2023 23:05,18230,18230,18228.5,18228.75,24,0,18220.90401
7/19/2023 23:06,18228.5,18229.75,18228,18228,36,0,18220.91243
7/19/2023 23:07,18227.75,18227.75,18225.25,18227.25,156,0,18220.94003
7/19/2023 23:08,18227.25,18227.75,18227,18227.5,31,0,18220.94611
7/19/2023 23:09,18227.5,18227.5,18226.5,18226.5,22,0,18220.95003
7/19/2023 23:10,18227,18228,18227,18227.75,22,0,18220.95444
7/19/2023 23:11,18227.75,18228,18227,18227,30,0,18220.96022
7/19/2023 23:12,18227,18231.25,18227,18231.25,80,0,18220.98161
7/19/2023 23:13,18231.25,18231.75,18230.75,18231,49,0,18220.99663
7/19/2023 23:14,18231.25,18233.25,18231,18232.75,81,0,18221.0242
7/19/2023 23:15,18232.5,18233.5,18232.25,18233.5,72,0,18221.05021
7/19/2023 23:16,18233.25,18233.75,18231.5,18233.25,82,0,18221.07909
7/19/2023 23:17,18233,18234.5,18232.5,18232.75,55,0,18221.09906
7/19/2023 23:18,18232.5,18233.5,18232.25,18232.75,31,0,18221.1099
7/19/2023 23:19,18233.25,18233.5,18233,18233,25,0,18221.11888
7/19/2023 23:20,18233,18234.25,18233,18233.5,42,0,18221.13445
7/19/2023 23:21,18233.25,18233.25,18231,18232.5,62,0,18221.15492
7/19/2023 23:22,18232.25,18232.5,18231.25,18232.25,36,0,18221.1665
7/19/2023 23:23,18232.5,18233.75,18232.5,18233.25,65,0,18221.18959
7/19/2023 23:24,18233.5,18234,18233.25,18233.5,18,0,18221.19619
7/19/2023 23:25,18233.25,18233.5,18232,18232.75,28,0,18221.20575
7/19/2023 23:26,18233.25,18233.25,18231.5,18232.25,39,0,18221.21857
7/19/2023 23:27,18232.25,18233,18232.25,18232.5,12,0,18221.22259
7/19/2023 23:28,18232,18232.25,18231.25,18231.75,31,0,18221.23222
7/19/2023 23:29,18231.75,18231.75,18230.5,18230.75,31,0,18221.24114
7/19/2023 23:30,18230.75,18232.25,18230.5,18231.75,43,0,18221.25412
7/19/2023 23:31,18231.5,18232.5,18231,18231.75,46,0,18221.26831
7/19/2023 23:32,18231.5,18231.5,18230.75,18231,33,0,18221.27782
7/19/2023 23:33,18231.25,18231.5,18231,18231,14,0,18221.28188
7/19/2023 23:34,18231,18231.25,18230,18230.75,45,0,18221.29426
7/19/2023 23:35,18230.75,18230.75,18228.75,18229.25,62,0,18221.3093
7/19/2023 23:36,18229,18229,18228.25,18228.5,38,0,18221.31737
7/19/2023 23:37,18228.25,18228.5,18226.5,18227.75,106,0,18221.33672
7/19/2023 23:38,18227.5,18228.75,18227,18228.75,38,0,18221.34428
7/19/2023 23:39,18228.5,18228.5,18227,18228,48,0,18221.35333
7/19/2023 23:40,18228.25,18228.75,18227.75,18228,41,0,18221.36144
7/19/2023 23:41,18227.5,18227.75,18225.75,18225.75,65,0,18221.37096
7/19/2023 23:42,18225.25,18226.75,18224.75,18226.25,127,0,18221.38762
7/19/2023 23:43,18225.75,18227.25,18225.75,18226.75,23,0,18221.39107
7/19/2023 23:44,18226.5,18227.75,18226.25,18227.5,43,0,18221.39822
7/19/2023 23:45,18227,18231.75,18227,18230.5,134,0,18221.43034
7/19/2023 23:46,18230.75,18231.75,18230,18231.75,44,0,18221.44262
7/19/2023 23:47,18231.5,18232.25,18231.25,18231.75,30,0,18221.45148
7/19/2023 23:48,18231.5,18231.5,18230,18230.5,37,0,18221.46123
7/19/2023 23:49,18230.5,18231.25,18230.25,18230.75,15,0,18221.46522
7/19/2023 23:50,18230.75,18230.75,18230,18230.75,16,0,18221.46935
7/19/2023 23:51,18231,18231.5,18230.75,18231.5,29,0,18221.47745
7/19/2023 23:52,18230.75,18231,18230.75,18230.75,18,0,18221.48225
7/19/2023 23:53,18230.5,18231.25,18229.75,18231,29,0,18221.48985
7/19/2023 23:54,18230.75,18232,18230.25,18232,40,0,18221.50116
7/19/2023 23:55,18232.25,18232.25,18231.5,18232,28,0,18221.50946
7/19/2023 23:56,18232,18232.25,18231.5,18231.5,13,0,18221.51325
7/19/2023 23:57,18232,18232,18231.5,18231.5,13,0,18221.51701
7/19/2023 23:58,18232,18233.25,18231.5,18231.75,36,0,18221.5279
7/19/2023 23:59,18231.5,18232,18231.25,18231.25,18,0,18221.533
7/20/2023 0:00,18231.25,18232,18230.75,18231.75,23,0,18221.53951
7/20/2023 0:01,18232,18232.75,18231.5,18232,39,0,18221.55116
7/20/2023 0:02,18232,18232.5,18231.5,18232,66,0,18221.57068
7/20/2023 0:03,18232,18232,18231.5,18231.5,5,0,18221.57211
7/20/2023 0:04,18231.75,18232.75,18231.75,18232.25,30,0,18221.58116
7/20/2023 0:05,18232.5,18233.5,18232.5,18232.75,44,0,18221.59525
7/20/2023 0:06,18232.75,18233.75,18232.75,18233.5,20,0,18221.60187
7/20/2023 0:07,18233.5,18234.75,18233.5,18233.75,50,0,18221.61934
7/20/2023 0:08,18234,18234,18233.25,18233.75,28,0,18221.62884
7/20/2023 0:09,18234,18236.25,18233.75,18235.5,111,0,18221.67102
7/20/2023 0:10,18235.5,18235.5,18234.25,18235.5,25,0,18221.68042
7/20/2023 0:11,18235.5,18237.25,18235.25,18236.5,117,0,18221.72835
7/20/2023 0:12,18236.5,18238.25,18236.25,18237,74,0,18221.76023
7/20/2023 0:13,18237.25,18240,18237.25,18239.25,124,0,18221.81909
7/20/2023 0:14,18238.75,18240,18238.75,18239.25,46,0,18221.84146
7/20/2023 0:15,18239.75,18240,18236.25,18238.25,116,0,18221.89388
7/20/2023 0:16,18237.75,18237.75,18236.25,18236.75,47,0,18221.9134
7/20/2023 0:17,18236.75,18237.25,18236,18236.5,21,0,18221.92191
7/20/2023 0:18,18236.25,18236.75,18235.5,18236.5,53,0,18221.94286
7/20/2023 0:19,18236.5,18236.5,18234.75,18236.25,35,0,18221.95626
7/20/2023 0:20,18235.75,18235.75,18235.75,18235.75,4,0,18221.95778
7/20/2023 0:21,18236,18236,18234.25,18234.5,35,0,18221.97026
7/20/2023 0:22,18234.5,18234.75,18233,18234.5,79,0,18221.99655
7/20/2023 0:23,18234.75,18234.75,18233.25,18234,41,0,18222.01006
7/20/2023 0:24,18233.75,18233.75,18232.5,18232.75,38,0,18222.0215
7/20/2023 0:25,18232.25,18233.5,18232,18232.25,60,0,18222.03885
7/20/2023 0:26,18232,18232.5,18230.25,18232.5,81,0,18222.06033
7/20/2023 0:27,18232.5,18232.5,18231.25,18231.75,42,0,18222.07152
7/20/2023 0:28,18232.25,18234,18231.5,18233,84,0,18222.09612
7/20/2023 0:29,18233,18234.5,18233,18233.75,149,0,18222.14318
7/20/2023 0:30,18233.75,18234.75,18233.5,18234,34,0,18222.15417
7/20/2023 0:31,18233.75,18234.25,18233,18234,26,0,18222.16233
7/20/2023 0:32,18233.5,18234,18233.25,18233.5,14,0,18222.16666
7/20/2023 0:33,18233.25,18233.25,18232.5,18233.25,26,0,18222.17427
7/20/2023 0:34,18233,18234,18233,18234,18,0,18222.17986
7/20/2023 0:35,18234.25,18234.25,18234,18234.25,7,0,18222.18213
7/20/2023 0:36,18234,18234.25,18233.5,18234,15,0,18222.18688
7/20/2023 0:37,18234.25,18234.25,18233.5,18233.5,4,0,18222.18813
7/20/2023 0:38,18233.25,18234,18233.25,18233.25,21,0,18222.19454
7/20/2023 0:39,18232.75,18237.5,18232,18236.75,215,0,18222.2708
7/20/2023 0:40,18236.5,18237,18236,18236,69,0,18222.29678
7/20/2023 0:41,18236.5,18237.75,18236.5,18237.25,35,0,18222.3107
7/20/2023 0:42,18237.25,18238.75,18236.5,18236.5,66,0,18222.33703
7/20/2023 0:43,18236.75,18238.25,18236.75,18237.75,30,0,18222.34924
7/20/2023 0:44,18238.25,18238.5,18236.75,18236.75,26,0,18222.35962
7/20/2023 0:45,18236.75,18237,18236.5,18236.5,36,0,18222.37335
7/20/2023 0:46,18236.25,18236.25,18234,18235,82,0,18222.40105
7/20/2023 0:47,18234.75,18235.25,18234.75,18235.25,15,0,18222.4061
7/20/2023 0:48,18235.75,18236.5,18235.75,18236.25,28,0,18222.41633
7/20/2023 0:49,18236.75,18237.25,18236.75,18237.25,11,0,18222.42061
7/20/2023 0:50,18237.25,18237.25,18236,18236.25,21,0,18222.42846
7/20/2023 0:51,18236.75,18239,18236.75,18238.25,55,0,18222.45114
7/20/2023 0:52,18238.25,18238.25,18237,18237.5,37,0,18222.46596
7/20/2023 0:53,18237.75,18238.25,18237.75,18237.75,12,0,18222.47087
7/20/2023 0:54,18238.25,18239.25,18237.75,18238.5,66,0,18222.4988
7/20/2023 0:55,18238.25,18238.25,18237.5,18237.5,25,0,18222.50887
7/20/2023 0:56,18237.5,18237.75,18236.25,18236.25,31,0,18222.52051
7/20/2023 0:57,18236.25,18238,18236.25,18237.75,19,0,18222.52793
7/20/2023 0:58,18237.75,18238,18237.5,18237.75,24,0,18222.53755
7/20/2023 0:59,18237.75,18238.5,18237.75,18238,23,0,18222.54696
7/20/2023 1:00,18237.5,18237.5,18236.75,18237.5,17,0,18222.55354
7/20/2023 1:01,18237.75,18237.75,18235.5,18237,55,0,18222.57405
7/20/2023 1:02,18237.75,18239,18236.75,18237.25,50,0,18222.59386
7/20/2023 1:03,18236.5,18237.5,18236.25,18237,38,0,18222.60812
7/20/2023 1:04,18237,18237.25,18236,18236.5,36,0,18222.6213
7/20/2023 1:05,18236.75,18240.5,18236.75,18240.25,68,0,18222.65071
7/20/2023 1:06,18239.75,18240.25,18239.5,18239.75,30,0,18222.66418
7/20/2023 1:07,18240,18240.5,18237.75,18238.25,40,0,18222.68105
7/20/2023 1:08,18237.75,18237.75,18235.5,18236.25,58,0,18222.70194
7/20/2023 1:09,18236.5,18237.5,18236.5,18237.25,31,0,18222.71354
7/20/2023 1:10,18237.5,18238.5,18235.75,18236.75,43,0,18222.72952
7/20/2023 1:11,18235.75,18236.75,18234.75,18236.75,54,0,18222.74824
7/20/2023 1:12,18236,18238,18236,18237.5,28,0,18222.75872
7/20/2023 1:13,18237.5,18237.5,18236,18236,9,0,18222.76193
7/20/2023 1:14,18235.75,18236.75,18235.75,18236.5,49,0,18222.77916
7/20/2023 1:15,18237.5,18237.5,18236.75,18237.5,28,0,18222.78965
7/20/2023 1:16,18237.5,18239.25,18237.25,18239.25,36,0,18222.80436
7/20/2023 1:17,18239,18239.75,18238,18239,43,0,18222.82226
7/20/2023 1:18,18238.5,18240,18238.5,18239,23,0,18222.83197
7/20/2023 1:19,18238.25,18239.5,18238,18238.5,26,0,18222.84259
7/20/2023 1:20,18238.5,18238.5,18237.5,18238.5,30,0,18222.85445
7/20/2023 1:21,18239,18242,18239,18241.25,93,0,18222.89726
7/20/2023 1:22,18242,18242.5,18241,18241,68,0,18222.92975
7/20/2023 1:23,18240.75,18241.25,18238.5,18239.5,48,0,18222.95045
7/20/2023 1:24,18239.75,18240,18238.5,18239,19,0,18222.95835
7/20/2023 1:25,18239.5,18240.25,18238.5,18240.25,19,0,18222.96649
7/20/2023 1:26,18240,18240.5,18238.5,18239.25,61,0,18222.99216
7/20/2023 1:27,18239.75,18239.75,18238,18239.5,57,0,18223.01559
7/20/2023 1:28,18238.25,18238.5,18237,18237.5,34,0,18223.0283
7/20/2023 1:29,18236.75,18237.75,18236.5,18237,36,0,18223.04121
7/20/2023 1:30,18237.25,18237.5,18236.5,18236.5,14,0,18223.04613
7/20/2023 1:31,18236.75,18237.25,18234.5,18236.75,107,0,18223.08182
7/20/2023 1:32,18236.5,18238,18235.75,18235.75,124,0,18223.12398
7/20/2023 1:33,18236,18238.5,18235.5,18237.75,83,0,18223.15363
7/20/2023 1:34,18238,18240.75,18238,18240,44,0,18223.1719
7/20/2023 1:35,18240,18243,18240,18242.25,78,0,18223.20843
7/20/2023 1:36,18242.25,18244.25,18242,18242.5,163,0,18223.28909
7/20/2023 1:37,18242.25,18242.25,18241.25,18242.25,29,0,18223.30264
7/20/2023 1:38,18242.5,18243.25,18241.5,18241.5,48,0,18223.32523
7/20/2023 1:39,18241,18242,18240.25,18241.25,41,0,18223.34354
7/20/2023 1:40,18241.25,18241.5,18240.75,18241.5,19,0,18223.35206
7/20/2023 1:41,18241.75,18241.75,18240.25,18240.25,45,0,18223.37162
7/20/2023 1:42,18240.25,18241.5,18240.25,18240.5,24,0,18223.38204
7/20/2023 1:43,18240,18241,18239.5,18241,39,0,18223.3987
7/20/2023 1:44,18241.25,18242.75,18241,18242.25,30,0,18223.41262
7/20/2023 1:45,18242.75,18242.75,18240.75,18241.25,74,0,18223.44608
7/20/2023 1:46,18241.25,18242.25,18240.5,18241.75,62,0,18223.4739
7/20/2023 1:47,18241.75,18242,18241.25,18241.5,28,0,18223.48649
7/20/2023 1:48,18241.25,18243.25,18241,18242,39,0,18223.50449
7/20/2023 1:49,18242,18242,18241,18241.25,28,0,18223.51692
7/20/2023 1:50,18241.25,18242.5,18241.25,18241.75,18,0,18223.52509
7/20/2023 1:51,18241.75,18242.75,18241.75,18242.25,14,0,18223.53159
7/20/2023 1:52,18242.5,18243.25,18242.5,18242.5,26,0,18223.54396
7/20/2023 1:53,18242.75,18243,18242.25,18242.75,31,0,18223.55862
7/20/2023 1:54,18243,18244.25,18243,18244,56,0,18223.58656
7/20/2023 1:55,18243.5,18243.75,18243,18243,31,0,18223.6016
7/20/2023 1:56,18243,18243.5,18242.25,18242.75,38,0,18223.61963
7/20/2023 1:57,18242.5,18245.25,18242.5,18244.5,124,0,18223.68202
7/20/2023 1:58,18244.25,18247,18244.25,18245.75,100,0,18223.73594
7/20/2023 1:59,18245.75,18245.75,18244.5,18245.5,31,0,18223.75228
7/20/2023 2:00,18245.75,18246,18244.5,18246,71,0,18223.79006
7/20/2023 2:01,18245.75,18251.75,18245.75,18251,323,0,18223.99164
7/20/2023 2:02,18251.5,18252.5,18249,18249.75,167,0,18224.09832
7/20/2023 2:03,18249.75,18250,18246.25,18246.75,132,0,18224.17329
7/20/2023 2:04,18247,18248.5,18245.5,18246.5,121,0,18224.23918
7/20/2023 2:05,18246.75,18247,18245,18246.5,65,0,18224.27337
7/20/2023 2:06,18247,18248,18246,18247.5,59,0,18224.30573
7/20/2023 2:07,18247.5,18250,18247.25,18250,57,0,18224.33952
7/20/2023 2:08,18249.75,18249.75,18246.75,18247.25,41,0,18224.36262
7/20/2023 2:09,18247,18247.75,18245.5,18246.25,68,0,18224.39855
7/20/2023 2:10,18245.5,18245.5,18243,18243.5,99,0,18224.44474
7/20/2023 2:11,18243.75,18244.25,18242,18243,157,0,18224.51415
7/20/2023 2:12,18242.5,18242.5,18240.5,18241.25,91,0,18224.55055
7/20/2023 2:13,18240.75,18240.75,18233.5,18233.75,241,0,18224.61548
7/20/2023 2:14,18233.5,18234,18228.75,18230,361,0,18224.66856
7/20/2023 2:15,18230.25,18232.5,18228.75,18230.25,150,0,18224.6889
7/20/2023 2:16,18230.5,18230.5,18226,18227.25,192,0,18224.70324
7/20/2023 2:17,18227.5,18228.75,18225.5,18225.5,117,0,18224.70832
7/20/2023 2:18,18225.75,18227,18220.75,18223.75,295,0,18224.7024
7/20/2023 2:19,18224,18226,18222.25,18224.25,152,0,18224.70054
7/20/2023 2:20,18224.25,18227.25,18224.25,18224.5,92,0,18224.70187
7/20/2023 2:21,18224,18226,18223,18224.5,90,0,18224.70146
7/20/2023 2:22,18224.25,18225,18222.5,18224.25,87,0,18224.69991
7/20/2023 2:23,18224.25,18226.5,18224,18226,51,0,18224.70083
7/20/2023 2:24,18226.25,18226.5,18225.25,18226.5,23,0,18224.70155
7/20/2023 2:25,18225.5,18226.75,18224.5,18226.5,81,0,18224.70378
7/20/2023 2:26,18226,18228.25,18225.25,18228.25,73,0,18224.70798
7/20/2023 2:27,18228.25,18230.25,18228.25,18230.25,93,0,18224.7182
7/20/2023 2:28,18229.75,18230.75,18229,18229.75,46,0,18224.7235
7/20/2023 2:29,18229.5,18229.5,18226,18226.5,160,0,18224.73287
7/20/2023 2:30,18226,18226.5,18225,18226,69,0,18224.73458
7/20/2023 2:31,18226.25,18226.25,18221.5,18224.5,152,0,18224.73237
7/20/2023 2:32,18224.5,18225.5,18223.25,18224.5,69,0,18224.73188
7/20/2023 2:33,18224.5,18224.5,18222,18223.25,114,0,18224.72812
7/20/2023 2:34,18223.75,18223.75,18218.5,18219,159,0,18224.71293
7/20/2023 2:35,18218.75,18220,18217,18217.75,135,0,18224.69365
7/20/2023 2:36,18217.5,18217.5,18214.5,18217.5,268,0,18224.64541
7/20/2023 2:37,18217.5,18221.25,18216.25,18219,115,0,18224.63077
7/20/2023 2:38,18219,18219,18216.75,18217.25,77,0,18224.61904
7/20/2023 2:39,18216.75,18216.75,18212.25,18213.75,159,0,18224.5831
7/20/2023 2:40,18213.5,18214.75,18212.5,18213.75,114,0,18224.55604
7/20/2023 2:41,18214.5,18215.75,18213.25,18213.75,67,0,18224.54105
7/20/2023 2:42,18213.5,18213.5,18207,18207.25,292,0,18224.44471
7/20/2023 2:43,18207,18209,18204,18204.25,240,0,18224.34841
7/20/2023 2:44,18204,18207.25,18203,18204.25,187,0,18224.27039
7/20/2023 2:45,18204.5,18205.5,18204,18205.25,62,0,18224.24477
7/20/2023 2:46,18204.75,18206.75,18203.25,18206,167,0,18224.17758
7/20/2023 2:47,18206.5,18206.5,18202.25,18202.75,90,0,18224.1387
7/20/2023 2:48,18202.75,18203.75,18201.25,18202,93,0,18224.09572
7/20/2023 2:49,18202,18204.25,18198.75,18199.25,193,0,18224.00062
7/20/2023 2:50,18199.75,18202.75,18198.75,18199,113,0,18223.94392
7/20/2023 2:51,18198.75,18201,18198,18198.75,130,0,18223.87651
7/20/2023 2:52,18199.5,18200.5,18198.25,18199.25,65,0,18223.84305
7/20/2023 2:53,18199.75,18201,18199,18199.75,67,0,18223.80949
7/20/2023 2:54,18199.25,18199.25,18194.5,18198.25,174,0,18223.71337
7/20/2023 2:55,18198,18200.75,18195.5,18198.5,130,0,18223.64449
7/20/2023 2:56,18198.75,18203.5,18198.75,18201.5,112,0,18223.59242
7/20/2023 2:57,18201.5,18201.75,18195,18196.25,115,0,18223.53067
7/20/2023 2:58,18196.25,18197.25,18193.25,18195.75,165,0,18223.43493
7/20/2023 2:59,18195.5,18199.25,18195,18198,129,0,18223.36584
7/20/2023 3:00,18198.5,18201,18197.75,18200,88,0,18223.32284
7/20/2023 3:01,18199.5,18205.25,18196.75,18204.25,476,0,18223.11712
7/20/2023 3:02,18203.75,18205,18201.25,18204.5,277,0,18223.00763
7/20/2023 3:03,18203.75,18204,18199.75,18200,154,0,18222.94005
7/20/2023 3:04,18199.75,18201.25,18196.75,18197.75,182,0,18222.85095
7/20/2023 3:05,18198.25,18199,18195.5,18198.5,226,0,18222.73708
7/20/2023 3:06,18198.75,18206,18198.75,18202.25,255,0,18222.63352
7/20/2023 3:07,18201.5,18208,18200.5,18207.25,437,0,18222.48361
7/20/2023 3:08,18207.25,18207.5,18203.75,18205,161,0,18222.42956
7/20/2023 3:09,18205,18206,18201.25,18202.25,253,0,18222.33416
7/20/2023 3:10,18202,18204.25,18199.5,18199.5,147,0,18222.27319
7/20/2023 3:11,18199.75,18205,18199.5,18204.25,89,0,18222.23963
7/20/2023 3:12,18204.25,18206,18203,18204.75,90,0,18222.20872
7/20/2023 3:13,18205.25,18205.25,18201.25,18203.5,165,0,18222.14834
7/20/2023 3:14,18203.75,18205,18199.75,18202,85,0,18222.1156
7/20/2023 3:15,18201.25,18201.75,18198.5,18200.25,77,0,18222.08294
7/20/2023 3:16,18200.25,18201.5,18199,18200.75,148,0,18222.02114
7/20/2023 3:17,18200.75,18206.5,18200.5,18206.25,206,0,18221.95153
7/20/2023 3:18,18206.25,18207,18203.75,18206,198,0,18221.88956
7/20/2023 3:19,18206.25,18207.5,18205,18206,93,0,18221.86165
7/20/2023 3:20,18206.25,18206.5,18202.25,18203.5,110,0,18221.82439
7/20/2023 3:21,18203,18205.25,18202.75,18204,100,0,18221.7905
7/20/2023 3:22,18203.25,18203.25,18199.75,18201.5,137,0,18221.73779
7/20/2023 3:23,18201.75,18205.25,18201.75,18204.25,107,0,18221.70137
7/20/2023 3:24,18203.5,18203.75,18199.75,18199.75,101,0,18221.66203
7/20/2023 3:25,18199.75,18199.75,18196.25,18197.25,199,0,18221.57249
7/20/2023 3:26,18197.25,18197.5,18192.75,18194,217,0,18221.4634
7/20/2023 3:27,18193.5,18194.75,18192.25,18192.5,195,0,18221.36037
7/20/2023 3:28,18192.25,18192.25,18186.25,18186.25,533,0,18221.03408
7/20/2023 3:29,18186.25,18191.5,18185.5,18189.25,201,0,18220.91454
7/20/2023 3:30,18188.75,18194,18188,18193.25,178,0,18220.81923
7/20/2023 3:31,18193,18194,18190.5,18193.25,159,0,18220.73704
7/20/2023 3:32,18193.75,18199.25,18193.75,18198.5,223,0,18220.64121
7/20/2023 3:33,18198.25,18199.75,18197.25,18197.75,156,0,18220.5777
7/20/2023 3:34,18197.25,18197.5,18195,18196.25,113,0,18220.52782
7/20/2023 3:35,18196.25,18198,18193.75,18198,101,0,18220.48403
7/20/2023 3:36,18197.75,18202.5,18195.25,18196,253,0,18220.38109
7/20/2023 3:37,18196.5,18201.25,18196,18200,268,0,18220.27869
7/20/2023 3:38,18199.5,18202.25,18198.5,18200.25,90,0,18220.24654
7/20/2023 3:39,18200,18201.25,18198.5,18198.75,78,0,18220.21759
7/20/2023 3:40,18198.75,18200,18196.75,18198.75,90,0,18220.18269
7/20/2023 3:41,18198.25,18198.5,18194,18194.25,132,0,18220.12483
7/20/2023 3:42,18194.25,18195,18190.75,18191,135,0,18220.05795
7/20/2023 3:43,18191.5,18196.5,18191.25,18195.75,125,0,18220.00129
7/20/2023 3:44,18196.25,18196.5,18191,18191.5,105,0,18219.95111
7/20/2023 3:45,18191.75,18197.75,18191.5,18196.5,104,0,18219.90572
7/20/2023 3:46,18196.5,18198,18192.5,18198,141,0,18219.84672
7/20/2023 3:47,18197.5,18201.5,18197.5,18201.25,210,0,18219.77384
7/20/2023 3:48,18201.5,18202.5,18200.25,18202.25,149,0,18219.72659
7/20/2023 3:49,18202.5,18203.25,18200.25,18200.5,174,0,18219.67071
7/20/2023 3:50,18200.75,18202,18198.25,18199,105,0,18219.63425
7/20/2023 3:51,18198.5,18199.75,18196.25,18197,88,0,18219.60061
7/20/2023 3:52,18197.25,18198.25,18192.5,18192.75,102,0,18219.55614
7/20/2023 3:53,18192.75,18196.5,18190.5,18194.5,187,0,18219.47285
7/20/2023 3:54,18195,18196.5,18194.75,18194.75,59,0,18219.44821
7/20/2023 3:55,18195.5,18199.5,18195,18198.75,99,0,18219.41112
7/20/2023 3:56,18199,18199.5,18195.5,18197,82,0,18219.3799
7/20/2023 3:57,18197.5,18198,18194.25,18197.5,70,0,18219.35242
7/20/2023 3:58,18197.25,18202.25,18196.75,18199,126,0,18219.30907
7/20/2023 3:59,18199.25,18199.5,18196.75,18197.25,104,0,18219.27076
7/20/2023 4:00,18197.25,18199.25,18196.75,18198.5,71,0,18219.24508
7/20/2023 4:01,18198.25,18200.25,18194.5,18195.75,328,0,18219.11984
7/20/2023 4:02,18195.25,18203.25,18195.25,18202.75,188,0,18219.06012
7/20/2023 4:03,18202.5,18204.5,18200.75,18204.25,333,0,18218.97074
7/20/2023 4:04,18204.25,18207.5,18204.25,18206.25,318,0,18218.90145
7/20/2023 4:05,18206.25,18208.25,18205,18205,178,0,18218.86324
7/20/2023 4:06,18204.75,18205.75,18201.5,18201.75,188,0,18218.81345
7/20/2023 4:07,18201.75,18202.5,18200,18200,94,0,18218.78527
7/20/2023 4:08,18200.25,18202.5,18200.25,18202,79,0,18218.76265
7/20/2023 4:09,18201.5,18202,18197.75,18198.5,205,0,18218.69685
7/20/2023 4:10,18198.5,18201.5,18198.5,18199.75,118,0,18218.66016
7/20/2023 4:11,18199.25,18201,18197.25,18197.75,95,0,18218.62876
7/20/2023 4:12,18197.25,18197.75,18190.75,18191,349,0,18218.48269
7/20/2023 4:13,18191.5,18194,18190.5,18191.75,463,0,18218.2833
7/20/2023 4:14,18191.5,18193.25,18187.25,18187.25,420,0,18218.08573
7/20/2023 4:15,18187.25,18187.5,18180.25,18183.75,665,0,18217.72061
7/20/2023 4:16,18183.75,18186.75,18181.75,18183.25,241,0,18217.59053
7/20/2023 4:17,18182.5,18189.5,18182.5,18187.25,210,0,18217.48634
7/20/2023 4:18,18187.5,18191.25,18186.75,18187,208,0,18217.39016
7/20/2023 4:19,18186.5,18188.5,18186,18187.25,90,0,18217.34719
7/20/2023 4:20,18187,18187,18180.5,18181,240,0,18217.21649
7/20/2023 4:21,18181.25,18182.25,18180.5,18181.5,156,0,18217.12858
7/20/2023 4:22,18181.75,18184.25,18177.25,18182.25,652,0,18216.7641
7/20/2023 4:23,18182.25,18182.25,18173.25,18174.75,424,0,18216.50149
7/20/2023 4:24,18174.5,18183,18174.25,18183,204,0,18216.38686
7/20/2023 4:25,18182.5,18183,18181,18181.5,140,0,18216.31238
7/20/2023 4:26,18181.5,18183.5,18181,18182,184,0,18216.21592
7/20/2023 4:27,18182,18182.5,18178.25,18178.25,165,0,18216.12357
7/20/2023 4:28,18178.25,18182.75,18177.5,18182.75,152,0,18216.042
7/20/2023 4:29,18182.5,18183.25,18181.5,18181.5,136,0,18215.97158
7/20/2023 4:30,18181.5,18182.25,18177.5,18177.5,228,0,18215.84379
7/20/2023 4:31,18177.75,18177.75,18170,18171.75,434,0,18215.56421
7/20/2023 4:32,18172,18178.25,18171.5,18177.5,194,0,18215.44796
7/20/2023 4:33,18177.75,18182.5,18177.75,18182,189,0,18215.34954
7/20/2023 4:34,18182.25,18183.5,18181.25,18181.75,190,0,18215.25519
7/20/2023 4:35,18182.25,18183,18181,18182.25,72,0,18215.21949
7/20/2023 4:36,18182.25,18185.5,18181.75,18182,496,0,18214.98296
7/20/2023 4:37,18181.25,18183,18181.25,18182.5,60,0,18214.95384
7/20/2023 4:38,18182.5,18183.75,18182,18182.25,89,0,18214.9113
7/20/2023 4:39,18182.5,18183.25,18180.75,18180.75,91,0,18214.86645
7/20/2023 4:40,18180.75,18181.5,18178.5,18180.25,116,0,18214.8069
7/20/2023 4:41,18180.25,18181.5,18178.25,18181.5,109,0,18214.75165
7/20/2023 4:42,18181.75,18182.25,18180.25,18182,84,0,18214.71054
7/20/2023 4:43,18182.25,18183,18181.25,18181.25,116,0,18214.6545
7/20/2023 4:44,18181.75,18183.5,18181,18183.25,112,0,18214.60181
7/20/2023 4:45,18183.5,18183.75,18181.25,18181.25,157,0,18214.52708
7/20/2023 4:46,18181.75,18181.75,18175.25,18175.25,404,0,18214.30894
7/20/2023 4:47,18174.75,18177.75,18174.75,18177.75,92,0,18214.25873
7/20/2023 4:48,18178,18179.25,18177,18178.5,94,0,18214.20961
7/20/2023 4:49,18178.25,18179.25,18177,18179.25,94,0,18214.16097
7/20/2023 4:50,18179.25,18180.5,18178,18180.5,179,0,18214.07173
7/20/2023 4:51,18179.75,18183,18179.75,18182.75,99,0,18214.02566
7/20/2023 4:52,18182.25,18182.5,18181.25,18182.5,91,0,18213.98377
7/20/2023 4:53,18182.25,18182.75,18181.25,18182,104,0,18213.93589
7/20/2023 4:54,18182,18182.75,18180.75,18182,52,0,18213.91188
7/20/2023 4:55,18181.5,18181.5,18177.75,18178.25,88,0,18213.86797
7/20/2023 4:56,18178,18178,18174.25,18175.5,168,0,18213.77661
7/20/2023 4:57,18175,18178,18175,18175.75,129,0,18213.70737
7/20/2023 4:58,18176.25,18180.25,18175.25,18180.25,96,0,18213.65921
7/20/2023 4:59,18179.75,18180.5,18177,18177.25,67,0,18213.62536
7/20/2023 5:00,18177.5,18181.5,18177,18180.75,135,0,18213.56023
7/20/2023 5:01,18180.5,18180.5,18177.5,18179,130,0,18213.49636
7/20/2023 5:02,18179.25,18179.25,18172.75,18174.25,141,0,18213.42019
7/20/2023 5:03,18174,18174.5,18171.5,18174.25,124,0,18213.34994
7/20/2023 5:04,18173.75,18174,18171,18172.5,68,0,18213.31063
7/20/2023 5:05,18172.5,18173.25,18165.5,18169,329,0,18213.10649
7/20/2023 5:06,18169.25,18172.75,18169,18170.5,139,0,18213.02374
7/20/2023 5:07,18170.25,18174,18170,18172.25,116,0,18212.9571
7/20/2023 5:08,18172.5,18176.75,18172.5,18175.75,124,0,18212.89116
7/20/2023 5:09,18175.5,18175.75,18172,18172,77,0,18212.84845
7/20/2023 5:10,18172.75,18174.25,18170.75,18173.5,73,0,18212.80762
7/20/2023 5:11,18173.5,18175.75,18173,18173.5,45,0,18212.78327
7/20/2023 5:12,18172.75,18173.25,18171,18171.25,32,0,18212.76498
7/20/2023 5:13,18171.5,18173.25,18171.5,18172.75,57,0,18212.73295
7/20/2023 5:14,18172.75,18173.5,18172.25,18172.5,31,0,18212.71567
7/20/2023 5:15,18172.75,18174.25,18172,18173.25,52,0,18212.68701
7/20/2023 5:16,18172.5,18176.5,18171.75,18175,86,0,18212.64119
7/20/2023 5:17,18175.25,18175.75,18173.25,18174,52,0,18212.61348
7/20/2023 5:18,18174.25,18176.25,18174.25,18176,57,0,18212.58408
7/20/2023 5:19,18176,18176,18174.25,18174.75,40,0,18212.5632
7/20/2023 5:20,18175,18176.75,18173.75,18174.5,61,0,18212.5314
7/20/2023 5:21,18174.25,18177.75,18173.25,18177,120,0,18212.47065
7/20/2023 5:22,18176.25,18181,18176.25,18178,198,0,18212.37748
7/20/2023 5:23,18178,18179,18176.25,18179,81,0,18212.33914
7/20/2023 5:24,18178.75,18181.75,18178.75,18181.75,80,0,18212.3043
7/20/2023 5:25,18181.25,18181.75,18179.75,18180,91,0,18212.26444
7/20/2023 5:26,18180.25,18182,18179.25,18180.25,121,0,18212.2116
7/20/2023 5:27,18179.75,18181,18179,18181,77,0,18212.1779
7/20/2023 5:28,18181.5,18181.5,18178.75,18180.5,58,0,18212.15249
7/20/2023 5:29,18181,18181.5,18180.75,18181.25,18,0,18212.14483
7/20/2023 5:30,18181,18182,18180.75,18180.75,44,0,18212.12615
7/20/2023 5:31,18180.75,18182.75,18180.75,18182.75,111,0,18212.0805
7/20/2023 5:32,18182.5,18183,18182,18182.5,61,0,18212.05581
7/20/2023 5:33,18182.25,18182.25,18180.75,18182,34,0,18212.04169
7/20/2023 5:34,18182.5,18184.25,18182,18182.75,290,0,18211.927
7/20/2023 5:35,18182.75,18182.75,18180.75,18182.25,108,0,18211.88293
7/20/2023 5:36,18182.25,18183.25,18181.75,18181.75,76,0,18211.85234
7/20/2023 5:37,18181.75,18182.5,18178,18178,128,0,18211.79618
7/20/2023 5:38,18178.25,18178.25,18174.5,18174.5,127,0,18211.73421
7/20/2023 5:39,18174.5,18176.75,18174,18175.25,94,0,18211.68795
7/20/2023 5:40,18175.25,18176,18172,18172.5,99,0,18211.63691
7/20/2023 5:41,18172.25,18173.25,18170.5,18170.75,156,0,18211.55255
7/20/2023 5:42,18170.5,18170.75,18168.5,18169.25,139,0,18211.47394
7/20/2023 5:43,18169,18169,18165.75,18168.25,249,0,18211.32774
7/20/2023 5:44,18168.5,18174.25,18167.5,18174.25,110,0,18211.26985
7/20/2023 5:45,18174.25,18175.75,18174,18174.5,115,0,18211.21372
7/20/2023 5:46,18174.75,18176.5,18174.5,18175.25,96,0,18211.16786
7/20/2023 5:47,18175.5,18178.5,18174.25,18177.5,165,0,18211.09224
7/20/2023 5:48,18178,18180.25,18178,18180.25,112,0,18211.04519
7/20/2023 5:49,18180.25,18182.75,18178.75,18181.25,225,0,18210.95533
7/20/2023 5:50,18181.25,18182.5,18180.75,18181,104,0,18210.91466
7/20/2023 5:51,18181.5,18183,18178.75,18182.5,161,0,18210.85192
7/20/2023 5:52,18182.5,18182.5,18180,18181.25,139,0,18210.79766
7/20/2023 5:53,18181.25,18183,18179.25,18182.5,186,0,18210.72618
7/20/2023 5:54,18182.25,18183.5,18181,18181.25,214,0,18210.64532
7/20/2023 5:55,18181,18182.75,18181,18181.5,67,0,18210.61994
7/20/2023 5:56,18181.25,18182.5,18180.25,18180.75,95,0,18210.58332
7/20/2023 5:57,18180.75,18181.25,18179.5,18180,37,0,18210.56864
7/20/2023 5:58,18180.5,18181.25,18179.25,18181.25,58,0,18210.5459
7/20/2023 5:59,18181.25,18181.5,18179.75,18180,76,0,18210.516
7/20/2023 6:00,18180.25,18182.75,18180.25,18181.75,80,0,18210.4858
7/20/2023 6:01,18181.5,18183,18181,18182.5,94,0,18210.45111
7/20/2023 6:02,18182.25,18183.75,18181.75,18182.25,109,0,18210.41159
7/20/2023 6:03,18182.25,18183.5,18180.5,18183,146,0,18210.35835
7/20/2023 6:04,18183,18183.25,18182,18183,38,0,18210.34473
7/20/2023 6:05,18182.75,18183.5,18181.75,18183.5,69,0,18210.32018
7/20/2023 6:06,18183.25,18188,18182.5,18187.75,404,0,18210.19386
7/20/2023 6:07,18188,18191.75,18188,18191.75,249,0,18210.13079
7/20/2023 6:08,18191.5,18194.25,18190.25,18194,245,0,18210.07646
7/20/2023 6:09,18194,18199,18193.5,18198.25,382,0,18210.01233
7/20/2023 6:10,18198.75,18201.75,18198.75,18199.75,266,0,18209.97875
7/20/2023 6:11,18199.5,18202,18198.5,18200.25,145,0,18209.96085
7/20/2023 6:12,18200,18201.25,18199,18200.5,110,0,18209.94731
7/20/2023 6:13,18201,18201,18198.25,18200.75,101,0,18209.9346
7/20/2023 6:14,18201,18205.25,18200.75,18205,234,0,18209.91609
7/20/2023 6:15,18204.75,18205,18202.25,18203,174,0,18209.90185
7/20/2023 6:16,18203,18204,18201.5,18203.5,141,0,18209.88961
7/20/2023 6:17,18203.25,18206,18202.75,18204,142,0,18209.87957
7/20/2023 6:18,18204.25,18204.25,18202.25,18203.5,103,0,18209.87112
7/20/2023 6:19,18204,18205.5,18202.75,18203,130,0,18209.86116
7/20/2023 6:20,18203.25,18203.5,18202.25,18203,87,0,18209.85361
7/20/2023 6:21,18203.25,18211,18201.25,18209.75,568,0,18209.83585
7/20/2023 6:22,18210.25,18210.25,18206.75,18207.75,184,0,18209.83223
7/20/2023 6:23,18208.25,18209.5,18205.5,18205.5,144,0,18209.8269
7/20/2023 6:24,18206,18207.25,18203.25,18204.25,104,0,18209.82059
7/20/2023 6:25,18204.5,18208,18203.25,18207,79,0,18209.81695
7/20/2023 6:26,18207,18209,18206.5,18207.25,87,0,18209.81456
7/20/2023 6:27,18207.5,18208,18205.25,18207,78,0,18209.81162
7/20/2023 6:28,18207.25,18207.5,18205,18206.5,73,0,18209.8085
7/20/2023 6:29,18206.75,18207.5,18203.5,18204.5,107,0,18209.8024
7/20/2023 6:30,18204.75,18207,18204.75,18205.25,44,0,18209.80017
