timestamp ET,open,high,low,close,volume,Vwap_RTH,Vwap_ETH
7/31/2023 12:12,18191,18197.75,18190.75,18194,435,18202.45621,18201.22645
7/31/2023 12:13,18194.5,18200.25,18194.25,18195,463,18202.44391,18201.21992
7/31/2023 12:14,18195.25,18196.75,18191.5,18191.75,420,18202.42687,18201.21005
7/31/2023 12:15,18191.5,18193.5,18187.75,18188.75,607,18202.39337,18201.18982
7/31/2023 12:16,18188.75,18190.25,18180.75,18189.5,1029,18202.32259,18201.14602
7/31/2023 12:17,18190,18194.5,18189.25,18189.5,575,18202.29409,18201.12889
7/31/2023 12:18,18189.25,18194.5,18187,18193.25,398,18202.27532,18201.11766
7/31/2023 12:19,18193.25,18198.5,18193,18198,535,18202.26175,18201.11037
7/31/2023 12:20,18198,18205.25,18196.5,18201.75,846,18202.2577,18201.11051
7/31/2023 12:21,18202.25,18206.25,18200.25,18202.75,760,18202.26044,18201.11492
7/31/2023 12:22,18202,18203.5,18194.25,18196.75,709,18202.24782,18201.10879
7/31/2023 12:23,18196.75,18200,18195,18199.25,327,18202.24191,18201.10589
7/31/2023 12:24,18199.5,18205,18198.5,18202.5,727,18202.24114,18201.10779
7/31/2023 12:25,18202.25,18203.5,18197.75,18200.25,400,18202.23814,18201.10708
7/31/2023 12:26,18201,18202.75,18198.5,18199.75,388,18202.23495,18201.10621
7/31/2023 12:27,18199.75,18203.25,18199,18200.75,286,18202.23343,18201.10612
7/31/2023 12:28,18200.5,18205.25,18198.25,18204.75,448,18202.23442,18201.10826
7/31/2023 12:29,18204.5,18209.25,18203.5,18207.75,822,18202.25062,18201.12192
7/31/2023 12:30,18207.5,18209.75,18206.5,18208.25,574,18202.26513,18201.13364
7/31/2023 12:31,18207.75,18211.25,18204,18206.75,807,18202.28255,18201.1481
7/31/2023 12:32,18207,18209.25,18202.5,18205.5,569,18202.29093,18201.15566
7/31/2023 12:33,18205,18205,18198.25,18199.75,675,18202.28724,18201.15536
7/31/2023 12:34,18199.5,18202.25,18194,18201.75,706,18202.27843,18201.15166
7/31/2023 12:35,18202.25,18202.75,18198.5,18199.5,245,18202.27633,18201.15102
7/31/2023 12:36,18198.75,18200,18191.25,18192,621,18202.25579,18201.13903
7/31/2023 12:37,18191.75,18194.75,18188.75,18194.5,644,18202.22987,18201.12341
7/31/2023 12:38,18195,18199.25,18194.5,18198,420,18202.22111,18201.11876
7/31/2023 12:39,18197.5,18202.25,18196.25,18201.25,353,18202.21771,18201.11755
7/31/2023 12:40,18201,18204.5,18199.75,18200.5,428,18202.21657,18201.11812
7/31/2023 12:41,18200.25,18200.25,18191.5,18192,633,18202.19645,18201.10634
7/31/2023 12:42,18192.5,18195,18188.25,18191.25,649,18202.16761,18201.08862
7/31/2023 12:43,18191,18192.25,18186.5,18190.75,598,18202.13705,18201.06952
7/31/2023 12:44,18190.25,18192.75,18188.25,18190.5,314,18202.12193,18201.06011
7/31/2023 12:45,18190.5,18195.25,18188.75,18192.75,472,18202.10269,18201.04834
7/31/2023 12:46,18192.75,18193,18187,18191.25,482,18202.07947,18201.03385
7/31/2023 12:47,18191.75,18192.5,18187.25,18187.25,322,18202.06213,18201.02291
7/31/2023 12:48,18187.5,18188.5,18184,18186,558,18202.02571,18200.99953
7/31/2023 12:49,18186,18190.5,18183.75,18189,506,18201.9961,18200.98065
7/31/2023 12:50,18189,18194,18188,18192.5,489,18201.97511,18200.96761
7/31/2023 12:51,18193.25,18194,18186,18186.25,412,18201.95286,18200.95347
7/31/2023 12:52,18185.75,18189.25,18184.25,18186.75,513,18201.92108,18200.93303
7/31/2023 12:53,18186.25,18189,18181.75,18187.25,539,18201.88619,18200.91049
7/31/2023 12:54,18187,18187,18178,18180.5,825,18201.81915,18200.86651
7/31/2023 12:55,18181,18188.25,18180.25,18187,596,18201.77903,18200.84041
7/31/2023 12:56,18186.75,18186.75,18176,18179.25,800,18201.71097,18200.79549
7/31/2023 12:57,18179.5,18184,18177.25,18182,517,18201.66808,18200.76716
7/31/2023 12:58,18182,18182,18175,18177.25,516,18201.61925,18200.73467
7/31/2023 12:59,18177.5,18180.25,18172.5,18179.25,948,18201.52721,18200.67326
7/31/2023 13:00,18179.25,18180.5,18173.5,18175.25,464,18201.48072,18200.64215
7/31/2023 13:01,18175.25,18179,18172.25,18177.75,843,18201.39642,18200.58562
7/31/2023 13:02,18178,18178.5,18164.25,18167.5,1298,18201.23561,18200.47681
7/31/2023 13:03,18167.75,18168.5,18157.5,18167.5,1788,18200.97757,18200.30088
7/31/2023 13:04,18167.75,18173.5,18166.5,18173,1011,18200.85897,18200.22008
7/31/2023 13:05,18172.5,18173,18166.75,18168.75,573,18200.78882,18200.17215
7/31/2023 13:06,18168.75,18170.5,18166.25,18170.25,531,18200.72305,18200.12714
7/31/2023 13:07,18170,18180.75,18169.75,18178,1276,18200.60157,18200.04429
7/31/2023 13:08,18178,18186.75,18177.75,18186,997,18200.53572,18199.99971
7/31/2023 13:09,18185.75,18191,18185.25,18188.75,1042,18200.48681,18199.96695
7/31/2023 13:10,18189,18192.5,18187.25,18191.75,673,18200.46102,18199.94982
7/31/2023 13:11,18191.75,18195.5,18189.75,18194,751,18200.43983,18199.93597
7/31/2023 13:12,18193.75,18193.75,18188,18190.5,704,18200.4138,18199.91864
7/31/2023 13:13,18190.5,18195.25,18189.5,18194,479,18200.40012,18199.90967
7/31/2023 13:14,18193.25,18193.75,18190.5,18192.5,363,18200.38887,18199.90223
7/31/2023 13:15,18192.25,18192.25,18185.5,18186.75,515,18200.36498,18199.8861
7/31/2023 13:16,18186.75,18188.25,18181.25,18183.5,638,18200.32625,18199.85965
7/31/2023 13:17,18183,18183.75,18178,18182,592,18200.28359,18199.83033
7/31/2023 13:18,18181.75,18183.5,18172.75,18173,639,18200.22611,18199.79059
7/31/2023 13:19,18173,18173.75,18166.5,18169,1212,18200.08753,18199.69417
7/31/2023 13:20,18168.5,18172.25,18165,18166.25,730,18199.99943,18199.6327
7/31/2023 13:21,18166.75,18175.5,18164,18174,913,18199.90127,18199.56418
7/31/2023 13:22,18174.25,18178.75,18170.25,18176.75,724,18199.8349,18199.51785
7/31/2023 13:23,18177,18182,18174.5,18176.25,771,18199.77128,18199.47344
7/31/2023 13:24,18176.25,18178,18173.5,18177.25,416,18199.73506,18199.4481
7/31/2023 13:25,18177.5,18182,18175.5,18176.5,447,18199.69914,18199.42297
7/31/2023 13:26,18176.5,18177,18170.75,18172.5,413,18199.65908,18199.39486
7/31/2023 13:27,18172,18177.75,18171,18176.75,341,18199.6283,18199.37326
7/31/2023 13:28,18176.5,18183,18175.75,18182.25,455,18199.59599,18199.35063
7/31/2023 13:29,18182.75,18187.75,18182.5,18183.75,862,18199.54878,18199.31764
7/31/2023 13:30,18183.25,18183.25,18175.75,18176,494,18199.51041,18199.29066
7/31/2023 13:31,18176.25,18182.75,18175,18180.5,465,18199.47626,18199.26663
7/31/2023 13:32,18180.5,18181.75,18178.5,18180.5,369,18199.45036,18199.24841
7/31/2023 13:33,18180.5,18187.25,18180.25,18186.75,464,18199.4255,18199.23096
7/31/2023 13:34,18186.25,18189,18184.25,18187.25,472,18199.40388,18199.2158
7/31/2023 13:35,18187.75,18188.25,18185,18187.5,261,18199.39203,18199.20749
7/31/2023 13:36,18187.25,18191.5,18186,18190.25,470,18199.37474,18199.19538
7/31/2023 13:37,18190.75,18191,18187.75,18190,325,18199.3632,18199.18731
7/31/2023 13:38,18190,18198,18189.5,18196.25,969,18199.34648,18199.17581
7/31/2023 13:39,18196.25,18199.5,18195.75,18198.75,586,18199.34363,18199.17404
7/31/2023 13:40,18198.25,18204.75,18197.75,18204.25,1004,18199.35411,18199.18197
7/31/2023 13:41,18204.5,18205,18194,18195,1150,18199.34854,18199.17849
7/31/2023 13:42,18194.75,18199.5,18191.75,18199,637,18199.34264,18199.17454
7/31/2023 13:43,18198.75,18201.25,18197.5,18198.25,569,18199.34194,18199.17428
7/31/2023 13:44,18198.25,18200.75,18198,18198,283,18199.34151,18199.1741
7/31/2023 13:45,18198,18200.5,18197,18199.25,418,18199.34088,18199.17382
7/31/2023 13:46,18199,18200.5,18193.5,18194.5,649,18199.33358,18199.16886
7/31/2023 13:47,18194.25,18194.75,18190.75,18191.25,685,18199.31643,18199.15683
7/31/2023 13:48,18191.25,18194.5,18185.75,18193.25,967,18199.28867,18199.13727
7/31/2023 13:49,18192.75,18193.5,18188.25,18192.75,441,18199.27658,18199.12875
7/31/2023 13:50,18192.5,18194.75,18188.25,18193.75,472,18199.26494,18199.12055
7/31/2023 13:51,18193.75,18194.5,18181.75,18185.75,960,18199.22485,18199.09203
7/31/2023 13:52,18186,18189.75,18183.5,18186.75,582,18199.19932,18199.07383
7/31/2023 13:53,18186.5,18192.25,18185.75,18190.25,413,18199.18523,18199.06381
7/31/2023 13:54,18190,18191.25,18182,18183.25,482,18199.16226,18199.04739
7/31/2023 13:55,18182.75,18184.25,18179.75,18180.75,445,18199.13506,18199.0279
7/31/2023 13:56,18180.5,18186.25,18178.75,18185,494,18199.10797,18199.00848
7/31/2023 13:57,18185.5,18188.75,18181.75,18188.25,473,18199.0869,18198.99338
7/31/2023 13:58,18188,18188.25,18182.25,18185.75,357,18199.07001,18198.98127
7/31/2023 13:59,18185.75,18187.75,18184,18186.75,237,18199.05944,18198.97368
7/31/2023 14:00,18186.25,18187.5,18184.75,18187.5,181,18199.05163,18198.96808
7/31/2023 14:01,18187,18189.75,18184.5,18188.5,508,18199.03154,18198.95366
7/31/2023 14:02,18189,18198.25,18188.75,18194,1230,18199.00887,18198.93749
7/31/2023 14:03,18194.25,18199.25,18194,18196.75,624,18199.00386,18198.93397
7/31/2023 14:04,18196.75,18198.75,18192,18193.5,576,18198.99548,18198.928
7/31/2023 14:05,18193.75,18196.25,18190.5,18193.75,539,18198.98537,18198.92076
7/31/2023 14:06,18194,18195.25,18192.5,18193.25,384,18198.9784,18198.91577
7/31/2023 14:07,18192.75,18194,18189.5,18194,342,18198.97085,18198.91035
7/31/2023 14:08,18193.75,18194.75,18182.25,18186.75,1231,18198.9247,18198.87701
7/31/2023 14:09,18187,18189.75,18182.25,18188,631,18198.89852,18198.85805
7/31/2023 14:10,18187.25,18187.25,18182.75,18184.75,313,18198.88372,18198.84733
7/31/2023 14:11,18184.5,18189.25,18180.25,18188.25,789,18198.84922,18198.8223
7/31/2023 14:12,18188.25,18189,18179.25,18184,608,18198.81901,18198.80035
7/31/2023 14:13,18184,18189.75,18184,18187.5,323,18198.80627,18198.79109
7/31/2023 14:14,18187.25,18190.5,18183.75,18188,348,18198.79296,18198.78141
7/31/2023 14:15,18188,18188.25,18184.25,18184.25,242,18198.78223,18198.7736
7/31/2023 14:16,18184,18187.25,18183,18185.5,284,18198.76935,18198.76422
7/31/2023 14:17,18185.75,18189.5,18184.5,18187,296,18198.75769,18198.75572
7/31/2023 14:18,18186.75,18186.75,18183,18184.5,318,18198.74279,18198.74486
7/31/2023 14:19,18184.5,18191.75,18184,18189,587,18198.72223,18198.72986
7/31/2023 14:20,18189.25,18190,18187,18187.5,208,18198.7149,18198.72451
7/31/2023 14:21,18187.5,18190.5,18184,18189.75,476,18198.69805,18198.7122
7/31/2023 14:22,18189.75,18190,18181.75,18182.5,447,18198.67731,18198.69704
7/31/2023 14:23,18182.5,18183.25,18173.75,18177.5,1221,18198.59436,18198.63635
7/31/2023 14:24,18177.5,18181.25,18175.25,18179.25,532,18198.55916,18198.61055
7/31/2023 14:25,18179.25,18179.25,18173.75,18178.25,507,18198.52322,18198.58419
7/31/2023 14:26,18177.75,18179.75,18173.75,18174.25,490,18198.48672,18198.5574
7/31/2023 14:27,18174.25,18178.25,18169,18176.75,1233,18198.39032,18198.48654
7/31/2023 14:28,18176.75,18180.25,18176.25,18180.25,539,18198.35593,18198.46121
7/31/2023 14:29,18180,18185,18179,18183.25,557,18198.32689,18198.43977
7/31/2023 14:30,18183,18183.5,18177,18177,420,18198.30061,18198.42037
7/31/2023 14:31,18177.5,18181.75,18175,18175,473,18198.26814,18198.3964
7/31/2023 14:32,18175,18176.25,18171.75,18173.75,580,18198.22217,18198.36246
7/31/2023 14:33,18173.5,18177,18171.25,18176.75,619,18198.17548,18198.32794
7/31/2023 14:34,18177,18182.25,18176.25,18181,520,18198.14455,18198.30502
7/31/2023 14:35,18181.25,18181.75,18178.5,18181.5,274,18198.12896,18198.29345
7/31/2023 14:36,18181.25,18183.75,18179.75,18182.75,398,18198.1083,18198.27809
7/31/2023 14:37,18182.75,18186.25,18176.75,18179.5,765,18198.06564,18198.24639
7/31/2023 14:38,18179.5,18180.25,18168.75,18170.25,953,18197.98903,18198.18954
7/31/2023 14:39,18170.5,18175.75,18169,18172.75,603,18197.93967,18198.15288
7/31/2023 14:40,18172.75,18176.5,18169.5,18175.5,401,18197.90866,18198.12981
7/31/2023 14:41,18175.75,18178.25,18173.25,18177,369,18197.88296,18198.11067
7/31/2023 14:42,18177.5,18183.75,18177,18180.5,554,18197.85202,18198.08754
7/31/2023 14:43,18180.5,18181,18176.25,18176.75,383,18197.82773,18198.0694
7/31/2023 14:44,18177.25,18178,18173.75,18177.25,326,18197.80537,18198.05271
7/31/2023 14:45,18177,18182.5,18176.5,18181.25,394,18197.78312,18198.03604
7/31/2023 14:46,18181.5,18184.75,18180,18181.25,403,18197.76288,18198.02085
7/31/2023 14:47,18181,18181.5,18177.25,18177.5,480,18197.73388,18197.99912
7/31/2023 14:48,18177.25,18179.5,18174.5,18177.25,561,18197.69713,18197.9716
7/31/2023 14:49,18177.5,18185.25,18177.5,18183.25,510,18197.67178,18197.95252
7/31/2023 14:50,18183.5,18188.75,18183.25,18188.25,749,18197.64593,18197.93289
7/31/2023 14:51,18188.5,18191,18187,18190.25,752,18197.62642,18197.91794
7/31/2023 14:52,18190.25,18193.75,18184.5,18192.75,1359,18197.59532,18197.89396
7/31/2023 14:53,18192.5,18197.25,18191.25,18195.25,1088,18197.58506,18197.88559
7/31/2023 14:54,18195,18200,18195,18195.5,803,18197.58318,18197.88364
7/31/2023 14:55,18195.75,18199.5,18192.5,18193.5,727,18197.57771,18197.87907
7/31/2023 14:56,18193.25,18199,18193,18198.25,631,18197.57609,18197.87742
7/31/2023 14:57,18198.75,18201.5,18197,18201.5,646,18197.58095,18197.88059
7/31/2023 14:58,18201,18204.75,18199.75,18203.25,682,18197.5915,18197.88797
7/31/2023 14:59,18203,18206.75,18201.75,18205.25,783,18197.6084,18197.90002
7/31/2023 15:00,18204.75,18204.75,18198.5,18199.5,900,18197.61756,18197.90625
7/31/2023 15:01,18199,18201.25,18191.25,18191.75,1308,18197.60607,18197.89681
7/31/2023 15:02,18192.25,18193.75,18189.75,18191.75,800,18197.59174,18197.88558
7/31/2023 15:03,18192.25,18196.25,18188.75,18195,716,18197.58243,18197.87815
7/31/2023 15:04,18194.5,18194.75,18188.75,18189.75,544,18197.57166,18197.86974
7/31/2023 15:05,18189.5,18189.75,18179.75,18182.25,1292,18197.51813,18197.82883
7/31/2023 15:06,18182.5,18184.75,18177,18179.75,933,18197.47008,18197.79221
7/31/2023 15:07,18180.25,18182.5,18177.75,18181.75,487,18197.44535,18197.77334
7/31/2023 15:08,18181.75,18182,18177.25,18181.5,343,18197.42755,18197.75976
7/31/2023 15:09,18181.5,18183.25,18177.25,18179,435,18197.40448,18197.74215
7/31/2023 15:10,18179.25,18180.75,18175.75,18176.75,528,18197.37324,18197.71834
7/31/2023 15:11,18176.75,18181,18171,18175.75,1374,18197.28488,18197.65098
7/31/2023 15:12,18176,18181.25,18174,18181.25,776,18197.24206,18197.61821
7/31/2023 15:13,18181,18181,18173.5,18174.5,684,18197.19938,18197.58558
7/31/2023 15:14,18174,18177.25,18172.5,18174.75,567,18197.1616,18197.5567
7/31/2023 15:15,18175,18178.5,18174.75,18178.25,498,18197.13198,18197.534
7/31/2023 15:16,18178,18182.5,18175.75,18178.5,790,18197.08928,18197.50117
7/31/2023 15:17,18178.25,18181.75,18175.5,18180.75,607,18197.05735,18197.47659
7/31/2023 15:18,18181.25,18181.25,18173.25,18174.25,581,18197.02159,18197.44914
7/31/2023 15:19,18174.5,18181.5,18173.5,18180,550,18196.99125,18197.42576
7/31/2023 15:20,18180,18183.75,18179.5,18182.5,617,18196.96383,18197.40452
7/31/2023 15:21,18182.5,18184.25,18178.25,18178.75,651,18196.93215,18197.38
7/31/2023 15:22,18178.5,18181.75,18175.75,18178.5,661,18196.8967,18197.35261
7/31/2023 15:23,18178,18181,18176.25,18180.75,325,18196.87996,18197.33966
7/31/2023 15:24,18180.5,18186.25,18178.5,18179.5,819,18196.8429,18197.31086
7/31/2023 15:25,18179.5,18180,18173,18173.75,792,18196.79375,18197.27293
7/31/2023 15:26,18174,18176,18169.75,18170.5,927,18196.72706,18197.22156
7/31/2023 15:27,18171,18175.75,18169.25,18175,597,18196.68647,18197.19023
7/31/2023 15:28,18175,18181,18174.25,18181,702,18196.64995,18197.16183
7/31/2023 15:29,18181,18181.75,18178.25,18179,527,18196.62403,18197.14163
7/31/2023 15:30,18178.75,18179,18175.75,18177.25,335,18196.60533,18197.1271
7/31/2023 15:31,18177.5,18182.75,18177.25,18180.25,715,18196.57122,18197.10046
7/31/2023 15:32,18180.25,18181,18169.25,18172.5,973,18196.50869,18197.05196
7/31/2023 15:33,18172,18174.25,18166.25,18170.5,992,18196.43415,18196.99427
7/31/2023 15:34,18170,18172,18163.75,18165.25,1094,18196.34199,18196.92301
7/31/2023 15:35,18165,18168,18163.5,18167.25,898,18196.26485,18196.86332
7/31/2023 15:36,18167,18168,18161.25,18163.25,1190,18196.15618,18196.77921
7/31/2023 15:37,18163,18171.25,18162.25,18166,890,18196.08129,18196.72107
7/31/2023 15:38,18166.25,18166.5,18158.75,18163.5,1213,18195.96752,18196.63283
7/31/2023 15:39,18163.75,18165.5,18160,18163.5,698,18195.90257,18196.58238
7/31/2023 15:40,18163.5,18164.5,18156.75,18159.75,721,18195.83033,18196.52631
7/31/2023 15:41,18160,18168.25,18159.25,18165.5,977,18195.74389,18196.45898
7/31/2023 15:42,18165.25,18170.25,18165.25,18166,799,18195.6799,18196.40896
7/31/2023 15:43,18166.5,18167.75,18160.75,18162.5,692,18195.61793,18196.3606
7/31/2023 15:44,18163,18168.75,18162,18168.75,644,18195.56557,18196.31962
7/31/2023 15:45,18168.5,18169.5,18163.75,18166.5,700,18195.50903,18196.27533
7/31/2023 15:46,18166.25,18169.5,18162.75,18162.75,899,18195.43279,18196.21561
7/31/2023 15:47,18163,18163.5,18155.25,18158.5,1219,18195.31003,18196.11972
7/31/2023 15:48,18158.75,18159,18149.75,18153,1415,18195.1484,18195.99359
7/31/2023 15:49,18153.25,18155.25,18148.75,18152,1085,18195.01959,18195.89301
7/31/2023 15:50,18152.25,18156.25,18148.5,18154.25,1087,18194.89429,18195.79498
7/31/2023 15:51,18154.25,18165.25,18151.5,18163.25,2068,18194.69746,18195.64002
7/31/2023 15:52,18163.5,18173.25,18163.5,18171.75,1793,18194.57482,18195.54228
7/31/2023 15:53,18172,18177.5,18170.75,18174,1287,18194.50349,18195.48483
7/31/2023 15:54,18174.25,18179.75,18174,18178.75,1290,18194.44436,18195.43671
7/31/2023 15:55,18179.25,18181.75,18173.75,18178.75,1601,18194.37406,18195.37927
7/31/2023 15:56,18179,18181.25,18168.75,18180,2345,18194.2633,18195.28898
7/31/2023 15:57,18179.75,18184.25,18178,18181,1838,18194.19901,18195.23546
7/31/2023 15:58,18181.5,18187,18180.5,18185.25,1348,18194.16354,18195.20519
7/31/2023 15:59,18185.5,18192.75,18177,18190.5,2957,18194.10601,18195.15439
7/31/2023 16:00,18190.75,18212,18190.5,18210.25,10566,18194.37969,18195.34555
7/31/2023 16:01,18210.25,18215.5,18204.5,18215.5,3844,18194.54934,18195.47067
7/31/2023 16:02,18215.75,18219.25,18214,18217.5,1434,18194.63015,18195.5312
7/31/2023 16:03,18217.5,18218,18213.75,18213.75,787,18194.67079,18195.56158
7/31/2023 16:04,18214,18217.5,18213.75,18215.25,602,18194.70227,18195.58514
7/31/2023 16:05,18215,18218.25,18214,18217.5,392,18194.72378,18195.60129
7/31/2023 16:06,18217.75,18218,18213,18215.75,677,18194.75914,18195.62779
7/31/2023 16:07,18216.25,18217,18214,18215,496,18194.78466,18195.64692
7/31/2023 16:08,18215.25,18216.25,18213.5,18216,378,18194.80399,18195.66141
7/31/2023 16:09,18216,18216,18214.25,18215.75,219,18194.81522,18195.66983
7/31/2023 16:10,18215.75,18216.5,18214.75,18215.75,184,18194.82479,18195.67702
7/31/2023 16:11,18215.75,18220.75,18215,18218,573,18194.85777,18195.70189
7/31/2023 16:12,18218.25,18220.75,18217,18217,294,18194.8749,18195.71482
7/31/2023 16:13,18216.75,18217.5,18215.75,18217.25,197,18194.88567,18195.72294
7/31/2023 16:14,18217.25,18218,18216,18217.75,162,18194.89468,18195.72974
7/31/2023 16:15,18218,18219.25,18216.25,18218.75,252,18194.90922,18195.74071
7/31/2023 16:16,18219,18220.25,18216.5,18219.5,165,18194.91899,18195.74811
7/31/2023 16:17,18219.5,18223.75,18219.25,18221.75,482,18194.9509,18195.77234
7/31/2023 16:18,18221.75,18222.25,18220.25,18222,126,18194.95921,18195.77865
7/31/2023 16:19,18222.25,18224.5,18222.25,18222.75,159,18194.97033,18195.78712
7/31/2023 16:20,18222.25,18222.75,18221.75,18222.75,60,18194.97442,18195.79022
7/31/2023 16:21,18222.5,18223.25,18221,18221.75,159,18194.98507,18195.79833
7/31/2023 16:22,18222,18223,18221,18221.5,76,18194.99013,18195.80217
7/31/2023 16:23,18221.75,18222,18220.75,18221,112,18194.99742,18195.80771
7/31/2023 16:24,18220.75,18221.25,18219.5,18219.75,117,18195.00472,18195.81325
7/31/2023 16:25,18219.75,18219.75,18218.25,18218.5,143,18195.01316,18195.81964
7/31/2023 16:26,18218.25,18218.75,18216.5,18216.5,203,18195.02433,18195.82809
7/31/2023 16:27,18216.5,18218.75,18216.5,18217.5,118,18195.03092,18195.83307
7/31/2023 16:28,18217.25,18218.5,18216.5,18217,89,18195.03583,18195.83679
7/31/2023 16:29,18217,18218.5,18216.75,18218,59,18195.03915,18195.8393
7/31/2023 16:30,18218,18218.5,18216.5,18216.75,118,18195.04563,18195.8442
7/31/2023 16:31,18216.75,18217,18216,18217,76,18195.0497,18195.84727
7/31/2023 16:32,18217.25,18218.75,18217,18218.75,137,18195.05752,18195.8532
7/31/2023 16:33,18218.75,18219,18216,18217.25,104,18195.06327,18195.85755
7/31/2023 16:34,18217.5,18217.5,18215.75,18217.25,54,18195.06618,18195.85974
7/31/2023 16:35,18217.5,18217.5,18216.5,18217,39,18195.06829,18195.86134
7/31/2023 16:36,18217,18218,18216.75,18217.75,27,18195.06979,18195.86247
7/31/2023 16:37,18217.75,18218.25,18217,18217.75,43,18195.07219,18195.86429
7/31/2023 16:38,18217.5,18218.25,18217.25,18218,33,18195.07404,18195.8657
7/31/2023 16:39,18217.5,18217.75,18217.25,18217.5,17,18195.07498,18195.86641
7/31/2023 16:40,18217.75,18218.75,18217.75,18217.75,52,18195.07794,18195.86865
7/31/2023 16:41,18218.25,18218.25,18217.5,18217.75,19,18195.07901,18195.86946
7/31/2023 16:42,18218,18218.75,18217.5,18217.75,57,18195.08223,18195.8719
7/31/2023 16:43,18217.5,18218,18217,18217.25,38,18195.08433,18195.87349
7/31/2023 16:44,18217,18218,18215.75,18217.5,118,18195.09074,18195.87834
7/31/2023 16:45,18217.25,18218,18215,18218,176,18195.10025,18195.88553
7/31/2023 16:46,18217.5,18218.75,18216.75,18217.75,137,18195.1079,18195.89133
7/31/2023 16:47,18217.75,18217.75,18216.5,18217.25,32,18195.10964,18195.89265
7/31/2023 16:48,18217.25,18218.75,18217,18218.75,50,18195.11249,18195.89481
7/31/2023 16:49,18218.25,18218.5,18216.75,18217,111,18195.11859,18195.89943
7/31/2023 16:50,18216.75,18219.5,18216.5,18219.25,88,18195.12364,18195.90326
7/31/2023 16:51,18219,18219.75,18217.75,18218.75,57,18195.12696,18195.90578
7/31/2023 16:52,18218.75,18219.5,18217.75,18218,78,18195.13144,18195.90918
7/31/2023 16:53,18218.5,18218.5,18218,18218.25,19,18195.13252,18195.91
7/31/2023 16:54,18218.5,18218.5,18215.75,18216.75,99,18195.13785,18195.91404
7/31/2023 16:55,18217,18217.75,18216.5,18216.75,44,18195.14022,18195.91583
7/31/2023 16:56,18216.5,18217.25,18215.75,18217,68,18195.14383,18195.91856
7/31/2023 16:57,18216.75,18218.25,18216.75,18218.25,58,18195.14706,18195.92101
7/31/2023 16:58,18218,18218.75,18218,18218.25,21,18195.14825,18195.92192
7/31/2023 16:59,18218,18218,18217.5,18217.5,45,18195.15075,18195.92381
7/31/2023 17:00,18218,18218.5,18216.5,18217.25,84,18195.15535,18195.9273
7/31/2023 18:01,18217.5,18223.5,18215,18221.75,197,0,18220.08333
7/31/2023 18:02,18222,18223.75,18220.75,18220.75,88,0,18220.59795
7/31/2023 18:03,18221.75,18221.75,18219.75,18220.5,33,0,18220.60508
7/31/2023 18:04,18221.25,18221.75,18220.5,18220.5,30,0,18220.63194
7/31/2023 18:05,18220.75,18224.5,18220.5,18224,127,0,18221.26509
7/31/2023 18:06,18223.25,18224.25,18222.5,18223.75,59,0,18221.51202
7/31/2023 18:07,18223.75,18224.5,18221.5,18222.25,55,0,18221.62762
7/31/2023 18:08,18221.5,18222.5,18220.5,18221.75,99,0,18221.62125
7/31/2023 18:09,18221.75,18223,18221.25,18221.5,23,0,18221.6308
7/31/2023 18:10,18222.25,18224.25,18222.25,18223,41,0,18221.71454
7/31/2023 18:11,18223.25,18225.75,18222.5,18224.25,101,0,18222.00488
7/31/2023 18:12,18224.25,18224.25,18223.25,18224,13,0,18222.03233
7/31/2023 18:13,18224.25,18224.25,18222.75,18223,19,0,18222.06026
7/31/2023 18:14,18222.5,18222.75,18220,18222.5,50,0,18222.04367
7/31/2023 18:15,18223,18223.25,18223,18223.25,4,0,18222.04846
7/31/2023 18:16,18223.25,18223.75,18223,18223.25,15,0,18222.06866
7/31/2023 18:17,18223,18223.5,18222.25,18222.75,28,0,18222.09046
7/31/2023 18:18,18222.5,18222.75,18221.25,18221.75,49,0,18222.0822
7/31/2023 18:19,18221.75,18222.5,18221.5,18222.25,17,0,18222.08222
7/31/2023 18:20,18221.5,18221.5,18221,18221,14,0,18222.07015
7/31/2023 18:21,18221.25,18221.25,18219.25,18220.5,66,0,18221.96853
7/31/2023 18:22,18221,18221.25,18218.75,18218.75,32,0,18221.90273
7/31/2023 18:23,18219.25,18219.25,18216.75,18218.75,58,0,18221.72879
7/31/2023 18:24,18219,18220.5,18217.25,18217.75,42,0,18221.62116
7/31/2023 18:25,18218.25,18220,18217.25,18220,52,0,18221.52058
7/31/2023 18:26,18220.5,18221,18218,18218.25,40,0,18221.44847
7/31/2023 18:27,18218,18218.5,18217.75,18218.25,16,0,18221.41009
7/31/2023 18:28,18218.25,18218.25,18215.5,18215.75,68,0,18221.17758
7/31/2023 18:29,18216.25,18216.75,18215.25,18216.5,64,0,18220.96378
7/31/2023 18:30,18215.5,18216,18213.25,18214,103,0,18220.5431
7/31/2023 18:31,18213.75,18214.5,18212,18212,87,0,18220.1462
7/31/2023 18:32,18211.75,18212,18207.5,18209,168,0,18219.18358
7/31/2023 18:33,18209.25,18211.75,18208.5,18211,58,0,18218.91819
7/31/2023 18:34,18211,18211.5,18210.25,18211.5,40,0,18218.75797
7/31/2023 18:35,18211,18211.25,18209.25,18210.25,28,0,18218.63789
7/31/2023 18:36,18209.75,18211.25,18209.25,18211.25,33,0,18218.50611
7/31/2023 18:37,18211.75,18212.5,18210.5,18211,46,0,18218.34618
7/31/2023 18:38,18210.75,18213,18210.75,18212.5,36,0,18218.23876
7/31/2023 18:39,18211.5,18212,18211.5,18211.5,17,0,18218.18596
7/31/2023 18:40,18211.25,18211.75,18209.5,18211.75,45,0,18218.03633
7/31/2023 18:41,18211.25,18212.75,18211.25,18212.5,19,0,18217.98517
7/31/2023 18:42,18211.75,18211.75,18210,18210,12,0,18217.94465
7/31/2023 18:43,18210,18211.5,18209.75,18210.25,17,0,18217.88735
7/31/2023 18:44,18210,18210.25,18209.5,18210,14,0,18217.83716
7/31/2023 18:45,18209.25,18210.5,18209.25,18210.25,16,0,18217.78115
7/31/2023 18:46,18209.75,18210.25,18209.75,18210.25,4,0,18217.76742
7/31/2023 18:47,18210.25,18211.5,18210.25,18211.5,8,0,18217.74367
7/31/2023 18:48,18210.75,18213.5,18210.75,18211.5,47,0,18217.62449
7/31/2023 18:49,18211.5,18212.25,18211.25,18211.25,9,0,18217.60092
7/31/2023 18:50,18212.25,18213.25,18212.25,18213.25,10,0,18217.58071
7/31/2023 18:51,18212.75,18212.75,18212,18212,4,0,18217.57152
7/31/2023 18:52,18211,18212.25,18210.5,18212.25,12,0,18217.54115
7/31/2023 18:53,18211.75,18212,18211.75,18211.75,3,0,18217.53382
7/31/2023 18:54,18212,18212,18208.5,18208.75,27,0,18217.44488
7/31/2023 18:55,18208.5,18209,18206.5,18206.5,70,0,18217.15396
7/31/2023 18:56,18207.25,18208,18206.25,18208,21,0,18217.07063
7/31/2023 18:57,18207.5,18209,18205.75,18208.25,39,0,18216.92352
7/31/2023 18:58,18209,18209.5,18208.5,18209.25,15,0,18216.87663
7/31/2023 18:59,18208.5,18208.5,18208.5,18208.5,2,0,18216.86995
7/31/2023 19:00,18208.75,18209.25,18208.5,18209.25,8,0,18216.84495
7/31/2023 19:01,18209.5,18210.75,18209.25,18210.25,44,0,18216.72883
7/31/2023 19:02,18210.75,18210.75,18209.25,18209.75,10,0,18216.70234
7/31/2023 19:03,18209.75,18209.75,18207.5,18208.25,20,0,18216.63905
7/31/2023 19:04,18208.5,18209.75,18208.25,18209.75,11,0,18216.60782
7/31/2023 19:05,18209.5,18210.25,18209.5,18209.5,11,0,18216.57897
7/31/2023 19:06,18209.25,18209.25,18206.25,18206.75,30,0,18216.47501
7/31/2023 19:07,18206.75,18207.75,18205.75,18206.25,42,0,18216.32033
7/31/2023 19:08,18206.5,18206.75,18205.25,18206,45,0,18216.15028
7/31/2023 19:09,18206.25,18206.25,18205.5,18205.5,14,0,18216.09724
7/31/2023 19:10,18205.25,18205.75,18203.25,18203.25,109,0,18215.6384
7/31/2023 19:11,18203.75,18205.5,18203.75,18205.25,43,0,18215.47802
7/31/2023 19:12,18205.5,18206,18205.5,18206,15,0,18215.42834
7/31/2023 19:13,18206,18207.25,18203.75,18203.75,106,0,18215.05915
7/31/2023 19:14,18204.25,18205.25,18204.25,18204.75,13,0,18215.01493
7/31/2023 19:15,18204.5,18204.5,18203,18203.75,64,0,18214.78199
7/31/2023 19:16,18203.75,18206.25,18203.5,18205.75,30,0,18214.68968
7/31/2023 19:17,18205.75,18206,18203,18204.25,56,0,18214.50883
7/31/2023 19:18,18203.75,18204.25,18203.5,18204,14,0,18214.46242
7/31/2023 19:19,18204,18204.5,18203.75,18204.5,8,0,18214.43691
7/31/2023 19:20,18204.5,18204.75,18204.25,18204.5,8,0,18214.41215
7/31/2023 19:21,18204.75,18205,18204.25,18204.75,17,0,18214.36083
7/31/2023 19:22,18204.75,18204.75,18204.25,18204.25,3,0,18214.35159
7/31/2023 19:23,18204.25,18205,18204.25,18204.25,8,0,18214.32726
7/31/2023 19:24,18204.75,18204.75,18204.25,18204.75,4,0,18214.31524
7/31/2023 19:25,18204.75,18205.5,18204.5,18204.5,11,0,18214.28319
7/31/2023 19:26,18204.5,18204.5,18202.75,18203,43,0,18214.14147
7/31/2023 19:27,18202.75,18202.75,18201.75,18202.25,45,0,18213.98135
7/31/2023 19:28,18201.75,18202.5,18201.5,18201.75,11,0,18213.94177
7/31/2023 19:29,18201.5,18201.75,18200.25,18200.75,48,0,18213.75794
7/31/2023 19:30,18201,18201,18200.25,18200.25,14,0,18213.70359
7/31/2023 19:31,18200.5,18201.75,18200.25,18201.75,33,0,18213.5844
7/31/2023 19:32,18202,18202,18201.25,18201.5,32,0,18213.47404
7/31/2023 19:33,18201.5,18201.5,18201.25,18201.25,10,0,18213.43926
7/31/2023 19:34,18201.75,18202.25,18201.5,18202.25,13,0,18213.3968
7/31/2023 19:35,18202.25,18203.75,18202,18203.25,36,0,18213.29104
7/31/2023 19:36,18202.75,18205.5,18202.75,18205,54,0,18213.15767
7/31/2023 19:37,18205.5,18207.75,18205.5,18207.25,102,0,18212.98309
7/31/2023 19:38,18206.75,18209.5,18206.75,18208.25,91,0,18212.86732
7/31/2023 19:39,18207.75,18208,18206.75,18207.5,33,0,18212.82022
7/31/2023 19:40,18207,18207,18205.75,18206,20,0,18212.78599
7/31/2023 19:41,18205.75,18207,18204.75,18207,43,0,18212.71359
7/31/2023 19:42,18207,18207,18205,18206.25,31,0,18212.66107
7/31/2023 19:43,18205.5,18205.75,18204.75,18205.25,14,0,18212.63464
7/31/2023 19:44,18205,18205.25,18204,18205,20,0,18212.59469
7/31/2023 19:45,18206,18206,18205.25,18205.25,10,0,18212.57676
7/31/2023 19:46,18205,18205.75,18204.5,18204.75,21,0,18212.53676
7/31/2023 19:47,18205.25,18206.5,18205,18206.5,23,0,18212.49919
7/31/2023 19:48,18206,18209.5,18205.75,18206.25,155,0,18212.30031
7/31/2023 19:49,18206.25,18207.75,18206,18207,42,0,18212.24645
7/31/2023 19:50,18207.25,18209,18207.25,18209,34,0,18212.21568
7/31/2023 19:51,18209,18209,18207.75,18208.25,50,0,18212.17034
7/31/2023 19:52,18208.25,18208.25,18207,18207.25,43,0,18212.12391
7/31/2023 19:53,18207.25,18207.25,18206.75,18207.25,15,0,18212.10649
7/31/2023 19:54,18208,18209,18208,18208.75,15,0,18212.09436
7/31/2023 19:55,18209.25,18209.75,18207.25,18207.75,25,0,18212.07241
7/31/2023 19:56,18208.5,18208.5,18207.5,18208.5,10,0,18212.06352
7/31/2023 19:57,18208.25,18208.25,18207,18207.25,22,0,18212.04076
7/31/2023 19:58,18207.5,18207.5,18206.75,18207,11,0,18212.02843
7/31/2023 19:59,18207.25,18208.25,18207,18207.5,17,0,18212.01141
7/31/2023 20:00,18207.75,18208.75,18207.75,18208.5,13,0,18212.00067
7/31/2023 20:01,18208.5,18209.75,18206,18208.5,120,0,18211.89788
7/31/2023 20:02,18208.5,18209.25,18204.5,18206.5,100,0,18211.78772
7/31/2023 20:03,18206,18209,18206,18207.5,58,0,18211.73515
7/31/2023 20:04,18208.25,18213,18206.5,18213,144,0,18211.70851
7/31/2023 20:05,18212.75,18214.5,18212.75,18213.5,96,0,18211.74472
7/31/2023 20:06,18213.25,18214.75,18209.25,18210.25,124,0,18211.73674
7/31/2023 20:07,18210.25,18212.75,18210.25,18212.75,51,0,18211.73852
7/31/2023 20:08,18212.5,18212.5,18210,18210,24,0,18211.73432
7/31/2023 20:09,18210.25,18211,18209.5,18210,30,0,18211.72527
7/31/2023 20:10,18210.25,18211.25,18209.5,18209.5,20,0,18211.71898
7/31/2023 20:11,18209.5,18211.5,18209.5,18211.5,37,0,18211.71275
7/31/2023 20:12,18211.5,18213.75,18211.5,18212.25,72,0,18211.72338
7/31/2023 20:13,18211.5,18212.5,18209.25,18210.25,28,0,18211.71786
7/31/2023 20:14,18210.5,18211.75,18210.25,18211,41,0,18211.71241
7/31/2023 20:15,18210.75,18211.75,18210.75,18211.75,17,0,18211.71148
7/31/2023 20:16,18211.25,18212.75,18211,18212.5,56,0,18211.71529
7/31/2023 20:17,18212,18212.5,18210,18210,32,0,18211.71016
7/31/2023 20:18,18210.75,18212.25,18210.75,18212.25,19,0,18211.7103
7/31/2023 20:19,18212,18216.5,18212,18215.25,113,0,18211.76791
7/31/2023 20:20,18215.25,18216.75,18213.75,18214.5,108,0,18211.82869
7/31/2023 20:21,18214.25,18215.75,18213.75,18215.5,39,0,18211.85008
7/31/2023 20:22,18215.75,18217.25,18214.75,18216.75,145,0,18211.95772
7/31/2023 20:23,18217,18218,18215.25,18217.5,86,0,18212.02865
7/31/2023 20:24,18217,18217.5,18216.5,18217.5,31,0,18212.055
7/31/2023 20:25,18217.5,18217.5,18216.25,18216.5,20,0,18212.07048
7/31/2023 20:26,18216.25,18216.5,18215.5,18216,29,0,18212.08919
7/31/2023 20:27,18216,18216,18214.5,18214.5,22,0,18212.09966
7/31/2023 20:28,18214.25,18214.5,18213.25,18214.25,55,0,18212.1166
7/31/2023 20:29,18214,18214.25,18212.75,18213.5,61,0,18212.13014
7/31/2023 20:30,18213.5,18213.5,18210,18210.75,99,0,18212.11898
7/31/2023 20:31,18210.75,18211.25,18208.25,18208.5,73,0,18212.08722
7/31/2023 20:32,18208.75,18209.25,18208,18208.25,31,0,18212.06994
7/31/2023 20:33,18208.25,18209.25,18207.75,18208.75,35,0,18212.05108
7/31/2023 20:34,18208.5,18210.5,18208.25,18209.75,65,0,18212.0257
7/31/2023 20:35,18209.75,18209.75,18207.5,18207.75,40,0,18212.00323
7/31/2023 20:36,18208,18208.25,18206.75,18207.5,44,0,18211.97329
7/31/2023 20:37,18207.5,18209,18207,18207.75,49,0,18211.94348
7/31/2023 20:38,18207.5,18209.5,18206.5,18206.5,39,0,18211.91764
7/31/2023 20:39,18206.75,18207.5,18205.75,18206,46,0,18211.88016
7/31/2023 20:40,18205.75,18206,18202.75,18204,155,0,18211.70893
7/31/2023 20:41,18204.5,18205.25,18204.25,18204.75,35,0,18211.67385
7/31/2023 20:42,18204.75,18206.25,18204.75,18205.25,47,0,18211.63177
7/31/2023 20:43,18205.5,18206.25,18204.75,18206,41,0,18211.59698
7/31/2023 20:44,18205.75,18205.75,18204.5,18204.75,24,0,18211.57453
7/31/2023 20:45,18204.75,18206.25,18204.75,18205.75,38,0,18211.54243
7/31/2023 20:46,18206,18209.5,18205.5,18208.75,100,0,18211.49202
7/31/2023 20:47,18209.25,18211.5,18209,18210.25,78,0,18211.47869
7/31/2023 20:48,18210.5,18211.5,18210.5,18211.25,22,0,18211.4775
7/31/2023 20:49,18211.25,18213.75,18210.25,18213.5,63,0,18211.48626
7/31/2023 20:50,18213.25,18215.25,18212.5,18214.25,79,0,18211.51297
7/31/2023 20:51,18214.25,18218,18214,18218,99,0,18211.5807
7/31/2023 20:52,18218,18222.5,18217.75,18221.25,198,0,18211.80913
7/31/2023 20:53,18221.25,18223,18221,18221,118,0,18211.95733
7/31/2023 20:54,18221,18221.25,18219.75,18220.75,56,0,18212.01844
7/31/2023 20:55,18220.5,18222,18219.25,18221.25,58,0,18212.08264
7/31/2023 20:56,18220.75,18220.75,18219,18220.25,47,0,18212.1291
7/31/2023 20:57,18220,18220.75,18219.25,18219.75,28,0,18212.15623
7/31/2023 20:58,18219.5,18219.75,18218.25,18218.75,85,0,18212.22697
7/31/2023 20:59,18218.75,18222.25,18218.25,18222,97,0,18212.32853
7/31/2023 21:00,18222,18223,18221,18222.75,43,0,18212.38016
7/31/2023 21:01,18222.75,18223,18219.75,18219.75,64,0,18212.44513
7/31/2023 21:02,18220,18221.75,18219.25,18219.5,64,0,18212.50402
7/31/2023 21:03,18219.25,18220.5,18219.25,18220,42,0,18212.54094
7/31/2023 21:04,18220,18220.25,18219.5,18219.75,10,0,18212.54958
7/31/2023 21:05,18219.75,18222.25,18219.75,18221,36,0,18212.58546
7/31/2023 21:06,18221.75,18221.75,18217.5,18219.5,97,0,18212.66461
7/31/2023 21:07,18220.25,18220.5,18219.25,18220.5,24,0,18212.68531
7/31/2023 21:08,18220.5,18221,18219.5,18221,50,0,18212.73048
7/31/2023 21:09,18221,18222.75,18220.75,18222,29,0,18212.7609
7/31/2023 21:10,18222,18222,18219.75,18221,29,0,18212.78806
7/31/2023 21:11,18220.5,18220.5,18219.25,18219.5,28,0,18212.81037
7/31/2023 21:12,18219.5,18221,18217.75,18219.25,68,0,18212.86075
7/31/2023 21:13,18219.25,18220,18217.5,18217.75,56,0,18212.89587
7/31/2023 21:14,18218.25,18220,18217.75,18220,45,0,18212.92798
7/31/2023 21:15,18220.25,18220.5,18219.5,18220.5,20,0,18212.9442
7/31/2023 21:16,18220,18221.5,18219.75,18220.5,59,0,18212.99437
7/31/2023 21:17,18221,18223.25,18220,18220.75,86,0,18213.07344
7/31/2023 21:18,18220.5,18221.75,18219,18221.75,62,0,18213.12612
7/31/2023 21:19,18222,18223.75,18222,18222.5,53,0,18213.18165
7/31/2023 21:20,18222,18227.75,18221.5,18227.25,159,0,18213.39127
7/31/2023 21:21,18226.75,18227.25,18225,18225.75,98,0,18213.52214
7/31/2023 21:22,18226,18226.5,18224.5,18224.75,71,0,18213.60967
7/31/2023 21:23,18224.25,18225.5,18223,18224.25,78,0,18213.6962
7/31/2023 21:24,18225,18225,18221.25,18223,76,0,18213.77
7/31/2023 21:25,18223,18224.25,18222.5,18223.5,38,0,18213.80777
7/31/2023 21:26,18223,18223,18221.25,18222.25,34,0,18213.83695
7/31/2023 21:27,18222.25,18222.25,18220.25,18222.25,52,0,18213.87809
7/31/2023 21:28,18223,18225.75,18223,18225,63,0,18213.94654
7/31/2023 21:29,18225.25,18226.25,18223,18224.5,68,0,18214.01943
7/31/2023 21:30,18224,18224.5,18222.5,18224.25,32,0,18214.05072
7/31/2023 21:31,18224.25,18224.5,18221.5,18222.75,64,0,18214.10736
7/31/2023 21:32,18222,18227.5,18221.75,18225,149,0,18214.26333
7/31/2023 21:33,18225,18226.5,18223,18226.25,51,0,18214.31816
7/31/2023 21:34,18226.5,18226.5,18223.25,18224,36,0,18214.3542
7/31/2023 21:35,18223.5,18224.5,18221.25,18224.25,80,0,18214.42371
7/31/2023 21:36,18224.25,18224.25,18220.75,18221.5,66,0,18214.47285
7/31/2023 21:37,18221.25,18223,18218.25,18219,123,0,18214.53843
7/31/2023 21:38,18219.25,18220,18217.75,18217.75,127,0,18214.58567
7/31/2023 21:39,18218.5,18222.5,18218,18222.25,92,0,18214.63989
7/31/2023 21:40,18222.25,18222.25,18220,18221.75,21,0,18214.65295
7/31/2023 21:41,18221.75,18226.5,18221.75,18226,60,0,18214.70893
7/31/2023 21:42,18226.5,18226.5,18222,18222.25,77,0,18214.77162
7/31/2023 21:43,18221.75,18222,18220.25,18221.25,65,0,18214.80953
7/31/2023 21:44,18220.75,18222.25,18220.5,18221.25,37,0,18214.83147
7/31/2023 21:45,18222,18224.25,18222,18224.25,41,0,18214.86365
7/31/2023 21:46,18223.5,18223.5,18220.5,18221.25,41,0,18214.88913
7/31/2023 21:47,18221.5,18223.5,18220.75,18221.75,63,0,18214.92932
7/31/2023 21:48,18221,18224.25,18220.5,18222.5,45,0,18214.95942
7/31/2023 21:49,18222.25,18226.5,18222.25,18226.5,62,0,18215.01519
7/31/2023 21:50,18226.75,18228.75,18226.25,18228,157,0,18215.18926
7/31/2023 21:51,18227.75,18228,18225.75,18226.5,66,0,18215.25574
7/31/2023 21:52,18226.25,18228.25,18225.5,18228,27,0,18215.28389
7/31/2023 21:53,18227.25,18227.25,18225,18225,26,0,18215.30749
7/31/2023 21:54,18225.75,18227.25,18225.75,18226.5,32,0,18215.33847
7/31/2023 21:55,18227.25,18228.25,18226.5,18227.5,19,0,18215.35829
7/31/2023 21:56,18226.75,18236,18226.75,18233,321,0,18215.80487
7/31/2023 21:57,18233,18237.5,18233,18236.5,258,0,18216.22628
7/31/2023 21:58,18236,18236.75,18229.75,18231,206,0,18216.49738
7/31/2023 21:59,18231.25,18231.75,18229.5,18229.5,65,0,18216.56929
7/31/2023 22:00,18229.25,18230.5,18228.75,18230.25,48,0,18216.62031
7/31/2023 22:01,18230.75,18232.75,18229.5,18231.75,78,0,18216.7117
7/31/2023 22:02,18231.5,18231.5,18228.25,18228.5,59,0,18216.77112
7/31/2023 22:03,18228.25,18229.25,18226.5,18226.75,99,0,18216.85465
7/31/2023 22:04,18227,18227.75,18225.5,18227.75,45,0,18216.89043
7/31/2023 22:05,18227,18229.25,18226.75,18229,60,0,18216.94399
7/31/2023 22:06,18229.25,18229.25,18226.25,18226.25,33,0,18216.97045
7/31/2023 22:07,18226.25,18228,18226,18226.25,57,0,18217.01363
7/31/2023 22:08,18226.25,18227.75,18225.5,18227,37,0,18217.04145
7/31/2023 22:09,18227.25,18228,18227,18227.5,42,0,18217.07527
7/31/2023 22:10,18228,18228,18224.25,18224.75,84,0,18217.13047
7/31/2023 22:11,18224.75,18224.75,18221.5,18221.75,133,0,18217.18623
7/31/2023 22:12,18221.25,18222.5,18220.25,18222,58,0,18217.20546
7/31/2023 22:13,18222.5,18223.25,18221.5,18222.75,48,0,18217.22455
7/31/2023 22:14,18222.75,18224.5,18222.25,18222.5,36,0,18217.24035
7/31/2023 22:15,18222.25,18223.25,18222,18222.75,28,0,18217.25171
7/31/2023 22:16,18223.25,18223.25,18221,18221.75,24,0,18217.26021
7/31/2023 22:17,18222.25,18223.75,18222,18222.75,35,0,18217.27473
7/31/2023 22:18,18222.5,18224,18222,18223.5,52,0,18217.29745
7/31/2023 22:19,18223.25,18223.5,18221.75,18222.5,33,0,18217.31035
7/31/2023 22:20,18223,18225,18223,18224,43,0,18217.33156
7/31/2023 22:21,18223.5,18224.25,18222.5,18223.75,42,0,18217.3506
7/31/2023 22:22,18224.25,18226,18224.25,18224.5,58,0,18217.38272
7/31/2023 22:23,18224.5,18225.25,18224.25,18224.75,15,0,18217.3908
7/31/2023 22:24,18224.75,18228.75,18224.75,18228.25,131,0,18217.48433
7/31/2023 22:25,18228.25,18228.5,18226.25,18226.25,30,0,18217.50496
7/31/2023 22:26,18226,18227.5,18225.25,18225.5,36,0,18217.52721
7/31/2023 22:27,18225.5,18228.25,18225.5,18228.25,16,0,18217.53851
7/31/2023 22:28,18228.5,18228.5,18227.25,18227.25,30,0,18217.56033
7/31/2023 22:29,18227.75,18228.25,18226.5,18228,31,0,18217.5826
7/31/2023 22:30,18227.5,18227.75,18226.75,18226.75,10,0,18217.58941
7/31/2023 22:31,18227.25,18228.75,18226.5,18227.25,28,0,18217.60924
7/31/2023 22:32,18227,18227,18224,18226.5,69,0,18217.64961
7/31/2023 22:33,18226.5,18226.75,18225,18225.5,20,0,18217.66111
7/31/2023 22:34,18225.5,18226.75,18225.25,18226.25,24,0,18217.67545
7/31/2023 22:35,18225.75,18225.75,18223.25,18224.25,38,0,18217.69356
7/31/2023 22:36,18224.75,18226.75,18224.5,18225.25,33,0,18217.71174
7/31/2023 22:37,18226,18226.5,18224.75,18224.75,23,0,18217.72408
7/31/2023 22:38,18225.25,18226.25,18224.5,18225.25,22,0,18217.73586
7/31/2023 22:39,18225,18225,18223,18223.5,29,0,18217.74827
7/31/2023 22:40,18223.5,18223.75,18222.5,18222.5,23,0,18217.7566
7/31/2023 22:41,18223.5,18224.5,18222.75,18224,36,0,18217.77168
7/31/2023 22:42,18224.5,18224.5,18222.5,18223,41,0,18217.78757
7/31/2023 22:43,18223.5,18223.75,18222.75,18222.75,29,0,18217.79825
7/31/2023 22:44,18222.5,18224.5,18222.25,18223.25,29,0,18217.8094
7/31/2023 22:45,18223.5,18223.75,18221.5,18221.75,38,0,18217.8213
7/31/2023 22:46,18222,18222.75,18220.25,18222,93,0,18217.8459
7/31/2023 22:47,18221.25,18221.75,18219.5,18219.5,46,0,18217.85348
7/31/2023 22:48,18219.75,18220,18217.5,18218.25,186,0,18217.86267
7/31/2023 22:49,18218.5,18220.75,18218.25,18220.75,38,0,18217.86795
7/31/2023 22:50,18221,18221.5,18219.75,18220.25,31,0,18217.87344
7/31/2023 22:51,18220.5,18221,18219,18219.25,39,0,18217.87836
7/31/2023 22:52,18218.75,18219.25,18218,18218.75,62,0,18217.88164
7/31/2023 22:53,18218.75,18219.5,18217.25,18217.5,48,0,18217.88228
7/31/2023 22:54,18217.75,18221,18217.75,18221,46,0,18217.88851
7/31/2023 22:55,18220.5,18220.5,18218.25,18220,35,0,18217.89244
7/31/2023 22:56,18219.75,18220,18218.5,18218.75,33,0,18217.89505
7/31/2023 22:57,18218.25,18219,18218,18218.75,29,0,18217.89636
7/31/2023 22:58,18219,18219.5,18219,18219.5,7,0,18217.89703
7/31/2023 22:59,18219.5,18219.75,18219.25,18219.25,13,0,18217.89833
7/31/2023 23:00,18220,18220,18218.5,18219,17,0,18217.89975
7/31/2023 23:01,18218.5,18220,18218.5,18219,36,0,18217.90275
7/31/2023 23:02,18218.75,18219.5,18218.75,18219,16,0,18217.904
7/31/2023 23:03,18219.25,18221,18219.25,18220.25,43,0,18217.91037
7/31/2023 23:04,18220.5,18221,18219.25,18219.5,52,0,18217.91718
7/31/2023 23:05,18219.5,18220.5,18218.5,18218.75,29,0,18217.9197
7/31/2023 23:06,18218.25,18220.5,18218.25,18220.5,37,0,18217.92411
7/31/2023 23:07,18221,18221,18219.5,18220.75,26,0,18217.92831
7/31/2023 23:08,18221,18221.5,18220.5,18220.5,29,0,18217.93377
7/31/2023 23:09,18220.75,18221.5,18220.25,18221.25,56,0,18217.94486
7/31/2023 23:10,18221,18221.75,18220.5,18221.5,33,0,18217.95188
7/31/2023 23:11,18221.75,18221.75,18220.5,18220.5,29,0,18217.95741
7/31/2023 23:12,18221,18221.25,18220,18220,35,0,18217.96293
7/31/2023 23:13,18220.25,18220.75,18219.5,18220.25,24,0,18217.96632
7/31/2023 23:14,18220.25,18220.5,18219.25,18219.25,39,0,18217.97056
7/31/2023 23:15,18220,18220.75,18219.75,18220,28,0,18217.97448
7/31/2023 23:16,18219.75,18220.5,18219.75,18220,16,0,18217.97663
7/31/2023 23:17,18220,18220,18218.5,18219,30,0,18217.9789
7/31/2023 23:18,18219,18219,18218.75,18218.75,4,0,18217.97912
7/31/2023 23:19,18218.75,18219.75,18218.5,18219.5,31,0,18217.98161
7/31/2023 23:20,18219.75,18219.75,18218.75,18219,8,0,18217.98222
7/31/2023 23:21,18219.25,18219.75,18218.75,18218.75,13,0,18217.98312
7/31/2023 23:22,18219.25,18220.25,18219.25,18220,7,0,18217.98394
7/31/2023 23:23,18220.5,18221,18219.25,18220.5,23,0,18217.98724
7/31/2023 23:24,18220.5,18220.5,18219.25,18220,37,0,18217.99174
7/31/2023 23:25,18219.5,18220.5,18219.5,18220.25,12,0,18217.99333
7/31/2023 23:26,18220,18220,18219.5,18219.75,11,0,18217.99454
7/31/2023 23:27,18219.5,18219.5,18216.5,18216.5,134,0,18217.9904
7/31/2023 23:28,18216.5,18216.75,18214.75,18215.5,72,0,18217.98
7/31/2023 23:29,18215.5,18215.5,18213.5,18214.75,62,0,18217.96695
7/31/2023 23:30,18214.5,18215,18214.5,18214.5,17,0,18217.96348
7/31/2023 23:31,18215.25,18215.25,18210.25,18214,189,0,18217.90801
7/31/2023 23:32,18214.25,18215.5,18214.25,18215.25,44,0,18217.9002
7/31/2023 23:33,18215.75,18216.25,18214.75,18216,31,0,18217.89599
7/31/2023 23:34,18215.75,18216,18214.5,18215.5,54,0,18217.88759
7/31/2023 23:35,18215,18215,18212.75,18213.75,46,0,18217.8763
7/31/2023 23:36,18213.5,18213.5,18212,18213,27,0,18217.86807
7/31/2023 23:37,18213.25,18214.25,18212.75,18212.75,30,0,18217.85971
7/31/2023 23:38,18212.75,18213.75,18211.25,18213.25,70,0,18217.83822
7/31/2023 23:39,18213,18213,18211.5,18212.5,23,0,18217.83063
7/31/2023 23:40,18212.25,18212.25,18211.25,18211.5,33,0,18217.81845
7/31/2023 23:41,18211.5,18212.25,18211,18211.5,50,0,18217.79984
7/31/2023 23:42,18212,18213.5,18212,18212.75,70,0,18217.77883
7/31/2023 23:43,18213,18213.5,18212.5,18213.5,15,0,18217.77472
7/31/2023 23:44,18213.5,18214.25,18213,18213.75,31,0,18217.76717
7/31/2023 23:45,18214,18214.75,18214,18214.75,20,0,18217.7633
7/31/2023 23:46,18214.75,18216,18214,18215.5,31,0,18217.75855
7/31/2023 23:47,18215.75,18216.25,18215.25,18216.25,29,0,18217.75539
7/31/2023 23:48,18216,18216.25,18215,18215.5,26,0,18217.75207
7/31/2023 23:49,18215.25,18215.25,18214,18214.25,19,0,18217.74843
7/31/2023 23:50,18214.25,18215,18213.75,18214.75,23,0,18217.74404
7/31/2023 23:51,18215.25,18215.25,18213.5,18214.25,20,0,18217.74004
7/31/2023 23:52,18214.5,18214.75,18214.25,18214.5,9,0,18217.73833
7/31/2023 23:53,18214,18215,18214,18214.75,12,0,18217.73611
7/31/2023 23:54,18214.5,18215.5,18214.5,18215.5,15,0,18217.73385
7/31/2023 23:55,18216,18216.25,18216,18216.25,19,0,18217.73211
7/31/2023 23:56,18216,18217.5,18215.5,18215.5,42,0,18217.72827
7/31/2023 23:57,18215.5,18215.75,18214.75,18215.75,51,0,18217.72141
7/31/2023 23:58,18216.25,18216.25,18215.25,18215.5,18,0,18217.71926
7/31/2023 23:59,18214.75,18215.25,18214.25,18214.75,14,0,18217.71684
8/1/2023 0:00,18215.25,18215.5,18215,18215,9,0,18217.71551
8/1/2023 0:01,18215.25,18216,18215,18215.75,14,0,18217.71378
8/1/2023 0:02,18216,18216.25,18215.5,18216,35,0,18217.71014
8/1/2023 0:03,18216.25,18217,18215.75,18216.75,23,0,18217.70853
8/1/2023 0:04,18217,18218.25,18216.25,18217,67,0,18217.70644
8/1/2023 0:05,18217.25,18217.25,18215.75,18216.5,18,0,18217.70519
8/1/2023 0:06,18216.75,18217,18216.5,18217,8,0,18217.70479
8/1/2023 0:07,18216.25,18216.25,18214.75,18215.25,32,0,18217.70059
8/1/2023 0:08,18215.25,18215.75,18215,18215.75,11,0,18217.6992
8/1/2023 0:09,18215.5,18215.75,18214.75,18214.75,9,0,18217.69785
8/1/2023 0:10,18215,18215.25,18214.75,18215,10,0,18217.6963
8/1/2023 0:11,18215,18215.25,18214,18214.5,48,0,18217.68777
8/1/2023 0:12,18214,18214.75,18213.75,18214.25,22,0,18217.68345
8/1/2023 0:13,18214.5,18215.25,18214.5,18215,17,0,18217.68077
8/1/2023 0:14,18214.25,18214.75,18213.75,18214.75,15,0,18217.67798
8/1/2023 0:15,18214.5,18215,18213.75,18214.25,16,0,18217.67493
8/1/2023 0:16,18214.25,18215,18214.25,18215,17,0,18217.67211
8/1/2023 0:17,18215,18217,18215,18216.5,31,0,18217.66946
8/1/2023 0:18,18216.5,18217,18216,18216.25,20,0,18217.66804
8/1/2023 0:19,18216.25,18216.5,18215.5,18215.75,16,0,18217.66645
8/1/2023 0:20,18215.5,18215.5,18214.5,18215,23,0,18217.66298
8/1/2023 0:21,18214.75,18216,18214.75,18215.75,22,0,18217.66029
8/1/2023 0:22,18215.25,18215.5,18215.25,18215.5,8,0,18217.65928
8/1/2023 0:23,18215.25,18215.25,18214.75,18215,6,0,18217.65838
8/1/2023 0:24,18215,18215.25,18214.75,18215.25,8,0,18217.65722
8/1/2023 0:25,18214.75,18215.75,18214.75,18215.75,16,0,18217.65519
8/1/2023 0:26,18215.75,18216.5,18214.75,18216,66,0,18217.64813
8/1/2023 0:27,18215.75,18216.25,18214,18214,31,0,18217.64309
8/1/2023 0:28,18214,18214.5,18213.75,18214.25,17,0,18217.63978
8/1/2023 0:29,18214,18214.75,18213.5,18214.25,21,0,18217.6357
8/1/2023 0:30,18214.25,18217,18214.25,18216.25,42,0,18217.63148
8/1/2023 0:31,18216,18218,18215.75,18217.5,111,0,18217.6281
8/1/2023 0:32,18217.25,18218,18216.25,18217.25,26,0,18217.62744
8/1/2023 0:33,18217.5,18220.25,18217.5,18219.25,98,0,18217.63485
8/1/2023 0:34,18219.5,18220.75,18219,18220.5,29,0,18217.63875
8/1/2023 0:35,18220.75,18222,18220.75,18221.75,58,0,18217.65103
8/1/2023 0:36,18221.25,18222.75,18220.75,18221.25,32,0,18217.65792
8/1/2023 0:37,18221,18221,18219.5,18220.25,23,0,18217.66118
8/1/2023 0:38,18219.75,18221.5,18219.5,18221,24,0,18217.66512
8/1/2023 0:39,18221.25,18221.75,18221,18221,13,0,18217.66766
8/1/2023 0:40,18220.75,18221,18219,18219.5,62,0,18217.67496
8/1/2023 0:41,18219.5,18219.75,18217.25,18217.5,41,0,18217.67606
8/1/2023 0:42,18217.25,18217.75,18216.5,18217.25,19,0,18217.67553
8/1/2023 0:43,18217.25,18217.25,18217,18217,10,0,18217.67521
8/1/2023 0:44,18216.75,18216.75,18215.25,18215.75,63,0,18217.66923
8/1/2023 0:45,18216,18216.25,18215.5,18216.25,16,0,18217.66779
8/1/2023 0:46,18216,18216.5,18215.75,18216.5,11,0,18217.66695
8/1/2023 0:47,18216.25,18217.5,18215.25,18215.75,32,0,18217.66437
8/1/2023 0:48,18216,18216.25,18215.5,18216,6,0,18217.6638
8/1/2023 0:49,18216,18217,18216,18216.5,20,0,18217.66255
8/1/2023 0:50,18216.25,18217,18216.25,18216.25,9,0,18217.66199
8/1/2023 0:51,18216.25,18216.75,18216.25,18216.75,7,0,18217.66158
8/1/2023 0:52,18216.5,18218.25,18216.25,18218.25,23,0,18217.66149
8/1/2023 0:53,18218.5,18220,18217.5,18220,56,0,18217.66599
8/1/2023 0:54,18220.25,18220.25,18218.75,18218.75,27,0,18217.66828
8/1/2023 0:55,18219.25,18219.5,18218.5,18219.25,24,0,18217.67009
8/1/2023 0:56,18218.75,18219.25,18218.75,18219,12,0,18217.67094
8/1/2023 0:57,18218.75,18219.75,18218.5,18219,23,0,18217.67267
8/1/2023 0:58,18218.5,18218.75,18217.75,18218,17,0,18217.67311
8/1/2023 0:59,18218.25,18218.25,18217.75,18217.75,12,0,18217.67327
8/1/2023 1:00,18217.5,18218,18217,18217,25,0,18217.67282
8/1/2023 1:01,18217.25,18217.75,18216.25,18217.25,23,0,18217.6721
8/1/2023 1:02,18217.25,18218.75,18214,18217.25,189,0,18217.66213
8/1/2023 1:03,18217.25,18219,18216.75,18216.75,33,0,18217.66185
8/1/2023 1:04,18217.5,18219,18217.5,18218.25,17,0,18217.66237
8/1/2023 1:05,18218.5,18218.5,18217,18217,10,0,18217.66229
8/1/2023 1:06,18216.5,18216.75,18215.25,18216.75,31,0,18217.66
8/1/2023 1:07,18217,18217.25,18215.25,18215.25,25,0,18217.65773
8/1/2023 1:08,18215,18216,18214.75,18214.75,29,0,18217.65396
8/1/2023 1:09,18214.5,18215.25,18213.75,18215,43,0,18217.64729
8/1/2023 1:10,18214.75,18214.75,18212,18212,90,0,18217.62527
8/1/2023 1:11,18212,18212.75,18211.5,18212.75,62,0,18217.60835
8/1/2023 1:12,18212.25,18212.5,18211.5,18211.75,34,0,18217.59839
8/1/2023 1:13,18211.5,18213.25,18211.25,18213.25,54,0,18217.58449
8/1/2023 1:14,18213.5,18214,18212.25,18212.5,28,0,18217.57779
8/1/2023 1:15,18212.5,18213.5,18212.25,18213,27,0,18217.57135
8/1/2023 1:16,18212.5,18213,18211.75,18211.75,22,0,18217.56527
8/1/2023 1:17,18211.5,18213,18211,18212.25,32,0,18217.55632
8/1/2023 1:18,18212.75,18213,18211.25,18211.25,17,0,18217.55136
8/1/2023 1:19,18211.25,18211.25,18208.75,18208.75,100,0,18217.51093
8/1/2023 1:20,18209.5,18210.5,18209,18209,60,0,18217.48662
8/1/2023 1:21,18208.75,18210.5,18208.75,18209.75,33,0,18217.47359
8/1/2023 1:22,18209.75,18211.25,18209,18209.75,64,0,18217.44951
8/1/2023 1:23,18210,18211,18210,18210.25,14,0,18217.44456
8/1/2023 1:24,18210.75,18211.25,18209.75,18210,18,0,18217.43813
8/1/2023 1:25,18209.25,18210.25,18208.25,18209,49,0,18217.41781
8/1/2023 1:26,18209.5,18210.5,18209.25,18210.5,17,0,18217.41157
8/1/2023 1:27,18211,18212.5,18210.5,18211.75,64,0,18217.39294
8/1/2023 1:28,18212,18212.25,18210.25,18210.25,20,0,18217.38648
8/1/2023 1:29,18210.5,18211.75,18210.5,18211.75,19,0,18217.38075
8/1/2023 1:30,18211.75,18212,18211.25,18211.5,14,0,18217.37671
8/1/2023 1:31,18211,18212.25,18210.5,18212.25,19,0,18217.37131
8/1/2023 1:32,18212.25,18212.75,18212,18212,20,0,18217.36622
8/1/2023 1:33,18212.5,18213.25,18211.25,18211.25,38,0,18217.35595
8/1/2023 1:34,18211,18211,18210.25,18210.25,13,0,18217.35153
8/1/2023 1:35,18210.75,18212,18210.75,18211.75,27,0,18217.34371
8/1/2023 1:36,18211.5,18212,18211,18211.25,27,0,18217.3358
8/1/2023 1:37,18211.75,18212,18211.25,18211.75,12,0,18217.33244
8/1/2023 1:38,18211.25,18211.25,18210,18210.75,20,0,18217.32585
8/1/2023 1:39,18210.75,18210.75,18210.25,18210.5,11,0,18217.32215
8/1/2023 1:40,18210.25,18211,18210.25,18210.25,21,0,18217.31509
8/1/2023 1:41,18210,18210,18207.25,18207.25,102,0,18217.26933
8/1/2023 1:42,18207.5,18208.75,18206.75,18207.5,88,0,18217.22807
8/1/2023 1:43,18207.5,18207.5,18206.5,18206.75,29,0,18217.21349
8/1/2023 1:44,18206.5,18206.75,18205,18205,78,0,18217.16942
8/1/2023 1:45,18205,18206.5,18204.75,18205.5,55,0,18217.13855
8/1/2023 1:46,18205.25,18207,18204.75,18206,65,0,18217.10333
8/1/2023 1:47,18206.5,18206.75,18205.5,18206.5,16,0,18217.09495
8/1/2023 1:48,18206,18207,18206,18206.5,23,0,18217.0832
8/1/2023 1:49,18207,18207,18206.25,18207,17,0,18217.07474
8/1/2023 1:50,18206.75,18207.25,18206.5,18207.25,6,0,18217.07183
8/1/2023 1:51,18207.25,18207.75,18206.25,18206.25,22,0,18217.06091
8/1/2023 1:52,18206,18207.5,18205.75,18207.25,28,0,18217.04715
8/1/2023 1:53,18206.75,18208.5,18206.5,18208.5,19,0,18217.03875
8/1/2023 1:54,18208,18208,18206.25,18207.5,22,0,18217.02843
8/1/2023 1:55,18206.75,18206.75,18205.5,18205.75,19,0,18217.01839
8/1/2023 1:56,18206,18206.75,18205.25,18206.5,23,0,18217.00645
8/1/2023 1:57,18206.75,18207.75,18206.5,18206.5,28,0,18216.99295
8/1/2023 1:58,18207,18207.25,18206,18207,16,0,18216.98513
8/1/2023 1:59,18207,18209,18206.75,18208.5,42,0,18216.96731
8/1/2023 2:00,18208.25,18208.5,18206.5,18207.5,47,0,18216.94616
8/1/2023 2:01,18206.75,18207.5,18204.75,18206.5,74,0,18216.90866
8/1/2023 2:02,18206.25,18207.5,18205,18205,38,0,18216.88876
8/1/2023 2:03,18205.25,18205.25,18202.75,18203.25,131,0,18216.80787
8/1/2023 2:04,18203.5,18203.75,18203,18203.25,33,0,18216.78701
8/1/2023 2:05,18203.25,18203.75,18202.75,18203.75,24,0,18216.77197
8/1/2023 2:06,18203.75,18205.25,18200.25,18201.25,210,0,18216.63042
8/1/2023 2:07,18201.5,18201.75,18200.75,18200.75,47,0,18216.59658
8/1/2023 2:08,18200.5,18201,18196,18197.5,322,0,18216.32577
8/1/2023 2:09,18198,18199.5,18197.5,18198.75,94,0,18216.24999
8/1/2023 2:10,18199.25,18200.25,18198.5,18200.25,59,0,18216.20565
8/1/2023 2:11,18200.25,18203.5,18200,18202.75,62,0,18216.16609
8/1/2023 2:12,18203,18203.25,18202.25,18202.75,50,0,18216.13584
8/1/2023 2:13,18202.25,18202.5,18201.25,18201.25,26,0,18216.1189
8/1/2023 2:14,18201,18201,18198.5,18198.5,51,0,18216.08044
8/1/2023 2:15,18198.75,18200.75,18198.75,18199.75,44,0,18216.04821
8/1/2023 2:16,18200.25,18201.75,18199.25,18201,38,0,18216.02205
8/1/2023 2:17,18201,18201.25,18199.75,18199.75,27,0,18216.00301
8/1/2023 2:18,18200,18200,18197.5,18199.25,66,0,18215.95273
8/1/2023 2:19,18199.25,18201.25,18198.5,18200.5,33,0,18215.92942
8/1/2023 2:20,18200.5,18200.75,18199.5,18199.5,26,0,18215.91091
8/1/2023 2:21,18200.5,18200.5,18198.25,18198.25,27,0,18215.89063
8/1/2023 2:22,18198.75,18199,18198,18198,33,0,18215.86494
8/1/2023 2:23,18198.25,18201.25,18198.25,18201.25,59,0,18215.82419
8/1/2023 2:24,18201.5,18201.5,18200,18200.75,27,0,18215.80621
8/1/2023 2:25,18200.5,18201.5,18199.75,18201.5,27,0,18215.78847
8/1/2023 2:26,18201,18201.25,18200.25,18200.25,12,0,18215.78042
8/1/2023 2:27,18200.75,18201.5,18200.25,18201.5,20,0,18215.76747
8/1/2023 2:28,18201.75,18202.5,18201.25,18201.75,31,0,18215.74846
8/1/2023 2:29,18201.75,18203,18201.75,18203,29,0,18215.73169
8/1/2023 2:30,18203,18203.25,18199.75,18200,67,0,18215.68844
8/1/2023 2:31,18199.75,18200.75,18198.75,18199,30,0,18215.66718
8/1/2023 2:32,18198.75,18200,18198.5,18200,23,0,18215.65093
8/1/2023 2:33,18199.5,18200,18197.25,18200,61,0,18215.60687
8/1/2023 2:34,18199.75,18200.5,18199.75,18200.5,18,0,18215.59482
8/1/2023 2:35,18200.75,18202.5,18200.5,18202,40,0,18215.57059
8/1/2023 2:36,18202,18203,18200.5,18200.5,47,0,18215.54155
8/1/2023 2:37,18200.25,18200.75,18198.25,18199.25,65,0,18215.49619
8/1/2023 2:38,18199.75,18200,18198.5,18198.5,23,0,18215.47979
8/1/2023 2:39,18198.25,18199.75,18198.25,18199.25,20,0,18215.46562
8/1/2023 2:40,18199.5,18199.75,18198,18198,26,0,18215.44668
8/1/2023 2:41,18198.25,18199.75,18198.25,18199.75,26,0,18215.42853
8/1/2023 2:42,18200,18201,18200,18200.25,22,0,18215.41431
8/1/2023 2:43,18201,18201.75,18200.5,18201.5,31,0,18215.39543
8/1/2023 2:44,18200.75,18201.75,18200.75,18201.75,18,0,18215.38461
8/1/2023 2:45,18201,18201.75,18200.75,18200.75,13,0,18215.37663
8/1/2023 2:46,18201,18202.25,18201,18201.25,13,0,18215.36889
8/1/2023 2:47,18201.25,18202.25,18201.25,18202.25,14,0,18215.36081
8/1/2023 2:48,18201.75,18202.5,18200.75,18201.5,28,0,18215.34428
8/1/2023 2:49,18201.5,18201.75,18196.75,18198,115,0,18215.26333
8/1/2023 2:50,18197.75,18197.75,18196.75,18197.25,70,0,18215.20973
8/1/2023 2:51,18197.5,18197.5,18193.75,18196.5,168,0,18215.07293
8/1/2023 2:52,18196,18196.5,18195,18196,31,0,18215.04779
8/1/2023 2:53,18196.5,18197.5,18196,18196.5,53,0,18215.00681
8/1/2023 2:54,18196.5,18196.5,18195.75,18196,27,0,18214.98535
8/1/2023 2:55,18196,18196.5,18196,18196.25,18,0,18214.97119
8/1/2023 2:56,18196.25,18197.25,18196,18196.5,17,0,18214.95808
8/1/2023 2:57,18195.75,18196,18192,18193.25,97,0,18214.87213
8/1/2023 2:58,18193,18193.75,18191,18192.75,119,0,18214.76146
8/1/2023 2:59,18192.5,18193.5,18192.25,18193.5,16,0,18214.74705
8/1/2023 3:00,18193,18194.75,18191,18193.75,145,0,18214.61783
8/1/2023 3:01,18194,18197,18193.25,18195.25,167,0,18214.48461
8/1/2023 3:02,18196.25,18196.75,18193.75,18196.25,99,0,18214.40818
8/1/2023 3:03,18196,18196,18192,18192,100,0,18214.32244
8/1/2023 3:04,18192.5,18192.5,18187.75,18188.5,286,0,18214.03793
8/1/2023 3:05,18189,18192,18188.5,18191.75,116,0,18213.9298
8/1/2023 3:06,18192.25,18192.75,18188.25,18188.25,210,0,18213.72826
8/1/2023 3:07,18188.25,18188.75,18183.25,18183.5,312,0,18213.37888
8/1/2023 3:08,18183.75,18185.75,18182.25,18183,209,0,18213.13739
8/1/2023 3:09,18183.25,18183.25,18175.25,18176.5,447,0,18212.54273
8/1/2023 3:10,18176.5,18176.5,18171,18172.5,349,0,18212.02657
8/1/2023 3:11,18172.25,18172.75,18169.25,18171,367,0,18211.46638
8/1/2023 3:12,18171,18174.75,18171,18173,198,0,18211.18447
8/1/2023 3:13,18173.25,18174,18169.25,18173.25,171,0,18210.9396
8/1/2023 3:14,18173.5,18176.75,18172.5,18175.5,131,0,18210.76724
8/1/2023 3:15,18175.5,18175.75,18172.5,18173,81,0,18210.65804
8/1/2023 3:16,18173.75,18176.75,18173.25,18176,114,0,18210.51199
8/1/2023 3:17,18176.5,18177.75,18173.25,18175.75,121,0,18210.35938
8/1/2023 3:18,18176.25,18176.25,18174,18175.75,59,0,18210.28492
8/1/2023 3:19,18176,18176.25,18174.25,18176.25,74,0,18210.19264
8/1/2023 3:20,18176.25,18176.25,18175,18175,47,0,18210.134
8/1/2023 3:21,18175.25,18177.5,18174.5,18177.25,63,0,18210.05797
8/1/2023 3:22,18177.25,18178,18176,18176,71,0,18209.97332
8/1/2023 3:23,18176.25,18176.25,18172.25,18173.25,164,0,18209.76342
8/1/2023 3:24,18173.75,18175.75,18173.75,18175.75,101,0,18209.63953
8/1/2023 3:25,18175.75,18178.5,18174.5,18178.25,136,0,18209.48368
8/1/2023 3:26,18178.5,18186.75,18178.5,18185.75,301,0,18209.21301
8/1/2023 3:27,18186.25,18187.75,18184,18184,212,0,18209.03736
8/1/2023 3:28,18183.75,18184.75,18181,18181,108,0,18208.9377
8/1/2023 3:29,18181.25,18183,18180,18181.75,103,0,18208.84099
8/1/2023 3:30,18181.5,18184.25,18180,18181.75,108,0,18208.74186
8/1/2023 3:31,18182.25,18182.25,18178,18180.25,138,0,18208.60763
8/1/2023 3:32,18180.5,18182.75,18180.25,18182.5,65,0,18208.54852
8/1/2023 3:33,18182.25,18187.25,18181.5,18187.25,187,0,18208.40201
8/1/2023 3:34,18187.25,18187.75,18185.5,18186.25,93,0,18208.33349
8/1/2023 3:35,18186.25,18186.75,18180.25,18183.5,213,0,18208.1568
8/1/2023 3:36,18183,18187.75,18182.5,18187.5,95,0,18208.08645
8/1/2023 3:37,18187.5,18189.25,18186,18186,137,0,18207.99107
8/1/2023 3:38,18185.75,18186.25,18183.5,18185,49,0,18207.95365
8/1/2023 3:39,18184,18186.5,18183.75,18186.25,42,0,18207.92249
8/1/2023 3:40,18186.5,18186.75,18183.75,18186,48,0,18207.88698
8/1/2023 3:41,18186.5,18187.5,18185.5,18186.25,75,0,18207.83398
8/1/2023 3:42,18186.25,18189,18185.5,18187.75,77,0,18207.78236
8/1/2023 3:43,18187,18189.5,18186.25,18187.5,89,0,18207.724
8/1/2023 3:44,18187.25,18189.25,18187,18189.25,37,0,18207.70075
8/1/2023 3:45,18189.25,18190.25,18188.5,18190,93,0,18207.64583
8/1/2023 3:46,18189.75,18190.75,18187.75,18188,44,0,18207.61888
8/1/2023 3:47,18188.5,18191.25,18188.25,18191.25,40,0,18207.5963
8/1/2023 3:48,18190.75,18190.75,18188.75,18189.25,44,0,18207.57057
8/1/2023 3:49,18188.5,18189.25,18185.5,18187,138,0,18207.47995
8/1/2023 3:50,18187.25,18187.25,18183.5,18183.75,84,0,18207.41865
8/1/2023 3:51,18183.75,18185,18179.5,18180.25,159,0,18207.28693
8/1/2023 3:52,18180.25,18180.75,18177,18179.25,229,0,18207.08075
8/1/2023 3:53,18179.25,18182.5,18179,18182,96,0,18207.00181
8/1/2023 3:54,18182.25,18182.75,18179.25,18179.25,138,0,18206.88589
8/1/2023 3:55,18179.25,18181.25,18176.75,18176.75,94,0,18206.8011
8/1/2023 3:56,18176.5,18176.5,18166.75,18168,459,0,18206.28252
8/1/2023 3:57,18168,18172,18165,18171.5,226,0,18206.02618
8/1/2023 3:58,18171.5,18172.75,18169.75,18170.75,79,0,18205.94127
8/1/2023 3:59,18170.75,18174,18170,18174,85,0,18205.8545
8/1/2023 4:00,18173.5,18175.75,18173.25,18175.5,46,0,18205.81078
8/1/2023 4:01,18175.5,18176.75,18173.25,18176,125,0,18205.6945
8/1/2023 4:02,18175.75,18176.25,18172.5,18174.5,148,0,18205.55386
8/1/2023 4:03,18174.5,18180.5,18174.25,18180,148,0,18205.43163
8/1/2023 4:04,18179.75,18180.25,18174.5,18177,145,0,18205.30857
8/1/2023 4:05,18176.25,18178.25,18174.5,18177,106,0,18205.21716
8/1/2023 4:06,18176.25,18176.75,18174,18176.75,78,0,18205.14852
8/1/2023 4:07,18176.75,18177.25,18170.75,18172.5,259,0,18204.90492
8/1/2023 4:08,18172.5,18174.5,18169.5,18170,134,0,18204.77176
8/1/2023 4:09,18170,18171,18167.5,18169.5,171,0,18204.59328
8/1/2023 4:10,18169.5,18173,18167,18168.75,296,0,18204.29072
8/1/2023 4:11,18168.5,18172,18167.5,18171,86,0,18204.20525
8/1/2023 4:12,18170.75,18171.25,18164.25,18164.75,309,0,18203.87118
8/1/2023 4:13,18165,18171.25,18165,18170.75,133,0,18203.73783
8/1/2023 4:14,18170.5,18173.75,18170.25,18172.5,90,0,18203.65633
8/1/2023 4:15,18171.75,18172.25,18168,18169.5,96,0,18203.5637
8/1/2023 4:16,18169.75,18169.75,18164.5,18166,241,0,18203.31168
8/1/2023 4:17,18165.5,18167.25,18164.25,18166,274,0,18203.02224
8/1/2023 4:18,18165.25,18168.75,18164.25,18166.75,101,0,18202.91881
8/1/2023 4:19,18166.5,18167,18164.25,18165,216,0,18202.69251
8/1/2023 4:20,18165.25,18165.25,18160.75,18164.5,312,0,18202.35386
8/1/2023 4:21,18165,18167,18162.75,18166.5,159,0,18202.19192
8/1/2023 4:22,18165.5,18167.75,18164.75,18167.25,75,0,18202.11843
8/1/2023 4:23,18167.5,18168,18164.5,18164.75,105,0,18202.01366
8/1/2023 4:24,18164.5,18165.25,18164,18165.25,59,0,18201.95357
8/1/2023 4:25,18165.25,18165.25,18159,18163,312,0,18201.61853
8/1/2023 4:26,18162,18163,18159.25,18162.5,199,0,18201.4033
8/1/2023 4:27,18162.75,18166.25,18162.5,18163.25,119,0,18201.28345
8/1/2023 4:28,18163.5,18163.75,18161.25,18163,71,0,18201.20976
8/1/2023 4:29,18163,18163.5,18161.25,18162,60,0,18201.14703
8/1/2023 4:30,18161.75,18161.75,18157.25,18158,182,0,18200.9422
8/1/2023 4:31,18157.75,18158.25,18151.75,18154.25,537,0,18200.28919
8/1/2023 4:32,18154,18154,18150.25,18152.5,252,0,18199.9726
8/1/2023 4:33,18152.25,18153.5,18149,18150.25,292,0,18199.60083
8/1/2023 4:34,18150.25,18151,18144.25,18146.5,520,0,18198.90371
8/1/2023 4:35,18146.25,18151.5,18144,18151.5,232,0,18198.60898
8/1/2023 4:36,18151.25,18155.5,18150.25,18154.75,262,0,18198.31011
8/1/2023 4:37,18155,18158.75,18155,18158.5,229,0,18198.07465
8/1/2023 4:38,18158.5,18159.5,18157.5,18158.75,151,0,18197.92529
8/1/2023 4:39,18159,18160.75,18156.75,18160.25,141,0,18197.78918
8/1/2023 4:40,18160.25,18165.75,18159.25,18164.25,303,0,18197.52868
8/1/2023 4:41,18164,18164,18160.25,18160.25,162,0,18197.38467
8/1/2023 4:42,18160,18161.75,18158.75,18161,156,0,18197.24325
8/1/2023 4:43,18161,18161.75,18156.75,18157.25,121,0,18197.12862
8/1/2023 4:44,18157.25,18159.5,18156.5,18158.25,91,0,18197.04174
8/1/2023 4:45,18158.25,18158.25,18152.75,18157,221,0,18196.82115
8/1/2023 4:46,18157,18157,18153.25,18154.25,115,0,18196.70405
8/1/2023 4:47,18154,18154.25,18150.25,18153.5,130,0,18196.56565
8/1/2023 4:48,18153.5,18154,18145,18145.5,203,0,18196.32928
8/1/2023 4:49,18146,18148.5,18142.5,18146.5,367,0,18195.88735
8/1/2023 4:50,18146.5,18150.25,18145.25,18149.5,152,0,18195.7156
8/1/2023 4:51,18149,18156,18148.5,18155.25,276,0,18195.43893
8/1/2023 4:52,18155.75,18160.5,18155,18160,206,0,18195.26017
8/1/2023 4:53,18159.5,18159.5,18156,18156.75,83,0,18195.18652
8/1/2023 4:54,18156.5,18158.25,18155.5,18157,114,0,18195.08451
8/1/2023 4:55,18156.75,18158.5,18154.75,18156.25,143,0,18194.95592
8/1/2023 4:56,18156.25,18158.5,18155.75,18157,67,0,18194.89687
8/1/2023 4:57,18157,18162,18157,18162,121,0,18194.79983
8/1/2023 4:58,18161.75,18165.75,18161.5,18165,191,0,18194.66429
8/1/2023 4:59,18164.25,18164.25,18160,18160.25,134,0,18194.56195
8/1/2023 5:00,18160,18162,18158.5,18161.25,85,0,18194.49556
8/1/2023 5:01,18160.25,18160.25,18154.25,18157.5,233,0,18194.29759
8/1/2023 5:02,18156.75,18157,18153.25,18153.5,87,0,18194.21876
8/1/2023 5:03,18153.75,18157.5,18153.5,18154.5,146,0,18194.08909
8/1/2023 5:04,18155,18156.25,18152.75,18156.25,77,0,18194.02091
8/1/2023 5:05,18156.5,18158.5,18154.5,18156.75,85,0,18193.94881
8/1/2023 5:06,18156.75,18161.5,18156.75,18160.75,145,0,18193.83654
8/1/2023 5:07,18160.5,18163,18158,18159.25,120,0,18193.74532
8/1/2023 5:08,18159.75,18159.75,18156.25,18158.25,74,0,18193.68598
8/1/2023 5:09,18158.5,18158.5,18154.5,18155.25,71,0,18193.62604
8/1/2023 5:10,18155.5,18157.5,18154.75,18156.5,62,0,18193.57409
8/1/2023 5:11,18156.75,18159.5,18156,18158.25,75,0,18193.51424
8/1/2023 5:12,18158.25,18158.75,18155.5,18155.5,59,0,18193.46553
8/1/2023 5:13,18155.25,18157.25,18154.75,18157,64,0,18193.41249
8/1/2023 5:14,18157.75,18158,18153.25,18154.25,60,0,18193.36134
8/1/2023 5:15,18154,18154,18149.5,18149.5,171,0,18193.2005
8/1/2023 5:16,18149.25,18151.5,18146.25,18148.25,145,0,18193.05757
8/1/2023 5:17,18147.75,18150.25,18146.75,18150,108,0,18192.9525
8/1/2023 5:18,18149.5,18153.25,18148.25,18152,123,0,18192.83932
8/1/2023 5:19,18152.5,18154.25,18150.5,18151.75,65,0,18192.78119
8/1/2023 5:20,18151.5,18153.75,18150.5,18150.5,34,0,18192.75041
8/1/2023 5:21,18150.25,18150.75,18148.25,18150,41,0,18192.71163
8/1/2023 5:22,18149.75,18152.5,18148.75,18151.25,74,0,18192.64371
8/1/2023 5:23,18151.25,18151.25,18147.5,18148.75,61,0,18192.58566
8/1/2023 5:24,18148.5,18148.5,18144.75,18147.25,149,0,18192.43693
8/1/2023 5:25,18147.25,18147.25,18143.25,18145.25,140,0,18192.29324
8/1/2023 5:26,18145.5,18146.75,18144.25,18145.75,109,0,18192.18276
8/1/2023 5:27,18145.5,18146,18141.25,18146,217,0,18191.95889
8/1/2023 5:28,18145.25,18146.5,18144.25,18144.75,81,0,18191.87717
8/1/2023 5:29,18144.5,18146.5,18144,18145.5,65,0,18191.81204
8/1/2023 5:30,18146.25,18148.25,18145,18146,69,0,18191.7447
8/1/2023 5:31,18146.5,18146.5,18141.75,18146.5,133,0,18191.61119
8/1/2023 5:32,18146.5,18148.25,18143.75,18144,92,0,18191.5201
8/1/2023 5:33,18145.5,18147,18145,18146.25,55,0,18191.4667
8/1/2023 5:34,18146.75,18147,18143.5,18143.5,62,0,18191.40477
8/1/2023 5:35,18143.25,18143.25,18134,18138,692,0,18190.63363
8/1/2023 5:36,18138,18143.25,18137.25,18143,245,0,18190.38006
8/1/2023 5:37,18142.5,18146.5,18142.25,18144.5,217,0,18190.17232
8/1/2023 5:38,18145,18145,18141.5,18143.75,119,0,18190.05672
8/1/2023 5:39,18143.25,18146.75,18142.5,18145,137,0,18189.92813
8/1/2023 5:40,18145,18145.75,18141.5,18142.75,79,0,18189.85199
8/1/2023 5:41,18142,18145.25,18142,18145,73,0,18189.78299
8/1/2023 5:42,18144.25,18146.5,18143.5,18144,100,0,18189.69
8/1/2023 5:43,18143.75,18144,18141.75,18143.25,63,0,18189.62946
8/1/2023 5:44,18143.5,18143.5,18138.75,18138.75,156,0,18189.47167
8/1/2023 5:45,18138.75,18140,18136.25,18136.25,188,0,18189.27197
8/1/2023 5:46,18136.5,18141.75,18135.75,18141,135,0,18189.13502
8/1/2023 5:47,18141,18144.75,18139,18142.75,111,0,18189.029
8/1/2023 5:48,18142.25,18144.75,18141.25,18144.5,61,0,18188.97259
8/1/2023 5:49,18144.75,18146.75,18143.5,18146.5,99,0,18188.88552
8/1/2023 5:50,18145.75,18147.75,18143.5,18144.25,116,0,18188.78296
8/1/2023 5:51,18144,18147,18143.25,18146.5,50,0,18188.73932
8/1/2023 5:52,18147,18147,18143.75,18145.75,96,0,18188.65562
8/1/2023 5:53,18146,18148.75,18144.5,18146.5,130,0,18188.54563
8/1/2023 5:54,18146,18147.25,18145,18145.75,91,0,18188.46791
8/1/2023 5:55,18145.25,18145.25,18142.5,18143.75,94,0,18188.38385
8/1/2023 5:56,18143.75,18145.25,18140.5,18144.5,131,0,18188.26613
8/1/2023 5:57,18144.5,18149.25,18143.25,18148.75,176,0,18188.12179
8/1/2023 5:58,18149,18155.75,18148,18154.75,382,0,18187.85538
8/1/2023 5:59,18154.75,18157,18152.75,18156.5,240,0,18187.70224
8/1/2023 6:00,18157,18157.75,18153.75,18155.75,169,0,18187.59638
8/1/2023 6:01,18155.75,18156.5,18153.25,18154.5,119,0,18187.51993
8/1/2023 6:02,18154,18158.75,18153.5,18158.5,159,0,18187.42505
8/1/2023 6:03,18159.25,18159.75,18156,18159.75,149,0,18187.34126
8/1/2023 6:04,18159.75,18160,18157,18158.75,134,0,18187.26653
8/1/2023 6:05,18158.5,18160.25,18157,18157,87,0,18187.21738
8/1/2023 6:06,18156.5,18158.75,18156.5,18158,56,0,18187.18547
8/1/2023 6:07,18157.25,18158.25,18155.25,18158,102,0,18187.12638
8/1/2023 6:08,18158,18158.5,18155.25,18156.25,82,0,18187.07825
8/1/2023 6:09,18155.75,18159.25,18154.75,18158.5,89,0,18187.02761
8/1/2023 6:10,18158.5,18159.25,18157,18157.75,60,0,18186.99414
8/1/2023 6:11,18157.25,18160.5,18156.75,18159.75,79,0,18186.95172
8/1/2023 6:12,18160,18161.75,18158.5,18161.25,105,0,18186.89854
8/1/2023 6:13,18161.25,18162.25,18158,18158.5,100,0,18186.84634
8/1/2023 6:14,18158.25,18159.25,18157.25,18157.75,78,0,18186.80353
8/1/2023 6:15,18157.75,18157.75,18155.75,18157.25,153,0,18186.71653
8/1/2023 6:16,18157,18160.25,18157,18160.25,58,0,18186.68616
8/1/2023 6:17,18160.5,18160.5,18158.25,18159,35,0,18186.66792
8/1/2023 6:18,18158.75,18158.75,18156.25,18158,75,0,18186.62667
8/1/2023 6:19,18157.5,18158,18156.75,18158,24,0,18186.61346
8/1/2023 6:20,18157.75,18158.25,18157,18157.25,32,0,18186.59581
8/1/2023 6:21,18157.25,18158.75,18157.25,18158.5,28,0,18186.58074
8/1/2023 6:22,18159,18161.75,18159,18161,120,0,18186.5218
8/1/2023 6:23,18160.75,18163,18160.25,18162.25,116,0,18186.46781
8/1/2023 6:24,18162,18163.25,18161.25,18162.5,102,0,18186.4215
8/1/2023 6:25,18162.5,18164.75,18161.25,18164.25,161,0,18186.35202
8/1/2023 6:26,18164,18165.5,18162.75,18164.75,132,0,18186.29764
8/1/2023 6:27,18164.5,18165.25,18163.25,18163.75,57,0,18186.27397
8/1/2023 6:28,18164.5,18164.5,18161,18161.5,66,0,18186.24447
8/1/2023 6:29,18161,18161.75,18160.25,18161.5,71,0,18186.21128
8/1/2023 6:30,18161,18161.5,18160,18160.25,53,0,18186.18598
8/1/2023 6:31,18160.5,18163.5,18159,18160.25,316,0,18186.03812
8/1/2023 6:32,18159.75,18162.25,18158.75,18161.5,117,0,18185.98364
8/1/2023 6:33,18161.5,18161.75,18158.5,18158.5,121,0,18185.92475
8/1/2023 6:34,18158.75,18158.75,18154,18154.25,163,0,18185.83409
8/1/2023 6:35,18153.5,18156.25,18152.75,18156,160,0,18185.74368
8/1/2023 6:36,18156.25,18158.5,18156,18158.5,91,0,18185.69694
8/1/2023 6:37,18158.5,18159.5,18158,18159,78,0,18185.65866
8/1/2023 6:38,18159,18160.25,18158.25,18159.5,68,0,18185.62599
8/1/2023 6:39,18159,18162.25,18158.75,18161.5,85,0,18185.5876
8/1/2023 6:40,18161.25,18162.25,18160.5,18161.25,60,0,18185.56112
8/1/2023 6:41,18161.25,18161.25,18158.5,18158.75,119,0,18185.5048
8/1/2023 6:42,18159,18163.5,18158.75,18163.5,138,0,18185.44583
8/1/2023 6:43,18163.25,18165.25,18163,18165.25,93,0,18185.41061
8/1/2023 6:44,18165.5,18166.25,18164,18166,82,0,18185.381
8/1/2023 6:45,18165.75,18168.75,18165.5,18168.75,143,0,18185.33538
8/1/2023 6:46,18168.25,18168.75,18167.5,18168.25,99,0,18185.30482
8/1/2023 6:47,18168.25,18168.5,18165.25,18166.25,81,0,18185.27772
8/1/2023 6:48,18166.25,18166.25,18164.5,18165.5,60,0,18185.25635
8/1/2023 6:49,18165,18167,18164.25,18166.75,52,0,18185.23841
8/1/2023 6:50,18166.75,18168.75,18166.75,18168,72,0,18185.21599
8/1/2023 6:51,18168,18168.75,18165.75,18166,62,0,18185.19562
8/1/2023 6:52,18166.5,18168.25,18166,18168.25,32,0,18185.1855
8/1/2023 6:53,18168,18171,18167.75,18170,173,0,18185.13744
8/1/2023 6:54,18170.25,18174.25,18169,18171.75,269,0,18185.07322
8/1/2023 6:55,18172.25,18172.75,18170.5,18171,106,0,18185.04761
8/1/2023 6:56,18171,18173.5,18169.75,18173.5,158,0,18185.01194
8/1/2023 6:57,18173.5,18174.75,18170.5,18171.5,172,0,18184.97334
8/1/2023 6:58,18172.25,18174.75,18170.25,18170.5,209,0,18184.92521
8/1/2023 6:59,18170.25,18173.25,18170,18173,113,0,18184.89984
8/1/2023 7:00,18172.5,18173,18169.5,18171.75,149,0,18184.86479
8/1/2023 7:01,18172.25,18176.5,18171,18175.5,291,0,18184.81161
8/1/2023 7:02,18176,18177,18174.5,18177,121,0,18184.79349
8/1/2023 7:03,18176,18176.5,18174.25,18174.5,61,0,18184.78325
8/1/2023 7:04,18174.25,18175.75,18171.75,18171.75,185,0,18184.74592
8/1/2023 7:05,18172,18173.25,18171.25,18172.75,93,0,18184.72618
8/1/2023 7:06,18172.5,18173.5,18169.75,18171,126,0,18184.69737
8/1/2023 7:07,18170.5,18171,18168.25,18169.25,127,0,18184.66428
8/1/2023 7:08,18169.25,18170.75,18168.5,18169.5,86,0,18184.64208
8/1/2023 7:09,18169.5,18169.5,18167.25,18168,94,0,18184.61575
8/1/2023 7:10,18168.25,18168.75,18166.75,18168,102,0,18184.58655
8/1/2023 7:11,18167.75,18168.25,18166,18168,70,0,18184.56607
8/1/2023 7:12,18167.75,18171.5,18167.5,18171,106,0,18184.5398
8/1/2023 7:13,18170.5,18171,18167.5,18168,68,0,18184.52166
8/1/2023 7:14,18168,18168.25,18165.25,18165.75,98,0,18184.49157
8/1/2023 7:15,18166.25,18166.25,18162,18162.25,204,0,18184.41919
8/1/2023 7:16,18162,18164.75,18161.75,18162.75,106,0,18184.38103
8/1/2023 7:17,18162.5,18165.25,18161.75,18163.25,150,0,18184.3281
8/1/2023 7:18,18163.25,18166.25,18163,18166,83,0,18184.30126
8/1/2023 7:19,18166.25,18167.25,18165.75,18166.5,70,0,18184.28034
8/1/2023 7:20,18166.75,18167.25,18162.5,18162.5,96,0,18184.24785
8/1/2023 7:21,18162.5,18164.5,18161.5,18162,82,0,18184.21823
8/1/2023 7:22,18161.75,18163.75,18160,18160.5,235,0,18184.1289
8/1/2023 7:23,18159.75,18162.5,18159.25,18160.75,108,0,18184.08703
8/1/2023 7:24,18160.5,18162.75,18160,18160.75,117,0,18184.04249
8/1/2023 7:25,18161.25,18162.5,18156.5,18158.25,208,0,18183.95657
8/1/2023 7:26,18158.25,18158.5,18154.25,18154.75,228,0,18183.85084
8/1/2023 7:27,18155,18158,18154.75,18156.5,109,0,18183.80162
8/1/2023 7:28,18156.25,18156.25,18150.5,18151.5,254,0,18183.67234
8/1/2023 7:29,18152,18153,18147,18147.75,426,0,18183.43365
8/1/2023 7:30,18148,18149.75,18144.75,18148.75,506,0,18183.14215
8/1/2023 7:31,18148.5,18148.5,18142.25,18143.25,299,0,18182.95731
8/1/2023 7:32,18143.75,18143.75,18140.25,18142,225,0,18182.80978
8/1/2023 7:33,18142,18143.5,18140,18141.25,152,0,18182.70971
8/1/2023 7:34,18141.5,18142.25,18136.5,18138.25,271,0,18182.52135
8/1/2023 7:35,18138.25,18141.75,18135.5,18140.25,281,0,18182.32849
8/1/2023 7:36,18140.75,18141.25,18133.5,18137.5,458,0,18182.00521
8/1/2023 7:37,18137.5,18139.75,18135,18138.75,253,0,18181.83027
8/1/2023 7:38,18138.75,18138.75,18136.75,18138,202,0,18181.69158
8/1/2023 7:39,18138.5,18142.5,18138.25,18140,222,0,18181.54851
8/1/2023 7:40,18139.25,18140.75,18137.25,18138.25,135,0,18181.45884
8/1/2023 7:41,18138.25,18138.25,18128.5,18133,653,0,18180.97521
8/1/2023 7:42,18132.5,18135,18126,18128.5,404,0,18180.65976
8/1/2023 7:43,18128.5,18130,18124,18124.75,342,0,18180.37712
8/1/2023 7:44,18124.75,18124.75,18116.75,18116.75,834,0,18179.61457
8/1/2023 7:45,18117,18120.5,18114.75,18119,476,0,18179.17838
8/1/2023 7:46,18118.5,18127.75,18118.25,18127.25,436,0,18178.8251
8/1/2023 7:47,18127.25,18127.25,18122,18123.75,304,0,18178.58109
8/1/2023 7:48,18123.5,18128.25,18123,18127.25,154,0,18178.46246
8/1/2023 7:49,18127.5,18128.75,18125.75,18126.25,253,0,18178.27151
8/1/2023 7:50,18126.5,18127.5,18124.25,18126.25,136,0,18178.16762
8/1/2023 7:51,18126.5,18129.5,18124.75,18128.75,163,0,18178.04762
8/1/2023 7:52,18128.5,18131,18128,18128,201,0,18177.90431
8/1/2023 7:53,18127.75,18129.5,18126.25,18127.75,122,0,18177.81568
8/1/2023 7:54,18128,18129.25,18126.5,18128,123,0,18177.72678
8/1/2023 7:55,18128,18131,18128,18128.75,205,0,18177.58326
8/1/2023 7:56,18128.75,18128.75,18124,18126.5,263,0,18177.38966
8/1/2023 7:57,18126.75,18127.5,18121.75,18122,297,0,18177.16144
8/1/2023 7:58,18122.5,18125.5,18122,18122.5,251,0,18176.96858
8/1/2023 7:59,18122.25,18123.25,18120,18120.5,141,0,18176.85666
8/1/2023 8:00,18121,18121,18116.5,18117.75,279,0,18176.62531
8/1/2023 8:01,18117.5,18124,18116.75,18121.75,336,0,18176.36058
8/1/2023 8:02,18121.75,18122,18119.75,18121.75,118,0,18176.26876
8/1/2023 8:03,18122.25,18123.5,18120.75,18123.25,115,0,18176.18172
8/1/2023 8:04,18123.5,18127.75,18122.5,18127.75,170,0,18176.06193
8/1/2023 8:05,18128.25,18130.5,18126.75,18129.75,258,0,18175.89205
8/1/2023 8:06,18130,18130.5,18128.5,18130,197,0,18175.76499
8/1/2023 8:07,18129.5,18132.75,18129.5,18131,293,0,18175.58307
8/1/2023 8:08,18130.5,18133.5,18124.75,18125.75,298,0,18175.38684
8/1/2023 8:09,18126,18126.25,18118.5,18119.5,340,0,18175.13409
8/1/2023 8:10,18119.25,18121.75,18117.75,18121.25,332,0,18174.88425
8/1/2023 8:11,18121,18125,18121,18123,182,0,18174.7551
8/1/2023 8:12,18123.75,18124.5,18120.75,18122.75,197,0,18174.61513
8/1/2023 8:13,18122.75,18125.75,18122.75,18124.5,127,0,18174.52818
8/1/2023 8:14,18124.5,18129.75,18123.75,18128,196,0,18174.40211
8/1/2023 8:15,18128.25,18129.5,18125.5,18127,120,0,18174.32553
8/1/2023 8:16,18127.5,18129.5,18125,18129.5,84,0,18174.27283
8/1/2023 8:17,18129.5,18132.75,18128.75,18130.5,157,0,18174.18031
8/1/2023 8:18,18130.5,18134.25,18130,18133.75,206,0,18174.06506
8/1/2023 8:19,18133.5,18133.5,18128,18129.75,220,0,18173.93603
8/1/2023 8:20,18130,18133.75,18128.75,18132.75,117,0,18173.86981
8/1/2023 8:21,18132.75,18133.5,18125.5,18129,248,0,18173.72212
8/1/2023 8:22,18129,18130.5,18127.75,18128.5,157,0,18173.62826
8/1/2023 8:23,18127.75,18130.75,18126,18126,117,0,18173.55649
8/1/2023 8:24,18125.75,18129.75,18124.75,18129.5,156,0,18173.462
8/1/2023 8:25,18129.5,18130.75,18123.75,18124.75,281,0,18173.2869
8/1/2023 8:26,18124.5,18125.75,18121.75,18123.25,257,0,18173.11828
8/1/2023 8:27,18124.25,18125.75,18122.75,18125.75,111,0,18173.04752
8/1/2023 8:28,18125.25,18125.5,18120.5,18122.75,174,0,18172.9328
8/1/2023 8:29,18122.25,18122.75,18115.25,18116.25,405,0,18172.64221
8/1/2023 8:30,18116.5,18117,18109.25,18110.75,662,0,18172.12443
8/1/2023 8:31,18110.5,18113.75,18104,18104.75,876,0,18171.39849
8/1/2023 8:32,18105.25,18112.5,18105.25,18112.25,411,0,18171.0766
8/1/2023 8:33,18112.5,18120,18111.75,18118.25,650,0,18170.62917
8/1/2023 8:34,18118.25,18122.25,18117.5,18119.5,296,0,18170.43935
8/1/2023 8:35,18119,18120.75,18116,18120,246,0,18170.28009
8/1/2023 8:36,18120.5,18124.25,18120,18121.5,360,0,18170.06231
8/1/2023 8:37,18121,18121.75,18113.5,18114,333,0,18169.83979
8/1/2023 8:38,18114.25,18115.25,18110.25,18112.5,290,0,18169.634
8/1/2023 8:39,18113,18113.25,18110.5,18112,159,0,18169.52032
8/1/2023 8:40,18111.75,18115.25,18110.75,18115,141,0,18169.42294
8/1/2023 8:41,18114.75,18115.75,18112.25,18113.25,119,0,18169.34113
8/1/2023 8:42,18113,18116.25,18111.75,18116.25,185,0,18169.21672
8/1/2023 8:43,18116.25,18118.75,18116.25,18118.75,200,0,18169.09063
8/1/2023 8:44,18118,18121.5,18116,18119.5,211,0,18168.96108
8/1/2023 8:45,18119.25,18122.75,18119,18121.75,184,0,18168.85353
8/1/2023 8:46,18122.25,18123.75,18119.25,18119.25,205,0,18168.73323
8/1/2023 8:47,18119,18120.5,18115.25,18115.25,201,0,18168.60669
8/1/2023 8:48,18115.5,18118,18114,18117.75,203,0,18168.47849
8/1/2023 8:49,18117.75,18118.5,18114.5,18117.75,196,0,18168.3561
8/1/2023 8:50,18117.25,18117.25,18113.75,18114,212,0,18168.21946
8/1/2023 8:51,18114,18114.5,18111.25,18113.5,255,0,18168.05015
8/1/2023 8:52,18113.5,18113.5,18105.5,18110.5,581,0,18167.64566
8/1/2023 8:53,18110.25,18112.75,18106.75,18111.75,349,0,18167.4078
8/1/2023 8:54,18112,18118,18112,18116.75,286,0,18167.23189
8/1/2023 8:55,18116.5,18118.75,18114.25,18118,173,0,18167.12896
8/1/2023 8:56,18117.5,18122.25,18116.25,18122.25,263,0,18166.98338
8/1/2023 8:57,18122.25,18122.5,18118.5,18120.5,204,0,18166.87169
8/1/2023 8:58,18120.5,18120.75,18117,18118.75,216,0,18166.74977
8/1/2023 8:59,18119.25,18123,18117.5,18122,214,0,18166.63461
8/1/2023 9:00,18121.75,18122.75,18119.25,18121.5,144,0,18166.55801
8/1/2023 9:01,18121.25,18121.25,18115,18119.75,307,0,18166.3866
8/1/2023 9:02,18119.75,18121.75,18118.5,18120.25,183,0,18166.28821
8/1/2023 9:03,18120,18122.5,18118.25,18120.5,158,0,18166.20405
8/1/2023 9:04,18121.5,18122.25,18119.75,18122,148,0,18166.12706
8/1/2023 9:05,18122.25,18131.25,18122,18130.25,506,0,18165.90376
8/1/2023 9:06,18130.5,18133.25,18128.25,18132.25,566,0,18165.67918
8/1/2023 9:07,18132.25,18135.5,18131.5,18132.25,408,0,18165.52762
8/1/2023 9:08,18132.25,18135.75,18132,18135.5,362,0,18165.3998
8/1/2023 9:09,18135.25,18138.25,18132.75,18133.25,502,0,18165.22616
8/1/2023 9:10,18133.75,18134,18129,18133.25,495,0,18165.04204
8/1/2023 9:11,18133.25,18137.75,18130.5,18136.75,292,0,18164.94391
8/1/2023 9:12,18137,18137.25,18133.75,18134.5,136,0,18164.89868
8/1/2023 9:13,18134,18139.5,18133.5,18138.25,334,0,18164.7953
8/1/2023 9:14,18138.25,18142.5,18137,18139.75,530,0,18164.64846
8/1/2023 9:15,18140,18143.25,18138.25,18141.75,318,0,18164.56586
8/1/2023 9:16,18141.75,18145.25,18140.5,18142.5,385,0,18164.47366
8/1/2023 9:17,18142.5,18143,18138.75,18139.25,359,0,18164.3789
8/1/2023 9:18,18139.25,18139.5,18135.75,18136.75,351,0,18164.2755
8/1/2023 9:19,18137,18139.25,18136.25,18138.75,282,0,18164.1953
8/1/2023 9:20,18138.5,18141.5,18136.25,18139.5,210,0,18164.13817
8/1/2023 9:21,18139.75,18144.5,18139.25,18144,271,0,18164.07507
8/1/2023 9:22,18144.25,18147,18143.75,18146.25,427,0,18163.99055
8/1/2023 9:23,18146.5,18147,18139.75,18141.25,315,0,18163.91856
8/1/2023 9:24,18141.5,18141.5,18138,18141,403,0,18163.81643
8/1/2023 9:25,18140.75,18143.25,18138.5,18142.5,235,0,18163.7604
8/1/2023 9:26,18142.25,18142.5,18138,18141.25,571,0,18163.62039
8/1/2023 9:27,18140.25,18140.25,18136.75,18136.75,249,0,18163.55286
8/1/2023 9:28,18136.5,18139.25,18135,18136.5,401,0,18163.44063
8/1/2023 9:29,18137,18146.75,18136,18146,655,0,18163.30035
8/1/2023 9:30,18146,18147.75,18141.75,18144.5,780,0,18163.1499
8/1/2023 9:31,18144.75,18150.25,18124.25,18129.5,5421,18134.66667,18161.63655
8/1/2023 9:32,18129.75,18139,18119.25,18127,3246,18132.32589,18160.61227
8/1/2023 9:33,18127,18130.25,18115.25,18124.75,2400,18130.39383,18159.78322
8/1/2023 9:34,18124,18133.5,18115.25,18115.25,2321,18128.82306,18158.9719
8/1/2023 9:35,18115.75,18142.5,18112.5,18142,3242,18129.50739,18158.20925
8/1/2023 9:36,18142.25,18144,18130.75,18131.25,2702,18130.32167,18157.67613
8/1/2023 9:37,18132.25,18142,18129.75,18141.25,1963,18130.99874,18157.34299
8/1/2023 9:38,18141,18149.5,18132.25,18137,2910,18132.03081,18156.91522
8/1/2023 9:39,18137,18141,18132.25,18134.75,1489,18132.26083,18156.66058
8/1/2023 9:40,18134.5,18141.5,18128.5,18139.5,2250,18132.60216,18156.29639
8/1/2023 9:41,18139,18146,18131.75,18143.25,2291,18133.18797,18156.00807
8/1/2023 9:42,18143,18147.75,18135.25,18145,1879,18133.74257,18155.81332
8/1/2023 9:43,18144.75,18150,18140.5,18146.5,1546,18134.29025,18155.6929
8/1/2023 9:44,18146.25,18152.25,18144.5,18145.75,1577,18134.88144,18155.59491
8/1/2023 9:45,18145.5,18149.75,18137.75,18141.25,1389,18135.18616,18155.46274
8/1/2023 9:46,18141.25,18156.25,18139,18147.5,2461,18135.96672,18155.31983
8/1/2023 9:47,18147.75,18148,18126.25,18129.25,3268,18135.85355,18154.83022
8/1/2023 9:48,18129.5,18143.5,18129,18137,1794,18135.87982,18154.59659
8/1/2023 9:49,18137.5,18138,18127.5,18132,1713,18135.75358,18154.33091
8/1/2023 9:50,18132,18136,18128.25,18130.75,1276,18135.64295,18154.12973
8/1/2023 9:51,18131,18139.5,18127.25,18138.75,2019,18135.62338,18153.86707
8/1/2023 9:52,18138.5,18138.5,18130.5,18136,1205,18135.60847,18153.71238
8/1/2023 9:53,18135.5,18142.25,18131.5,18132.75,1322,18135.60569,18153.55002
8/1/2023 9:54,18132.5,18135.75,18123.5,18126.25,1738,18135.37452,18153.25984
8/1/2023 9:55,18126.25,18137.75,18122.25,18134.75,1518,18135.26977,18153.04271
8/1/2023 9:56,18134.5,18139.5,18132,18132.75,1084,18135.25971,18152.9128
8/1/2023 9:57,18132.25,18138,18130.5,18135,906,18135.24762,18152.80415
8/1/2023 9:58,18134,18138.75,18127,18130.25,1084,18135.18694,18152.6583
8/1/2023 9:59,18129.75,18138.75,18129.75,18132.75,1295,18135.15557,18152.50125
8/1/2023 10:00,18133,18133,18124.75,18127.75,709,18135.07694,18152.39261
8/1/2023 10:01,18131.25,18153.25,18120.5,18136.75,3887,18135.18377,18152.01583
8/1/2023 10:02,18136.5,18142.25,18125.25,18139,2723,18135.1967,18151.74032
8/1/2023 10:03,18138.75,18146,18128,18129,2408,18135.16658,18151.48727
8/1/2023 10:04,18129.25,18141.5,18125.25,18139.5,2176,18135.17423,18151.2789
8/1/2023 10:05,18139.75,18153,18138.5,18150.5,2237,18135.54455,18151.227
8/1/2023 10:06,18150.75,18163.5,18150.75,18156.5,3560,18136.53255,18151.34366
8/1/2023 10:07,18156.25,18157.25,18142,18142,2113,18136.81431,18151.29244
8/1/2023 10:08,18142.75,18151,18137,18146.25,2209,18137.02985,18151.21122
8/1/2023 10:09,18146.25,18157.25,18144.5,18155.5,1473,18137.30357,18151.22111
8/1/2023 10:10,18155.5,18158.25,18149.25,18150.5,1488,18137.57477,18151.233
8/1/2023 10:11,18150.5,18154.75,18142.5,18147,1657,18137.77736,18151.20442
8/1/2023 10:12,18147.75,18148.25,18136.25,18141.75,2058,18137.87806,18151.10274
8/1/2023 10:13,18141.5,18145.25,18127.5,18128,2188,18137.77387,18150.89754
8/1/2023 10:14,18127.75,18128.25,18116.5,18118.25,3272,18137.18667,18150.38288
8/1/2023 10:15,18117.75,18123,18099.5,18103.75,5322,18135.65472,18149.24893
8/1/2023 10:16,18104,18104,18090.25,18099.25,4768,18133.91334,18148.0242
8/1/2023 10:17,18099.5,18103.25,18088.25,18096.75,3560,18132.65607,18147.11656
8/1/2023 10:18,18097,18113.25,18092.25,18106.25,2964,18131.88224,18146.49706
8/1/2023 10:19,18106.5,18111.75,18081.5,18082.5,4846,18130.19706,18145.2467
8/1/2023 10:20,18082.5,18093.5,18076.5,18090.25,5145,18128.33538,18143.85772
8/1/2023 10:21,18090.25,18096.25,18081.5,18094.25,2376,18127.60445,18143.28079
8/1/2023 10:22,18094.5,18098.25,18087.75,18098,1600,18127.17961,18142.92828
8/1/2023 10:23,18098,18107,18096.75,18104.25,1994,18126.79181,18142.56771
8/1/2023 10:24,18104.25,18111.75,18103.5,18108.75,1547,18126.56397,18142.32919
8/1/2023 10:25,18108.5,18111.5,18102.25,18110.5,1773,18126.31068,18142.06049
8/1/2023 10:26,18111,18115.5,18108.25,18109,1560,18126.12725,18141.84696
8/1/2023 10:27,18109,18117.25,18107.75,18112.75,1322,18125.99185,18141.67792
8/1/2023 10:28,18112.5,18121.5,18108.25,18120.75,1794,18125.86927,18141.48467
8/1/2023 10:29,18120.5,18128.75,18114.75,18122.5,2573,18125.7964,18141.26971
8/1/2023 10:30,18122.25,18131.25,18118.75,18128.75,2148,18125.80342,18141.13263
8/1/2023 10:31,18129,18137.25,18124.75,18134.75,2515,18125.91818,18141.03872
8/1/2023 10:32,18134.75,18145.75,18130.75,18143,2629,18126.1724,18141.02555
8/1/2023 10:33,18142.5,18153,18141.5,18151.25,2060,18126.48869,18141.08973
8/1/2023 10:34,18151.75,18151.75,18145.75,18148,1479,18126.70949,18141.13464
8/1/2023 10:35,18147.75,18148,18140.25,18141.5,1608,18126.88793,18141.14848
8/1/2023 10:36,18141.25,18149.25,18136.25,18149,1937,18127.11815,18141.17731
8/1/2023 10:37,18148.5,18159,18146.75,18156,2548,18127.56289,18141.30708
8/1/2023 10:38,18155.5,18161.75,18154.5,18154.5,1485,18127.84408,18141.3992
8/1/2023 10:39,18154.25,18159.75,18152,18155.75,1430,18128.09991,18141.48076
8/1/2023 10:40,18155.25,18162.25,18152.25,18159.25,1327,18128.35069,18141.5665
8/1/2023 10:41,18159.25,18165.5,18149.5,18154,2523,18128.79111,18141.71152
8/1/2023 10:42,18154.25,18169.75,18150.5,18169.5,2347,18129.28836,18141.9065
8/1/2023 10:43,18169,18176,18162.5,18164.25,2826,18129.94237,18142.18337
8/1/2023 10:44,18164.75,18168,18159,18162.25,1332,18130.20701,18142.28906
8/1/2023 10:45,18162,18162.5,18152.5,18156.5,1597,18130.46268,18142.37871
8/1/2023 10:46,18156.5,18159,18151.75,18158,1160,18130.63909,18142.43917
8/1/2023 10:47,18157.75,18160,18152.5,18155.5,991,18130.78645,18142.48947
8/1/2023 10:48,18155.75,18161,18153.75,18157.5,948,18130.93366,18142.54225
8/1/2023 10:49,18157.75,18162.5,18154,18158.25,1333,18131.14434,18142.61996
8/1/2023 10:50,18158.75,18175,18156.5,18172.75,1831,18131.53157,18142.79183
8/1/2023 10:51,18173.25,18182,18169.75,18179.25,2334,18132.13114,18143.08364
8/1/2023 10:52,18179,18181.5,18171.75,18172.75,1377,18132.46464,18143.24513
8/1/2023 10:53,18172.5,18176.25,18167,18172.75,1358,18132.76336,18143.38644
8/1/2023 10:54,18172.75,18184.75,18172.25,18183,1630,18133.18789,18143.60113
8/1/2023 10:55,18183,18184.25,18170.5,18172.5,1359,18133.50445,18143.75754
8/1/2023 10:56,18172.25,18176.25,18166.5,18169.5,1181,18133.74363,18143.87119
8/1/2023 10:57,18169.25,18176.5,18164.75,18165.5,1183,18133.96844,18143.97637
8/1/2023 10:58,18165.5,18169,18163,18165.75,1027,18134.14474,18144.05607
8/1/2023 10:59,18166,18167.5,18156.5,18160.25,1615,18134.37935,18144.15467
8/1/2023 11:00,18160,18166,18155,18166,1307,18134.57263,18144.23785
8/1/2023 11:01,18166.25,18169.75,18161,18168.5,1444,18134.81403,18144.3494
8/1/2023 11:02,18168,18174,18164.5,18172.5,1325,18135.0594,18144.46878
8/1/2023 11:03,18171.75,18175.25,18157.5,18157.5,1668,18135.30388,18144.57773
8/1/2023 11:04,18157.75,18166.5,18151.25,18152.5,1771,18135.49841,18144.65159
8/1/2023 11:05,18152.5,18160,18148.5,18152.5,1484,18135.63546,18144.6972
8/1/2023 11:06,18152,18160,18151.5,18157.75,881,18135.72811,18144.73229
8/1/2023 11:07,18158.5,18168,18156.75,18165.75,1101,18135.88199,18144.80226
8/1/2023 11:08,18165.5,18167.5,18153.25,18159.25,1051,18136.00888,18144.85616
8/1/2023 11:09,18158.25,18161.25,18152.25,18154.75,915,18136.10041,18144.89071
8/1/2023 11:10,18155,18164,18154.5,18162.5,842,18136.20166,18144.93433
8/1/2023 11:11,18162.25,18165.25,18155.75,18162.75,819,18136.30305,18144.97903
8/1/2023 11:12,18162.5,18165.25,18156,18157.25,748,18136.38849,18145.01527
8/1/2023 11:13,18156.5,18162.75,18153.75,18162.5,640,18136.46162,18145.04649
8/1/2023 11:14,18162.25,18164,18157.25,18159.25,447,18136.51352,18145.06896
8/1/2023 11:15,18159,18159.5,18149.5,18150.5,1024,18136.59662,18145.09643
8/1/2023 11:16,18150.5,18161.75,18149.75,18160.25,904,18136.68721,18145.13273
8/1/2023 11:17,18160.25,18160.25,18152.25,18153.25,634,18136.74414,18145.15388
8/1/2023 11:18,18152.5,18163.25,18148.75,18152.25,1304,18136.857,18145.19495
8/1/2023 11:19,18152,18154.25,18145.75,18151.5,1382,18136.94703,18145.21891
8/1/2023 11:20,18151.5,18158,18149.5,18155.5,924,18137.02341,18145.24634
8/1/2023 11:21,18155.25,18156.75,18146.25,18146.75,739,18137.06855,18145.25756
8/1/2023 11:22,18146.5,18153.25,18143.25,18149,1150,18137.13049,18145.26963
8/1/2023 11:23,18148.5,18156.75,18147.5,18153.25,883,18137.19417,18145.29025
8/1/2023 11:24,18153.5,18157.5,18147,18151.25,794,18137.24882,18145.30719
8/1/2023 11:25,18152,18152.25,18146.25,18147,544,18137.27736,18145.31278
8/1/2023 11:26,18146.75,18152,18144.5,18150,684,18137.3141,18145.3205
8/1/2023 11:27,18150.75,18162.5,18148.75,18162.25,1138,18137.42207,18145.36601
8/1/2023 11:28,18162,18173,18160.25,18171.25,1874,18137.68618,18145.50176
8/1/2023 11:29,18171,18178,18169.25,18173,1360,18137.90755,18145.62185
8/1/2023 11:30,18172.75,18173.5,18168,18170.75,753,18138.01982,18145.68157
8/1/2023 11:31,18170.75,18174,18161.25,18166.5,1453,18138.21138,18145.78002
8/1/2023 11:32,18166.25,18167,18161,18162.75,804,18138.30306,18145.82487
8/1/2023 11:33,18163.25,18167,18155.75,18162.25,1141,18138.42224,18145.88131
8/1/2023 11:34,18162.5,18166.25,18158.75,18159.75,813,18138.50613,18145.92107
8/1/2023 11:35,18159.5,18162.75,18155.25,18160.75,640,18138.56605,18145.94825
8/1/2023 11:36,18160.75,18163.25,18157.25,18158.5,552,18138.61767,18145.97174
8/1/2023 11:37,18159,18166.5,18156.25,18165.5,863,18138.7096,18146.01655
8/1/2023 11:38,18165.25,18171.25,18164.25,18170.75,841,18138.82072,18146.07556
8/1/2023 11:39,18170.5,18170.75,18164,18168.25,684,18138.90723,18146.12105
8/1/2023 11:40,18167.75,18174.25,18167,18172,690,18139.00429,18146.17399
8/1/2023 11:41,18172.5,18173.5,18167,18167,661,18139.0912,18146.22061
8/1/2023 11:42,18167.75,18171.25,18164.25,18170.25,505,18139.15598,18146.2552
8/1/2023 11:43,18170,18172.25,18166.75,18167.25,425,18139.21059,18146.28444
8/1/2023 11:44,18167.25,18169.25,18156,18158,943,18139.29977,18146.327
8/1/2023 11:45,18158.25,18159.25,18152.5,18152.75,713,18139.34751,18146.34546
8/1/2023 11:46,18152.5,18158,18152.25,18156.25,617,18139.39035,18146.36261
8/1/2023 11:47,18155.25,18163.75,18153.25,18163,763,18139.45774,18146.39415
8/1/2023 11:48,18162.25,18164.25,18158.75,18162.5,450,18139.5008,18146.41517
8/1/2023 11:49,18162.5,18163.5,18156.75,18163.25,511,18139.54805,18146.43795
8/1/2023 11:50,18163.5,18163.5,18156.25,18159.75,303,18139.57424,18146.4502
8/1/2023 11:51,18159.25,18165.25,18157,18164.5,597,18139.63179,18146.47863
8/1/2023 11:52,18165,18167.75,18163.25,18167.25,718,18139.71228,18146.52096
8/1/2023 11:53,18167.75,18168,18161.75,18165.75,560,18139.77255,18146.5523
8/1/2023 11:54,18165.75,18169.5,18165,18168.25,547,18139.83673,18146.58678
8/1/2023 11:55,18168,18171.75,18165.5,18170.25,603,18139.91114,18146.62751
8/1/2023 11:56,18170,18177,18168.75,18173,1183,18140.07462,18146.72022
8/1/2023 11:57,18172.5,18175.25,18167.5,18175,761,18140.17787,18146.77876
8/1/2023 11:58,18174.75,18177.25,18164.75,18171.75,2253,18140.46732,18146.94165
8/1/2023 11:59,18171,18174.75,18162.25,18164.75,1656,18140.64945,18147.04053
8/1/2023 12:00,18164.5,18171,18164.25,18169.75,519,18140.70833,18147.07297
8/1/2023 12:01,18169.75,18173,18167,18171,613,18140.78256,18147.11476
8/1/2023 12:02,18170.75,18172,18161.25,18162.5,758,18140.85814,18147.15495
8/1/2023 12:03,18163,18164.25,18155.75,18160,1028,18140.93799,18147.19344
8/1/2023 12:04,18160.25,18161.5,18155.25,18156.5,629,18140.98079,18147.21276
8/1/2023 12:05,18156.75,18160.5,18155.5,18157,449,18141.01106,18147.2264
8/1/2023 12:06,18157,18162.5,18156.5,18160,405,18141.04154,18147.24103
8/1/2023 12:07,18159.75,18160.75,18154.5,18155.75,503,18141.07385,18147.25526
8/1/2023 12:08,18155.5,18161.75,18154.5,18158.5,574,18141.11345,18147.27352
8/1/2023 12:09,18158.5,18160.75,18155,18160.75,335,18141.13726,18147.28471
8/1/2023 12:10,18160.25,18164.5,18158.75,18161.75,411,18141.17104,18147.30178
8/1/2023 12:11,18161.5,18167,18161.5,18164,472,18141.21442,18147.32473
8/1/2023 12:12,18164,18169.25,18163.75,18168.25,748,18141.29153,18147.36725
8/1/2023 12:13,18168.5,18172,18162.75,18163,1069,18141.39598,18147.42413
8/1/2023 12:14,18162.75,18167.25,18160.75,18165,541,18141.44511,18147.45033
8/1/2023 12:15,18165.25,18169.25,18162.75,18168,447,18141.48967,18147.4749
8/1/2023 12:16,18168.25,18170,18166.5,18167.5,541,18141.54623,18147.50661
8/1/2023 12:17,18167.25,18171.5,18165.5,18169.5,443,18141.59382,18147.53355
8/1/2023 12:18,18169.25,18170.25,18163.75,18163.75,521,18141.64361,18147.56083
8/1/2023 12:19,18163.75,18164.75,18157.25,18162.25,864,18141.71051,18147.59484
8/1/2023 12:20,18162.25,18162.75,18156.5,18157.5,589,18141.7501,18147.61375
8/1/2023 12:21,18157.5,18159.25,18152.5,18154.5,1141,18141.81075,18147.63892
8/1/2023 12:22,18154.75,18157,18150.5,18153.5,892,18141.85174,18147.65409
8/1/2023 12:23,18153.25,18156.5,18152.25,18155.25,518,18141.87741,18147.66432
8/1/2023 12:24,18155,18157.5,18147.5,18148.25,967,18141.91172,18147.6736
8/1/2023 12:25,18148.5,18149.25,18146.25,18147.5,981,18141.93339,18147.67358
8/1/2023 12:26,18147.5,18153.5,18146,18152,675,18141.95554,18147.67891
8/1/2023 12:27,18152,18152,18145.25,18145.75,564,18141.96784,18147.67889
8/1/2023 12:28,18145.75,18145.75,18136.75,18138.25,1514,18141.95796,18147.64764
8/1/2023 12:29,18138.5,18143.25,18136.25,18140.5,1037,18141.95028,18147.62566
8/1/2023 12:30,18141,18149.5,18140.25,18143.5,854,18141.95823,18147.61808
8/1/2023 12:31,18143.5,18143.5,18133,18133,1310,18141.93139,18147.57797
8/1/2023 12:32,18133.25,18133.5,18126.25,18131.75,1700,18141.85891,18147.49837
8/1/2023 12:33,18131.5,18144.25,18130.5,18142.75,1136,18141.84755,18147.4725
8/1/2023 12:34,18142.75,18151.5,18140.25,18149,1417,18141.87409,18147.47035
8/1/2023 12:35,18149.5,18155.25,18149,18151,880,18141.90609,18147.48058
8/1/2023 12:36,18150.25,18155,18148.5,18151.25,725,18141.93186,18147.48865
8/1/2023 12:37,18150.75,18155.25,18150.25,18154.75,477,18141.95194,18147.4963
8/1/2023 12:38,18154.25,18155.75,18150,18152,482,18141.9707,18147.50293
8/1/2023 12:39,18152.25,18154.25,18149,18154,430,18141.98711,18147.50864
8/1/2023 12:40,18154,18154.25,18151,18151.75,230,18141.9958,18147.51163
8/1/2023 12:41,18151.5,18156,18151.5,18153.5,371,18142.01158,18147.51779
8/1/2023 12:42,18153.75,18155.5,18151.25,18152.25,376,18142.02663,18147.52334
8/1/2023 12:43,18152.5,18157.25,18151.25,18153.75,381,18142.04333,18147.53007
8/1/2023 12:44,18154,18161,18153.25,18160.25,757,18142.08759,18147.55169
8/1/2023 12:45,18159.75,18163,18158.5,18159.75,660,18142.13135,18147.57445
8/1/2023 12:46,18160,18161,18156.25,18159.5,500,18142.16165,18147.58963
8/1/2023 12:47,18159.5,18162.75,18158.5,18161.75,470,18142.19357,18147.60648
8/1/2023 12:48,18162,18163,18158.75,18161.5,477,18142.22599,18147.62365
8/1/2023 12:49,18161.75,18162.25,18157.25,18158.25,342,18142.24692,18147.63425
8/1/2023 12:50,18158.25,18161,18154.5,18160,519,18142.27718,18147.64928
8/1/2023 12:51,18160.25,18161.5,18157,18157.75,427,18142.30237,18147.66189
8/1/2023 12:52,18157.5,18158.5,18153.25,18158.25,674,18142.33697,18147.67801
8/1/2023 12:53,18158.25,18160.75,18154.5,18160.25,362,18142.35785,18147.68841
8/1/2023 12:54,18160.5,18165.25,18158.75,18164.5,687,18142.40792,18147.71597
8/1/2023 12:55,18164.75,18166.25,18163.5,18164.25,599,18142.45529,18147.74282
8/1/2023 12:56,18164.75,18165.5,18161.5,18164.75,389,18142.4849,18147.75944
8/1/2023 12:57,18164.5,18170.75,18164,18170,832,18142.56072,18147.80439
8/1/2023 12:58,18169.5,18171.5,18167.5,18168.75,612,18142.61837,18147.83893
8/1/2023 12:59,18169,18174.5,18168,18173.5,755,18142.69645,18147.88685
8/1/2023 13:00,18173.5,18176.75,18171,18174.5,964,18142.8026,18147.95301
8/1/2023 13:01,18174.75,18182.25,18174,18181.5,1716,18143.02069,18148.0931
8/1/2023 13:02,18181.5,18186.25,18180,18182.25,1520,18143.2306,18148.23029
8/1/2023 13:03,18182,18184.25,18179.25,18180.25,620,18143.31219,18148.28339
8/1/2023 13:04,18180,18182.5,18178.75,18179.5,457,18143.37053,18148.32124
8/1/2023 13:05,18179.75,18185.5,18179.75,18184.25,653,18143.46013,18148.38009
8/1/2023 13:06,18184.5,18189,18181.75,18188.75,1043,18143.61436,18148.48265
8/1/2023 13:07,18189,18192.25,18186,18187.25,1066,18143.77815,18148.59239
8/1/2023 13:08,18187,18190.5,18186.5,18190,423,18143.84354,18148.63631
8/1/2023 13:09,18190.25,18190.5,18185.75,18186,663,18143.94206,18148.70226
8/1/2023 13:10,18186,18186,18180.5,18182,948,18144.06739,18148.78506
8/1/2023 13:11,18182.25,18182.25,18176.5,18179.25,984,18144.18497,18148.86179
8/1/2023 13:12,18179.75,18180.25,18173.75,18176.75,931,18144.28789,18148.92831
8/1/2023 13:13,18176.75,18179.25,18174.25,18175,483,18144.33981,18148.96177
8/1/2023 13:14,18175,18177.25,18172,18174.25,492,18144.38976,18148.99369
8/1/2023 13:15,18174.75,18179,18173.25,18178.75,575,18144.45276,18149.03453
8/1/2023 13:16,18179,18179,18172.25,18175.75,489,18144.50396,18149.06753
8/1/2023 13:17,18176.25,18179.25,18175.75,18179,422,18144.55131,18149.09842
8/1/2023 13:18,18179,18180,18175,18176.25,368,18144.59136,18149.12446
8/1/2023 13:19,18176,18176.75,18171.75,18174.25,415,18144.63248,18149.1508
8/1/2023 13:20,18174,18174.25,18166,18168.75,1080,18144.72249,18149.20661
8/1/2023 13:21,18168.75,18174.25,18168,18172.75,606,18144.77673,18149.24084
8/1/2023 13:22,18172.75,18173,18169.75,18171,311,18144.80405,18149.25804
8/1/2023 13:23,18171,18172.75,18166.75,18166.75,382,18144.83437,18149.27673
8/1/2023 13:24,18167.25,18172,18166.75,18171.5,392,18144.86714,18149.29719
8/1/2023 13:25,18171.75,18179.25,18171.25,18177.75,805,18144.9501,18149.35116
8/1/2023 13:26,18177.25,18178.25,18173.25,18173.75,461,18144.99589,18149.38082
8/1/2023 13:27,18174.25,18177,18172.75,18173,337,18145.02835,18149.40176
8/1/2023 13:28,18172.5,18175,18169.75,18171.75,401,18145.06414,18149.42454
8/1/2023 13:29,18171.5,18172.5,18169,18170.25,321,18145.09105,18149.44148
8/1/2023 13:30,18170.5,18172,18164.5,18168,603,18145.13666,18149.46959
8/1/2023 13:31,18167.75,18169,18161.5,18162,1046,18145.2017,18149.50777
8/1/2023 13:32,18162.75,18162.75,18152.75,18156,1450,18145.25812,18149.53525
8/1/2023 13:33,18155.75,18160.75,18155.75,18160.75,520,18145.28145,18149.54752
8/1/2023 13:34,18160.75,18162.25,18156.75,18160,521,18145.30574,18149.56053
8/1/2023 13:35,18160.5,18163.25,18158.75,18163.25,401,18145.32709,18149.57258
8/1/2023 13:36,18163.5,18164.25,18156.75,18157,607,18145.35455,18149.58717
8/1/2023 13:37,18157,18158.25,18154.25,18156.25,579,18145.37489,18149.59665
8/1/2023 13:38,18156.75,18157,18150,18152,946,18145.39808,18149.60455
8/1/2023 13:39,18151.75,18151.75,18146,18148.5,898,18145.40773,18149.60267
8/1/2023 13:40,18148.75,18149.5,18143.5,18148.25,902,18145.41256,18149.59712
8/1/2023 13:41,18148,18157.25,18146.5,18155,1074,18145.43823,18149.6058
8/1/2023 13:42,18155.25,18155.75,18149.75,18154.75,569,18145.45266,18149.61108
8/1/2023 13:43,18154.75,18159.75,18152.75,18158.5,591,18145.47431,18149.62168
8/1/2023 13:44,18158.75,18160.75,18156.5,18160,352,18145.4895,18149.62977
8/1/2023 13:45,18159.75,18161.75,18158,18161.5,411,18145.50892,18149.64051
8/1/2023 13:46,18161.25,18161.75,18157.75,18158.5,356,18145.52448,18149.64887
8/1/2023 13:47,18158.5,18160.75,18156.25,18160,340,18145.53896,18149.65657
8/1/2023 13:48,18160.25,18164,18157.5,18163,681,18145.57321,18149.67605
8/1/2023 13:49,18163,18163.75,18158.25,18161.25,351,18145.59036,18149.68572
8/1/2023 13:50,18161.25,18163.25,18159.5,18163.25,218,18145.60161,18149.6922
8/1/2023 13:51,18163.25,18171,18162,18168.75,1157,18145.68013,18149.74108
8/1/2023 13:52,18168.5,18171,18165,18166.5,715,18145.72893,18149.77158
8/1/2023 13:53,18166,18173,18165.5,18170.5,594,18145.77332,18149.79992
8/1/2023 13:54,18171,18171,18166.75,18168,387,18145.80085,18149.81734
8/1/2023 13:55,18168,18171.75,18167.75,18170.75,263,18145.82075,18149.83011
8/1/2023 13:56,18170.5,18171.75,18166.75,18171.25,415,18145.85186,18149.85005
8/1/2023 13:57,18171,18175.75,18171,18174.5,779,18145.91932,18149.89451
8/1/2023 13:58,18174.25,18178.75,18172.25,18177.5,724,18145.98715,18149.93985
8/1/2023 13:59,18178,18180,18177,18177.75,464,18146.03345,18149.97113
8/1/2023 14:00,18177.75,18180,18174.25,18176.5,546,18146.08551,18150.00612
8/1/2023 14:01,18176.75,18182.5,18176.5,18178.25,858,18146.1727,18150.06533
8/1/2023 14:02,18178.25,18181.75,18175.75,18179,522,18146.22511,18150.10093
8/1/2023 14:03,18179,18186,18176.25,18179.25,1544,18146.38705,18150.21178
8/1/2023 14:04,18179.75,18185.25,18178.75,18182.25,583,18146.45061,18150.25561
8/1/2023 14:05,18182.25,18185.5,18181,18185,351,18146.49065,18150.28338
8/1/2023 14:06,18185.5,18188.5,18182.25,18183.25,871,18146.59184,18150.35381
8/1/2023 14:07,18183.5,18184.5,18179.25,18179.25,578,18146.65225,18150.39541
8/1/2023 14:08,18179,18179.25,18172.25,18173.5,1137,18146.74983,18150.46094
8/1/2023 14:09,18173.25,18183,18173.25,18180.75,739,18146.82182,18150.51025
8/1/2023 14:10,18180.5,18183,18180,18181.25,365,18146.85992,18150.53661
8/1/2023 14:11,18181,18183.75,18176.5,18177.5,441,18146.90296,18150.56616
8/1/2023 14:12,18177.75,18178.5,18174.25,18177,392,18146.93797,18150.58994
8/1/2023 14:13,18177.25,18182,18177.25,18179.5,371,18146.97438,18150.615
8/1/2023 14:14,18179.5,18180,18176.5,18178,198,18146.99294,18150.6277
8/1/2023 14:15,18179,18182.25,18177.75,18179,269,18147.01933,18150.64588
8/1/2023 14:16,18178.75,18187.75,18178.5,18186.75,924,18147.12255,18150.71816
8/1/2023 14:17,18186.75,18189.5,18181.25,18183,948,18147.22857,18150.79255
8/1/2023 14:18,18182.75,18190.25,18182.5,18190,783,18147.32267,18150.85918
8/1/2023 14:19,18189.5,18194.75,18187,18190,1774,18147.55005,18151.0215
8/1/2023 14:20,18190.25,18194.75,18189.75,18192.75,702,18147.64317,18151.08833
8/1/2023 14:21,18193,18194,18186.25,18187.25,881,18147.75104,18151.16532
8/1/2023 14:22,18187.25,18190.25,18185.75,18187.75,446,18147.8038,18151.2029
8/1/2023 14:23,18188,18191.25,18187,18190,361,18147.848,18151.2345
8/1/2023 14:24,18189.75,18191.25,18183.5,18184,432,18147.89674,18151.26912
8/1/2023 14:25,18183.75,18188.25,18183.5,18186.25,580,18147.96156,18151.31516
8/1/2023 14:26,18186.25,18190.5,18184.75,18190.25,339,18148.00183,18151.34395
8/1/2023 14:27,18190.25,18193.75,18177.5,18178.25,1580,18148.16388,18151.45836
8/1/2023 14:28,18178.5,18181.75,18172.75,18177,1172,18148.26269,18151.52674
8/1/2023 14:29,18176.75,18179.75,18174.25,18177.5,543,18148.30824,18151.5583
8/1/2023 14:30,18177,18181.5,18176.5,18179.75,388,18148.34304,18151.58263
8/1/2023 14:31,18180.25,18184,18179.5,18182.75,790,18148.42014,18151.6371
8/1/2023 14:32,18183,18183,18176.75,18178.75,454,18148.4609,18151.66567
8/1/2023 14:33,18178,18180.75,18176.25,18179,299,18148.48696,18151.68389
8/1/2023 14:34,18179.5,18181.75,18176.5,18177,338,18148.51613,18151.70427
8/1/2023 14:35,18177.25,18183.5,18176.75,18179.5,334,18148.54634,18151.7255
8/1/2023 14:36,18179.5,18184.25,18179.25,18183.25,398,18148.58493,18151.75285
8/1/2023 14:37,18183.25,18186.25,18183,18184,520,18148.63846,18151.79105
8/1/2023 14:38,18183.75,18185.5,18180.75,18184,324,18148.6708,18151.81407
8/1/2023 14:39,18184,18190.5,18183,18185.75,794,18148.75663,18151.8757
8/1/2023 14:40,18185.75,18188.5,18185.25,18186.75,321,18148.7916,18151.90085
8/1/2023 14:41,18186.5,18186.75,18181.25,18182,430,18148.83404,18151.93112
8/1/2023 14:42,18181.75,18186.25,18178,18185.25,521,18148.88508,18151.96752
8/1/2023 14:43,18185,18187.75,18181.75,18186.25,536,18148.94061,18152.00737
8/1/2023 14:44,18186.25,18187.5,18183.75,18185,279,18148.96958,18152.02818
8/1/2023 14:45,18185.25,18187.25,18181.75,18184.75,298,18148.99976,18152.04983
8/1/2023 14:46,18184,18186.75,18181,18185,271,18149.02691,18152.06929
8/1/2023 14:47,18184.25,18185.5,18181.25,18183.75,242,18149.05061,18152.08624
8/1/2023 14:48,18183.5,18191.5,18183.5,18190,460,18149.10186,18152.12336
8/1/2023 14:49,18190,18192.25,18189,18189.75,425,18149.1515,18152.15948
8/1/2023 14:50,18190.25,18194.25,18189,18193,516,18149.21417,18152.20525
8/1/2023 14:51,18192.75,18193,18186.75,18187.75,605,18149.28243,18152.25486
8/1/2023 14:52,18187.5,18189,18184.75,18188.5,317,18149.31654,18152.27957
8/1/2023 14:53,18188.5,18190.25,18177.5,18180.5,1696,18149.47576,18152.39372
8/1/2023 14:54,18180.5,18185.5,18179,18184.75,415,18149.51488,18152.42183
8/1/2023 14:55,18184.75,18186,18181,18181.75,358,18149.54839,18152.4459
8/1/2023 14:56,18182.25,18182.75,18176.75,18178.75,568,18149.59585,18152.47964
8/1/2023 14:57,18178.25,18181,18167.25,18175.5,2341,18149.75842,18152.59301
8/1/2023 14:58,18175.25,18181.25,18175.25,18178,396,18149.78965,18152.61518
8/1/2023 14:59,18177.5,18179.75,18176.5,18178.5,282,18149.81192,18152.631
8/1/2023 15:00,18178,18184.5,18177.75,18181.25,462,18149.85205,18152.65981
8/1/2023 15:01,18181.75,18188,18180.5,18184,677,18149.91629,18152.70636
8/1/2023 15:02,18183.5,18187.75,18183.5,18186,476,18149.9634,18152.74065
8/1/2023 15:03,18186.5,18190,18183.25,18186.25,485,18150.01227,18152.77631
8/1/2023 15:04,18186.25,18187.75,18185,18186.75,185,18150.03088,18152.78989
8/1/2023 15:05,18186.5,18190.5,18185.5,18187.75,470,18150.0799,18152.82579
8/1/2023 15:06,18188.25,18193.5,18188,18192.5,857,18150.177,18152.89742
8/1/2023 15:07,18192.5,18194.25,18187.25,18189.75,657,18150.24949,18152.95085
8/1/2023 15:08,18189.25,18194.75,18189,18192.75,415,18150.29712,18152.98609
8/1/2023 15:09,18192.75,18195.75,18191.75,18194.5,498,18150.35664,18153.03028
8/1/2023 15:10,18193.75,18197.5,18193,18195.25,652,18150.43655,18153.08974
8/1/2023 15:11,18195.25,18196.25,18187.25,18192.5,841,18150.53175,18153.1603
8/1/2023 15:12,18192.25,18197.5,18191.75,18194,702,18150.6155,18153.22266
8/1/2023 15:13,18194.5,18196.75,18192.25,18194,328,18150.65445,18153.25167
8/1/2023 15:14,18194.75,18195.5,18191.5,18193.25,338,18150.69367,18153.28086
8/1/2023 15:15,18192.75,18194.5,18187.75,18189.25,384,18150.7351,18153.31156
8/1/2023 15:16,18189.5,18193.5,18189,18191.75,411,18150.78038,18153.34517
8/1/2023 15:17,18191,18191.75,18185.75,18187.25,456,18150.82658,18153.3793
8/1/2023 15:18,18187.25,18191.75,18186.75,18188.75,381,18150.86596,18153.40844
8/1/2023 15:19,18188.75,18192,18186.5,18190.25,462,18150.91422,18153.44421
8/1/2023 15:20,18190,18190.5,18186.5,18186.5,217,18150.93583,18153.46018
8/1/2023 15:21,18186.75,18190.25,18186.25,18187.25,329,18150.96861,18153.48441
8/1/2023 15:22,18187.25,18190.5,18185.5,18187,285,18150.99677,18153.50523
8/1/2023 15:23,18186.5,18188.25,18180.5,18183.75,655,18151.05515,18153.54807
8/1/2023 15:24,18183.5,18186.5,18182,18183,438,18151.09369,18153.57635
8/1/2023 15:25,18182.5,18186.25,18179,18179.5,634,18151.14549,18153.61415
8/1/2023 15:26,18180,18182.75,18177.25,18179,507,18151.18419,18153.64223
8/1/2023 15:27,18179,18182.5,18176.5,18177.5,476,18151.21936,18153.6677
8/1/2023 15:28,18177.75,18178.75,18174.25,18177.5,682,18151.26597,18153.70121
8/1/2023 15:29,18177.25,18182.5,18175,18181.75,502,18151.30406,18153.72892
8/1/2023 15:30,18182,18185,18180.25,18182.5,608,18151.35465,18153.76605
8/1/2023 15:31,18182.5,18185.75,18179.75,18183.5,598,18151.4049,18153.80299
8/1/2023 15:32,18183.5,18190,18182.5,18187.75,638,18151.46469,18153.84736
8/1/2023 15:33,18188,18192.5,18187.25,18190.25,891,18151.5555,18153.91522
8/1/2023 15:34,18190.5,18192.25,18189,18192.25,471,18151.60479,18153.95214
8/1/2023 15:35,18192.5,18193.25,18189.5,18192,379,18151.64478,18153.98214
8/1/2023 15:36,18191.5,18193.75,18188.5,18189.5,587,18151.705,18154.02726
8/1/2023 15:37,18190,18191.75,18184.5,18187.75,616,18151.76382,18154.07116
8/1/2023 15:38,18187.75,18188,18183.75,18184.25,390,18151.79822,18154.09671
8/1/2023 15:39,18184.25,18184.5,18178,18179.75,717,18151.85267,18154.1367
8/1/2023 15:40,18180,18181,18176.5,18180.5,652,18151.89959,18154.17104
8/1/2023 15:41,18180.5,18181.75,18172.75,18174.5,1066,18151.96761,18154.2203
8/1/2023 15:42,18175,18176,18166.75,18174,1235,18152.0328,18154.26661
8/1/2023 15:43,18173.75,18173.75,18164.75,18168.25,945,18152.07423,18154.29535
8/1/2023 15:44,18168.5,18173.25,18166,18170,581,18152.10086,18154.31397
8/1/2023 15:45,18169.75,18169.75,18165.5,18168,493,18152.12083,18154.32768
8/1/2023 15:46,18167.75,18173.75,18163.75,18172.25,1046,18152.1689,18154.36138
8/1/2023 15:47,18172,18177.25,18172,18176.75,846,18152.2194,18154.39799
8/1/2023 15:48,18176.5,18178.25,18172,18175,656,18152.25798,18154.42595
8/1/2023 15:49,18175.25,18176.5,18171.75,18172.75,433,18152.2818,18154.4431
8/1/2023 15:50,18173,18178.75,18169,18178,844,18152.3315,18154.47918
8/1/2023 15:51,18178.25,18186,18175.25,18185.75,1472,18152.4443,18154.56318
8/1/2023 15:52,18186,18188.5,18177.5,18181.75,1028,18152.52323,18154.62207
8/1/2023 15:53,18182,18182.25,18175.25,18176.5,789,18152.57434,18154.65972
8/1/2023 15:54,18176.5,18184,18175.5,18183.75,746,18152.62831,18154.69989
8/1/2023 15:55,18183.5,18185.5,18180.5,18182.25,981,18152.7031,18154.75586
8/1/2023 15:56,18182.25,18182.5,18166.25,18171.5,2744,18152.84599,18154.85943
8/1/2023 15:57,18171.25,18174,18168.5,18170,838,18152.8838,18154.88646
8/1/2023 15:58,18169.75,18171.75,18161.75,18171,2282,18152.97079,18154.94737
8/1/2023 15:59,18171,18171.5,18163.75,18166.25,1321,18153.01741,18154.97973
8/1/2023 16:00,18166,18170,18161.75,18165,6039,18153.20328,18155.10656
8/1/2023 16:01,18165,18168,18161.5,18162.5,2128,18153.25926,18155.14389
8/1/2023 16:02,18162.25,18164.25,18157,18161,1148,18153.28016,18155.15655
8/1/2023 16:03,18161,18163,18160.25,18162.75,552,18153.29184,18155.16398
8/1/2023 16:04,18163,18164,18160.25,18163.5,394,18153.30071,18155.16972
8/1/2023 16:05,18163.25,18164.25,18161.75,18162.75,287,18153.3074,18155.17408
8/1/2023 16:06,18162.25,18162.25,18159,18159.5,462,18153.31516,18155.17868
8/1/2023 16:07,18160,18160,18154.25,18156.5,527,18153.31975,18155.18048
8/1/2023 16:08,18156.5,18159.25,18155.25,18159.25,224,18153.32224,18155.18168
8/1/2023 16:09,18159.25,18160.25,18157.25,18159.75,142,18153.32421,18155.18276
8/1/2023 16:10,18159.75,18160.25,18153.25,18155.25,458,18153.32744,18155.18372
8/1/2023 16:11,18155,18155,18151,18152,473,18153.32669,18155.18139
8/1/2023 16:12,18152,18154,18149,18150.25,316,18153.32498,18155.17886
8/1/2023 16:13,18150.5,18152.5,18148.5,18152.5,249,18153.32369,18155.17691
8/1/2023 16:14,18152.25,18154.5,18151.75,18154.25,221,18153.32378,18155.17619
8/1/2023 16:15,18154.5,18160.5,18154.25,18159.5,528,18153.32982,18155.17918
8/1/2023 16:16,18159.25,18173,18154.75,18168.5,978,18153.35814,18155.19866
8/1/2023 16:17,18168.25,18174.75,18167,18171.25,654,18153.38574,18155.21874
8/1/2023 16:18,18171,18172.25,18164.25,18164.75,428,18153.39975,18155.2286
8/1/2023 16:19,18164.5,18169.25,18163.5,18164.5,343,18153.40987,18155.23561
8/1/2023 16:20,18164.75,18166,18159,18166,279,18153.4167,18155.24017
8/1/2023 16:21,18165.5,18167.75,18162.75,18163.75,170,18153.42129,18155.2433
8/1/2023 16:22,18163.75,18164.25,18161,18162.75,174,18153.42513,18155.2458
8/1/2023 16:23,18162.5,18163.5,18161,18161.25,123,18153.42762,18155.24739
8/1/2023 16:24,18161.25,18165.5,18160.5,18165.5,178,18153.43203,18155.25035
8/1/2023 16:25,18165.5,18168.75,18164.75,18168,123,18153.43606,18155.25319
8/1/2023 16:26,18168.75,18171.5,18168,18171,210,18153.44442,18155.25925
8/1/2023 16:27,18171.25,18173,18170.5,18171.5,134,18153.45023,18155.26351
8/1/2023 16:28,18172,18173.75,18171.75,18172.5,104,18153.45499,18155.26701
8/1/2023 16:29,18172.5,18174.25,18171.5,18172.25,197,18153.46399,18155.27364
8/1/2023 16:30,18172,18172.75,18170.5,18172,128,18153.46955,18155.27772
8/1/2023 16:31,18172.25,18173.25,18170.25,18171.25,137,18153.47545,18155.28203
8/1/2023 16:32,18171.25,18171.75,18169.25,18169.75,74,18153.4784,18155.28417
8/1/2023 16:33,18169.5,18170.25,18166.75,18167.25,112,18153.48229,18155.28694
8/1/2023 16:34,18167.75,18168.25,18165.75,18167.25,88,18153.48513,18155.28895
8/1/2023 16:35,18167.5,18169.25,18167.5,18168.5,75,18153.48779,18155.29085
8/1/2023 16:36,18168.75,18168.75,18165.5,18166.75,62,18153.48978,18155.29225
8/1/2023 16:37,18167,18168.75,18166.75,18167.75,21,18153.49049,18155.29276
8/1/2023 16:38,18167.5,18168.5,18167.25,18167.25,48,18153.4921,18155.29391
8/1/2023 16:39,18167.5,18169.25,18167.5,18168.75,68,18153.49453,18155.29564
8/1/2023 16:40,18169,18169.5,18168.5,18169,43,18153.49611,18155.29678
8/1/2023 16:41,18168.75,18169.75,18168.25,18169.25,67,18153.49859,18155.29856
8/1/2023 16:42,18169,18169.5,18168.5,18169,36,18153.49991,18155.29951
8/1/2023 16:43,18168.75,18170.25,18168.5,18168.75,65,18153.50233,18155.30125
8/1/2023 16:44,18169,18170.5,18167.75,18170.25,106,18153.50635,18155.30416
8/1/2023 16:45,18170,18170.5,18168.75,18169.25,96,18153.50999,18155.30679
8/1/2023 16:46,18169,18170.25,18168,18170,71,18153.51267,18155.30872
8/1/2023 16:47,18170,18170,18167,18167,58,18153.51466,18155.31014
8/1/2023 16:48,18167,18167.5,18163,18166.5,181,18153.51987,18155.31375
8/1/2023 16:49,18166.25,18166.75,18161,18161.25,202,18153.52441,18155.31675
8/1/2023 16:50,18161.25,18161.25,18156.5,18157.75,301,18153.52795,18155.31859
8/1/2023 16:51,18157.5,18160.5,18157.5,18159.75,117,18153.52954,18155.31948
8/1/2023 16:52,18159.25,18159.5,18157,18157,69,18153.53024,18155.31981
8/1/2023 16:53,18157.5,18160.25,18156.75,18156.75,80,18153.53107,18155.32021
8/1/2023 16:54,18157.25,18161.25,18157,18159,119,18153.53263,18155.32107
8/1/2023 16:55,18158.5,18165.75,18157.5,18164.75,161,18153.53611,18155.32335
8/1/2023 16:56,18165.25,18166,18159.75,18161.5,169,18153.53965,18155.32566
8/1/2023 16:57,18161.75,18161.75,18159,18161,49,18153.54047,18155.32615
8/1/2023 16:58,18161,18161.25,18158.25,18158.25,54,18153.5412,18155.32656
8/1/2023 16:59,18158.25,18160.25,18156.75,18158.5,104,18153.54242,18155.32719
8/1/2023 17:00,18158,18159.5,18156.75,18156.75,124,18153.54362,18155.32775
8/1/2023 18:01,18105.25,18105.75,18032.25,18047.5,2429,0,18061.83333
8/1/2023 18:02,18047.25,18072,18047.25,18071,728,0,18062.19845
8/1/2023 18:03,18071.25,18090.25,18066.5,18090.25,475,0,18064.83173
8/1/2023 18:04,18089.75,18095.75,18080.25,18083.25,718,0,18068.39448
8/1/2023 18:05,18084.5,18085.75,18080.25,18081.25,187,0,18068.97243
8/1/2023 18:06,18081.25,18086,18078.75,18085.5,264,0,18069.7667
8/1/2023 18:07,18085.25,18098.25,18084.75,18090.25,637,0,18072.2637
8/1/2023 18:08,18090,18092.25,18084.25,18084.25,185,0,18072.74579
8/1/2023 18:09,18084.75,18090,18083.75,18088.25,72,0,18072.93022
8/1/2023 18:10,18088.25,18090,18086,18088,104,0,18073.20048
8/1/2023 18:11,18087.75,18091.75,18085.25,18086.75,152,0,18073.57636
8/1/2023 18:12,18086.25,18087.75,18085.25,18086.5,44,0,18073.67121
8/1/2023 18:13,18086,18086,18076.75,18079,353,0,18074.05558
8/1/2023 18:14,18079,18079,18069,18072.5,321,0,18074.02884
8/1/2023 18:15,18072.25,18075.5,18067.25,18073.75,288,0,18073.95175
8/1/2023 18:16,18073,18075.25,18066.25,18066.75,245,0,18073.79748
8/1/2023 18:17,18067,18082.25,18067,18080.25,380,0,18073.93292
8/1/2023 18:18,18081,18087.5,18080.5,18085.25,327,0,18074.36638
8/1/2023 18:19,18086.25,18086.5,18082,18085.25,138,0,18074.54159
8/1/2023 18:20,18085.5,18088.25,18081.25,18082.5,182,0,18074.75078
8/1/2023 18:21,18082.5,18090.5,18082.25,18087.75,197,0,18075.03327
8/1/2023 18:22,18086.75,18087.5,18081.75,18083.25,112,0,18075.15308
8/1/2023 18:23,18082.75,18085.5,18081.75,18084.25,53,0,18075.20663
8/1/2023 18:24,18085.5,18088.25,18084.25,18086.25,72,0,18075.29841
8/1/2023 18:25,18086.75,18088,18083.25,18087.25,94,0,18075.41508
8/1/2023 18:26,18088,18092.25,18086.5,18091.25,203,0,18075.74552
8/1/2023 18:27,18092,18100.25,18091.5,18097.75,356,0,18076.53863
8/1/2023 18:28,18098,18101.75,18097,18101.25,182,0,18076.98819
8/1/2023 18:29,18101,18104.5,18099.25,18099.5,297,0,18077.71879
8/1/2023 18:30,18098.5,18099.25,18095.75,18099,255,0,18078.23339
8/1/2023 18:31,18099.25,18101,18097.5,18100.25,138,0,18078.52258
8/1/2023 18:32,18100.5,18101,18097.75,18098.5,88,0,18078.69866
8/1/2023 18:33,18099,18100.5,18098,18098.5,49,0,18078.795
8/1/2023 18:34,18098.75,18101.75,18096.5,18101.5,103,0,18079.00363
8/1/2023 18:35,18101.5,18103.75,18098.5,18098.5,101,0,18079.20744
8/1/2023 18:36,18098.75,18098.75,18091,18092.25,134,0,18079.39333
8/1/2023 18:37,18092,18095.75,18092,18093.25,80,0,18079.49962
8/1/2023 18:38,18094.25,18094.75,18092.25,18093,42,0,18079.55349
8/1/2023 18:39,18092.5,18092.5,18090.5,18092.5,71,0,18079.6338
8/1/2023 18:40,18092.75,18092.75,18091.75,18092.25,18,0,18079.65469
8/1/2023 18:41,18092.75,18096.25,18092.75,18094.75,114,0,18079.80957
8/1/2023 18:42,18094.25,18100.75,18094,18100.75,176,0,18080.10423
8/1/2023 18:43,18100.75,18102,18096.25,18096.25,103,0,18080.26935
8/1/2023 18:44,18096,18100.5,18095.5,18099.5,77,0,18080.39309
8/1/2023 18:45,18100,18101.5,18099.25,18100.5,80,0,18080.53331
8/1/2023 18:46,18100.25,18102,18099.25,18100.25,112,0,18080.72717
8/1/2023 18:47,18100.5,18101.25,18097.5,18098.5,76,0,18080.84731
8/1/2023 18:48,18098.5,18098.5,18094.75,18095.25,91,0,18080.96643
8/1/2023 18:49,18095.25,18098,18094.5,18098,42,0,18081.02317
8/1/2023 18:50,18098,18098,18094.25,18095.25,26,0,18081.05588
8/1/2023 18:51,18095.75,18098.75,18095.75,18098.5,48,0,18081.12334
8/1/2023 18:52,18098.75,18100.25,18098.75,18099.25,46,0,18081.19426
8/1/2023 18:53,18099.75,18100.25,18098.75,18098.75,26,0,18081.23374
8/1/2023 18:54,18098.5,18103.25,18097.75,18102.75,114,0,18081.42382
8/1/2023 18:55,18103,18106.75,18100.75,18101.5,263,0,18081.88636
8/1/2023 18:56,18101.5,18101.5,18098.75,18101.25,53,0,18081.96643
8/1/2023 18:57,18101.25,18103,18101.25,18101.75,41,0,18082.03288
8/1/2023 18:58,18102.25,18103.25,18101.25,18101.25,24,0,18082.0714
8/1/2023 18:59,18102.5,18105.25,18102.5,18104,84,0,18082.21856
8/1/2023 19:00,18103.75,18105.75,18103.25,18105.25,87,0,18082.37466
8/1/2023 19:01,18105.25,18106,18104,18104.5,75,0,18082.50801
8/1/2023 19:02,18104.75,18108.5,18102.75,18105.25,215,0,18082.89279
8/1/2023 19:03,18104.75,18105.25,18103.25,18104.5,51,0,18082.97757
8/1/2023 19:04,18104,18104,18100.25,18101.25,64,0,18083.07067
8/1/2023 19:05,18101,18102.25,18099.5,18100.25,66,0,18083.15981
8/1/2023 19:06,18100.5,18101.25,18098,18099.25,69,0,18083.2459
8/1/2023 19:07,18100.25,18102.75,18100,18102,30,0,18083.2878
8/1/2023 19:08,18102.25,18104.25,18101,18101,38,0,18083.34206
8/1/2023 19:09,18100.5,18102.25,18100.5,18101,23,0,18083.37329
8/1/2023 19:10,18100.75,18101.5,18100,18100,29,0,18083.41087
8/1/2023 19:11,18099.75,18101,18099.25,18101,42,0,18083.46473
8/1/2023 19:12,18099.75,18100,18099.25,18099.75,12,0,18083.47938
8/1/2023 19:13,18099.75,18102.5,18099.5,18101.25,47,0,18083.54151
8/1/2023 19:14,18100.75,18100.75,18100,18100.25,7,0,18083.55033
8/1/2023 19:15,18100,18101.25,18100,18100.5,23,0,18083.57968
8/1/2023 19:16,18100.75,18100.75,18097.25,18098.75,54,0,18083.64148
8/1/2023 19:17,18098,18098.5,18096,18096.25,102,0,18083.74175
8/1/2023 19:18,18096,18098,18095.75,18097,53,0,18083.79326
8/1/2023 19:19,18097.75,18099.25,18097.75,18098.5,29,0,18083.82465
8/1/2023 19:20,18099.75,18099.75,18097.75,18099.5,22,0,18083.84918
8/1/2023 19:21,18098.25,18098.25,18097.25,18097.5,31,0,18083.88059
8/1/2023 19:22,18097.25,18099,18096.5,18096.5,38,0,18083.91796
8/1/2023 19:23,18096.5,18097,18096.25,18096.75,22,0,18083.93844
8/1/2023 19:24,18096.5,18096.75,18094.25,18094.75,57,0,18083.98531
8/1/2023 19:25,18094.75,18097.5,18094,18096.75,62,0,18084.03959
8/1/2023 19:26,18097,18097.75,18096.25,18096.75,45,0,18084.08139
8/1/2023 19:27,18097,18099.25,18097,18098.5,83,0,18084.16572
8/1/2023 19:28,18098.75,18099.5,18097.5,18098,51,0,18084.21734
8/1/2023 19:29,18098.5,18098.75,18097.5,18098,40,0,18084.25685
8/1/2023 19:30,18097.75,18097.75,18094.75,18096.75,41,0,18084.29226
8/1/2023 19:31,18096,18096.75,18094,18095,100,0,18084.36955
8/1/2023 19:32,18095,18095.5,18092.5,18093.25,116,0,18084.44568
8/1/2023 19:33,18094.25,18095,18093.5,18095,32,0,18084.46813
8/1/2023 19:34,18094.5,18095.25,18093,18094.25,55,0,18084.50523
8/1/2023 19:35,18093.75,18094.5,18093.25,18094,22,0,18084.5196
8/1/2023 19:36,18094.5,18094.5,18092.75,18093.25,35,0,18084.54137
8/1/2023 19:37,18093,18093.5,18091.5,18093,55,0,18084.57221
8/1/2023 19:38,18092.75,18092.75,18089.5,18089.5,87,0,18084.60808
8/1/2023 19:39,18089.5,18090.5,18086.75,18087.75,163,0,18084.64926
8/1/2023 19:40,18088,18089.25,18087.25,18089.25,67,0,18084.66706
8/1/2023 19:41,18089.25,18094.5,18089.25,18094,115,0,18084.72806
8/1/2023 19:42,18094,18094.25,18093,18093.25,44,0,18084.75384
8/1/2023 19:43,18093.5,18095.25,18092.5,18094,65,0,18084.79346
8/1/2023 19:44,18094.25,18096,18093.5,18095.25,46,0,18084.82434
8/1/2023 19:45,18095.75,18097,18095.5,18096.25,53,0,18084.86435
8/1/2023 19:46,18096,18097.5,18096,18097.5,65,0,18084.91626
8/1/2023 19:47,18097.5,18098.5,18095.5,18095.5,46,0,18084.95121
8/1/2023 19:48,18095.25,18095.25,18093.75,18094.5,59,0,18084.98803
8/1/2023 19:49,18094.25,18097,18092.75,18096.75,95,0,18085.05288
8/1/2023 19:50,18097,18097.5,18095.75,18096.25,70,0,18085.10468
8/1/2023 19:51,18095.75,18098.25,18093.75,18097.5,121,0,18085.19313
8/1/2023 19:52,18097.5,18102,18097.5,18101.25,173,0,18085.35839
8/1/2023 19:53,18101.5,18101.5,18098.75,18098.75,53,0,18085.40634
8/1/2023 19:54,18099,18099.25,18098,18098.5,28,0,18085.42963
8/1/2023 19:55,18099.5,18100.5,18099.5,18099.75,29,0,18085.4561
8/1/2023 19:56,18099.75,18100.75,18099,18100.75,35,0,18085.48847
8/1/2023 19:57,18101,18102.5,18099.5,18099.5,61,0,18085.54582
8/1/2023 19:58,18099.75,18102.25,18099,18102.25,35,0,18085.57998
8/1/2023 19:59,18101.75,18103,18101.25,18103,53,0,18085.63556
8/1/2023 20:00,18102.5,18103,18101,18101.25,64,0,18085.69953
8/1/2023 20:01,18101.5,18101.75,18095.5,18096,183,0,18085.8348
8/1/2023 20:02,18095.5,18096.25,18088.25,18095.75,258,0,18085.95292
8/1/2023 20:03,18096,18100.75,18095,18100.5,113,0,18086.03964
8/1/2023 20:04,18100.25,18102.75,18098.25,18098.5,85,0,18086.1096
8/1/2023 20:05,18098,18098.5,18095,18096.75,74,0,18086.15638
8/1/2023 20:06,18096.5,18097.75,18094.5,18094.75,60,0,18086.19016
8/1/2023 20:07,18094.25,18094.75,18092.25,18092.25,113,0,18086.23596
8/1/2023 20:08,18092.75,18093.25,18089.5,18089.5,97,0,18086.26156
8/1/2023 20:09,18090,18090.5,18087.25,18090.5,102,0,18086.28027
8/1/2023 20:10,18090.5,18090.75,18081.75,18085.25,239,0,18086.27529
8/1/2023 20:11,18085.75,18086.5,18082.75,18082.75,97,0,18086.2627
8/1/2023 20:12,18083.25,18084.25,18080.75,18083,96,0,18086.24313
8/1/2023 20:13,18083.5,18084.5,18080.75,18080.75,103,0,18086.21849
8/1/2023 20:14,18080.75,18084.75,18079,18084.25,167,0,18086.18537
8/1/2023 20:15,18084.25,18088.5,18084,18088.25,111,0,18086.18987
8/1/2023 20:16,18088.75,18091.25,18087.25,18090.75,102,0,18086.20992
8/1/2023 20:17,18089.5,18094,18089.25,18092.75,94,0,18086.2398
8/1/2023 20:18,18093,18095,18092.75,18093.75,109,0,18086.28497
8/1/2023 20:19,18093.25,18095.75,18092.75,18094.75,58,0,18086.31063
8/1/2023 20:20,18094.75,18098.75,18094.75,18095.75,149,0,18086.39189
8/1/2023 20:21,18096.25,18098.25,18095.75,18097.75,69,0,18086.43217
8/1/2023 20:22,18098,18098.25,18096.5,18097.5,25,0,18086.44692
8/1/2023 20:23,18097.25,18100,18096.75,18098.75,94,0,18086.50745
8/1/2023 20:24,18098.75,18099.5,18097.5,18098.25,74,0,18086.55434
8/1/2023 20:25,18097.5,18098,18096,18097.5,56,0,18086.58588
8/1/2023 20:26,18097.5,18098,18096,18096.5,33,0,18086.60379
8/1/2023 20:27,18096.25,18096.75,18096.25,18096.25,22,0,18086.61521
8/1/2023 20:28,18095.75,18097,18095.25,18095.5,32,0,18086.63093
8/1/2023 20:29,18095.25,18099.25,18093.25,18099.25,128,0,18086.70223
8/1/2023 20:30,18098.5,18099.75,18097.5,18097.5,55,0,18086.73545
8/1/2023 20:31,18097.25,18097.5,18094.5,18094.75,105,0,18086.78378
8/1/2023 20:32,18095.5,18100.5,18094.75,18100,89,0,18086.83739
8/1/2023 20:33,18100.25,18100.75,18098.75,18099.75,38,0,18086.86275
8/1/2023 20:34,18100.25,18102.25,18100,18100.25,91,0,18086.92814
8/1/2023 20:35,18100.25,18100.25,18098.25,18099.25,77,0,18086.97675
8/1/2023 20:36,18099.5,18099.75,18097.75,18099.25,36,0,18086.99873
8/1/2023 20:37,18099.25,18101.25,18099.25,18099.5,35,0,18087.02196
8/1/2023 20:38,18099.25,18100.25,18099,18100.25,20,0,18087.03503
8/1/2023 20:39,18099.25,18099.25,18098,18098,23,0,18087.04836
8/1/2023 20:40,18098.5,18099.75,18098.25,18098.25,42,0,18087.07335
8/1/2023 20:41,18098,18098,18095.75,18097,47,0,18087.0968
8/1/2023 20:42,18097.25,18099.25,18097.25,18098.5,38,0,18087.11841
8/1/2023 20:43,18099.25,18101.5,18099.25,18100.25,33,0,18087.14045
8/1/2023 20:44,18100.25,18101,18099.5,18100.25,35,0,18087.16359
8/1/2023 20:45,18100.25,18100.75,18099.25,18100,18,0,18087.17523
8/1/2023 20:46,18099.25,18099.25,18096.5,18098.75,52,0,18087.20396
8/1/2023 20:47,18098.5,18099.25,18097.25,18099,30,0,18087.22096
8/1/2023 20:48,18099.5,18100.75,18099.25,18100.5,33,0,18087.24237
8/1/2023 20:49,18100.75,18102.25,18100.75,18101.75,44,0,18087.27391
8/1/2023 20:50,18101.75,18106.75,18101.25,18106.25,195,0,18087.44263
8/1/2023 20:51,18106,18106.5,18103.75,18104.25,108,0,18087.53512
8/1/2023 20:52,18104.25,18109.25,18104.25,18108.75,216,0,18087.74436
8/1/2023 20:53,18109,18117.25,18107.75,18116,511,0,18088.37412
8/1/2023 20:54,18116.25,18119.75,18114.75,18116.5,314,0,18088.79517
8/1/2023 20:55,18116.5,18119,18113.5,18118.5,201,0,18089.05825
8/1/2023 20:56,18118.5,18121.25,18118,18119.75,222,0,18089.37037
8/1/2023 20:57,18120,18120,18111.75,18116,206,0,18089.6192
8/1/2023 20:58,18116,18116,18114,18114.25,61,0,18089.68876
8/1/2023 20:59,18113.75,18115.75,18113,18113.25,51,0,18089.74489
8/1/2023 21:00,18113.5,18115,18113.5,18114,26,0,18089.7736
8/1/2023 21:01,18114.75,18116.25,18113.75,18114.25,51,0,18089.83107
8/1/2023 21:02,18114.25,18118,18114.25,18117.75,49,0,18089.89026
8/1/2023 21:03,18117.75,18120,18117.75,18118,56,0,18089.96241
8/1/2023 21:04,18117.75,18119,18116.75,18118,50,0,18090.02503
8/1/2023 21:05,18118,18118.75,18117.25,18117.75,64,0,18090.10477
8/1/2023 21:06,18117.5,18118.5,18116.75,18117.75,29,0,18090.14043
8/1/2023 21:07,18117.75,18117.75,18114.75,18115.25,49,0,18090.19666
8/1/2023 21:08,18115,18116,18114.5,18115.25,39,0,18090.24008
8/1/2023 21:09,18114.25,18117.5,18114.25,18115.75,60,0,18090.30814
8/1/2023 21:10,18115.75,18116.25,18114.25,18116.25,38,0,18090.35064
8/1/2023 21:11,18115.5,18117.25,18115.25,18117.25,35,0,18090.3912
8/1/2023 21:12,18117.5,18119,18117,18117.75,94,0,18090.50504
8/1/2023 21:13,18117.75,18118.75,18115,18118.5,42,0,18090.55467
8/1/2023 21:14,18118.75,18125.5,18118.75,18124.25,282,0,18090.94953
8/1/2023 21:15,18123.75,18131.25,18122.25,18131,301,0,18091.42921
8/1/2023 21:16,18131,18133.75,18129.75,18132.25,226,0,18091.81725
8/1/2023 21:17,18132.25,18132.25,18130.25,18131.25,101,0,18091.98543
8/1/2023 21:18,18131,18134.75,18130.75,18131.5,198,0,18092.31999
8/1/2023 21:19,18130.5,18131.75,18128.75,18130,112,0,18092.49668
8/1/2023 21:20,18129.75,18138,18129.75,18136.75,209,0,18092.86231
8/1/2023 21:21,18137,18137.75,18131.75,18131.75,184,0,18093.17085
8/1/2023 21:22,18132,18135.25,18131.5,18133.5,95,0,18093.32704
8/1/2023 21:23,18133,18134.5,18131.75,18134.5,81,0,18093.4598
8/1/2023 21:24,18133.75,18134.25,18130.5,18130.5,91,0,18093.60115
8/1/2023 21:25,18132,18134.5,18132,18132.25,70,0,18093.71248
8/1/2023 21:26,18132.75,18133.5,18131.75,18133,49,0,18093.7897
8/1/2023 21:27,18133.5,18134,18131.25,18131.5,62,0,18093.88573
8/1/2023 21:28,18132,18132.5,18129.25,18131,108,0,18094.04609
8/1/2023 21:29,18130.5,18132.25,18129.75,18130.75,49,0,18094.11839
8/1/2023 21:30,18130.25,18130.25,18127,18127.5,68,0,18094.21101
8/1/2023 21:31,18127.25,18128,18122.25,18123,274,0,18094.53774
8/1/2023 21:32,18122.5,18125,18122.25,18124.25,131,0,18094.68846
8/1/2023 21:33,18124.75,18125.25,18122.75,18122.75,52,0,18094.74735
8/1/2023 21:34,18122.75,18125,18122.5,18125,47,0,18094.80145
8/1/2023 21:35,18123.75,18129.5,18123.75,18126.5,140,0,18094.97457
8/1/2023 21:36,18126.5,18126.75,18124.25,18125.25,42,0,18095.02424
8/1/2023 21:37,18125.25,18127.75,18125,18127.75,51,0,18095.08713
8/1/2023 21:38,18127.25,18127.25,18124.5,18124.5,49,0,18095.14464
8/1/2023 21:39,18125.5,18131,18125.5,18129.5,77,0,18095.24422
8/1/2023 21:40,18130,18133.25,18129,18132.25,127,0,18095.421
8/1/2023 21:41,18131.75,18132.5,18129.5,18129.5,78,0,18095.52573
8/1/2023 21:42,18129.75,18131.75,18129.5,18130.75,53,0,18095.59688
8/1/2023 21:43,18130.25,18130.75,18129.75,18129.75,24,0,18095.62847
8/1/2023 21:44,18129.5,18131,18128.75,18130,40,0,18095.68073
8/1/2023 21:45,18130.25,18130.25,18126.75,18129.75,76,0,18095.77671
8/1/2023 21:46,18129,18131.25,18127.25,18128,82,0,18095.87938
8/1/2023 21:47,18127.75,18127.75,18124.75,18126.25,77,0,18095.96771
8/1/2023 21:48,18126.75,18128.25,18125.25,18125.25,62,0,18096.03845
8/1/2023 21:49,18125,18128.25,18123.25,18128,75,0,18096.1243
8/1/2023 21:50,18128.5,18129.5,18127.25,18127.25,45,0,18096.1781
8/1/2023 21:51,18126.75,18129.5,18126.75,18128.75,33,0,18096.21786
8/1/2023 21:52,18129,18131.75,18128.5,18129.25,65,0,18096.29952
8/1/2023 21:53,18129.75,18130.25,18126.25,18127.5,33,0,18096.33857
8/1/2023 21:54,18128.5,18130.25,18127.75,18129.75,32,0,18096.37783
8/1/2023 21:55,18129.5,18130.5,18127.25,18127.75,37,0,18096.42208
8/1/2023 21:56,18126.5,18126.5,18123.25,18124.5,99,0,18096.52611
8/1/2023 21:57,18123.5,18124.25,18120.25,18123.25,102,0,18096.62433
8/1/2023 21:58,18123.5,18125,18121.25,18122.5,58,0,18096.68057
8/1/2023 21:59,18122,18124.5,18121.75,18123.75,39,0,18096.71884
8/1/2023 22:00,18123.5,18123.75,18122.25,18122.5,26,0,18096.74382
8/1/2023 22:01,18122.75,18124.5,18120.5,18121.5,97,0,18096.83422
8/1/2023 22:02,18121,18121.75,18118.25,18119.75,179,0,18096.98469
8/1/2023 22:03,18120.5,18122.5,18118.75,18119.25,67,0,18097.04111
8/1/2023 22:04,18119,18120.25,18118,18119.5,61,0,18097.09022
8/1/2023 22:05,18120,18120.5,18116.25,18116.25,144,0,18097.19707
8/1/2023 22:06,18116,18119.25,18115,18117.25,198,0,18097.33864
8/1/2023 22:07,18117.75,18120,18116.75,18118.25,116,0,18097.42548
8/1/2023 22:08,18119.25,18121,18118.5,18118.5,52,0,18097.46603
8/1/2023 22:09,18119.25,18119.75,18117.5,18118,38,0,18097.49432
8/1/2023 22:10,18118,18118.75,18117.25,18118.5,24,0,18097.51194
8/1/2023 22:11,18119,18119.25,18115.75,18118,95,0,18097.57971
8/1/2023 22:12,18117.5,18118,18109.5,18111.5,262,0,18097.72139
8/1/2023 22:13,18111,18113.5,18104.5,18105,349,0,18097.84163
8/1/2023 22:14,18105.25,18108,18104,18105.5,132,0,18097.87801
8/1/2023 22:15,18105.75,18109.25,18105.25,18106.75,125,0,18097.91753
8/1/2023 22:16,18106.75,18109,18103,18106.25,156,0,18097.96103
8/1/2023 22:17,18106,18107,18100.5,18101.75,169,0,18097.99043
8/1/2023 22:18,18102,18103.5,18097.5,18100.75,272,0,18098.01416
8/1/2023 22:19,18100.75,18102.75,18099.5,18101.75,77,0,18098.02274
8/1/2023 22:20,18101.25,18103,18100.5,18101.75,44,0,18098.02824
8/1/2023 22:21,18101.75,18104.5,18101.5,18104.25,62,0,18098.03941
8/1/2023 22:22,18104.25,18105.75,18103.25,18105.25,72,0,18098.05553
8/1/2023 22:23,18105,18107,18104.75,18106.25,69,0,18098.07377
8/1/2023 22:24,18106.5,18107.25,18103,18103.5,102,0,18098.0958
8/1/2023 22:25,18103.5,18105,18103,18103.75,46,0,18098.10467
8/1/2023 22:26,18103.75,18104.75,18100.75,18101.25,87,0,18098.11658
8/1/2023 22:27,18102,18104,18100,18101,73,0,18098.12512
8/1/2023 22:28,18101.25,18102,18098.25,18099.5,79,0,18098.12977
8/1/2023 22:29,18099.75,18099.75,18097.75,18098,74,0,18098.13067
8/1/2023 22:30,18098,18100.25,18098,18098.5,69,0,18098.13244
8/1/2023 22:31,18098,18100.25,18097,18098.75,118,0,18098.1345
8/1/2023 22:32,18098.5,18102.25,18098,18098.5,124,0,18098.14033
8/1/2023 22:33,18099.5,18099.5,18097.75,18099,24,0,18098.1408
8/1/2023 22:34,18099,18099,18088,18088.5,464,0,18098.04731
8/1/2023 22:35,18088.5,18092.25,18086.5,18091.75,358,0,18097.9582
8/1/2023 22:36,18091.25,18091.5,18087.5,18087.75,152,0,18097.915
8/1/2023 22:37,18086.75,18088.75,18085.75,18088.25,122,0,18097.87553
8/1/2023 22:38,18087.5,18089.5,18084,18085.5,161,0,18097.81763
8/1/2023 22:39,18086.25,18090,18084.5,18084.5,114,0,18097.77698
8/1/2023 22:40,18084.25,18088,18083.75,18087.25,172,0,18097.7162
8/1/2023 22:41,18086.5,18089.25,18085.25,18087.75,75,0,18097.6924
8/1/2023 22:42,18088.25,18091,18087.75,18089.25,78,0,18097.67236
8/1/2023 22:43,18089.25,18090,18088.25,18088.25,58,0,18097.65663
8/1/2023 22:44,18088.75,18092.75,18088.75,18090.75,132,0,18097.62877
8/1/2023 22:45,18090.75,18092,18090.5,18090.5,37,0,18097.62129
8/1/2023 22:46,18090.25,18091.5,18085.5,18085.5,119,0,18097.58466
8/1/2023 22:47,18085.25,18086,18078.25,18078.75,366,0,18097.40208
8/1/2023 22:48,18079.25,18080.5,18074.25,18076.25,421,0,18097.14697
8/1/2023 22:49,18076.5,18080,18074.75,18075.75,275,0,18096.98239
8/1/2023 22:50,18075.75,18077.75,18074.25,18075.75,277,0,18096.81187
8/1/2023 22:51,18075.75,18079,18075.5,18079,123,0,18096.7439
8/1/2023 22:52,18078.75,18079,18076.5,18077,81,0,18096.69862
8/1/2023 22:53,18077.75,18079.5,18075.75,18076.5,94,0,18096.64565
8/1/2023 22:54,18076.25,18077.75,18074.25,18075.25,104,0,18096.58289
8/1/2023 22:55,18075.25,18078.75,18074.75,18077.25,119,0,18096.51552
8/1/2023 22:56,18077.75,18080.5,18077.75,18078.75,111,0,18096.45974
8/1/2023 22:57,18078.75,18079,18076.75,18077.75,62,0,18096.42666
8/1/2023 22:58,18077.25,18078,18076.75,18077.5,31,0,18096.4098
8/1/2023 22:59,18076.75,18077.75,18075.25,18076.5,88,0,18096.35978
8/1/2023 23:00,18075.75,18078,18075.75,18076.75,35,0,18096.3403
8/1/2023 23:01,18076.5,18078.75,18076.5,18078.25,70,0,18096.30343
8/1/2023 23:02,18078.25,18080.75,18077.75,18079.5,125,0,18096.24327
8/1/2023 23:03,18079.25,18082.5,18079,18082.25,153,0,18096.1785
8/1/2023 23:04,18082.25,18084.5,18080,18082.75,138,0,18096.12508
8/1/2023 23:05,18082.75,18083,18080,18080.25,96,0,18096.08458
8/1/2023 23:06,18080.75,18082,18080,18081.5,70,0,18096.05534
8/1/2023 23:07,18081.25,18081.75,18075.25,18078.25,157,0,18095.97816
8/1/2023 23:08,18078.5,18079.25,18078,18078,58,0,18095.94981
8/1/2023 23:09,18078,18079,18077.5,18078.25,47,0,18095.92669
8/1/2023 23:10,18077.75,18080,18077.25,18079.75,75,0,18095.89148
8/1/2023 23:11,18080.25,18080.75,18074.25,18075,192,0,18095.78966
8/1/2023 23:12,18074.75,18075.25,18072.25,18073.75,256,0,18095.6351
8/1/2023 23:13,18073.25,18073.75,18068.25,18071.5,336,0,18095.41194
8/1/2023 23:14,18071,18074,18070.5,18072.5,117,0,18095.33888
8/1/2023 23:15,18072.5,18073.75,18072.25,18072.5,40,0,18095.31455
8/1/2023 23:16,18072.25,18072.75,18064.25,18066.25,427,0,18095.00005
8/1/2023 23:17,18066.25,18069.75,18064.75,18068.75,181,0,18094.86889
8/1/2023 23:18,18068.5,18070.25,18068.25,18070.25,80,0,18094.81522
8/1/2023 23:19,18070.25,18072,18069,18071.75,93,0,18094.75639
8/1/2023 23:20,18071.25,18075.75,18071.25,18074.5,130,0,18094.68464
8/1/2023 23:21,18074.75,18078,18073.75,18077.25,199,0,18094.5888
8/1/2023 23:22,18077.5,18077.75,18075.75,18076,41,0,18094.56936
8/1/2023 23:23,18076.5,18079.75,18076.25,18079,93,0,18094.52988
8/1/2023 23:24,18079.25,18079.25,18076.75,18077.25,102,0,18094.48524
8/1/2023 23:25,18077.25,18077.75,18075.5,18077.75,55,0,18094.4602
8/1/2023 23:26,18077,18077.5,18076,18076.25,27,0,18094.44764
8/1/2023 23:27,18076.25,18077.75,18076,18077.25,52,0,18094.42406
8/1/2023 23:28,18077.5,18079.5,18077.25,18079,59,0,18094.39981
8/1/2023 23:29,18079,18079.75,18077.5,18078.5,56,0,18094.37686
8/1/2023 23:30,18078,18079,18077,18078.75,59,0,18094.35224
8/1/2023 23:31,18078.5,18079.5,18076,18076,38,0,18094.33536
8/1/2023 23:32,18076.5,18077,18075.25,18076.5,72,0,18094.30177
8/1/2023 23:33,18076.75,18079.75,18076.25,18079.5,57,0,18094.27856
8/1/2023 23:34,18079.75,18080.25,18078.5,18079.5,67,0,18094.25296
8/1/2023 23:35,18079.75,18080.25,18079,18080,49,0,18094.23471
8/1/2023 23:36,18079.5,18080,18078.25,18078.75,62,0,18094.21048
8/1/2023 23:37,18078.75,18080.75,18078.25,18078.5,125,0,18094.16242
8/1/2023 23:38,18078.75,18078.75,18076.75,18077.25,65,0,18094.13492
8/1/2023 23:39,18077,18080.75,18076.25,18080.75,58,0,18094.11292
8/1/2023 23:40,18081,18081,18076.75,18077.25,72,0,18094.08402
8/1/2023 23:41,18076.5,18078.75,18076.5,18077.25,33,0,18094.07011
8/1/2023 23:42,18077.5,18079.25,18077.5,18078,49,0,18094.05044
8/1/2023 23:43,18077.75,18079,18076.75,18078,62,0,18094.02509
8/1/2023 23:44,18079,18079.25,18078,18078,24,0,18094.0156
8/1/2023 23:45,18077.5,18077.5,18076.5,18077,19,0,18094.00742
8/1/2023 23:46,18077,18077.75,18072.25,18073,184,0,18093.91621
8/1/2023 23:47,18072.5,18072.75,18069.75,18069.75,129,0,18093.84115
8/1/2023 23:48,18069.75,18071.5,18069.5,18071.5,80,0,18093.79502
8/1/2023 23:49,18072.5,18074.5,18072.25,18074.25,98,0,18093.7457
8/1/2023 23:50,18074.5,18075,18073.75,18074,37,0,18093.72768
8/1/2023 23:51,18074,18076.25,18074,18074.25,44,0,18093.70693
8/1/2023 23:52,18074,18076.25,18074,18075.25,42,0,18093.68752
8/1/2023 23:53,18075.25,18076.75,18074.25,18076.25,27,0,18093.67546
8/1/2023 23:54,18076,18079,18076,18078.5,63,0,18093.65064
8/1/2023 23:55,18079.25,18079.75,18077.25,18078,119,0,18093.60544
8/1/2023 23:56,18077.5,18078.25,18073,18074,136,0,18093.54318
8/1/2023 23:57,18074.25,18076,18072.25,18075.75,86,0,18093.50315
8/1/2023 23:58,18075.25,18075.25,18074.5,18074.75,16,0,18093.49578
8/1/2023 23:59,18074.75,18075.75,18074.75,18075,17,0,18093.48811
8/2/2023 0:00,18074.75,18076,18074,18076,14,0,18093.48185
8/2/2023 0:01,18075.75,18076.5,18074.5,18076.25,32,0,18093.46788
8/2/2023 0:02,18075.25,18076.5,18074.5,18074.5,37,0,18093.45123
8/2/2023 0:03,18074.25,18074.5,18070.5,18071.75,95,0,18093.40181
8/2/2023 0:04,18071.5,18072.75,18070.5,18070.75,46,0,18093.37694
8/2/2023 0:05,18070.75,18074.5,18070,18074,70,0,18093.34176
8/2/2023 0:06,18074.5,18075.5,18074,18075.5,32,0,18093.32741
8/2/2023 0:07,18075.5,18075.5,18074,18074.75,32,0,18093.31289
8/2/2023 0:08,18074.75,18074.75,18072.5,18073,42,0,18093.2925
8/2/2023 0:09,18072.75,18074,18070.25,18071,60,0,18093.261
8/2/2023 0:10,18071,18072,18069.75,18071.5,54,0,18093.23186
8/2/2023 0:11,18072,18073,18071.25,18072.75,44,0,18093.20951
8/2/2023 0:12,18073.25,18073.75,18073,18073.5,26,0,18093.19701
8/2/2023 0:13,18073.75,18074.5,18072,18073.5,53,0,18093.17147
8/2/2023 0:14,18073.5,18074.75,18073,18074.5,17,0,18093.1636
8/2/2023 0:15,18074.5,18076.5,18074,18075.75,65,0,18093.13567
8/2/2023 0:16,18075.75,18077,18074.75,18075.25,32,0,18093.12214
8/2/2023 0:17,18075,18075.25,18073.5,18074,19,0,18093.11347
8/2/2023 0:18,18073.5,18073.5,18071.75,18073,34,0,18093.09674
8/2/2023 0:19,18073.5,18073.75,18070.5,18071.5,45,0,18093.07374
8/2/2023 0:20,18071.5,18072.25,18071.25,18071.75,27,0,18093.05985
8/2/2023 0:21,18072,18072.25,18071.25,18071.5,24,0,18093.04747
8/2/2023 0:22,18072,18073.25,18071,18073.25,36,0,18093.02966
8/2/2023 0:23,18072.75,18073.25,18071.75,18072.25,10,0,18093.02469
8/2/2023 0:24,18072.25,18073.5,18072,18072,30,0,18093.00988
8/2/2023 0:25,18072.25,18072.25,18072,18072,4,0,18093.00786
8/2/2023 0:26,18072.5,18076,18072,18075.75,46,0,18092.98749
8/2/2023 0:27,18075.5,18076.25,18074,18075,47,0,18092.96729
8/2/2023 0:28,18074.75,18074.75,18073.75,18074.5,23,0,18092.95701
8/2/2023 0:29,18075,18075.5,18074.75,18075.5,27,0,18092.94555
8/2/2023 0:30,18075.75,18076.75,18073.5,18074.5,91,0,18092.90629
8/2/2023 0:31,18074.75,18076.75,18074.75,18076,31,0,18092.89364
8/2/2023 0:32,18076,18076.25,18074,18074.75,32,0,18092.87996
8/2/2023 0:33,18074.5,18075.25,18073.75,18075.25,23,0,18092.87
8/2/2023 0:34,18075,18075,18073.5,18074.75,28,0,18092.85768
8/2/2023 0:35,18074.75,18074.75,18073,18074.25,34,0,18092.84239
8/2/2023 0:36,18073.25,18073.25,18071.25,18072.75,48,0,18092.81904
8/2/2023 0:37,18072.5,18073,18067.25,18069.75,186,0,18092.71841
8/2/2023 0:38,18069.75,18075.25,18069,18074.75,88,0,18092.67736
8/2/2023 0:39,18074.75,18077,18074.75,18077,62,0,18092.65329
8/2/2023 0:40,18076.75,18078.25,18075,18075.25,89,0,18092.6187
8/2/2023 0:41,18075,18075.75,18073.25,18073.25,46,0,18092.59862
8/2/2023 0:42,18073,18075.25,18072.75,18074,44,0,18092.57937
8/2/2023 0:43,18074,18074.25,18072.25,18073.75,43,0,18092.56001
8/2/2023 0:44,18074,18074,18071.5,18071.5,30,0,18092.54576
8/2/2023 0:45,18071.25,18071.75,18067.25,18068,114,0,18092.48288
8/2/2023 0:46,18067.75,18070.25,18067.5,18069.5,56,0,18092.45223
8/2/2023 0:47,18068.5,18068.75,18066.5,18068.25,106,0,18092.39134
8/2/2023 0:48,18067.75,18068,18066.25,18067,70,0,18092.35007
8/2/2023 0:49,18067.25,18069,18066.75,18067,54,0,18092.31895
8/2/2023 0:50,18066.75,18067,18065.25,18066.25,69,0,18092.27704
8/2/2023 0:51,18066,18067,18059,18059.75,336,0,18092.04191
8/2/2023 0:52,18060,18065.75,18059.75,18062.75,405,0,18091.77099
8/2/2023 0:53,18063,18065.75,18061.75,18065,89,0,18091.715
8/2/2023 0:54,18065,18068,18064.25,18067.75,103,0,18091.65634
8/2/2023 0:55,18067.25,18067.25,18065.5,18065.5,37,0,18091.63485
8/2/2023 0:56,18065.25,18067,18065.25,18067,33,0,18091.61596
8/2/2023 0:57,18067,18068,18065.25,18065.5,73,0,18091.57399
8/2/2023 0:58,18065.25,18065.75,18063.25,18064.5,77,0,18091.52683
8/2/2023 0:59,18064.75,18064.75,18062.5,18063,52,0,18091.4938
8/2/2023 1:00,18063.25,18066,18063.25,18066,42,0,18091.46876
8/2/2023 1:01,18065.5,18066,18063,18064,89,0,18091.41435
8/2/2023 1:02,18064,18070.25,18063.5,18070.25,150,0,18091.33548
8/2/2023 1:03,18070.25,18070.25,18067.25,18069.25,144,0,18091.26323
8/2/2023 1:04,18069.75,18070,18064.5,18067,100,0,18091.20942
8/2/2023 1:05,18066.75,18067.25,18061.75,18062.75,148,0,18091.11951
8/2/2023 1:06,18062.5,18062.5,18052,18057.75,622,0,18090.65927
8/2/2023 1:07,18057.5,18061.25,18056,18058.25,109,0,18090.5825
8/2/2023 1:08,18057.75,18058.75,18057.25,18058,25,0,18090.56467
8/2/2023 1:09,18058.5,18060.5,18058.5,18059.25,48,0,18090.53198
8/2/2023 1:10,18058.5,18058.75,18055.5,18056.25,53,0,18090.49297
8/2/2023 1:11,18057,18058.5,18056.25,18057.25,81,0,18090.4344
8/2/2023 1:12,18056.25,18058.25,18055.5,18058,91,0,18090.36869
8/2/2023 1:13,18058.25,18059.25,18056.75,18057.75,51,0,18090.33272
8/2/2023 1:14,18057.75,18058.25,18055.25,18057.75,57,0,18090.29158
8/2/2023 1:15,18057.25,18058.5,18056.25,18058.25,49,0,18090.25691
8/2/2023 1:16,18058.75,18060,18058,18058.75,62,0,18090.21483
8/2/2023 1:17,18059.25,18059.5,18056.75,18057.25,35,0,18090.1903
8/2/2023 1:18,18057.5,18063,18055.5,18059.5,250,0,18090.02426
8/2/2023 1:19,18059.75,18065,18059.75,18061.5,129,0,18089.9469
8/2/2023 1:20,18061.5,18061.5,18059.25,18060.5,31,0,18089.92726
8/2/2023 1:21,18059.75,18061.25,18059.25,18059.5,53,0,18089.89328
8/2/2023 1:22,18059.25,18059.25,18056.5,18058.25,63,0,18089.85028
8/2/2023 1:23,18057.75,18059,18056.25,18056.25,43,0,18089.82024
8/2/2023 1:24,18056,18058.25,18055.5,18057.5,62,0,18089.77691
8/2/2023 1:25,18057.5,18059.5,18057,18059.5,37,0,18089.75235
8/2/2023 1:26,18059.75,18064.25,18059.75,18062.25,107,0,18089.68934
8/2/2023 1:27,18062.5,18063.75,18061.25,18062.75,55,0,18089.65765
8/2/2023 1:28,18062,18065.25,18061.5,18065.25,61,0,18089.62442
8/2/2023 1:29,18065.25,18069.25,18065,18068.75,220,0,18089.52234
8/2/2023 1:30,18067.75,18069.75,18066,18068,92,0,18089.48041
8/2/2023 1:31,18067.5,18067.75,18065.5,18066.25,59,0,18089.45185
8/2/2023 1:32,18066,18067,18065.25,18065.25,39,0,18089.43246
8/2/2023 1:33,18065,18066.5,18063,18063.75,55,0,18089.40354
8/2/2023 1:34,18063,18064,18059.5,18062.5,128,0,18089.32999
8/2/2023 1:35,18063,18064,18061,18061,47,0,18089.30309
8/2/2023 1:36,18061.25,18062.75,18060.25,18060.75,49,0,18089.27433
8/2/2023 1:37,18060.75,18064.75,18060.25,18064,55,0,18089.24412
8/2/2023 1:38,18064.75,18068.75,18063.75,18067.75,100,0,18089.19721
8/2/2023 1:39,18068.25,18071,18068.25,18068.75,124,0,18089.14596
8/2/2023 1:40,18069.25,18072.5,18068.75,18071.75,98,0,18089.10904
8/2/2023 1:41,18072,18079.75,18070.75,18074.25,830,0,18088.86863
8/2/2023 1:42,18075,18078.25,18071.25,18071.75,206,0,18088.80533
8/2/2023 1:43,18071.25,18071.75,18068.5,18069.5,88,0,18088.77161
8/2/2023 1:44,18069.5,18069.75,18066.75,18069.75,49,0,18088.75172
8/2/2023 1:45,18069.75,18071,18062.75,18065,127,0,18088.69395
8/2/2023 1:46,18065,18066.5,18064.75,18066.25,68,0,18088.66257
8/2/2023 1:47,18066.25,18066.75,18064.25,18065.5,58,0,18088.63548
8/2/2023 1:48,18066.5,18067.5,18065.75,18065.75,25,0,18088.62425
8/2/2023 1:49,18065.75,18065.75,18061,18063.5,168,0,18088.53918
8/2/2023 1:50,18063.5,18063.75,18055,18056,373,0,18088.31394
8/2/2023 1:51,18056.5,18061,18055.5,18060,172,0,18088.2132
8/2/2023 1:52,18060.25,18062.5,18059.75,18061,76,0,18088.17229
8/2/2023 1:53,18061.5,18063.25,18061,18061.75,44,0,18088.14947
8/2/2023 1:54,18061.5,18063.25,18060.75,18061.5,54,0,18088.12133
8/2/2023 1:55,18062.25,18062.25,18061,18061.75,26,0,18088.10772
8/2/2023 1:56,18061.25,18062.5,18061.25,18062,24,0,18088.09528
8/2/2023 1:57,18061.25,18061.25,18056.25,18059.75,178,0,18087.99349
8/2/2023 1:58,18059.5,18060.5,18058.75,18060.5,65,0,18087.95757
8/2/2023 1:59,18061,18063,18060.25,18063,20,0,18087.94738
8/2/2023 2:00,18062.25,18062.5,18059.5,18061.25,70,0,18087.91043
8/2/2023 2:01,18061.5,18062.5,18056.5,18057,298,0,18087.74018
8/2/2023 2:02,18056.5,18066.75,18054.75,18064.5,217,0,18087.63151
8/2/2023 2:03,18064.5,18064.5,18056.75,18057.25,149,0,18087.5502
8/2/2023 2:04,18056.25,18058.25,18054.75,18056.25,113,0,18087.48211
8/2/2023 2:05,18056.25,18058,18055.75,18057.5,60,0,18087.44685
8/2/2023 2:06,18058.25,18060.5,18055,18058.25,123,0,18087.37679
8/2/2023 2:07,18058.5,18058.5,18055,18055,65,0,18087.33772
8/2/2023 2:08,18055.5,18057.25,18054,18054.25,91,0,18087.28142
8/2/2023 2:09,18054,18055,18051.75,18053.25,125,0,18087.20002
8/2/2023 2:10,18052.75,18053,18048.75,18051.5,265,0,18087.01734
8/2/2023 2:11,18051.25,18051.75,18046.75,18048.75,308,0,18086.79565
8/2/2023 2:12,18048.25,18052.75,18047.5,18050.25,129,0,18086.70621
8/2/2023 2:13,18050.25,18052.5,18049.75,18051.75,114,0,18086.63005
8/2/2023 2:14,18051.5,18054.75,18050.75,18054.75,113,0,18086.55931
8/2/2023 2:15,18054.25,18055,18051.75,18052.5,70,0,18086.51521
8/2/2023 2:16,18052.25,18054.5,18049,18050.75,80,0,18086.46243
8/2/2023 2:17,18050,18051.5,18049,18050.75,73,0,18086.41305
8/2/2023 2:18,18050.25,18054.75,18049.5,18054,77,0,18086.36447
8/2/2023 2:19,18053.5,18055,18052.75,18053.5,126,0,18086.28763
8/2/2023 2:20,18053.25,18056.25,18053.25,18055.5,76,0,18086.24324
8/2/2023 2:21,18054.75,18054.75,18051,18051.75,59,0,18086.20611
8/2/2023 2:22,18052,18053,18050.5,18050.75,60,0,18086.16722
8/2/2023 2:23,18050.25,18051.25,18046.25,18049,207,0,18086.02381
8/2/2023 2:24,18049,18049,18044.5,18048,135,0,18085.9267
8/2/2023 2:25,18047.25,18048,18044.5,18045.75,122,0,18085.83692
8/2/2023 2:26,18045.75,18046.5,18041.75,18043,325,0,18085.5858
8/2/2023 2:27,18042.5,18045.25,18041.25,18045.25,81,0,18085.52392
8/2/2023 2:28,18044.5,18047,18043.25,18046,78,0,18085.46666
8/2/2023 2:29,18045.5,18047.25,18044.75,18045.25,112,0,18085.38539
8/2/2023 2:30,18045.75,18047,18044.25,18044.5,40,0,18085.35609
8/2/2023 2:31,18044.25,18047,18042.75,18045.75,149,0,18085.24707
8/2/2023 2:32,18045.25,18048.75,18045.25,18046.25,77,0,18085.19317
8/2/2023 2:33,18046.75,18047,18042,18043,86,0,18085.12887
8/2/2023 2:34,18043.25,18044,18036.25,18039.5,460,0,18084.75448
8/2/2023 2:35,18039,18043.25,18037.75,18038.5,172,0,18084.61582
8/2/2023 2:36,18038.25,18038.5,18034.25,18036,252,0,18084.39808
8/2/2023 2:37,18036.5,18042.25,18035.75,18042,144,0,18084.28416
8/2/2023 2:38,18041.5,18043.75,18041.25,18042.75,130,0,18084.18778
8/2/2023 2:39,18043.25,18047.25,18041,18041.25,214,0,18084.03231
8/2/2023 2:40,18042.25,18045.25,18041,18043,87,0,18083.96931
8/2/2023 2:41,18042.25,18043.25,18040,18040,89,0,18083.90192
8/2/2023 2:42,18039.75,18041,18037.75,18038,147,0,18083.78547
8/2/2023 2:43,18038.25,18040.5,18033.5,18033.5,206,0,18083.61214
8/2/2023 2:44,18034.25,18037,18033.25,18034.5,136,0,18083.49622
8/2/2023 2:45,18034.5,18038.5,18034.5,18037,81,0,18083.42991
8/2/2023 2:46,18036.5,18041.25,18036.5,18039,254,0,18083.23315
8/2/2023 2:47,18039,18042.5,18039,18041.25,87,0,18083.16918
8/2/2023 2:48,18042,18043.25,18037.75,18038.25,81,0,18083.10816
8/2/2023 2:49,18038.25,18040,18036.5,18037.25,177,0,18082.96979
8/2/2023 2:50,18037.25,18038.25,18035.25,18036.25,99,0,18082.89048
8/2/2023 2:51,18035.75,18036,18034.5,18034.5,69,0,18082.83349
8/2/2023 2:52,18035,18036.25,18029.5,18031.75,469,0,18082.42958
8/2/2023 2:53,18032.5,18034.5,18032.25,18032.5,126,0,18082.32342
8/2/2023 2:54,18032.25,18032.25,18026.25,18028.75,291,0,18082.06022
8/2/2023 2:55,18028.5,18030.5,18026.5,18030,131,0,18081.94239
8/2/2023 2:56,18029.75,18031.75,18023.75,18024.75,300,0,18081.66314
8/2/2023 2:57,18025.25,18027.25,18023,18026.5,290,0,18081.39019
8/2/2023 2:58,18026.25,18027,18023.25,18024.25,86,0,18081.30867
8/2/2023 2:59,18025.25,18027.25,18021.75,18026.5,263,0,18081.06231
8/2/2023 3:00,18027.25,18027.75,18020.25,18025.75,322,0,18080.76048
8/2/2023 3:01,18025.75,18025.75,18013.5,18018,656,0,18080.09622
8/2/2023 3:02,18018.25,18027.5,18017.5,18027,404,0,18079.7266
8/2/2023 3:03,18026.25,18030.75,18023,18024.75,309,0,18079.45803
8/2/2023 3:04,18025,18027,18017.5,18017.75,226,0,18079.24351
8/2/2023 3:05,18017.75,18018.75,18014,18015.75,401,0,18078.83718
8/2/2023 3:06,18015.25,18025.5,18014.75,18022.75,347,0,18078.51656
8/2/2023 3:07,18023,18029.75,18022.25,18027,462,0,18078.13425
8/2/2023 3:08,18027.25,18031.5,18025.25,18030.25,387,0,18077.83454
8/2/2023 3:09,18029.75,18031.5,18025,18025.25,164,0,18077.70413
8/2/2023 3:10,18025,18026.75,18021,18024.75,185,0,18077.54887
8/2/2023 3:11,18024.75,18026,18019,18020,184,0,18077.38816
8/2/2023 3:12,18019.5,18023,18017.75,18019,200,0,18077.20906
8/2/2023 3:13,18018.5,18020.25,18012.75,18017.5,283,0,18076.944
8/2/2023 3:14,18017,18020,18009.5,18013,333,0,18076.62137
8/2/2023 3:15,18013.25,18027.25,18013.25,18026.5,241,0,18076.4202
8/2/2023 3:16,18027,18028.75,18022,18027.75,196,0,18076.2692
8/2/2023 3:17,18027,18034.5,18026.5,18033,348,0,18076.03075
8/2/2023 3:18,18033.5,18036.25,18030.5,18031.25,253,0,18075.8641
8/2/2023 3:19,18031.5,18031.75,18022.75,18023.25,233,0,18075.68795
8/2/2023 3:20,18023,18025.25,18021.25,18024.25,131,0,18075.58483
8/2/2023 3:21,18024.25,18028.5,18024,18028.25,140,0,18075.48212
8/2/2023 3:22,18027.5,18033.25,18025.5,18033.25,176,0,18075.36354
8/2/2023 3:23,18033.5,18037.75,18033,18036.5,286,0,18075.19393
8/2/2023 3:24,18037.25,18038,18031.25,18031.5,263,0,18075.03075
8/2/2023 3:25,18032,18032,18026.5,18027.25,91,0,18074.9678
8/2/2023 3:26,18027.75,18029,18024.5,18025.25,84,0,18074.90694
8/2/2023 3:27,18025.25,18027,18021,18022.5,266,0,18074.70437
8/2/2023 3:28,18022.75,18027,18022.5,18025,93,0,18074.63575
8/2/2023 3:29,18024.5,18024.5,18018.5,18019,118,0,18074.54171
8/2/2023 3:30,18019.5,18023,18016.5,18023,155,0,18074.41905
8/2/2023 3:31,18022.5,18029.75,18020.75,18027.75,163,0,18074.30324
8/2/2023 3:32,18029.25,18031,18025,18027.5,115,0,18074.22482
8/2/2023 3:33,18027.75,18031.25,18027,18027.25,141,0,18074.13041
8/2/2023 3:34,18026.25,18026.75,18022.5,18023.75,84,0,18074.06923
8/2/2023 3:35,18024,18029,18023,18024.75,88,0,18074.0069
8/2/2023 3:36,18024.75,18030,18024.5,18024.75,139,0,18073.91047
8/2/2023 3:37,18025,18028.75,18025,18027.5,66,0,18073.86546
8/2/2023 3:38,18027.5,18033.25,18025.75,18032.5,111,0,18073.79547
8/2/2023 3:39,18032.5,18037,18031.75,18034.75,206,0,18073.67812
8/2/2023 3:40,18034.5,18034.5,18029.5,18030,89,0,18073.62356
8/2/2023 3:41,18030,18031,18027.75,18029.25,95,0,18073.56273
8/2/2023 3:42,18029.5,18029.5,18024.25,18025,65,0,18073.51831
8/2/2023 3:43,18024.75,18029,18023.75,18026.25,89,0,18073.45773
8/2/2023 3:44,18025.75,18028.75,18023.75,18023.75,60,0,18073.41618
8/2/2023 3:45,18023.5,18025,18023,18023.75,66,0,18073.36914
8/2/2023 3:46,18024,18025.25,18022.25,18023,62,0,18073.32466
8/2/2023 3:47,18023,18026.75,18021.5,18024.75,129,0,18073.2339
8/2/2023 3:48,18024.5,18028.5,18022,18028.25,160,0,18073.1262
8/2/2023 3:49,18028,18028.25,18024.5,18026.25,49,0,18073.09337
8/2/2023 3:50,18026.75,18027.75,18021.75,18022.25,113,0,18073.01394
8/2/2023 3:51,18023.25,18025,18022,18025,63,0,18072.96984
8/2/2023 3:52,18024.25,18025.25,17997.5,18000.5,1081,0,18071.97828
8/2/2023 3:53,18000,18001.75,17981,17995,1103,0,18070.76547
8/2/2023 3:54,17994,17997,17986.5,17987.75,575,0,18070.13068
8/2/2023 3:55,17987.25,17988.75,17977.75,17980,564,0,18069.45426
8/2/2023 3:56,17980.25,17983.25,17976.75,17978.25,415,0,18068.94768
8/2/2023 3:57,17978.25,17986.75,17977.75,17980.5,421,0,18068.45233
8/2/2023 3:58,17980.25,17983.75,17977.75,17982.25,257,0,18068.15126
8/2/2023 3:59,17982.25,17982.25,17977.5,17980.75,257,0,18067.84854
8/2/2023 4:00,17979.5,17980.75,17973.75,17974,248,0,18067.54515
8/2/2023 4:01,17974,17985,17974,17981,692,0,18066.74418
8/2/2023 4:02,17980.75,17980.75,17972.25,17973.25,495,0,18066.15036
8/2/2023 4:03,17973.5,17973.5,17960.25,17963,818,0,18065.08128
8/2/2023 4:04,17962.25,17962.25,17953.75,17961,765,0,18064.03702
8/2/2023 4:05,17960.5,17963.5,17958.5,17961.25,459,0,18063.43251
8/2/2023 4:06,17960.75,17968.5,17958.75,17967.25,496,0,18062.81085
8/2/2023 4:07,17966.5,17967.25,17962.5,17965.25,286,0,18062.45654
8/2/2023 4:08,17965.25,17971,17963.25,17971,335,0,18062.05922
8/2/2023 4:09,17970.5,17974.5,17968.5,17969,268,0,18061.75135
8/2/2023 4:10,17969.25,17969.75,17964.75,17965.25,108,0,18061.62233
8/2/2023 4:11,17964.75,17967,17960.5,17963.25,381,0,18061.15569
8/2/2023 4:12,17963.5,17966.25,17961.75,17964.75,165,0,18060.95635
8/2/2023 4:13,17965.5,17966,17961.25,17965.25,205,0,18060.70961
8/2/2023 4:14,17964.75,17968.25,17964.25,17967.5,160,0,18060.52287
8/2/2023 4:15,17967.25,17968,17963.25,17964.5,239,0,18060.24111
8/2/2023 4:16,17964.75,17967.75,17962.5,17964.25,232,0,18059.968
8/2/2023 4:17,17964,17965.25,17961.5,17964.25,174,0,18059.76169
8/2/2023 4:18,17963.5,17964.75,17956,17957.75,322,0,18059.36578
8/2/2023 4:19,17958,17958,17949.5,17951.25,538,0,18058.66806
8/2/2023 4:20,17951,17951.75,17938.5,17942,947,0,18057.36113
8/2/2023 4:21,17942,17948,17940.75,17945.25,508,0,18056.67581
8/2/2023 4:22,17945.5,17954.25,17944.25,17949.25,774,0,18055.68959
8/2/2023 4:23,17949.25,17957.75,17949.25,17956.5,286,0,18055.3475
8/2/2023 4:24,17956.75,17958,17952.5,17955.75,319,0,18054.97209
8/2/2023 4:25,17954.75,17955.25,17952.5,17954.25,101,0,18054.85213
8/2/2023 4:26,17954.75,17958,17952.5,17954.75,248,0,18054.56194
8/2/2023 4:27,17955,17957.75,17951.75,17951.75,297,0,18054.212
8/2/2023 4:28,17952.25,17954,17950.25,17952.25,147,0,18054.03698
8/2/2023 4:29,17952.25,17954.75,17949.5,17953.75,164,0,18053.84338
8/2/2023 4:30,17954,17958,17953.25,17955.5,255,0,18053.55246
8/2/2023 4:31,17955.25,17957.75,17950.25,17950.75,298,0,18053.20546
8/2/2023 4:32,17950.75,17951,17945.5,17950.5,383,0,18052.7457
8/2/2023 4:33,17949.5,17949.5,17945,17947,193,0,18052.51149
8/2/2023 4:34,17947,17950.75,17945.5,17949.25,251,0,18052.21228
8/2/2023 4:35,17949,17949.75,17945.25,17946.25,192,0,18051.98145
8/2/2023 4:36,17946.75,17951.5,17944.5,17950,253,0,18051.68339
8/2/2023 4:37,17950.5,17951.75,17946.5,17946.75,162,0,18051.49283
8/2/2023 4:38,17946.75,17950,17945.25,17948.5,190,0,18051.26932
8/2/2023 4:39,17948.25,17949,17943.75,17944.25,166,0,18051.0706
8/2/2023 4:40,17944,17946,17942,17942.75,247,0,18050.77048
8/2/2023 4:41,17943,17946.75,17943,17946.25,216,0,18050.51366
8/2/2023 4:42,17946.25,17951.25,17945.5,17949.75,192,0,18050.29398
8/2/2023 4:43,17950.25,17954.5,17949.5,17951.75,186,0,18050.08851
8/2/2023 4:44,17951.75,17954.75,17950,17950.5,179,0,18049.89125
8/2/2023 4:45,17950.25,17952.25,17949.25,17950.5,167,0,18049.7059
8/2/2023 4:46,17950.5,17951.75,17947.25,17951.25,138,0,18049.55236
8/2/2023 4:47,17952,17959.75,17952,17958.25,355,0,18049.18555
8/2/2023 4:48,17958.75,17958.75,17953.5,17953.5,210,0,18048.96663
8/2/2023 4:49,17954,17955.75,17950.75,17951.75,205,0,18048.74822
8/2/2023 4:50,17952.25,17956.75,17951.25,17956.5,146,0,18048.59664
8/2/2023 4:51,17956.75,17961.25,17956.5,17958.25,252,0,18048.3468
8/2/2023 4:52,17960,17960.75,17955.75,17955.75,172,0,18048.1747
8/2/2023 4:53,17956,17961,17955.25,17960.75,111,0,18048.06592
8/2/2023 4:54,17960.5,17963.25,17958.75,17962.75,310,0,18047.77228
8/2/2023 4:55,17962.75,17963.25,17961.25,17962.5,126,0,18047.65453
8/2/2023 4:56,17963.25,17969.75,17961.5,17969.75,508,0,18047.20886
8/2/2023 4:57,17969.25,17974.25,17968.5,17970.5,393,0,18046.88483
8/2/2023 4:58,17970.5,17974.5,17968.25,17974.5,318,0,18046.62922
8/2/2023 4:59,17974.75,17983.75,17974.25,17983.75,792,0,18046.0694
8/2/2023 5:00,17983.25,17985.5,17979.5,17983,484,0,18045.74268
8/2/2023 5:01,17983.25,17985.5,17977,17977.25,442,0,18045.43435
8/2/2023 5:02,17976.75,17977.75,17973.75,17975.75,232,0,18045.26344
8/2/2023 5:03,17975.25,17975.75,17968.25,17970,306,0,18045.02507
8/2/2023 5:04,17970.25,17973.25,17968.25,17971.25,220,0,18044.85367
8/2/2023 5:05,17971.25,17977.25,17970.75,17976,137,0,18044.75273
8/2/2023 5:06,17975.5,17981,17975,17978.75,222,0,18044.5981
8/2/2023 5:07,17979.25,17984.25,17979,17983.5,123,0,18044.51789
8/2/2023 5:08,17983.5,17988.75,17982.75,17987.25,323,0,18044.32169
8/2/2023 5:09,17987,17992,17982.5,17983,488,0,18044.02565
8/2/2023 5:10,17982.5,17995,17981.75,17993.75,557,0,18043.71629
8/2/2023 5:11,17993.5,17995.5,17989.75,17992.25,380,0,18043.51638
8/2/2023 5:12,17993,17995.25,17990,17990,319,0,18043.3473
8/2/2023 5:13,17989.5,17991.25,17982,17984.25,240,0,18043.20633
8/2/2023 5:14,17984,17986,17983,17984.75,90,0,18043.15249
8/2/2023 5:15,17985.25,17991.25,17983.5,17991.25,119,0,18043.08641
8/2/2023 5:16,17991.75,17994.75,17989.5,17990,363,0,18042.89596
8/2/2023 5:17,17990.25,17992,17988.75,17990.75,114,0,18042.83538
8/2/2023 5:18,17990.75,17995.5,17990.25,17992.25,181,0,18042.74345
8/2/2023 5:19,17992.5,17994.75,17989.5,17990.75,169,0,18042.65621
8/2/2023 5:20,17990.75,18000,17990.75,17997.75,480,0,18042.43177
8/2/2023 5:21,17998,18002.25,17995.5,18001.5,291,0,18042.30722
8/2/2023 5:22,18001.75,18002.5,17996.75,17997.25,235,0,18042.20501
8/2/2023 5:23,17996.75,17997.25,17993.5,17997.25,225,0,18042.10123
8/2/2023 5:24,17997,17999.75,17989.5,17990.25,293,0,18041.95852
8/2/2023 5:25,17990.25,17995.75,17989.75,17994.25,218,0,18041.85307
8/2/2023 5:26,17994.5,17996.25,17990.75,17991.25,118,0,18041.79559
8/2/2023 5:27,17991,17992.25,17986.75,17992.25,152,0,18041.71823
8/2/2023 5:28,17991.5,17993.25,17983,17983.75,267,0,18041.57303
8/2/2023 5:29,17983.75,17984.5,17980,17981.5,431,0,18041.32045
8/2/2023 5:30,17981,17983.75,17978.5,17980.75,355,0,18041.11054
8/2/2023 5:31,17981.25,17982.5,17978.5,17981.25,189,0,18040.99891
8/2/2023 5:32,17981,17981,17971.25,17971.5,416,0,18040.72967
8/2/2023 5:33,17972,17973.5,17966,17968.75,456,0,18040.41418
8/2/2023 5:34,17969.75,17973.75,17968.25,17972.75,247,0,18040.24963
8/2/2023 5:35,17973,17976.25,17971.75,17976,182,0,18040.13431
8/2/2023 5:36,17975.75,17980.25,17975.25,17979,244,0,18039.98857
8/2/2023 5:37,17979.25,17982.25,17976.5,17982,178,0,18039.88625
8/2/2023 5:38,17982.25,17983,17975.5,17975.5,125,0,18039.8119
8/2/2023 5:39,17976,17979.25,17975.5,17978.75,83,0,18039.7625
8/2/2023 5:40,17978.25,17979.25,17976.75,17979,108,0,18039.69885
8/2/2023 5:41,17979.5,17985.25,17979,17983.5,155,0,18039.61405
8/2/2023 5:42,17983.5,17983.5,17979,17980.75,104,0,18039.5558
8/2/2023 5:43,17981.5,17981.5,17978.75,17980,91,0,18039.50405
8/2/2023 5:44,17980.5,17980.5,17975.5,17979.75,244,0,18039.36226
8/2/2023 5:45,17979,17980.75,17978.25,17980.5,83,0,18039.31517
8/2/2023 5:46,17980,17984.25,17980,17982.5,189,0,18039.21256
8/2/2023 5:47,17983.25,17984,17980,17980.75,94,0,18039.16106
8/2/2023 5:48,17981.25,17981.5,17976.25,17980.75,142,0,18039.08064
8/2/2023 5:49,17980.5,17983.25,17979.75,17980.75,73,0,18039.04059
8/2/2023 5:50,17981.75,17988.25,17981.25,17986.75,196,0,18038.94107
8/2/2023 5:51,17986.75,17987,17979.5,17982.25,143,0,18038.86532
8/2/2023 5:52,17982.5,17987.5,17982.5,17986,119,0,18038.80515
8/2/2023 5:53,17986.25,17987,17982.5,17982.75,108,0,18038.74938
8/2/2023 5:54,17982.25,17983.75,17982.25,17983.5,26,0,18038.73575
8/2/2023 5:55,17984.25,17985.25,17982.5,17984,46,0,18038.71197
8/2/2023 5:56,17984.75,17989,17984.75,17986.5,100,0,18038.66302
8/2/2023 5:57,17987.25,17988.75,17984,17988.75,117,0,18038.60633
8/2/2023 5:58,17989.25,17994.25,17989.25,17993.5,244,0,18038.50033
8/2/2023 5:59,17993.25,17993.25,17985.75,17986.25,143,0,18038.43318
8/2/2023 6:00,17986.25,17992.25,17986.25,17990,121,0,18038.37773
8/2/2023 6:01,17990,17993.25,17987.75,17991.25,175,0,18038.2998
8/2/2023 6:02,17991.5,17995.75,17991.25,17994,181,0,18038.22439
8/2/2023 6:03,17993.75,17997,17993.75,17995.75,148,0,18038.16545
8/2/2023 6:04,17995.75,17997.5,17994.25,17994.25,138,0,18038.11042
8/2/2023 6:05,17994.25,17999.5,17994.25,17997.25,236,0,18038.0203
8/2/2023 6:06,17997,17999.25,17996,17998,186,0,18037.95085
8/2/2023 6:07,17997.75,17998.5,17995.25,17996.75,140,0,18037.89754
8/2/2023 6:08,17997,18001.5,17997,18000.5,118,0,18037.8558
8/2/2023 6:09,18000.75,18005.25,18000.25,18004.25,249,0,18037.77628
8/2/2023 6:10,18004,18006.25,18001.5,18004.25,266,0,18037.69356
8/2/2023 6:11,18004,18008.75,18003.75,18007.25,469,0,18037.5598
8/2/2023 6:12,18007.75,18008.75,18003.75,18004.75,254,0,18037.4859
8/2/2023 6:13,18004.5,18008.25,18002.5,18005,245,0,18037.41383
8/2/2023 6:14,18005.5,18009.75,18004.5,18008.25,190,0,18037.36206
8/2/2023 6:15,18008.75,18010,18007.25,18007.5,144,0,18037.32392
8/2/2023 6:16,18008,18008.5,18001.5,18002.25,211,0,18037.26023
8/2/2023 6:17,18002.5,18004.25,18000.75,18003.75,131,0,18037.21943
8/2/2023 6:18,18004,18007.25,18003.5,18006.25,120,0,18037.18512
8/2/2023 6:19,18005.75,18006.25,18004.5,18005.25,69,0,18037.16522
8/2/2023 6:20,18005.5,18009,18005,18007.25,135,0,18037.1285
8/2/2023 6:21,18007.5,18008.5,18004.25,18006.5,103,0,18037.09992
8/2/2023 6:22,18006.5,18007,17999.75,17999.75,200,0,18037.03691
8/2/2023 6:23,18000.5,18001.75,17998.5,18000,192,0,18036.97304
8/2/2023 6:24,18000,18002.25,17999.75,18001,36,0,18036.96138
8/2/2023 6:25,18001.75,18001.75,17995,17999.5,342,0,18036.84413
8/2/2023 6:26,17999.75,17999.75,17994.25,17997.25,91,0,18036.8117
8/2/2023 6:27,17997.25,17998.5,17996,17996.25,70,0,18036.78668
8/2/2023 6:28,17996.75,17999,17995.5,17998.25,92,0,18036.75439
8/2/2023 6:29,17998.25,17999.75,17995.75,17998.25,231,0,18036.67424
8/2/2023 6:30,17997.5,18007,17997.5,18000.75,513,0,18036.51492
8/2/2023 6:31,18000.75,18001.5,17992,17992.25,278,0,18036.41316
8/2/2023 6:32,17992.25,17996,17992,17995.25,101,0,18036.37557
8/2/2023 6:33,17995.25,18001.25,17994,17999.75,129,0,18036.33213
8/2/2023 6:34,18000.25,18006,18000.25,18004.75,191,0,18036.27699
8/2/2023 6:35,18005,18010.5,18005,18009.5,236,0,18036.21883
8/2/2023 6:36,18009.25,18017.25,18009.25,18014.75,385,0,18036.14279
8/2/2023 6:37,18014.5,18017.25,18012.5,18016.5,187,0,18036.10878
8/2/2023 6:38,18016.5,18021.25,18016.25,18018.25,395,0,18036.04825
8/2/2023 6:39,18019.5,18019.75,18016,18017.75,205,0,18036.01565
8/2/2023 6:40,18017.75,18026.25,18017.5,18025.25,537,0,18035.95493
8/2/2023 6:41,18025.25,18029.5,18023.25,18028.75,339,0,18035.92912
8/2/2023 6:42,18029.25,18030.25,18018.5,18019.75,362,0,18035.88818
8/2/2023 6:43,18020.25,18027.5,18018.25,18022.75,479,0,18035.8344
8/2/2023 6:44,18023,18031.25,18022.25,18030.5,359,0,18035.81029
8/2/2023 6:45,18030.5,18032,18028.5,18029,239,0,18035.79806
8/2/2023 6:46,18029.75,18031.75,18025.25,18029,209,0,18035.78533
8/2/2023 6:47,18029.5,18031.5,18027.75,18027.75,165,0,18035.77578
8/2/2023 6:48,18028,18031.5,18025.75,18031,123,0,18035.76912
8/2/2023 6:49,18031,18036.75,18030,18034,361,0,18035.76242
8/2/2023 6:50,18033.25,18035.25,18031,18032.25,212,0,18035.75715
8/2/2023 6:51,18032.75,18037.25,18032.75,18037,177,0,18035.75702
8/2/2023 6:52,18036.5,18040.5,18034,18037.75,439,0,18035.76316
8/2/2023 6:53,18037.5,18037.75,18031.75,18032.25,146,0,18035.76089
8/2/2023 6:54,18032.5,18034,18030.5,18033.75,191,0,18035.75606
8/2/2023 6:55,18033.75,18035.75,18031.5,18033,139,0,18035.75332
8/2/2023 6:56,18033,18034.25,18030.5,18030.75,98,0,18035.7501
8/2/2023 6:57,18030.5,18032,18028.75,18031.5,198,0,18035.7418
8/2/2023 6:58,18031.75,18033,18029.5,18032,167,0,18035.73588
8/2/2023 6:59,18032.5,18037.5,18032.5,18036.5,164,0,18035.73555
8/2/2023 7:00,18036.5,18041.75,18036,18040.5,261,0,18035.74356
8/2/2023 7:01,18040.25,18050.5,18038.25,18045.25,864,0,18035.80739
8/2/2023 7:02,18044.75,18056.25,18042.5,18054,656,0,18035.889
8/2/2023 7:03,18053,18063,18052,18058.25,781,0,18036.02869
8/2/2023 7:04,18058.25,18063.25,18056.25,18062,686,0,18036.16527
8/2/2023 7:05,18062,18062,18057.25,18059.25,503,0,18036.26038
8/2/2023 7:06,18059.5,18064.25,18058.25,18062.75,464,0,18036.35585
8/2/2023 7:07,18063.25,18068,18055,18055.5,553,0,18036.45871
8/2/2023 7:08,18056,18057.5,18052.75,18054,254,0,18036.49597
8/2/2023 7:09,18054.75,18055.5,18047.5,18049.5,698,0,18036.57578
8/2/2023 7:10,18050.25,18052.5,18046.25,18047,200,0,18036.59491
8/2/2023 7:11,18046.75,18052.25,18046.5,18051.5,199,0,18036.61625
8/2/2023 7:12,18051.75,18053.25,18048.75,18051.75,150,0,18036.63368
8/2/2023 7:13,18052,18054.75,18049,18049,242,0,18036.66107
8/2/2023 7:14,18048.5,18050.5,18046.5,18049.5,185,0,18036.67889
8/2/2023 7:15,18050.5,18052.75,18049,18052.25,226,0,18036.70506
8/2/2023 7:16,18052.25,18054,18048.5,18048.5,185,0,18036.72494
8/2/2023 7:17,18048.25,18053.75,18047.25,18052.75,186,0,18036.74622
8/2/2023 7:18,18052.75,18053.5,18049.25,18049.75,186,0,18036.76683
8/2/2023 7:19,18049.75,18051.25,18048.5,18048.75,103,0,18036.77714
8/2/2023 7:20,18049.25,18051.75,18047.25,18047.5,153,0,18036.79162
8/2/2023 7:21,18047.5,18051,18044,18050.5,322,0,18036.82114
8/2/2023 7:22,18051.25,18053.75,18050.25,18053.25,208,0,18036.84649
8/2/2023 7:23,18054,18061.25,18053.5,18056.5,321,0,18036.89714
8/2/2023 7:24,18057,18057,18051,18051.25,158,0,18036.91706
8/2/2023 7:25,18050.75,18055.5,18050.75,18053.25,167,0,18036.93817
8/2/2023 7:26,18053.5,18056.5,18048.25,18049,210,0,18036.9615
8/2/2023 7:27,18049.5,18054,18047.75,18050.5,203,0,18036.9832
8/2/2023 7:28,18049.5,18057.25,18049.25,18057.25,224,0,18037.01372
8/2/2023 7:29,18057.75,18059.5,18054.5,18054.5,241,0,18037.04937
8/2/2023 7:30,18055,18055.75,18050.5,18052.75,126,0,18037.06488
8/2/2023 7:31,18053,18058.25,18051,18057.5,247,0,18037.10011
8/2/2023 7:32,18058,18058.5,18054.25,18054.25,150,0,18037.12154
8/2/2023 7:33,18053.5,18056.75,18053,18053,132,0,18037.13892
8/2/2023 7:34,18053.25,18053.75,18051,18052,109,0,18037.15157
8/2/2023 7:35,18051.75,18052.25,18048.25,18050,165,0,18037.16804
8/2/2023 7:36,18050.5,18058,18050,18054,326,0,18037.21002
8/2/2023 7:37,18053.5,18059,18052.25,18056.25,264,0,18037.24756
8/2/2023 7:38,18055.75,18056.5,18051.25,18053.5,182,0,18037.27046
8/2/2023 7:39,18054,18057.5,18053.5,18056.25,116,0,18037.28679
8/2/2023 7:40,18057.25,18061.75,18056.25,18060.25,324,0,18037.34127
8/2/2023 7:41,18060.25,18060.25,18054,18054.75,218,0,18037.37268
8/2/2023 7:42,18055,18057.5,18054.25,18054.5,87,0,18037.38459
8/2/2023 7:43,18054,18058,18053.25,18057.5,131,0,18037.4033
8/2/2023 7:44,18057.75,18059,18055.5,18059,96,0,18037.41815
8/2/2023 7:45,18059,18061.25,18056.5,18061,164,0,18037.44563
8/2/2023 7:46,18061,18062.75,18058.5,18058.75,189,0,18037.4778
8/2/2023 7:47,18058.5,18059.25,18058,18058.25,90,0,18037.49208
8/2/2023 7:48,18058.25,18059.75,18053.5,18055.5,227,0,18037.52414
8/2/2023 7:49,18055.5,18056.25,18048.75,18050.25,183,0,18037.54372
8/2/2023 7:50,18050,18051.75,18047.25,18050.25,264,0,18037.5679
8/2/2023 7:51,18049.5,18054,18048.75,18050.75,200,0,18037.58828
8/2/2023 7:52,18050.75,18052.5,18048.75,18051.75,153,0,18037.60364
8/2/2023 7:53,18051.5,18053,18046.25,18047,152,0,18037.61631
8/2/2023 7:54,18047.25,18047.75,18042.25,18042.75,300,0,18037.63116
8/2/2023 7:55,18043.75,18046.25,18042.75,18046,220,0,18037.64323
8/2/2023 7:56,18045.5,18050.25,18045.5,18047.75,206,0,18037.65884
8/2/2023 7:57,18047.25,18049,18046,18047,107,0,18037.66653
8/2/2023 7:58,18046.75,18055.5,18046.5,18053.25,263,0,18037.694
8/2/2023 7:59,18053.5,18055.25,18048.25,18050,103,0,18037.70428
8/2/2023 8:00,18049.25,18050.75,18044.75,18047.25,161,0,18037.71606
8/2/2023 8:01,18046.75,18050,18046.25,18047.25,171,0,18037.72885
8/2/2023 8:02,18046.25,18047.25,18042.75,18043.75,267,0,18037.74235
8/2/2023 8:03,18043.5,18050.5,18043,18049.5,271,0,18037.76215
8/2/2023 8:04,18049,18052.75,18047.5,18047.5,168,0,18037.77634
8/2/2023 8:05,18048.25,18057.75,18048,18055.5,274,0,18037.80846
8/2/2023 8:06,18056,18059.25,18054.25,18058.25,202,0,18037.83724
8/2/2023 8:07,18059,18060.25,18056.25,18057.25,163,0,18037.8612
8/2/2023 8:08,18057.25,18057.25,18052,18053,142,0,18037.87804
8/2/2023 8:09,18053.25,18054.5,18047.75,18048.25,162,0,18037.89258
8/2/2023 8:10,18048.25,18055.25,18048,18054.75,149,0,18037.90864
8/2/2023 8:11,18055.75,18057.5,18054,18055.75,145,0,18037.92749
8/2/2023 8:12,18055,18055.5,18052,18052.5,60,0,18037.93422
8/2/2023 8:13,18052,18052.75,18050.75,18051.75,63,0,18037.94056
8/2/2023 8:14,18051.75,18053,18050.75,18051,81,0,18037.9486
8/2/2023 8:15,18051.25,18052.25,18047.75,18050.75,154,0,18037.96237
8/2/2023 8:16,18050,18050,18034.25,18040.25,1489,0,18038.00025
8/2/2023 8:17,18039.75,18049.75,18039.25,18047.75,646,0,18038.03531
8/2/2023 8:18,18048,18048,18038,18038,340,0,18038.04332
8/2/2023 8:19,18039,18044,18037.5,18039.75,402,0,18038.05011
8/2/2023 8:20,18040.5,18042,18036,18037.5,361,0,18038.05126
8/2/2023 8:21,18036.75,18040.5,18032.25,18039.25,463,0,18038.04891
8/2/2023 8:22,18039.25,18047,18039.25,18040.5,355,0,18038.05944
8/2/2023 8:23,18040.5,18040.75,18032.25,18032.5,343,0,18038.05245
8/2/2023 8:24,18033,18036,18030.75,18034.75,421,0,18038.03998
8/2/2023 8:25,18035,18043.75,18034,18043.75,287,0,18038.04493
8/2/2023 8:26,18043.25,18043.5,18033.75,18035,286,0,18038.04367
8/2/2023 8:27,18035,18036,18030.5,18032.75,384,0,18038.03038
8/2/2023 8:28,18032.5,18039,18032.5,18037.5,225,0,18038.02772
8/2/2023 8:29,18037.75,18040.25,18036.25,18037,169,0,18038.0275
8/2/2023 8:30,18036.5,18037.25,18028.25,18031.25,378,0,18038.01234
8/2/2023 8:31,18032.25,18042,18030.75,18034,526,0,18038.00351
8/2/2023 8:32,18033.75,18039.75,18032.25,18037.25,277,0,18038.00048
8/2/2023 8:33,18038,18040,18031.5,18032.75,300,0,18037.99376
8/2/2023 8:34,18032.5,18033,18027.25,18027.5,510,0,18037.96317
8/2/2023 8:35,18027.5,18030,18025.25,18027,600,0,18037.91993
8/2/2023 8:36,18026.75,18028.75,18023,18023.5,500,0,18037.87622
8/2/2023 8:37,18023.75,18025.25,18019,18021,537,0,18037.81746
8/2/2023 8:38,18021.5,18021.5,18015.5,18016,568,0,18037.74009
8/2/2023 8:39,18016.5,18018.25,18015,18017.25,287,0,18037.69962
8/2/2023 8:40,18017.25,18018,18012,18012,486,0,18037.62217
8/2/2023 8:41,18012.25,18016.75,18008.75,18014,892,0,18037.47636
8/2/2023 8:42,18014,18021.25,18014,18016.75,570,0,18037.39991
8/2/2023 8:43,18016.5,18022.75,18016.5,18019,363,0,18037.35655
8/2/2023 8:44,18019.25,18020.5,18014.5,18017.5,438,0,18037.29895
8/2/2023 8:45,18017.75,18018.75,18013,18016.5,287,0,18037.2587
8/2/2023 8:46,18016.25,18024.25,18016,18022.5,463,0,18037.20883
8/2/2023 8:47,18022.5,18026,18022.25,18025.75,344,0,18037.18046
8/2/2023 8:48,18025,18029.5,18023.5,18028.75,301,0,18037.16084
8/2/2023 8:49,18028.5,18031.25,18027.75,18029.75,405,0,18037.14076
8/2/2023 8:50,18029.75,18033.75,18027.25,18031,385,0,18037.12448
8/2/2023 8:51,18031.25,18039,18029.25,18037.5,865,0,18037.11396
8/2/2023 8:52,18037.5,18044.25,18037.5,18042,696,0,18037.13256
8/2/2023 8:53,18042.25,18045,18041.5,18043.25,295,0,18037.1442
8/2/2023 8:54,18043.25,18047.25,18042.75,18046.25,577,0,18037.17488
8/2/2023 8:55,18046,18046,18036,18039.25,614,0,18037.18762
8/2/2023 8:56,18038.75,18039.5,18033.5,18035.75,399,0,18037.18523
8/2/2023 8:57,18036.25,18041.25,18035,18040,247,0,18037.18769
8/2/2023 8:58,18040.25,18040.25,18028.25,18029.5,634,0,18037.1695
8/2/2023 8:59,18029.75,18034,18027.75,18033.75,500,0,18037.15261
8/2/2023 9:00,18034,18035,18026.75,18028.25,481,0,18037.1309
8/2/2023 9:01,18028.5,18028.75,18022.25,18024.5,585,0,18037.0869
8/2/2023 9:02,18024.5,18025,18018.5,18020,643,0,18037.0228
8/2/2023 9:03,18019.75,18023.75,18017.75,18023.5,400,0,18036.98443
8/2/2023 9:04,18023.25,18023.75,18014.75,18015,447,0,18036.93111
8/2/2023 9:05,18015,18019.25,18014.5,18016,455,0,18036.87361
8/2/2023 9:06,18016,18018.25,18013.25,18016.25,426,0,18036.81831
8/2/2023 9:07,18016,18018.75,18012.75,18018.5,346,0,18036.77521
8/2/2023 9:08,18018.25,18024.5,18018.25,18022.75,592,0,18036.72073
8/2/2023 9:09,18022.25,18023,18014.5,18017.5,787,0,18036.63204
8/2/2023 9:10,18017.5,18019,18001.75,18005.5,1622,0,18036.35758
8/2/2023 9:11,18004.75,18008.5,18002.5,18008.5,586,0,18036.25178
8/2/2023 9:12,18008,18010.25,18004.25,18009,275,0,18036.20459
8/2/2023 9:13,18009.25,18012.5,18005.75,18012.25,381,0,18036.14484
8/2/2023 9:14,18012.25,18012.75,18008.5,18011.75,302,0,18036.09918
8/2/2023 9:15,18011.5,18014.25,18010.75,18014.25,279,0,18036.06064
8/2/2023 9:16,18014.5,18014.75,18006.25,18008.25,624,0,18035.96246
8/2/2023 9:17,18009,18009,18003.75,18008.5,459,0,18035.88341
8/2/2023 9:18,18008.75,18019.75,18008.75,18019,575,0,18035.8149
8/2/2023 9:19,18019.75,18020.25,18014.75,18015.5,444,0,18035.76494
8/2/2023 9:20,18015.5,18019.25,18015.5,18018.75,213,0,18035.74233
8/2/2023 9:21,18018.5,18024.75,18018.25,18021.5,626,0,18035.68974
8/2/2023 9:22,18021.25,18021.75,18016.5,18019.25,355,0,18035.65522
8/2/2023 9:23,18019.25,18023.75,18019.25,18023,429,0,18035.62082
8/2/2023 9:24,18022.75,18022.75,18019.25,18020.5,245,0,18035.59958
8/2/2023 9:25,18020.5,18020.5,18014,18015.75,292,0,18035.56737
8/2/2023 9:26,18016.25,18021.5,18015.25,18021,466,0,18035.52299
8/2/2023 9:27,18020.75,18021,18018,18018.5,193,0,18035.50458
8/2/2023 9:28,18018.5,18023.5,18011.75,18012.5,523,0,18035.44504
8/2/2023 9:29,18012.25,18015,18008.75,18013.75,445,0,18035.38584
8/2/2023 9:30,18013.5,18017.75,18011.25,18015.75,681,0,18035.30535
8/2/2023 9:31,18015.75,18017,17996.25,18002.75,5782,18005.33333,18034.33695
8/2/2023 9:32,18002.5,18005,17979.5,17980.25,4929,17997.47191,18033.10159
8/2/2023 9:33,17980.25,17999.25,17980,17992.5,4244,17995.51703,18032.14241
8/2/2023 9:34,17992.75,18006.5,17988.75,17991,3238,17995.49917,18031.52099
8/2/2023 9:35,17991,17991.25,17970,17973.75,5109,17991.73553,18030.13793
8/2/2023 9:36,17973.5,17974,17953.5,17963.5,6200,17985.83671,18028.10451
8/2/2023 9:37,17963.75,17971.75,17949.25,17952.25,4638,17982.02107,18026.53053
8/2/2023 9:38,17951.75,17958.25,17936,17941.75,6172,17976.40396,18024.18305
8/2/2023 9:39,17941.75,17948.25,17934.75,17947.5,4020,17973.42025,18022.69183
8/2/2023 9:40,17948,17962.25,17944.5,17961.75,3899,17972.02547,18021.5203
8/2/2023 9:41,17962,17963.5,17948.25,17951.25,3227,17970.91597,18020.5551
8/2/2023 9:42,17951.5,17959,17949.25,17952.25,1875,17970.30369,18020.00002
8/2/2023 9:43,17952,17964,17949.75,17957.75,2711,17969.66821,18019.25687
8/2/2023 9:44,17958.25,17972.5,17955.5,17970.75,2638,17969.51455,18018.65377
8/2/2023 9:45,17970.75,17979.5,17954.75,17955.25,6672,17968.8665,18017.10169
8/2/2023 9:46,17955.75,17968.75,17950.5,17959.5,2929,17968.46829,18016.40396
8/2/2023 9:47,17960,17971.25,17950.5,17954.75,2628,17968.11122,18015.78411
8/2/2023 9:48,17955,17960,17944.75,17953,2375,17967.608,18015.17507
8/2/2023 9:49,17952.25,17960,17944.25,17951.5,1602,17967.27233,18014.76654
8/2/2023 9:50,17951.5,17970.75,17951.25,17965.5,2300,17967.13013,18014.28638
8/2/2023 9:51,17965.5,17966.75,17948,17950.25,1784,17966.85611,18013.86691
8/2/2023 9:52,17950.5,17952.75,17941.75,17942.5,2612,17966.1777,18013.16766
8/2/2023 9:53,17942.25,17949.25,17936.5,17941.5,2002,17965.60859,18012.616
8/2/2023 9:54,17941,17957.5,17941,17957,1841,17965.31173,18012.18328
8/2/2023 9:55,17957,17957.75,17929.75,17935.5,4868,17964.00103,18010.86804
8/2/2023 9:56,17935,17943.75,17933.75,17941.25,1810,17963.52119,18010.38166
8/2/2023 9:57,17941.5,17954.75,17940.75,17952,1722,17963.25774,18009.98686
8/2/2023 9:58,17952.25,17961.75,17948.5,17959.5,1477,17963.1543,18009.69307
8/2/2023 9:59,17959.5,17959.5,17950.5,17956,1273,17963.05121,18009.43653
8/2/2023 10:00,17954.75,17956.75,17947.5,17949.25,1446,17962.87589,18009.12584
8/2/2023 10:01,17950,17955.75,17935,17940.75,2526,17962.39751,18008.52329
8/2/2023 10:02,17940.5,17952.75,17935.75,17952,1531,17962.16407,18008.18016
8/2/2023 10:03,17952.25,17958,17946,17948.75,1692,17961.98069,18007.83031
8/2/2023 10:04,17949,17951.75,17938,17940.25,1272,17961.75488,18007.53543
8/2/2023 10:05,17940.75,17951.5,17937.5,17946.75,1418,17961.53505,18007.21959
8/2/2023 10:06,17946.25,17949.75,17936.5,17938.75,1614,17961.23833,18006.8434
8/2/2023 10:07,17938.75,17940.5,17925.75,17927.5,2817,17960.47654,18006.09376
8/2/2023 10:08,17927.25,17929.25,17920.25,17921,2697,17959.5986,18005.31696
8/2/2023 10:09,17921,17921.75,17905.25,17911,3486,17958.20118,18004.20419
8/2/2023 10:10,17911.25,17911.25,17898.75,17904.5,3101,17956.82409,18003.15374
8/2/2023 10:11,17904.25,17904.25,17889.75,17890.25,3709,17954.96567,18001.80024
8/2/2023 10:12,17890.5,17902.5,17890.5,17896.25,2556,17953.78211,18000.90121
8/2/2023 10:13,17896,17899.5,17889.25,17889.5,1908,17952.87483,18000.21684
8/2/2023 10:14,17890,17900.25,17886.75,17893,1972,17951.97387,17999.52235
8/2/2023 10:15,17893.5,17893.75,17874.5,17879.25,3642,17950.08512,17998.13471
8/2/2023 10:16,17878.75,17888.5,17874.5,17885,3009,17948.60408,17997.01445
8/2/2023 10:17,17884.75,17885.25,17872.75,17879,2154,17947.52646,17996.20047
8/2/2023 10:18,17879.25,17889.25,17875.25,17886.75,2315,17946.48262,17995.37304
8/2/2023 10:19,17886.5,17892.75,17885.5,17888,2178,17945.6071,17994.63998
8/2/2023 10:20,17888.25,17894.75,17885.5,17893.75,1907,17944.89589,17994.02183
8/2/2023 10:21,17893.75,17894,17883.5,17883.5,1594,17944.26861,17993.48921
8/2/2023 10:22,17883.75,17897.25,17883,17897,1815,17943.63672,17992.91969
8/2/2023 10:23,17896.75,17902.25,17895.25,17900.25,1970,17943.05728,17992.3503
8/2/2023 10:24,17900.5,17903.75,17894.25,17899.5,1388,17942.65726,17991.9529
8/2/2023 10:25,17899.75,17904.75,17898.5,17903,1054,17942.37838,17991.6628
8/2/2023 10:26,17903,17906.75,17900.75,17904,1178,17942.08454,17991.34708
8/2/2023 10:27,17904.25,17915.5,17903.5,17914.25,1890,17941.70995,17990.88681
8/2/2023 10:28,17914.5,17916,17904.25,17905.75,1560,17941.38365,17990.49948
8/2/2023 10:29,17905.5,17905.75,17894.5,17897.5,2020,17940.8517,17989.94623
8/2/2023 10:30,17897.25,17898,17892,17892.5,1276,17940.48232,17989.58081
8/2/2023 10:31,17892.75,17899.75,17885.5,17897.75,2225,17939.85429,17988.95133
8/2/2023 10:32,17897.75,17906.5,17897.5,17898.5,1518,17939.49533,17988.5558
8/2/2023 10:33,17898.25,17898.5,17888.25,17890,1448,17939.08436,17988.14521
8/2/2023 10:34,17890.25,17897.25,17886.5,17890,1460,17938.66847,17987.73046
8/2/2023 10:35,17890.25,17902.25,17889,17899.25,1249,17938.3596,17987.39884
8/2/2023 10:36,17899,17901.75,17892.75,17893.75,1026,17938.10474,17987.12598
8/2/2023 10:37,17893.75,17894.75,17888.25,17891.75,1137,17937.79602,17986.81066
8/2/2023 10:38,17892,17903,17889.5,17898.75,1160,17937.52224,17986.50955
8/2/2023 10:39,17898.75,17903.25,17897.5,17899,950,17937.31626,17986.27222
8/2/2023 10:40,17899.25,17902,17894.5,17898,961,17937.10054,17986.02862
8/2/2023 10:41,17898,17904.75,17897,17897.25,975,17936.89244,17985.78704
8/2/2023 10:42,17897.5,17897.5,17889,17891.75,1291,17936.56987,17985.44371
8/2/2023 10:43,17892.25,17893.5,17877.5,17883.75,2213,17935.93087,17984.81181
8/2/2023 10:44,17884,17889,17877.5,17885.75,1254,17935.56994,17984.4543
8/2/2023 10:45,17886,17886,17879.25,17884,889,17935.31219,17984.19987
8/2/2023 10:46,17883.75,17885.25,17866.75,17868.75,2883,17934.34452,17983.30678
8/2/2023 10:47,17868.25,17869.5,17862.5,17863.25,2074,17933.57216,17982.62408
8/2/2023 10:48,17863.25,17869,17858.5,17859.25,1751,17932.90694,17982.04007
8/2/2023 10:49,17859,17864.75,17856.25,17856.75,1714,17932.24055,17981.45968
8/2/2023 10:50,17856.25,17860.75,17853,17860,2241,17931.37165,17980.70087
8/2/2023 10:51,17859.75,17873,17856.75,17870,2335,17930.59196,17979.9752
8/2/2023 10:52,17870.25,17872,17865,17867.25,1345,17930.16163,17979.56685
8/2/2023 10:53,17866.75,17869.75,17861.25,17862,1214,17929.75511,17979.18851
8/2/2023 10:54,17862.25,17871.5,17857.25,17868.75,1651,17929.22274,17978.68462
8/2/2023 10:55,17868.25,17869.75,17854,17855.25,1518,17928.69416,17978.20016
8/2/2023 10:56,17855.25,17857.5,17848.5,17848.5,3178,17927.48527,17977.12957
8/2/2023 10:57,17848.75,17852.25,17840.25,17846.5,3358,17926.16427,17975.9721
8/2/2023 10:58,17846,17851.5,17838.25,17842.75,2293,17925.26285,17975.18042
8/2/2023 10:59,17843.25,17845.5,17833.5,17839,2601,17924.20452,17974.26112
8/2/2023 11:00,17838.75,17841.5,17837.25,17839.25,1175,17923.73492,17973.84989
8/2/2023 11:01,17839,17851.75,17836.5,17849,2397,17922.86449,17973.05836
8/2/2023 11:02,17849,17850,17840,17841,1582,17922.28535,17972.53284
8/2/2023 11:03,17841.5,17844.25,17838.75,17841.75,1117,17921.87081,17972.15839
8/2/2023 11:04,17841.5,17842.5,17832.75,17837.75,1742,17921.20162,17971.56128
8/2/2023 11:05,17837.5,17853.5,17835,17853.25,2460,17920.38089,17970.78676
8/2/2023 11:06,17853,17858,17849.25,17854.75,1762,17919.85738,17970.26789
8/2/2023 11:07,17855,17855.25,17842.75,17843.75,1677,17919.31644,17969.74989
8/2/2023 11:08,17844,17850.5,17843.75,17848.5,1319,17918.89855,17969.34663
8/2/2023 11:09,17848.75,17858,17846.25,17856,1537,17918.45703,17968.90242
8/2/2023 11:10,17855.75,17861,17853,17858.25,1237,17918.12758,17968.55967
8/2/2023 11:11,17858.25,17864.25,17857,17862.75,1360,17917.79255,17968.19847
8/2/2023 11:12,17863,17866.5,17861.5,17865.75,1300,17917.4942,17967.86589
8/2/2023 11:13,17866,17871.75,17865,17867.5,1830,17917.10725,17967.41707
8/2/2023 11:14,17867.75,17870.25,17861.75,17863.25,1297,17916.8201,17967.09188
8/2/2023 11:15,17863,17869.5,17860,17868.75,1605,17916.47589,17966.69623
8/2/2023 11:16,17869.25,17870.5,17863.5,17864.25,1305,17916.19944,17966.37681
8/2/2023 11:17,17864.5,17864.75,17849.75,17854,3230,17915.39524,17965.51756
8/2/2023 11:18,17853.5,17856.5,17845,17850,1161,17915.08426,17965.19613
8/2/2023 11:19,17850,17851.5,17844.25,17846.75,1352,17914.70921,17964.81435
8/2/2023 11:20,17846.75,17848.75,17844.25,17845.5,910,17914.45414,17964.55588
8/2/2023 11:21,17845.75,17847.5,17841.25,17842.75,1204,17914.10814,17964.20891
8/2/2023 11:22,17842.25,17844,17835.75,17842,1834,17913.56348,17963.67004
8/2/2023 11:23,17841.5,17858,17841.5,17856,2113,17913.04109,17963.1112
8/2/2023 11:24,17856.25,17861,17855.25,17859.5,1226,17912.77501,17962.80902
8/2/2023 11:25,17859.25,17862,17856,17857.5,1024,17912.55441,17962.55776
8/2/2023 11:26,17857.25,17860.5,17845.25,17850,1390,17912.2217,17962.19718
8/2/2023 11:27,17849.5,17856,17844.5,17852.75,1345,17911.89881,17961.84787
8/2/2023 11:28,17852.5,17863,17851.75,17861.25,1340,17911.62019,17961.52572
8/2/2023 11:29,17861,17862,17852,17853,853,17911.43438,17961.31575
8/2/2023 11:30,17853,17855.25,17848.75,17852,767,17911.25744,17961.12112
8/2/2023 11:31,17851.75,17854,17844.5,17853.5,1091,17911.00194,17960.84211
8/2/2023 11:32,17853.25,17859,17845.5,17847.25,1329,17910.69317,17960.50387
8/2/2023 11:33,17847,17854,17844.5,17845.25,715,17910.52105,17960.31836
8/2/2023 11:34,17845.5,17850.75,17842.25,17849.25,1156,17910.24254,17960.0184
8/2/2023 11:35,17849.25,17856,17845.25,17855.75,842,17910.05698,17959.81041
8/2/2023 11:36,17855.75,17859,17850.5,17855.25,1203,17909.80568,17959.52174
8/2/2023 11:37,17855,17867.75,17854.25,17867,1692,17909.50758,17959.14959
8/2/2023 11:38,17867,17868.5,17861.75,17867,1163,17909.31686,17958.90272
8/2/2023 11:39,17866.5,17870.5,17864,17866.25,1058,17909.1494,17958.68206
8/2/2023 11:40,17866,17866.25,17852.25,17853.75,1737,17908.81612,17958.28481
8/2/2023 11:41,17854,17855.5,17848.5,17852.25,1079,17908.58998,17958.02665
8/2/2023 11:42,17852.25,17852.25,17841.5,17845.5,1553,17908.23533,17957.63752
8/2/2023 11:43,17845,17845,17839,17840.5,963,17908.00011,17957.38697
8/2/2023 11:44,17840,17847.25,17838.75,17842,1229,17907.70754,17957.07199
8/2/2023 11:45,17841.75,17848.5,17840.5,17842.75,1042,17907.46625,17956.80919
8/2/2023 11:46,17843.25,17845.75,17840.25,17842.75,679,17907.30755,17956.63708
8/2/2023 11:47,17842.5,17853.25,17840.25,17849,1385,17907.0091,17956.30172
8/2/2023 11:48,17848.75,17852,17840.25,17841.5,982,17906.78902,17956.05885
8/2/2023 11:49,17841,17841.5,17819.5,17820.75,4325,17905.57284,17954.83722
8/2/2023 11:50,17820.5,17825.75,17815.25,17824,2498,17904.83832,17954.11173
8/2/2023 11:51,17824,17825.75,17813.5,17816.25,2119,17904.20192,17953.48791
8/2/2023 11:52,17816.5,17827.25,17814.25,17826.75,1454,17903.79202,17953.07654
8/2/2023 11:53,17827,17827,17821.25,17822.75,927,17903.53577,17952.81746
8/2/2023 11:54,17823,17825.5,17815.75,17817.25,952,17903.26066,17952.54391
8/2/2023 11:55,17817.25,17825.75,17816,17818.75,1030,17902.9674,17952.2507
8/2/2023 11:56,17819,17820.25,17803.25,17807.25,2826,17902.07818,17951.39293
8/2/2023 11:57,17806.5,17811,17800.75,17805.5,2431,17901.28997,17950.64004
8/2/2023 11:58,17805.5,17812.25,17804,17805,992,17900.97646,17950.33786
8/2/2023 11:59,17804.75,17812,17802.5,17809,1103,17900.63308,17950.0051
8/2/2023 12:00,17808.5,17809.75,17794.75,17796.25,1690,17900.06924,17949.47122
8/2/2023 12:01,17796,17801.5,17794.75,17797.75,1605,17899.52766,17948.96011
8/2/2023 12:02,17797.75,17799.25,17784.5,17789.5,2400,17898.674,17948.16752
8/2/2023 12:03,17789.5,17793,17786.75,17792,1305,17898.21331,17947.73852
8/2/2023 12:04,17791.5,17791.5,17780.5,17780.5,1769,17897.5582,17947.13711
8/2/2023 12:05,17780.5,17783,17776.75,17777.25,2083,17896.76167,17946.41231
8/2/2023 12:06,17777.5,17782.5,17776.5,17782.25,1384,17896.24463,17945.93823
8/2/2023 12:07,17782,17782.25,17770,17771.25,1782,17895.55196,17945.31012
8/2/2023 12:08,17771.25,17781.25,17769.5,17780.5,1746,17894.89521,17944.70838
8/2/2023 12:09,17780.75,17787.5,17778,17778.5,2248,17894.0904,17943.95943
8/2/2023 12:10,17778.25,17779,17773,17777,958,17893.73582,17943.63259
8/2/2023 12:11,17776.75,17782.25,17770.5,17774.75,1198,17893.29354,17943.22445
8/2/2023 12:12,17774.5,17774.75,17763.75,17764.75,1613,17892.66264,17942.65166
8/2/2023 12:13,17765.25,17772.25,17762.25,17769.5,2331,17891.76382,17941.83165
8/2/2023 12:14,17769.25,17773.25,17764.5,17772.5,1209,17891.31049,17941.41443
8/2/2023 12:15,17772,17783.75,17772,17780.75,2030,17890.61125,17940.75397
8/2/2023 12:16,17781,17794.75,17780.5,17794.25,2929,17889.71533,17939.87452
8/2/2023 12:17,17794,17796.25,17790,17794.5,1592,17889.25306,17939.41264
8/2/2023 12:18,17794.25,17794.25,17785.5,17788,1098,17888.92248,17939.08636
8/2/2023 12:19,17787.75,17791.25,17782,17790.75,1074,17888.59722,17938.76594
8/2/2023 12:20,17790.25,17796,17787.25,17792.75,1162,17888.26155,17938.42994
8/2/2023 12:21,17792.25,17795,17786.5,17788.25,782,17888.0321,17938.20148
8/2/2023 12:22,17788.5,17794.5,17787.75,17792.25,586,17887.86363,17938.03256
8/2/2023 12:23,17791.75,17791.75,17779,17781,1307,17887.46057,17937.63779
8/2/2023 12:24,17780.75,17784.25,17775.5,17776,1513,17886.97404,17937.16755
8/2/2023 12:25,17776,17780.25,17773.5,17774.5,870,17886.68983,17936.89417
8/2/2023 12:26,17774.75,17785.25,17770,17776,1638,17886.16348,17936.38515
8/2/2023 12:27,17775.75,17778.25,17770.25,17774.75,784,17885.90722,17936.1386
8/2/2023 12:28,17775.25,17779.5,17770.25,17773,860,17885.62704,17935.86874
8/2/2023 12:29,17773,17775.75,17766,17771.75,1164,17885.23963,17935.49797
8/2/2023 12:30,17772,17777.5,17771.5,17776.25,747,17885.00087,17935.26656
8/2/2023 12:31,17776.25,17782.75,17772.5,17772.5,1100,17884.65382,17934.92877
8/2/2023 12:32,17772.5,17777.75,17771,17777.5,516,17884.49103,17934.77031
8/2/2023 12:33,17777.75,17786,17777.25,17784,848,17884.24167,17934.52199
8/2/2023 12:34,17784,17791,17783,17789.75,895,17883.99394,17934.27023
8/2/2023 12:35,17789.75,17796.75,17788.75,17796,1331,17883.65042,17933.9125
8/2/2023 12:36,17796.5,17803.5,17793.75,17798.25,1951,17883.17751,17933.40876
8/2/2023 12:37,17798.5,17809.75,17798.25,17808.75,2014,17882.73518,17932.91977
8/2/2023 12:38,17809,17820.5,17808.25,17815.5,2971,17882.16824,17932.25665
8/2/2023 12:39,17815.25,17815.5,17805.25,17807.75,1430,17881.87774,17931.92599
8/2/2023 12:40,17807.75,17811.5,17807.75,17810,748,17881.72722,17931.75409
8/2/2023 12:41,17809.75,17816.5,17805.75,17807.25,1180,17881.49133,17931.48407
8/2/2023 12:42,17806.5,17809.25,17803,17806.75,1091,17881.26401,17931.22833
8/2/2023 12:43,17807.25,17813.5,17807.25,17810.5,833,17881.10079,17931.04012
8/2/2023 12:44,17810.75,17820.75,17806.75,17816,1087,17880.90115,17930.8037
8/2/2023 12:45,17815.75,17823.25,17815,17821.75,1047,17880.72583,17930.58761
8/2/2023 12:46,17821.75,17825.25,17820.75,17822,901,17880.58235,17930.40679
8/2/2023 12:47,17821.75,17828.25,17821.75,17826.75,1073,17880.42096,17930.19805
8/2/2023 12:48,17826.25,17829.5,17824.25,17827,1070,17880.26485,17929.99337
8/2/2023 12:49,17827,17830.75,17822.75,17824.25,1180,17880.09054,17929.7664
8/2/2023 12:50,17823.75,17832.5,17823.75,17829.75,914,17879.96311,17929.59591
8/2/2023 12:51,17829.75,17832.75,17824,17825.25,849,17879.84224,17929.43597
8/2/2023 12:52,17824.75,17826,17814.75,17817.5,1418,17879.61135,17929.14933
8/2/2023 12:53,17817.25,17818.25,17811,17817,1233,17879.39876,17928.89226
8/2/2023 12:54,17817,17819,17806.75,17808.25,1025,17879.21189,17928.67178
8/2/2023 12:55,17808.5,17815.5,17807,17811.75,707,17879.08375,17928.52029
8/2/2023 12:56,17811.75,17818.5,17810.75,17814,675,17878.96727,17928.37972
8/2/2023 12:57,17814,17826.75,17814,17822.75,975,17878.81727,17928.18927
8/2/2023 12:58,17822.5,17826.75,17820.5,17822.75,619,17878.72601,17928.07115
8/2/2023 12:59,17822.5,17828.5,17820.25,17827,541,17878.64924,17927.97002
8/2/2023 13:00,17826.75,17828.75,17823,17827.75,542,17878.57435,17927.87014
8/2/2023 13:01,17827.75,17832.75,17824.25,17831.25,937,17878.45261,17927.70287
8/2/2023 13:02,17831.75,17840.25,17830.25,17839.5,1248,17878.31523,17927.49733
8/2/2023 13:03,17839.75,17846.75,17832.25,17832.75,1702,17878.13193,17927.22031
8/2/2023 13:04,17832.5,17834.75,17827.25,17830.25,1301,17877.97081,17926.99448
8/2/2023 13:05,17830.75,17840.25,17829.75,17837.25,1051,17877.85515,17926.82226
8/2/2023 13:06,17837,17840.75,17832,17835,1218,17877.72242,17926.62385
8/2/2023 13:07,17835.5,17839.75,17834,17838,624,17877.65691,17926.52402
8/2/2023 13:08,17837.75,17838,17829,17829,662,17877.57864,17926.41214
8/2/2023 13:09,17828.75,17835.25,17826.5,17832,695,17877.49541,17926.29405
8/2/2023 13:10,17831.5,17840,17831,17836,821,17877.40682,17926.16138
8/2/2023 13:11,17836.25,17846.5,17836.25,17842.5,978,17877.31709,17926.01444
8/2/2023 13:12,17842,17846.5,17839.5,17841.5,726,17877.25218,17925.90666
8/2/2023 13:13,17841.25,17846,17838.75,17839.25,682,17877.18937,17925.80425
8/2/2023 13:14,17839,17844.25,17837.5,17841.25,591,17877.13462,17925.71536
8/2/2023 13:15,17841.25,17842.5,17833.5,17835.25,914,17877.04113,17925.57191
8/2/2023 13:16,17835.25,17841,17829.75,17837.5,858,17876.95158,17925.43616
8/2/2023 13:17,17837.5,17841,17830.75,17832,583,17876.88873,17925.3426
8/2/2023 13:18,17832,17842,17831.75,17841.25,528,17876.837,17925.26154
8/2/2023 13:19,17840.75,17844.25,17837.25,17840,623,17876.77957,17925.16846
8/2/2023 13:20,17840,17842.75,17838.75,17840,393,17876.74343,17925.10984
8/2/2023 13:21,17840.5,17840.75,17834,17834.75,522,17876.69026,17925.02845
8/2/2023 13:22,17834.75,17839,17828,17829.75,939,17876.58488,17924.87538
8/2/2023 13:23,17829.25,17837.75,17828.25,17837.25,695,17876.511,17924.76506
8/2/2023 13:24,17838,17841,17836.25,17838,905,17876.4243,17924.62815
8/2/2023 13:25,17838,17840,17829.75,17833.25,596,17876.3613,17924.53397
8/2/2023 13:26,17832.75,17839.75,17830,17839.25,650,17876.29607,17924.43374
8/2/2023 13:27,17839,17840,17824.75,17829.25,1048,17876.17823,17924.26349
8/2/2023 13:28,17829.25,17832.25,17822,17823.25,1069,17876.04401,17924.08022
8/2/2023 13:29,17823.75,17827.75,17820.5,17826.5,1120,17875.9016,17923.88715
8/2/2023 13:30,17826.75,17842.25,17826,17840.25,1376,17875.76609,17923.67783
8/2/2023 13:31,17840.25,17848.25,17831.25,17836.25,2524,17875.53493,17923.30699
8/2/2023 13:32,17835.75,17844,17834,17839,745,17875.46801,17923.19868
8/2/2023 13:33,17838.75,17851.25,17837.5,17851.25,1211,17875.38251,17923.03919
8/2/2023 13:34,17851.25,17855.5,17846.5,17849.75,1362,17875.29999,17922.86977
8/2/2023 13:35,17849.5,17852.25,17848,17851.5,680,17875.25899,17922.78548
8/2/2023 13:36,17851.25,17856.25,17849.75,17855.5,947,17875.20962,17922.67369
8/2/2023 13:37,17856,17857.25,17848.75,17852,1256,17875.14093,17922.52348
8/2/2023 13:38,17851.75,17851.75,17842.25,17847,910,17875.07894,17922.40625
8/2/2023 13:39,17847.5,17854.25,17847.5,17853.75,723,17875.03832,17922.31933
8/2/2023 13:40,17853.5,17854.25,17846.75,17849.25,819,17874.98903,17922.21868
8/2/2023 13:41,17849.5,17853,17847.75,17848.5,418,17874.96361,17922.16719
8/2/2023 13:42,17848.5,17851.5,17844,17849.25,1034,17874.89723,17922.03748
8/2/2023 13:43,17850,17850.5,17839.75,17840.5,814,17874.83609,17921.92926
8/2/2023 13:44,17840.75,17842.5,17828.5,17830.5,1203,17874.71812,17921.75002
8/2/2023 13:45,17830.75,17835.25,17829.75,17834,591,17874.65923,17921.6614
8/2/2023 13:46,17833.75,17841,17831.25,17841,648,17874.6022,17921.56963
8/2/2023 13:47,17840.75,17842.5,17831.75,17835.25,681,17874.54042,17921.47197
8/2/2023 13:48,17836,17840,17833.75,17836,413,17874.50314,17921.41291
8/2/2023 13:49,17835.5,17837,17826,17827,767,17874.4221,17921.29495
8/2/2023 13:50,17827.25,17831.75,17825.25,17827.25,804,17874.33382,17921.16904
8/2/2023 13:51,17826.75,17835.75,17822,17834.25,1376,17874.1919,17920.96029
8/2/2023 13:52,17834.25,17834.25,17823.75,17824.75,690,17874.11607,17920.85242
8/2/2023 13:53,17824.25,17830,17824.25,17828.5,602,17874.05011,17920.7585
8/2/2023 13:54,17828.5,17829.25,17822.25,17824.25,635,17873.97725,17920.65717
8/2/2023 13:55,17824,17824.75,17819.5,17821.5,905,17873.86671,17920.50808
8/2/2023 13:56,17821.5,17821.5,17811.75,17815.75,1584,17873.65369,17920.23351
8/2/2023 13:57,17816.25,17817.75,17810.75,17811.5,945,17873.52074,17920.06568
8/2/2023 13:58,17811.75,17817.25,17808.25,17815.5,1075,17873.37104,17919.876
8/2/2023 13:59,17815.5,17821.75,17814.75,17821.25,771,17873.27414,17919.7475
8/2/2023 14:00,17821.25,17823.75,17816.5,17817.25,627,17873.19546,17919.64316
8/2/2023 14:01,17817.5,17826.75,17814.75,17821.5,1524,17873.01165,17919.39505
8/2/2023 14:02,17821.25,17830.25,17820.25,17829,891,17872.91608,17919.25865
8/2/2023 14:03,17828.75,17829,17817.75,17818,794,17872.82226,17919.13101
8/2/2023 14:04,17817.75,17831.5,17814.75,17830.5,1125,17872.70025,17918.95813
8/2/2023 14:05,17830,17834.75,17829,17832.25,812,17872.62452,17918.84229
8/2/2023 14:06,17832.75,17833.75,17820,17822.75,872,17872.53053,17918.70894
8/2/2023 14:07,17823,17832.75,17821.25,17830.75,710,17872.45875,17918.60385
8/2/2023 14:08,17831.75,17838.75,17826,17836.75,1048,17872.36654,17918.45873
8/2/2023 14:09,17837,17844.75,17835.25,17841,976,17872.29548,17918.33437
8/2/2023 14:10,17840.75,17845,17837.5,17843.25,655,17872.25032,17918.25282
8/2/2023 14:11,17843.25,17844.75,17840,17841.5,677,17872.20404,17918.1689
8/2/2023 14:12,17841.5,17844.5,17830,17835.5,1168,17872.11024,17918.01428
8/2/2023 14:13,17835,17835.25,17827.5,17833.5,575,17872.05829,17917.9341
8/2/2023 14:14,17833.75,17840.25,17830.75,17839.75,551,17872.01464,17917.86172
8/2/2023 14:15,17839.75,17846.75,17839.25,17846,759,17871.96679,17917.77094
8/2/2023 14:16,17845.75,17848.75,17841.5,17845.5,799,17871.91884,17917.67723
8/2/2023 14:17,17845.5,17849.25,17843.25,17847,657,17871.88138,17917.60168
8/2/2023 14:18,17846.5,17854.75,17845.5,17853.25,948,17871.83742,17917.50009
8/2/2023 14:19,17853.5,17855,17847,17849.75,691,17871.8046,17917.42559
8/2/2023 14:20,17849.75,17862.75,17849.5,17859.75,1362,17871.76069,17917.294
8/2/2023 14:21,17859,17859.25,17850.5,17853.75,896,17871.7263,17917.20367
8/2/2023 14:22,17853.5,17853.5,17845.25,17846.25,876,17871.68082,17917.10695
8/2/2023 14:23,17846.5,17850.75,17843.25,17847,818,17871.63609,17917.01513
8/2/2023 14:24,17847.5,17848,17838,17839.75,814,17871.5826,17916.91739
8/2/2023 14:25,17840,17843.5,17839,17842,576,17871.54433,17916.84799
8/2/2023 14:26,17842,17849.25,17838.25,17839,750,17871.49575,17916.75862
8/2/2023 14:27,17839,17846.25,17835.5,17842.25,761,17871.44523,17916.66715
8/2/2023 14:28,17842,17845,17835.75,17842,584,17871.40603,17916.59671
8/2/2023 14:29,17842.5,17852.25,17839.25,17849.75,659,17871.37085,17916.52385
8/2/2023 14:30,17849.75,17850,17842.75,17844.5,556,17871.33962,17916.46132
8/2/2023 14:31,17844.5,17849.25,17839.5,17840.5,689,17871.297,17916.38106
8/2/2023 14:32,17840.5,17847.75,17837.5,17846.25,564,17871.26313,17916.31617
8/2/2023 14:33,17845.25,17847.75,17838.75,17843,536,17871.23024,17916.25404
8/2/2023 14:34,17843.25,17847.25,17831.25,17841,1032,17871.15964,17916.12927
8/2/2023 14:35,17841.25,17844.75,17839.5,17842.5,524,17871.12667,17916.06808
8/2/2023 14:36,17843,17844.25,17834.25,17836.25,682,17871.07794,17915.98428
8/2/2023 14:37,17835.75,17835.75,17827.75,17832,855,17871.00515,17915.87082
8/2/2023 14:38,17832,17835.75,17829,17834.75,758,17870.94304,17915.77209
8/2/2023 14:39,17834.75,17839,17832.75,17834.75,515,17870.90355,17915.70703
8/2/2023 14:40,17834.25,17839.25,17828.5,17829.75,592,17870.85443,17915.62958
8/2/2023 14:41,17829.5,17833.75,17828.75,17830,453,17870.8153,17915.56923
8/2/2023 14:42,17830,17830.75,17822,17823.25,1022,17870.7152,17915.42457
8/2/2023 14:43,17823.5,17831,17823,17827.5,601,17870.6589,17915.34145
8/2/2023 14:44,17827.75,17836,17827.25,17831.5,758,17870.5953,17915.24207
8/2/2023 14:45,17831.75,17833.5,17825.5,17825.5,591,17870.54152,17915.16159
8/2/2023 14:46,17825.5,17834.5,17823.5,17834.5,766,17870.4764,17915.0607
8/2/2023 14:47,17834,17839,17830.5,17837,672,17870.42615,17914.97727
8/2/2023 14:48,17836.75,17840.75,17833.25,17838.75,521,17870.3896,17914.91441
8/2/2023 14:49,17838.75,17845.5,17832,17832.5,788,17870.33295,17914.8184
8/2/2023 14:50,17832.75,17841.25,17831.75,17839,469,17870.29998,17914.76185
8/2/2023 14:51,17839.25,17842.25,17836.5,17839.75,395,17870.27409,17914.71562
8/2/2023 14:52,17839,17846.5,17835.25,17837,773,17870.22368,17914.62542
8/2/2023 14:53,17837.25,17843.5,17836.5,17840.5,556,17870.18822,17914.56117
8/2/2023 14:54,17840,17845,17839.75,17843.25,358,17870.16733,17914.52125
8/2/2023 14:55,17843,17845.25,17838.25,17842.75,558,17870.13414,17914.45861
8/2/2023 14:56,17843.25,17845.75,17832.25,17834,1010,17870.06412,17914.33809
8/2/2023 14:57,17833.75,17841.75,17833.25,17838.25,553,17870.02639,17914.27262
8/2/2023 14:58,17838,17841,17834.5,17840,420,17869.99847,17914.22345
8/2/2023 14:59,17840.5,17840.5,17831.5,17832.5,458,17869.96453,17914.16732
8/2/2023 15:00,17833,17840.25,17831.75,17840,493,17869.93067,17914.10889
8/2/2023 15:01,17840,17845.5,17835.75,17841,905,17869.87518,17914.00661
8/2/2023 15:02,17841.25,17845.75,17840.25,17845.75,449,17869.85072,17913.95817
8/2/2023 15:03,17845.75,17846.25,17839.5,17839.5,501,17869.8212,17913.90252
8/2/2023 15:04,17839.75,17851,17839.75,17850.25,750,17869.78537,17913.82543
8/2/2023 15:05,17850.25,17855,17849,17850.75,710,17869.75836,17913.7576
8/2/2023 15:06,17851.25,17852.25,17842.75,17842.75,658,17869.72561,17913.68916
8/2/2023 15:07,17842.75,17844.25,17832.75,17834.25,980,17869.65897,17913.57423
8/2/2023 15:08,17834.5,17835.25,17818.5,17818.75,1595,17869.50831,17913.35644
8/2/2023 15:09,17819.25,17825.75,17815,17816.75,1302,17869.37258,17913.16952
8/2/2023 15:10,17817.5,17822.75,17815,17817.5,888,17869.27906,17913.04145
8/2/2023 15:11,17817,17819.5,17809,17811,1198,17869.14045,17912.85966
8/2/2023 15:12,17810.75,17819.25,17810,17810.75,1081,17869.01635,17912.69647
8/2/2023 15:13,17810.5,17813.25,17805.75,17809.25,1075,17868.88483,17912.52833
8/2/2023 15:14,17809.75,17811.75,17806.25,17807.75,1000,17868.7613,17912.37116
8/2/2023 15:15,17808,17812,17804.5,17809.25,917,17868.64847,17912.22745
8/2/2023 15:16,17809,17815.5,17805.75,17807.25,1114,17868.51406,17912.05493
8/2/2023 15:17,17807,17812.25,17805.25,17807.75,740,17868.42347,17911.93945
8/2/2023 15:18,17808,17809.25,17795.75,17798.75,1702,17868.19139,17911.6565
8/2/2023 15:19,17798.75,17800.75,17793.75,17797.5,1030,17868.04355,17911.47991
8/2/2023 15:20,17797.25,17809,17796.5,17807.75,1318,17867.87413,17911.26872
8/2/2023 15:21,17808.25,17815.75,17804.5,17813,1466,17867.70643,17911.04939
8/2/2023 15:22,17812.75,17815.25,17807,17811.5,980,17867.59521,17910.90354
8/2/2023 15:23,17812,17813.75,17809,17811.5,568,17867.53113,17910.81935
8/2/2023 15:24,17812.25,17813.75,17807.75,17808.25,665,17867.4543,17910.71947
8/2/2023 15:25,17809,17810.75,17805.25,17806,649,17867.37615,17910.6197
8/2/2023 15:26,17806.5,17811.5,17801,17801.25,923,17867.26029,17910.47436
8/2/2023 15:27,17801,17802.5,17789.25,17791.25,2060,17866.96121,17910.12016
8/2/2023 15:28,17791,17791,17781.5,17782.75,1859,17866.65929,17909.77698
8/2/2023 15:29,17782.75,17791.75,17781.25,17784.75,1847,17866.36457,17909.44015
8/2/2023 15:30,17785.25,17790.25,17781.25,17783.75,1239,17866.16603,17909.2137
8/2/2023 15:31,17783.25,17788.75,17780.5,17782.25,1307,17865.95443,17908.97332
8/2/2023 15:32,17782.5,17787.5,17782.25,17783.25,989,17865.796,17908.79276
8/2/2023 15:33,17783,17791.25,17780.5,17786.25,1300,17865.59294,17908.55939
8/2/2023 15:34,17786.25,17794,17783.25,17793.25,1027,17865.4416,17908.38189
8/2/2023 15:35,17793.25,17793.5,17785.5,17786.25,856,17865.31301,17908.23217
8/2/2023 15:36,17786.75,17798,17786.25,17796.25,996,17865.17377,17908.06581
8/2/2023 15:37,17796.25,17799.75,17795.25,17798.5,1042,17865.03746,17907.89884
8/2/2023 15:38,17798.25,17807.25,17797.75,17805.5,1386,17864.87221,17907.68893
8/2/2023 15:39,17805.5,17808.25,17799.25,17802.25,1135,17864.737,17907.51725
8/2/2023 15:40,17802,17804.25,17800,17803,635,17864.66059,17907.42068
8/2/2023 15:41,17803.25,17804.75,17797.5,17800.25,1135,17864.52102,17907.24591
8/2/2023 15:42,17800,17800.25,17795.5,17799.25,731,17864.42794,17907.13102
8/2/2023 15:43,17798.75,17801.5,17793.25,17794.5,757,17864.32903,17907.0102
8/2/2023 15:44,17794,17802.25,17791,17800.25,1128,17864.18525,17906.83296
8/2/2023 15:45,17800.5,17818.25,17799.75,17814,2473,17863.93274,17906.49191
8/2/2023 15:46,17814,17816.5,17812,17816.25,1149,17863.82552,17906.34127
8/2/2023 15:47,17816.5,17823.5,17814.5,17822.25,1291,17863.71828,17906.18212
8/2/2023 15:48,17822.5,17826.75,17818,17820,1407,17863.60599,17906.01236
8/2/2023 15:49,17819.75,17824.75,17817,17823.25,994,17863.52719,17905.89296
8/2/2023 15:50,17823.75,17825.25,17820.5,17823.25,811,17863.46515,17905.79732
8/2/2023 15:51,17823,17826.25,17809.25,17821.25,2403,17863.264,17905.50134
8/2/2023 15:52,17821.25,17826.5,17818.5,17820.75,1477,17863.14957,17905.32669
8/2/2023 15:53,17820.5,17829,17820.5,17826.25,1475,17863.0451,17905.15994
8/2/2023 15:54,17825.5,17830.25,17816,17818.75,1258,17862.94806,17905.01191
8/2/2023 15:55,17818.75,17823.25,17809,17813.75,1897,17862.78026,17904.7728
8/2/2023 15:56,17813.5,17817,17805.25,17809.75,2855,17862.50533,17904.39668
8/2/2023 15:57,17809.25,17819.75,17806.5,17813.25,1834,17862.33868,17904.16305
8/2/2023 15:58,17813.25,17827.25,17810.5,17823,2171,17862.17107,17903.90944
8/2/2023 15:59,17823,17830.75,17821,17829.75,3441,17861.95151,17903.54358
8/2/2023 16:00,17830,17832.25,17814,17816.25,13156,17860.98855,17902.06298
8/2/2023 16:01,17816.5,17820.75,17809.75,17815,4047,17860.6608,17901.58709
8/2/2023 16:02,17815.25,17821.5,17812.75,17815.5,1405,17860.55162,17901.42578
8/2/2023 16:03,17816.25,17827.25,17815,17819.5,1183,17860.46843,17901.29681
8/2/2023 16:04,17819.5,17821,17814,17814.5,604,17860.42176,17901.2278
8/2/2023 16:05,17814.75,17818.5,17811.25,17812,631,17860.37024,17901.15363
8/2/2023 16:06,17812.25,17813.75,17805,17809.5,887,17860.29102,17901.04422
8/2/2023 16:07,17809.25,17812.75,17807.75,17812.5,465,17860.25088,17900.98795
8/2/2023 16:08,17813,17819.25,17812.75,17816.75,508,17860.21177,17900.93015
8/2/2023 16:09,17816.75,17820.25,17816.75,17818.25,326,17860.18794,17900.89404
8/2/2023 16:10,17818.25,17825.75,17817.25,17825,528,17860.15333,17900.83863
8/2/2023 16:11,17824.75,17825.75,17820.25,17824.25,504,17860.121,17900.78633
8/2/2023 16:12,17824.25,17826.75,17822.25,17826.5,307,17860.10228,17900.75522
8/2/2023 16:13,17826.25,17826.75,17823.75,17826.75,231,17860.08844,17900.73201
8/2/2023 16:14,17827,17827.25,17824.5,17825.5,242,17860.07396,17900.70772
8/2/2023 16:15,17825.75,17828,17824.75,17826.25,346,17860.05362,17900.67327
8/2/2023 16:16,17826,17826,17819.25,17822.75,304,17860.03382,17900.64155
8/2/2023 16:17,17822.75,17824.5,17819.75,17819.75,255,17860.01665,17900.6145
8/2/2023 16:18,17820.25,17820.25,17817,17818.75,291,17859.99571,17900.58262
8/2/2023 16:19,17818.25,17819.25,17816,17817,161,17859.98379,17900.56472
8/2/2023 16:20,17816.75,17818.5,17816.5,17816.75,192,17859.96953,17900.54335
8/2/2023 16:21,17817.25,17818.75,17816.25,17817.25,143,17859.95895,17900.52746
8/2/2023 16:22,17816.75,17818.5,17816.5,17817.5,81,17859.95297,17900.51848
8/2/2023 16:23,17817.25,17820.25,17816.25,17818.75,113,17859.94482,17900.50609
8/2/2023 16:24,17818.75,17818.75,17815.25,17816,114,17859.93625,17900.49332
8/2/2023 16:25,17816,17816.75,17815.25,17815.5,88,17859.92951,17900.48338
8/2/2023 16:26,17815.5,17817.75,17815.25,17817.5,89,17859.92284,17900.47344
8/2/2023 16:27,17817.75,17819,17816.75,17817.25,180,17859.90964,17900.45354
8/2/2023 16:28,17817.25,17817.5,17815.75,17816.25,59,17859.90519,17900.44693
8/2/2023 16:29,17816.5,17817.25,17815.75,17816.5,154,17859.89359,17900.42968
8/2/2023 16:30,17816.75,17817.25,17815.5,17816,100,17859.88602,17900.41845
8/2/2023 16:31,17816.5,17818.25,17815.25,17816.75,123,17859.87681,17900.40472
8/2/2023 16:32,17817,17819.5,17816.5,17818.75,145,17859.86635,17900.38883
8/2/2023 16:33,17818.75,17820.5,17818.5,17820.25,53,17859.86266,17900.38313
8/2/2023 16:34,17820,17821.25,17818.5,17820.5,158,17859.85176,17900.36621
8/2/2023 16:35,17820.75,17820.75,17818.25,17819,149,17859.8413,17900.35011
8/2/2023 16:36,17819.25,17819.25,17817,17817.5,211,17859.82597,17900.32693
8/2/2023 16:37,17817.5,17817.5,17816,17816.75,132,17859.81612,17900.31223
8/2/2023 16:38,17816,17816.75,17815.5,17816.25,90,17859.80931,17900.30214
8/2/2023 16:39,17816.5,17816.75,17814.75,17815.25,107,17859.80112,17900.29006
8/2/2023 16:40,17815,17816,17814.75,17815.5,66,17859.79605,17900.2826
8/2/2023 16:41,17816.25,17816.25,17810.5,17812,243,17859.77633,17900.25433
8/2/2023 16:42,17812,17812,17809.5,17810.25,79,17859.76961,17900.2449
8/2/2023 16:43,17809.75,17809.75,17804.75,17805,193,17859.75182,17900.22081
8/2/2023 16:44,17804.75,17806,17803,17805.5,163,17859.73634,17900.20012
8/2/2023 16:45,17805.5,17806.5,17801.5,17802,214,17859.71547,17900.17254
8/2/2023 16:46,17802,17803.25,17800.25,17800.5,156,17859.69973,17900.15203
8/2/2023 16:47,17801,17801.75,17800.25,17800.5,40,17859.69566,17900.14674
8/2/2023 16:48,17800.75,17801.5,17797.5,17799.25,232,17859.6715,17900.11567
8/2/2023 16:49,17799,17799.5,17797.25,17797.5,64,17859.66469,17900.10699
8/2/2023 16:50,17798,17799,17796,17796,97,17859.65419,17900.09369
8/2/2023 16:51,17796.5,17797.5,17794.5,17796.5,136,17859.63928,17900.0749
8/2/2023 16:52,17796.25,17797.5,17794.5,17796.75,116,17859.62659,17900.0589
8/2/2023 16:53,17797.5,17799,17796,17799,112,17859.61468,17900.04371
8/2/2023 16:54,17798.75,17801,17796.75,17800,117,17859.60249,17900.02804
8/2/2023 16:55,17800,17801.75,17796.5,17800.75,278,17859.57375,17899.99098
8/2/2023 16:56,17800.75,17802,17798.25,17801,270,17859.54621,17899.95529
8/2/2023 16:57,17800.75,17802.75,17799,17800.25,69,17859.53921,17899.9462
8/2/2023 16:58,17800,17801,17798.5,17800.25,101,17859.52883,17899.93279
8/2/2023 16:59,17801,17801,17799,17800,144,17859.51406,17899.91369
8/2/2023 17:00,17800.25,17800.75,17796.75,17799.25,360,17859.47649,17899.86546
8/2/2023 18:01,17804,17810.5,17799.25,17810.5,318,0,17806.75
8/2/2023 18:02,17809.5,17809.5,17807,17809.25,99,0,17807.18525
8/2/2023 18:03,17808.75,17809.25,17805.25,17806,68,0,17807.13591
8/2/2023 18:04,17807.25,17816.25,17807.25,17814.5,145,0,17808.40886
8/2/2023 18:05,17815.5,17818.25,17815.25,17815.75,134,0,17809.81337
8/2/2023 18:06,17815.25,17817.5,17813.25,17817.5,92,0,17810.48725
8/2/2023 18:07,17817.75,17818.25,17815.75,17818.25,71,0,17811.01798
8/2/2023 18:08,17817.75,17818.25,17817.5,17817.75,52,0,17811.37998
8/2/2023 18:09,17818.25,17819.75,17817.25,17819,117,0,17812.15785
8/2/2023 18:10,17818.75,17818.75,17814.25,17817,82,0,17812.4717
8/2/2023 18:11,17817,17818.25,17816.75,17817,38,0,17812.62363
8/2/2023 18:12,17817.75,17818.25,17816.5,17817.75,28,0,17812.73339
8/2/2023 18:13,17818,17824.75,17818,17824.75,124,0,17813.61866
8/2/2023 18:14,17824.25,17824.25,17821.25,17823.5,89,0,17814.19172
8/2/2023 18:15,17823.75,17823.75,17817.75,17819.75,87,0,17814.54248
8/2/2023 18:16,17819.75,17821.5,17819.5,17821.25,25,0,17814.64139
8/2/2023 18:17,17821.25,17821.25,17819.75,17820.75,23,0,17814.72723
8/2/2023 18:18,17820.5,17821,17820.25,17820.5,19,0,17814.7963
8/2/2023 18:19,17820,17820.25,17818.5,17819,27,0,17814.86971
8/2/2023 18:20,17819.25,17822,17818,17822,44,0,17815.02135
8/2/2023 18:21,17821.5,17824.75,17820.75,17824.5,95,0,17815.46572
8/2/2023 18:22,17824.5,17826.25,17823.75,17826.25,78,0,17815.88414
8/2/2023 18:23,17826.5,17828.25,17826.25,17827.75,91,0,17816.42343
8/2/2023 18:24,17827,17830.5,17826.5,17827.5,153,0,17817.27942
8/2/2023 18:25,17827,17829,17825.75,17828.25,94,0,17817.72465
8/2/2023 18:26,17828.5,17829.5,17826.5,17826.5,121,0,17818.23581
8/2/2023 18:27,17826.5,17826.5,17824.75,17826,106,0,17818.56494
8/2/2023 18:28,17825.25,17827,17823.25,17826.75,107,0,17818.86565
8/2/2023 18:29,17826.75,17831.25,17826,17830.25,188,0,17819.57894
8/2/2023 18:30,17830.5,17830.5,17826.75,17828,68,0,17819.79489
8/2/2023 18:31,17827.75,17828.5,17827.5,17827.5,59,0,17819.96176
8/2/2023 18:32,17827.25,17828.75,17825.75,17826.5,118,0,17820.24234
8/2/2023 18:33,17826.75,17826.75,17823.25,17825,129,0,17820.44103
8/2/2023 18:34,17823.75,17824.75,17822.25,17823.25,63,0,17820.5005
8/2/2023 18:35,17822.25,17822.75,17821.25,17822.75,51,0,17820.52836
8/2/2023 18:36,17822.25,17822.75,17821.5,17821.75,35,0,17820.54427
8/2/2023 18:37,17821.25,17822.5,17819.75,17821,88,0,17820.55853
8/2/2023 18:38,17822.5,17823,17821.75,17822.25,33,0,17820.57597
8/2/2023 18:39,17822.25,17823.25,17821.5,17822.75,48,0,17820.60307
8/2/2023 18:40,17822.25,17822.5,17818,17819,58,0,17820.59019
8/2/2023 18:41,17819,17820,17818.5,17819.75,38,0,17820.57746
8/2/2023 18:42,17819.75,17821.25,17819.75,17820.25,15,0,17820.57677
8/2/2023 18:43,17820.75,17822.75,17820.5,17822.25,34,0,17820.5888
8/2/2023 18:44,17822.25,17823.25,17822.25,17823.25,18,0,17820.60054
8/2/2023 18:45,17822.75,17826.5,17822.75,17825.25,81,0,17820.69444
8/2/2023 18:46,17825.75,17825.75,17824,17825.25,26,0,17820.72489
8/2/2023 18:47,17825.5,17826,17823,17824,39,0,17820.76276
8/2/2023 18:48,17824,17825.75,17824,17825.5,24,0,17820.79049
8/2/2023 18:49,17824.25,17826.75,17824.25,17825.75,26,0,17820.82357
8/2/2023 18:50,17826.25,17827.75,17826,17827.5,26,0,17820.8665
8/2/2023 18:51,17827.75,17828.5,17827.25,17828.25,26,0,17820.91507
8/2/2023 18:52,17827.75,17827.75,17826.25,17827,23,0,17820.95151
8/2/2023 18:53,17827.25,17828.25,17826.25,17826.25,28,0,17820.99468
8/2/2023 18:54,17826.25,17827.75,17826,17827,11,0,17821.01147
8/2/2023 18:55,17827.75,17835.5,17827.75,17833.5,315,0,17821.85536
8/2/2023 18:56,17833.25,17833.75,17831.5,17832.5,66,0,17822.02153
8/2/2023 18:57,17831.75,17833,17830,17830.5,62,0,17822.15269
8/2/2023 18:58,17830.5,17833.5,17830.25,17833.5,29,0,17822.22109
8/2/2023 18:59,17832.75,17836.5,17832,17835.25,121,0,17822.5555
8/2/2023 19:00,17835.25,17838.25,17834.75,17837.75,126,0,17822.94896
8/2/2023 19:01,17837.75,17841.5,17837.75,17839.75,181,0,17823.58199
8/2/2023 19:02,17839,17839.25,17837.25,17838.25,69,0,17823.79071
8/2/2023 19:03,17839.25,17842.75,17839.25,17840.75,85,0,17824.08575
8/2/2023 19:04,17840.5,17843.75,17840.5,17842.75,121,0,17824.52254
8/2/2023 19:05,17843,17846.75,17843,17844.75,135,0,17825.05085
8/2/2023 19:06,17845.5,17846.75,17844.75,17845.5,82,0,17825.37151
8/2/2023 19:07,17845.5,17845.5,17841.5,17842,96,0,17825.68677
8/2/2023 19:08,17842.25,17844.25,17841.5,17841.75,133,0,17826.09327
8/2/2023 19:09,17841.75,17842.25,17840.75,17841.75,116,0,17826.41317
8/2/2023 19:10,17841.75,17843.75,17841,17843.75,56,0,17826.57525
8/2/2023 19:11,17843.5,17844.5,17842.75,17842.75,59,0,17826.74775
8/2/2023 19:12,17843.5,17843.5,17841.5,17841.5,54,0,17826.89165
8/2/2023 19:13,17842,17842.75,17840,17842.25,78,0,17827.08818
8/2/2023 19:14,17842.75,17843.75,17842.5,17843,29,0,17827.16689
8/2/2023 19:15,17842.75,17843,17842.5,17843,14,0,17827.20402
8/2/2023 19:16,17843,17843.75,17838.25,17839.25,101,0,17827.42614
8/2/2023 19:17,17839,17842.25,17839,17840.75,61,0,17827.55922
8/2/2023 19:18,17841.5,17841.75,17835.75,17836.5,140,0,17827.79464
8/2/2023 19:19,17837,17840.25,17837,17840.25,46,0,17827.87827
8/2/2023 19:20,17840.25,17844.75,17840.25,17844,114,0,17828.14894
8/2/2023 19:21,17844.75,17846.25,17844.5,17845.25,70,0,17828.33575
8/2/2023 19:22,17846,17846.5,17843.25,17844,55,0,17828.47336
8/2/2023 19:23,17843.25,17843.5,17842.75,17843.25,28,0,17828.53644
8/2/2023 19:24,17843.25,17843.25,17840.5,17841,35,0,17828.60608
8/2/2023 19:25,17841.25,17842,17840.75,17841,31,0,17828.66558
8/2/2023 19:26,17841,17841.75,17838.75,17839,62,0,17828.7697
8/2/2023 19:27,17839.5,17840.5,17838.5,17839,53,0,17828.85322
8/2/2023 19:28,17839,17841.5,17838.75,17841.5,17,0,17828.8829
8/2/2023 19:29,17841.5,17842,17840.5,17840.5,23,0,17828.92423
8/2/2023 19:30,17840.5,17841.5,17840.5,17840.75,17,0,17828.95439
8/2/2023 19:31,17840.25,17840.25,17838.5,17838.5,46,0,17829.02285
8/2/2023 19:32,17838.75,17839.5,17836.5,17837.75,77,0,17829.12234
8/2/2023 19:33,17837.25,17839,17837,17838.75,41,0,17829.17639
8/2/2023 19:34,17838.25,17840.75,17838.25,17838.75,41,0,17829.23569
8/2/2023 19:35,17838.75,17839.25,17838.5,17838.75,6,0,17829.24395
8/2/2023 19:36,17838,17839.25,17836.75,17836.75,50,0,17829.30334
8/2/2023 19:37,17836.5,17836.75,17834.25,17835.5,94,0,17829.38521
8/2/2023 19:38,17835.25,17836.75,17834.75,17836,60,0,17829.43913
8/2/2023 19:39,17835.25,17836.25,17833.5,17836.25,54,0,17829.48316
8/2/2023 19:40,17836.5,17836.75,17835.5,17835.75,27,0,17829.50741
8/2/2023 19:41,17835.5,17836.25,17833.5,17834.75,60,0,17829.55109
8/2/2023 19:42,17835,17836.75,17835,17835.25,46,0,17829.5893
8/2/2023 19:43,17835,17837,17834.75,17835,35,0,17829.61766
8/2/2023 19:44,17835.5,17836,17835.25,17835.5,9,0,17829.62491
8/2/2023 19:45,17835.5,17837,17834.25,17836.75,35,0,17829.6549
8/2/2023 19:46,17836.5,17836.5,17834.75,17835.75,42,0,17829.68864
8/2/2023 19:47,17835.5,17838.75,17835.5,17838.75,83,0,17829.77616
8/2/2023 19:48,17838.75,17841.5,17838.5,17839.75,157,0,17829.9823
8/2/2023 19:49,17840.25,17841.5,17839,17839,47,0,17830.04189
8/2/2023 19:50,17838.25,17838.25,17837.25,17837.75,25,0,17830.06661
8/2/2023 19:51,17837.5,17837.75,17832.25,17833.25,100,0,17830.12171
8/2/2023 19:52,17833.75,17837.25,17833.5,17836.5,44,0,17830.15291
8/2/2023 19:53,17836,17838.75,17836,17838.75,21,0,17830.17317
8/2/2023 19:54,17837,17838.25,17835.25,17838.25,39,0,17830.20767
8/2/2023 19:55,17837.75,17838,17836.5,17836.75,42,0,17830.24358
8/2/2023 19:56,17836.75,17838.25,17836.75,17837.75,20,0,17830.2618
8/2/2023 19:57,17838,17839.5,17836.5,17838.5,64,0,17830.32406
8/2/2023 19:58,17837.75,17838.25,17837,17837.75,20,0,17830.34209
8/2/2023 19:59,17838.25,17840.25,17838.25,17840,27,0,17830.37235
8/2/2023 20:00,17839.5,17840.75,17838.75,17840,71,0,17830.45384
8/2/2023 20:01,17839.75,17840.25,17835.5,17835.75,138,0,17830.56437
8/2/2023 20:02,17836,17837.5,17831.75,17835,142,0,17830.63411
8/2/2023 20:03,17835.5,17838.25,17834.75,17837.5,47,0,17830.66811
8/2/2023 20:04,17838.75,17839.75,17836.75,17838.25,69,0,17830.72866
8/2/2023 20:05,17839,17839,17835.75,17837.25,64,0,17830.77723
8/2/2023 20:06,17837.25,17840.5,17837,17840.5,60,0,17830.83582
8/2/2023 20:07,17840.25,17848.25,17839.5,17844,213,0,17831.14622
8/2/2023 20:08,17844.5,17845.5,17836,17836.75,127,0,17831.26161
8/2/2023 20:09,17836.75,17836.75,17832.75,17834,87,0,17831.29227
8/2/2023 20:10,17834,17839.25,17833.75,17838.5,59,0,17831.32974
8/2/2023 20:11,17838.25,17839.75,17836.75,17837.75,35,0,17831.3552
8/2/2023 20:12,17837.5,17837.5,17834.25,17835.5,58,0,17831.38248
8/2/2023 20:13,17835.5,17835.5,17828.5,17831,242,0,17831.38966
8/2/2023 20:14,17831,17831.5,17824.25,17824.75,147,0,17831.32083
8/2/2023 20:15,17825,17828.75,17823.75,17827.75,110,0,17831.26974
8/2/2023 20:16,17828,17829.25,17818,17818,280,0,17831.00637
8/2/2023 20:17,17818.5,17820.5,17812.75,17814.25,261,0,17830.62493
8/2/2023 20:18,17815,17819.25,17814.25,17818.75,131,0,17830.46034
8/2/2023 20:19,17817.75,17818.75,17815.75,17817.75,101,0,17830.33622
8/2/2023 20:20,17818.5,17818.5,17815,17817,82,0,17830.2327
8/2/2023 20:21,17817.25,17819,17813.75,17816.75,123,0,17830.07658
8/2/2023 20:22,17817,17822.5,17816.5,17822.5,125,0,17829.9672
8/2/2023 20:23,17822.75,17826.25,17822.25,17826,134,0,17829.9051
8/2/2023 20:24,17826.25,17828,17824.25,17824.5,101,0,17829.86605
8/2/2023 20:25,17825.25,17827.25,17823,17826.5,88,0,17829.8326
8/2/2023 20:26,17826.5,17835.75,17826.5,17834.5,219,0,17829.87869
8/2/2023 20:27,17834.75,17836.25,17833,17835.5,83,0,17829.91484
8/2/2023 20:28,17835.75,17838.25,17834.5,17836.5,111,0,17829.97663
8/2/2023 20:29,17836.75,17839.75,17835.5,17836.25,126,0,17830.05336
8/2/2023 20:30,17836,17837,17832.75,17833,68,0,17830.0774
8/2/2023 20:31,17832.75,17834,17830.5,17832.75,122,0,17830.10119
8/2/2023 20:32,17832.25,17832.5,17824.75,17827.75,151,0,17830.07921
8/2/2023 20:33,17828,17828.25,17822.25,17822.5,105,0,17830.02997
8/2/2023 20:34,17823.5,17828.25,17823.5,17826.5,82,0,17830.00373
8/2/2023 20:35,17826.25,17830,17825.75,17829.75,70,0,17829.99524
8/2/2023 20:36,17829,17831,17826.75,17830.75,85,0,17829.99187
8/2/2023 20:37,17830.25,17832,17830,17830.25,65,0,17829.9958
8/2/2023 20:38,17830,17834.75,17829.75,17834.5,83,0,17830.01553
8/2/2023 20:39,17834.75,17835.75,17831,17832.5,95,0,17830.03842
8/2/2023 20:40,17832.25,17833,17829.5,17832.5,49,0,17830.04466
8/2/2023 20:41,17832,17832.25,17828.5,17829.5,86,0,17830.04492
8/2/2023 20:42,17829.5,17830.5,17827.25,17829.5,68,0,17830.03987
8/2/2023 20:43,17828.75,17829.5,17825.5,17827.25,60,0,17830.02775
8/2/2023 20:44,17828,17831.25,17825,17829,190,0,17830.00454
8/2/2023 20:45,17830,17830,17827.5,17828.75,39,0,17830.00084
8/2/2023 20:46,17828.75,17830.75,17828.25,17830.25,41,0,17830.00006
8/2/2023 20:47,17829.25,17831.25,17827.5,17831.25,46,0,17830.00006
8/2/2023 20:48,17831.25,17833.5,17830.75,17832.5,69,0,17830.01167
8/2/2023 20:49,17832.5,17832.5,17830.5,17831,24,0,17830.01403
8/2/2023 20:50,17832.25,17834,17831,17832,62,0,17830.02471
8/2/2023 20:51,17832,17833.75,17831.25,17832,69,0,17830.03648
8/2/2023 20:52,17832.75,17835.75,17832.75,17835.75,47,0,17830.05279
8/2/2023 20:53,17836,17836.5,17835,17836.25,68,0,17830.082
8/2/2023 20:54,17836.5,17843,17836,17842.25,202,0,17830.23271
8/2/2023 20:55,17842,17842.75,17839.5,17840.5,86,0,17830.29863
8/2/2023 20:56,17840.5,17840.5,17838.25,17839,33,0,17830.31978
8/2/2023 20:57,17840,17840.5,17837.25,17838.25,61,0,17830.35606
8/2/2023 20:58,17839.25,17840.25,17837.5,17840,30,0,17830.37504
8/2/2023 20:59,17838.25,17839.5,17837.5,17839.5,18,0,17830.38585
8/2/2023 21:00,17839.5,17840.5,17837.5,17838.5,55,0,17830.41872
8/2/2023 21:01,17838.25,17838.75,17832,17832.25,149,0,17830.45955
8/2/2023 21:02,17832.5,17835.5,17830.5,17834,93,0,17830.47814
8/2/2023 21:03,17834.25,17834.25,17832.25,17834.25,46,0,17830.48805
8/2/2023 21:04,17833.5,17833.5,17831.25,17832.25,63,0,17830.49607
8/2/2023 21:05,17832,17834.25,17832,17834.25,23,0,17830.50083
8/2/2023 21:06,17834.25,17834.5,17831.5,17832,36,0,17830.50619
8/2/2023 21:07,17832.25,17833.75,17832,17832.75,32,0,17830.5113
8/2/2023 21:08,17833,17833.25,17829.25,17830,51,0,17830.51242
8/2/2023 21:09,17830.25,17833,17830.25,17832.75,30,0,17830.51547
8/2/2023 21:10,17832.5,17836.75,17831.75,17836.5,80,0,17830.53981
8/2/2023 21:11,17837,17840.5,17835,17835,148,0,17830.60238
8/2/2023 21:12,17834.25,17835,17833,17834.5,39,0,17830.6117
8/2/2023 21:13,17834.75,17836.25,17834,17836.25,47,0,17830.62704
8/2/2023 21:14,17835.5,17838.25,17834.75,17835,25,0,17830.636
8/2/2023 21:15,17835.5,17835.75,17834.5,17835.25,30,0,17830.64504
8/2/2023 21:16,17835.75,17841.25,17835,17835.25,120,0,17830.69671
8/2/2023 21:17,17834,17837.25,17834,17836,33,0,17830.7077
8/2/2023 21:18,17835.75,17837.25,17834,17837.25,35,0,17830.72025
8/2/2023 21:19,17836.25,17838,17835.5,17836.5,41,0,17830.73623
8/2/2023 21:20,17836.75,17839.75,17836.75,17839.75,46,0,17830.76033
8/2/2023 21:21,17840,17841.25,17839.25,17841.25,126,0,17830.84055
8/2/2023 21:22,17840.75,17842.75,17838.5,17842.5,97,0,17830.90559
8/2/2023 21:23,17842.75,17843,17840.5,17841.25,49,0,17830.93918
8/2/2023 21:24,17841.5,17842.75,17839.75,17842.25,71,0,17830.98749
8/2/2023 21:25,17842.75,17847,17842.75,17845.25,117,0,17831.0915
8/2/2023 21:26,17844.5,17845.5,17844,17845.5,57,0,17831.14162
8/2/2023 21:27,17845.5,17846.25,17843.75,17846,81,0,17831.21392
8/2/2023 21:28,17845.75,17846.25,17843.75,17844.75,42,0,17831.25002
8/2/2023 21:29,17845.25,17847.75,17844.75,17847.5,105,0,17831.35089
8/2/2023 21:30,17847.75,17849,17846.25,17846.25,124,0,17831.47217
8/2/2023 21:31,17846.75,17849,17845.5,17847,97,0,17831.56575
8/2/2023 21:32,17846.75,17850.75,17846.5,17849.5,113,0,17831.68544
8/2/2023 21:33,17849.75,17850.25,17846.5,17849,73,0,17831.76041
8/2/2023 21:34,17849,17854,17848.75,17853.5,172,0,17831.97065
8/2/2023 21:35,17853.75,17855.75,17851.5,17852,196,0,17832.21665
8/2/2023 21:36,17852.25,17852.5,17850,17851.25,110,0,17832.3403
8/2/2023 21:37,17851.75,17852.5,17850.25,17850.75,85,0,17832.43434
8/2/2023 21:38,17850.25,17852.5,17849.75,17852.5,91,0,17832.53619
8/2/2023 21:39,17853,17853,17846,17847.75,220,0,17832.74416
8/2/2023 21:40,17848,17849.5,17846.75,17846.75,124,0,17832.85019
8/2/2023 21:41,17847,17847.5,17844.25,17844.5,98,0,17832.92036
8/2/2023 21:42,17844.5,17846.25,17843.75,17844.25,87,0,17832.97871
8/2/2023 21:43,17844.25,17845.5,17842.75,17843.5,76,0,17833.02565
8/2/2023 21:44,17843.25,17845.75,17843.25,17844.75,30,0,17833.04519
8/2/2023 21:45,17844.5,17845.75,17844.25,17845.5,39,0,17833.07177
8/2/2023 21:46,17846.25,17850,17846,17850,125,0,17833.18063
8/2/2023 21:47,17850.5,17851.5,17847.75,17850.25,85,0,17833.25931
8/2/2023 21:48,17848.75,17853.25,17848.75,17852.75,82,0,17833.34244
8/2/2023 21:49,17853.5,17854.5,17851.5,17854.5,153,0,17833.51164
8/2/2023 21:50,17854,17854,17851,17851.75,52,0,17833.56495
8/2/2023 21:51,17852,17852.75,17848.75,17849.25,53,0,17833.61319
8/2/2023 21:52,17849.25,17851.25,17848.5,17849.5,71,0,17833.67545
8/2/2023 21:53,17849.75,17850.5,17849.25,17849.5,50,0,17833.719
8/2/2023 21:54,17850,17850,17846.5,17847.5,43,0,17833.7522
8/2/2023 21:55,17847.75,17848,17840.75,17841.5,176,0,17833.8433
8/2/2023 21:56,17841.75,17842.25,17840.25,17842,51,0,17833.86416
8/2/2023 21:57,17841.25,17841.25,17838.25,17838.5,119,0,17833.8987
8/2/2023 21:58,17839,17839.5,17838,17839.25,87,0,17833.92176
8/2/2023 21:59,17839.25,17839.25,17837,17838.75,88,0,17833.94217
8/2/2023 22:00,17839,17839.25,17835.5,17838.25,169,0,17833.97498
8/2/2023 22:01,17838.25,17839.75,17836.25,17836.75,58,0,17833.98586
8/2/2023 22:02,17836.75,17840.5,17836.75,17838.25,78,0,17834.00408
8/2/2023 22:03,17839,17840.25,17838,17839.75,62,0,17834.02113
8/2/2023 22:04,17839.5,17840.75,17839.25,17839.75,38,0,17834.03266
8/2/2023 22:05,17840.5,17841,17839.25,17840,39,0,17834.04479
8/2/2023 22:06,17840,17840,17837.25,17838.25,59,0,17834.05825
8/2/2023 22:07,17838,17838,17832,17832.25,170,0,17834.05847
8/2/2023 22:08,17832.75,17833.5,17818,17822.5,614,0,17833.77446
8/2/2023 22:09,17822.5,17828.75,17821.5,17826.5,169,0,17833.70684
8/2/2023 22:10,17826,17826.75,17823.5,17824.5,69,0,17833.67732
8/2/2023 22:11,17824.75,17828,17822,17825,150,0,17833.61441
8/2/2023 22:12,17824.5,17825.25,17821.5,17823.25,85,0,17833.57235
8/2/2023 22:13,17822.25,17824.75,17819.25,17819.75,87,0,17833.52097
8/2/2023 22:14,17820,17823,17819.5,17822.75,112,0,17833.45812
8/2/2023 22:15,17822.5,17825,17822.5,17825,91,0,17833.41798
8/2/2023 22:16,17825.5,17827.25,17825,17826,118,0,17833.37713
8/2/2023 22:17,17825.75,17826,17823,17824.25,80,0,17833.34342
8/2/2023 22:18,17825.25,17826.75,17822.25,17824,68,0,17833.3147
8/2/2023 22:19,17823.25,17827.5,17823.25,17827.5,61,0,17833.29408
8/2/2023 22:20,17827.25,17827.25,17823.25,17823.75,49,0,17833.27456
8/2/2023 22:21,17823.75,17827.5,17823.5,17827,57,0,17833.25527
8/2/2023 22:22,17827,17828,17823.25,17824.5,68,0,17833.23003
8/2/2023 22:23,17824.75,17827.25,17824.25,17827.25,28,0,17833.22098
8/2/2023 22:24,17826.5,17828.75,17825.75,17826,78,0,17833.19799
8/2/2023 22:25,17826.5,17827.25,17824.5,17824.5,26,0,17833.18867
8/2/2023 22:26,17825,17825.75,17820,17822.25,142,0,17833.12027
8/2/2023 22:27,17822.5,17824,17821.25,17822.25,50,0,17833.09601
8/2/2023 22:28,17823,17824,17819,17821,114,0,17833.03507
8/2/2023 22:29,17820,17820.5,17812.25,17812.75,314,0,17832.7837
8/2/2023 22:30,17813.25,17815.75,17809.5,17812.25,240,0,17832.56792
8/2/2023 22:31,17812.5,17818.5,17812.25,17817.25,121,0,17832.47953
8/2/2023 22:32,17817.5,17818,17815.5,17816.25,62,0,17832.43619
8/2/2023 22:33,17817,17818.25,17816.5,17817.25,26,0,17832.41895
8/2/2023 22:34,17817,17817,17814.5,17814.5,31,0,17832.39572
8/2/2023 22:35,17815.25,17816.25,17812.75,17813.25,82,0,17832.33009
8/2/2023 22:36,17813.5,17814.75,17812,17814.25,51,0,17832.28859
8/2/2023 22:37,17815,17818,17813,17814,114,0,17832.20307
8/2/2023 22:38,17813.25,17814,17808.25,17809.5,179,0,17832.03645
8/2/2023 22:39,17808.5,17810.75,17806.25,17808.5,120,0,17831.91547
8/2/2023 22:40,17809.25,17816.75,17809.25,17816.25,136,0,17831.81219
8/2/2023 22:41,17816,17817.25,17814.75,17815.75,67,0,17831.76697
8/2/2023 22:42,17816.25,17818,17813,17813.5,126,0,17831.67685
8/2/2023 22:43,17813,17816.25,17811.75,17811.75,140,0,17831.56852
8/2/2023 22:44,17811.75,17813.25,17811.5,17813.25,35,0,17831.54078
8/2/2023 22:45,17813.5,17815.25,17813,17815.25,19,0,17831.52722
8/2/2023 22:46,17815.25,17817.5,17814.5,17816.75,67,0,17831.48446
8/2/2023 22:47,17816.25,17817.25,17814.5,17814.75,50,0,17831.45113
8/2/2023 22:48,17815.5,17815.75,17814.5,17815.75,18,0,17831.43905
8/2/2023 22:49,17815.25,17815.25,17811.25,17812.5,89,0,17831.37093
8/2/2023 22:50,17812.25,17815.5,17812.25,17815,34,0,17831.34681
8/2/2023 22:51,17814.75,17816.25,17814.25,17815.25,35,0,17831.32349
8/2/2023 22:52,17815,17818.25,17814.75,17818.25,58,0,17831.28939
8/2/2023 22:53,17818.25,17820.5,17818,17819.75,70,0,17831.25517
8/2/2023 22:54,17819.25,17820.5,17817.75,17820,61,0,17831.22552
8/2/2023 22:55,17820.25,17820.25,17818.5,17818.75,31,0,17831.21019
8/2/2023 22:56,17819.25,17819.25,17816.5,17817.5,48,0,17831.18374
8/2/2023 22:57,17817.5,17818.75,17817,17818.75,21,0,17831.17256
8/2/2023 22:58,17818.75,17819.25,17815.5,17815.5,31,0,17831.1543
8/2/2023 22:59,17816,17817.25,17813.25,17815,112,0,17831.08149
8/2/2023 23:00,17815.5,17816.25,17814.25,17816.25,34,0,17831.06009
8/2/2023 23:01,17816.5,17817.5,17811.75,17812.5,81,0,17831.0039
8/2/2023 23:02,17812,17813.25,17811.25,17811.5,52,0,17830.96399
8/2/2023 23:03,17811.25,17813,17810.75,17813,46,0,17830.92928
8/2/2023 23:04,17813,17814.5,17811.25,17812.25,61,0,17830.88449
8/2/2023 23:05,17812.25,17812.25,17808.5,17810,62,0,17830.83317
8/2/2023 23:06,17809.75,17811.25,17808.75,17810.75,49,0,17830.79279
8/2/2023 23:07,17810.75,17812.75,17810.75,17811.25,37,0,17830.76438
8/2/2023 23:08,17812,17814.25,17811,17812.75,40,0,17830.73549
8/2/2023 23:09,17813.25,17814.25,17812,17812.5,36,0,17830.70992
8/2/2023 23:10,17812.75,17814.5,17812.75,17814.5,18,0,17830.69789
8/2/2023 23:11,17814.25,17814.5,17813.25,17814.5,14,0,17830.68863
8/2/2023 23:12,17815,17816.5,17814.75,17816.25,37,0,17830.66678
8/2/2023 23:13,17816.5,17817.5,17816,17817,44,0,17830.64263
8/2/2023 23:14,17817.5,17819,17816,17816.75,38,0,17830.62247
8/2/2023 23:15,17816.25,17817.75,17816.25,17817.25,21,0,17830.61122
8/2/2023 23:16,17817.5,17818.5,17816.25,17816.75,47,0,17830.58625
8/2/2023 23:17,17816.25,17816.25,17815.25,17815.75,28,0,17830.56986
8/2/2023 23:18,17815.5,17816.75,17815.25,17816.25,27,0,17830.55444
8/2/2023 23:19,17816.5,17819,17816.5,17818.75,80,0,17830.51523
8/2/2023 23:20,17818.75,17820.25,17818.25,17819.75,75,0,17830.48262
8/2/2023 23:21,17819.75,17820.25,17819,17819,28,0,17830.47049
8/2/2023 23:22,17819.5,17820.25,17817.5,17818.5,81,0,17830.43345
8/2/2023 23:23,17818.5,17819,17817.75,17818.75,41,0,17830.41439
8/2/2023 23:24,17818.75,17818.75,17816.75,17817.25,27,0,17830.40091
8/2/2023 23:25,17817.75,17821.25,17817.75,17820.75,59,0,17830.37689
8/2/2023 23:26,17821,17822.25,17820.5,17821.5,67,0,17830.35364
8/2/2023 23:27,17821.25,17822.5,17820.75,17822.5,42,0,17830.33994
8/2/2023 23:28,17822.25,17823.75,17821.5,17823.5,40,0,17830.32848
8/2/2023 23:29,17823.75,17823.75,17820.75,17822.5,74,0,17830.30571
8/2/2023 23:30,17822.75,17823.25,17821,17822.75,64,0,17830.28612
8/2/2023 23:31,17823.25,17826,17822.5,17822.5,82,0,17830.26534
8/2/2023 23:32,17822.5,17822.5,17819.25,17819.75,67,0,17830.24036
8/2/2023 23:33,17820.75,17820.75,17817.5,17817.5,67,0,17830.21062
8/2/2023 23:34,17817.75,17817.75,17815,17815.25,68,0,17830.17392
8/2/2023 23:35,17814.75,17815.75,17813.25,17815,68,0,17830.13397
8/2/2023 23:36,17815.5,17817.75,17815.5,17815.75,49,0,17830.1084
8/2/2023 23:37,17816,17817.75,17813.5,17817.75,60,0,17830.07721
8/2/2023 23:38,17817.5,17817.5,17816.75,17817,29,0,17830.06301
8/2/2023 23:39,17817.5,17817.75,17816.25,17816.5,23,0,17830.05156
8/2/2023 23:40,17816.75,17818.75,17816.75,17817.25,43,0,17830.0314
8/2/2023 23:41,17817.25,17820.25,17817.25,17819.75,20,0,17830.02317
8/2/2023 23:42,17819,17819.5,17818,17818,17,0,17830.01582
8/2/2023 23:43,17817.75,17818.5,17817,17818.5,16,0,17830.00861
8/2/2023 23:44,17818.25,17818.25,17817,17817.75,34,0,17829.99288
8/2/2023 23:45,17817.75,17818.5,17816.25,17818.5,22,0,17829.9828
8/2/2023 23:46,17818.75,17819.5,17815.25,17815.75,96,0,17829.93571
8/2/2023 23:47,17816,17817,17815.25,17816.25,24,0,17829.92339
8/2/2023 23:48,17816.75,17820.25,17816.75,17819.75,28,0,17829.91191
8/2/2023 23:49,17819.75,17819.75,17819,17819.25,15,0,17829.90601
8/2/2023 23:50,17819.25,17820.25,17819.25,17819.75,38,0,17829.89167
8/2/2023 23:51,17819.25,17824.5,17819.25,17824.5,91,0,17829.8676
8/2/2023 23:52,17824.5,17827.25,17823.25,17824.75,162,0,17829.83906
8/2/2023 23:53,17824.5,17827,17824.25,17826,71,0,17829.8284
8/2/2023 23:54,17826.75,17827.75,17825.75,17827.5,57,0,17829.8225
8/2/2023 23:55,17827.5,17827.75,17824.75,17825.25,72,0,17829.81222
8/2/2023 23:56,17825.75,17827.75,17825.75,17827.75,30,0,17829.80923
8/2/2023 23:57,17827.25,17827.25,17825.75,17826.25,20,0,17829.80676
8/2/2023 23:58,17825.75,17827.5,17825.75,17826.25,88,0,17829.79617
8/2/2023 23:59,17825.75,17826.5,17824.5,17826.25,53,0,17829.78839
8/3/2023 0:00,17826.25,17828,17825.75,17825.75,38,0,17829.78386
8/3/2023 0:01,17826.25,17827,17824,17825.75,47,0,17829.77672
8/3/2023 0:02,17826,17827.5,17826,17826,35,0,17829.77258
8/3/2023 0:03,17826.75,17826.75,17824.75,17826.25,24,0,17829.76923
8/3/2023 0:04,17826.5,17827.5,17826.25,17826.25,50,0,17829.76364
8/3/2023 0:05,17825.75,17829.5,17825,17826.5,118,0,17829.75194
8/3/2023 0:06,17826.25,17826.75,17825,17826.25,19,0,17829.74938
8/3/2023 0:07,17827.25,17827.25,17825.25,17825.75,17,0,17829.74715
8/3/2023 0:08,17825.75,17827,17825.75,17826.5,23,0,17829.74441
8/3/2023 0:09,17826.75,17828,17826.75,17828,30,0,17829.74209
8/3/2023 0:10,17828.25,17828.25,17826.75,17827.25,18,0,17829.74059
8/3/2023 0:11,17826.75,17826.75,17821.25,17822.75,107,0,17829.71713
8/3/2023 0:12,17823.5,17824,17820,17822.25,71,0,17829.69788
8/3/2023 0:13,17821.75,17821.75,17820.75,17821.5,41,0,17829.68571
8/3/2023 0:14,17822,17822.25,17821,17821.25,24,0,17829.67875
8/3/2023 0:15,17822.25,17822.25,17818.25,17820,77,0,17829.65286
8/3/2023 0:16,17819.75,17821,17818.5,17821,52,0,17829.63546
8/3/2023 0:17,17820.75,17821,17816.75,17816.75,55,0,17829.61325
8/3/2023 0:18,17817.25,17818,17816.5,17818,83,0,17829.57795
8/3/2023 0:19,17817.75,17818.75,17817.5,17818.75,10,0,17829.574
8/3/2023 0:20,17819,17819.5,17818.25,17818.25,39,0,17829.55909
8/3/2023 0:21,17817.75,17819.25,17817.25,17817.5,48,0,17829.53968
8/3/2023 0:22,17817.5,17817.75,17816,17816,21,0,17829.53017
8/3/2023 0:23,17816.25,17817.75,17816.25,17817.25,21,0,17829.52104
8/3/2023 0:24,17817.5,17818,17814.5,17815.25,53,0,17829.49589
8/3/2023 0:25,17815.75,17816.25,17813.75,17814.25,36,0,17829.4774
8/3/2023 0:26,17814.5,17815,17813.75,17814.25,26,0,17829.4637
8/3/2023 0:27,17814.75,17815,17811.5,17811.75,65,0,17829.42598
8/3/2023 0:28,17811.5,17811.5,17808.75,17810.25,144,0,17829.33017
8/3/2023 0:29,17810.5,17810.75,17809.75,17810.25,28,0,17829.31173
8/3/2023 0:30,17810.25,17812.25,17810,17810.25,51,0,17829.27926
8/3/2023 0:31,17810.25,17812,17809.5,17811.75,43,0,17829.25235
8/3/2023 0:32,17811.5,17811.75,17809.5,17810.25,42,0,17829.22529
8/3/2023 0:33,17810,17811.25,17809.25,17809.5,38,0,17829.20023
8/3/2023 0:34,17810.25,17811.5,17810,17811.25,30,0,17829.18143
8/3/2023 0:35,17811.5,17811.5,17810.25,17810.75,24,0,17829.16635
8/3/2023 0:36,17811.25,17812,17807.75,17808.25,141,0,17829.07104
8/3/2023 0:37,17808.25,17808.25,17802.25,17804.75,253,0,17828.86599
8/3/2023 0:38,17804.75,17808.5,17804.75,17807.75,71,0,17828.81366
8/3/2023 0:39,17807.75,17807.75,17805,17806.75,77,0,17828.75589
8/3/2023 0:40,17807.25,17811.25,17807.25,17810.25,95,0,17828.69485
8/3/2023 0:41,17810.75,17812.75,17810.5,17811.5,70,0,17828.6548
8/3/2023 0:42,17812.5,17813.5,17812,17813,85,0,17828.60997
8/3/2023 0:43,17813,17813.5,17811,17811.75,54,0,17828.58027
8/3/2023 0:44,17811.25,17812,17810.75,17812,49,0,17828.55259
8/3/2023 0:45,17811.75,17812.25,17810.75,17811.75,15,0,17828.54414
8/3/2023 0:46,17812.5,17813,17812.25,17812.5,21,0,17828.53302
8/3/2023 0:47,17812.5,17812.5,17811.5,17811.5,17,0,17828.5236
8/3/2023 0:48,17811.5,17813,17811.25,17811.5,43,0,17828.49995
8/3/2023 0:49,17811.25,17811.5,17809,17809.25,56,0,17828.46555
8/3/2023 0:50,17809.25,17811.25,17809,17810.25,42,0,17828.44017
8/3/2023 0:51,17810,17810.75,17803.5,17806,144,0,17828.33755
8/3/2023 0:52,17805.5,17805.75,17802.25,17803,111,0,17828.2479
8/3/2023 0:53,17803,17804,17801.5,17803.25,81,0,17828.18091
8/3/2023 0:54,17803,17803,17796.75,17798,258,0,17827.93923
8/3/2023 0:55,17798.5,17802.25,17798.25,17801.5,88,0,17827.86174
8/3/2023 0:56,17802,17802,17799.75,17799.75,41,0,17827.82557
8/3/2023 0:57,17800.5,17803,17799.25,17801.25,111,0,17827.7305
8/3/2023 0:58,17801.25,17801.25,17799.75,17800.5,29,0,17827.70515
8/3/2023 0:59,17800.5,17801.5,17798.5,17799.75,72,0,17827.64108
8/3/2023 1:00,17799.5,17801.25,17797.75,17801,104,0,17827.54932
8/3/2023 1:01,17801,17806.25,17799.75,17802,265,0,17827.34062
8/3/2023 1:02,17802.25,17803.25,17798.25,17800.5,156,0,17827.20957
8/3/2023 1:03,17799.75,17800.5,17797,17798,95,0,17827.12392
8/3/2023 1:04,17797.75,17803.5,17797.25,17801.75,139,0,17827.00967
8/3/2023 1:05,17801.5,17803,17799.25,17799.25,55,0,17826.96416
8/3/2023 1:06,17799.25,17800.75,17797,17800.25,70,0,17826.90393
8/3/2023 1:07,17800.75,17805.75,17800.75,17805.75,105,0,17826.82955
8/3/2023 1:08,17805,17805.5,17803.25,17803.25,30,0,17826.80831
8/3/2023 1:09,17803.5,17806.25,17803,17805.5,35,0,17826.78457
8/3/2023 1:10,17805.25,17805.25,17801.5,17801.5,86,0,17826.72071
8/3/2023 1:11,17802,17805.25,17801.75,17803.75,61,0,17826.67718
8/3/2023 1:12,17804,17806.25,17802.75,17805.25,49,0,17826.6441
8/3/2023 1:13,17805,17805.5,17803.5,17804,55,0,17826.60638
8/3/2023 1:14,17803.75,17805.25,17802,17803.25,46,0,17826.57375
8/3/2023 1:15,17803.5,17806.5,17803.5,17805.75,55,0,17826.53781
8/3/2023 1:16,17805.25,17810,17803.75,17810,175,0,17826.43848
8/3/2023 1:17,17810.25,17811.25,17807.25,17807.25,87,0,17826.39126
8/3/2023 1:18,17807.5,17811.75,17807.25,17810,60,0,17826.36081
8/3/2023 1:19,17810.75,17811.75,17809.75,17810.25,47,0,17826.33834
8/3/2023 1:20,17811.5,17814.25,17811.5,17811.75,88,0,17826.30153
8/3/2023 1:21,17811.75,17812.25,17810.75,17811.75,26,0,17826.28998
8/3/2023 1:22,17812.25,17815.5,17811.75,17813.75,132,0,17826.23986
8/3/2023 1:23,17814.25,17817.5,17814.25,17817.25,98,0,17826.21074
8/3/2023 1:24,17817.75,17823.75,17817.25,17822.5,222,0,17826.17738
8/3/2023 1:25,17822.75,17823,17819.25,17822.5,82,0,17826.16619
8/3/2023 1:26,17822.5,17822.5,17818.25,17819.75,82,0,17826.1516
8/3/2023 1:27,17819.5,17820.5,17817.75,17819.75,77,0,17826.13607
8/3/2023 1:28,17820.5,17821.75,17820.25,17821,46,0,17826.1291
8/3/2023 1:29,17821.25,17822.75,17819,17819,74,0,17826.11627
8/3/2023 1:30,17819,17825.25,17818.5,17820.5,171,0,17826.09271
8/3/2023 1:31,17820.5,17822.25,17820.5,17821.5,70,0,17826.08313
8/3/2023 1:32,17821.25,17821.75,17820.75,17821.25,20,0,17826.0803
8/3/2023 1:33,17820.5,17821.25,17818.75,17821,50,0,17826.07191
8/3/2023 1:34,17821,17821.5,17818.25,17818.75,50,0,17826.06232
8/3/2023 1:35,17818.25,17818.75,17815.75,17816.5,104,0,17826.03492
8/3/2023 1:36,17817,17818,17814,17814,104,0,17826.00266
8/3/2023 1:37,17814,17814.5,17810,17811.5,139,0,17825.94646
8/3/2023 1:38,17811,17811,17808.75,17809.75,58,0,17825.91952
8/3/2023 1:39,17809.5,17811.25,17809,17809.5,48,0,17825.89742
8/3/2023 1:40,17809.25,17809.25,17803.5,17804,114,0,17825.83098
8/3/2023 1:41,17804,17804,17789,17791.75,495,0,17825.3981
8/3/2023 1:42,17791.75,17793.5,17786.75,17788,333,0,17825.06232
8/3/2023 1:43,17788.5,17794.5,17788,17794.5,288,0,17824.80029
8/3/2023 1:44,17794.5,17796,17791.75,17794.75,226,0,17824.60903
8/3/2023 1:45,17794.75,17796.75,17793,17795,136,0,17824.49789
8/3/2023 1:46,17794,17794,17789.5,17791.75,133,0,17824.37845
8/3/2023 1:47,17791.25,17794.25,17787.5,17794.25,161,0,17824.23613
8/3/2023 1:48,17794,17799,17792.75,17798.5,143,0,17824.12924
8/3/2023 1:49,17799.25,17802,17795.75,17796.75,229,0,17823.96855
8/3/2023 1:50,17797,17797.5,17792.75,17797.5,137,0,17823.86507
8/3/2023 1:51,17797.25,17801.5,17795.25,17800.75,202,0,17823.73145
8/3/2023 1:52,17800.25,17808,17796.75,17808,311,0,17823.57053
8/3/2023 1:53,17807.75,17812.5,17807.25,17808.75,184,0,17823.5021
8/3/2023 1:54,17809,17810.75,17808.25,17810,82,0,17823.47218
8/3/2023 1:55,17809.75,17809.75,17805.75,17808,86,0,17823.43679
8/3/2023 1:56,17808.25,17808.5,17802,17804.5,132,0,17823.37297
8/3/2023 1:57,17804,17806,17803.25,17803.25,37,0,17823.35435
8/3/2023 1:58,17803.25,17807.25,17803.25,17807.25,59,0,17823.32744
8/3/2023 1:59,17806,17810.5,17805.5,17809.75,68,0,17823.30126
8/3/2023 2:00,17809.5,17810.75,17806.5,17809.5,167,0,17823.23881
8/3/2023 2:01,17809.25,17813.75,17806.5,17808.25,143,0,17823.18792
8/3/2023 2:02,17808,17808,17800.75,17802.75,176,0,17823.10009
8/3/2023 2:03,17802.75,17808.75,17800,17808.75,130,0,17823.04241
8/3/2023 2:04,17810,17814.5,17807.25,17811,222,0,17822.97363
8/3/2023 2:05,17811,17811,17805.75,17810,73,0,17822.94745
8/3/2023 2:06,17811,17811,17808,17809.75,62,0,17822.92636
8/3/2023 2:07,17810,17810,17805.25,17806.5,43,0,17822.90921
8/3/2023 2:08,17807.5,17815,17807.25,17813.25,124,0,17822.87439
8/3/2023 2:09,17813,17815,17812.5,17814,75,0,17822.85722
8/3/2023 2:10,17813.75,17814.25,17811.5,17812.25,45,0,17822.84563
8/3/2023 2:11,17812.5,17813.25,17808.5,17809.75,56,0,17822.82818
8/3/2023 2:12,17810.25,17811,17806.75,17808.25,64,0,17822.80534
8/3/2023 2:13,17808.5,17809,17806.25,17808,36,0,17822.79169
8/3/2023 2:14,17808,17808,17805.5,17805.75,53,0,17822.76987
8/3/2023 2:15,17806.75,17807,17802.75,17806.25,77,0,17822.73617
8/3/2023 2:16,17805.25,17811.75,17805.25,17809,61,0,17822.71466
8/3/2023 2:17,17809.75,17813.25,17808.75,17812.5,100,0,17822.68663
8/3/2023 2:18,17812.75,17817.25,17812.75,17814.5,135,0,17822.66022
8/3/2023 2:19,17814.5,17815.75,17812.25,17814,31,0,17822.65353
8/3/2023 2:20,17813.25,17815.5,17812.75,17813.5,69,0,17822.63855
8/3/2023 2:21,17813.75,17813.75,17810.25,17811.5,40,0,17822.62782
8/3/2023 2:22,17812,17814.5,17811.5,17813.5,35,0,17822.61961
8/3/2023 2:23,17813,17813,17808.25,17809,33,0,17822.60935
8/3/2023 2:24,17809,17809.5,17805,17806,71,0,17822.58164
8/3/2023 2:25,17805.5,17810,17805.5,17809,36,0,17822.56882
8/3/2023 2:26,17810.25,17810.25,17806.25,17807,30,0,17822.5579
8/3/2023 2:27,17808.75,17808.75,17803.5,17804.75,46,0,17822.53873
8/3/2023 2:28,17805.25,17807.25,17805,17807.25,21,0,17822.53042
8/3/2023 2:29,17808,17809,17807,17809,30,0,17822.51992
8/3/2023 2:30,17809.5,17809.5,17806,17807.25,27,0,17822.50999
8/3/2023 2:31,17807.75,17807.75,17801,17803.5,165,0,17822.43543
8/3/2023 2:32,17803.75,17807,17800.75,17805.75,87,0,17822.39724
8/3/2023 2:33,17806.75,17806.75,17803,17803.75,19,0,17822.38892
8/3/2023 2:34,17804,17805.25,17802.75,17803.5,30,0,17822.37531
8/3/2023 2:35,17804,17804.25,17802.25,17803,16,0,17822.3678
8/3/2023 2:36,17803.25,17807.25,17802.25,17806.5,50,0,17822.34702
8/3/2023 2:37,17807.25,17808.5,17805.75,17805.75,58,0,17822.32485
8/3/2023 2:38,17807,17807,17805,17805.75,13,0,17822.31966
8/3/2023 2:39,17805.5,17808,17804.25,17805.25,43,0,17822.30241
8/3/2023 2:40,17806,17806,17801,17801.75,70,0,17822.26944
8/3/2023 2:41,17802,17805.75,17801.5,17803.75,144,0,17822.20458
8/3/2023 2:42,17802.75,17803.25,17800.75,17801.25,56,0,17822.17689
8/3/2023 2:43,17801.5,17805.25,17801.5,17803.75,70,0,17822.14533
8/3/2023 2:44,17803.25,17803.25,17799.5,17800.25,51,0,17822.11933
8/3/2023 2:45,17799.5,17799.75,17795,17795.25,161,0,17822.02092
8/3/2023 2:46,17795.75,17796.25,17789,17790.25,256,0,17821.83648
8/3/2023 2:47,17790.25,17792.5,17787.25,17790.25,160,0,17821.71536
8/3/2023 2:48,17790.5,17792,17788.5,17790.5,67,0,17821.66545
8/3/2023 2:49,17790.75,17792,17788.5,17790.5,78,0,17821.60754
8/3/2023 2:50,17790.75,17793.25,17785,17786.25,169,0,17821.47416
8/3/2023 2:51,17785.75,17786,17776.75,17778.75,441,0,17821.0521
8/3/2023 2:52,17778.25,17782.25,17776.5,17778.5,246,0,17820.81233
8/3/2023 2:53,17779.5,17782,17779.25,17780.25,106,0,17820.71334
8/3/2023 2:54,17779.75,17779.75,17773.25,17775.75,246,0,17820.46137
8/3/2023 2:55,17775.25,17775.25,17764.25,17767,560,0,17819.80386
8/3/2023 2:56,17767.25,17772.5,17765,17771.25,270,0,17819.49736
8/3/2023 2:57,17771.25,17774.25,17768.5,17770.75,206,0,17819.27336
8/3/2023 2:58,17770.25,17772,17766,17766.75,122,0,17819.1337
8/3/2023 2:59,17767.5,17769.25,17764.75,17765.5,293,0,17818.78994
8/3/2023 3:00,17765.75,17766.75,17750,17751,887,0,17817.57093
8/3/2023 3:01,17751.25,17758.5,17743.75,17744.75,1116,0,17815.93804
8/3/2023 3:02,17745.25,17751.75,17742.25,17750.25,749,0,17814.87064
8/3/2023 3:03,17750.75,17752.5,17736.25,17738.75,874,0,17813.56615
8/3/2023 3:04,17738.5,17741,17732.75,17737,966,0,17812.06894
8/3/2023 3:05,17737.5,17738.25,17731,17738,569,0,17811.20083
8/3/2023 3:06,17737.75,17747.25,17737,17741,728,0,17810.20459
8/3/2023 3:07,17740.75,17741.5,17735.5,17736.75,228,0,17809.88128
8/3/2023 3:08,17736.75,17746.25,17736.75,17745.75,301,0,17809.48822
8/3/2023 3:09,17746,17747,17738.5,17741.25,271,0,17809.13475
8/3/2023 3:10,17741,17741.75,17734.5,17735.25,279,0,17808.74735
8/3/2023 3:11,17735,17744,17734.25,17741.25,317,0,17808.32842
8/3/2023 3:12,17741.25,17743.75,17737.5,17738.25,267,0,17807.9795
8/3/2023 3:13,17738.25,17738.5,17728,17730,532,0,17807.21774
8/3/2023 3:14,17730,17737.25,17727.25,17735.75,289,0,17806.81709
8/3/2023 3:15,17734.75,17737,17731.5,17734,223,0,17806.51403
8/3/2023 3:16,17734,17736,17724.25,17725.75,459,0,17805.85131
8/3/2023 3:17,17725.25,17725.75,17716,17716,556,0,17804.96738
8/3/2023 3:18,17716.5,17717.75,17712.25,17713.25,496,0,17804.15032
8/3/2023 3:19,17712.5,17720.75,17712.5,17717.25,294,0,17803.68579
8/3/2023 3:20,17717.25,17723,17716,17722,269,0,17803.28202
8/3/2023 3:21,17722.25,17725.25,17717.5,17718.5,365,0,17802.74092
8/3/2023 3:22,17718.25,17719.25,17715.25,17718,167,0,17802.48701
8/3/2023 3:23,17718,17718,17710.75,17712.25,590,0,17801.56203
8/3/2023 3:24,17712.25,17722.25,17712.25,17720.5,262,0,17801.17891
8/3/2023 3:25,17721.25,17724,17717.75,17718.5,248,0,17800.82708
8/3/2023 3:26,17717.75,17720,17713.25,17714.25,168,0,17800.57802
8/3/2023 3:27,17713.75,17715.75,17709.5,17714.25,302,0,17800.11999
8/3/2023 3:28,17713.25,17713.25,17709.25,17711.5,185,0,17799.83591
8/3/2023 3:29,17711.25,17712,17708,17711,289,0,17799.39077
8/3/2023 3:30,17711.5,17717.5,17709.75,17714.25,254,0,17799.01841
8/3/2023 3:31,17714.5,17715,17709.25,17712,352,0,17798.49722
8/3/2023 3:32,17712.25,17712.25,17696,17698.5,856,0,17797.11418
8/3/2023 3:33,17698.5,17704.75,17697,17703,365,0,17796.5324
8/3/2023 3:34,17703,17703.75,17697,17698.5,287,0,17796.07117
8/3/2023 3:35,17698.25,17698.25,17690.75,17694.75,501,0,17795.23383
8/3/2023 3:36,17694.75,17706,17694,17705.75,550,0,17794.3962
8/3/2023 3:37,17706,17709.25,17705,17709.25,322,0,17793.94367
8/3/2023 3:38,17709.25,17709.75,17702.5,17703.25,247,0,17793.58909
8/3/2023 3:39,17703.25,17703.25,17691.25,17693.25,339,0,17793.0566
8/3/2023 3:40,17692.75,17695.75,17687.75,17695.25,419,0,17792.38633
8/3/2023 3:41,17694.5,17701,17694.25,17698.75,249,0,17792.01239
8/3/2023 3:42,17698.5,17702.5,17697.75,17700,161,0,17791.77749
8/3/2023 3:43,17699.75,17699.75,17690,17691,228,0,17791.42346
8/3/2023 3:44,17691.5,17701.5,17689,17700,278,0,17791.00946
8/3/2023 3:45,17700,17706.25,17699.25,17706.25,354,0,17790.52674
8/3/2023 3:46,17706.25,17716.75,17705.5,17716.75,656,0,17789.73857
8/3/2023 3:47,17716.5,17729.75,17714.5,17725,758,0,17788.96465
8/3/2023 3:48,17724.5,17725.75,17716.75,17718,388,0,17788.55818
8/3/2023 3:49,17718,17722.75,17715.75,17720.25,224,0,17788.32372
8/3/2023 3:50,17720,17720.25,17706.5,17707.75,467,0,17787.7831
8/3/2023 3:51,17708.25,17714,17706.25,17709.5,304,0,17787.42803
8/3/2023 3:52,17710,17710.5,17699.75,17702.75,461,0,17786.85738
8/3/2023 3:53,17703,17711.25,17702.25,17709,232,0,17786.58406
8/3/2023 3:54,17709.25,17714.75,17704.5,17705.5,310,0,17786.22521
8/3/2023 3:55,17705,17711.25,17704,17708.75,147,0,17786.05565
8/3/2023 3:56,17708.5,17712.5,17704.5,17708.25,158,0,17785.87519
8/3/2023 3:57,17708.25,17709.5,17706.5,17706.5,84,0,17785.77845
8/3/2023 3:58,17706.25,17706.25,17696.75,17699,303,0,17785.40121
8/3/2023 3:59,17698.25,17702.25,17694.25,17695.5,233,0,17785.10207
8/3/2023 4:00,17695,17700.5,17693.5,17694,255,0,17784.77206
8/3/2023 4:01,17694,17704.5,17692.5,17702.25,490,0,17784.17124
8/3/2023 4:02,17702.5,17708.5,17695.25,17700,361,0,17783.74177
8/3/2023 4:03,17700,17706.5,17694.25,17704,376,0,17783.30095
8/3/2023 4:04,17704.5,17712.75,17704.5,17707.75,423,0,17782.85114
8/3/2023 4:05,17708.25,17717.75,17708,17716.5,400,0,17782.46317
8/3/2023 4:06,17716.5,17717.25,17706.25,17710,317,0,17782.14582
8/3/2023 4:07,17709.75,17721.25,17709.25,17719.5,299,0,17781.87206
8/3/2023 4:08,17719.75,17727.25,17717.25,17726.5,621,0,17781.37099
8/3/2023 4:09,17727,17728.75,17723,17725.25,258,0,17781.17247
8/3/2023 4:10,17724.75,17724.75,17716.25,17716.25,327,0,17780.89328
8/3/2023 4:11,17716.75,17719,17712,17714.75,324,0,17780.60212
8/3/2023 4:12,17715.75,17721.25,17714.75,17717,214,0,17780.41828
8/3/2023 4:13,17718,17720.5,17712.75,17713.25,182,0,17780.2574
8/3/2023 4:14,17713.25,17722.5,17711.75,17722.25,170,0,17780.11555
8/3/2023 4:15,17722.5,17726,17717.5,17723.5,197,0,17779.96132
8/3/2023 4:16,17723.25,17723.25,17718.5,17721,183,0,17779.81529
8/3/2023 4:17,17720,17722,17718,17719,161,0,17779.6847
8/3/2023 4:18,17718.5,17721.5,17714.5,17719.5,201,0,17779.5193
8/3/2023 4:19,17719.75,17725.25,17719.25,17723.75,187,0,17779.37688
8/3/2023 4:20,17723.25,17729.75,17720.75,17728.75,221,0,17779.22033
8/3/2023 4:21,17729.25,17742.75,17729.25,17742.75,739,0,17778.81931
8/3/2023 4:22,17742.5,17744.25,17737.25,17741.25,400,0,17778.61956
8/3/2023 4:23,17740.75,17745.25,17739.25,17740,289,0,17778.47876
8/3/2023 4:24,17740.75,17745.25,17740,17740.5,224,0,17778.37159
8/3/2023 4:25,17740.25,17745,17740.25,17743.25,197,0,17778.2802
8/3/2023 4:26,17743.75,17751,17743,17745.5,535,0,17778.05981
8/3/2023 4:27,17745.75,17746,17739.75,17744.75,267,0,17777.94061
8/3/2023 4:28,17745,17745,17738.75,17739,251,0,17777.82096
8/3/2023 4:29,17739.5,17742.5,17738,17740.5,214,0,17777.71794
8/3/2023 4:30,17740.75,17743,17736,17736.75,198,0,17777.6187
8/3/2023 4:31,17737,17743.75,17731.75,17742,396,0,17777.42465
8/3/2023 4:32,17741.5,17742,17735,17736.75,195,0,17777.32672
8/3/2023 4:33,17737,17739.25,17726,17727.75,362,0,17777.11452
8/3/2023 4:34,17727.5,17730,17724.75,17728.25,284,0,17776.93746
8/3/2023 4:35,17728.25,17732.25,17723,17723.75,226,0,17776.79367
8/3/2023 4:36,17724,17724.75,17715.75,17715.75,432,0,17776.48012
8/3/2023 4:37,17715.75,17723.25,17715.5,17719.25,233,0,17776.31411
8/3/2023 4:38,17719.5,17721,17715.75,17720.25,171,0,17776.19217
8/3/2023 4:39,17720.5,17724.75,17720.5,17722.25,180,0,17776.07219
8/3/2023 4:40,17722.5,17726.25,17721,17725.25,172,0,17775.9616
8/3/2023 4:41,17725.5,17726.5,17720.75,17721.75,133,0,17775.87449
8/3/2023 4:42,17722.5,17723.25,17716.75,17718,201,0,17775.73429
8/3/2023 4:43,17718.75,17719.25,17711.25,17711.75,328,0,17775.48583
8/3/2023 4:44,17711.75,17714.75,17708.5,17714.25,354,0,17775.21307
8/3/2023 4:45,17714.75,17715.5,17707,17709.5,263,0,17775.00606
8/3/2023 4:46,17710,17716.25,17709.75,17716,159,0,17774.888
8/3/2023 4:47,17715.5,17722.25,17715,17721,177,0,17774.76877
8/3/2023 4:48,17720.75,17721.25,17716.25,17717.5,105,0,17774.69689
8/3/2023 4:49,17717.5,17718.5,17715,17716.5,82,0,17774.63923
8/3/2023 4:50,17716.75,17721,17716.75,17719,137,0,17774.54689
8/3/2023 4:51,17720.25,17728.5,17719.25,17727.5,205,0,17774.42453
8/3/2023 4:52,17727.25,17728.75,17724,17727.25,266,0,17774.27172
8/3/2023 4:53,17727,17728.25,17724,17726.25,104,0,17774.21162
8/3/2023 4:54,17725.25,17725.75,17717,17720.25,273,0,17774.03768
8/3/2023 4:55,17720.25,17721.75,17717.75,17721.75,81,0,17773.98572
8/3/2023 4:56,17722,17724.5,17720.75,17724,60,0,17773.94921
8/3/2023 4:57,17723.25,17729.75,17723.25,17728.25,161,0,17773.85919
8/3/2023 4:58,17728.25,17743.25,17728.25,17739,551,0,17773.61737
8/3/2023 4:59,17738.5,17741.75,17735,17737.25,186,0,17773.53902
8/3/2023 5:00,17737.25,17741,17733.75,17740.25,166,0,17773.47004
8/3/2023 5:01,17740,17746.75,17739.5,17746,253,0,17773.38254
8/3/2023 5:02,17746.5,17751,17745.25,17749.25,397,0,17773.26683
8/3/2023 5:03,17749,17752,17746.75,17750.75,222,0,17773.20605
8/3/2023 5:04,17750.5,17751,17745.25,17748,174,0,17773.15508
8/3/2023 5:05,17748,17756.75,17748,17754,328,0,17773.07797
8/3/2023 5:06,17754.5,17755.25,17748.75,17749.25,219,0,17773.02217
8/3/2023 5:07,17749.25,17761,17749.25,17760.25,275,0,17772.97075
8/3/2023 5:08,17760.5,17766.5,17758.75,17763.25,437,0,17772.91985
8/3/2023 5:09,17763.75,17769.25,17761.75,17769,343,0,17772.8953
8/3/2023 5:10,17768.25,17768.75,17765,17768.5,196,0,17772.88303
8/3/2023 5:11,17768.75,17773.75,17768,17771.75,437,0,17772.87451
8/3/2023 5:12,17771.75,17775.5,17766.25,17766.25,422,0,17772.85761
8/3/2023 5:13,17767.25,17772.5,17761.75,17762.25,511,0,17772.81533
8/3/2023 5:14,17763.25,17763.75,17759.5,17759.75,219,0,17772.78631
8/3/2023 5:15,17760.5,17761.5,17757,17760,212,0,17772.75479
8/3/2023 5:16,17759.75,17764.5,17759,17761.75,194,0,17772.73095
8/3/2023 5:17,17761.5,17763.75,17759.75,17761.5,160,0,17772.71122
8/3/2023 5:18,17761,17765.5,17759.5,17764,156,0,17772.69436
8/3/2023 5:19,17765,17767.25,17762.75,17767.25,106,0,17772.68618
8/3/2023 5:20,17767.25,17772.75,17763.5,17772,207,0,17772.67868
8/3/2023 5:21,17771.75,17772,17760.75,17762,153,0,17772.66553
8/3/2023 5:22,17762.5,17766.5,17760.75,17766.5,133,0,17772.65365
8/3/2023 5:23,17766.5,17769,17764,17765.25,124,0,17772.64466
8/3/2023 5:24,17765.75,17765.75,17758.5,17762.5,184,0,17772.62359
8/3/2023 5:25,17762,17762.75,17759,17762.25,128,0,17772.60769
8/3/2023 5:26,17762.25,17766.25,17760.5,17764.25,118,0,17772.5961
8/3/2023 5:27,17765,17770.25,17765,17767.75,181,0,17772.58632
8/3/2023 5:28,17767.5,17767.5,17758.25,17760,228,0,17772.55971
8/3/2023 5:29,17760.5,17763,17758.75,17763,120,0,17772.54533
8/3/2023 5:30,17762.5,17767.75,17762.5,17764.25,105,0,17772.53649
8/3/2023 5:31,17764.75,17766.25,17759.25,17760,99,0,17772.52495
8/3/2023 5:32,17759.5,17761.75,17758.5,17761,79,0,17772.51453
8/3/2023 5:33,17761.75,17767.5,17760.5,17761.5,134,0,17772.50091
8/3/2023 5:34,17762.25,17765,17760.5,17760.5,97,0,17772.48985
8/3/2023 5:35,17760.25,17761.5,17757.5,17760.75,166,0,17772.46722
8/3/2023 5:36,17760.5,17762.5,17755,17757.25,173,0,17772.4406
8/3/2023 5:37,17757.25,17757.25,17753.5,17755.25,171,0,17772.40901
8/3/2023 5:38,17755.5,17756.5,17751.75,17755.75,224,0,17772.36618
8/3/2023 5:39,17756.75,17761.5,17756.5,17759.25,152,0,17772.34446
8/3/2023 5:40,17759.5,17760.75,17757.25,17759.5,83,0,17772.33271
8/3/2023 5:41,17760.25,17763,17757.25,17758,203,0,17772.30459
8/3/2023 5:42,17758.5,17759.25,17755.25,17758.25,114,0,17772.28661
8/3/2023 5:43,17757.5,17759.25,17754.75,17758.5,106,0,17772.26984
8/3/2023 5:44,17758.75,17769.25,17758.5,17769.25,167,0,17772.25806
8/3/2023 5:45,17768.5,17771.5,17764.75,17767.25,164,0,17772.25032
8/3/2023 5:46,17766.5,17767.75,17762.25,17764,105,0,17772.24184
8/3/2023 5:47,17763.75,17772.5,17761.75,17772,267,0,17772.23194
8/3/2023 5:48,17772.25,17773,17763.25,17768.25,289,0,17772.2195
8/3/2023 5:49,17768.5,17770,17763.5,17764,149,0,17772.20945
8/3/2023 5:50,17764.5,17768.75,17763.5,17767.75,69,0,17772.20541
8/3/2023 5:51,17767,17768,17764,17764.75,59,0,17772.20128
8/3/2023 5:52,17764.25,17767.75,17763.5,17764.5,48,0,17772.19776
8/3/2023 5:53,17764.75,17765,17762.75,17763.5,105,0,17772.18841
8/3/2023 5:54,17763.75,17769.5,17761.75,17768.25,224,0,17772.17502
8/3/2023 5:55,17768.25,17770,17766.75,17769.75,64,0,17772.17277
8/3/2023 5:56,17769.25,17769.75,17767.75,17769,83,0,17772.16986
8/3/2023 5:57,17769,17769.5,17762,17765.25,161,0,17772.15875
8/3/2023 5:58,17764.75,17769.5,17764,17769.5,64,0,17772.15573
8/3/2023 5:59,17769.5,17769.5,17764.5,17764.75,96,0,17772.1498
8/3/2023 6:00,17764.75,17766.75,17763.5,17765.5,99,0,17772.14266
8/3/2023 6:01,17765.5,17769,17765.25,17769,77,0,17772.13913
8/3/2023 6:02,17769.25,17774.25,17769.25,17772,156,0,17772.13863
8/3/2023 6:03,17773,17780.25,17771.5,17776.75,320,0,17772.15203
8/3/2023 6:04,17776.5,17781.5,17775.5,17781.5,165,0,17772.16461
8/3/2023 6:05,17781,17784.75,17780.5,17784.25,269,0,17772.19522
8/3/2023 6:06,17784.75,17786.5,17780.75,17782,244,0,17772.22264
8/3/2023 6:07,17782.75,17785,17781.25,17785,115,0,17772.2363
8/3/2023 6:08,17784.75,17786,17779.75,17781.25,180,0,17772.255
8/3/2023 6:09,17781.75,17782,17778,17779.5,229,0,17772.27281
8/3/2023 6:10,17779.25,17780.5,17777.75,17779.25,60,0,17772.27705
8/3/2023 6:11,17779.25,17779.5,17776.5,17777.5,92,0,17772.28229
8/3/2023 6:12,17777,17779.5,17773.5,17774.75,119,0,17772.28672
8/3/2023 6:13,17774.75,17775.75,17772.75,17773.75,162,0,17772.28969
8/3/2023 6:14,17773.25,17775.75,17771.5,17774,88,0,17772.29101
8/3/2023 6:15,17774.5,17775.25,17773.5,17774.75,48,0,17772.29209
8/3/2023 6:16,17774.75,17780.5,17774,17779.75,156,0,17772.30129
8/3/2023 6:17,17780,17780.5,17777.25,17778.25,106,0,17772.30816
8/3/2023 6:18,17777.75,17778.25,17773.75,17777.25,102,0,17772.31242
8/3/2023 6:19,17777.75,17783.25,17777.5,17782.25,84,0,17772.31983
8/3/2023 6:20,17782,17783.25,17779,17779,63,0,17772.32501
8/3/2023 6:21,17779,17780.5,17776.25,17777,99,0,17772.33062
8/3/2023 6:22,17776.5,17779.25,17774.5,17775.5,172,0,17772.33774
8/3/2023 6:23,17774.75,17774.75,17766.5,17767.5,300,0,17772.3294
8/3/2023 6:24,17767.5,17767.75,17762.5,17767.75,329,0,17772.30845
8/3/2023 6:25,17767,17768,17764.25,17764.5,126,0,17772.29994
8/3/2023 6:26,17764.25,17768.25,17763.5,17767.25,284,0,17772.28296
8/3/2023 6:27,17766.75,17768.5,17766.75,17768.25,43,0,17772.28105
8/3/2023 6:28,17767.75,17767.75,17762.5,17763.25,143,0,17772.26992
8/3/2023 6:29,17763.25,17764.75,17762.25,17763.75,91,0,17772.26202
8/3/2023 6:30,17764.5,17767.75,17763.25,17766.75,57,0,17772.25841
8/3/2023 6:31,17765.25,17766,17761.25,17762.75,103,0,17772.24924
8/3/2023 6:32,17763.25,17769.75,17762.5,17769.75,135,0,17772.24263
8/3/2023 6:33,17770,17778,17770,17773.5,211,0,17772.24597
8/3/2023 6:34,17773,17775,17769.5,17770.5,96,0,17772.24542
8/3/2023 6:35,17770.75,17772.75,17768.25,17769,118,0,17772.24279
8/3/2023 6:36,17768.25,17773,17766.75,17772.5,212,0,17772.23966
8/3/2023 6:37,17772,17772,17763.75,17765.5,198,0,17772.22957
8/3/2023 6:38,17764.75,17768.5,17763.25,17767.75,275,0,17772.21405
8/3/2023 6:39,17768.25,17771.25,17767.25,17770.25,157,0,17772.20998
8/3/2023 6:40,17770.25,17770.75,17766.25,17766.25,106,0,17772.20534
8/3/2023 6:41,17766.25,17769,17765,17768.25,91,0,17772.20106
8/3/2023 6:42,17768.5,17772.25,17768.25,17768.5,113,0,17772.19825
8/3/2023 6:43,17769,17770.25,17767.25,17768.25,66,0,17772.19591
8/3/2023 6:44,17768.5,17770.75,17766,17768.25,96,0,17772.19228
8/3/2023 6:45,17768.75,17771,17767.75,17771,40,0,17772.19139
8/3/2023 6:46,17771,17771.25,17764.75,17766,163,0,17772.18365
8/3/2023 6:47,17765.75,17768.25,17764.75,17765.75,100,0,17772.17786
8/3/2023 6:48,17766.25,17769.75,17763.75,17764.75,189,0,17772.16664
8/3/2023 6:49,17765,17765.25,17762.25,17764,146,0,17772.1548
8/3/2023 6:50,17764.25,17767.5,17764.25,17766.75,64,0,17772.15107
8/3/2023 6:51,17766.75,17770.5,17766.75,17770,67,0,17772.14907
8/3/2023 6:52,17769.75,17772.5,17768.25,17768.75,125,0,17772.14626
8/3/2023 6:53,17768.25,17768.25,17763.25,17764.75,147,0,17772.13668
8/3/2023 6:54,17764.25,17764.75,17758.25,17758.5,334,0,17772.09913
8/3/2023 6:55,17758.75,17759.25,17754.75,17755,263,0,17772.05917
8/3/2023 6:56,17755.25,17760.75,17755.25,17760.75,209,0,17772.03275
8/3/2023 6:57,17761,17761.25,17757.25,17757.75,81,0,17772.02241
8/3/2023 6:58,17757.5,17759,17755.75,17757.75,138,0,17772.00318
8/3/2023 6:59,17757,17759.5,17752.75,17759,189,0,17771.97616
8/3/2023 7:00,17759,17761.5,17757.5,17760.25,223,0,17771.9501
8/3/2023 7:01,17760.75,17771.5,17758.5,17771.5,377,0,17771.93292
8/3/2023 7:02,17771.75,17782,17770.75,17781.5,422,0,17771.95755
8/3/2023 7:03,17782.25,17793.75,17780.25,17788,806,0,17772.07423
8/3/2023 7:04,17787,17788.5,17774.25,17781.5,469,0,17772.1153
8/3/2023 7:05,17781.75,17782,17773.25,17774,254,0,17772.12551
8/3/2023 7:06,17774.25,17774.5,17763,17763,302,0,17772.11061
8/3/2023 7:07,17763,17765.25,17759.75,17764.5,280,0,17772.08732
8/3/2023 7:08,17764.5,17766.25,17761.25,17762.5,278,0,17772.06474
8/3/2023 7:09,17762,17764.75,17755.25,17759.25,516,0,17772.00607
8/3/2023 7:10,17759,17765.5,17757.75,17761.75,227,0,17771.98445
8/3/2023 7:11,17762.5,17766,17760,17761,159,0,17771.97033
8/3/2023 7:12,17761.5,17772.75,17761.5,17770,397,0,17771.95619
8/3/2023 7:13,17770.25,17771.75,17764,17766,154,0,17771.94956
8/3/2023 7:14,17766.25,17768.5,17765,17766.75,73,0,17771.94608
8/3/2023 7:15,17766.25,17769,17765.25,17766.75,64,0,17771.94319
8/3/2023 7:16,17766.5,17774.25,17766,17773,229,0,17771.94139
8/3/2023 7:17,17773.5,17774.25,17768.5,17769,173,0,17771.93925
8/3/2023 7:18,17769.5,17776.25,17769.5,17772.25,192,0,17771.94052
8/3/2023 7:19,17772.25,17773.25,17766,17768.25,193,0,17771.93566
8/3/2023 7:20,17768.5,17769.75,17764.75,17766,270,0,17771.92319
8/3/2023 7:21,17766.25,17774,17765.75,17774,204,0,17771.92195
8/3/2023 7:22,17774.25,17775,17761.25,17761.5,278,0,17771.9069
8/3/2023 7:23,17762,17762,17756.75,17757.25,282,0,17771.87332
8/3/2023 7:24,17757,17758,17751,17752,392,0,17771.80937
8/3/2023 7:25,17752,17752.5,17749,17749.75,473,0,17771.71909
8/3/2023 7:26,17750.25,17752.25,17743,17745,537,0,17771.60002
8/3/2023 7:27,17745.75,17751,17745,17746.75,334,0,17771.52899
8/3/2023 7:28,17747.25,17750.25,17744.5,17745.25,204,0,17771.48417
8/3/2023 7:29,17745.25,17753,17744.75,17752.75,221,0,17771.44261
8/3/2023 7:30,17752.25,17755.5,17749.5,17754.75,149,0,17771.41873
8/3/2023 7:31,17754.25,17760.25,17752.5,17758.75,314,0,17771.37942
8/3/2023 7:32,17759,17762,17758,17761,148,0,17771.36508
8/3/2023 7:33,17762,17772.25,17760.5,17772,413,0,17771.35383
8/3/2023 7:34,17771.75,17771.75,17764.25,17766,238,0,17771.34548
8/3/2023 7:35,17765.75,17769.75,17762,17762.5,518,0,17771.31581
8/3/2023 7:36,17762,17762,17753,17754.25,386,0,17771.26603
8/3/2023 7:37,17754,17764.75,17753.5,17764.75,357,0,17771.23441
8/3/2023 7:38,17764.5,17768.25,17763.25,17764.25,245,0,17771.22179
8/3/2023 7:39,17765,17770.25,17764.75,17770.25,194,0,17771.21711
8/3/2023 7:40,17771,17772.5,17763.5,17764.5,222,0,17771.20876
8/3/2023 7:41,17763.75,17765,17760.5,17763.25,139,0,17771.19888
8/3/2023 7:42,17762.5,17767.5,17756.75,17758.25,309,0,17771.17151
8/3/2023 7:43,17758.25,17760.75,17754.25,17756.5,229,0,17771.14415
8/3/2023 7:44,17756.5,17757.25,17753.75,17755.25,96,0,17771.13128
8/3/2023 7:45,17754,17755.5,17747,17754.5,382,0,17771.07027
8/3/2023 7:46,17755.25,17760,17754.75,17759.25,375,0,17771.02877
8/3/2023 7:47,17758.75,17760.25,17752.75,17753.25,188,0,17771.00395
8/3/2023 7:48,17752.75,17755.25,17751,17752,148,0,17770.98114
8/3/2023 7:49,17751.25,17752,17746.25,17747.75,338,0,17770.91763
8/3/2023 7:50,17748.25,17757.25,17745.75,17756.5,213,0,17770.88585
8/3/2023 7:51,17756,17757,17749.5,17752.75,123,0,17770.86746
8/3/2023 7:52,17753.5,17761.25,17751,17759.5,210,0,17770.84349
8/3/2023 7:53,17759.5,17761.75,17757,17757,168,0,17770.82625
8/3/2023 7:54,17757.75,17758.25,17752.75,17754,128,0,17770.80931
8/3/2023 7:55,17753.75,17761,17752.25,17759.25,389,0,17770.76616
8/3/2023 7:56,17759,17759.25,17754.75,17754.75,114,0,17770.75238
8/3/2023 7:57,17755,17758,17752,17753.25,126,0,17770.73526
8/3/2023 7:58,17753.25,17756.5,17750.5,17755.25,117,0,17770.71907
8/3/2023 7:59,17754.75,17756,17750.5,17750.5,97,0,17770.70427
8/3/2023 8:00,17751.5,17754.5,17751.25,17751.25,95,0,17770.68979
8/3/2023 8:01,17752.5,17754.25,17752.5,17754.25,86,0,17770.67765
8/3/2023 8:02,17753.75,17753.75,17743.5,17748.75,382,0,17770.60816
8/3/2023 8:03,17748.5,17752.5,17744.5,17745.25,268,0,17770.55691
8/3/2023 8:04,17744.75,17748.25,17740.75,17746.25,305,0,17770.49301
8/3/2023 8:05,17746.25,17752,17745.5,17746,210,0,17770.45394
8/3/2023 8:06,17747,17749,17740.75,17741.25,243,0,17770.4006
8/3/2023 8:07,17741.25,17742.5,17732.5,17734.5,626,0,17770.22758
8/3/2023 8:08,17735,17742.75,17734.25,17742,218,0,17770.17336
8/3/2023 8:09,17741.75,17743.25,17738.25,17743.25,156,0,17770.13711
8/3/2023 8:10,17743.25,17751,17743.25,17751,265,0,17770.09042
8/3/2023 8:11,17750.5,17750.75,17743.5,17743.75,358,0,17770.02068
8/3/2023 8:12,17743,17745.5,17739.5,17744.5,286,0,17769.95871
8/3/2023 8:13,17744.75,17746.75,17740.75,17742.75,134,0,17769.93004
8/3/2023 8:14,17742,17744.25,17740.5,17741.25,106,0,17769.9062
8/3/2023 8:15,17740.5,17745.25,17740.5,17742.5,120,0,17769.87999
8/3/2023 8:16,17742,17746.25,17736,17737.5,342,0,17769.79777
8/3/2023 8:17,17737,17740,17736.75,17738,135,0,17769.76364
8/3/2023 8:18,17738,17738.75,17732.25,17734.25,303,0,17769.67963
8/3/2023 8:19,17733.75,17736.75,17728.75,17736.75,354,0,17769.57917
8/3/2023 8:20,17736,17738.5,17732.75,17734,155,0,17769.53659
8/3/2023 8:21,17733.5,17738.25,17733,17733.75,323,0,17769.448
8/3/2023 8:22,17733.5,17739,17728.5,17732.25,602,0,17769.27575
8/3/2023 8:23,17732.75,17738.75,17727.25,17737.5,405,0,17769.16478
8/3/2023 8:24,17737.5,17739,17724.75,17726.5,572,0,17768.98944
8/3/2023 8:25,17727,17730.25,17720,17721.25,483,0,17768.81901
8/3/2023 8:26,17721.5,17724.25,17719.25,17721,271,0,17768.71902
8/3/2023 8:27,17721,17725.75,17719.75,17725.5,283,0,17768.61982
8/3/2023 8:28,17725.75,17725.75,17717.75,17722.25,369,0,17768.48612
8/3/2023 8:29,17722.75,17728.25,17722.75,17725.75,256,0,17768.40108
8/3/2023 8:30,17726.25,17728.5,17722.5,17722.5,224,0,17768.32507
8/3/2023 8:31,17722.25,17753.75,17718.5,17729.75,2013,0,17767.79919
8/3/2023 8:32,17729.25,17738.5,17720.5,17720.5,1102,0,17767.45568
8/3/2023 8:33,17721.75,17730,17716.75,17723,1061,0,17767.10449
8/3/2023 8:34,17722.25,17723.25,17710.75,17716.75,1138,0,17766.68046
8/3/2023 8:35,17716.75,17728.5,17716.75,17723.75,587,0,17766.49092
8/3/2023 8:36,17723.5,17734.25,17720.75,17732.25,883,0,17766.24833
8/3/2023 8:37,17732.5,17746.25,17731.75,17744.75,1068,0,17766.05119
8/3/2023 8:38,17745,17756,17744.5,17755,1102,0,17765.93792
8/3/2023 8:39,17754.75,17757.75,17743.5,17750,801,0,17765.84856
8/3/2023 8:40,17750,17751,17744,17744,628,0,17765.76087
8/3/2023 8:41,17744.25,17752.75,17740.5,17740.75,729,0,17765.65141
8/3/2023 8:42,17741.25,17743,17734,17736,724,0,17765.50794
8/3/2023 8:43,17736.25,17746.5,17734.75,17743.25,624,0,17765.40232
8/3/2023 8:44,17743.25,17751.5,17742.75,17747.5,605,0,17765.32522
8/3/2023 8:45,17747,17750.25,17739.5,17740.5,572,0,17765.23759
8/3/2023 8:46,17740.75,17744.75,17737,17744,357,0,17765.17952
8/3/2023 8:47,17744,17750.25,17738.25,17740,404,0,17765.11673
8/3/2023 8:48,17739.25,17742.5,17732,17733.75,416,0,17765.03297
8/3/2023 8:49,17733.75,17743.25,17733.5,17742.5,312,0,17764.97838
8/3/2023 8:50,17742.5,17745,17736,17739,268,0,17764.93214
8/3/2023 8:51,17738.75,17743.5,17735.5,17743.5,227,0,17764.89441
8/3/2023 8:52,17743,17744.25,17740.5,17741.25,191,0,17764.86429
8/3/2023 8:53,17741.25,17744,17732.5,17739,523,0,17764.76966
8/3/2023 8:54,17739,17749,17739,17747,491,0,17764.70327
8/3/2023 8:55,17746.5,17748.25,17741.75,17742.75,251,0,17764.66822
8/3/2023 8:56,17742.5,17744,17733.5,17733.5,391,0,17764.59454
8/3/2023 8:57,17733.75,17736.25,17725.25,17726,726,0,17764.42025
8/3/2023 8:58,17725.75,17729.5,17723.75,17726.25,483,0,17764.29654
8/3/2023 8:59,17725.75,17725.75,17718.5,17720.5,652,0,17764.10927
8/3/2023 9:00,17720,17727.5,17718,17727.5,553,0,17763.9619
8/3/2023 9:01,17727,17727.75,17719,17719.75,535,0,17763.81262
8/3/2023 9:02,17719,17726.75,17717.5,17726.25,385,0,17763.70928
8/3/2023 9:03,17726,17727.5,17721,17721.25,320,0,17763.62325
8/3/2023 9:04,17721.25,17723.25,17718,17718.5,500,0,17763.47853
8/3/2023 9:05,17718.25,17719,17713.5,17714.75,502,0,17763.32038
8/3/2023 9:06,17715,17719.25,17714.75,17715.25,279,0,17763.23416
8/3/2023 9:07,17715.5,17721.5,17715,17721.25,281,0,17763.15288
8/3/2023 9:08,17721.5,17727,17720.25,17722.5,437,0,17763.03853
8/3/2023 9:09,17723.5,17723.5,17716.5,17718.75,298,0,17762.95378
8/3/2023 9:10,17719.5,17721.75,17717,17717.5,228,0,17762.88792
8/3/2023 9:11,17717,17718.75,17712.75,17717,429,0,17762.7573
8/3/2023 9:12,17717.25,17720,17714.25,17717.75,277,0,17762.67546
8/3/2023 9:13,17717,17719,17707,17708,964,0,17762.35551
8/3/2023 9:14,17708,17711.5,17706.25,17710,416,0,17762.21308
8/3/2023 9:15,17710,17713.5,17707.5,17709.25,369,0,17762.08936
8/3/2023 9:16,17709.25,17712.75,17704.5,17708,554,0,17761.8988
8/3/2023 9:17,17708,17709.5,17701.5,17702.25,642,0,17761.66325
8/3/2023 9:18,17702.25,17710,17701.75,17708,724,0,17761.4099
8/3/2023 9:19,17707.75,17711.25,17707,17711,387,0,17761.28319
8/3/2023 9:20,17710.5,17712.25,17705.5,17711.5,470,0,17761.13015
8/3/2023 9:21,17711,17719.25,17708.75,17718.5,560,0,17760.96925
8/3/2023 9:22,17718.5,17720.5,17714.25,17715.5,387,0,17760.86176
8/3/2023 9:23,17716,17718.5,17714,17718.25,270,0,17760.78736
8/3/2023 9:24,17718.75,17720.25,17716.75,17717.75,294,0,17760.70908
8/3/2023 9:25,17717.5,17718.25,17708.5,17710,550,0,17760.54283
8/3/2023 9:26,17710.25,17712.25,17705,17708.5,621,0,17760.34234
8/3/2023 9:27,17709,17712.25,17707.75,17711,364,0,17760.22949
8/3/2023 9:28,17710.75,17712,17704.5,17706.25,575,0,17760.04248
8/3/2023 9:29,17706.25,17709.25,17701.75,17706.5,921,0,17759.73581
8/3/2023 9:30,17706.75,17709.75,17699.25,17706,1611,0,17759.19946
8/3/2023 9:31,17706.25,17732.75,17705.75,17726.5,5999,17721.66667,17757.87817
8/3/2023 9:32,17727,17738.25,17720,17722,3422,17723.51309,17757.26538
8/3/2023 9:33,17722,17742,17718,17739.25,3170,17725.92256,17756.83229
8/3/2023 9:34,17739.5,17740.25,17699.5,17702.5,3358,17723.42986,17756.03637
8/3/2023 9:35,17702.5,17728.5,17699.5,17716.75,3311,17721.96635,17755.2951
8/3/2023 9:36,17716.5,17738.5,17711.5,17735.75,3082,17722.87914,17754.85427
8/3/2023 9:37,17735.5,17752.5,17728,17742,3809,17725.49424,17754.57402
8/3/2023 9:38,17741.75,17759.5,17737,17747.25,2991,17727.79558,17754.47114
8/3/2023 9:39,17747.75,17751.5,17738.5,17747.5,2111,17729.01395,17754.37795
8/3/2023 9:40,17747.5,17759.75,17745,17750.5,1855,17730.28782,17754.35326
8/3/2023 9:41,17751,17761.75,17741.75,17752.75,2381,17731.75011,17754.32623
8/3/2023 9:42,17753.5,17755.75,17743.75,17747.5,2059,17732.69603,17754.27193
8/3/2023 9:43,17747.75,17761.25,17744.75,17752,1607,17733.51566,17754.25925
8/3/2023 9:44,17750.5,17751.5,17737.75,17744.75,1607,17733.95528,17754.18412
8/3/2023 9:45,17745,17750,17737.5,17746.25,1145,17734.24567,17754.13084
8/3/2023 9:46,17745.25,17752.25,17733.75,17744,1812,17734.62232,17754.03683
8/3/2023 9:47,17744.75,17755.75,17736.75,17755.5,2062,17735.28491,17753.99069
8/3/2023 9:48,17755.5,17788.25,17750.75,17785.5,4104,17738.53853,17754.38985
8/3/2023 9:49,17785.25,17786,17770,17772.5,3230,17740.82675,17754.71322
8/3/2023 9:50,17772.75,17785.25,17771.5,17784.5,2010,17742.2703,17754.94855
8/3/2023 9:51,17785,17795.75,17780,17788.5,3292,17744.85202,17755.43808
8/3/2023 9:52,17787.75,17792.75,17777,17785.25,2083,17746.23431,17755.71187
8/3/2023 9:53,17784.5,17793.75,17778.75,17793.5,1834,17747.48276,17755.97842
8/3/2023 9:54,17793.25,17800,17777.75,17784.25,2822,17749.20874,17756.36386
8/3/2023 9:55,17784.5,17794.75,17782.75,17789.5,1502,17750.10536,17756.576
8/3/2023 9:56,17789.75,17798.25,17783.75,17785.5,1617,17751.03047,17756.80249
8/3/2023 9:57,17786,17793.75,17778.5,17791.25,1654,17751.90095,17757.02151
8/3/2023 9:58,17790.75,17806.25,17788,17804,1818,17753.10496,17757.34788
8/3/2023 9:59,17803.5,17804.75,17788.5,17791.5,1163,17753.7719,17757.53199
8/3/2023 10:00,17791.5,17795.25,17783.75,17785.25,955,17754.21551,17757.65444
8/3/2023 10:01,17785.25,17810.25,17781.75,17796.75,3072,17755.8939,17758.14571
8/3/2023 10:02,17796.25,17810,17785,17809.5,2301,17757.21826,17758.55514
8/3/2023 10:03,17809.5,17815,17781,17785,5839,17759.71978,17759.3769
8/3/2023 10:04,17785,17803.25,17778.5,17800.5,2525,17760.71026,17759.72464
8/3/2023 10:05,17800.5,17805.5,17790.75,17792,1694,17761.38131,17759.9674
8/3/2023 10:06,17792,17798.75,17780.25,17790.25,3571,17762.47217,17760.38079
8/3/2023 10:07,17789.75,17792.25,17771.5,17774.75,3365,17763.06759,17760.62763
8/3/2023 10:08,17774.75,17781,17766.25,17768.25,1957,17763.2423,17760.71114
8/3/2023 10:09,17768.5,17775.5,17761.75,17764.75,2282,17763.33522,17760.76819
8/3/2023 10:10,17764.5,17768.75,17754.25,17756,2093,17763.26036,17760.75955
8/3/2023 10:11,17756,17760,17742.75,17755.75,3482,17762.91799,17760.65751
8/3/2023 10:12,17755.5,17768.5,17753.25,17763.75,1784,17762.90004,17760.66521
8/3/2023 10:13,17763.25,17775,17762.5,17773.25,1524,17763.00247,17760.71857
8/3/2023 10:14,17772.75,17777.75,17761.25,17774.75,1559,17763.1184,17760.7782
8/3/2023 10:15,17774.75,17776.5,17761.75,17767.5,1089,17763.17154,17760.80895
8/3/2023 10:16,17767.75,17768,17754.75,17759,1390,17763.13981,17760.80782
8/3/2023 10:17,17758.75,17766.5,17753,17758,1302,17763.09471,17760.80017
8/3/2023 10:18,17757.75,17765.5,17753.75,17761.75,1011,17763.07058,17760.79848
8/3/2023 10:19,17761,17769.25,17753.5,17753.5,1313,17763.0221,17760.78893
8/3/2023 10:20,17754.25,17765.75,17750.75,17765.75,1360,17762.996,17760.78874
8/3/2023 10:21,17765.5,17765.5,17750.25,17754,1105,17762.93669,17760.77237
8/3/2023 10:22,17753.5,17753.5,17732,17734.25,2777,17762.41382,17760.57034
8/3/2023 10:23,17734.25,17741,17726.5,17733.75,2101,17761.92956,17760.3752
8/3/2023 10:24,17734,17740.5,17729.75,17733,1104,17761.68747,17760.27634
8/3/2023 10:25,17733,17734.5,17723,17726.75,1401,17761.31637,17760.12149
8/3/2023 10:26,17727,17728.75,17717.5,17723,1824,17760.77447,17759.891
8/3/2023 10:27,17722.5,17731.5,17720.75,17721,1309,17760.40837,17759.73327
8/3/2023 10:28,17721,17723.25,17712,17717,1934,17759.77816,17759.4571
8/3/2023 10:29,17717,17719.75,17707.25,17709.75,1692,17759.17634,17759.1891
8/3/2023 10:30,17710.25,17718,17702.75,17704,2544,17758.2249,17758.75797
8/3/2023 10:31,17704,17715.75,17701.75,17713.25,1815,17757.59386,17758.46681
8/3/2023 10:32,17713.75,17726.25,17712.75,17725.5,1698,17757.15509,17758.2604
8/3/2023 10:33,17725,17728.25,17721.25,17724.25,1256,17756.86482,17758.12187
8/3/2023 10:34,17724,17732.75,17720,17728,1215,17756.60885,17757.9982
8/3/2023 10:35,17728,17742.5,17727.5,17741.75,1967,17756.34464,17757.86592
8/3/2023 10:36,17742,17764.25,17739.25,17757.5,3326,17756.28423,17757.82113
8/3/2023 10:37,17757.5,17769,17752.75,17753.5,2216,17756.3158,17757.82533
8/3/2023 10:38,17753.5,17757.25,17748.75,17755,1251,17756.29384,17757.80883
8/3/2023 10:39,17754.5,17764.5,17754,17757.5,1154,17756.31185,17757.81196
8/3/2023 10:40,17757.5,17771.5,17754.25,17770.75,1575,17756.40604,17757.85003
8/3/2023 10:41,17770.5,17779.75,17760.75,17775.5,2153,17756.62154,17757.94518
8/3/2023 10:42,17775.5,17775.5,17767.25,17770.25,1007,17756.71388,17757.9861
8/3/2023 10:43,17769.75,17774.5,17766,17768.25,1158,17756.80822,17758.02776
8/3/2023 10:44,17768.25,17770.75,17759,17759.5,1334,17756.86077,17758.0486
8/3/2023 10:45,17760,17768.5,17755.75,17767,1343,17756.91837,17758.07215
8/3/2023 10:46,17767,17768.75,17748.5,17751.5,1605,17756.91176,17758.0632
8/3/2023 10:47,17751.5,17757.75,17749.75,17755.25,1057,17756.89453,17758.0509
8/3/2023 10:48,17755.25,17770.25,17753.5,17768.25,1389,17756.95446,17758.07601
8/3/2023 10:49,17767.75,17772.75,17756.5,17767,1653,17757.03855,17758.1127
8/3/2023 10:50,17767,17770.25,17763.5,17765.25,770,17757.08138,17758.13179
8/3/2023 10:51,17765,17765.5,17752.5,17755.25,1020,17757.08544,17758.13062
8/3/2023 10:52,17755.5,17756,17736.5,17739,2129,17756.91973,17758.03967
8/3/2023 10:53,17738.5,17742,17732.75,17739.25,1321,17756.77406,17757.96088
8/3/2023 10:54,17739.5,17749.5,17739,17748,1156,17756.69861,17757.91815
8/3/2023 10:55,17748.25,17749.25,17739,17742,955,17756.62559,17757.87719
8/3/2023 10:56,17741.75,17745.25,17735.5,17740.5,1120,17756.52174,17757.81954
8/3/2023 10:57,17740.75,17752,17740.5,17745.75,970,17756.46414,17757.78608
8/3/2023 10:58,17745.5,17755.25,17741.25,17754,959,17756.42997,17757.76466
8/3/2023 10:59,17754.5,17772,17754.25,17770.5,2132,17756.53907,17757.81322
8/3/2023 11:00,17770.25,17774.25,17767.5,17773.5,1711,17756.68319,17757.88234
8/3/2023 11:01,17773,17781,17772.75,17778,1915,17756.899,17757.98925
8/3/2023 11:02,17778.25,17778.5,17770.25,17774.25,872,17756.98191,17758.03023
8/3/2023 11:03,17774.5,17775.75,17764.5,17766.75,993,17757.04664,17758.06146
8/3/2023 11:04,17766.5,17777.25,17764.5,17776.5,913,17757.12402,17758.09981
8/3/2023 11:05,17777,17782.75,17774.5,17779,1276,17757.27194,17758.17489
8/3/2023 11:06,17778.75,17786.25,17772.25,17781.25,1356,17757.43535,17758.25857
8/3/2023 11:07,17780.5,17785,17777.75,17778.5,781,17757.53047,17758.30758
8/3/2023 11:08,17778.25,17782.75,17773.75,17781.25,966,17757.6411,17758.36472
8/3/2023 11:09,17781.25,17787.75,17778,17784,1395,17757.82809,17758.46238
8/3/2023 11:10,17784.25,17789.5,17779.75,17784.75,1366,17758.01862,17758.5627
8/3/2023 11:11,17784.25,17786.5,17774,17778.25,1112,17758.14253,17758.628
8/3/2023 11:12,17778.25,17790.25,17775,17788.25,1162,17758.29984,17758.71172
8/3/2023 11:13,17788.5,17795.25,17784.25,17788.5,1330,17758.5104,17758.82471
8/3/2023 11:14,17788,17792.75,17785.75,17786.5,689,17758.61486,17758.88102
8/3/2023 11:15,17786.25,17797.5,17785.25,17796.75,930,17758.77744,17758.96909
8/3/2023 11:16,17796.75,17799.75,17787.75,17798.75,1018,17758.9652,17759.07128
8/3/2023 11:17,17798.25,17805.5,17793.25,17803.25,1365,17759.24978,17759.22708
8/3/2023 11:18,17803,17813.25,17800.75,17810.75,1570,17759.63139,17759.43737
8/3/2023 11:19,17810,17818.25,17804,17810.75,2256,17760.19989,17759.75325
8/3/2023 11:20,17811.25,17827,17810.5,17821,2932,17761.04072,17760.22518
8/3/2023 11:21,17821.25,17826.25,17817,17819.5,1584,17761.4959,17760.48307
8/3/2023 11:22,17819.25,17825.5,17812,17815.25,1525,17761.90341,17760.71572
8/3/2023 11:23,17815.75,17820.25,17810.25,17813.5,1285,17762.22448,17760.9003
8/3/2023 11:24,17813.75,17816,17806.5,17811.5,1135,17762.48701,17761.05225
8/3/2023 11:25,17812,17816.25,17810.5,17815.25,722,17762.6616,17761.15353
8/3/2023 11:26,17815.25,17819.5,17810.5,17814.75,950,17762.89359,17761.28851
8/3/2023 11:27,17815.25,17821.75,17809,17811.5,1564,17763.26502,17761.50583
8/3/2023 11:28,17811.75,17815,17808.25,17814,711,17763.42662,17761.60092
8/3/2023 11:29,17813.75,17816.25,17810.75,17812,642,17763.57335,17761.68746
8/3/2023 11:30,17812.5,17814,17808.75,17810.5,690,17763.72401,17761.77668
8/3/2023 11:31,17811,17816.75,17807.5,17814.5,945,17763.93673,17761.90288
8/3/2023 11:32,17814.5,17817,17805,17809.25,1081,17764.16552,17762.03944
8/3/2023 11:33,17809,17812,17803.75,17806,777,17764.31742,17762.13073
8/3/2023 11:34,17805.75,17810.5,17803.25,17804.25,773,17764.4631,17762.21868
8/3/2023 11:35,17804.25,17807.5,17799,17807.25,1120,17764.66525,17762.34139
8/3/2023 11:36,17807.25,17808.75,17801.25,17802.5,652,17764.78078,17762.41179
8/3/2023 11:37,17803.25,17809,17802,17808,784,17764.92639,17762.50051
8/3/2023 11:38,17808.25,17808.5,17796.5,17805.75,1015,17765.10098,17762.60766
8/3/2023 11:39,17806,17817.25,17805.75,17816,1177,17765.35053,17762.75962
8/3/2023 11:40,17815.75,17817.75,17808.5,17809.5,960,17765.54758,17762.88022
8/3/2023 11:41,17809.25,17811.75,17805.5,17806,1008,17765.73425,17762.99552
8/3/2023 11:42,17806,17816.5,17804.25,17812.75,848,17765.90269,17763.09942
8/3/2023 11:43,17813,17814.75,17804.5,17814,729,17766.04623,17763.18824
8/3/2023 11:44,17814.25,17819,17811.75,17814.75,843,17766.22603,17763.29925
8/3/2023 11:45,17814.5,17815,17805,17809.75,793,17766.37596,17763.39272
8/3/2023 11:46,17809.75,17809.75,17793.25,17795.75,1253,17766.55504,17763.50701
8/3/2023 11:47,17796.25,17799.75,17794.75,17796.25,889,17766.67077,17763.58171
8/3/2023 11:48,17796.75,17804.5,17796.25,17798.75,714,17766.77198,17763.64668
8/3/2023 11:49,17798.75,17806.5,17795.5,17805.25,641,17766.86937,17763.70897
8/3/2023 11:50,17805.5,17813,17805,17811,960,17767.04379,17763.81928
8/3/2023 11:51,17810.75,17817.5,17810,17815.75,974,17767.23887,17763.94219
8/3/2023 11:52,17816,17829.5,17815,17826.25,1847,17767.67545,17764.21568
8/3/2023 11:53,17825.75,17834.5,17824,17829.5,2044,17768.19966,17764.54447
8/3/2023 11:54,17829.75,17831.5,17818.5,17824,1298,17768.50289,17764.73662
8/3/2023 11:55,17823.75,17826,17820.25,17825,678,17768.65742,17764.83498
8/3/2023 11:56,17824.5,17825,17812.5,17818,1260,17768.91517,17765.00069
8/3/2023 11:57,17817.5,17821.75,17804.75,17806.5,2007,17769.259,17765.22582
8/3/2023 11:58,17806,17808.25,17797,17800,1718,17769.48465,17765.3782
8/3/2023 11:59,17800.5,17804.5,17797,17803.75,867,17769.59734,17765.45462
8/3/2023 12:00,17803.75,17804.5,17798.5,17801.5,848,17769.70594,17765.52854
8/3/2023 12:01,17801.5,17802,17790,17790.5,1385,17769.8412,17765.62414
8/3/2023 12:02,17791,17801,17791,17796.25,715,17769.91589,17765.67655
8/3/2023 12:03,17797,17807.25,17795,17806.75,827,17770.02446,17765.75067
8/3/2023 12:04,17806,17808.25,17801.75,17805.75,575,17770.10465,17765.80513
8/3/2023 12:05,17805.5,17808,17797.5,17803.25,588,17770.18085,17765.85739
8/3/2023 12:06,17803.25,17810.75,17802.75,17808.75,500,17770.25424,17765.90709
8/3/2023 12:07,17809.75,17810.25,17802.75,17806.5,536,17770.33066,17765.95906
8/3/2023 12:08,17807,17810.75,17801.25,17809.75,496,17770.40256,17766.00793
8/3/2023 12:09,17809.5,17817.75,17807.75,17812.75,977,17770.56437,17766.11663
8/3/2023 12:10,17812.75,17820,17812.75,17815.25,651,17770.67975,17766.19381
8/3/2023 12:11,17815,17820.75,17814.5,17819.75,587,17770.78863,17766.26645
8/3/2023 12:12,17819.75,17821.25,17811.5,17818.5,650,17770.90545,17766.34473
8/3/2023 12:13,17819,17820,17809.5,17813,437,17770.97872,17766.3942
8/3/2023 12:14,17813.25,17814.25,17805.75,17807.75,604,17771.0681,17766.45539
8/3/2023 12:15,17807.75,17809.75,17803.5,17806,484,17771.13413,17766.50106
8/3/2023 12:16,17806.25,17812.25,17804.25,17812.25,496,17771.2076,17766.55146
8/3/2023 12:17,17811.5,17812,17800.25,17806.5,801,17771.31539,17766.62631
8/3/2023 12:18,17806.25,17806.75,17801.75,17804,338,17771.35797,17766.65616
8/3/2023 12:19,17804.75,17810.25,17801.25,17810.25,381,17771.41034,17766.6925
8/3/2023 12:20,17810,17819.75,17809.5,17819,923,17771.5677,17766.7994
8/3/2023 12:21,17819.5,17822.75,17816,17821.5,771,17771.71002,17766.89556
8/3/2023 12:22,17821.5,17824.25,17817.75,17823,654,17771.83403,17766.97928
8/3/2023 12:23,17822.5,17823,17815.5,17818,538,17771.92981,17767.0444
8/3/2023 12:24,17818.75,17822,17814.25,17815.25,438,17772.00473,17767.09559
8/3/2023 12:25,17816,17823.5,17815.5,17823.25,402,17772.07872,17767.14583
8/3/2023 12:26,17823.25,17825.5,17820.25,17825.25,527,17772.18117,17767.21514
8/3/2023 12:27,17825.5,17828.25,17819.75,17827.5,662,17772.31302,17767.30427
8/3/2023 12:28,17827.5,17830.75,17821.75,17822.5,710,17772.45325,17767.39928
8/3/2023 12:29,17822.75,17822.75,17815.75,17821.75,634,17772.56619,17767.47663
8/3/2023 12:30,17821.5,17823,17815.5,17822,374,17772.63268,17767.52223
8/3/2023 12:31,17822.25,17828,17820.25,17823.75,751,17772.77636,17767.62021
8/3/2023 12:32,17823.75,17829.75,17821.5,17827,785,17772.93175,17767.72603
8/3/2023 12:33,17827,17827.75,17824.75,17826.25,244,17772.98002,17767.75893
8/3/2023 12:34,17826,17826,17818,17821.5,515,17773.07318,17767.82303
8/3/2023 12:35,17821.25,17823.5,17818,17822.25,343,17773.1343,17767.86518
8/3/2023 12:36,17821.75,17828,17821.25,17828,653,17773.26106,17767.95198
8/3/2023 12:37,17827.5,17836,17824,17832.75,931,17773.45842,17768.08632
8/3/2023 12:38,17833,17833.5,17828.75,17831.25,484,17773.56093,17768.1562
8/3/2023 12:39,17831.25,17833,17828,17832,321,17773.62853,17768.20234
8/3/2023 12:40,17832.25,17834.5,17826,17827.75,483,17773.72713,17768.2699
8/3/2023 12:41,17828,17841.25,17827,17838.25,976,17773.94698,17768.41949
8/3/2023 12:42,17838,17842,17835,17842,850,17774.15005,17768.55728
8/3/2023 12:43,17841.75,17849.5,17841.25,17848.75,1380,17774.51118,17768.80125
8/3/2023 12:44,17849,17854,17846.5,17848,1431,17774.89733,17769.06233
8/3/2023 12:45,17847.75,17851.75,17847.25,17851,562,17775.0489,17769.16504
8/3/2023 12:46,17851,17859.5,17849.5,17859.25,1127,17775.37554,17769.38567
8/3/2023 12:47,17859.5,17864,17858.25,17861,1505,17775.83443,17769.69544
8/3/2023 12:48,17861.5,17864.75,17857.5,17861.5,852,17776.09254,17769.8702
8/3/2023 12:49,17861.75,17864.75,17859.75,17863.25,929,17776.37659,17770.06276
8/3/2023 12:50,17863.5,17869.75,17861.5,17868.75,1203,17776.75895,17770.32189
8/3/2023 12:51,17868.5,17871.75,17864.25,17868.25,1217,17777.14852,17770.58645
8/3/2023 12:52,17868.25,17869.25,17859.25,17863,1201,17777.5119,17770.83482
8/3/2023 12:53,17863.25,17864.25,17857.75,17860,615,17777.69002,17770.95718
8/3/2023 12:54,17859.75,17863.5,17856.5,17857,639,17777.87058,17771.0816
8/3/2023 12:55,17857.25,17861.5,17855.25,17856.25,870,17778.11112,17771.24788
8/3/2023 12:56,17856.25,17860.25,17853.5,17859.25,724,17778.31018,17771.38577
8/3/2023 12:57,17858.75,17861,17855.25,17856.5,624,17778.48077,17771.50414
8/3/2023 12:58,17856.5,17857.5,17848.25,17853,1178,17778.78195,17771.71466
8/3/2023 12:59,17853.25,17859.75,17853.25,17858.5,572,17778.93564,17771.82182
8/3/2023 13:00,17858.25,17861,17855.75,17856.25,521,17779.07601,17771.91977
8/3/2023 13:01,17856.75,17861.25,17854.75,17858,686,17779.26084,17772.04889
8/3/2023 13:02,17858.25,17858.25,17853.5,17856,437,17779.37503,17772.12895
8/3/2023 13:03,17855.25,17860.5,17851.5,17852.5,713,17779.55798,17772.25756
8/3/2023 13:04,17852.25,17861,17850.5,17858.25,930,17779.8008,17772.42827
8/3/2023 13:05,17858.25,17864,17856.75,17857,923,17780.0486,17772.60235
8/3/2023 13:06,17856.75,17860,17850.75,17853,778,17780.24404,17772.74067
8/3/2023 13:07,17853.25,17856.75,17849.25,17849.25,515,17780.36794,17772.82881
8/3/2023 13:08,17850,17853,17846.25,17849.75,1058,17780.61374,17773.00451
8/3/2023 13:09,17849.75,17851.5,17841.5,17842.5,813,17780.78921,17773.13109
8/3/2023 13:10,17842.5,17851.25,17838.5,17844,2570,17781.33271,17773.52509
8/3/2023 13:11,17843.75,17849,17842.5,17846.25,816,17781.50694,17773.65161
8/3/2023 13:12,17846.25,17850.5,17841.5,17842.5,571,17781.62625,17773.73856
8/3/2023 13:13,17842.5,17853.75,17842.25,17848.25,855,17781.81322,17773.87429
8/3/2023 13:14,17848,17849.5,17843.25,17845.75,428,17781.90373,17773.9403
8/3/2023 13:15,17845.75,17849,17845,17845.5,313,17781.9701,17773.98872
8/3/2023 13:16,17845.5,17847,17842.75,17844.75,369,17782.04615,17774.04441
8/3/2023 13:17,17845,17846.75,17835.5,17837.5,1830,17782.39128,17774.30021
8/3/2023 13:18,17837,17848,17835.25,17847.5,680,17782.52659,17774.40004
8/3/2023 13:19,17847.5,17849.75,17843.75,17848.25,574,17782.64717,17774.48853
8/3/2023 13:20,17848.25,17853.25,17845,17846.25,825,17782.82215,17774.61695
8/3/2023 13:21,17846.25,17852.25,17846.25,17849.5,583,17782.94743,17774.70887
8/3/2023 13:22,17849.75,17857.5,17849.5,17855.75,768,17783.12392,17774.83756
8/3/2023 13:23,17855.5,17855.5,17847.25,17851.25,622,17783.26039,17774.93766
8/3/2023 13:24,17851.5,17853.5,17848.75,17852,375,17783.3425,17774.99795
8/3/2023 13:25,17853,17854.75,17851.5,17854.25,400,17783.43254,17775.06391
8/3/2023 13:26,17854.5,17858.25,17849.25,17850.75,722,17783.59274,17775.18155
8/3/2023 13:27,17851,17858.25,17851,17853.5,564,17783.72008,17775.27497
8/3/2023 13:28,17853.75,17858,17853,17853.5,517,17783.83736,17775.36104
8/3/2023 13:29,17853.75,17855.5,17850.75,17851.75,363,17783.91697,17775.41971
8/3/2023 13:30,17851.5,17851.75,17837,17841.25,1092,17784.123,17775.57443
8/3/2023 13:31,17841.25,17846.75,17840.25,17845,602,17784.23724,17775.66026
8/3/2023 13:32,17845.75,17847.5,17842.25,17842.75,395,17784.31217,17775.71659
8/3/2023 13:33,17843.5,17845,17835.75,17837.5,639,17784.4234,17775.80122
8/3/2023 13:34,17837.5,17839.75,17833.5,17836.75,851,17784.56346,17775.90872
8/3/2023 13:35,17836.75,17840.75,17832.5,17833,625,17784.6634,17775.98581
8/3/2023 13:36,17833,17834,17824.5,17828.5,1459,17784.86586,17776.14565
8/3/2023 13:37,17828.75,17835.25,17827,17834.5,496,17784.93931,17776.2031
8/3/2023 13:38,17834.25,17837.5,17830.5,17830.75,773,17785.05492,17776.29346
8/3/2023 13:39,17831.25,17835.75,17830.5,17835.25,297,17785.10005,17776.32866
8/3/2023 13:40,17835.75,17841.25,17834.75,17838.25,492,17785.18111,17776.39118
8/3/2023 13:41,17838.5,17838.5,17833.75,17834,367,17785.23838,17776.43572
8/3/2023 13:42,17834.25,17838.5,17830.75,17833.75,453,17785.30737,17776.4896
8/3/2023 13:43,17833.75,17837.5,17829.75,17832.75,386,17785.36481,17776.53464
8/3/2023 13:44,17832,17832,17823.75,17824.5,741,17785.4596,17776.6109
8/3/2023 13:45,17824.75,17830.25,17824,17825.5,502,17785.52332,17776.66227
8/3/2023 13:46,17825.25,17825.75,17813.5,17817,1518,17785.67826,17776.79267
8/3/2023 13:47,17817.25,17824,17816.25,17819.25,707,17785.75228,17776.85469
8/3/2023 13:48,17819.75,17821,17816.25,17819.5,524,17785.80546,17776.89956
8/3/2023 13:49,17820,17825.25,17818.5,17825.25,462,17785.85798,17776.94289
8/3/2023 13:50,17825,17827.75,17821,17821.25,528,17785.91835,17776.99266
8/3/2023 13:51,17821,17824.5,17816.5,17817.75,465,17785.96605,17777.03286
8/3/2023 13:52,17817.75,17822,17814.25,17819.25,544,17786.01988,17777.0786
8/3/2023 13:53,17819,17822.25,17818.25,17820.75,310,17786.05229,17777.10582
8/3/2023 13:54,17821.25,17829.75,17821,17829.75,727,17786.14218,17777.17898
8/3/2023 13:55,17829.5,17829.5,17819,17819.75,548,17786.20291,17777.22945
8/3/2023 13:56,17819.75,17822.25,17808.25,17810.75,1153,17786.29873,17777.31437
8/3/2023 13:57,17810.25,17813.5,17804,17805.75,1299,17786.38246,17777.39388
8/3/2023 13:58,17805.5,17812.75,17803.75,17811.5,763,17786.43496,17777.44282
8/3/2023 13:59,17811.5,17812,17806.5,17808.5,527,17786.47055,17777.47618
8/3/2023 14:00,17808.75,17808.75,17796.25,17800.5,1973,17786.56075,17777.57221
8/3/2023 14:01,17801,17805.5,17796.75,17800.5,931,17786.60041,17777.61555
8/3/2023 14:02,17800.25,17805,17790.5,17795.25,1171,17786.63613,17777.66053
8/3/2023 14:03,17796,17803.75,17795.5,17803.75,983,17786.67777,17777.70609
8/3/2023 14:04,17803.5,17809,17802,17807.25,821,17786.72463,17777.75228
8/3/2023 14:05,17808,17810.75,17802.25,17807.25,841,17786.77405,17777.80055
8/3/2023 14:06,17807,17808.25,17798.75,17802,542,17786.79981,17777.82756
8/3/2023 14:07,17801.5,17808,17800.5,17805.5,405,17786.82099,17777.84903
8/3/2023 14:08,17805,17805.5,17796,17798.5,678,17786.84708,17777.87866
8/3/2023 14:09,17798.25,17804.25,17794.75,17799.5,598,17786.86914,17777.90414
8/3/2023 14:10,17799.75,17799.75,17792,17792.75,631,17786.88376,17777.92517
8/3/2023 14:11,17792.75,17795.75,17786.75,17793.25,951,17786.89765,17777.95131
8/3/2023 14:12,17793.25,17801.25,17792,17797.75,918,17786.92449,17777.9856
8/3/2023 14:13,17797.5,17802,17795,17796.75,625,17786.94434,17778.01
8/3/2023 14:14,17796.5,17801.75,17795.5,17800.75,504,17786.96235,17778.03103
8/3/2023 14:15,17800.25,17805.25,17798,17798.25,709,17786.98998,17778.06216
8/3/2023 14:16,17798.25,17807,17798,17807,588,17787.01873,17778.09192
8/3/2023 14:17,17807,17811.75,17800.75,17803.25,1041,17787.07311,17778.14699
8/3/2023 14:18,17803.25,17808.25,17802.5,17806.25,423,17787.09562,17778.16965
8/3/2023 14:19,17806.25,17814,17805.5,17812.5,796,17787.14919,17778.21991
8/3/2023 14:20,17812.5,17819.25,17812,17819.25,1056,17787.23843,17778.29898
8/3/2023 14:21,17819.25,17819.75,17813.5,17816.5,613,17787.28955,17778.34444
8/3/2023 14:22,17816.25,17819.5,17813.25,17819.5,417,17787.32521,17778.37597
8/3/2023 14:23,17819,17821.75,17818,17821.25,600,17787.38133,17778.42464
8/3/2023 14:24,17821.25,17825.75,17819.25,17825,646,17787.44703,17778.48065
8/3/2023 14:25,17825.5,17827.5,17823.25,17825.25,550,17787.50587,17778.53035
8/3/2023 14:26,17825.25,17826.25,17815.75,17817,962,17787.59301,17778.60653
8/3/2023 14:27,17817.25,17822.25,17813.75,17815.25,647,17787.64665,17778.65439
8/3/2023 14:28,17815.75,17819,17811.5,17817.75,630,17787.69693,17778.69967
8/3/2023 14:29,17817.5,17818.75,17809.5,17816.5,643,17787.74596,17778.74434
8/3/2023 14:30,17816,17818,17813.25,17815.5,362,17787.77416,17778.7699
8/3/2023 14:31,17815.75,17820.25,17813.5,17816.75,691,17787.83024,17778.82024
8/3/2023 14:32,17817.25,17824,17816.75,17822,561,17787.88201,17778.8654
8/3/2023 14:33,17822.25,17826,17818.5,17826,560,17787.93754,17778.91314
8/3/2023 14:34,17825.5,17826.5,17817.75,17821.25,530,17787.98749,17778.95654
8/3/2023 14:35,17821.5,17822.5,17818.25,17819,382,17788.02136,17778.98638
8/3/2023 14:36,17819,17821.25,17810.25,17810.75,926,17788.08822,17779.04824
8/3/2023 14:37,17810.5,17810.5,17798,17799.25,1610,17788.15258,17779.12013
8/3/2023 14:38,17800,17806.5,17797.75,17805.75,779,17788.18512,17779.15587
8/3/2023 14:39,17806,17815,17805,17812.75,833,17788.23711,17779.20592
8/3/2023 14:40,17812,17817,17809,17811,493,17788.26969,17779.23679
8/3/2023 14:41,17811.75,17817.25,17811,17815.5,349,17788.29484,17779.26009
8/3/2023 14:42,17816,17824.25,17811.5,17823.75,838,17788.36708,17779.3242
8/3/2023 14:43,17823.75,17829,17823,17827.5,850,17788.45546,17779.3997
8/3/2023 14:44,17827.75,17828.25,17821.75,17823.25,510,17788.5054,17779.44288
8/3/2023 14:45,17823.5,17825.25,17819,17823.75,406,17788.54312,17779.47586
8/3/2023 14:46,17824,17828.25,17822.75,17824.75,518,17788.59477,17779.52039
8/3/2023 14:47,17824.75,17829.25,17821.75,17823,580,17788.6515,17779.5695
8/3/2023 14:48,17823.25,17823.25,17813.75,17820.75,793,17788.71716,17779.62843
8/3/2023 14:49,17820,17820.25,17814.25,17815.25,356,17788.74398,17779.65305
8/3/2023 14:50,17815,17815,17805.5,17808,932,17788.79615,17779.70502
8/3/2023 14:51,17808.25,17815,17808.25,17809.25,464,17788.82369,17779.73198
8/3/2023 14:52,17809.25,17816,17804,17814,601,17788.86006,17779.7674
8/3/2023 14:53,17814.5,17818,17810.5,17814.75,477,17788.8928,17779.79819
8/3/2023 14:54,17814.25,17822.25,17812,17821.25,587,17788.9394,17779.84046
8/3/2023 14:55,17821.25,17828,17821,17827.25,766,17789.01416,17779.90534
8/3/2023 14:56,17827.5,17828.5,17816.75,17821.5,834,17789.08817,17779.97086
8/3/2023 14:57,17821.5,17824.75,17817,17817.5,378,17789.11908,17779.99874
8/3/2023 14:58,17817.75,17825.25,17817,17823.75,369,17789.15141,17780.02746
8/3/2023 14:59,17824.25,17825.5,17822,17825,263,17789.17593,17780.04895
8/3/2023 15:00,17824.5,17824.5,17817.5,17823.5,449,17789.21492,17780.08367
8/3/2023 15:01,17824.25,17825.5,17818,17821,576,17789.2643,17780.12777
8/3/2023 15:02,17820,17822,17813,17815,489,17789.29984,17780.16076
8/3/2023 15:03,17815.25,17819.25,17814,17817.75,370,17789.32699,17780.18592
8/3/2023 15:04,17817.75,17823.75,17813.25,17823,428,17789.36173,17780.21734
8/3/2023 15:05,17822.5,17824.25,17818,17820,323,17789.38854,17780.24147
8/3/2023 15:06,17820.25,17820.75,17805.5,17805.75,1091,17789.44974,17780.30252
8/3/2023 15:07,17806.25,17809.5,17802,17805.25,1009,17789.49254,17780.34935
8/3/2023 15:08,17805.25,17809.5,17803.5,17805.5,595,17789.51859,17780.37752
8/3/2023 15:09,17805.25,17807.5,17791.75,17796.75,1275,17789.54911,17780.42018
8/3/2023 15:10,17796.25,17801,17793.75,17800,787,17789.56699,17780.44581
8/3/2023 15:11,17799.75,17801.75,17792,17793.5,599,17789.57665,17780.46254
8/3/2023 15:12,17794,17794,17783.75,17785.5,1463,17789.5697,17780.48195
8/3/2023 15:13,17786,17787.75,17780.75,17781.5,1110,17789.55178,17780.4877
8/3/2023 15:14,17781,17784.25,17768,17768.25,1915,17789.47256,17780.46348
8/3/2023 15:15,17768.25,17775.5,17764.25,17774.25,1596,17789.39827,17780.43718
8/3/2023 15:16,17774,17774,17765,17770,1017,17789.3469,17780.41744
8/3/2023 15:17,17770.25,17772,17764.5,17765.5,935,17789.29434,17780.39544
8/3/2023 15:18,17765.25,17773.25,17763.5,17772.5,919,17789.24858,17780.37787
8/3/2023 15:19,17772.25,17774.75,17767,17773.75,723,17789.21656,17780.36679
8/3/2023 15:20,17773.25,17782.75,17770.25,17780.25,1430,17789.17501,17780.3601
8/3/2023 15:21,17780.25,17781.25,17775.5,17777,861,17789.15051,17780.35634
8/3/2023 15:22,17775.75,17782.75,17774.5,17781.75,572,17789.13681,17780.35564
8/3/2023 15:23,17781.25,17784.25,17776,17782.5,863,17789.11894,17780.3565
8/3/2023 15:24,17782.5,17789,17782,17785.25,994,17789.10969,17780.36545
8/3/2023 15:25,17785.25,17791,17782.75,17789.75,840,17789.10701,17780.37658
8/3/2023 15:26,17789.5,17793.75,17787.5,17789.75,825,17789.10954,17780.39115
8/3/2023 15:27,17789.5,17794.5,17788.25,17791.5,676,17789.11343,17780.40435
8/3/2023 15:28,17791.5,17795.25,17787,17791,591,17789.11634,17780.41551
8/3/2023 15:29,17790.5,17792,17784.5,17787.25,818,17789.11389,17780.42635
8/3/2023 15:30,17787.25,17791,17785.25,17789,502,17789.11302,17780.43343
8/3/2023 15:31,17789,17794,17786.5,17794,641,17789.11682,17780.44593
8/3/2023 15:32,17793.75,17802,17792.25,17798.25,1345,17789.14472,17780.48627
8/3/2023 15:33,17798,17802.25,17797.5,17798,681,17789.16171,17780.50872
8/3/2023 15:34,17798,17798.75,17789.75,17792.75,915,17789.17206,17780.52997
8/3/2023 15:35,17792.75,17797.75,17792,17794,488,17789.17856,17780.54198
8/3/2023 15:36,17793.75,17799.75,17793.25,17796.75,640,17789.19021,17780.55995
8/3/2023 15:37,17797.5,17799.75,17794.25,17797.75,478,17789.19966,17780.57391
8/3/2023 15:38,17797.75,17798,17784,17785.5,1077,17789.19958,17780.59006
8/3/2023 15:39,17785.25,17791,17779.25,17779.5,826,17789.18757,17780.59389
8/3/2023 15:40,17779.75,17786.5,17776,17781.25,841,17789.17129,17780.59485
8/3/2023 15:41,17781.25,17783,17778,17779,547,17789.15908,17780.59428
8/3/2023 15:42,17779.5,17785,17778,17780.25,609,17789.14712,17780.5948
8/3/2023 15:43,17780.75,17786,17777.5,17786,635,17789.1379,17780.59763
8/3/2023 15:44,17786,17788,17781.75,17782.25,494,17789.13175,17780.60055
8/3/2023 15:45,17782.5,17785.5,17779.75,17784,489,17789.12458,17780.60265
8/3/2023 15:46,17783.75,17786.75,17781.5,17786,505,17789.11924,17780.60628
8/3/2023 15:47,17786.25,17787.25,17781.75,17781.75,439,17789.11337,17780.60854
8/3/2023 15:48,17782.5,17787.25,17778,17786.25,625,17789.10541,17780.61202
8/3/2023 15:49,17785.75,17787,17781.5,17782.5,487,17789.09902,17780.61459
8/3/2023 15:50,17782.5,17784.25,17780.25,17781.5,487,17789.0907,17780.61575
8/3/2023 15:51,17782.25,17790.75,17779.5,17783.75,1359,17789.07628,17780.62522
8/3/2023 15:52,17783.5,17790.25,17781,17788.5,845,17789.07124,17780.63387
8/3/2023 15:53,17788.25,17795.5,17784.5,17795,890,17789.07675,17780.65071
8/3/2023 15:54,17794.75,17801.25,17793.75,17800,1103,17789.10108,17780.68411
8/3/2023 15:55,17800.25,17807.5,17798.75,17799.75,1476,17789.14629,17780.73784
8/3/2023 15:56,17799.75,17802.25,17793.75,17798.75,1479,17789.17815,17780.78196
8/3/2023 15:57,17798.25,17806.25,17797.25,17802.75,1265,17789.21666,17780.82776
8/3/2023 15:58,17802.75,17810.75,17800.25,17810.25,1790,17789.2918,17780.90741
8/3/2023 15:59,17810.25,17813.25,17809.25,17809.75,1552,17789.36975,17780.9857
8/3/2023 16:00,17809.75,17810,17778.5,17779.75,8252,17789.37064,17781.10167
8/3/2023 16:01,17779.75,17786.75,17759,17782.5,4785,17789.22622,17781.06196
8/3/2023 16:02,17782,17875.75,17780.5,17843.75,7141,17789.93022,17781.67207
8/3/2023 16:03,17842.25,17859,17830.25,17840.5,3027,17790.28855,17781.97523
8/3/2023 16:04,17841.25,17858.25,17838.25,17851.25,1828,17790.52687,17782.17466
8/3/2023 16:05,17851.5,17860.25,17842.25,17843,1849,17790.76292,17782.37293
8/3/2023 16:06,17842,17847,17828.75,17835.25,1770,17790.94244,17782.52881
8/3/2023 16:07,17835.5,17839.5,17828.5,17831.75,939,17791.02941,17782.60548
8/3/2023 16:08,17832.25,17845.75,17829,17837.75,1146,17791.1457,17782.70656
8/3/2023 16:09,17838,17854.75,17836,17850.25,887,17791.25367,17782.79806
8/3/2023 16:10,17849.5,17857.5,17843.75,17856.25,1159,17791.40798,17782.92744
8/3/2023 16:11,17855.5,17862.25,17850.25,17861.5,1198,17791.58096,17783.0712
8/3/2023 16:12,17860.75,17863.75,17857.75,17861,724,17791.6895,17783.16108
8/3/2023 16:13,17860.75,17864.75,17858.5,17863.75,875,17791.82306,17783.27153
8/3/2023 16:14,17863.5,17875.75,17862.5,17869.5,1143,17792.01382,17783.42793
8/3/2023 16:15,17868.75,17868.75,17860.25,17864.25,670,17792.11822,17783.5142
8/3/2023 16:16,17864,17864,17857,17858.5,520,17792.19393,17783.57724
8/3/2023 16:17,17859.5,17859.5,17850.75,17854,415,17792.24969,17783.62412
8/3/2023 16:18,17854.5,17859.75,17853.25,17857.25,346,17792.29759,17783.66426
8/3/2023 16:19,17856.75,17859.5,17855.25,17857.75,250,17792.33256,17783.69354
8/3/2023 16:20,17858.25,17862.25,17854.25,17862.25,366,17792.38532,17783.73756
8/3/2023 16:21,17861.5,17863,17856,17858.75,448,17792.44947,17783.79114
8/3/2023 16:22,17857.75,17861.5,17857.5,17861,127,17792.46784,17783.80647
8/3/2023 16:23,17860.5,17869.75,17858.75,17866,369,17792.52496,17783.85379
8/3/2023 16:24,17865.25,17866.75,17860.25,17861.75,198,17792.55477,17783.87856
8/3/2023 16:25,17862,17865.75,17860.25,17862.5,176,17792.58121,17783.90053
8/3/2023 16:26,17860.75,17866.5,17860.75,17864.25,151,17792.6042,17783.91962
8/3/2023 16:27,17865,17866.25,17862.75,17864.25,140,17792.62567,17783.93744
8/3/2023 16:28,17863.75,17867.75,17863,17865.75,141,17792.64762,17783.95561
8/3/2023 16:29,17867.5,17868.25,17863,17865.75,159,17792.6724,17783.97614
8/3/2023 16:30,17865.25,17867,17861,17865.25,252,17792.71098,17784.00816
8/3/2023 16:31,17864.75,17900,17833.25,17835.25,3562,17793.18961,17784.41189
8/3/2023 16:32,17836.25,17859,17802.25,17821.5,2299,17793.35624,17784.56722
8/3/2023 16:33,17822.5,17827,17799.75,17815.5,1239,17793.41022,17784.62435
8/3/2023 16:34,17812.75,17837.25,17809.5,17828.75,1375,17793.50173,17784.71124
8/3/2023 16:35,17827.75,17839,17817,17827.75,833,17793.56171,17784.76727
8/3/2023 16:36,17827,17828.25,17813.75,17816.75,542,17793.59118,17784.79662
8/3/2023 16:37,17814.75,17826.25,17813.25,17817,480,17793.61648,17784.82201
8/3/2023 16:38,17816.25,17824.5,17815.5,17821.75,454,17793.64201,17784.84722
8/3/2023 16:39,17820.75,17826.25,17815,17816.25,270,17793.65638,17784.86161
8/3/2023 16:40,17815,17820.5,17812.5,17818.75,337,17793.67294,17784.87855
8/3/2023 16:41,17818.5,17824.5,17812.75,17818,424,17793.69478,17784.9006
8/3/2023 16:42,17817.25,17817.75,17810.25,17814,323,17793.70842,17784.91516
8/3/2023 16:43,17814.25,17814.25,17800,17803.25,431,17793.71928,17784.92913
8/3/2023 16:44,17803,17805.75,17788.25,17793.75,880,17793.72329,17784.94408
8/3/2023 16:45,17793,17803,17790,17801.5,412,17793.72708,17784.9525
8/3/2023 16:46,17799.5,17803,17798.25,17799,274,17793.73069,17784.95891
8/3/2023 16:47,17799.5,17806.25,17798.25,17803.75,218,17793.73476,17784.9649
8/3/2023 16:48,17803.5,17804.75,17789.5,17792.25,447,17793.73639,17784.97217
8/3/2023 16:49,17793.25,17793.5,17785.75,17788.25,409,17793.73253,17784.97481
8/3/2023 16:50,17788.5,17789,17780.25,17785,689,17793.71976,17784.97458
8/3/2023 16:51,17786,17793,17783,17789.5,405,17793.7154,17784.97677
8/3/2023 16:52,17790.25,17791.25,17787.25,17787.25,192,17793.71337,17784.97784
8/3/2023 16:53,17787.75,17788.5,17784,17784.5,254,17793.70916,17784.97811
8/3/2023 16:54,17784.5,17791.25,17783.75,17790.25,241,17793.70653,17784.97938
8/3/2023 16:55,17791.25,17798.25,17789.75,17798,254,17793.70738,17784.98343
8/3/2023 16:56,17797.75,17798.5,17795.25,17796.25,178,17793.70846,17784.98663
8/3/2023 16:57,17796,17798,17795.25,17796.25,225,17793.70975,17784.99061
8/3/2023 16:58,17795.25,17799.25,17793.25,17798.25,212,17793.71115,17784.99449
8/3/2023 16:59,17798,17802.75,17796.75,17798.25,167,17793.71305,17784.99815
8/3/2023 17:00,17798.25,17800,17795.75,17795.75,207,17793.71452,17785.00201
8/3/2023 18:01,17789.25,17796.75,17779.25,17796.5,674,0,17790.83333
8/3/2023 18:02,17796.75,17801.25,17793.75,17801.25,244,0,17792.93755
8/3/2023 18:03,17800.5,17810.5,17800,17810,276,0,17796.14964
8/3/2023 18:04,17810,17816.25,17802.25,17804.25,337,0,17798.66639
8/3/2023 18:05,17804.5,17804.5,17799.25,17800,111,0,17798.84105
8/3/2023 18:06,17799.25,17801,17794.25,17795.75,163,0,17798.67479
8/3/2023 18:07,17796.25,17797,17791.25,17793.25,171,0,17798.25582
8/3/2023 18:08,17792.25,17794.75,17789.5,17790.25,106,0,17797.91186
8/3/2023 18:09,17790.25,17794,17789,17794,133,0,17797.5769
8/3/2023 18:10,17794,17796.5,17790.25,17793,109,0,17797.37396
8/3/2023 18:11,17793.25,17795.25,17790.5,17794.5,97,0,17797.21541
8/3/2023 18:12,17794.5,17800.5,17794.25,17797.25,109,0,17797.22049
8/3/2023 18:13,17797,17800.75,17796.25,17800.75,116,0,17797.30946
8/3/2023 18:14,17800.75,17803.25,17798,17801.75,146,0,17797.50245
8/3/2023 18:15,17802.25,17802.25,17794.75,17795,145,0,17797.4941
8/3/2023 18:16,17795.5,17799,17792.75,17793.25,157,0,17797.36754
8/3/2023 18:17,17793.5,17795.5,17791,17791.5,105,0,17797.21324
8/3/2023 18:18,17791,17794.75,17789.75,17793.5,134,0,17797.03045
8/3/2023 18:19,17793.25,17793.25,17789.25,17792.25,141,0,17796.80937
8/3/2023 18:20,17793,17793.75,17791.75,17793.75,53,0,17796.75338
8/3/2023 18:21,17794.75,17800.75,17794.25,17799.75,110,0,17796.79864
8/3/2023 18:22,17799.5,17802.25,17798,17799,97,0,17796.87531
8/3/2023 18:23,17798.5,17800,17797.25,17799.75,69,0,17796.91386
8/3/2023 18:24,17799.25,17801,17799.25,17800,47,0,17796.95255
8/3/2023 18:25,17801,17807,17800.5,17806.5,137,0,17797.21762
8/3/2023 18:26,17806.75,17806.75,17801.5,17801.5,111,0,17797.38102
8/3/2023 18:27,17802.5,17802.5,17798.5,17799.75,75,0,17797.43258
8/3/2023 18:28,17799,17802.75,17798.75,17802,63,0,17797.48812
8/3/2023 18:29,17801.75,17805.75,17801.5,17804.25,50,0,17797.56214
8/3/2023 18:30,17803.75,17803.75,17801.25,17803.75,70,0,17797.64819
8/3/2023 18:31,17804.25,17805,17803.75,17804,14,0,17797.66934
8/3/2023 18:32,17804,17806.75,17804,17806.25,63,0,17797.78299
8/3/2023 18:33,17806.5,17807.5,17804.5,17806.75,39,0,17797.85683
8/3/2023 18:34,17807.25,17808,17805.5,17806.5,64,0,17797.98113
8/3/2023 18:35,17807,17810.75,17807,17808.75,118,0,17798.25628
8/3/2023 18:36,17809,17809.75,17807.25,17808,151,0,17798.57296
8/3/2023 18:37,17808.25,17808.25,17805.5,17806,41,0,17798.64073
8/3/2023 18:38,17805.75,17807.25,17805.75,17806.25,35,0,17798.69649
8/3/2023 18:39,17806.75,17807.75,17805.25,17807.75,36,0,17798.75668
8/3/2023 18:40,17807,17807.75,17804,17804,90,0,17798.87339
8/3/2023 18:41,17805,17805.5,17803.5,17804.75,49,0,17798.92873
8/3/2023 18:42,17804.25,17805.25,17802.75,17804,41,0,17798.96952
8/3/2023 18:43,17804,17805.75,17803.75,17805.25,48,0,17799.02501
8/3/2023 18:44,17804.75,17805.75,17802.25,17804.25,38,0,17799.06209
8/3/2023 18:45,17803.25,17805.5,17802.25,17805.5,49,0,17799.11224
8/3/2023 18:46,17804.25,17807.25,17804.25,17807.25,27,0,17799.14889
8/3/2023 18:47,17806.5,17809.25,17806.5,17808.75,57,0,17799.24558
8/3/2023 18:48,17808.25,17808.75,17807.25,17808.25,31,0,17799.29682
8/3/2023 18:49,17808.25,17815,17808,17814.25,110,0,17799.56128
8/3/2023 18:50,17813.75,17817.25,17813.5,17816.5,139,0,17799.9634
8/3/2023 18:51,17816.75,17817.5,17815.25,17816,52,0,17800.11334
8/3/2023 18:52,17816.25,17816.5,17814,17816,58,0,17800.26975
8/3/2023 18:53,17815.5,17816.25,17814.25,17815.25,32,0,17800.35329
8/3/2023 18:54,17815,17815.75,17814.75,17815.75,18,0,17800.40039
8/3/2023 18:55,17815.25,17816.25,17814.75,17815.75,21,0,17800.45559
8/3/2023 18:56,17816,17819,17815.75,17818,63,0,17800.64035
8/3/2023 18:57,17818.25,17822,17818.25,17822,92,0,17800.95224
8/3/2023 18:58,17821.75,17832.25,17821.25,17829.25,416,0,17802.69744
8/3/2023 18:59,17829.5,17829.5,17826,17827,134,0,17803.21017
8/3/2023 19:00,17827.25,17827.75,17824,17825.75,77,0,17803.47576
8/3/2023 19:01,17826,17832.5,17826,17828.25,143,0,17804.01859
8/3/2023 19:02,17827.75,17828.5,17826.5,17827.75,47,0,17804.18269
8/3/2023 19:03,17827,17827,17824.75,17825.25,52,0,17804.34696
8/3/2023 19:04,17825.5,17827,17824.75,17825.75,55,0,17804.51933
8/3/2023 19:05,17825.5,17827.5,17824.5,17826.5,88,0,17804.79366
8/3/2023 19:06,17826,17834.25,17826,17831.25,267,0,17805.74548
8/3/2023 19:07,17831.25,17841.25,17831.25,17839,274,0,17806.8957
8/3/2023 19:08,17839.75,17844,17837.25,17843.75,330,0,17808.36396
8/3/2023 19:09,17843.5,17846.75,17841.75,17842.25,280,0,17809.58217
8/3/2023 19:10,17843,17843,17839.25,17839.5,116,0,17810.02014
8/3/2023 19:11,17839.5,17842.25,17838.5,17842.25,135,0,17810.52125
8/3/2023 19:12,17842.25,17842.25,17838,17839.25,46,0,17810.68192
8/3/2023 19:13,17838,17838.75,17833.75,17835.25,103,0,17810.98789
8/3/2023 19:14,17835.5,17837.75,17835.25,17836.5,51,0,17811.14013
8/3/2023 19:15,17836.75,17836.75,17834.25,17834.25,28,0,17811.21832
8/3/2023 19:16,17834.75,17835,17832.5,17834.25,78,0,17811.42296
8/3/2023 19:17,17833.75,17834.5,17831.5,17833.75,52,0,17811.55336
8/3/2023 19:18,17834.5,17834.5,17832,17833.25,34,0,17811.63778
8/3/2023 19:19,17832.5,17833.5,17831.75,17833,42,0,17811.73877
8/3/2023 19:20,17832.25,17833,17831.5,17832.75,20,0,17811.78577
8/3/2023 19:21,17832.25,17834,17831.5,17832,39,0,17811.87716
8/3/2023 19:22,17832.25,17832.25,17829.25,17831,53,0,17811.99015
8/3/2023 19:23,17831,17831,17827.25,17827.25,64,0,17812.10813
8/3/2023 19:24,17828,17828.5,17827,17827.25,47,0,17812.18892
8/3/2023 19:25,17827.75,17829,17827.5,17828,22,0,17812.22787
8/3/2023 19:26,17828,17828.25,17827.25,17827.25,14,0,17812.25165
8/3/2023 19:27,17827.25,17828.25,17820,17823.25,263,0,17812.5791
8/3/2023 19:28,17823.75,17825.25,17823,17823.75,71,0,17812.66562
8/3/2023 19:29,17823.5,17824.75,17821.5,17822.75,72,0,17812.7444
8/3/2023 19:30,17823,17823,17821.25,17822.5,43,0,17812.78748
8/3/2023 19:31,17821.75,17823.5,17821,17823.5,33,0,17812.82172
8/3/2023 19:32,17824,17825,17822,17825,62,0,17812.89404
8/3/2023 19:33,17824.25,17824.25,17814.25,17818,374,0,17813.11713
8/3/2023 19:34,17818,17820.75,17816.75,17816.75,75,0,17813.15426
8/3/2023 19:35,17817.5,17817.75,17815.5,17817.25,44,0,17813.17032
8/3/2023 19:36,17817.5,17818,17816.75,17817.5,20,0,17813.17873
8/3/2023 19:37,17817.5,17819,17817.25,17818.25,34,0,17813.19548
8/3/2023 19:38,17818.75,17820,17817.75,17818.5,47,0,17813.22113
8/3/2023 19:39,17818.75,17819.75,17816.75,17819.5,45,0,17813.2451
8/3/2023 19:40,17819.25,17821.25,17817.5,17817.5,83,0,17813.28944
8/3/2023 19:41,17817.25,17817.25,17812,17816.25,254,0,17813.3346
8/3/2023 19:42,17816,17817.25,17813.75,17813.75,61,0,17813.34368
8/3/2023 19:43,17814,17814.5,17812.25,17812.75,69,0,17813.34254
8/3/2023 19:44,17812.5,17818.25,17812.5,17818.25,74,0,17813.3631
8/3/2023 19:45,17817.75,17820,17817.75,17820,69,0,17813.4006
8/3/2023 19:46,17820.25,17821,17818,17820.75,48,0,17813.42935
8/3/2023 19:47,17820.5,17821.75,17819.25,17820.75,52,0,17813.46338
8/3/2023 19:48,17820.75,17822.5,17819.5,17822.25,60,0,17813.50679
8/3/2023 19:49,17822.75,17823.25,17821.75,17822.25,58,0,17813.55356
8/3/2023 19:50,17821.75,17822,17820,17820,54,0,17813.58815
8/3/2023 19:51,17820,17821.5,17819,17820.5,46,0,17813.61598
8/3/2023 19:52,17820.75,17825.25,17820.5,17824.75,80,0,17813.68639
8/3/2023 19:53,17824.25,17828,17824,17827.25,121,0,17813.82209
8/3/2023 19:54,17827.25,17829,17826.25,17828,63,0,17813.89897
8/3/2023 19:55,17828.25,17829.5,17827.75,17829,69,0,17813.98821
8/3/2023 19:56,17828.5,17829,17827,17828.25,81,0,17814.08694
8/3/2023 19:57,17828.25,17828.25,17826.75,17827.25,57,0,17814.15232
8/3/2023 19:58,17828.25,17830.5,17828,17829,70,0,17814.24222
8/3/2023 19:59,17829.75,17829.75,17827.5,17828.25,62,0,17814.31743
8/3/2023 20:00,17828,17832.5,17827,17829.5,185,0,17814.55529
8/3/2023 20:01,17829,17832.75,17827,17832.5,159,0,17814.76815
8/3/2023 20:02,17832.25,17833.25,17827.75,17830.75,135,0,17814.9427
8/3/2023 20:03,17830,17830.25,17821,17824.75,275,0,17815.17116
8/3/2023 20:04,17824.5,17827,17824,17825.25,55,0,17815.21602
8/3/2023 20:05,17825.75,17830.25,17825.75,17829.25,93,0,17815.31303
8/3/2023 20:06,17829.25,17829.25,17824,17828.5,93,0,17815.40012
8/3/2023 20:07,17828.25,17829.5,17825.5,17826,51,0,17815.44634
8/3/2023 20:08,17825.25,17825.25,17816.75,17818.5,158,0,17815.5039
8/3/2023 20:09,17817.25,17818.25,17815,17817.25,93,0,17815.51337
8/3/2023 20:10,17817,17820,17816.25,17819,70,0,17815.52886
8/3/2023 20:11,17820.25,17823.75,17820.25,17823.75,91,0,17815.57745
8/3/2023 20:12,17823,17828.75,17823,17828.25,121,0,17815.6781
8/3/2023 20:13,17828.5,17833,17828.25,17831.75,149,0,17815.84745
8/3/2023 20:14,17832,17832,17829,17830.25,66,0,17815.91843
8/3/2023 20:15,17830.25,17832.5,17829.25,17832.5,59,0,17815.98563
8/3/2023 20:16,17833.25,17833.25,17828.25,17829,150,0,17816.14027
8/3/2023 20:17,17829.25,17831.75,17828.75,17831.25,48,0,17816.19049
8/3/2023 20:18,17831,17831.75,17828.5,17828.75,60,0,17816.24881
8/3/2023 20:19,17828.75,17830.5,17824.5,17830.25,75,0,17816.31428
8/3/2023 20:20,17830.25,17833,17830.25,17832.25,52,0,17816.37196
8/3/2023 20:21,17832,17835.75,17831.25,17835.75,81,0,17816.47487
8/3/2023 20:22,17835.5,17838.25,17834.75,17835.75,130,0,17816.65588
8/3/2023 20:23,17836.25,17838,17835.25,17837.5,56,0,17816.73546
8/3/2023 20:24,17837.25,17839.25,17835.5,17837.5,102,0,17816.88236
8/3/2023 20:25,17838,17838,17835,17837,48,0,17816.94827
8/3/2023 20:26,17837,17840.25,17837,17838,97,0,17817.09184
8/3/2023 20:27,17838.25,17843.75,17835.25,17840.25,189,0,17817.38327
8/3/2023 20:28,17840,17843.25,17838.5,17838.75,107,0,17817.54798
8/3/2023 20:29,17839.25,17841.25,17832,17833,230,0,17817.8214
8/3/2023 20:30,17833.75,17835.5,17832.75,17833.75,78,0,17817.90492
8/3/2023 20:31,17834.25,17837.25,17833.75,17836,42,0,17817.95416
8/3/2023 20:32,17835.75,17839.25,17835.25,17838.75,74,0,17818.05038
8/3/2023 20:33,17837.25,17837.75,17835,17837.5,39,0,17818.09816
8/3/2023 20:34,17837.5,17837.75,17836.25,17837.75,22,0,17818.12572
8/3/2023 20:35,17838.25,17840.5,17837.5,17838.5,66,0,17818.21474
8/3/2023 20:36,17838.5,17841.75,17838.25,17841.5,55,0,17818.2943
8/3/2023 20:37,17841.5,17843,17841.25,17843,55,0,17818.3801
8/3/2023 20:38,17843.25,17847.75,17843.25,17847,208,0,17818.74672
8/3/2023 20:39,17846.5,17850,17844.25,17848.5,271,0,17819.23695
8/3/2023 20:40,17849.25,17852.75,17849.25,17850.5,179,0,17819.58781
8/3/2023 20:41,17850.25,17855,17849.75,17854.25,205,0,17820.00738
8/3/2023 20:42,17853.75,17855,17853,17854.5,117,0,17820.25045
8/3/2023 20:43,17854.5,17857,17854,17855,130,0,17820.52566
8/3/2023 20:44,17855.75,17857.25,17855.25,17857,227,0,17821.01177
8/3/2023 20:45,17857,17857.25,17852.75,17854,163,0,17821.33519
8/3/2023 20:46,17854,17855.25,17849.75,17851,211,0,17821.71196
8/3/2023 20:47,17851,17853,17849,17849.75,147,0,17821.957
8/3/2023 20:48,17850,17853.25,17850,17852.75,61,0,17822.06243
8/3/2023 20:49,17852.25,17852.25,17848,17848,114,0,17822.24068
8/3/2023 20:50,17848,17850.75,17847.5,17850,84,0,17822.37054
8/3/2023 20:51,17849,17850.25,17845.75,17847.75,49,0,17822.44155
8/3/2023 20:52,17847.75,17849,17847.5,17848.5,70,0,17822.54396
8/3/2023 20:53,17849,17851.75,17849,17850.75,55,0,17822.63056
8/3/2023 20:54,17850.75,17853,17849.75,17849.75,56,0,17822.71925
8/3/2023 20:55,17849.25,17851.25,17847,17851.25,59,0,17822.80878
8/3/2023 20:56,17851.25,17855,17851.25,17854,111,0,17822.99775
8/3/2023 20:57,17854.5,17856.5,17853.5,17855.5,120,0,17823.21103
8/3/2023 20:58,17855.25,17855.75,17854.25,17855.75,35,0,17823.27287
8/3/2023 20:59,17856,17856.75,17853.75,17854,100,0,17823.44596
8/3/2023 21:00,17854,17857.25,17853,17856.5,85,0,17823.59507
8/3/2023 21:01,17857,17859,17854.25,17855.75,182,0,17823.91713
8/3/2023 21:02,17856,17861.25,17856,17859.5,212,0,17824.31364
8/3/2023 21:03,17860.25,17863.25,17857.25,17858.5,199,0,17824.68564
8/3/2023 21:04,17858.25,17859.75,17856.5,17857.5,87,0,17824.83781
8/3/2023 21:05,17856.5,17860.25,17856.25,17859.25,54,0,17824.93345
8/3/2023 21:06,17859,17859.25,17857.25,17857.5,40,0,17825.00273
8/3/2023 21:07,17858,17860.25,17856.25,17860,86,0,17825.15443
8/3/2023 21:08,17860,17861.25,17857.5,17858,67,0,17825.27196
8/3/2023 21:09,17857.25,17861,17856.75,17860,70,0,17825.3951
8/3/2023 21:10,17860.5,17864.25,17860.25,17864.25,123,0,17825.63251
8/3/2023 21:11,17864.25,17865.5,17863.5,17865,134,0,17825.89975
8/3/2023 21:12,17864.75,17866,17863.5,17864.75,104,0,17826.10508
8/3/2023 21:13,17864,17864.75,17859,17859.75,116,0,17826.31057
8/3/2023 21:14,17859.75,17861.25,17858.25,17859.25,76,0,17826.43784
8/3/2023 21:15,17859,17860.25,17858.5,17860.25,39,0,17826.50293
8/3/2023 21:16,17859.75,17860.5,17856,17858.5,108,0,17826.67468
8/3/2023 21:17,17859,17859.25,17856.75,17857.75,104,0,17826.83617
8/3/2023 21:18,17857.25,17857.5,17854,17854.25,140,0,17827.03251
8/3/2023 21:19,17854,17855.75,17852.25,17854.75,103,0,17827.17019
8/3/2023 21:20,17855.75,17858.25,17855.25,17856.75,65,0,17827.26431
8/3/2023 21:21,17857,17858,17855,17856.75,73,0,17827.36871
8/3/2023 21:22,17857.25,17858.25,17857,17858,70,0,17827.47209
8/3/2023 21:23,17857.75,17858.25,17856.25,17857.25,92,0,17827.60467
8/3/2023 21:24,17856.5,17858.5,17856.25,17858,39,0,17827.66115
8/3/2023 21:25,17857.25,17857.75,17855.25,17856.25,31,0,17827.70414
8/3/2023 21:26,17857,17857.25,17853.75,17853.75,57,0,17827.77875
8/3/2023 21:27,17853.5,17854,17851.5,17851.75,57,0,17827.84612
8/3/2023 21:28,17851.5,17851.75,17847.5,17849.75,122,0,17827.97307
8/3/2023 21:29,17849.5,17850.25,17848,17850.25,40,0,17828.01406
8/3/2023 21:30,17850.5,17858.75,17850.25,17858.75,141,0,17828.20007
8/3/2023 21:31,17858.25,17864.5,17858,17863.75,227,0,17828.55988
8/3/2023 21:32,17863.75,17864.75,17856,17860,161,0,17828.79677
8/3/2023 21:33,17860.75,17862.75,17859.75,17860.75,53,0,17828.87602
8/3/2023 21:34,17861.25,17862,17858.25,17860.5,74,0,17828.98318
8/3/2023 21:35,17860,17864.25,17860,17864.25,100,0,17829.13871
8/3/2023 21:36,17864.25,17873.5,17864.25,17871.5,440,0,17829.94344
8/3/2023 21:37,17871.75,17883,17871,17882.5,482,0,17830.98213
8/3/2023 21:38,17883,17884,17878.75,17879.75,273,0,17831.57488
8/3/2023 21:39,17880.25,17880.25,17874.5,17877.25,267,0,17832.10088
8/3/2023 21:40,17877,17879,17875.25,17878,111,0,17832.31641
8/3/2023 21:41,17877.75,17880.25,17874,17879.25,167,0,17832.6398
8/3/2023 21:42,17879,17880.75,17875.75,17875.75,122,0,17832.87101
8/3/2023 21:43,17875,17876.25,17873.75,17874.25,66,0,17832.98767
8/3/2023 21:44,17874,17875.5,17872,17875.25,89,0,17833.14209
8/3/2023 21:45,17874.25,17876.25,17873.75,17875.75,60,0,17833.24806
8/3/2023 21:46,17875.5,17875.75,17872.5,17875.5,47,0,17833.32938
8/3/2023 21:47,17875.5,17876.5,17874,17874.25,31,0,17833.38328
8/3/2023 21:48,17873.75,17875,17871.25,17872.25,90,0,17833.53115
8/3/2023 21:49,17871.75,17872,17866.75,17867.75,212,0,17833.84013
8/3/2023 21:50,17867.5,17868.25,17866.5,17867,86,0,17833.95833
8/3/2023 21:51,17866.25,17867.25,17863.25,17865,184,0,17834.19279
8/3/2023 21:52,17865.25,17867,17864.5,17866.25,59,0,17834.26903
8/3/2023 21:53,17865.5,17866.5,17863.25,17864.25,92,0,17834.38251
8/3/2023 21:54,17865,17866,17864.75,17865.25,75,0,17834.47642
8/3/2023 21:55,17865.25,17867.25,17864.75,17867.25,120,0,17834.63074
8/3/2023 21:56,17866.75,17867.5,17865.75,17866.25,35,0,17834.67558
8/3/2023 21:57,17866.75,17867.5,17863.25,17863.75,134,0,17834.83718
8/3/2023 21:58,17863.5,17865.75,17862.25,17864.5,81,0,17834.93188
8/3/2023 21:59,17864.5,17865.25,17862.5,17864.5,53,0,17834.99333
8/3/2023 22:00,17865,17865.5,17864,17865.25,23,0,17835.02068
8/3/2023 22:01,17864.5,17867.75,17863.25,17865.5,120,0,17835.16534
8/3/2023 22:02,17866.5,17876,17866.25,17875.5,345,0,17835.66903
8/3/2023 22:03,17875,17880,17873.75,17874,294,0,17836.12549
8/3/2023 22:04,17874.5,17874.5,17870.25,17870.75,87,0,17836.24493
8/3/2023 22:05,17870.75,17870.75,17867.75,17867.75,112,0,17836.3843
8/3/2023 22:06,17868.25,17868.25,17864.5,17865.75,102,0,17836.50014
8/3/2023 22:07,17865.25,17865.25,17858.75,17859,196,0,17836.6819
8/3/2023 22:08,17858.75,17860,17854.25,17855,292,0,17836.89762
8/3/2023 22:09,17855,17855.5,17851.75,17852.25,237,0,17837.0407
8/3/2023 22:10,17852,17854.5,17850.75,17852,132,0,17837.11565
8/3/2023 22:11,17852.25,17857.25,17851.75,17854.5,135,0,17837.20188
8/3/2023 22:12,17855,17855.25,17850.25,17851,110,0,17837.26212
8/3/2023 22:13,17850.75,17853.5,17848,17849.25,124,0,17837.32079
8/3/2023 22:14,17849.25,17853.25,17849.25,17853.25,66,0,17837.3558
8/3/2023 22:15,17853.5,17855.75,17851.5,17854,124,0,17837.42935
8/3/2023 22:16,17854.5,17856.25,17851.75,17852.25,75,0,17837.47261
8/3/2023 22:17,17852.5,17855.75,17852.25,17855.5,26,0,17837.48857
8/3/2023 22:18,17855.5,17856.75,17855.25,17856.25,62,0,17837.53004
8/3/2023 22:19,17856.25,17858.5,17855.25,17857,126,0,17837.6175
8/3/2023 22:20,17857.75,17858,17856.25,17856.75,61,0,17837.65974
8/3/2023 22:21,17856.75,17860,17856.75,17859.5,62,0,17837.70635
8/3/2023 22:22,17859,17861,17857.5,17858.5,55,0,17837.74802
8/3/2023 22:23,17858.25,17858.75,17855.75,17856.25,40,0,17837.77526
8/3/2023 22:24,17856.25,17859.5,17852.75,17853.75,70,0,17837.81882
8/3/2023 22:25,17854.5,17856.25,17854,17856,54,0,17837.85243
8/3/2023 22:26,17855.5,17857.75,17854.75,17856.75,30,0,17837.87211
8/3/2023 22:27,17856.5,17859,17856,17856,62,0,17837.91392
8/3/2023 22:28,17856.25,17856.25,17853,17854,85,0,17837.96323
8/3/2023 22:29,17853.5,17853.75,17850.75,17851,71,0,17837.99776
8/3/2023 22:30,17851.5,17854.25,17851,17852.5,41,0,17838.0187
8/3/2023 22:31,17852.25,17854.25,17850.25,17854,116,0,17838.07863
8/3/2023 22:32,17854.5,17858.5,17854,17856.25,157,0,17838.17757
8/3/2023 22:33,17856.75,17857.5,17852.5,17853,38,0,17838.19884
8/3/2023 22:34,17852,17854,17848.75,17849.25,120,0,17838.25045
8/3/2023 22:35,17849.25,17850,17846.75,17848.25,141,0,17838.29925
8/3/2023 22:36,17847.75,17851,17847.5,17848.5,35,0,17838.31209
8/3/2023 22:37,17848.5,17851.75,17847.75,17850,37,0,17838.32668
8/3/2023 22:38,17849.75,17851,17847.25,17848,39,0,17838.34059
8/3/2023 22:39,17848.25,17849.75,17847.25,17847.25,55,0,17838.35888
8/3/2023 22:40,17847.25,17849.5,17846.5,17849.25,69,0,17838.38251
8/3/2023 22:41,17849,17850.5,17847.25,17848.25,65,0,17838.40522
8/3/2023 22:42,17849,17851.75,17849,17849.75,68,0,17838.43233
8/3/2023 22:43,17850,17853.25,17849,17851.25,49,0,17838.45345
8/3/2023 22:44,17852.25,17853.5,17852,17852.5,63,0,17838.48369
8/3/2023 22:45,17852.5,17855,17852.5,17854.25,56,0,17838.51282
8/3/2023 22:46,17854.75,17856,17854.25,17854.25,57,0,17838.54411
8/3/2023 22:47,17853.75,17854.5,17851.25,17854.5,69,0,17838.57856
8/3/2023 22:48,17853.5,17862,17852.5,17861,253,0,17838.7463
8/3/2023 22:49,17861,17865.5,17860.5,17865,162,0,17838.87994
8/3/2023 22:50,17864.75,17867,17863.75,17864,109,0,17838.97354
8/3/2023 22:51,17864.5,17864.5,17862.5,17863.25,69,0,17839.02905
8/3/2023 22:52,17863,17865,17859.25,17864.25,114,0,17839.11802
8/3/2023 22:53,17864,17867,17863,17865,143,0,17839.2388
8/3/2023 22:54,17865.75,17866.5,17865.25,17865.25,34,0,17839.26809
8/3/2023 22:55,17865.25,17866.5,17862.25,17862.75,67,0,17839.32162
8/3/2023 22:56,17863.25,17864,17861.5,17862,45,0,17839.35549
8/3/2023 22:57,17861.5,17862.75,17861.25,17862.5,48,0,17839.391
8/3/2023 22:58,17862.25,17863.5,17861.75,17862,51,0,17839.42902
8/3/2023 22:59,17861.5,17864.25,17861,17863.75,36,0,17839.45646
8/3/2023 23:00,17863.75,17863.75,17859,17859.25,64,0,17839.50026
8/3/2023 23:01,17859,17859.25,17857.5,17858.5,39,0,17839.52404
8/3/2023 23:02,17858.25,17861.25,17858.25,17860.75,39,0,17839.54985
8/3/2023 23:03,17861.5,17862.25,17859,17859.5,39,0,17839.5758
8/3/2023 23:04,17860,17862,17860,17860.25,54,0,17839.61249
8/3/2023 23:05,17860.5,17862.5,17860.5,17862.25,23,0,17839.62882
8/3/2023 23:06,17862.25,17862.25,17859,17860.5,57,0,17839.66706
8/3/2023 23:07,17861,17864,17861,17863.5,46,0,17839.70112
8/3/2023 23:08,17863.25,17865.25,17863.25,17865.25,45,0,17839.73686
8/3/2023 23:09,17865,17871.25,17864.25,17869.5,197,0,17839.91554
8/3/2023 23:10,17869.25,17869.25,17865.75,17866.75,80,0,17839.98472
8/3/2023 23:11,17866.5,17870.75,17865.25,17870,153,0,17840.12289
8/3/2023 23:12,17869.75,17871.5,17869.25,17870.75,116,0,17840.23343
8/3/2023 23:13,17871.75,17875,17871.75,17873.25,179,0,17840.41826
8/3/2023 23:14,17874,17874,17871.25,17872,85,0,17840.50288
8/3/2023 23:15,17872.75,17872.75,17870,17870.75,43,0,17840.54385
8/3/2023 23:16,17870.5,17871.75,17869.5,17869.75,42,0,17840.58268
8/3/2023 23:17,17869.25,17869.5,17865,17866,105,0,17840.66793
8/3/2023 23:18,17865.75,17868.25,17864.5,17864.5,86,0,17840.73447
8/3/2023 23:19,17864.25,17865.25,17863,17864.5,67,0,17840.78297
8/3/2023 23:20,17865,17865,17863.5,17864.75,18,0,17840.79606
8/3/2023 23:21,17864.75,17866.25,17864.75,17865.25,54,0,17840.8369
8/3/2023 23:22,17865.5,17869.5,17865.5,17866.25,103,0,17840.91968
8/3/2023 23:23,17865.75,17866,17861.25,17863.25,109,0,17840.99479
8/3/2023 23:24,17863.75,17863.75,17862.25,17862.75,38,0,17841.02018
8/3/2023 23:25,17862.75,17863,17860.75,17861.75,69,0,17841.06386
8/3/2023 23:26,17862.25,17862.75,17861.5,17862.25,27,0,17841.08118
8/3/2023 23:27,17861.25,17865.5,17861.25,17865,34,0,17841.10475
8/3/2023 23:28,17865.25,17865.25,17862.75,17863.5,66,0,17841.15021
8/3/2023 23:29,17863.75,17865,17862.5,17863,31,0,17841.17118
8/3/2023 23:30,17863.25,17865.25,17863.25,17865,31,0,17841.19305
8/3/2023 23:31,17865.25,17868.5,17865,17867,70,0,17841.24722
8/3/2023 23:32,17867,17869,17867,17867.25,39,0,17841.27838
8/3/2023 23:33,17866.75,17868.25,17866.25,17867.75,17,0,17841.29177
8/3/2023 23:34,17867.25,17868.5,17866.25,17866.5,31,0,17841.31584
8/3/2023 23:35,17867,17867,17864.25,17865.75,35,0,17841.34146
8/3/2023 23:36,17865.5,17866,17864,17864.25,41,0,17841.37029
8/3/2023 23:37,17864.5,17865,17863.25,17863.5,47,0,17841.40207
8/3/2023 23:38,17863.75,17864.5,17862.75,17864.5,18,0,17841.41422
8/3/2023 23:39,17864.5,17868,17864.5,17866.5,47,0,17841.44927
8/3/2023 23:40,17866.5,17867,17866.5,17866.75,11,0,17841.4576
8/3/2023 23:41,17866.25,17866.25,17864,17864.75,58,0,17841.49839
8/3/2023 23:42,17865,17865.5,17864.75,17864.75,15,0,17841.50891
8/3/2023 23:43,17864.75,17865,17863.75,17863.75,8,0,17841.51432
8/3/2023 23:44,17863.5,17864.25,17863.25,17863.25,14,0,17841.52354
8/3/2023 23:45,17863,17863.25,17862,17863,42,0,17841.55011
8/3/2023 23:46,17863.25,17864.75,17862.5,17863.25,20,0,17841.56318
8/3/2023 23:47,17863.75,17863.75,17863.5,17863.5,2,0,17841.56449
8/3/2023 23:48,17864,17865.75,17864,17864,14,0,17841.57409
8/3/2023 23:49,17864,17865,17864,17865,6,0,17841.57821
8/3/2023 23:50,17862.75,17862.75,17860.75,17862.5,30,0,17841.59643
8/3/2023 23:51,17862.75,17864,17862.5,17863,9,0,17841.6022
8/3/2023 23:52,17863.5,17863.5,17861.75,17861.75,6,0,17841.6059
8/3/2023 23:53,17862,17862.75,17861.5,17861.5,17,0,17841.61616
8/3/2023 23:54,17861.25,17861.5,17858.5,17858.5,61,0,17841.64851
8/3/2023 23:55,17858.75,17859.5,17857.5,17858.25,67,0,17841.68176
8/3/2023 23:56,17858.25,17860.25,17857.5,17860,62,0,17841.71393
8/3/2023 23:57,17860.25,17860.25,17859.5,17859.5,13,0,17841.72086
8/3/2023 23:58,17860.25,17862,17859.5,17861.5,26,0,17841.73565
8/3/2023 23:59,17861.5,17861.5,17859.5,17860.5,20,0,17841.74671
8/4/2023 0:00,17860.75,17861.75,17860.75,17861.25,13,0,17841.75419
8/4/2023 0:01,17861,17862.75,17860.5,17862.5,37,0,17841.77616
8/4/2023 0:02,17863.25,17864.75,17863.25,17864,56,0,17841.81274
8/4/2023 0:03,17863.5,17864.25,17863.25,17863.25,16,0,17841.82298
8/4/2023 0:04,17862.5,17863,17862,17862.25,27,0,17841.8393
8/4/2023 0:05,17862,17864,17862,17863.75,25,0,17841.85501
8/4/2023 0:06,17863.75,17864.5,17863.75,17864.5,12,0,17841.86289
8/4/2023 0:07,17864.5,17866.75,17864.5,17866.5,47,0,17841.896
8/4/2023 0:08,17866.25,17871,17865.75,17871,212,0,17842.0648
8/4/2023 0:09,17870.75,17871.5,17868.25,17869.75,71,0,17842.12207
8/4/2023 0:10,17869.75,17869.75,17868.25,17868.25,19,0,17842.13676
8/4/2023 0:11,17868.75,17869.25,17867,17867,21,0,17842.15236
8/4/2023 0:12,17867,17868.5,17866.75,17868.5,41,0,17842.18297
8/4/2023 0:13,17867.75,17868.75,17867.5,17868.5,8,0,17842.18902
8/4/2023 0:14,17867.5,17867.5,17867,17867,9,0,17842.19553
8/4/2023 0:15,17867,17867.5,17866.5,17866.75,14,0,17842.20555
8/4/2023 0:16,17867,17867.75,17865,17865.25,38,0,17842.2317
8/4/2023 0:17,17865.5,17870.25,17865.5,17870.25,24,0,17842.25004
8/4/2023 0:18,17870,17870,17867.5,17867.5,39,0,17842.2794
8/4/2023 0:19,17867.75,17869.5,17867.75,17869.5,17,0,17842.29247
8/4/2023 0:20,17869.75,17870.75,17869.5,17870.5,28,0,17842.31504
8/4/2023 0:21,17870.25,17870.25,17867,17867.25,86,0,17842.37898
8/4/2023 0:22,17867,17867.5,17866.75,17867,11,0,17842.38679
8/4/2023 0:23,17866.25,17866.25,17865.25,17866,27,0,17842.40498
8/4/2023 0:24,17866.5,17866.5,17865,17866,10,0,17842.41171
8/4/2023 0:25,17865.25,17865.25,17863,17863.5,47,0,17842.4407
8/4/2023 0:26,17863.5,17864.5,17863.25,17863.5,16,0,17842.45047
8/4/2023 0:27,17863.5,17865.25,17863.5,17865,12,0,17842.45809
8/4/2023 0:28,17864.75,17864.75,17864.25,17864.25,4,0,17842.4606
8/4/2023 0:29,17865,17865.5,17864.25,17864.75,12,0,17842.46829
8/4/2023 0:30,17864.75,17864.75,17863.75,17864,8,0,17842.47327
8/4/2023 0:31,17865.25,17866.75,17865.25,17865.75,12,0,17842.48132
8/4/2023 0:32,17864.25,17864.5,17864.25,17864.25,9,0,17842.48695
8/4/2023 0:33,17864.25,17866.25,17864.25,17865.5,52,0,17842.5209
8/4/2023 0:34,17866,17867.5,17865.75,17867,24,0,17842.53751
8/4/2023 0:35,17868,17868,17867.25,17867.25,12,0,17842.54606
8/4/2023 0:36,17867.25,17871,17866.75,17869,134,0,17842.64656
8/4/2023 0:37,17868.75,17869.25,17867.75,17868.25,18,0,17842.65975
8/4/2023 0:38,17868.75,17868.75,17868,17868,10,0,17842.66702
8/4/2023 0:39,17867.75,17869,17867.5,17867.75,21,0,17842.68218
8/4/2023 0:40,17867,17867.25,17864.75,17864.75,41,0,17842.70882
8/4/2023 0:41,17864.5,17865.5,17864.5,17865.5,23,0,17842.72346
8/4/2023 0:42,17865.75,17865.75,17863.75,17864,37,0,17842.74628
8/4/2023 0:43,17863.75,17864,17862.25,17863.25,41,0,17842.76996
8/4/2023 0:44,17863.5,17864.25,17863.5,17864,12,0,17842.77714
8/4/2023 0:45,17864,17865,17863.5,17865,16,0,17842.78696
8/4/2023 0:46,17865,17865.25,17863.75,17864,32,0,17842.80643
8/4/2023 0:47,17864.75,17864.75,17864.25,17864.25,7,0,17842.81071
8/4/2023 0:48,17864.75,17864.75,17862,17863,32,0,17842.82916
8/4/2023 0:49,17863,17864,17863,17863.5,11,0,17842.83557
8/4/2023 0:50,17863.25,17864,17863.25,17864,5,0,17842.83852
8/4/2023 0:51,17864.25,17864.25,17863.5,17863.5,19,0,17842.84971
8/4/2023 0:52,17864.25,17866,17864.25,17865,22,0,17842.86349
8/4/2023 0:53,17864.75,17864.75,17864,17864.5,6,0,17842.86713
8/4/2023 0:54,17865,17865,17865,17865,6,0,17842.87087
8/4/2023 0:55,17865,17866,17865,17865.75,17,0,17842.88173
8/4/2023 0:56,17865,17865.75,17864.25,17865.25,20,0,17842.89422
8/4/2023 0:57,17865.75,17866.5,17864.75,17865,27,0,17842.91131
8/4/2023 0:58,17865.5,17865.5,17864.25,17865.25,21,0,17842.92434
8/4/2023 0:59,17865.5,17865.5,17864.5,17865.25,14,0,17842.93305
8/4/2023 1:00,17864.5,17865.5,17864.25,17864.25,12,0,17842.94037
8/4/2023 1:01,17863.75,17865.75,17862.5,17863.5,54,0,17842.97211
8/4/2023 1:02,17864,17864,17860.75,17862.25,49,0,17842.99866
8/4/2023 1:03,17863,17866.75,17862.75,17865,68,0,17843.04014
8/4/2023 1:04,17864.75,17865.25,17861.75,17863.5,31,0,17843.05784
8/4/2023 1:05,17863.5,17863.5,17858.5,17859,56,0,17843.08479
8/4/2023 1:06,17858.75,17860.5,17857,17860.5,93,0,17843.12679
8/4/2023 1:07,17860.75,17864.25,17860.75,17863.5,24,0,17843.13993
8/4/2023 1:08,17864.75,17865.75,17863.75,17865.25,43,0,17843.1659
8/4/2023 1:09,17865,17867.25,17865,17866.5,45,0,17843.19468
8/4/2023 1:10,17866.75,17868.25,17866.5,17868.25,36,0,17843.21907
8/4/2023 1:11,17867.75,17870.25,17867.25,17869.5,118,0,17843.303
8/4/2023 1:12,17869.5,17870,17866.25,17866.75,64,0,17843.34594
8/4/2023 1:13,17866.75,17866.75,17864.75,17865.25,32,0,17843.36552
8/4/2023 1:14,17865.5,17866.75,17865.25,17866,29,0,17843.38357
8/4/2023 1:15,17866,17866,17864.25,17865,21,0,17843.39609
8/4/2023 1:16,17865.25,17868.75,17865.25,17868.25,31,0,17843.41653
8/4/2023 1:17,17868,17873,17868,17870.75,172,0,17843.54421
8/4/2023 1:18,17871.25,17871.25,17869.5,17870.25,16,0,17843.55592
8/4/2023 1:19,17870.75,17871.75,17869.5,17870,20,0,17843.57059
8/4/2023 1:20,17870.25,17871.75,17870.25,17871.5,51,0,17843.60895
8/4/2023 1:21,17871.25,17873.75,17870.75,17873,97,0,17843.68515
8/4/2023 1:22,17873.25,17878.25,17873.25,17876.25,187,0,17843.84819
8/4/2023 1:23,17876.25,17876.25,17872.5,17875,108,0,17843.93773
8/4/2023 1:24,17875.75,17877.25,17874.75,17874.75,40,0,17843.97183
8/4/2023 1:25,17875.25,17882.25,17875.25,17880.75,429,0,17844.37684
8/4/2023 1:26,17880.5,17880.75,17873.5,17876.75,137,0,17844.49546
8/4/2023 1:27,17876.5,17877.25,17874.75,17876.5,50,0,17844.53743
8/4/2023 1:28,17876.75,17876.75,17874.5,17875.25,30,0,17844.56202
8/4/2023 1:29,17875,17875.5,17874.75,17875.5,16,0,17844.57502
8/4/2023 1:30,17875.25,17877.5,17875,17876,47,0,17844.61428
8/4/2023 1:31,17875.75,17880.75,17874.75,17879,129,0,17844.72832
8/4/2023 1:32,17879.25,17879.25,17876.75,17876.75,40,0,17844.76291
8/4/2023 1:33,17877.25,17877.25,17875.75,17875.75,20,0,17844.77948
8/4/2023 1:34,17875.5,17877.5,17874.75,17875.75,71,0,17844.83768
8/4/2023 1:35,17876,17877,17875.25,17877,34,0,17844.86585
8/4/2023 1:36,17877.5,17878.5,17877,17877,41,0,17844.90091
8/4/2023 1:37,17877,17878,17875.75,17876.75,33,0,17844.9285
8/4/2023 1:38,17877.25,17878.75,17876.75,17878.5,41,0,17844.96397
8/4/2023 1:39,17878.25,17879.25,17876.75,17878.5,31,0,17844.99087
8/4/2023 1:40,17878.25,17878.25,17875.25,17876.25,38,0,17845.02221
8/4/2023 1:41,17876,17876.75,17875.5,17876.25,23,0,17845.0409
8/4/2023 1:42,17876,17876.25,17874.5,17874.75,61,0,17845.08878
8/4/2023 1:43,17874.5,17876.25,17874.25,17875.5,66,0,17845.14069
8/4/2023 1:44,17875.5,17877.5,17874.25,17875.75,57,0,17845.18612
8/4/2023 1:45,17876.75,17878.25,17876.5,17878.25,69,0,17845.24421
8/4/2023 1:46,17878.75,17880.5,17877.75,17879.75,106,0,17845.33762
8/4/2023 1:47,17880,17881.75,17879,17881.75,57,0,17845.38985
8/4/2023 1:48,17881.5,17885,17880.75,17882.25,149,0,17845.53267
8/4/2023 1:49,17882.5,17894,17882.5,17892,401,0,17845.98139
8/4/2023 1:50,17892.25,17897,17891.5,17895,460,0,17846.54285
8/4/2023 1:51,17894.75,17895.75,17893.25,17895.75,101,0,17846.66545
8/4/2023 1:52,17895.25,17910.75,17895,17905.5,908,0,17847.93711
8/4/2023 1:53,17905.5,17906.25,17900.25,17902,188,0,17848.18915
8/4/2023 1:54,17902.5,17902.5,17900.5,17900.75,52,0,17848.25644
8/4/2023 1:55,17901,17903.5,17901,17902.25,72,0,17848.35109
8/4/2023 1:56,17902,17902.5,17899.75,17900,101,0,17848.47963
8/4/2023 1:57,17900,17902.25,17899.5,17901.5,64,0,17848.56127
8/4/2023 1:58,17901.25,17906.5,17900.5,17905.25,227,0,17848.86524
8/4/2023 1:59,17905,17908.75,17903.5,17905.5,184,0,17849.11729
8/4/2023 2:00,17905.25,17905.75,17900.5,17901.5,94,0,17849.23769
8/4/2023 2:01,17901.5,17903,17898.5,17899.75,342,0,17849.6536
8/4/2023 2:02,17899.5,17900.25,17896.5,17897.5,172,0,17849.85073
8/4/2023 2:03,17897.5,17903.5,17896,17901,227,0,17850.11959
8/4/2023 2:04,17901,17904.5,17900.75,17901.25,116,0,17850.26131
8/4/2023 2:05,17901.25,17901.25,17898.25,17901,47,0,17850.31631
8/4/2023 2:06,17901.5,17902,17896.75,17897.75,117,0,17850.44906
8/4/2023 2:07,17897.5,17898.5,17896.25,17898,115,0,17850.57547
8/4/2023 2:08,17897.5,17897.5,17891.75,17893.5,203,0,17850.78127
8/4/2023 2:09,17893.5,17893.5,17891.75,17891.75,92,0,17850.86981
8/4/2023 2:10,17891.75,17893.25,17890.5,17892.75,60,0,17850.92713
8/4/2023 2:11,17892.5,17893,17887,17887.75,121,0,17851.03409
8/4/2023 2:12,17888.5,17890.75,17888.5,17890.75,77,0,17851.10317
8/4/2023 2:13,17891,17892,17888.75,17890.5,73,0,17851.16914
8/4/2023 2:14,17891,17891,17887.25,17887.5,56,0,17851.21724
8/4/2023 2:15,17888.25,17892.5,17888,17891,153,0,17851.35473
8/4/2023 2:16,17891,17892.75,17889,17892,105,0,17851.45033
8/4/2023 2:17,17892.5,17893,17889.75,17890.5,43,0,17851.48919
8/4/2023 2:18,17890.25,17894.25,17890.25,17894.25,65,0,17851.55049
8/4/2023 2:19,17894,17896,17891.5,17891.5,93,0,17851.63806
8/4/2023 2:20,17890.5,17891.75,17887,17888,83,0,17851.70822
8/4/2023 2:21,17887.5,17888.75,17886.75,17887.25,64,0,17851.7602
8/4/2023 2:22,17887.5,17888.5,17886.75,17888.5,51,0,17851.80191
8/4/2023 2:23,17888.25,17892.5,17888.25,17892.25,95,0,17851.88594
8/4/2023 2:24,17892,17892.25,17889.5,17891,35,0,17851.91675
8/4/2023 2:25,17891.5,17899,17891.5,17898.75,224,0,17852.14039
8/4/2023 2:26,17898.5,17899.75,17897.5,17898.25,68,0,17852.21101
8/4/2023 2:27,17898.25,17899.75,17896.25,17898.25,47,0,17852.25926
8/4/2023 2:28,17898.5,17899.25,17897,17897,32,0,17852.29181
8/4/2023 2:29,17897.25,17897.75,17895.5,17897,44,0,17852.33551
8/4/2023 2:30,17897.25,17901.75,17897,17900.25,161,0,17852.50514
8/4/2023 2:31,17899.75,17900.5,17893.75,17894,103,0,17852.60483
8/4/2023 2:32,17894,17898,17893,17896,71,0,17852.67263
8/4/2023 2:33,17896.25,17896.25,17894.5,17894.5,21,0,17852.69237
8/4/2023 2:34,17894.25,17894.25,17891.25,17892.5,36,0,17852.72424
8/4/2023 2:35,17893.25,17894,17892.25,17892.75,41,0,17852.76078
8/4/2023 2:36,17892.25,17892.5,17890.25,17892,65,0,17852.81653
8/4/2023 2:37,17892,17892,17889.5,17889.75,75,0,17852.87873
8/4/2023 2:38,17889.5,17889.75,17886,17887.25,170,0,17853.0087
8/4/2023 2:39,17887.25,17888.5,17887.25,17888.25,29,0,17853.03098
8/4/2023 2:40,17888.25,17888.25,17885.5,17888,65,0,17853.07976
8/4/2023 2:41,17887.5,17887.75,17880.25,17882.75,232,0,17853.23417
8/4/2023 2:42,17882.75,17883.25,17881,17881.5,79,0,17853.28353
8/4/2023 2:43,17881.75,17882.75,17880,17882.75,128,0,17853.3629
8/4/2023 2:44,17882.5,17884.25,17882.25,17884.25,68,0,17853.40748
8/4/2023 2:45,17883.75,17885.5,17883.25,17884,41,0,17853.43488
8/4/2023 2:46,17883.25,17883.25,17880,17881.5,52,0,17853.46656
8/4/2023 2:47,17882.25,17884.25,17879.5,17883.75,62,0,17853.50547
8/4/2023 2:48,17884,17886,17883.25,17885.75,49,0,17853.5388
8/4/2023 2:49,17886.25,17887,17882.5,17884,66,0,17853.58286
8/4/2023 2:50,17884.25,17885,17882.25,17882.25,55,0,17853.6179
8/4/2023 2:51,17882.75,17883.25,17881,17882.25,47,0,17853.64677
8/4/2023 2:52,17881.25,17882.25,17880,17881,31,0,17853.66506
8/4/2023 2:53,17880.25,17881.5,17880.25,17881.5,16,0,17853.67449
8/4/2023 2:54,17881.5,17882.25,17879.5,17880,34,0,17853.69414
8/4/2023 2:55,17880.75,17881.5,17879.5,17881.5,25,0,17853.7087
8/4/2023 2:56,17882.25,17883,17880.5,17882.5,35,0,17853.72994
8/4/2023 2:57,17882.5,17883,17881.5,17882.75,34,0,17853.75085
8/4/2023 2:58,17882.5,17882.5,17879.5,17881,48,0,17853.77886
8/4/2023 2:59,17880.75,17883.5,17880.25,17882.75,63,0,17853.8171
8/4/2023 3:00,17882,17882.5,17879.75,17882.5,56,0,17853.85031
8/4/2023 3:01,17882.5,17883.25,17870.5,17872,557,0,17854.1019
8/4/2023 3:02,17872.75,17872.75,17858.25,17860.5,645,0,17854.23261
8/4/2023 3:03,17861.25,17868,17860,17861.25,267,0,17854.28155
8/4/2023 3:04,17861.5,17863,17850.75,17853.25,426,0,17854.29366
8/4/2023 3:05,17853.25,17856.25,17853,17855.75,101,0,17854.29512
8/4/2023 3:06,17856,17856.5,17847.25,17848.25,386,0,17854.26665
8/4/2023 3:07,17848.5,17851.25,17845.75,17850.75,217,0,17854.24463
8/4/2023 3:08,17850.5,17851.75,17839,17841.75,428,0,17854.15809
8/4/2023 3:09,17841.75,17841.75,17834.5,17838.25,386,0,17854.03521
8/4/2023 3:10,17838.75,17842,17837.5,17842,126,0,17854.00135
8/4/2023 3:11,17842,17844.5,17839.25,17840.25,217,0,17853.94699
8/4/2023 3:12,17839.75,17842.75,17834.5,17841.5,208,0,17853.88816
8/4/2023 3:13,17841.75,17846.75,17841.75,17846.5,273,0,17853.84064
8/4/2023 3:14,17845.75,17846.5,17840.75,17842.75,158,0,17853.80822
8/4/2023 3:15,17842.75,17848.5,17841.25,17841.5,242,0,17853.76092
8/4/2023 3:16,17841,17844.5,17837,17844.5,186,0,17853.71856
8/4/2023 3:17,17844.75,17852,17843.5,17850.75,351,0,17853.68502
8/4/2023 3:18,17850.75,17853.5,17849.25,17850.75,104,0,17853.67999
8/4/2023 3:19,17850.75,17855,17850.25,17853.25,167,0,17853.67729
8/4/2023 3:20,17854.5,17854.75,17848.25,17849.5,122,0,17853.67066
8/4/2023 3:21,17849.75,17852.25,17845.75,17848.5,247,0,17853.64796
8/4/2023 3:22,17848.25,17850.75,17847.25,17849.75,101,0,17853.63954
8/4/2023 3:23,17850.25,17854,17846.5,17853.5,178,0,17853.63178
8/4/2023 3:24,17853.5,17854.5,17848.5,17849.25,136,0,17853.62439
8/4/2023 3:25,17848.75,17850.75,17847.5,17850,57,0,17853.61988
8/4/2023 3:26,17849.75,17849.75,17845.75,17847.75,102,0,17853.60863
8/4/2023 3:27,17847.25,17848.25,17844.25,17847.5,133,0,17853.59132
8/4/2023 3:28,17847,17847.25,17841,17846.25,164,0,17853.56447
8/4/2023 3:29,17845.75,17849.75,17845.25,17849.25,105,0,17853.55374
8/4/2023 3:30,17849.25,17850.5,17842.75,17843,109,0,17853.53723
8/4/2023 3:31,17843,17850.75,17842,17847.25,173,0,17853.51517
8/4/2023 3:32,17848,17849.5,17843.25,17846.5,67,0,17853.50636
8/4/2023 3:33,17846.25,17850.25,17844.75,17849.25,67,0,17853.49963
8/4/2023 3:34,17849,17854.75,17848,17853.75,173,0,17853.49538
8/4/2023 3:35,17853.75,17856,17852.5,17853.25,113,0,17853.49625
8/4/2023 3:36,17852.5,17856.5,17852.25,17855.5,163,0,17853.5
8/4/2023 3:37,17855.5,17857,17851.5,17853.75,104,0,17853.50112
8/4/2023 3:38,17854,17854.5,17849.25,17853.75,123,0,17853.49887
8/4/2023 3:39,17854.5,17854.75,17849.75,17850.75,76,0,17853.49644
8/4/2023 3:40,17851.5,17854.75,17848,17854,110,0,17853.49394
8/4/2023 3:41,17854.75,17854.75,17848.75,17849,68,0,17853.49065
8/4/2023 3:42,17849,17850.25,17847.5,17847.5,46,0,17853.48641
8/4/2023 3:43,17847.75,17851.25,17845.75,17848.25,79,0,17853.47913
8/4/2023 3:44,17847.75,17849.5,17846.5,17849,43,0,17853.47512
8/4/2023 3:45,17849,17849,17844.5,17845.75,65,0,17853.46681
8/4/2023 3:46,17845.25,17846,17841.25,17841.75,100,0,17853.44788
8/4/2023 3:47,17841.25,17849.25,17840.5,17849.25,120,0,17853.43247
8/4/2023 3:48,17848.75,17851,17845.5,17851,83,0,17853.42609
8/4/2023 3:49,17851,17860,17851,17859.75,251,0,17853.4418
8/4/2023 3:50,17860,17862,17858.5,17860.75,212,0,17853.46823
8/4/2023 3:51,17860.75,17865.75,17860.25,17864,249,0,17853.51194
8/4/2023 3:52,17864.75,17867.25,17863.75,17866,199,0,17853.55482
8/4/2023 3:53,17866.5,17867.5,17863.75,17865.75,105,0,17853.57733
8/4/2023 3:54,17865.5,17871.5,17864.25,17870.75,287,0,17853.65442
8/4/2023 3:55,17870.5,17871.25,17868,17868.75,143,0,17853.6938
8/4/2023 3:56,17869.25,17875.25,17869,17875.25,215,0,17853.76705
8/4/2023 3:57,17875.5,17877,17872.75,17876,271,0,17853.86843
8/4/2023 3:58,17876.25,17876.5,17872.25,17874.5,114,0,17853.90915
8/4/2023 3:59,17875,17878.5,17874.25,17876.75,131,0,17853.96046
8/4/2023 4:00,17877.25,17879,17874.75,17876,107,0,17854.00236
8/4/2023 4:01,17876,17881,17875.5,17881,302,0,17854.13321
8/4/2023 4:02,17880.5,17882.25,17878.75,17880,172,0,17854.21058
8/4/2023 4:03,17880.25,17886,17879.75,17882,290,0,17854.35113
8/4/2023 4:04,17882,17883.75,17880,17882.75,123,0,17854.40945
8/4/2023 4:05,17883,17891.25,17881.75,17889.5,364,0,17854.61351
8/4/2023 4:06,17889.5,17892.5,17888.5,17890.25,207,0,17854.73863
8/4/2023 4:07,17890.25,17897.25,17889.75,17896.75,379,0,17854.99195
8/4/2023 4:08,17897.25,17901.25,17894.5,17899.25,338,0,17855.2363
8/4/2023 4:09,17899.25,17900,17893.75,17895.25,317,0,17855.45247
8/4/2023 4:10,17894.5,17896.75,17892,17895,211,0,17855.58899
8/4/2023 4:11,17895,17895.75,17893,17893.25,108,0,17855.65746
8/4/2023 4:12,17893.25,17893.5,17889.75,17891.75,187,0,17855.76826
8/4/2023 4:13,17891.5,17900.25,17891.25,17899,214,0,17855.91235
8/4/2023 4:14,17899.75,17906.5,17897.75,17901.75,364,0,17856.18579
8/4/2023 4:15,17902,17903.5,17896.25,17903,224,0,17856.34851
8/4/2023 4:16,17902.75,17905.25,17901.5,17904,192,0,17856.49533
8/4/2023 4:17,17903.5,17906.5,17903.25,17904.75,114,0,17856.58438
8/4/2023 4:18,17905,17905,17900.75,17901,135,0,17856.68379
8/4/2023 4:19,17900.5,17902.75,17898.5,17899.5,143,0,17856.78401
8/4/2023 4:20,17899.75,17901.75,17898.25,17898.5,89,0,17856.84509
8/4/2023 4:21,17898,17899,17895,17895.25,141,0,17856.93452
8/4/2023 4:22,17895.5,17895.75,17891.25,17893.5,192,0,17857.0467
8/4/2023 4:23,17893.5,17893.5,17887,17887,190,0,17857.14392
8/4/2023 4:24,17886.75,17888.75,17885.25,17885.25,144,0,17857.21092
8/4/2023 4:25,17885.5,17888.75,17885.25,17888,134,0,17857.27494
8/4/2023 4:26,17887.25,17892,17887.25,17890.25,159,0,17857.35684
8/4/2023 4:27,17890,17890.75,17885,17885.25,98,0,17857.40273
8/4/2023 4:28,17885,17886,17883.5,17885.75,119,0,17857.45466
8/4/2023 4:29,17883.5,17885,17882,17882.25,112,0,17857.49984
8/4/2023 4:30,17882.25,17882.5,17879.5,17880,168,0,17857.56093
8/4/2023 4:31,17879.5,17881,17876.5,17877.25,185,0,17857.62084
8/4/2023 4:32,17877.75,17878.75,17875,17876,133,0,17857.66023
8/4/2023 4:33,17876,17876,17871.25,17871.75,255,0,17857.72108
8/4/2023 4:34,17871.25,17876.75,17871,17874.5,175,0,17857.76551
8/4/2023 4:35,17874.5,17874.5,17862.5,17864.5,366,0,17857.81859
8/4/2023 4:36,17864.75,17865.25,17861.5,17864,156,0,17857.83243
8/4/2023 4:37,17864.25,17869.25,17864.25,17867.75,131,0,17857.85104
8/4/2023 4:38,17868.25,17869,17864.25,17865.75,98,0,17857.86379
8/4/2023 4:39,17866,17869,17862.75,17862.75,157,0,17857.88053
8/4/2023 4:40,17863,17863.5,17859.5,17861.75,153,0,17857.88918
8/4/2023 4:41,17862,17867.75,17859.75,17866.75,217,0,17857.91183
8/4/2023 4:42,17866,17867.75,17865.5,17866.5,95,0,17857.92434
8/4/2023 4:43,17866.75,17869,17864,17866.75,104,0,17857.938
8/4/2023 4:44,17866.75,17866.75,17861.75,17862.25,94,0,17857.94604
8/4/2023 4:45,17862.75,17867.75,17861.25,17867,62,0,17857.95297
8/4/2023 4:46,17866.5,17867.75,17864,17866.75,58,0,17857.96017
8/4/2023 4:47,17866.5,17872.25,17866.25,17871.25,134,0,17857.98435
8/4/2023 4:48,17871.5,17872.75,17868.75,17869.5,129,0,17858.00833
8/4/2023 4:49,17870,17870,17862.75,17864.75,130,0,17858.02362
8/4/2023 4:50,17864.25,17865,17861.75,17863,50,0,17858.02755
8/4/2023 4:51,17863.75,17866.5,17861.25,17861.5,92,0,17858.03452
8/4/2023 4:52,17861.5,17864.25,17860,17863.75,85,0,17858.04042
8/4/2023 4:53,17863.75,17867,17862,17866,54,0,17858.04604
8/4/2023 4:54,17865.5,17866.5,17864,17866.25,59,0,17858.05269
8/4/2023 4:55,17867,17868,17865.75,17866.5,88,0,17858.06412
8/4/2023 4:56,17866.5,17867,17864.25,17866.5,50,0,17858.06998
8/4/2023 4:57,17866.75,17870.25,17866.75,17869,67,0,17858.08057
8/4/2023 4:58,17869.75,17869.75,17868.25,17869.25,43,0,17858.08761
8/4/2023 4:59,17868.75,17869.25,17867,17868.25,77,0,17858.09916
8/4/2023 5:00,17868.25,17868.5,17867.5,17868,34,0,17858.10417
8/4/2023 5:01,17868.5,17874,17868,17873.25,126,0,17858.12969
8/4/2023 5:02,17873.5,17875.75,17872.75,17873.75,153,0,17858.16585
8/4/2023 5:03,17873.25,17875.75,17872.75,17875.5,59,0,17858.18025
8/4/2023 5:04,17876.25,17877,17874.5,17876.5,79,0,17858.20106
8/4/2023 5:05,17877.25,17878.75,17873.5,17874.25,99,0,17858.22634
8/4/2023 5:06,17874.25,17874.75,17871.25,17871.5,147,0,17858.25724
8/4/2023 5:07,17871.25,17873.75,17867.25,17869.5,163,0,17858.28576
8/4/2023 5:08,17869.75,17873.5,17869.5,17872,85,0,17858.30245
8/4/2023 5:09,17872,17872,17869.5,17871,45,0,17858.31072
8/4/2023 5:10,17871.5,17874.75,17871.25,17874.25,47,0,17858.32112
8/4/2023 5:11,17874.5,17878.75,17874,17878.25,120,0,17858.35391
8/4/2023 5:12,17878.5,17879,17876.75,17876.75,55,0,17858.3693
8/4/2023 5:13,17876.25,17882.25,17875.5,17879.75,146,0,17858.41359
8/4/2023 5:14,17879.75,17880.75,17879.25,17879.75,71,0,17858.43584
8/4/2023 5:15,17880.75,17880.75,17878.75,17880.5,47,0,17858.4506
8/4/2023 5:16,17880.25,17882,17879.25,17881.5,87,0,17858.47902
8/4/2023 5:17,17881,17884.75,17881,17883.75,181,0,17858.54383
8/4/2023 5:18,17884.75,17885.5,17881,17883.25,84,0,17858.57389
8/4/2023 5:19,17883,17884,17881.75,17881.75,73,0,17858.59917
8/4/2023 5:20,17882,17882.75,17880.5,17881,76,0,17858.62423
8/4/2023 5:21,17880.75,17884.5,17880,17883.25,122,0,17858.66641
8/4/2023 5:22,17883,17886,17882,17885.5,75,0,17858.69434
8/4/2023 5:23,17885.5,17887.5,17884,17885.5,121,0,17858.7413
8/4/2023 5:24,17885,17885.25,17882.5,17882.5,114,0,17858.78171
8/4/2023 5:25,17882.75,17887.5,17881.75,17886,182,0,17858.8503
8/4/2023 5:26,17886,17886,17884,17884.25,39,0,17858.86476
8/4/2023 5:27,17883.75,17886,17883.25,17885.75,68,0,17858.89018
8/4/2023 5:28,17885.75,17890.75,17884.25,17889.5,244,0,17858.99202
8/4/2023 5:29,17889.25,17894.25,17888.75,17892.25,278,0,17859.12134
8/4/2023 5:30,17892,17893.25,17889.25,17890.5,190,0,17859.20711
8/4/2023 5:31,17890.25,17890.25,17886.75,17887,90,0,17859.24376
8/4/2023 5:32,17887.75,17890.25,17887.25,17890.25,46,0,17859.26327
8/4/2023 5:33,17890.5,17891.25,17887.75,17888,74,0,17859.29435
8/4/2023 5:34,17888.5,17888.5,17880,17880,189,0,17859.35699
8/4/2023 5:35,17880.25,17880.25,17874,17876.5,214,0,17859.40975
8/4/2023 5:36,17876,17876,17869,17870.25,189,0,17859.44241
8/4/2023 5:37,17870.25,17873.75,17869.5,17872.25,129,0,17859.46475
8/4/2023 5:38,17872.25,17875.5,17872.25,17873.5,103,0,17859.48529
8/4/2023 5:39,17873.75,17877.25,17873,17873.75,76,0,17859.50138
8/4/2023 5:40,17874.25,17876,17873.75,17875.75,69,0,17859.51643
8/4/2023 5:41,17875.5,17878.75,17874,17876,134,0,17859.54761
8/4/2023 5:42,17876.25,17877,17875,17876.75,61,0,17859.56176
8/4/2023 5:43,17877.5,17877.75,17872.5,17872.75,87,0,17859.57959
8/4/2023 5:44,17872.5,17872.5,17868.5,17870.5,128,0,17859.59895
8/4/2023 5:45,17871,17871,17868.25,17869.5,100,0,17859.61276
8/4/2023 5:46,17870,17873,17869,17871.75,115,0,17859.63124
8/4/2023 5:47,17871.5,17874.5,17871.5,17872.75,73,0,17859.64462
8/4/2023 5:48,17873,17875,17870.25,17870.25,85,0,17859.6589
8/4/2023 5:49,17870.25,17870.75,17867,17869,110,0,17859.67291
8/4/2023 5:50,17869,17870.25,17866.5,17869.25,139,0,17859.69007
8/4/2023 5:51,17868.75,17871.25,17866.5,17869.25,86,0,17859.70105
8/4/2023 5:52,17870.75,17871.75,17869.5,17871.5,102,0,17859.71672
8/4/2023 5:53,17871.5,17875,17870.5,17870.75,177,0,17859.74663
8/4/2023 5:54,17870.75,17873.25,17870.25,17873.25,38,0,17859.75312
8/4/2023 5:55,17873.5,17881,17872.5,17880.25,158,0,17859.79222
8/4/2023 5:56,17880.5,17883.75,17879.75,17883,158,0,17859.84029
8/4/2023 5:57,17883.25,17885.25,17882.75,17882.75,102,0,17859.87318
8/4/2023 5:58,17883.5,17883.75,17878.5,17878.5,115,0,17859.90495
8/4/2023 5:59,17878.75,17878.75,17871,17872.75,196,0,17859.94275
8/4/2023 6:00,17873.25,17875,17871.25,17873.25,66,0,17859.95454
8/4/2023 6:01,17872.75,17872.75,17864.5,17869.75,240,0,17859.98377
8/4/2023 6:02,17869.75,17870.25,17864.5,17868,113,0,17859.99532
8/4/2023 6:03,17868,17872.5,17866.5,17871,114,0,17860.01063
8/4/2023 6:04,17872.25,17872.5,17870,17870.5,47,0,17860.01756
8/4/2023 6:05,17870.25,17870.25,17867,17868.5,77,0,17860.0264
8/4/2023 6:06,17869.25,17869.75,17865.75,17865.75,54,0,17860.0315
8/4/2023 6:07,17866.75,17867.75,17862.5,17862.75,173,0,17860.04144
8/4/2023 6:08,17862.75,17866.25,17861.75,17865.25,127,0,17860.04886
8/4/2023 6:09,17865,17865,17861.5,17863.25,116,0,17860.0538
8/4/2023 6:10,17863.75,17868.25,17863.75,17866.75,100,0,17860.06204
8/4/2023 6:11,17866.25,17867,17862.75,17865.75,116,0,17860.06991
8/4/2023 6:12,17865.25,17867.25,17863.25,17864,77,0,17860.07477
8/4/2023 6:13,17863.25,17863.5,17860.25,17862.5,85,0,17860.07704
8/4/2023 6:14,17862.5,17864,17861.5,17862,65,0,17860.07912
8/4/2023 6:15,17861.5,17865.5,17860.25,17864.75,57,0,17860.0817
8/4/2023 6:16,17864,17866,17862,17864.75,76,0,17860.08589
8/4/2023 6:17,17864,17866.25,17863.5,17865,37,0,17860.08825
8/4/2023 6:18,17864.75,17865.25,17861,17861.25,118,0,17860.092
8/4/2023 6:19,17861.25,17863,17860,17863,78,0,17860.09396
8/4/2023 6:20,17864,17864.5,17861.5,17863,61,0,17860.0963
8/4/2023 6:21,17863.75,17867,17862.25,17867,129,0,17860.10532
8/4/2023 6:22,17867.25,17868,17866.25,17867.5,92,0,17860.11395
8/4/2023 6:23,17868.25,17869.5,17864.25,17865,92,0,17860.12135
8/4/2023 6:24,17865.25,17865.25,17861.75,17862.25,38,0,17860.12282
8/4/2023 6:25,17862.75,17863.5,17861,17861.25,64,0,17860.12433
8/4/2023 6:26,17860.75,17861.5,17857.75,17860.25,120,0,17860.12387
8/4/2023 6:27,17860.75,17861,17859.25,17860.75,55,0,17860.12402
8/4/2023 6:28,17860.75,17863.25,17859.75,17863.25,64,0,17860.12566
8/4/2023 6:29,17863.25,17865.25,17863.25,17865.25,81,0,17860.13037
8/4/2023 6:30,17865.25,17865.5,17862.5,17864.5,63,0,17860.13368
8/4/2023 6:31,17865,17868,17864.25,17866.5,97,0,17860.1414
8/4/2023 6:32,17867,17868.75,17867,17868,95,0,17860.151
8/4/2023 6:33,17868.25,17871.5,17866.25,17866.75,158,0,17860.16743
8/4/2023 6:34,17866.5,17867.5,17863.5,17867,96,0,17860.17468
8/4/2023 6:35,17866.5,17866.75,17863.75,17864,69,0,17860.17884
8/4/2023 6:36,17863.5,17865.5,17862.25,17864.5,50,0,17860.18137
8/4/2023 6:37,17864.75,17864.75,17861,17861,56,0,17860.18286
8/4/2023 6:38,17861,17861,17858,17859.25,80,0,17860.18207
8/4/2023 6:39,17859.25,17859.25,17854.25,17856.25,133,0,17860.1759
8/4/2023 6:40,17856.5,17857.75,17855.25,17855.25,89,0,17860.17121
8/4/2023 6:41,17855.5,17856.25,17853.5,17854.5,138,0,17860.1616
8/4/2023 6:42,17854.5,17854.75,17851.25,17853.25,169,0,17860.14626
8/4/2023 6:43,17854.25,17855.5,17852,17853.75,87,0,17860.13913
8/4/2023 6:44,17854.5,17854.5,17849.75,17851.25,139,0,17860.12437
8/4/2023 6:45,17851,17851.75,17849.75,17851.25,124,0,17860.10979
8/4/2023 6:46,17851,17854.25,17849.5,17852,172,0,17860.09184
8/4/2023 6:47,17851.75,17851.75,17847.25,17848,158,0,17860.06956
8/4/2023 6:48,17848.5,17849,17842,17842.75,285,0,17860.01365
8/4/2023 6:49,17843.5,17845.75,17843.25,17844,108,0,17859.99223
8/4/2023 6:50,17844.75,17845,17841.25,17843,123,0,17859.96597
8/4/2023 6:51,17842.75,17845.5,17839.75,17842.75,230,0,17859.91586
8/4/2023 6:52,17842.25,17842.25,17838.75,17839.5,149,0,17859.87887
8/4/2023 6:53,17839,17839.75,17837.25,17838.5,161,0,17859.83569
8/4/2023 6:54,17837.75,17840.5,17834.75,17837.75,322,0,17859.74651
8/4/2023 6:55,17838.25,17839.25,17836.5,17839,160,0,17859.70362
8/4/2023 6:56,17838.25,17838.25,17830.75,17834,285,0,17859.61378
8/4/2023 6:57,17833.75,17837,17832.25,17835,120,0,17859.57677
8/4/2023 6:58,17834.5,17835.25,17830.75,17832.75,121,0,17859.5368
8/4/2023 6:59,17832.25,17833.75,17829.5,17832.75,138,0,17859.48981
8/4/2023 7:00,17832.5,17838,17831,17838,165,0,17859.4413
8/4/2023 7:01,17838.25,17838.75,17828.25,17829.25,365,0,17859.31861
8/4/2023 7:02,17829.5,17830.75,17826.75,17828.75,184,0,17859.24966
8/4/2023 7:03,17828.5,17836.25,17828.5,17836.25,167,0,17859.1974
8/4/2023 7:04,17836.25,17840.75,17834.75,17834.75,281,0,17859.1205
8/4/2023 7:05,17835.25,17836.25,17834,17835,92,0,17859.09357
8/4/2023 7:06,17835,17835.25,17832.75,17834.25,170,0,17859.0419
8/4/2023 7:07,17834.25,17834.5,17829,17829.5,169,0,17858.98443
8/4/2023 7:08,17829.5,17831.5,17828.25,17830.25,160,0,17858.92829
8/4/2023 7:09,17830.25,17835.75,17830.25,17831.5,151,0,17858.88008
8/4/2023 7:10,17831.75,17832.25,17829,17829.75,81,0,17858.85217
8/4/2023 7:11,17830.5,17830.5,17821,17821,407,0,17858.6826
8/4/2023 7:12,17821,17826.5,17820,17825,275,0,17858.56787
8/4/2023 7:13,17825.25,17828.75,17824.75,17827.75,253,0,17858.4728
8/4/2023 7:14,17827.5,17828,17823.5,17827,92,0,17858.43736
8/4/2023 7:15,17827.5,17829,17825,17828.75,128,0,17858.39035
8/4/2023 7:16,17828,17831.5,17825.75,17827.25,188,0,17858.32286
8/4/2023 7:17,17827.75,17828.75,17824.5,17824.75,110,0,17858.28068
8/4/2023 7:18,17825.25,17826.75,17821.25,17822.25,157,0,17858.21587
8/4/2023 7:19,17822,17828,17822,17826.5,168,0,17858.15092
8/4/2023 7:20,17826.25,17826.25,17816,17819.25,362,0,17857.99055
8/4/2023 7:21,17819.25,17822.25,17815.75,17817.75,295,0,17857.85424
8/4/2023 7:22,17818,17822,17817,17820.5,183,0,17857.77283
8/4/2023 7:23,17820.5,17821.25,17818.5,17819.5,157,0,17857.70311
8/4/2023 7:24,17819.25,17822.5,17818.25,17821.5,180,0,17857.62559
8/4/2023 7:25,17821.5,17822,17817.75,17818.25,248,0,17857.51523
8/4/2023 7:26,17818,17823.25,17816,17821.25,155,0,17857.44808
8/4/2023 7:27,17821.75,17822.25,17819.25,17821.25,167,0,17857.37745
8/4/2023 7:28,17820.75,17824.5,17817.75,17822.25,190,0,17857.2987
8/4/2023 7:29,17821,17823,17810.25,17811.25,343,0,17857.13109
8/4/2023 7:30,17811.5,17813,17805,17806.5,338,0,17856.9414
8/4/2023 7:31,17806.75,17814,17804.25,17814,427,0,17856.71642
8/4/2023 7:32,17814.5,17818,17812.5,17812.5,279,0,17856.58197
8/4/2023 7:33,17813,17815.75,17811.75,17813.25,160,0,17856.50389
8/4/2023 7:34,17813.5,17815.75,17809.5,17809.75,108,0,17856.449
8/4/2023 7:35,17809.5,17813.25,17809.5,17812.75,107,0,17856.39495
8/4/2023 7:36,17813.25,17817,17811.75,17815.75,186,0,17856.30761
8/4/2023 7:37,17816,17816,17809.5,17810.5,140,0,17856.23764
8/4/2023 7:38,17810.75,17812.25,17802.25,17804,306,0,17856.0654
8/4/2023 7:39,17804,17807.5,17801.75,17805,217,0,17855.94053
8/4/2023 7:40,17805,17808.25,17802.5,17804.25,238,0,17855.80493
8/4/2023 7:41,17804.75,17805.5,17801,17802,190,0,17855.69261
8/4/2023 7:42,17801.75,17806.25,17801.25,17806.25,210,0,17855.5731
8/4/2023 7:43,17806.75,17807.75,17802.5,17806,255,0,17855.4311
8/4/2023 7:44,17806,17807.75,17800.5,17802,188,0,17855.32275
8/4/2023 7:45,17802,17803.25,17798.75,17801.75,294,0,17855.14719
8/4/2023 7:46,17802.5,17803,17792,17793.25,510,0,17854.81638
8/4/2023 7:47,17793,17794.5,17788.75,17792,399,0,17854.54125
8/4/2023 7:48,17792.25,17794.75,17784.25,17786,449,0,17854.2178
8/4/2023 7:49,17785.25,17790.5,17785.25,17790.5,194,0,17854.0799
8/4/2023 7:50,17789.5,17790,17783.5,17787.75,305,0,17853.85876
8/4/2023 7:51,17787,17789,17783.75,17785,191,0,17853.71862
8/4/2023 7:52,17785,17788,17780.25,17786.75,340,0,17853.46722
8/4/2023 7:53,17787.25,17792.5,17787.25,17791.75,332,0,17853.24308
8/4/2023 7:54,17791.5,17794.75,17790.75,17794.75,286,0,17853.06019
8/4/2023 7:55,17794.75,17796.75,17793.25,17795.25,225,0,17852.92109
8/4/2023 7:56,17794.5,17800.5,17792.75,17800,334,0,17852.7253
8/4/2023 7:57,17800,17807,17800,17803.5,631,0,17852.39746
8/4/2023 7:58,17802.75,17806.75,17801,17805,285,0,17852.25306
8/4/2023 7:59,17805.75,17806.25,17803.5,17803.5,83,0,17852.21132
8/4/2023 8:00,17804.25,17804.75,17800.75,17801.75,167,0,17852.12404
8/4/2023 8:01,17801.75,17807.25,17801.75,17806,317,0,17851.96778
8/4/2023 8:02,17806,17806.25,17799.25,17800.5,724,0,17851.59219
8/4/2023 8:03,17800.75,17802,17797.5,17802,124,0,17851.5265
8/4/2023 8:04,17802,17810.5,17802,17806.75,369,0,17851.35457
8/4/2023 8:05,17807.25,17808.5,17805.75,17807.25,135,0,17851.29304
8/4/2023 8:06,17806.5,17807.5,17803.25,17806,180,0,17851.20833
8/4/2023 8:07,17806.5,17806.5,17801,17804.75,208,0,17851.10763
8/4/2023 8:08,17804.75,17809.75,17802.75,17809.25,161,0,17851.0352
8/4/2023 8:09,17809.5,17811.5,17807.5,17809,336,0,17850.89198
8/4/2023 8:10,17808.25,17808.5,17804.25,17804.25,140,0,17850.82736
8/4/2023 8:11,17804.5,17806.25,17802.25,17806.25,89,0,17850.78569
8/4/2023 8:12,17805.75,17807.25,17804.5,17806.5,104,0,17850.73833
8/4/2023 8:13,17805.75,17805.75,17800.25,17801.75,222,0,17850.62968
8/4/2023 8:14,17802,17802,17798.75,17801.5,352,0,17850.45186
8/4/2023 8:15,17801.5,17802,17794.5,17797.5,243,0,17850.3231
8/4/2023 8:16,17796.5,17797.5,17792.25,17793.25,170,0,17850.2271
8/4/2023 8:17,17792.75,17799,17792.75,17797.75,138,0,17850.15243
8/4/2023 8:18,17798.5,17802.25,17798,17798.25,243,0,17850.02877
8/4/2023 8:19,17797.5,17797.5,17790.75,17794,227,0,17849.90147
8/4/2023 8:20,17793.25,17800.25,17793.25,17798.5,152,0,17849.8215
8/4/2023 8:21,17798,17806,17797.75,17805.5,202,0,17849.7272
8/4/2023 8:22,17805,17809.75,17801,17807,309,0,17849.59239
8/4/2023 8:23,17806.75,17811.25,17806.25,17810.25,149,0,17849.53263
8/4/2023 8:24,17810.75,17815.5,17810,17813.5,388,0,17849.39223
8/4/2023 8:25,17813.75,17817.25,17811.75,17816,281,0,17849.29678
8/4/2023 8:26,17816,17818.75,17812.75,17813.5,288,0,17849.19949
8/4/2023 8:27,17814.5,17815.25,17812.5,17812.75,161,0,17849.14297
8/4/2023 8:28,17812,17818.75,17810.5,17818.75,185,0,17849.08279
8/4/2023 8:29,17818.5,17821.25,17810.75,17812,353,0,17848.96395
8/4/2023 8:30,17813.5,17821.25,17811,17816.5,179,0,17848.90677
8/4/2023 8:31,17815,17851.75,17792,17830.5,3287,0,17848.15552
8/4/2023 8:32,17830,17837.5,17814.25,17826.25,1629,0,17847.81924
8/4/2023 8:33,17826.5,17838.5,17814.25,17834.25,1672,0,17847.53056
8/4/2023 8:34,17834,17839,17806,17807.5,1578,0,17847.102
8/4/2023 8:35,17808.5,17812,17798,17803.75,1369,0,17846.58202
8/4/2023 8:36,17804.5,17813,17795.25,17799.5,1090,0,17846.15774
8/4/2023 8:37,17799,17799,17750,17754.25,2892,0,17844.2017
8/4/2023 8:38,17753.75,17781.25,17751.5,17776,1932,0,17842.97851
8/4/2023 8:39,17776.25,17786,17770.25,17785.25,1554,0,17842.16543
8/4/2023 8:40,17785.5,17792.5,17777,17779.25,1303,0,17841.5259
8/4/2023 8:41,17779.75,17810,17771.25,17806.5,2403,0,17840.63571
8/4/2023 8:42,17806.5,17829.5,17804.25,17825.75,2135,0,17840.28112
8/4/2023 8:43,17825.75,17836.75,17816.25,17834.5,1415,0,17840.15696
8/4/2023 8:44,17834.5,17837,17815,17816.5,1358,0,17839.9732
8/4/2023 8:45,17816.75,17831,17816.75,17821.75,1225,0,17839.81392
8/4/2023 8:46,17822,17833.5,17822,17830.25,859,0,17839.73977
8/4/2023 8:47,17829.75,17846.25,17829.25,17841,2019,0,17839.72592
8/4/2023 8:48,17840.25,17842.75,17829.25,17833.25,709,0,17839.70114
8/4/2023 8:49,17834,17848.25,17833.75,17841,1130,0,17839.7121
8/4/2023 8:50,17840.75,17861,17840.5,17853,2333,0,17839.91387
8/4/2023 8:51,17853,17865.75,17853,17856.5,2099,0,17840.19448
8/4/2023 8:52,17856.25,17871.5,17855.25,17864.75,1973,0,17840.52674
8/4/2023 8:53,17864.5,17883,17863.5,17870.25,2331,0,17841.04492
8/4/2023 8:54,17870.25,17885,17867.25,17869.75,1805,0,17841.45655
8/4/2023 8:55,17869.25,17869.25,17861.25,17865.25,631,0,17841.55999
8/4/2023 8:56,17865.5,17868.5,17856,17858.5,710,0,17841.65463
8/4/2023 8:57,17858.5,17859,17852,17852.5,673,0,17841.71363
8/4/2023 8:58,17852.75,17859,17850.75,17853.75,580,0,17841.76404
8/4/2023 8:59,17853.5,17861.25,17850.75,17860.25,524,0,17841.8196
8/4/2023 9:00,17860.5,17868,17860.25,17862.5,656,0,17841.91588
8/4/2023 9:01,17861.25,17863,17854.75,17859.25,686,0,17841.99455
8/4/2023 9:02,17859.75,17864,17857.5,17861.5,469,0,17842.0542
8/4/2023 9:03,17861,17873.5,17860.25,17871.75,823,0,17842.19905
8/4/2023 9:04,17871.25,17878.75,17868.25,17877.25,820,0,17842.37572
8/4/2023 9:05,17877.5,17878.75,17871.25,17874.5,649,0,17842.51455
8/4/2023 9:06,17874.75,17879,17869.5,17870.75,514,0,17842.61776
8/4/2023 9:07,17870.75,17873.5,17867.25,17870.25,529,0,17842.71373
8/4/2023 9:08,17870,17871.25,17863,17866.75,480,0,17842.78979
8/4/2023 9:09,17866.25,17870.5,17862,17865,403,0,17842.85023
8/4/2023 9:10,17865.5,17872.25,17862,17868.5,462,0,17842.92437
8/4/2023 9:11,17867.75,17871.5,17857.25,17858,534,0,17842.9911
8/4/2023 9:12,17858,17859.75,17855.25,17857.5,390,0,17843.0276
8/4/2023 9:13,17858,17861.75,17856.75,17859,296,0,17843.05835
8/4/2023 9:14,17858.75,17860.75,17855.25,17855.75,331,0,17843.08853
8/4/2023 9:15,17856,17867.75,17852.75,17867,562,0,17843.15836
8/4/2023 9:16,17867.25,17868,17861.25,17863.25,473,0,17843.22177
8/4/2023 9:17,17863.5,17866.75,17860.25,17862,314,0,17843.26132
8/4/2023 9:18,17862,17866.75,17859.5,17865,243,0,17843.29298
8/4/2023 9:19,17864,17865.25,17855,17857.5,421,0,17843.33558
8/4/2023 9:20,17857.75,17858.25,17852,17852.5,344,0,17843.35934
8/4/2023 9:21,17853,17857.5,17852.5,17854.25,312,0,17843.38179
8/4/2023 9:22,17854.25,17860.75,17851.25,17859.25,544,0,17843.4287
8/4/2023 9:23,17859.25,17863.75,17855,17863,320,0,17843.46318
8/4/2023 9:24,17862.25,17866.5,17857,17859,433,0,17843.5103
8/4/2023 9:25,17859,17860.75,17854,17854.5,340,0,17843.53773
8/4/2023 9:26,17855.25,17855.25,17842.25,17848.25,959,0,17843.56779
8/4/2023 9:27,17848.25,17858,17847,17856.75,540,0,17843.6024
8/4/2023 9:28,17856,17861.5,17852.5,17855.75,746,0,17843.6621
8/4/2023 9:29,17855.5,17863,17851.75,17861.25,614,0,17843.71868
8/4/2023 9:30,17861.75,17863.25,17855.25,17860.5,616,0,17843.77878
8/4/2023 9:31,17860,17869,17844.75,17866.25,5420,17860,17844.29941
8/4/2023 9:32,17866.75,17885,17865.75,17878.5,4790,17867.70184,17845.18529
8/4/2023 9:33,17878,17883,17866.75,17880.5,3298,17869.91097,17845.77357
8/4/2023 9:34,17880.75,17899.5,17880.25,17898.75,4340,17875.48487,17846.90011
8/4/2023 9:35,17899,17906.75,17895,17903,3623,17879.88871,17847.97147
8/4/2023 9:36,17902,17915.5,17899.5,17914.25,4560,17885.11968,17849.45821
8/4/2023 9:37,17914,17928.25,17913.25,17922.5,4447,17890.40356,17851.1064
8/4/2023 9:38,17923.5,17931.75,17922.75,17926,3493,17894.14938,17852.44624
8/4/2023 9:39,17926.25,17929.75,17915,17919.75,3118,17896.44869,17853.5199
8/4/2023 9:40,17920,17927,17913.25,17920.5,2641,17898.03085,17854.38728
8/4/2023 9:41,17921,17923.25,17905.5,17906.25,3234,17899.05725,17855.28471
8/4/2023 9:42,17906,17906.25,17875.75,17877.5,4857,17897.78186,17856.00233
8/4/2023 9:43,17877.75,17883.5,17869.5,17870,3172,17896.32325,17856.27348
8/4/2023 9:44,17870.25,17871.25,17854.5,17867.75,3842,17894.09357,17856.41827
8/4/2023 9:45,17867.75,17868.5,17844.25,17851.25,3858,17891.50196,17856.38785
8/4/2023 9:46,17851.25,17864.5,17846.25,17860.75,3215,17889.71887,17856.39896
8/4/2023 9:47,17860.5,17880.5,17858.5,17875.75,3504,17888.74738,17856.63144
8/4/2023 9:48,17875.5,17885.25,17873.5,17884,2722,17888.43454,17856.91689
8/4/2023 9:49,17884.5,17889.75,17873.75,17875.5,2457,17888.12936,17857.15572
8/4/2023 9:50,17876,17882,17861,17875,2405,17887.61991,17857.31349
8/4/2023 9:51,17875.75,17886.25,17848.25,17851.25,4121,17886.24637,17857.39234
8/4/2023 9:52,17851.5,17855.25,17806.25,17823,6836,17881.51715,17856.5848
8/4/2023 9:53,17822.5,17835.25,17815.5,17833.75,3197,17879.56004,17856.22226
8/4/2023 9:54,17833.75,17841.5,17819,17821.75,2770,17877.95376,17855.90734
8/4/2023 9:55,17822,17833.5,17816.25,17820.75,2175,17876.66773,17855.63152
8/4/2023 9:56,17820.75,17825.5,17809,17818,3068,17874.76019,17855.17915
8/4/2023 9:57,17818.25,17818.5,17788.75,17794,3968,17871.78438,17854.35161
8/4/2023 9:58,17793.5,17803.25,17788.25,17803.25,2643,17869.87475,17853.79254
8/4/2023 9:59,17802.75,17808,17791.75,17804.25,2624,17868.15199,17853.27862
8/4/2023 10:00,17804.25,17809.75,17796,17796.75,1794,17867.01471,17852.92969
8/4/2023 10:01,17797.5,17800.25,17786,17795,2875,17865.08346,17852.30536
8/4/2023 10:02,17795,17803.25,17791,17794.25,2485,17863.54822,17851.79807
8/4/2023 10:03,17794.25,17797.5,17770.5,17775.75,3642,17860.94627,17850.87598
8/4/2023 10:04,17775,17781.5,17763.25,17769.25,3182,17858.53743,17849.97789
8/4/2023 10:05,17769.25,17776.5,17753.5,17772.25,3655,17855.80823,17848.92086
8/4/2023 10:06,17772,17776.75,17757,17760.5,2651,17853.87215,17848.14643
8/4/2023 10:07,17760,17764,17741,17744,3523,17851.00864,17846.95686
8/4/2023 10:08,17744.5,17762,17742.5,17756,2804,17848.92165,17846.06692
8/4/2023 10:09,17756.25,17771.25,17756,17767.25,2508,17847.34213,17845.38087
8/4/2023 10:10,17767.5,17774.75,17760,17772.75,1803,17846.30052,17844.92093
8/4/2023 10:11,17772.25,17791.25,17771,17788,3303,17844.80217,17844.24842
8/4/2023 10:12,17787.5,17797.25,17784.75,17791,2682,17843.78099,17843.77981
8/4/2023 10:13,17790.75,17804.75,17785.25,17800.75,3228,17842.73433,17843.28863
8/4/2023 10:14,17801,17802,17784.5,17785.5,1831,17842.08296,17842.97763
8/4/2023 10:15,17785.5,17788.75,17779.25,17780.25,1740,17841.38589,17842.64127
8/4/2023 10:16,17779.75,17782.75,17764,17771,2504,17840.24198,17842.08269
8/4/2023 10:17,17771.5,17792.75,17770.75,17788.25,2237,17839.41762,17841.67131
8/4/2023 10:18,17789.25,17800,17785.25,17795,1803,17838.88131,17841.3978
8/4/2023 10:19,17795.25,17803.25,17794,17798.75,1381,17838.52537,17841.21309
8/4/2023 10:20,17797.75,17816.75,17796.5,17812,2660,17838.02068,17840.94228
8/4/2023 10:21,17812.5,17823.25,17809.5,17814.5,2017,17837.74116,17840.78553
8/4/2023 10:22,17814.25,17817.75,17795.5,17800.5,2266,17837.28013,17840.53421
8/4/2023 10:23,17801,17807.5,17788.5,17806.75,1797,17836.88354,17840.31731
8/4/2023 10:24,17806.25,17812.5,17803.25,17811.75,1271,17836.67138,17840.19714
8/4/2023 10:25,17811.5,17825,17809.25,17824.5,1842,17836.48389,17840.08254
8/4/2023 10:26,17824.25,17828.75,17812.25,17813,2166,17836.24845,17839.93912
8/4/2023 10:27,17814,17818,17807.75,17809,1466,17836.03762,17839.81502
8/4/2023 10:28,17809.5,17811.75,17800.75,17805.5,1278,17835.81546,17839.68649
8/4/2023 10:29,17806,17811,17797,17806.5,1197,17835.60231,17839.56286
8/4/2023 10:30,17805.75,17816.5,17802.25,17814,1274,17835.42287,17839.45511
8/4/2023 10:31,17813.75,17821.75,17812.25,17816.25,2020,17835.21011,17839.32051
8/4/2023 10:32,17816.75,17835,17813,17828.75,2482,17835.07719,17839.22117
8/4/2023 10:33,17828.5,17852.75,17828.25,17850,3747,17835.25257,17839.26917
8/4/2023 10:34,17850.25,17855.25,17843.75,17853,2138,17835.43009,17839.33898
8/4/2023 10:35,17853.25,17860,17849.5,17851.75,2258,17835.65023,17839.43159
8/4/2023 10:36,17851.5,17857.5,17846,17853,1553,17835.78561,17839.48763
8/4/2023 10:37,17853.5,17855.5,17847.25,17851.75,1106,17835.87681,17839.52516
8/4/2023 10:38,17851.5,17864,17851.25,17860.5,1943,17836.10599,17839.62919
8/4/2023 10:39,17861,17865.25,17853.25,17857.25,1601,17836.29138,17839.71406
8/4/2023 10:40,17857,17858.75,17844.5,17844.75,1429,17836.38669,17839.75235
8/4/2023 10:41,17844.5,17856.25,17837,17851.25,2099,17836.5118,17839.80126
8/4/2023 10:42,17851.25,17855.5,17847.5,17847.5,964,17836.57808,17839.82886
8/4/2023 10:43,17848,17851.5,17833.25,17836.5,1415,17836.60523,17839.83115
8/4/2023 10:44,17836.25,17843.5,17834.5,17839.75,1188,17836.62085,17839.82925
8/4/2023 10:45,17838.75,17849.5,17836,17849.25,1299,17836.67406,17839.84731
8/4/2023 10:46,17848.75,17856.75,17846.25,17848.75,1860,17836.80066,17839.9016
8/4/2023 10:47,17848.25,17855,17844.5,17848.25,895,17836.85494,17839.92429
8/4/2023 10:48,17847.75,17855.25,17845.5,17853.5,778,17836.90992,17839.94849
8/4/2023 10:49,17853.75,17854.5,17840,17842.5,1092,17836.95609,17839.96534
8/4/2023 10:50,17842.5,17854.25,17840.5,17849,1034,17837.01053,17839.98747
8/4/2023 10:51,17848.5,17848.75,17841,17841.75,960,17837.04186,17839.99738
8/4/2023 10:52,17841.25,17843,17836.75,17840.25,1192,17837.05862,17839.99738
8/4/2023 10:53,17840.25,17856.5,17840.25,17852.5,1524,17837.14992,17840.03699
8/4/2023 10:54,17852.5,17862.5,17851.75,17859.25,1495,17837.29487,17840.1076
8/4/2023 10:55,17858.5,17873.75,17855.75,17871.75,2289,17837.61109,17840.27049
8/4/2023 10:56,17871.75,17876.75,17868,17872.75,1854,17837.90852,17840.42735
8/4/2023 10:57,17872.5,17873.75,17867.75,17872,857,17838.03907,17840.49635
8/4/2023 10:58,17871.75,17871.75,17860.5,17861.75,1273,17838.19342,17840.57668
8/4/2023 10:59,17861.5,17865.25,17858.25,17863.25,779,17838.27845,17840.62066
8/4/2023 11:00,17862.5,17870.25,17858.75,17867.25,902,17838.38907,17840.6788
8/4/2023 11:01,17867.25,17874.25,17859.5,17869.5,1711,17838.61434,17840.79866
8/4/2023 11:02,17869.25,17880,17868.75,17876.25,1284,17838.82265,17840.91191
8/4/2023 11:03,17876.5,17882.5,17872.75,17881.25,1128,17839.02287,17841.02192
8/4/2023 11:04,17881.5,17885,17878.5,17884.25,979,17839.21124,17841.12629
8/4/2023 11:05,17884.25,17886.25,17879,17883.5,1036,17839.41033,17841.23705
8/4/2023 11:06,17884,17885.25,17878,17885.25,1031,17839.60629,17841.34648
8/4/2023 11:07,17885.25,17891.25,17883,17889,1625,17839.94632,17841.53809
8/4/2023 11:08,17888.5,17895,17886.5,17893,1270,17840.22932,17841.69881
8/4/2023 11:09,17892.75,17900.75,17891.25,17898.5,1867,17840.68245,17841.95831
8/4/2023 11:10,17898.5,17900.5,17892,17896,1173,17840.96012,17842.11814
8/4/2023 11:11,17896.75,17899.75,17891.25,17892,1045,17841.19702,17842.25493
8/4/2023 11:12,17892.5,17893.5,17882,17882.5,1631,17841.50525,17842.43307
8/4/2023 11:13,17882.5,17882.75,17873.75,17879.25,1702,17841.76955,17842.58604
8/4/2023 11:14,17879,17880.75,17872.75,17877,1146,17841.93704,17842.68334
8/4/2023 11:15,17877.75,17879.5,17874.25,17875.25,821,17842.05434,17842.75169
8/4/2023 11:16,17875,17885.5,17874.75,17879.5,997,17842.2105,17842.84314
8/4/2023 11:17,17879,17886.5,17877.5,17883.75,698,17842.32674,17842.91148
8/4/2023 11:18,17884.5,17889.75,17879.5,17880.5,1131,17842.51677,17843.02357
8/4/2023 11:19,17880,17880.25,17868.75,17870.25,1758,17842.73581,17843.15285
8/4/2023 11:20,17870.5,17876.25,17869.5,17875.75,820,17842.83941,17843.21427
8/4/2023 11:21,17876,17881,17870.25,17878.25,1025,17842.979,17843.29736
8/4/2023 11:22,17878,17881.25,17873.5,17879,667,17843.07303,17843.3535
8/4/2023 11:23,17878.75,17883.75,17875.25,17881.25,627,17843.16643,17843.40941
8/4/2023 11:24,17881.25,17884.75,17875,17876.25,930,17843.29881,17843.48884
8/4/2023 11:25,17876,17883.25,17874,17882.5,657,17843.39502,17843.54672
8/4/2023 11:26,17882.5,17888.25,17880.75,17887.75,691,17843.51129,17843.61685
8/4/2023 11:27,17888.25,17888.5,17883.5,17885.75,492,17843.59433,17843.66703
8/4/2023 11:28,17885.5,17892.25,17884.25,17891.25,750,17843.73022,17843.74933
8/4/2023 11:29,17891.5,17893.5,17887,17891.25,701,17843.8602,17843.82822
8/4/2023 11:30,17891,17893.75,17888,17891.25,578,17843.96779,17843.89365
8/4/2023 11:31,17891.25,17894.5,17887.5,17890.75,969,17844.14674,17844.00274
8/4/2023 11:32,17890.75,17890.75,17883.5,17885,768,17844.27404,17844.08059
8/4/2023 11:33,17884.75,17891.5,17884.5,17886.75,646,17844.38349,17844.14764
8/4/2023 11:34,17886.5,17890.5,17882.5,17890,777,17844.51464,17844.22818
8/4/2023 11:35,17889.75,17891,17884.5,17889.25,616,17844.61946,17844.29267
8/4/2023 11:36,17889.5,17890.5,17880,17887.25,1029,17844.78412,17844.39428
8/4/2023 11:37,17887,17896.25,17885.75,17886.25,1415,17845.02751,17844.54491
8/4/2023 11:38,17886.25,17886.75,17872.25,17873.75,1249,17845.18347,17844.6422
8/4/2023 11:39,17873.75,17883,17873.5,17881.25,862,17845.29573,17844.71238
8/4/2023 11:40,17881.5,17888,17876.25,17877,1044,17845.43534,17844.79987
8/4/2023 11:41,17876.75,17880,17873.75,17878.25,850,17845.53824,17844.86464
8/4/2023 11:42,17878,17880.5,17873,17877.75,731,17845.62551,17844.91971
8/4/2023 11:43,17877.75,17894.25,17877.75,17892,1236,17845.82282,17845.04386
8/4/2023 11:44,17892.25,17905.75,17891.25,17905.5,2028,17846.2399,17845.30641
8/4/2023 11:45,17905.75,17910.75,17900.5,17904.25,2288,17846.73968,17845.62255
8/4/2023 11:46,17904.75,17914.75,17904,17908,1933,17847.18203,17845.90371
8/4/2023 11:47,17908.25,17918.25,17908,17916.75,1416,17847.53019,17846.12566
8/4/2023 11:48,17916.75,17922.75,17914.25,17921.5,1567,17847.94075,17846.38809
8/4/2023 11:49,17922,17926.75,17920.5,17923.25,1519,17848.3563,17846.65451
8/4/2023 11:50,17923.25,17926.25,17921.25,17922.75,902,17848.60063,17846.81168
8/4/2023 11:51,17922.75,17929.25,17920.75,17928.75,1483,17849.01398,17847.07819
8/4/2023 11:52,17928.75,17929.5,17918.5,17918.75,1485,17849.40229,17847.32987
8/4/2023 11:53,17918.75,17918.75,17909.25,17913.75,1916,17849.84064,17847.61629
8/4/2023 11:54,17914,17921.5,17913,17920,922,17850.06331,17847.76202
8/4/2023 11:55,17919.75,17925,17917.25,17918.75,956,17850.29996,17847.91712
8/4/2023 11:56,17919,17922.25,17917.75,17920.5,691,17850.46962,17848.02855
8/4/2023 11:57,17921.75,17925.75,17920.25,17925,682,17850.64463,17848.14352
8/4/2023 11:58,17925.75,17926,17915,17916.5,1061,17850.89857,17848.31107
8/4/2023 11:59,17916.5,17920,17913.25,17916,773,17851.07499,17848.42792
8/4/2023 12:00,17916,17921.5,17914,17918.5,649,17851.22595,17848.528
8/4/2023 12:01,17919,17922.75,17917,17919.75,689,17851.38985,17848.63673
8/4/2023 12:02,17919.75,17922.75,17916.25,17919.25,608,17851.53295,17848.73184
8/4/2023 12:03,17919.75,17920.5,17912.5,17913.5,460,17851.6346,17848.79965
8/4/2023 12:04,17913.5,17919.5,17912.75,17917.75,619,17851.77336,17848.89227
8/4/2023 12:05,17918,17919.75,17913.5,17916.75,492,17851.88323,17848.96571
8/4/2023 12:06,17916.25,17917.75,17910.75,17913.25,613,17852.01382,17849.05329
8/4/2023 12:07,17913.5,17913.75,17903,17905,1141,17852.2294,17849.19897
8/4/2023 12:08,17905,17907.25,17898,17902,1510,17852.48729,17849.37469
8/4/2023 12:09,17901.5,17902.75,17899.5,17900.25,503,17852.5699,17849.43123
8/4/2023 12:10,17900.75,17904,17898.5,17899,485,17852.64875,17849.48528
8/4/2023 12:11,17898.5,17903.5,17896.5,17902,848,17852.78645,17849.5798
8/4/2023 12:12,17902,17906,17900,17905,617,17852.8924,17849.65239
8/4/2023 12:13,17905,17911,17901,17904,912,17853.05331,17849.76262
8/4/2023 12:14,17903.5,17913.5,17902.75,17912.75,627,17853.17249,17849.84404
8/4/2023 12:15,17913,17920.25,17911.5,17918.5,1189,17853.42528,17850.01605
8/4/2023 12:16,17918.5,17919.25,17912.5,17916.75,697,17853.57118,17850.1156
8/4/2023 12:17,17916.5,17917.5,17908.75,17911,500,17853.66918,17850.18278
8/4/2023 12:18,17911.25,17912.25,17903.75,17908.75,715,17853.79886,17850.27218
8/4/2023 12:19,17908.75,17914.5,17906.25,17913.5,474,17853.88946,17850.33452
8/4/2023 12:20,17913.5,17918,17910.75,17914.5,783,17854.04629,17850.44228
8/4/2023 12:21,17914.75,17917,17911.5,17916.25,568,17854.16048,17850.52083
8/4/2023 12:22,17916.5,17916.75,17907.25,17908.5,457,17854.24589,17850.57989
8/4/2023 12:23,17908.5,17913,17901.25,17904.25,706,17854.36649,17850.66385
8/4/2023 12:24,17904.75,17908.75,17903.5,17906,380,17854.43107,17850.70888
8/4/2023 12:25,17906.5,17920.75,17906,17920,1257,17854.68263,17850.88274
8/4/2023 12:26,17919.75,17937.25,17919.25,17933.75,3613,17855.56372,17851.48818
8/4/2023 12:27,17934.25,17938.25,17929.5,17932,1310,17855.89149,17851.71417
8/4/2023 12:28,17932.75,17935.5,17930.5,17933.5,902,17856.11532,17851.86889
8/4/2023 12:29,17933.5,17939.25,17932,17936.5,979,17856.36542,17852.04182
8/4/2023 12:30,17936.75,17940.75,17935.75,17939,819,17856.5802,17852.19038
8/4/2023 12:31,17939.5,17945.75,17936,17938.25,1841,17857.06769,17852.52823
8/4/2023 12:32,17938.5,17939,17931.75,17935.25,872,17857.28372,17852.67886
8/4/2023 12:33,17935.25,17939,17933,17938.25,774,17857.47795,17852.81439
8/4/2023 12:34,17937.75,17939.25,17932,17933.75,626,17857.63089,17852.9214
8/4/2023 12:35,17933.5,17936.25,17932.25,17934.75,295,17857.70221,17852.97138
8/4/2023 12:36,17935,17936.25,17930,17930.25,556,17857.83234,17853.06281
8/4/2023 12:37,17931,17935,17930,17931.25,439,17857.93465,17853.13477
8/4/2023 12:38,17931,17941.25,17931,17941.25,585,17858.08109,17853.23743
8/4/2023 12:39,17941,17944,17939.75,17941.25,671,17858.25643,17853.3602
8/4/2023 12:40,17941.25,17943.5,17940.25,17942.25,483,17858.3827,17853.4487
8/4/2023 12:41,17942.5,17944,17940.5,17940.75,494,17858.51107,17853.53877
8/4/2023 12:42,17940.75,17942.5,17937.5,17938.75,573,17858.6556,17853.64046
8/4/2023 12:43,17939.5,17942.5,17936.5,17942,449,17858.76954,17853.72067
8/4/2023 12:44,17941.75,17949.25,17941.75,17947.25,1169,17859.08553,17853.94262
8/4/2023 12:45,17947,17956.5,17946.25,17956.5,1412,17859.49462,17854.22954
8/4/2023 12:46,17956.75,17958.5,17950.75,17953.5,1444,17859.91449,17854.5247
8/4/2023 12:47,17954,17954.25,17949.5,17952.75,483,17860.05102,17854.62098
8/4/2023 12:48,17951.75,17952.25,17945.5,17948.5,629,17860.22164,17854.74171
8/4/2023 12:49,17949,17949.25,17945,17945,508,17860.35534,17854.83656
8/4/2023 12:50,17945.25,17947.25,17942.75,17946.5,564,17860.50172,17854.9406
8/4/2023 12:51,17946.5,17946.75,17941.75,17943.5,488,17860.62574,17855.02893
8/4/2023 12:52,17944,17949,17941.25,17944.5,579,17860.77403,17855.13459
8/4/2023 12:53,17944.75,17949.25,17944.25,17949,369,17860.87115,17855.20373
8/4/2023 12:54,17949,17952,17948,17951.25,511,17861.00981,17855.30233
8/4/2023 12:55,17950.75,17953.75,17948.25,17951,613,17861.17666,17855.42106
8/4/2023 12:56,17951.5,17951.5,17946,17947.25,430,17861.28975,17855.50178
8/4/2023 12:57,17947,17947,17939.75,17942.5,629,17861.44487,17855.61304
8/4/2023 12:58,17942.75,17949.25,17940.75,17947.25,513,17861.57506,17855.70634
8/4/2023 12:59,17946.75,17947.5,17942.75,17944.5,257,17861.63948,17855.75257
8/4/2023 13:00,17944.75,17947.5,17942.25,17943.75,335,17861.72289,17855.81248
8/4/2023 13:01,17943.5,17946.5,17941.5,17942.75,600,17861.87022,17855.91848
8/4/2023 13:02,17942.75,17944.75,17933.25,17934.75,839,17862.06028,17856.05615
8/4/2023 13:03,17934.75,17940.5,17934.5,17936,719,17862.22115,17856.17292
8/4/2023 13:04,17936.5,17939,17933.75,17935.25,421,17862.31377,17856.2403
8/4/2023 13:05,17935.25,17935.75,17924.25,17930.5,1361,17862.58802,17856.44145
8/4/2023 13:06,17930.5,17932,17916.25,17917.75,2070,17862.95102,17856.71165
8/4/2023 13:07,17917.75,17919.5,17910,17915.5,1467,17863.17542,17856.88141
8/4/2023 13:08,17915.75,17921.75,17915.25,17916.5,986,17863.33334,17857.00049
8/4/2023 13:09,17916.75,17922.5,17916,17920.5,679,17863.44521,17857.08468
8/4/2023 13:10,17920.5,17925.25,17919.75,17924,839,17863.59098,17857.19393
8/4/2023 13:11,17924,17924.5,17914.75,17916.75,1115,17863.76956,17857.32903
8/4/2023 13:12,17917,17921,17914,17919.5,747,17863.88747,17857.41848
8/4/2023 13:13,17919.5,17921.75,17913.75,17917.25,554,17863.97365,17857.48401
8/4/2023 13:14,17917.75,17919.25,17916.25,17918,312,17864.02229,17857.521
8/4/2023 13:15,17917.75,17922.5,17917.75,17920.75,353,17864.07976,17857.56454
8/4/2023 13:16,17920.75,17921,17912.5,17912.75,627,17864.17266,17857.63567
8/4/2023 13:17,17913,17914.75,17907.75,17914.25,856,17864.29115,17857.7272
8/4/2023 13:18,17913.75,17922.75,17913.25,17921.25,487,17864.36787,17857.78564
8/4/2023 13:19,17920.75,17926.5,17916.75,17926,775,17864.4984,17857.88447
8/4/2023 13:20,17926,17926,17921.5,17923,880,17864.64697,17857.99705
8/4/2023 13:21,17923,17924.75,17917.25,17917.25,552,17864.73387,17858.06343
8/4/2023 13:22,17916.75,17917.25,17912.25,17914.5,573,17864.81548,17858.12653
8/4/2023 13:23,17914.75,17920.75,17911.75,17917.25,455,17864.88258,17858.17823
8/4/2023 13:24,17917.5,17919.25,17914,17918.75,423,17864.9457,17858.22682
8/4/2023 13:25,17918.25,17918.25,17910.5,17911,522,17865.01733,17858.28254
8/4/2023 13:26,17910.5,17912.75,17892,17893.5,3028,17865.31072,17858.52277
8/4/2023 13:27,17893.75,17893.75,17881.5,17886.25,2408,17865.45796,17858.65519
8/4/2023 13:28,17886.25,17899,17883,17897.25,1779,17865.59478,17858.77237
8/4/2023 13:29,17896.75,17901.75,17894.5,17897.25,1063,17865.6899,17858.85166
8/4/2023 13:30,17897.5,17903,17896.75,17899.5,743,17865.76,17858.9096
8/4/2023 13:31,17899.5,17905.5,17895.25,17905.25,1052,17865.86529,17858.99585
8/4/2023 13:32,17905.5,17907.25,17901.75,17904.75,864,17865.95746,17859.07068
8/4/2023 13:33,17904.25,17904.5,17892.75,17897.25,865,17866.03405,17859.13482
8/4/2023 13:34,17897.25,17899.75,17892,17898.5,619,17866.08622,17859.17893
8/4/2023 13:35,17898,17902.75,17895.25,17902.25,520,17866.13466,17859.21918
8/4/2023 13:36,17902.75,17903,17895.25,17895.25,480,17866.1763,17859.25423
8/4/2023 13:37,17895.75,17899,17893.75,17897,367,17866.20681,17859.28012
8/4/2023 13:38,17896.5,17901.5,17892.75,17893.25,457,17866.24378,17859.31165
8/4/2023 13:39,17893.75,17896.25,17890.5,17891,568,17866.28456,17859.34729
8/4/2023 13:40,17890.75,17898.25,17889.25,17894.5,595,17866.32945,17859.38613
8/4/2023 13:41,17894,17895.75,17885,17894.75,1220,17866.41385,17859.46053
8/4/2023 13:42,17894.75,17904,17894,17903.75,913,17866.49827,17859.53097
8/4/2023 13:43,17904,17904.75,17891,17895.25,854,17866.5686,17859.59091
8/4/2023 13:44,17894.75,17897.25,17893.5,17896.75,504,17866.60837,17859.6251
8/4/2023 13:45,17897,17900.75,17894.75,17900.75,365,17866.63997,17859.6518
8/4/2023 13:46,17900.5,17907.75,17899,17903.5,718,17866.71095,17859.71049
8/4/2023 13:47,17903.25,17912.75,17902.25,17908.75,1093,17866.83167,17859.8087
8/4/2023 13:48,17908.75,17913.25,17907.5,17912.5,631,17866.90639,17859.86893
8/4/2023 13:49,17912.5,17918.75,17911,17915.25,1006,17867.03551,17859.97199
8/4/2023 13:50,17915,17917.5,17906.75,17910.5,905,17867.14284,17860.05863
8/4/2023 13:51,17910,17911.75,17907,17911,448,17867.1938,17860.10004
8/4/2023 13:52,17910.75,17911.75,17897.25,17901.5,1331,17867.32184,17860.20684
8/4/2023 13:53,17901.25,17904.5,17900.5,17904,563,17867.37499,17860.25134
8/4/2023 13:54,17903.5,17905.5,17899.5,17899.75,382,17867.40953,17860.28048
8/4/2023 13:55,17900,17903.75,17894,17896.75,689,17867.46544,17860.3286
8/4/2023 13:56,17896,17897.25,17875.25,17881.25,2354,17867.5711,17860.4334
8/4/2023 13:57,17881.5,17883.5,17875.25,17879,1104,17867.60481,17860.47145
8/4/2023 13:58,17879,17883.5,17873.75,17880.75,1013,17867.63579,17860.50638
8/4/2023 13:59,17880.5,17883,17864.25,17867.5,1761,17867.65383,17860.54193
8/4/2023 14:00,17867.5,17875.25,17866.5,17873.25,1262,17867.66693,17860.56746
8/4/2023 14:01,17873.25,17873.25,17854.75,17857.75,2707,17867.62694,17860.57407
8/4/2023 14:02,17858,17859,17836.25,17840.25,4093,17867.39321,17860.4608
8/4/2023 14:03,17840,17841,17829.5,17838.75,2764,17867.17705,17860.34203
8/4/2023 14:04,17838.75,17842.25,17833,17833,1394,17867.068,17860.28174
8/4/2023 14:05,17833.75,17836.5,17813.5,17816,2373,17866.80054,17860.12048
8/4/2023 14:06,17816,17827.25,17807.75,17810.25,3814,17866.3119,17859.81759
8/4/2023 14:07,17810,17825.5,17809.25,17823.5,2024,17866.07794,17859.67392
8/4/2023 14:08,17823.25,17827.5,17811.25,17815.5,2010,17865.84132,17859.52755
8/4/2023 14:09,17815.75,17827,17810.75,17820.75,1671,17865.65216,17859.41078
8/4/2023 14:10,17821,17829.5,17816,17826.25,1740,17865.47552,17859.30329
8/4/2023 14:11,17826,17826.25,17813,17816.25,1256,17865.33244,17859.21429
8/4/2023 14:12,17816,17827,17813,17824,1111,17865.21422,17859.14134
8/4/2023 14:13,17823.75,17832,17818.5,17831.5,1477,17865.07938,17859.06012
8/4/2023 14:14,17831.75,17838.5,17829.5,17835,1474,17864.97056,17858.99727
8/4/2023 14:15,17834.5,17836,17825.25,17826.5,1030,17864.88242,17858.94452
8/4/2023 14:16,17826.25,17827.75,17814.25,17820,1583,17864.71539,17858.8405
8/4/2023 14:17,17819.5,17821.5,17813,17817.75,1218,17864.57831,17858.75406
8/4/2023 14:18,17818,17825.5,17815.75,17820.75,780,17864.49696,17858.70323
8/4/2023 14:19,17820.75,17821.75,17791.5,17792.25,3358,17864.00115,17858.37837
8/4/2023 14:20,17792.25,17801.75,17785.5,17799,2420,17863.61228,17858.12024
8/4/2023 14:21,17799,17799,17782.5,17785.25,1918,17863.27812,17857.8961
8/4/2023 14:22,17784.75,17793.75,17781.25,17784.75,1657,17862.98285,17857.69712
8/4/2023 14:23,17784.75,17786,17771.5,17777.25,2227,17862.54668,17857.4003
8/4/2023 14:24,17777.25,17785.25,17772.75,17779.25,1918,17862.17828,17857.1491
8/4/2023 14:25,17779.25,17779.25,17767.75,17771.75,1534,17861.86428,17856.93358
8/4/2023 14:26,17771,17774.75,17763,17763.5,2139,17861.40164,17856.61415
8/4/2023 14:27,17763,17782.75,17763,17781.5,1960,17861.02025,17856.35157
8/4/2023 14:28,17782,17782.75,17774.75,17781.75,1544,17860.73617,17856.15614
8/4/2023 14:29,17781.25,17789.75,17779,17783,1740,17860.43475,17855.94903
8/4/2023 14:30,17783,17786.75,17771,17771.25,1378,17860.17423,17855.76867
8/4/2023 14:31,17771.75,17785,17769,17784,1686,17859.86898,17855.55739
8/4/2023 14:32,17783.5,17784.5,17772.75,17776,966,17859.69171,17855.43437
8/4/2023 14:33,17776,17776,17760,17766.75,2083,17859.26494,17855.13585
8/4/2023 14:34,17767,17775.5,17758.5,17760.25,1997,17858.84696,17854.84237
8/4/2023 14:35,17760.75,17770,17753.75,17767.25,2000,17858.42726,17854.54683
8/4/2023 14:36,17767.5,17768,17756.75,17762.75,1406,17858.13082,17854.33756
8/4/2023 14:37,17762,17767,17756.25,17757.25,1040,17857.9074,17854.17946
8/4/2023 14:38,17756.75,17761,17751.25,17755,1094,17857.66291,17854.00593
8/4/2023 14:39,17755,17757.5,17743.5,17746,1987,17857.1926,17853.67078
8/4/2023 14:40,17746.25,17746.25,17731.75,17734.75,3000,17856.41608,17853.11405
8/4/2023 14:41,17734.5,17746,17733.5,17739,2054,17855.89869,17852.74221
8/4/2023 14:42,17739,17746,17734,17743.5,1096,17855.62841,17852.5477
8/4/2023 14:43,17743.25,17753.25,17737,17747.75,1591,17855.25479,17852.27875
8/4/2023 14:44,17748.25,17749.75,17726.75,17728.75,2044,17854.73092,17851.89991
8/4/2023 14:45,17728.75,17744,17723.25,17742.25,2180,17854.18376,17851.50343
8/4/2023 14:46,17742,17742.75,17729.5,17730.5,1954,17853.68832,17851.14345
8/4/2023 14:47,17730.25,17737.25,17724.75,17726.75,1398,17853.32261,17850.87703
8/4/2023 14:48,17727.25,17729.5,17720.5,17728,1537,17852.91144,17850.57685
8/4/2023 14:49,17727.5,17738.75,17722.25,17736,1616,17852.50342,17850.27875
8/4/2023 14:50,17735.75,17736.75,17730.75,17735.75,991,17852.25888,17850.09991
8/4/2023 14:51,17736.25,17749.25,17734.25,17747.75,1571,17851.90384,17849.8403
8/4/2023 14:52,17747.75,17762,17746.75,17761,2122,17851.48441,17849.53383
8/4/2023 14:53,17761.5,17764.75,17751.25,17752,2074,17851.07552,17849.23436
8/4/2023 14:54,17752.5,17752.5,17729.75,17730,2384,17850.51879,17848.82434
8/4/2023 14:55,17729.5,17730.5,17723.5,17724.25,1818,17850.05571,17848.48208
8/4/2023 14:56,17724.25,17724.5,17707.5,17709.75,2540,17849.35154,17847.95987
8/4/2023 14:57,17710,17718.25,17707.25,17717.25,1805,17848.85677,17847.59214
8/4/2023 14:58,17717,17731,17715.25,17730.25,1502,17848.48198,17847.31337
8/4/2023 14:59,17729.75,17731.75,17724.75,17729.5,1019,17848.23553,17847.12986
8/4/2023 15:00,17729.75,17735,17721.25,17722.25,1510,17847.86458,17846.85326
8/4/2023 15:01,17722.5,17738.25,17718.75,17736,1746,17847.45538,17846.54775
8/4/2023 15:02,17736,17739.5,17724,17734.25,1620,17847.08339,17846.26958
8/4/2023 15:03,17733.75,17741.75,17730,17735.5,1432,17846.76561,17846.03164
8/4/2023 15:04,17735.5,17741.75,17728,17729,1538,17846.41767,17845.7707
8/4/2023 15:05,17728.75,17733,17723.25,17727.5,1262,17846.12124,17845.54803
8/4/2023 15:06,17727.25,17733.5,17717.25,17718.5,1050,17845.86569,17845.35582
8/4/2023 15:07,17718.25,17726.75,17717,17724.5,1302,17845.54943,17845.11767
8/4/2023 15:08,17724.75,17730.75,17721,17725.75,858,17845.34712,17844.96517
8/4/2023 15:09,17726,17727.25,17717,17719.25,935,17845.11885,17844.79295
8/4/2023 15:10,17719.75,17726.25,17710,17715,1538,17844.73287,17844.50137
8/4/2023 15:11,17714.75,17725.75,17712.75,17724,1134,17844.45808,17844.29353
8/4/2023 15:12,17724.25,17740.5,17722.5,17737.75,1487,17844.13657,17844.05009
8/4/2023 15:13,17738.25,17748.5,17732.75,17743.25,1588,17843.81972,17843.80985
8/4/2023 15:14,17743.75,17748,17739,17747.5,1007,17843.62632,17843.66303
8/4/2023 15:15,17747.5,17750.5,17740.25,17748.25,1077,17843.42343,17843.50885
8/4/2023 15:16,17748.5,17757.25,17745.75,17754.25,1849,17843.09879,17843.26181
8/4/2023 15:17,17754,17757,17743.25,17743.5,1247,17842.87034,17843.08774
8/4/2023 15:18,17743.5,17748.25,17736.5,17747,1176,17842.64688,17842.91728
8/4/2023 15:19,17747,17748.5,17729.25,17731.25,1472,17842.3472,17842.68846
8/4/2023 15:20,17731.25,17735.75,17729.25,17729.75,908,17842.15495,17842.54153
8/4/2023 15:21,17730,17742.5,17725.5,17740.75,1256,17841.90129,17842.34744
8/4/2023 15:22,17740.5,17743,17725.5,17726,1089,17841.67249,17842.17222
8/4/2023 15:23,17725.75,17728.5,17719.75,17720.5,1054,17841.43476,17841.99004
8/4/2023 15:24,17720.25,17727.25,17717.5,17723.5,1101,17841.1871,17841.80007
8/4/2023 15:25,17723.5,17727,17718.25,17720.25,762,17841.01498,17841.66794
8/4/2023 15:26,17720.5,17725.5,17719.75,17721.5,700,17840.85785,17841.54723
8/4/2023 15:27,17721.75,17724.75,17715.25,17716.75,1008,17840.62597,17841.369
8/4/2023 15:28,17717.25,17718.25,17710.75,17713.75,1179,17840.34552,17841.15327
8/4/2023 15:29,17713.5,17714.5,17709.25,17713,834,17840.14475,17840.99871
8/4/2023 15:30,17712.5,17727.25,17710.25,17726.25,1184,17839.88078,17840.79522
8/4/2023 15:31,17726.25,17735,17725.25,17731,1663,17839.5405,17840.53239
8/4/2023 15:32,17730.75,17735.25,17724.5,17735,1099,17839.31917,17840.36122
8/4/2023 15:33,17735.25,17739.5,17732.5,17734.75,1011,17839.12389,17840.21001
8/4/2023 15:34,17735.25,17737.5,17721.75,17723.25,872,17838.94295,17840.06988
8/4/2023 15:35,17723.25,17727.5,17719.75,17721.5,801,17838.77044,17839.93624
8/4/2023 15:36,17721.75,17729.25,17711.5,17713.75,1438,17838.44938,17839.68738
8/4/2023 15:37,17713.25,17721.5,17713,17718.25,939,17838.23964,17839.52465
8/4/2023 15:38,17718.25,17723.5,17715.75,17719.5,705,17838.08525,17839.40475
8/4/2023 15:39,17719.25,17720.25,17700.25,17701.5,2146,17837.56942,17839.0041
8/4/2023 15:40,17701.75,17705.5,17698.5,17702,1878,17837.10299,17838.64136
8/4/2023 15:41,17702.25,17709,17697.5,17702.25,1771,17836.66903,17838.30332
8/4/2023 15:42,17701.75,17705.75,17697,17698.75,944,17836.4347,17838.12062
8/4/2023 15:43,17698.75,17706,17696.5,17701.75,1311,17836.11279,17837.86937
8/4/2023 15:44,17702,17703.25,17693,17694,1725,17835.67696,17837.52893
8/4/2023 15:45,17693.75,17696.75,17690.25,17694.75,1237,17835.35976,17837.28091
8/4/2023 15:46,17695.25,17708,17690.5,17703.5,1670,17834.95411,17836.96314
8/4/2023 15:47,17703,17707.75,17695.25,17695.75,1084,17834.68999,17836.75603
8/4/2023 15:48,17695.75,17705.25,17693.5,17704.5,995,17834.45114,17836.56855
8/4/2023 15:49,17705,17707.75,17697,17697.25,1171,17834.17026,17836.34789
8/4/2023 15:50,17697.5,17704.75,17693.5,17699.75,1251,17833.86851,17836.11063
8/4/2023 15:51,17699.25,17700.25,17684.75,17689,2321,17833.27914,17835.647
8/4/2023 15:52,17689,17704.5,17687.5,17702.25,1740,17832.86136,17835.31754
8/4/2023 15:53,17703,17708.75,17698.25,17698.75,1434,17832.52872,17835.05475
8/4/2023 15:54,17699,17710.5,17697.75,17707.75,1214,17832.25576,17834.83877
8/4/2023 15:55,17707.5,17709,17688.5,17690.25,1795,17831.82453,17834.49763
8/4/2023 15:56,17690.5,17695.75,17687.25,17693,1862,17831.36726,17834.13556
8/4/2023 15:57,17692.75,17698.75,17692,17698.75,1427,17831.03009,17833.86806
8/4/2023 15:58,17698.75,17705.25,17696.25,17699.5,1703,17830.64131,17833.55906
8/4/2023 15:59,17699.75,17708.25,17698.75,17701.5,2025,17830.19083,17833.20035
8/4/2023 16:00,17701.5,17707.75,17694.25,17706.25,7787,17828.48662,17831.83823
8/4/2023 16:01,17706.5,17714.75,17705.75,17711.5,3212,17827.8403,17831.31858
8/4/2023 16:02,17711,17712,17708.5,17710.25,974,17827.64502,17831.16135
8/4/2023 16:03,17710.25,17712,17706.75,17707.75,769,17827.48944,17831.03604
8/4/2023 16:04,17707.75,17709.5,17706.5,17708.25,516,17827.38462,17830.95159
8/4/2023 16:05,17708.25,17710.25,17706.5,17706.75,375,17827.30839,17830.89016
8/4/2023 16:06,17706.75,17708,17705.75,17706.5,514,17827.20313,17830.80532
8/4/2023 16:07,17706.5,17709.5,17706.25,17709,403,17827.12175,17830.73969
8/4/2023 16:08,17709.25,17714.25,17709.25,17714.25,474,17827.02966,17830.66531
8/4/2023 16:09,17714.25,17718.25,17713.25,17718,504,17826.93525,17830.58895
8/4/2023 16:10,17718.25,17724,17717.25,17723.5,791,17826.79421,17830.47464
8/4/2023 16:11,17723.5,17725.25,17722.25,17723.25,566,17826.69543,17830.39449
8/4/2023 16:12,17722.75,17725.5,17717.5,17718.25,665,17826.57606,17830.29769
8/4/2023 16:13,17718,17718.25,17715,17715.5,395,17826.50251,17830.2381
8/4/2023 16:14,17715.5,17716.25,17712.25,17713.75,523,17826.40336,17830.15779
8/4/2023 16:15,17713.75,17720,17713.75,17719.25,539,17826.30461,17830.07769
8/4/2023 16:16,17719.25,17719.75,17713,17714.75,229,17826.262,17830.04314
8/4/2023 16:17,17715.25,17715.25,17712.25,17714.25,194,17826.22531,17830.01339
8/4/2023 16:18,17714.5,17714.75,17711,17711.5,215,17826.18413,17829.98002
8/4/2023 16:19,17712,17715.5,17712,17714.75,127,17826.16017,17829.9606
8/4/2023 16:20,17714.75,17721,17714.75,17720.5,194,17826.12512,17829.93213
8/4/2023 16:21,17720.75,17721,17717.75,17719.5,161,17826.09623,17829.90866
8/4/2023 16:22,17719,17719.75,17717.5,17719,114,17826.07565,17829.89195
8/4/2023 16:23,17719.25,17720.75,17717.5,17717.5,138,17826.05072,17829.87169
8/4/2023 16:24,17717.75,17719,17717.25,17717.75,66,17826.03873,17829.86196
8/4/2023 16:25,17717.75,17718.5,17715.25,17715.5,104,17826.01957,17829.8464
8/4/2023 16:26,17715,17717.25,17713,17713.75,170,17825.98777,17829.8206
8/4/2023 16:27,17713.75,17715.5,17713,17715.5,87,17825.9715,17829.80739
8/4/2023 16:28,17715,17719.75,17715,17719.5,198,17825.93563,17829.77825
8/4/2023 16:29,17719.5,17720.25,17715.75,17716,130,17825.91193,17829.75899
8/4/2023 16:30,17715.75,17716.5,17714.25,17715.75,120,17825.88969,17829.74093
8/4/2023 16:31,17715.5,17718,17715,17715.5,140,17825.86392,17829.71999
8/4/2023 16:32,17715,17717,17714.5,17714.75,71,17825.85076,17829.70931
8/4/2023 16:33,17715,17715.5,17713,17714.5,117,17825.82887,17829.69153
8/4/2023 16:34,17715,17716.5,17714.75,17715.5,70,17825.81593,17829.68102
8/4/2023 16:35,17715.25,17715.25,17713.25,17714,52,17825.80619,17829.67311
8/4/2023 16:36,17714,17714,17712.5,17713,72,17825.79259,17829.66207
8/4/2023 16:37,17714,17715.25,17713.5,17715,80,17825.77767,17829.64995
8/4/2023 16:38,17715,17716.25,17714.75,17715,55,17825.76749,17829.64168
8/4/2023 16:39,17714.75,17716.25,17714.5,17715.75,90,17825.75085,17829.62816
8/4/2023 16:40,17715.5,17717.75,17715.5,17717.75,115,17825.72989,17829.61112
8/4/2023 16:41,17717.75,17719,17715.25,17715.25,137,17825.70481,17829.59074
8/4/2023 16:42,17716.25,17716.25,17714.25,17714.25,57,17825.69423,17829.58214
8/4/2023 16:43,17714.25,17717.75,17714.25,17717.75,99,17825.67614,17829.56743
8/4/2023 16:44,17717.25,17718.25,17716,17716.5,82,17825.6612,17829.55528
8/4/2023 16:45,17716.5,17718.5,17715.25,17716.25,115,17825.64021,17829.53821
8/4/2023 16:46,17716.75,17717,17714,17716.25,119,17825.61831,17829.52041
8/4/2023 16:47,17716.25,17718.5,17715.5,17715.5,89,17825.60205,17829.50719
8/4/2023 16:48,17715.5,17715.5,17713.5,17714.75,68,17825.58942,17829.49692
8/4/2023 16:49,17714.5,17715.25,17714,17714.5,45,17825.58106,17829.49012
8/4/2023 16:50,17714,17717.75,17713,17715.25,163,17825.55099,17829.46567
8/4/2023 16:51,17715.75,17717.5,17715,17716.25,75,17825.53727,17829.45452
8/4/2023 16:52,17715,17716.25,17715,17715.5,28,17825.53212,17829.45033
8/4/2023 16:53,17716,17716.25,17714.25,17715,56,17825.52178,17829.44192
8/4/2023 16:54,17714.5,17715,17713.5,17714.75,36,17825.51509,17829.43648
8/4/2023 16:55,17715,17715.75,17714,17715.75,70,17825.50217,17829.42598
8/4/2023 16:56,17716.25,17718.5,17714,17714,165,17825.47182,17829.40129
8/4/2023 16:57,17714,17718,17712.5,17713.25,158,17825.44253,17829.37747
8/4/2023 16:58,17713,17714.75,17712.75,17713.25,33,17825.43636,17829.37246
8/4/2023 16:59,17713.25,17714.25,17711.25,17713.25,67,17825.42376,17829.36221
8/4/2023 17:00,17712.75,17714,17711,17711,161,17825.39325,17829.33741
8/6/2023 18:01,17718.75,17728.75,17706,17726.25,662,0,17720.33333
8/6/2023 18:02,17726.25,17737,17725.5,17737,604,0,17726.45603
8/6/2023 18:03,17737,17737,17728.75,17734,246,0,17727.5614
8/6/2023 18:04,17734.5,17735.5,17728.5,17731.5,196,0,17728.05162
8/6/2023 18:05,17731.5,17731.5,17727,17729,99,0,17728.11271
8/6/2023 18:06,17729,17733.75,17727.75,17733.25,186,0,17728.43661
8/6/2023 18:07,17734,17735,17732.25,17733,80,0,17728.6288
8/6/2023 18:08,17732.25,17733.75,17730.25,17733.5,117,0,17728.83562
8/6/2023 18:09,17733.25,17737.25,17732.25,17736.25,161,0,17729.27488
8/6/2023 18:10,17736.25,17736.25,17734,17734.5,57,0,17729.40843
8/6/2023 18:11,17735.5,17740.25,17734.5,17740,291,0,17730.36171
8/6/2023 18:12,17740.25,17742,17738,17741.25,172,0,17730.96409
8/6/2023 18:13,17741.75,17742.25,17740.5,17740.75,85,0,17731.25747
8/6/2023 18:14,17740.75,17740.75,17738.5,17739.25,52,0,17731.39996
8/6/2023 18:15,17739.25,17741,17739.25,17740.25,40,0,17731.51501
8/6/2023 18:16,17740.25,17741,17738.5,17741,51,0,17731.65739
8/6/2023 18:17,17740.5,17741,17737.25,17738.5,103,0,17731.8909
8/6/2023 18:18,17737.5,17740.25,17737.25,17740.25,44,0,17731.99066
8/6/2023 18:19,17740.25,17744.25,17740.25,17742.25,134,0,17732.39739
8/6/2023 18:20,17742,17744,17741.5,17743.25,109,0,17732.72602
8/6/2023 18:21,17743.25,17745.75,17743,17745.75,100,0,17733.06336
8/6/2023 18:22,17745.5,17747,17744.75,17746,139,0,17733.54261
8/6/2023 18:23,17745.5,17746,17744,17744.75,46,0,17733.68124
8/6/2023 18:24,17744.25,17745,17741.25,17742.25,107,0,17733.93357
8/6/2023 18:25,17742.25,17743,17741.25,17743,79,0,17734.1028
8/6/2023 18:26,17743,17744.25,17741.25,17741.5,66,0,17734.23773
8/6/2023 18:27,17741.25,17742.75,17741,17741.75,63,0,17734.35475
8/6/2023 18:28,17742,17744.75,17742,17744.25,57,0,17734.48277
8/6/2023 18:29,17744,17745.5,17743.75,17744,66,0,17734.63843
8/6/2023 18:30,17743.75,17743.75,17740.25,17741.75,55,0,17734.73225
8/6/2023 18:31,17742.25,17743,17739.75,17740,39,0,17734.78826
8/6/2023 18:32,17739.75,17742.5,17739.75,17742,28,0,17734.83108
8/6/2023 18:33,17741.25,17741.5,17738.5,17739,69,0,17734.90686
8/6/2023 18:34,17738.75,17739.75,17738.25,17739,96,0,17734.9942
8/6/2023 18:35,17739.25,17740,17739.25,17739.75,17,0,17735.01179
8/6/2023 18:36,17740,17740,17739.25,17739.25,6,0,17735.01775
8/6/2023 18:37,17739.5,17739.5,17738.5,17739.25,22,0,17735.03743
8/6/2023 18:38,17739,17739,17736.5,17736.5,66,0,17735.0703
8/6/2023 18:39,17737,17738.25,17736.75,17738,54,0,17735.10036
8/6/2023 18:40,17737.5,17740,17737.5,17739,56,0,17735.14465
8/6/2023 18:41,17739,17740,17738.5,17740,17,0,17735.16028
8/6/2023 18:42,17739.25,17739.75,17738.75,17739,28,0,17735.18382
8/6/2023 18:43,17738.75,17739.75,17736.25,17739,108,0,17735.25363
8/6/2023 18:44,17739,17739.5,17736,17736,110,0,17735.29586
8/6/2023 18:45,17736,17736.5,17733.5,17736.25,103,0,17735.2983
8/6/2023 18:46,17736,17737.25,17735.25,17736.5,40,0,17735.30638
8/6/2023 18:47,17736.5,17737.5,17736.5,17737,24,0,17735.31427
8/6/2023 18:48,17736.5,17736.75,17735.5,17736.5,19,0,17735.31771
8/6/2023 18:49,17736,17736.25,17735.25,17735.75,19,0,17735.31929
8/6/2023 18:50,17735.5,17736.5,17735,17735.5,56,0,17735.323
8/6/2023 18:51,17736.25,17738.75,17735.25,17737,71,0,17735.34541
8/6/2023 18:52,17736.5,17738,17736.5,17736.75,26,0,17735.35387
8/6/2023 18:53,17736.5,17740,17736.5,17739.75,47,0,17735.38349
8/6/2023 18:54,17739.75,17741,17739.25,17740.5,77,0,17735.45206
8/6/2023 18:55,17740.5,17741.5,17740,17740,74,0,17735.5195
8/6/2023 18:56,17740.25,17743.5,17739.75,17742.25,126,0,17735.65993
8/6/2023 18:57,17742.5,17745.5,17742.5,17745,106,0,17735.81924
8/6/2023 18:58,17745,17745,17743,17743.5,34,0,17735.86618
8/6/2023 18:59,17744,17745,17742.75,17744.5,33,0,17735.91263
8/6/2023 19:00,17744.75,17745.5,17744,17744.75,57,0,17735.99808
8/6/2023 19:01,17744.75,17744.75,17743.75,17744,37,0,17736.04903
8/6/2023 19:02,17743.5,17743.5,17740.75,17742,104,0,17736.153
8/6/2023 19:03,17742,17742.5,17741.5,17742.5,16,0,17736.1689
8/6/2023 19:04,17742,17742,17740.75,17742,24,0,17736.19028
8/6/2023 19:05,17741.75,17741.75,17739.25,17740,66,0,17736.2348
8/6/2023 19:06,17739.75,17739.75,17737.5,17738,106,0,17736.27182
8/6/2023 19:07,17737.75,17740,17737.75,17739.75,67,0,17736.30253
8/6/2023 19:08,17740.25,17742.5,17740.25,17740.25,62,0,17736.3482
8/6/2023 19:09,17740,17741.5,17739.5,17741.5,17,0,17736.36013
8/6/2023 19:10,17741,17741.5,17740.5,17741.25,16,0,17736.37192
8/6/2023 19:11,17741.75,17742.25,17741.5,17741.75,15,0,17736.38467
8/6/2023 19:12,17741.5,17742,17740.75,17741.25,27,0,17736.40538
8/6/2023 19:13,17741,17743.25,17741,17742.25,41,0,17736.44176
8/6/2023 19:14,17742.5,17742.5,17742,17742.5,3,0,17736.44448
8/6/2023 19:15,17742.75,17742.75,17742,17742,10,0,17736.4534
8/6/2023 19:16,17742.75,17745,17742.5,17743.75,40,0,17736.49799
8/6/2023 19:17,17743.5,17744.5,17743,17744.25,32,0,17736.53408
8/6/2023 19:18,17744,17744.5,17743.5,17744,22,0,17736.55896
8/6/2023 19:19,17743.75,17744.25,17743.5,17743.75,24,0,17736.58532
8/6/2023 19:20,17744,17744,17742,17742,22,0,17736.60545
8/6/2023 19:21,17742.5,17743.25,17742.25,17742.75,42,0,17736.64404
8/6/2023 19:22,17742.5,17743.5,17742,17742.25,14,0,17736.65645
8/6/2023 19:23,17742.25,17743,17741.75,17741.75,19,0,17736.67202
8/6/2023 19:24,17741.75,17741.75,17738.75,17739.25,65,0,17736.7031
8/6/2023 19:25,17739.5,17739.5,17736.25,17738.25,104,0,17736.72268
8/6/2023 19:26,17738.25,17740.5,17737.5,17740.25,72,0,17736.75054
8/6/2023 19:27,17740.25,17740.25,17739.5,17739.5,13,0,17736.75613
8/6/2023 19:28,17739.25,17740,17738.75,17739.75,28,0,17736.7671
8/6/2023 19:29,17739.5,17740,17739.5,17739.5,10,0,17736.77123
8/6/2023 19:30,17740,17740,17739,17739.25,19,0,17736.77838
8/6/2023 19:31,17739,17739,17733.75,17736.75,182,0,17736.77136
8/6/2023 19:32,17737,17740.75,17735.75,17740.75,53,0,17736.78822
8/6/2023 19:33,17741,17742.5,17740,17742.5,51,0,17736.82222
8/6/2023 19:34,17741.75,17742,17737,17738,59,0,17736.83964
8/6/2023 19:35,17738.25,17738.5,17731.5,17734.25,212,0,17736.78126
8/6/2023 19:36,17734.5,17735,17732.25,17733.25,97,0,17736.73985
8/6/2023 19:37,17733.25,17736.75,17732.25,17735.75,83,0,17736.72037
8/6/2023 19:38,17735.75,17736,17734.75,17735.25,17,0,17736.71735
8/6/2023 19:39,17735.5,17737,17733,17737,186,0,17736.69283
8/6/2023 19:40,17737,17737.75,17736.5,17737.25,20,0,17736.69402
8/6/2023 19:41,17737.75,17740,17737.25,17739.5,54,0,17736.70893
8/6/2023 19:42,17739.5,17739.75,17738.75,17739.5,23,0,17736.71641
8/6/2023 19:43,17739.25,17741.5,17738.25,17740,54,0,17736.73769
8/6/2023 19:44,17740.5,17740.75,17738.5,17738.5,16,0,17736.74263
8/6/2023 19:45,17739,17742.5,17739,17742.5,59,0,17736.77567
8/6/2023 19:46,17741.75,17742.5,17740,17741.5,34,0,17736.79449
8/6/2023 19:47,17741,17746.75,17741,17745.75,163,0,17736.9441
8/6/2023 19:48,17745.75,17749,17745.25,17746,190,0,17737.16112
8/6/2023 19:49,17746,17751.25,17746,17750,201,0,17737.43387
8/6/2023 19:50,17750,17751,17748,17748.75,94,0,17737.55895
8/6/2023 19:51,17748.75,17750,17746.5,17747,93,0,17737.66544
8/6/2023 19:52,17746.75,17747.5,17746,17746.5,58,0,17737.72325
8/6/2023 19:53,17746.25,17748.25,17745.75,17747.5,41,0,17737.76593
8/6/2023 19:54,17747.25,17748.25,17746.25,17748.25,23,0,17737.79075
8/6/2023 19:55,17748,17748.75,17747.25,17747.75,42,0,17737.8373
8/6/2023 19:56,17747.25,17749.75,17745,17749.75,96,0,17737.9447
8/6/2023 19:57,17749.75,17750,17748.25,17748.5,36,0,17737.98731
8/6/2023 19:58,17748.25,17749.5,17746.75,17748.5,39,0,17738.03031
8/6/2023 19:59,17748.25,17749.75,17748.25,17748.5,37,0,17738.07309
8/6/2023 20:00,17748,17749.75,17748,17749.5,24,0,17738.10129
8/6/2023 20:01,17750,17754,17746.25,17752,267,0,17738.45177
8/6/2023 20:02,17751.75,17754.5,17750.5,17752,129,0,17738.63515
8/6/2023 20:03,17751.5,17755.25,17750,17754,75,0,17738.74527
8/6/2023 20:04,17754,17754.5,17750,17752.75,89,0,17738.86782
8/6/2023 20:05,17753.25,17755,17751.5,17753.75,80,0,17738.98411
8/6/2023 20:06,17754.5,17757,17754,17756.75,117,0,17739.17975
8/6/2023 20:07,17757,17757.5,17754.75,17757.25,90,0,17739.33234
8/6/2023 20:08,17757,17758.75,17754.75,17756,177,0,17739.62472
8/6/2023 20:09,17756.25,17762,17756.25,17760,234,0,17740.06052
8/6/2023 20:10,17759.75,17760.25,17757.75,17758,125,0,17740.27683
8/6/2023 20:11,17758.75,17764.5,17758,17763.5,208,0,17740.6891
8/6/2023 20:12,17764,17765.75,17763.5,17764.5,176,0,17741.06674
8/6/2023 20:13,17764.5,17765.25,17762.75,17765,237,0,17741.55158
8/6/2023 20:14,17765.25,17766,17763.25,17763.25,68,0,17741.686
8/6/2023 20:15,17763.25,17765.75,17762.5,17765.25,82,0,17741.84835
8/6/2023 20:16,17765.75,17768.25,17764.75,17768.25,270,0,17742.4261
8/6/2023 20:17,17767.25,17770.25,17767.25,17769.25,194,0,17742.85483
8/6/2023 20:18,17769.25,17771.75,17768.75,17771,188,0,17743.28171
8/6/2023 20:19,17770.75,17770.75,17768.75,17770.25,92,0,17743.48147
8/6/2023 20:20,17769.75,17771.75,17769.75,17770.25,120,0,17743.74402
8/6/2023 20:21,17769.25,17770.5,17767.75,17769.25,123,0,17743.99398
8/6/2023 20:22,17769.25,17770.25,17768,17769.25,65,0,17744.1241
8/6/2023 20:23,17769.5,17770,17766.75,17768.5,218,0,17744.53805
8/6/2023 20:24,17768,17768.75,17766.5,17768.25,139,0,17744.78844
8/6/2023 20:25,17767.5,17768.5,17767,17768.25,35,0,17744.85087
8/6/2023 20:26,17767.75,17769.5,17767.25,17768.5,56,0,17744.95221
8/6/2023 20:27,17768.75,17769.75,17767.25,17768.25,70,0,17745.07766
8/6/2023 20:28,17767.75,17768.5,17767,17768.5,94,0,17745.24105
8/6/2023 20:29,17767.75,17768.25,17763.75,17764,117,0,17745.41775
8/6/2023 20:30,17764.25,17764.5,17762,17763.75,116,0,17745.57333
8/6/2023 20:31,17763.75,17765.25,17762.5,17763.25,104,0,17745.71247
8/6/2023 20:32,17763.25,17764.5,17762.75,17763.25,62,0,17745.79364
8/6/2023 20:33,17762.75,17763.75,17762.75,17763.5,64,0,17745.87588
8/6/2023 20:34,17763,17763.75,17762.25,17763.25,49,0,17745.93743
8/6/2023 20:35,17763.5,17763.5,17759.75,17760.5,107,0,17746.0561
8/6/2023 20:36,17760.75,17762.25,17760,17761.75,109,0,17746.17578
8/6/2023 20:37,17761.5,17762,17761,17761.25,49,0,17746.22926
8/6/2023 20:38,17761.25,17763.25,17761,17763.25,72,0,17746.31272
8/6/2023 20:39,17763.5,17764,17763,17764,46,0,17746.36941
8/6/2023 20:40,17763.75,17766.75,17763.25,17766.25,105,0,17746.51038
8/6/2023 20:41,17766.25,17768.5,17765.5,17767.5,142,0,17746.71508
8/6/2023 20:42,17767.75,17768.25,17766.75,17768.25,69,0,17746.81589
8/6/2023 20:43,17769,17775.75,17769,17775,386,0,17747.50607
8/6/2023 20:44,17775.5,17776.75,17775,17775.25,147,0,17747.78331
8/6/2023 20:45,17775.25,17776.25,17774.75,17776.25,52,0,17747.88038
8/6/2023 20:46,17775.75,17778,17775.75,17778,133,0,17748.13879
8/6/2023 20:47,17777.75,17779.25,17776.25,17777.25,130,0,17748.38986
8/6/2023 20:48,17777.25,17777.75,17773,17775.5,294,0,17748.90117
8/6/2023 20:49,17775.75,17776,17772.75,17774,78,0,17749.02777
8/6/2023 20:50,17774,17774,17769.75,17771.75,278,0,17749.42661
8/6/2023 20:51,17771.5,17776.75,17771.25,17776.75,214,0,17749.76521
8/6/2023 20:52,17776.5,17776.5,17775.25,17775.25,134,0,17749.97888
8/6/2023 20:53,17775.25,17776.5,17775.25,17775.75,127,0,17750.17945
8/6/2023 20:54,17776,17776.5,17775.25,17776,110,0,17750.35123
8/6/2023 20:55,17776,17780.25,17775.5,17779.75,194,0,17750.67872
8/6/2023 20:56,17779.75,17783,17779.75,17781.25,220,0,17751.07789
8/6/2023 20:57,17781.25,17782.25,17780.5,17781,129,0,17751.30652
8/6/2023 20:58,17781,17781.25,17778.25,17779,83,0,17751.44331
8/6/2023 20:59,17778.5,17779.75,17778.25,17778.75,30,0,17751.4914
8/6/2023 21:00,17778.75,17779.25,17778.25,17778.75,104,0,17751.65583
8/6/2023 21:01,17778.5,17782.75,17778.25,17780.75,261,0,17752.08721
8/6/2023 21:02,17780.75,17781.75,17779.75,17781.5,91,0,17752.23677
8/6/2023 21:03,17780.75,17781,17775.25,17776.25,227,0,17752.55858
8/6/2023 21:04,17776,17776.75,17771.25,17772.75,218,0,17752.81268
8/6/2023 21:05,17772.25,17773,17768.75,17773,175,0,17752.99304
8/6/2023 21:06,17772.5,17777.5,17772.5,17775.5,127,0,17753.14658
8/6/2023 21:07,17775.75,17777,17774.75,17775.5,85,0,17753.25086
8/6/2023 21:08,17775.75,17776.25,17775,17775.5,57,0,17753.31973
8/6/2023 21:09,17775.75,17775.75,17772.25,17773,96,0,17753.42488
8/6/2023 21:10,17773.25,17773.25,17769.75,17770.25,146,0,17753.56257
8/6/2023 21:11,17770.75,17775,17770.25,17775,108,0,17753.67643
8/6/2023 21:12,17774.75,17775.25,17770.25,17771.5,132,0,17753.80629
8/6/2023 21:13,17771.5,17772.5,17770.75,17771.75,66,0,17753.86823
8/6/2023 21:14,17772,17772.5,17768.75,17769.25,136,0,17753.98389
8/6/2023 21:15,17769.5,17774,17769.5,17773.75,75,0,17754.05574
8/6/2023 21:16,17773.5,17775.75,17772.5,17775,122,0,17754.18402
8/6/2023 21:17,17775.5,17777.25,17775.25,17775.5,68,0,17754.26037
8/6/2023 21:18,17775.25,17775.25,17771,17771.5,108,0,17754.36165
8/6/2023 21:19,17772,17776,17771.25,17775.5,62,0,17754.42456
8/6/2023 21:20,17776,17779.75,17776,17776.5,154,0,17754.60379
8/6/2023 21:21,17777.5,17778,17775,17777.5,73,0,17754.68563
8/6/2023 21:22,17777.25,17778.25,17775.75,17776.75,77,0,17754.77163
8/6/2023 21:23,17776.75,17779.25,17775.75,17777.5,82,0,17754.86488
8/6/2023 21:24,17777.25,17778,17775.75,17777,75,0,17754.94732
8/6/2023 21:25,17776.5,17777.25,17775.5,17776.5,58,0,17755.00921
8/6/2023 21:26,17776.5,17778.5,17774.25,17778.5,57,0,17755.07157
8/6/2023 21:27,17778,17778.5,17772.25,17773.75,311,0,17755.37154
8/6/2023 21:28,17774.25,17775.25,17771.75,17772,42,0,17755.40761
8/6/2023 21:29,17771.25,17772.75,17769.75,17769.75,74,0,17755.46271
8/6/2023 21:30,17769.75,17769.75,17766.5,17767.25,149,0,17755.55153
8/6/2023 21:31,17767.75,17769.5,17765.75,17767.75,215,0,17755.67575
8/6/2023 21:32,17767.75,17768.75,17764.5,17765.75,187,0,17755.76996
8/6/2023 21:33,17766.25,17766.75,17762.25,17765.25,288,0,17755.89057
8/6/2023 21:34,17765.75,17769.5,17765.75,17767.5,145,0,17755.96911
8/6/2023 21:35,17767.5,17767.5,17763.25,17764.5,97,0,17756.00988
8/6/2023 21:36,17763.75,17765,17759.25,17764.5,240,0,17756.08548
8/6/2023 21:37,17765,17769.25,17765,17768.75,100,0,17756.13806
8/6/2023 21:38,17768.75,17771.75,17767.5,17771.75,168,0,17756.24552
8/6/2023 21:39,17771.75,17775.25,17771.5,17773.75,196,0,17756.39657
8/6/2023 21:40,17773,17773.75,17768.75,17769,103,0,17756.46116
8/6/2023 21:41,17768.75,17774.25,17768.75,17774.25,200,0,17756.60178
8/6/2023 21:42,17774.5,17775.5,17771.5,17773,111,0,17756.68323
8/6/2023 21:43,17773.5,17773.75,17770,17771.5,49,0,17756.71554
8/6/2023 21:44,17771.75,17773.25,17768.75,17769.5,61,0,17756.75223
8/6/2023 21:45,17769.5,17771.5,17768.75,17769.25,66,0,17756.7898
8/6/2023 21:46,17769,17774,17768.75,17772,196,0,17756.91492
8/6/2023 21:47,17772.5,17775,17770.75,17773.25,73,0,17756.96543
8/6/2023 21:48,17772,17777.25,17772,17776.5,124,0,17757.06244
8/6/2023 21:49,17776.5,17777.25,17775.25,17776.5,44,0,17757.09865
8/6/2023 21:50,17777.25,17777.75,17775.25,17775.25,66,0,17757.15201
8/6/2023 21:51,17774.75,17779.25,17774.75,17778.75,94,0,17757.23347
8/6/2023 21:52,17779.5,17784.25,17778.75,17779.75,294,0,17757.52517
8/6/2023 21:53,17779.25,17779.75,17775.5,17779.25,101,0,17757.61214
8/6/2023 21:54,17779.25,17779.25,17777.25,17778.75,46,0,17757.65199
8/6/2023 21:55,17779,17785.75,17778.75,17784.25,203,0,17757.86374
8/6/2023 21:56,17784.75,17784.75,17782.25,17783.75,72,0,17757.93997
8/6/2023 21:57,17783.5,17786.5,17782,17786,86,0,17758.03485
8/6/2023 21:58,17786.25,17786.25,17782.5,17783.75,172,0,17758.21793
8/6/2023 21:59,17783.5,17783.5,17781,17781,57,0,17758.27263
8/6/2023 22:00,17781,17783.5,17779.5,17782.25,163,0,17758.42713
8/6/2023 22:01,17781.75,17789.75,17781.75,17788.5,204,0,17758.6578
8/6/2023 22:02,17788.5,17789.25,17785.5,17785.75,108,0,17758.77912
8/6/2023 22:03,17786.25,17789.25,17785.5,17788.5,95,0,17758.88844
8/6/2023 22:04,17788.75,17788.75,17785.25,17785.25,64,0,17758.95824
8/6/2023 22:05,17785,17785.75,17783,17783,98,0,17759.05476
8/6/2023 22:06,17782.75,17783,17780.25,17780.75,121,0,17759.16064
8/6/2023 22:07,17781.25,17781.25,17777.75,17780,136,0,17759.2696
8/6/2023 22:08,17779.75,17781,17779.25,17781,41,0,17759.30342
8/6/2023 22:09,17781.5,17784,17781.5,17783.5,84,0,17759.38081
8/6/2023 22:10,17783.75,17783.75,17780,17780.5,58,0,17759.43039
8/6/2023 22:11,17780.75,17782,17779.5,17781.75,41,0,17759.46477
8/6/2023 22:12,17782,17784.25,17781.5,17782.75,49,0,17759.50903
8/6/2023 22:13,17782.75,17783.25,17781,17783.25,55,0,17759.55781
8/6/2023 22:14,17782.5,17783.75,17782.5,17782.75,29,0,17759.584
8/6/2023 22:15,17781.25,17782,17779.5,17780.25,110,0,17759.67263
8/6/2023 22:16,17779.75,17780.5,17778.5,17778.75,39,0,17759.70188
8/6/2023 22:17,17779.25,17781.5,17779,17781.5,36,0,17759.73076
8/6/2023 22:18,17781.5,17783.5,17780.25,17782,87,0,17759.80436
8/6/2023 22:19,17782,17784,17781.75,17783.5,41,0,17759.8407
8/6/2023 22:20,17783.75,17785.25,17783.75,17784,66,0,17759.90209
8/6/2023 22:21,17783.5,17783.5,17781.25,17782.5,40,0,17759.93624
8/6/2023 22:22,17782.5,17785.25,17782.5,17785,62,0,17759.99326
8/6/2023 22:23,17785.25,17786,17783.25,17784.25,53,0,17760.0423
8/6/2023 22:24,17785,17785.25,17783.5,17784,47,0,17760.08518
8/6/2023 22:25,17783.5,17784.5,17783.5,17783.75,13,0,17760.09685
8/6/2023 22:26,17783.75,17786.25,17783.25,17785.5,75,0,17760.16701
8/6/2023 22:27,17784.75,17784.75,17783.25,17784,33,0,17760.19651
8/6/2023 22:28,17784.5,17785.25,17783,17784.25,35,0,17760.22795
8/6/2023 22:29,17784.5,17784.5,17783.5,17783.5,23,0,17760.24827
8/6/2023 22:30,17783.25,17784,17782,17784,45,0,17760.28709
8/6/2023 22:31,17784.5,17787.25,17784.25,17787,62,0,17760.34692
8/6/2023 22:32,17786.75,17787.25,17782.25,17782.75,61,0,17760.40078
8/6/2023 22:33,17782.5,17782.5,17781,17782,47,0,17760.43819
8/6/2023 22:34,17782.25,17784.25,17782.25,17783,33,0,17760.46601
8/6/2023 22:35,17782.5,17784.5,17782,17784.5,15,0,17760.47891
8/6/2023 22:36,17784.5,17787,17784.5,17786.25,46,0,17760.52222
8/6/2023 22:37,17786.75,17787.5,17785.5,17787,38,0,17760.55893
8/6/2023 22:38,17787,17787.5,17786.25,17787.25,39,0,17760.59698
8/6/2023 22:39,17787.5,17788,17785.75,17785.75,54,0,17760.6485
8/6/2023 22:40,17786,17786.75,17785,17785.5,37,0,17760.68266
8/6/2023 22:41,17785.25,17786.75,17784.75,17785,52,0,17760.73003
8/6/2023 22:42,17786,17788,17786,17788,34,0,17760.76319
8/6/2023 22:43,17787.5,17789.5,17787.5,17789,63,0,17760.82749
8/6/2023 22:44,17788.75,17789.5,17787.25,17788.75,76,0,17760.9042
8/6/2023 22:45,17788,17789.5,17788,17789,53,0,17760.95809
8/6/2023 22:46,17789,17793,17788.75,17790.5,272,0,17761.25021
8/6/2023 22:47,17790.25,17790.5,17788,17788.5,88,0,17761.33797
8/6/2023 22:48,17788.75,17788.75,17786.75,17787.25,75,0,17761.40851
8/6/2023 22:49,17787.5,17788,17786.5,17787.5,45,0,17761.45025
8/6/2023 22:50,17787.5,17788,17786.25,17786.5,55,0,17761.50027
8/6/2023 22:51,17786.5,17786.5,17784.75,17785.25,32,0,17761.52766
8/6/2023 22:52,17785.5,17788,17785.5,17788,42,0,17761.56602
8/6/2023 22:53,17788,17788.75,17787.25,17787.75,37,0,17761.6007
8/6/2023 22:54,17787.5,17787.5,17786.5,17787.25,20,0,17761.61881
8/6/2023 22:55,17787,17787.5,17786,17786.75,23,0,17761.63934
8/6/2023 22:56,17787,17788.75,17787,17788,31,0,17761.66824
8/6/2023 22:57,17788.75,17789.25,17788.25,17788.5,45,0,17761.71127
8/6/2023 22:58,17788.25,17789.25,17788,17788.75,21,0,17761.73131
8/6/2023 22:59,17788.25,17788.25,17787.5,17787.75,20,0,17761.74977
8/6/2023 23:00,17788,17788.75,17787.25,17787.25,21,0,17761.76907
8/6/2023 23:01,17787.5,17788,17786.75,17786.75,42,0,17761.80671
8/6/2023 23:02,17787.25,17788.25,17786.75,17788.25,43,0,17761.84602
8/6/2023 23:03,17788.25,17788.5,17785.5,17785.5,68,0,17761.90495
8/6/2023 23:04,17785.5,17786,17784.5,17784.5,40,0,17761.93738
8/6/2023 23:05,17784.25,17784.5,17782.25,17784.5,119,0,17762.02811
8/6/2023 23:06,17784.25,17785.5,17783.75,17784,30,0,17762.05157
8/6/2023 23:07,17784.5,17786,17783.75,17786,45,0,17762.08796
8/6/2023 23:08,17786,17788.25,17786,17787.5,85,0,17762.16231
8/6/2023 23:09,17787.5,17788,17787,17788,18,0,17762.17826
8/6/2023 23:10,17788,17788.25,17787.5,17787.5,32,0,17762.20666
8/6/2023 23:11,17787,17788.75,17786.5,17787.25,34,0,17762.23646
8/6/2023 23:12,17786.75,17787.25,17786.5,17787.25,32,0,17762.2639
8/6/2023 23:13,17786.75,17787.25,17784.75,17784.75,53,0,17762.30661
8/6/2023 23:14,17785,17787.5,17784.5,17787.25,105,0,17762.39379
8/6/2023 23:15,17787.25,17787.25,17786.25,17786.5,29,0,17762.418
8/6/2023 23:16,17787,17787.75,17786.5,17786.75,22,0,17762.43659
8/6/2023 23:17,17787,17787.75,17786.75,17787.5,28,0,17762.46053
8/6/2023 23:18,17787,17787,17783.75,17784.75,61,0,17762.50799
8/6/2023 23:19,17784.5,17785.5,17783.5,17783.75,52,0,17762.54667
8/6/2023 23:20,17784,17786,17784,17786,32,0,17762.57158
8/6/2023 23:21,17786.25,17787,17786,17787,22,0,17762.58968
8/6/2023 23:22,17786.75,17787.25,17786.5,17786.75,14,0,17762.60127
8/6/2023 23:23,17786.75,17787,17786,17786.5,28,0,17762.62408
8/6/2023 23:24,17787,17787.25,17786.5,17786.75,12,0,17762.63398
8/6/2023 23:25,17786.75,17786.75,17785.75,17785.75,9,0,17762.64118
8/6/2023 23:26,17786.25,17786.5,17785,17785,21,0,17762.65752
8/6/2023 23:27,17785,17787.5,17785,17787,37,0,17762.68752
8/6/2023 23:28,17786.75,17786.75,17785.5,17786.75,35,0,17762.71563
8/6/2023 23:29,17786.5,17787,17786,17786,16,0,17762.72845
8/6/2023 23:30,17786.5,17790.25,17786.5,17789.75,116,0,17762.83084
8/6/2023 23:31,17789.25,17791.75,17789.25,17790.5,88,0,17762.91293
8/6/2023 23:32,17789.75,17790,17788.25,17788.75,46,0,17762.95332
8/6/2023 23:33,17788.25,17788.75,17787.5,17788.75,30,0,17762.97892
8/6/2023 23:34,17788.25,17788.25,17786.25,17787.5,36,0,17763.00837
8/6/2023 23:35,17787,17787.75,17786.25,17786.25,15,0,17763.02032
8/6/2023 23:36,17786.25,17787.25,17785.5,17786.5,43,0,17763.05405
8/6/2023 23:37,17786.5,17787.5,17786,17786.25,45,0,17763.08948
8/6/2023 23:38,17786.25,17786.25,17782.5,17783.75,94,0,17763.15559
8/6/2023 23:39,17784,17785.5,17782.75,17785,74,0,17763.20795
8/6/2023 23:40,17785,17785.25,17784.5,17784.5,22,0,17763.22371
8/6/2023 23:41,17784.5,17786.25,17784.25,17786.25,33,0,17763.24823
8/6/2023 23:42,17786.5,17787,17786,17786.75,38,0,17763.27765
8/6/2023 23:43,17786.5,17787.75,17785.75,17787.75,30,0,17763.30132
8/6/2023 23:44,17787.5,17788.25,17787,17787,19,0,17763.3165
8/6/2023 23:45,17787.25,17789,17787.25,17789,30,0,17763.34142
8/6/2023 23:46,17788.75,17791.75,17788,17790.75,124,0,17763.45104
8/6/2023 23:47,17790.5,17790.5,17788.5,17789.25,40,0,17763.48523
8/6/2023 23:48,17789,17789.25,17788.75,17788.75,11,0,17763.49443
8/6/2023 23:49,17789,17789.25,17788.5,17788.5,16,0,17763.50772
8/6/2023 23:50,17788.5,17790.75,17788.5,17790.75,43,0,17763.54513
8/6/2023 23:51,17790.75,17790.75,17788,17788.75,50,0,17763.58713
8/6/2023 23:52,17788.75,17788.75,17787.25,17788,17,0,17763.60073
8/6/2023 23:53,17788,17788,17787,17787.75,13,0,17763.61094
8/6/2023 23:54,17787.75,17788,17787,17787,16,0,17763.62337
8/6/2023 23:55,17787.25,17788.25,17787.25,17788.25,6,0,17763.62814
8/6/2023 23:56,17788.25,17788.25,17787.75,17788,16,0,17763.64089
8/6/2023 23:57,17787.5,17787.5,17783.75,17785.25,148,0,17763.74621
8/6/2023 23:58,17785.25,17786,17783.75,17784.5,73,0,17763.79601
8/6/2023 23:59,17784.25,17785,17781.75,17784,138,0,17763.88429
8/7/2023 0:00,17784,17784.75,17781.5,17782.75,126,0,17763.96185
8/7/2023 0:01,17783.25,17783.75,17778.75,17780.25,132,0,17764.03361
8/7/2023 0:02,17780.5,17782.5,17775.75,17776.75,283,0,17764.16221
8/7/2023 0:03,17777,17781.75,17776.75,17780,235,0,17764.27589
8/7/2023 0:04,17779.5,17779.75,17777.25,17778,79,0,17764.31083
8/7/2023 0:05,17777.75,17779,17777.25,17778.75,76,0,17764.34428
8/7/2023 0:06,17778.5,17782.25,17778.5,17780.75,105,0,17764.39735
8/7/2023 0:07,17780.75,17783.5,17780,17783,62,0,17764.43175
8/7/2023 0:08,17783.25,17783.25,17780.25,17781.25,56,0,17764.46169
8/7/2023 0:09,17781,17782.75,17781,17781,52,0,17764.48939
8/7/2023 0:10,17780.75,17781.75,17780.25,17780.25,28,0,17764.50355
8/7/2023 0:11,17781,17782.25,17781,17782.25,20,0,17764.51432
8/7/2023 0:12,17781.5,17781.5,17780.5,17781.5,9,0,17764.51897
8/7/2023 0:13,17781.25,17781.25,17778.5,17778.75,80,0,17764.55611
8/7/2023 0:14,17778.5,17779.75,17777.5,17778.25,47,0,17764.57639
8/7/2023 0:15,17778.75,17778.75,17778,17778.5,17,0,17764.58367
8/7/2023 0:16,17778.5,17779.75,17778.5,17778.75,53,0,17764.60726
8/7/2023 0:17,17778.25,17778.5,17775,17775.5,118,0,17764.64982
8/7/2023 0:18,17775.75,17776,17772.75,17774.25,246,0,17764.72255
8/7/2023 0:19,17774.5,17775,17773,17774.5,73,0,17764.74355
8/7/2023 0:20,17774.75,17776,17773.5,17773.5,84,0,17764.76803
8/7/2023 0:21,17773,17773.75,17772.75,17773,38,0,17764.77772
8/7/2023 0:22,17773.5,17776.5,17773.5,17776,50,0,17764.79371
8/7/2023 0:23,17776.75,17777.5,17775.25,17775.75,37,0,17764.80645
8/7/2023 0:24,17776.25,17777.25,17775.25,17777,33,0,17764.81812
8/7/2023 0:25,17777.25,17778,17776.75,17777.25,32,0,17764.83022
8/7/2023 0:26,17777.5,17777.75,17777,17777,27,0,17764.84034
8/7/2023 0:27,17777,17777.5,17776.25,17776.25,18,0,17764.84676
8/7/2023 0:28,17775.75,17776.75,17775.25,17776.25,24,0,17764.85489
8/7/2023 0:29,17776,17776.5,17775.25,17775.75,31,0,17764.86515
8/7/2023 0:30,17776.25,17777.25,17776.25,17776.5,37,0,17764.87828
8/7/2023 0:31,17776.5,17780.5,17776.5,17780,159,0,17764.94552
8/7/2023 0:32,17780,17781,17779,17781,55,0,17764.97082
8/7/2023 0:33,17780.75,17781.75,17779,17779,70,0,17765.00203
8/7/2023 0:34,17779,17779.75,17777.75,17779.25,65,0,17765.02896
8/7/2023 0:35,17779.75,17780,17778.75,17779.75,25,0,17765.03972
8/7/2023 0:36,17779.5,17782,17779.5,17781.75,64,0,17765.07021
8/7/2023 0:37,17781.25,17783.25,17780.5,17782.25,84,0,17765.11234
8/7/2023 0:38,17781.75,17785.5,17781.25,17785,105,0,17765.17064
8/7/2023 0:39,17785,17786,17783.75,17784.5,108,0,17765.23289
8/7/2023 0:40,17785,17786,17784.25,17785.75,62,0,17765.26951
8/7/2023 0:41,17785.5,17786.75,17785.25,17785.5,73,0,17765.31352
8/7/2023 0:42,17785.25,17787,17784.75,17785.25,83,0,17765.36293
8/7/2023 0:43,17785.5,17785.5,17784.25,17785,24,0,17765.37664
8/7/2023 0:44,17784.5,17785.5,17784.25,17785,20,0,17765.38806
8/7/2023 0:45,17785,17786.25,17784.25,17784.25,36,0,17765.40857
8/7/2023 0:46,17784.5,17785.5,17784.5,17784.75,17,0,17765.41825
8/7/2023 0:47,17784.5,17784.75,17784.5,17784.75,5,0,17765.42105
8/7/2023 0:48,17784.5,17786.25,17784.25,17784.75,63,0,17765.45711
8/7/2023 0:49,17784.75,17785,17783.5,17784.25,27,0,17765.47187
8/7/2023 0:50,17784,17785.25,17784,17785,20,0,17765.48308
8/7/2023 0:51,17785.5,17785.75,17783.75,17785,46,0,17765.50891
8/7/2023 0:52,17785.25,17785.5,17783.5,17784,47,0,17765.53456
8/7/2023 0:53,17784,17784.25,17783,17783.75,52,0,17765.56186
8/7/2023 0:54,17783.25,17784.5,17783.25,17784.5,26,0,17765.57578
8/7/2023 0:55,17784.5,17785,17784.5,17784.5,7,0,17765.57965
8/7/2023 0:56,17784.5,17786.25,17784.5,17785.25,71,0,17765.62012
8/7/2023 0:57,17784.5,17784.5,17783.75,17783.75,21,0,17765.63126
8/7/2023 0:58,17783.25,17784,17781.75,17782,91,0,17765.67563
8/7/2023 0:59,17781.75,17783.25,17781.5,17783.25,25,0,17765.68784
8/7/2023 1:00,17783.75,17784.25,17781,17782.5,82,0,17765.72757
8/7/2023 1:01,17782.5,17784.75,17782,17783.25,75,0,17765.76536
8/7/2023 1:02,17783,17785.5,17782,17783,96,0,17765.81395
8/7/2023 1:03,17782.5,17782.75,17781.75,17782.25,31,0,17765.82847
8/7/2023 1:04,17782.25,17782.5,17781.25,17781.25,30,0,17765.84201
8/7/2023 1:05,17781,17781.5,17778.5,17779.25,103,0,17765.8827
8/7/2023 1:06,17778.75,17779.25,17777.5,17778.5,78,0,17765.91041
8/7/2023 1:07,17778.25,17780,17778,17779,56,0,17765.93115
8/7/2023 1:08,17778.75,17779.75,17777.25,17778,54,0,17765.95007
8/7/2023 1:09,17778,17778,17771.75,17771.75,206,0,17765.99569
8/7/2023 1:10,17771.75,17775,17770.5,17775,155,0,17766.02823
8/7/2023 1:11,17775,17776,17774.5,17775.5,42,0,17766.03914
8/7/2023 1:12,17775.75,17778.5,17775.75,17776.5,74,0,17766.06158
8/7/2023 1:13,17777,17779,17777,17777.75,70,0,17766.08467
8/7/2023 1:14,17777.75,17779.5,17777.75,17778.75,27,0,17766.09412
8/7/2023 1:15,17778.75,17780,17778.5,17779,26,0,17766.10356
8/7/2023 1:16,17779.25,17780.25,17775.5,17776.25,73,0,17766.12629
8/7/2023 1:17,17777,17780,17777,17779.25,45,0,17766.14202
8/7/2023 1:18,17779.75,17779.75,17777.5,17777.75,33,0,17766.15315
8/7/2023 1:19,17778.25,17780.25,17778.25,17780,39,0,17766.16754
8/7/2023 1:20,17780.25,17783,17779.25,17782.75,130,0,17766.22303
8/7/2023 1:21,17782.75,17783.75,17781.75,17783.25,79,0,17766.25926
8/7/2023 1:22,17783,17784.5,17782.25,17782.5,77,0,17766.29479
8/7/2023 1:23,17782.75,17783.25,17782.25,17782.75,34,0,17766.31011
8/7/2023 1:24,17782.75,17782.75,17781.25,17781.75,16,0,17766.31695
8/7/2023 1:25,17781.5,17782.75,17781.25,17782.25,17,0,17766.32429
8/7/2023 1:26,17781.75,17783.25,17781.75,17781.75,29,0,17766.33692
8/7/2023 1:27,17781.75,17783,17780.5,17781.75,28,0,17766.34871
8/7/2023 1:28,17782,17783.5,17781.5,17782.75,27,0,17766.36068
8/7/2023 1:29,17782.75,17787.75,17782.5,17787.5,150,0,17766.44046
8/7/2023 1:30,17787.5,17789,17785.75,17785.75,108,0,17766.50018
8/7/2023 1:31,17785.75,17788,17783.5,17783.5,117,0,17766.55869
8/7/2023 1:32,17783.5,17786.5,17783.25,17784.5,47,0,17766.58177
8/7/2023 1:33,17784.5,17784.75,17782.25,17783.25,42,0,17766.60084
8/7/2023 1:34,17783,17784.5,17781.5,17782.75,75,0,17766.63377
8/7/2023 1:35,17783,17783,17780.5,17781,151,0,17766.69393
8/7/2023 1:36,17780.75,17781.25,17778.25,17778.5,162,0,17766.74858
8/7/2023 1:37,17778.5,17778.75,17776.5,17776.75,84,0,17766.77225
8/7/2023 1:38,17777,17777.5,17773.25,17773.75,154,0,17766.80517
8/7/2023 1:39,17773.5,17774,17769.75,17770.75,156,0,17766.82451
8/7/2023 1:40,17771,17771.5,17768.5,17770,91,0,17766.83213
8/7/2023 1:41,17769.5,17769.5,17766.25,17766.5,221,0,17766.83551
8/7/2023 1:42,17766.5,17771,17766.25,17770.75,145,0,17766.84496
8/7/2023 1:43,17770.75,17773.5,17770.5,17773.5,105,0,17766.86041
8/7/2023 1:44,17773,17773.75,17772,17772.5,30,0,17766.86501
8/7/2023 1:45,17772.25,17774.25,17772.25,17773,41,0,17766.87172
8/7/2023 1:46,17772.75,17773.75,17771.75,17773.75,38,0,17766.87784
8/7/2023 1:47,17774,17776,17774,17775.75,59,0,17766.89064
8/7/2023 1:48,17776,17777.25,17774,17774.5,47,0,17766.90081
8/7/2023 1:49,17776,17776.25,17775,17775,20,0,17766.90521
8/7/2023 1:50,17775.75,17778,17775.25,17777.5,44,0,17766.91659
8/7/2023 1:51,17778.25,17784.25,17778,17782,202,0,17766.99187
8/7/2023 1:52,17782,17783.5,17781.75,17782.75,57,0,17767.0148
8/7/2023 1:53,17783.25,17786,17782.5,17784.25,150,0,17767.08089
8/7/2023 1:54,17784,17784.5,17781.75,17783.25,90,0,17767.11782
8/7/2023 1:55,17784,17787.5,17784,17787.5,136,0,17767.18425
8/7/2023 1:56,17787,17787.75,17785.5,17786.5,45,0,17767.20641
8/7/2023 1:57,17786,17786.5,17784.75,17785.5,50,0,17767.22971
8/7/2023 1:58,17785.5,17785.5,17784,17785.25,41,0,17767.24808
8/7/2023 1:59,17784.75,17785.5,17782.75,17784,100,0,17767.29061
8/7/2023 2:00,17783.75,17784.25,17782.75,17783.75,70,0,17767.31938
8/7/2023 2:01,17783.75,17784,17779,17782.75,185,0,17767.38717
8/7/2023 2:02,17783,17783.25,17781,17781.75,96,0,17767.42231
8/7/2023 2:03,17781.5,17787.75,17781.25,17787.75,202,0,17767.51372
8/7/2023 2:04,17787.5,17789.5,17783.75,17785,178,0,17767.59572
8/7/2023 2:05,17785.5,17786.25,17779.25,17781.75,153,0,17767.65177
8/7/2023 2:06,17782.25,17783,17778.5,17779.25,102,0,17767.68344
8/7/2023 2:07,17779,17779.5,17773.75,17777.25,171,0,17767.72185
8/7/2023 2:08,17777.5,17777.5,17775,17776,72,0,17767.73675
8/7/2023 2:09,17775.75,17780.75,17775.5,17778.5,126,0,17767.76912
8/7/2023 2:10,17778.25,17780.25,17777.5,17778.25,69,0,17767.78746
8/7/2023 2:11,17778.5,17779.75,17776.75,17778.5,45,0,17767.79902
8/7/2023 2:12,17779.75,17783.25,17779.5,17780.75,100,0,17767.8315
8/7/2023 2:13,17782,17784.75,17781,17782,124,0,17767.87583
8/7/2023 2:14,17781.75,17782,17777.5,17777.5,48,0,17767.88875
8/7/2023 2:15,17777.5,17781.5,17777.5,17778.75,92,0,17767.91399
8/7/2023 2:16,17778.25,17778.75,17776.25,17777.25,73,0,17767.93071
8/7/2023 2:17,17777.5,17782.75,17777.5,17782.75,56,0,17767.94833
8/7/2023 2:18,17783,17783.25,17781.25,17782.25,42,0,17767.96278
8/7/2023 2:19,17782.25,17783.75,17781.5,17782.75,61,0,17767.98432
8/7/2023 2:20,17782.75,17784,17782.25,17783.5,40,0,17767.99896
8/7/2023 2:21,17783.75,17785.5,17782.75,17785.25,62,0,17768.02347
8/7/2023 2:22,17785,17785,17782.75,17784.5,44,0,17768.04038
8/7/2023 2:23,17784.5,17784.5,17781.25,17781.25,73,0,17768.06531
8/7/2023 2:24,17781.25,17781.5,17777.25,17779.25,125,0,17768.09885
8/7/2023 2:25,17778.5,17779,17777.75,17777.75,50,0,17768.11083
8/7/2023 2:26,17777.75,17778,17776.25,17777,50,0,17768.12149
8/7/2023 2:27,17777,17777.25,17772,17772.75,170,0,17768.14514
8/7/2023 2:28,17773,17773,17769,17771,171,0,17768.15664
8/7/2023 2:29,17771,17772.5,17766.5,17769,284,0,17768.16447
8/7/2023 2:30,17769,17769,17762.75,17763.5,274,0,17768.14483
8/7/2023 2:31,17763.5,17766,17760.75,17764,239,0,17768.1196
8/7/2023 2:32,17764.5,17766,17763.25,17763.75,101,0,17768.11078
8/7/2023 2:33,17764.5,17765.75,17762.75,17765.25,60,0,17768.1059
8/7/2023 2:34,17765.25,17766.25,17759.5,17760.75,170,0,17768.08272
8/7/2023 2:35,17760,17760.5,17754.25,17755.5,369,0,17767.98752
8/7/2023 2:36,17755.75,17755.75,17752.25,17753.5,236,0,17767.91188
8/7/2023 2:37,17753.75,17757.5,17753.25,17757.25,91,0,17767.88738
8/7/2023 2:38,17757.5,17759,17754.25,17754.75,149,0,17767.84749
8/7/2023 2:39,17754.5,17756.25,17754.25,17754.75,52,0,17767.83256
8/7/2023 2:40,17754.75,17755.75,17753.75,17755.75,36,0,17767.82224
8/7/2023 2:41,17756,17758,17754.25,17758,72,0,17767.80435
8/7/2023 2:42,17757.5,17759.5,17755,17757,138,0,17767.77151
8/7/2023 2:43,17757.5,17764.75,17757.5,17764.25,169,0,17767.7504
8/7/2023 2:44,17764.5,17766.25,17764,17764.75,91,0,17767.74483
8/7/2023 2:45,17764.75,17766,17763.75,17766,86,0,17767.74007
8/7/2023 2:46,17765.5,17766,17763,17763.75,81,0,17767.7338
8/7/2023 2:47,17764,17766.25,17764,17766.25,53,0,17767.73118
8/7/2023 2:48,17766.25,17767.75,17765.5,17766.75,43,0,17767.73017
8/7/2023 2:49,17767.5,17770.75,17767.5,17769.25,187,0,17767.73609
8/7/2023 2:50,17769.5,17772.25,17768.75,17769,126,0,17767.74235
8/7/2023 2:51,17769,17769.75,17765.5,17767.25,103,0,17767.7418
8/7/2023 2:52,17767.25,17769,17766.75,17767.75,39,0,17767.74188
8/7/2023 2:53,17768,17768.25,17763.75,17766.5,85,0,17767.73896
8/7/2023 2:54,17766,17766.5,17763.75,17764.25,23,0,17767.7375
8/7/2023 2:55,17764.25,17765,17763.5,17764.25,48,0,17767.73384
8/7/2023 2:56,17763.5,17766.25,17763,17763.25,65,0,17767.72879
8/7/2023 2:57,17764,17764.75,17761.75,17762.25,75,0,17767.72094
8/7/2023 2:58,17762.25,17764.5,17759.75,17764,127,0,17767.70725
8/7/2023 2:59,17764,17767.25,17763.25,17765.75,91,0,17767.70273
8/7/2023 3:00,17765.75,17769.5,17765.25,17766.75,94,0,17767.70165
8/7/2023 3:01,17766.5,17767.5,17760.75,17762.75,369,0,17767.66973
8/7/2023 3:02,17762.25,17776.75,17761.75,17774.5,373,0,17767.69615
8/7/2023 3:03,17774,17774.5,17764,17767,161,0,17767.69889
8/7/2023 3:04,17767.25,17770.25,17763,17764,139,0,17767.69316
8/7/2023 3:05,17763.25,17767.75,17762.25,17765,98,0,17767.6876
8/7/2023 3:06,17766,17775.5,17764.25,17774.5,220,0,17767.70482
8/7/2023 3:07,17775,17783.25,17774.75,17782.75,378,0,17767.80356
8/7/2023 3:08,17782.5,17788,17779.5,17785.75,328,0,17767.91626
8/7/2023 3:09,17785,17799.5,17784,17796.75,706,0,17768.28325
8/7/2023 3:10,17796.5,17800.75,17793.5,17800,383,0,17768.5141
8/7/2023 3:11,17799.75,17806.25,17796.25,17805.5,405,0,17768.7916
8/7/2023 3:12,17805,17807.75,17803.5,17806.25,266,0,17768.98823
8/7/2023 3:13,17806.25,17807.5,17799.75,17803.5,278,0,17769.17909
8/7/2023 3:14,17803.5,17803.5,17795,17796.25,291,0,17769.34601
8/7/2023 3:15,17796,17800.75,17796,17798,118,0,17769.41315
8/7/2023 3:16,17799.25,17804.25,17799.25,17801.25,193,0,17769.53492
8/7/2023 3:17,17801,17803.5,17799.75,17802,88,0,17769.59042
8/7/2023 3:18,17801,17804.75,17800,17803.75,173,0,17769.70263
8/7/2023 3:19,17803.5,17806.25,17800.25,17804.5,143,0,17769.79713
8/7/2023 3:20,17804.5,17805.5,17801.25,17802.5,112,0,17769.86951
8/7/2023 3:21,17802.75,17803.25,17800.5,17801.25,135,0,17769.95263
8/7/2023 3:22,17801.25,17807.5,17799.75,17807,248,0,17770.11894
8/7/2023 3:23,17807.75,17812,17805,17812,310,0,17770.3538
8/7/2023 3:24,17812.25,17812.25,17799,17801.25,324,0,17770.56238
8/7/2023 3:25,17801,17801.5,17797,17800.75,289,0,17770.7221
8/7/2023 3:26,17801,17805.5,17800.75,17803.25,177,0,17770.83047
8/7/2023 3:27,17804,17806.5,17802.5,17803.25,84,0,17770.8831
8/7/2023 3:28,17802.75,17805,17800,17801,95,0,17770.9387
8/7/2023 3:29,17800.5,17802.5,17798.25,17799.25,121,0,17771.00469
8/7/2023 3:30,17799,17801,17793.75,17799.25,228,0,17771.11969
8/7/2023 3:31,17799.25,17799.75,17794.25,17796,223,0,17771.2257
8/7/2023 3:32,17795.5,17799.25,17795.25,17797.75,162,0,17771.30442
8/7/2023 3:33,17797.75,17797.75,17794.25,17795.25,64,0,17771.33341
8/7/2023 3:34,17794.25,17804,17793.75,17803.5,164,0,17771.42152
8/7/2023 3:35,17803,17805,17801,17802.25,102,0,17771.48044
8/7/2023 3:36,17802.25,17802.75,17796.25,17797.5,148,0,17771.55488
8/7/2023 3:37,17797.75,17799.25,17795,17798.25,90,0,17771.59775
8/7/2023 3:38,17797.75,17805,17797.75,17804,96,0,17771.65168
8/7/2023 3:39,17803.5,17805.5,17802,17805.25,70,0,17771.69344
8/7/2023 3:40,17805.25,17809.75,17804.75,17808.5,246,0,17771.85468
8/7/2023 3:41,17809,17813.25,17807.25,17808.75,290,0,17772.05387
8/7/2023 3:42,17808.5,17813.5,17807.5,17813.5,147,0,17772.15869
8/7/2023 3:43,17813.5,17814.75,17810.5,17810.75,137,0,17772.25711
8/7/2023 3:44,17810.75,17811.5,17808,17810,115,0,17772.33487
8/7/2023 3:45,17810.25,17810.25,17806,17807.25,91,0,17772.3929
8/7/2023 3:46,17806.5,17811.75,17805.75,17811.75,75,0,17772.44317
8/7/2023 3:47,17812,17814.25,17805.5,17805.5,114,0,17772.5166
8/7/2023 3:48,17806.25,17807.75,17799.25,17799.75,226,0,17772.63643
8/7/2023 3:49,17800,17803.5,17798.75,17802.5,149,0,17772.71313
8/7/2023 3:50,17803,17803,17800.75,17800.75,35,0,17772.73104
8/7/2023 3:51,17800.5,17803,17798.75,17800,136,0,17772.79821
8/7/2023 3:52,17800.75,17802.5,17797.75,17802,112,0,17772.85361
8/7/2023 3:53,17802.5,17804.5,17801.25,17802.25,113,0,17772.9131
8/7/2023 3:54,17802.5,17804,17801,17801.5,55,0,17772.94149
8/7/2023 3:55,17801.75,17803.75,17800.75,17801.5,76,0,17772.9804
8/7/2023 3:56,17801.25,17801.75,17799.5,17800.75,84,0,17773.02132
8/7/2023 3:57,17800.25,17804.75,17798.5,17804.5,89,0,17773.06754
8/7/2023 3:58,17804.5,17806.75,17803.75,17806,112,0,17773.13122
8/7/2023 3:59,17805.5,17808.25,17805.25,17807.5,91,0,17773.18517
8/7/2023 4:00,17807.5,17811,17807,17809.75,135,0,17773.27019
8/7/2023 4:01,17809.75,17812.75,17807.5,17808,308,0,17773.46356
8/7/2023 4:02,17809,17809.5,17801.75,17802,224,0,17773.58353
8/7/2023 4:03,17801.75,17803.5,17800,17803.25,161,0,17773.66316
8/7/2023 4:04,17804,17809.25,17803.25,17803.5,157,0,17773.74872
8/7/2023 4:05,17803,17803,17795.25,17796,253,0,17773.8542
8/7/2023 4:06,17796.75,17799.25,17792,17799,451,0,17774.02975
8/7/2023 4:07,17798.75,17803,17798.75,17801.25,138,0,17774.09288
8/7/2023 4:08,17800.5,17803,17796.5,17796.5,100,0,17774.13449
8/7/2023 4:09,17796.5,17797.25,17793.25,17793.25,145,0,17774.18458
8/7/2023 4:10,17794,17795,17790.75,17792,208,0,17774.24899
8/7/2023 4:11,17793.75,17794,17791.75,17792.5,84,0,17774.27511
8/7/2023 4:12,17793,17797.75,17791.75,17795,166,0,17774.33232
8/7/2023 4:13,17794.25,17795.25,17788.75,17789.75,328,0,17774.42482
8/7/2023 4:14,17790,17794,17788.25,17788.75,150,0,17774.4645
8/7/2023 4:15,17788.5,17790.25,17787,17789,145,0,17774.49886
8/7/2023 4:16,17788.75,17792.25,17788.25,17791.75,104,0,17774.52685
8/7/2023 4:17,17791.25,17794,17791.25,17792,74,0,17774.54874
8/7/2023 4:18,17792.5,17793.25,17788,17788.75,93,0,17774.57247
8/7/2023 4:19,17789.25,17790,17784.5,17786.25,227,0,17774.61857
8/7/2023 4:20,17786.25,17791.75,17785.25,17790.25,153,0,17774.65489
8/7/2023 4:21,17790,17795.25,17790,17794.5,238,0,17774.72724
8/7/2023 4:22,17794,17794,17787.75,17788.5,90,0,17774.7498
8/7/2023 4:23,17788.5,17789.75,17787.25,17788.5,60,0,17774.76326
8/7/2023 4:24,17787.75,17788.75,17785,17786.5,135,0,17774.78959
8/7/2023 4:25,17786,17788,17780.5,17781.75,301,0,17774.83163
8/7/2023 4:26,17782.25,17785.25,17779,17783.25,196,0,17774.85589
8/7/2023 4:27,17782.75,17786.5,17782,17786,103,0,17774.87245
8/7/2023 4:28,17785.75,17787.75,17782.5,17783.5,116,0,17774.89057
8/7/2023 4:29,17784,17785.25,17780.75,17784.25,115,0,17774.90631
8/7/2023 4:30,17783.75,17785.75,17783.25,17784,89,0,17774.91976
8/7/2023 4:31,17783.5,17787,17783,17787,74,0,17774.9325
8/7/2023 4:32,17787,17787.5,17785,17786.25,56,0,17774.94264
8/7/2023 4:33,17786.75,17787.5,17781.25,17781.5,102,0,17774.95644
8/7/2023 4:34,17781.25,17781.75,17773.5,17773.75,385,0,17774.96486
8/7/2023 4:35,17774.25,17775.25,17770.75,17772,288,0,17774.9544
8/7/2023 4:36,17772,17775.25,17771,17771.5,146,0,17774.94894
8/7/2023 4:37,17771.25,17772.5,17768.75,17772,153,0,17774.93964
8/7/2023 4:38,17771.75,17774,17769,17773.5,165,0,17774.93246
8/7/2023 4:39,17774.25,17775.75,17772.75,17775.75,107,0,17774.93216
8/7/2023 4:40,17775,17777.75,17772,17772.25,164,0,17774.92977
8/7/2023 4:41,17772.5,17777.5,17772.25,17777,124,0,17774.93103
8/7/2023 4:42,17777,17777.75,17767.5,17768.75,238,0,17774.91773
8/7/2023 4:43,17769.25,17772,17768.5,17770.25,143,0,17774.90739
8/7/2023 4:44,17770,17770.5,17763.5,17764.25,234,0,17774.8755
8/7/2023 4:45,17764.75,17767.75,17762,17767.25,243,0,17774.84107
8/7/2023 4:46,17767.5,17767.75,17760.75,17761.25,181,0,17774.80888
8/7/2023 4:47,17760.75,17763.75,17757.25,17763.75,197,0,17774.76903
8/7/2023 4:48,17764,17764,17756.25,17757.5,202,0,17774.72123
8/7/2023 4:49,17757.5,17759.25,17756.5,17758.25,88,0,17774.69882
8/7/2023 4:50,17757,17759.25,17756.25,17756.25,92,0,17774.67441
8/7/2023 4:51,17755.75,17764,17753.75,17762.5,325,0,17774.60265
8/7/2023 4:52,17762.25,17765.75,17759.75,17765.5,148,0,17774.57821
8/7/2023 4:53,17765.5,17772.25,17765,17772.25,294,0,17774.55724
8/7/2023 4:54,17772.5,17775.25,17771.75,17774.75,182,0,17774.5555
8/7/2023 4:55,17774.25,17776,17771.25,17773,188,0,17774.5523
8/7/2023 4:56,17772.5,17773,17770,17771,138,0,17774.54567
8/7/2023 4:57,17770.5,17777,17770.5,17775,227,0,17774.54439
8/7/2023 4:58,17774.75,17775,17769.25,17769.75,176,0,17774.53601
8/7/2023 4:59,17769.25,17772.75,17768.75,17772.75,74,0,17774.53259
8/7/2023 5:00,17772.25,17773.25,17768,17769.75,128,0,17774.52464
8/7/2023 5:01,17769.5,17772.75,17766.75,17771.25,153,0,17774.515
8/7/2023 5:02,17772,17773.25,17761.5,17762.75,234,0,17774.48513
8/7/2023 5:03,17762.5,17767.5,17760.25,17767.5,234,0,17774.4529
8/7/2023 5:04,17767.5,17768.75,17765.5,17768.75,49,0,17774.44804
8/7/2023 5:05,17768.5,17770.5,17765.5,17766.25,78,0,17774.44002
8/7/2023 5:06,17765.5,17770.75,17763.75,17769.75,108,0,17774.42999
8/7/2023 5:07,17769.75,17773.75,17769.25,17772.75,99,0,17774.42637
8/7/2023 5:08,17772.25,17775.5,17772,17774.75,135,0,17774.42569
8/7/2023 5:09,17775.25,17775.25,17772,17773,65,0,17774.42474
8/7/2023 5:10,17772.5,17772.5,17768,17769.75,126,0,17774.4168
8/7/2023 5:11,17770,17774.5,17768.5,17774,92,0,17774.41402
8/7/2023 5:12,17774.25,17777,17771.75,17772,227,0,17774.4113
8/7/2023 5:13,17772.25,17772.5,17767.25,17768.75,149,0,17774.40075
8/7/2023 5:14,17768.75,17769.5,17765.5,17766,118,0,17774.38819
8/7/2023 5:15,17765.5,17766.75,17764.25,17765.75,146,0,17774.36973
8/7/2023 5:16,17764.75,17768.25,17763.75,17766.25,142,0,17774.35287
8/7/2023 5:17,17766.75,17770.5,17765.75,17770,107,0,17774.3443
8/7/2023 5:18,17770.5,17773.75,17770.25,17772.5,114,0,17774.34075
8/7/2023 5:19,17772.75,17775,17772.25,17773.5,51,0,17774.3402
8/7/2023 5:20,17774,17774.75,17772.5,17773.25,53,0,17774.33957
8/7/2023 5:21,17773,17774.25,17771.75,17773.75,38,0,17774.33898
8/7/2023 5:22,17773.25,17775.5,17772.5,17775,66,0,17774.33897
8/7/2023 5:23,17774.75,17775.25,17771.25,17774.5,90,0,17774.33811
8/7/2023 5:24,17774.5,17777,17773.25,17774.5,129,0,17774.33917
8/7/2023 5:25,17774.25,17780.75,17773.25,17779.5,283,0,17774.35315
8/7/2023 5:26,17779.75,17781.75,17778.75,17781.25,263,0,17774.37623
8/7/2023 5:27,17780.75,17780.75,17776.5,17777.5,115,0,17774.3825
8/7/2023 5:28,17777.25,17777.25,17774.5,17776,88,0,17774.38439
8/7/2023 5:29,17776,17778.25,17776,17777.75,36,0,17774.38588
8/7/2023 5:30,17777.75,17778.25,17774.5,17776,95,0,17774.38837
8/7/2023 5:31,17776.5,17780.25,17775.5,17779,105,0,17774.39404
8/7/2023 5:32,17779,17781.5,17778.75,17780.5,81,0,17774.40068
8/7/2023 5:33,17780.75,17782.75,17780.5,17782,76,0,17774.40848
8/7/2023 5:34,17782.5,17783.75,17779.75,17781.5,106,0,17774.41921
8/7/2023 5:35,17781.25,17782.25,17776.5,17777.25,110,0,17774.42572
8/7/2023 5:36,17778,17779.75,17776.5,17778.25,51,0,17774.42837
8/7/2023 5:37,17778.75,17785,17778.75,17783.5,138,0,17774.44369
8/7/2023 5:38,17783.25,17784,17782,17783.25,65,0,17774.45148
8/7/2023 5:39,17783.75,17784.25,17782.25,17782.75,54,0,17774.45795
8/7/2023 5:40,17783.5,17788.75,17783.5,17788.75,265,0,17774.50387
8/7/2023 5:41,17789,17789.25,17782.5,17783.75,104,0,17774.51917
8/7/2023 5:42,17783.25,17785,17783.25,17784.25,40,0,17774.52449
8/7/2023 5:43,17784.25,17788,17783.5,17788,60,0,17774.53439
8/7/2023 5:44,17788.25,17789,17784.5,17786,45,0,17774.54181
8/7/2023 5:45,17786,17787.75,17784.25,17787.75,50,0,17774.55009
8/7/2023 5:46,17788,17788.25,17785.5,17786.25,36,0,17774.55609
8/7/2023 5:47,17786.25,17789.5,17786,17789.25,72,0,17774.56964
8/7/2023 5:48,17789.25,17790,17786,17787,154,0,17774.59729
8/7/2023 5:49,17787.25,17790.75,17787.25,17790.5,69,0,17774.61138
8/7/2023 5:50,17790.75,17790.75,17787.25,17789,70,0,17774.62516
8/7/2023 5:51,17788.25,17789,17785,17788.5,91,0,17774.64117
8/7/2023 5:52,17789.75,17790.25,17785.5,17786.25,66,0,17774.65261
8/7/2023 5:53,17786.25,17789,17785.5,17788,100,0,17774.67013
8/7/2023 5:54,17788,17788.75,17785.25,17786.25,67,0,17774.68116
8/7/2023 5:55,17785.5,17785.5,17781.75,17785,163,0,17774.70199
8/7/2023 5:56,17784.25,17786.5,17784.25,17784.75,65,0,17774.71123
8/7/2023 5:57,17785.25,17788.5,17782.25,17787.75,183,0,17774.73964
8/7/2023 5:58,17787.75,17789,17786.5,17786.75,87,0,17774.75456
8/7/2023 5:59,17786.75,17786.75,17785,17785.5,21,0,17774.75769
8/7/2023 6:00,17786.25,17787,17779.75,17780,171,0,17774.77498
8/7/2023 6:01,17779.75,17781.25,17776.75,17781.25,280,0,17774.79371
8/7/2023 6:02,17781.25,17784.25,17780.75,17781.75,65,0,17774.80022
8/7/2023 6:03,17782.75,17785,17782.75,17783.5,63,0,17774.80779
8/7/2023 6:04,17784,17785.5,17782.5,17784,92,0,17774.81913
8/7/2023 6:05,17784,17785,17780.5,17781.25,30,0,17774.82212
8/7/2023 6:06,17781.5,17781.5,17779,17779.5,113,0,17774.82995
8/7/2023 6:07,17778.75,17779,17775.75,17779,160,0,17774.83654
8/7/2023 6:08,17777.75,17778,17776,17776.5,48,0,17774.83782
8/7/2023 6:09,17776.5,17776.75,17772,17772.5,205,0,17774.83485
8/7/2023 6:10,17772.25,17772.5,17768.25,17769.75,268,0,17774.81826
8/7/2023 6:11,17770,17770.75,17768.25,17769.25,97,0,17774.81132
8/7/2023 6:12,17768.5,17770,17766.75,17770,90,0,17774.8043
8/7/2023 6:13,17770,17770,17766,17768,101,0,17774.79523
8/7/2023 6:14,17767.75,17767.75,17761,17763,157,0,17774.77271
8/7/2023 6:15,17763,17766.5,17762.75,17766,68,0,17774.76403
8/7/2023 6:16,17766,17767.25,17763.25,17766.5,117,0,17774.75004
8/7/2023 6:17,17767,17769,17766,17768.25,143,0,17774.7369
8/7/2023 6:18,17769,17771,17768,17768.25,77,0,17774.73119
8/7/2023 6:19,17768.5,17772.75,17768.25,17771.75,73,0,17774.72754
8/7/2023 6:20,17772.5,17774.25,17769.5,17770.25,179,0,17774.7196
8/7/2023 6:21,17770.5,17771.25,17765,17765,95,0,17774.71013
8/7/2023 6:22,17764.5,17765.75,17762.5,17764.25,141,0,17774.69076
8/7/2023 6:23,17763.75,17764.75,17759.25,17760.25,167,0,17774.66194
8/7/2023 6:24,17760.5,17763,17753.75,17757.25,322,0,17774.59248
8/7/2023 6:25,17757.25,17759,17756.25,17757.75,148,0,17774.56011
8/7/2023 6:26,17758.25,17762.5,17757.25,17761.75,88,0,17774.54414
8/7/2023 6:27,17762,17764,17761.5,17761.5,130,0,17774.52368
8/7/2023 6:28,17761.75,17761.75,17758.5,17759.25,56,0,17774.51309
8/7/2023 6:29,17759.25,17759.25,17752.75,17753.75,207,0,17774.46188
8/7/2023 6:30,17754,17755.5,17748.75,17749,352,0,17774.35667
8/7/2023 6:31,17749,17749,17743,17747.5,573,0,17774.15409
8/7/2023 6:32,17747.75,17752.5,17746.75,17752.5,196,0,17774.0956
8/7/2023 6:33,17752.5,17756.75,17752.5,17755.25,195,0,17774.04816
8/7/2023 6:34,17754.75,17758.25,17751.5,17752,288,0,17773.97521
8/7/2023 6:35,17752.25,17758.25,17751.5,17756,246,0,17773.91742
8/7/2023 6:36,17756.25,17757,17753.75,17755.25,75,0,17773.89996
8/7/2023 6:37,17755.5,17756.5,17753.25,17756.5,71,0,17773.88352
8/7/2023 6:38,17756,17760.5,17755.5,17758.25,126,0,17773.85863
8/7/2023 6:39,17757.5,17758.25,17754.75,17757.75,77,0,17773.84234
8/7/2023 6:40,17757.5,17759.5,17756.75,17759.25,61,0,17773.83066
8/7/2023 6:41,17758.25,17759.25,17754.25,17755,85,0,17773.81194
8/7/2023 6:42,17754.75,17757.75,17753.25,17755.25,115,0,17773.78561
8/7/2023 6:43,17755.25,17757.5,17753.75,17756.5,94,0,17773.76472
8/7/2023 6:44,17756.25,17760,17756.25,17759.75,64,0,17773.75272
8/7/2023 6:45,17759.5,17761.25,17757.25,17761,66,0,17773.74131
8/7/2023 6:46,17760.75,17764.75,17760,17760,246,0,17773.70429
8/7/2023 6:47,17759.75,17761.25,17757.25,17757.25,79,0,17773.68952
8/7/2023 6:48,17757,17761.25,17756,17757.25,110,0,17773.66844
8/7/2023 6:49,17757,17759.25,17754.25,17759,125,0,17773.64352
8/7/2023 6:50,17759,17761.75,17758.25,17758.5,113,0,17773.62385
8/7/2023 6:51,17759,17761.5,17758.5,17761,128,0,17773.60293
8/7/2023 6:52,17760.5,17766.75,17759.75,17765.75,172,0,17773.58285
8/7/2023 6:53,17765.25,17767.25,17760,17762.75,267,0,17773.54939
8/7/2023 6:54,17762.75,17769,17762.5,17767.75,187,0,17773.53312
8/7/2023 6:55,17767.75,17767.75,17764.5,17766.5,98,0,17773.52442
8/7/2023 6:56,17766,17767.5,17765.5,17766,85,0,17773.51698
8/7/2023 6:57,17766,17770.25,17764.5,17765.75,257,0,17773.49614
8/7/2023 6:58,17765.5,17766.25,17762.5,17763.75,108,0,17773.48393
8/7/2023 6:59,17763.5,17765.5,17762.25,17765,76,0,17773.47544
8/7/2023 7:00,17764.25,17766.5,17761.75,17764.5,132,0,17773.46072
8/7/2023 7:01,17765,17768.75,17765,17768,125,0,17773.45135
8/7/2023 7:02,17768.25,17769.5,17763.5,17764.75,154,0,17773.43737
8/7/2023 7:03,17765.25,17769,17764.25,17766.75,202,0,17773.42094
8/7/2023 7:04,17767.25,17769,17765.75,17768.25,133,0,17773.41175
8/7/2023 7:05,17768.5,17770,17764.5,17764.75,86,0,17773.40454
8/7/2023 7:06,17764.5,17765,17760.75,17761.75,150,0,17773.38497
8/7/2023 7:07,17761.5,17764,17761.25,17761.75,82,0,17773.37414
8/7/2023 7:08,17762,17764.25,17760.5,17763.25,109,0,17773.36021
8/7/2023 7:09,17763.75,17766.25,17763.75,17764.25,72,0,17773.35282
8/7/2023 7:10,17764.25,17764.25,17759.75,17763,111,0,17773.33825
8/7/2023 7:11,17762.25,17763.75,17762,17762.75,86,0,17773.3275
8/7/2023 7:12,17762.75,17764.75,17760.75,17764,83,0,17773.31748
8/7/2023 7:13,17764.5,17769,17762,17767,126,0,17773.30653
8/7/2023 7:14,17767.5,17769.75,17766.75,17768.75,90,0,17773.30131
8/7/2023 7:15,17768.75,17771.5,17767.25,17769.75,149,0,17773.29461
8/7/2023 7:16,17769.5,17770.5,17765.75,17767.5,103,0,17773.28806
8/7/2023 7:17,17766.5,17768.25,17763.5,17763.5,84,0,17773.27992
8/7/2023 7:18,17763.25,17763.5,17761.25,17762.5,104,0,17773.2666
8/7/2023 7:19,17763,17767.25,17763,17764.5,108,0,17773.25598
8/7/2023 7:20,17764.75,17768.25,17762,17762,117,0,17773.24335
8/7/2023 7:21,17762,17764.5,17761.75,17762.5,79,0,17773.23376
8/7/2023 7:22,17763,17769.25,17763,17769.25,95,0,17773.227
8/7/2023 7:23,17769.25,17769.75,17764.75,17765,84,0,17773.22037
8/7/2023 7:24,17763.75,17763.75,17760.75,17763.25,116,0,17773.20592
8/7/2023 7:25,17763.5,17764,17757,17758.25,182,0,17773.1773
8/7/2023 7:26,17758.5,17762.75,17757,17762.25,137,0,17773.1573
8/7/2023 7:27,17761.5,17762.75,17758.75,17760.5,70,0,17773.1471
8/7/2023 7:28,17760,17760,17756.25,17758.5,179,0,17773.11608
8/7/2023 7:29,17758.25,17764.5,17756.75,17764.5,262,0,17773.08204
8/7/2023 7:30,17764,17764.75,17761,17764,92,0,17773.07156
8/7/2023 7:31,17764,17765.75,17763,17765,77,0,17773.064
8/7/2023 7:32,17764.25,17764.25,17758.75,17760.25,91,0,17773.05139
8/7/2023 7:33,17760,17760.75,17758,17760.75,97,0,17773.03658
8/7/2023 7:34,17760.5,17763.25,17759.5,17762.25,67,0,17773.02778
8/7/2023 7:35,17761.5,17765,17761,17761.75,134,0,17773.01165
8/7/2023 7:36,17762.25,17765.75,17760.5,17763.5,149,0,17772.99492
8/7/2023 7:37,17763.75,17766.75,17763.75,17766,95,0,17772.98674
8/7/2023 7:38,17765.75,17766.75,17764.75,17766.25,74,0,17772.98073
8/7/2023 7:39,17766.75,17769,17766.25,17766.75,158,0,17772.9705
8/7/2023 7:40,17766.5,17766.75,17764,17764.25,79,0,17772.96329
8/7/2023 7:41,17763.75,17765,17761.75,17762.5,65,0,17772.95594
8/7/2023 7:42,17761.75,17763.25,17760,17762.25,49,0,17772.94971
8/7/2023 7:43,17762.25,17763.25,17759.5,17760.25,62,0,17772.94124
8/7/2023 7:44,17760.5,17760.5,17757.75,17759.25,77,0,17772.92913
8/7/2023 7:45,17759,17760.25,17755.5,17759.75,128,0,17772.90807
8/7/2023 7:46,17759,17759.25,17755.25,17756.75,70,0,17772.89545
8/7/2023 7:47,17757,17761.5,17756.5,17761.5,88,0,17772.88237
8/7/2023 7:48,17761.5,17764.5,17761,17763.5,65,0,17772.87507
8/7/2023 7:49,17764,17768.25,17764,17767.75,117,0,17772.86682
8/7/2023 7:50,17768.25,17770.25,17766.5,17767.25,196,0,17772.85601
8/7/2023 7:51,17766.75,17769.25,17766,17768,99,0,17772.85028
8/7/2023 7:52,17767.5,17767.5,17764.75,17766,59,0,17772.84577
8/7/2023 7:53,17766.25,17769.25,17765.75,17768.75,79,0,17772.84137
8/7/2023 7:54,17768.75,17771,17768.5,17770.75,102,0,17772.83819
8/7/2023 7:55,17770.5,17771,17767.25,17767.75,122,0,17772.83245
8/7/2023 7:56,17768,17768.5,17766.5,17766.5,94,0,17772.82646
8/7/2023 7:57,17766.5,17768,17765,17766,59,0,17772.82214
8/7/2023 7:58,17766.5,17767.25,17764.75,17765.25,64,0,17772.81705
8/7/2023 7:59,17765.75,17767.5,17764.25,17766.25,105,0,17772.80901
8/7/2023 8:00,17766.5,17767,17763,17763,128,0,17772.79685
8/7/2023 8:01,17762.75,17768.25,17761.25,17763.5,211,0,17772.77686
8/7/2023 8:02,17763.25,17769,17763.25,17768.25,182,0,17772.76478
8/7/2023 8:03,17768,17770,17765.25,17766,117,0,17772.75737
8/7/2023 8:04,17766.5,17766.75,17763.5,17766,69,0,17772.75172
8/7/2023 8:05,17766.25,17766.25,17762.25,17765.75,132,0,17772.73997
8/7/2023 8:06,17765,17766.75,17764,17766.25,35,0,17772.73722
8/7/2023 8:07,17766,17766.5,17763.75,17764.5,72,0,17772.73096
8/7/2023 8:08,17764.25,17766.25,17764,17765.25,81,0,17772.72415
8/7/2023 8:09,17765.5,17766.5,17763.25,17765.25,96,0,17772.71593
8/7/2023 8:10,17764.75,17765,17758.25,17759.25,117,0,17772.70053
8/7/2023 8:11,17759.25,17761.5,17759,17761,81,0,17772.68959
8/7/2023 8:12,17760.5,17765.5,17760.5,17764.75,149,0,17772.67459
8/7/2023 8:13,17764.75,17767.5,17762.75,17763.5,140,0,17772.6621
8/7/2023 8:14,17763.75,17766,17762.75,17764.5,81,0,17772.65473
8/7/2023 8:15,17765,17767.25,17764,17764.5,118,0,17772.64511
8/7/2023 8:16,17765.5,17767,17762,17763.5,72,0,17772.6384
8/7/2023 8:17,17764.5,17766,17762.75,17762.75,46,0,17772.63395
8/7/2023 8:18,17762.5,17763.25,17754,17756.25,282,0,17772.5882
8/7/2023 8:19,17756.75,17757.75,17751.75,17753.25,231,0,17772.54188
8/7/2023 8:20,17753.75,17754.5,17745.25,17745.75,606,0,17772.38364
8/7/2023 8:21,17746.25,17750.75,17744.25,17749.5,484,0,17772.257
8/7/2023 8:22,17748.75,17751.5,17747.25,17748.25,202,0,17772.20636
8/7/2023 8:23,17748.75,17749.5,17745,17745.75,155,0,17772.16389
8/7/2023 8:24,17746,17747.75,17742.25,17743,217,0,17772.09904
8/7/2023 8:25,17743.25,17746.5,17743.25,17746.5,128,0,17772.06242
8/7/2023 8:26,17746.75,17749.25,17745.5,17749.25,134,0,17772.02789
8/7/2023 8:27,17749.25,17750.75,17746.25,17747,113,0,17771.99886
8/7/2023 8:28,17747.75,17748.25,17745.25,17746.5,73,0,17771.97909
8/7/2023 8:29,17747,17747,17743.25,17744.5,182,0,17771.92656
8/7/2023 8:30,17744,17749.75,17744,17749.75,156,0,17771.88654
8/7/2023 8:31,17749.25,17751.75,17745.5,17750.75,202,0,17771.83814
8/7/2023 8:32,17750.75,17753.75,17749,17753.75,253,0,17771.7854
8/7/2023 8:33,17753.75,17756,17752.5,17754.5,180,0,17771.75217
8/7/2023 8:34,17755,17758.25,17754.5,17758,164,0,17771.72649
8/7/2023 8:35,17758,17764,17757.75,17763.5,318,0,17771.6931
8/7/2023 8:36,17763,17770.25,17763,17768.75,579,0,17771.6667
8/7/2023 8:37,17768.5,17772.75,17767.25,17771.25,397,0,17771.66153
8/7/2023 8:38,17770.75,17772.75,17767.5,17768.75,303,0,17771.65525
8/7/2023 8:39,17768.5,17772,17768.5,17771.75,153,0,17771.65382
8/7/2023 8:40,17771,17771.5,17769.25,17769.75,110,0,17771.65213
8/7/2023 8:41,17769.25,17773.75,17768,17773,376,0,17771.65186
8/7/2023 8:42,17773,17777.25,17772.75,17776,542,0,17771.67233
8/7/2023 8:43,17776.25,17778.75,17775.5,17777.75,259,0,17771.68732
8/7/2023 8:44,17777.75,17778.25,17776,17778.25,236,0,17771.70132
8/7/2023 8:45,17778.5,17779.25,17773.25,17773.25,244,0,17771.71014
8/7/2023 8:46,17773.25,17777,17772.75,17774,181,0,17771.71542
8/7/2023 8:47,17774.75,17777,17774,17776.75,113,0,17771.72024
8/7/2023 8:48,17776.25,17781.25,17776.25,17778.75,299,0,17771.74151
8/7/2023 8:49,17779,17784.25,17778.5,17782.5,559,0,17771.79781
8/7/2023 8:50,17782.5,17782.75,17776,17777.75,232,0,17771.81419
8/7/2023 8:51,17778.25,17785.5,17778.25,17785,298,0,17771.84731
8/7/2023 8:52,17785.25,17790,17785,17787.75,484,0,17771.92317
8/7/2023 8:53,17787.75,17788,17784.5,17786,183,0,17771.94908
8/7/2023 8:54,17786.5,17787.25,17783.25,17786.75,203,0,17771.97688
8/7/2023 8:55,17787.5,17789,17785.75,17789,173,0,17772.00419
8/7/2023 8:56,17788.25,17789.5,17785.5,17788,195,0,17772.03439
8/7/2023 8:57,17787.75,17791,17787.5,17787.75,229,0,17772.07215
8/7/2023 8:58,17787.75,17788,17785,17786.75,163,0,17772.09544
8/7/2023 8:59,17787,17789.75,17785.75,17789,151,0,17772.1193
8/7/2023 9:00,17789,17791.25,17788.25,17790,145,0,17772.14453
8/7/2023 9:01,17790.25,17790.75,17786.25,17787.25,234,0,17772.18106
8/7/2023 9:02,17786.5,17789.25,17786,17786.5,226,0,17772.21436
8/7/2023 9:03,17786.5,17790.5,17783.75,17790.25,444,0,17772.28329
8/7/2023 9:04,17790.25,17792,17781.25,17784,514,0,17772.35033
8/7/2023 9:05,17783.25,17785.25,17779.5,17783.25,432,0,17772.39331
8/7/2023 9:06,17783.25,17788,17783.25,17787,329,0,17772.43661
8/7/2023 9:07,17786.75,17789.75,17786.25,17786.25,172,0,17772.46134
8/7/2023 9:08,17786.25,17787.75,17784,17786.5,146,0,17772.4804
8/7/2023 9:09,17786.5,17788,17783.5,17787.5,151,0,17772.50042
8/7/2023 9:10,17787.5,17790,17787.25,17788.75,195,0,17772.53053
8/7/2023 9:11,17789.5,17799.5,17789.5,17793,777,0,17772.68872
8/7/2023 9:12,17792.25,17793.5,17790.5,17792.25,230,0,17772.73092
8/7/2023 9:13,17792.5,17798,17792.5,17795.75,220,0,17772.77805
8/7/2023 9:14,17796.25,17797.5,17794.25,17796.75,121,0,17772.80474
8/7/2023 9:15,17796.5,17800,17795.25,17798.5,296,0,17772.87465
8/7/2023 9:16,17798,17798.75,17788,17791.5,403,0,17772.9497
8/7/2023 9:17,17791.5,17792.75,17788,17789.25,193,0,17772.98047
8/7/2023 9:18,17788.5,17790.75,17785.5,17788.75,215,0,17773.01128
8/7/2023 9:19,17788.5,17789.5,17784.5,17788.75,237,0,17773.04345
8/7/2023 9:20,17788.5,17788.75,17782.25,17783,251,0,17773.07055
8/7/2023 9:21,17783.25,17784.5,17781,17784.5,223,0,17773.09177
8/7/2023 9:22,17784.25,17786,17783.5,17785,157,0,17773.10884
8/7/2023 9:23,17784.75,17786.75,17783,17786.25,119,0,17773.1223
8/7/2023 9:24,17786.25,17787.5,17783.5,17785,167,0,17773.14113
8/7/2023 9:25,17785.25,17787,17783.5,17785.25,154,0,17773.15832
8/7/2023 9:26,17786.5,17787.25,17780.25,17781.25,565,0,17773.2089
8/7/2023 9:27,17780.5,17784,17780.5,17783.25,136,0,17773.22058
8/7/2023 9:28,17782.75,17782.75,17778,17780.5,332,0,17773.2424
8/7/2023 9:29,17780.5,17783.25,17777.25,17780,342,0,17773.26397
8/7/2023 9:30,17779.75,17785.75,17779,17782.75,1044,0,17773.35094
8/7/2023 9:31,17781.75,17811.75,17780,17810.5,5394,17800.75,17774.62217
8/7/2023 9:32,17810.5,17821.5,17779,17782.25,6290,17797.25077,17775.6296
8/7/2023 9:33,17782.5,17791,17768,17777,4314,17792.2394,17775.73288
8/7/2023 9:34,17776.75,17782,17761.25,17769.75,3756,17788.20097,17775.59678
8/7/2023 9:35,17770.5,17783.25,17768.5,17771,2638,17786.55741,17775.57012
8/7/2023 9:36,17770.75,17778.25,17762.5,17776,3009,17784.86255,17775.49681
8/7/2023 9:37,17775.5,17786,17764.25,17786,2729,17784.26955,17775.56068
8/7/2023 9:38,17786,17797,17780.75,17786,3607,17784.68406,17775.87322
8/7/2023 9:39,17785.75,17788.25,17772.5,17777.25,1906,17784.38092,17775.91886
8/7/2023 9:40,17777.25,17783.75,17767.75,17768.75,2408,17783.64857,17775.87784
8/7/2023 9:41,17768.5,17778.5,17763.75,17768.25,2854,17782.65956,17775.76901
8/7/2023 9:42,17768,17772.75,17751.5,17757.25,3288,17780.93272,17775.441
8/7/2023 9:43,17757,17762.25,17749.75,17754.5,2426,17779.54991,17775.12986
8/7/2023 9:44,17754,17771.25,17752.75,17761.75,3033,17778.42757,17774.87704
8/7/2023 9:45,17761.75,17763.25,17734.5,17738.25,3700,17776.04307,17774.20318
8/7/2023 9:46,17738.25,17758,17734.75,17755.5,3092,17774.5309,17773.73956
8/7/2023 9:47,17754.75,17756,17736.75,17753,2566,17773.36301,17773.35504
8/7/2023 9:48,17753,17754.75,17737.75,17741.5,1972,17772.40358,17773.02195
8/7/2023 9:49,17742,17752.5,17727,17728.75,2356,17771.00851,17772.51657
8/7/2023 9:50,17728.75,17737.25,17721.75,17731,3061,17769.0593,17771.77401
8/7/2023 9:51,17730.75,17746.5,17730.25,17744.25,2200,17768.11038,17771.38424
8/7/2023 9:52,17744,17762.5,17743,17760.5,2907,17767.576,17771.12555
8/7/2023 9:53,17761,17769.75,17759,17769,2623,17767.51566,17771.05089
8/7/2023 9:54,17769.25,17785,17769.25,17776.25,3224,17767.91432,17771.151
8/7/2023 9:55,17776.5,17781.5,17770.25,17773.25,1856,17768.08465,17771.18899
8/7/2023 9:56,17773.25,17783.75,17767.5,17775.5,2026,17768.27638,17771.23582
8/7/2023 9:57,17775.25,17776.25,17764,17768,1750,17768.30102,17771.21923
8/7/2023 9:58,17768.25,17769.75,17754.25,17757,2297,17768.08127,17771.09043
8/7/2023 9:59,17757.25,17758.25,17737.75,17744.25,2751,17767.39918,17770.75035
8/7/2023 10:00,17744.25,17748.5,17730,17735.25,2575,17766.5424,17770.3265
8/7/2023 10:01,17735.25,17738.25,17716,17718.5,3633,17764.87667,17769.50232
8/7/2023 10:02,17718.25,17721,17707,17709.25,4060,17762.66498,17768.38356
8/7/2023 10:03,17709.75,17722.25,17705.25,17721.25,2954,17761.28359,17767.65063
8/7/2023 10:04,17721.25,17736.75,17716.25,17728,3752,17760.03482,17766.93748
8/7/2023 10:05,17727.75,17733.75,17724.5,17733.5,1477,17759.61849,17766.68814
8/7/2023 10:06,17733.25,17733.75,17723,17725,1515,17759.15586,17766.41263
8/7/2023 10:07,17725.5,17739.5,17725.5,17736,1582,17758.78104,17766.17548
8/7/2023 10:08,17735.5,17757.25,17731.75,17753.25,2999,17758.47283,17765.92143
8/7/2023 10:09,17753.25,17767,17751,17763.25,3183,17758.52722,17765.84342
8/7/2023 10:10,17763.25,17771.25,17759,17769,1906,17758.65722,17765.84825
8/7/2023 10:11,17768.75,17772.75,17757.75,17758,2026,17758.72911,17765.82152
8/7/2023 10:12,17758.25,17762.5,17749.75,17755.25,1683,17758.68828,17765.74851
8/7/2023 10:13,17754.75,17757.25,17748.25,17749,1617,17758.59222,17765.64914
8/7/2023 10:14,17749.5,17753,17741.5,17746,1741,17758.42542,17765.50891
8/7/2023 10:15,17746.5,17755.25,17740.5,17752,1574,17758.30924,17765.40009
8/7/2023 10:16,17751.5,17760,17746.25,17752.75,1882,17758.23006,17765.30164
8/7/2023 10:17,17752.75,17772.5,17752.75,17771,2461,17758.36753,17765.30283
8/7/2023 10:18,17770.75,17771.25,17761.25,17770.75,1399,17758.46846,17765.31704
8/7/2023 10:19,17771,17773.25,17756,17761.5,1505,17758.52698,17765.30627
8/7/2023 10:20,17761.75,17775.25,17758.25,17773.75,1492,17758.64535,17765.32938
8/7/2023 10:21,17774,17778.25,17762.75,17764.5,2022,17758.79288,17765.35545
8/7/2023 10:22,17764.75,17772.5,17762.25,17772.25,965,17758.86528,17765.36969
8/7/2023 10:23,17773,17773.75,17764.5,17765.5,887,17758.92392,17765.37881
8/7/2023 10:24,17765.25,17771.25,17762,17769.5,840,17758.97672,17765.38626
8/7/2023 10:25,17769.5,17777.25,17764.25,17776.75,1186,17759.09428,17765.42122
8/7/2023 10:26,17776.25,17780.75,17772.5,17777.75,1634,17759.3024,17765.49646
8/7/2023 10:27,17777.5,17787.75,17773,17782,1866,17759.58553,17765.61005
8/7/2023 10:28,17782.25,17785.5,17764.75,17768,2021,17759.76969,17765.66656
8/7/2023 10:29,17768.25,17771.5,17764.25,17770.25,1369,17759.85321,17765.68256
8/7/2023 10:30,17769.75,17775.75,17763.5,17772.75,1547,17759.96671,17765.71242
8/7/2023 10:31,17772.25,17775.5,17756.25,17757.5,2277,17760.01413,17765.68944
8/7/2023 10:32,17757.5,17765.75,17756,17760.75,1546,17760.0225,17765.66079
8/7/2023 10:33,17760.75,17769.75,17755,17769,1306,17760.06156,17765.65545
8/7/2023 10:34,17769.5,17769.75,17756.75,17758.5,1018,17760.0722,17765.64009
8/7/2023 10:35,17758.25,17764.75,17752.25,17764.25,1504,17760.07554,17765.61055
8/7/2023 10:36,17764.25,17776,17761.75,17775.5,1487,17760.18012,17765.64098
8/7/2023 10:37,17775.5,17785,17775,17784.75,1977,17760.44708,17765.75799
8/7/2023 10:38,17784.5,17786,17777,17780.25,1198,17760.60189,17765.82585
8/7/2023 10:39,17780.25,17782.75,17774.75,17776.75,899,17760.69975,17765.86644
8/7/2023 10:40,17777,17780,17772,17775.5,912,17760.7852,17765.89982
8/7/2023 10:41,17775.25,17784,17771.75,17784,1238,17760.93073,17765.96324
8/7/2023 10:42,17783.75,17791.75,17780.75,17791.25,2043,17761.26529,17766.12594
8/7/2023 10:43,17790.5,17791.75,17767.75,17770.75,2144,17761.46416,17766.20794
8/7/2023 10:44,17770.5,17771,17760.5,17764.5,1492,17761.49844,17766.20327
8/7/2023 10:45,17765,17768,17755,17755,1638,17761.47759,17766.16321
8/7/2023 10:46,17755.5,17764.5,17750,17764.25,1832,17761.4574,17766.12058
8/7/2023 10:47,17764.25,17769.25,17759,17766,985,17761.47616,17766.11582
8/7/2023 10:48,17766.25,17769,17755.5,17755.75,1013,17761.46804,17766.09436
8/7/2023 10:49,17756,17762,17753,17761.5,1186,17761.4502,17766.06425
8/7/2023 10:50,17761.75,17771,17759.25,17770.75,1128,17761.48572,17766.06792
8/7/2023 10:51,17770.75,17772,17755,17759,2236,17761.49217,17766.03648
8/7/2023 10:52,17759,17762,17750.25,17750.5,1279,17761.44063,17765.98461
8/7/2023 10:53,17750.25,17757.75,17744,17754.25,2012,17761.33611,17765.88844
8/7/2023 10:54,17754.25,17758.5,17745.75,17749.25,1034,17761.27858,17765.8366
8/7/2023 10:55,17749.75,17756,17746.75,17749.5,895,17761.22727,17765.79076
8/7/2023 10:56,17749.25,17751.25,17737.5,17743,1634,17761.07463,17765.67007
8/7/2023 10:57,17743.75,17753.75,17739.75,17740.75,1497,17760.9438,17765.56486
8/7/2023 10:58,17741.25,17748,17734,17738.25,1607,17760.76587,17765.42803
8/7/2023 10:59,17738.75,17747.75,17735.25,17747.25,1108,17760.66443,17765.34684
8/7/2023 11:00,17747,17754.5,17741.5,17743.25,1632,17760.54278,17765.24454
8/7/2023 11:01,17742.75,17744,17733.25,17737.25,1464,17760.3727,17765.11391
8/7/2023 11:02,17737.5,17739,17728.75,17738.5,1599,17760.16723,17764.95826
8/7/2023 11:03,17738.75,17748.75,17737,17747.25,1461,17760.049,17764.85995
8/7/2023 11:04,17748.25,17748.75,17730.25,17734,1383,17759.89191,17764.73781
8/7/2023 11:05,17733.5,17736,17729,17732.25,984,17759.75539,17764.63485
8/7/2023 11:06,17731.5,17732.75,17724.75,17727.25,1383,17759.53689,17764.47268
8/7/2023 11:07,17727.75,17730.5,17708.75,17709.75,1993,17759.10938,17764.16544
8/7/2023 11:08,17709.75,17715,17703.5,17706.25,2459,17758.49593,17763.72858
8/7/2023 11:09,17706,17717.5,17704.75,17717.5,1943,17758.06878,17763.41886
8/7/2023 11:10,17717.5,17720.75,17712.25,17713.5,1528,17757.75507,17763.18876
8/7/2023 11:11,17714.25,17724.75,17711.5,17723.5,1546,17757.47502,17762.97953
8/7/2023 11:12,17723.25,17727,17720.75,17720.75,889,17757.32821,17762.86823
8/7/2023 11:13,17720.75,17730.25,17720.75,17729.75,879,17757.20132,17762.76994
8/7/2023 11:14,17729.5,17734,17727.25,17732.5,982,17757.0809,17762.67396
8/7/2023 11:15,17732.25,17732.25,17720.5,17729.25,984,17756.94323,17762.56646
8/7/2023 11:16,17729.5,17734.75,17723.25,17733.25,932,17756.82746,17762.4741
8/7/2023 11:17,17732.75,17734.75,17729.25,17731.25,719,17756.74331,17762.40615
8/7/2023 11:18,17731.25,17731.75,17707.25,17712,1864,17756.40056,17762.14732
8/7/2023 11:19,17711.5,17712.5,17695.75,17696.5,2138,17755.86362,17761.75391
8/7/2023 11:20,17696.75,17699,17687.75,17691,2576,17755.12551,17761.21675
8/7/2023 11:21,17690.75,17703.75,17688.75,17698.75,1842,17754.64541,17760.86259
8/7/2023 11:22,17698.5,17702.5,17692,17702,1203,17754.34553,17760.63968
8/7/2023 11:23,17702.25,17714.75,17701.5,17714,1576,17754.03614,17760.40278
8/7/2023 11:24,17713.5,17717.25,17707,17709.75,1196,17753.81082,17760.22891
8/7/2023 11:25,17709.75,17711.75,17702.75,17704.25,842,17753.6348,17760.09459
8/7/2023 11:26,17704.25,17708,17700.5,17704.25,979,17753.4232,17759.93348
8/7/2023 11:27,17704,17705,17694.25,17696.25,1203,17753.13554,17759.71647
8/7/2023 11:28,17696.25,17719.75,17696.25,17717.25,1577,17752.84879,17759.4923
8/7/2023 11:29,17717,17719,17707.5,17713.25,848,17752.70412,17759.37797
8/7/2023 11:30,17713,17715,17706.5,17708.75,557,17752.60209,17759.29804
8/7/2023 11:31,17708.25,17713.5,17702.25,17702.75,1014,17752.4006,17759.14168
8/7/2023 11:32,17703,17705,17698.75,17699,940,17752.19434,17758.98326
8/7/2023 11:33,17699.5,17703.5,17687.25,17689.75,1350,17751.85855,17758.72838
8/7/2023 11:34,17689.75,17692.25,17682.5,17687.75,1771,17751.37914,17758.36653
8/7/2023 11:35,17687.5,17705.75,17687.5,17705.25,1644,17751.02286,17758.09023
8/7/2023 11:36,17704.5,17714,17701.25,17713.25,1328,17750.79379,17757.90669
8/7/2023 11:37,17712.75,17716.75,17707.5,17714.5,1030,17750.63241,17757.77527
8/7/2023 11:38,17714.5,17721.25,17713,17720.75,939,17750.50744,17757.67052
8/7/2023 11:39,17721.5,17723,17709.25,17713.25,1187,17750.33542,17757.5283
8/7/2023 11:40,17712.75,17717.25,17708.5,17711,822,17750.20749,17757.42362
8/7/2023 11:41,17710.5,17723.75,17710.25,17722,1191,17750.05471,17757.29423
8/7/2023 11:42,17722,17723.5,17712.5,17718.75,1292,17749.88847,17757.15334
8/7/2023 11:43,17718.5,17723.25,17712.75,17713,786,17749.78211,17757.06393
8/7/2023 11:44,17713,17722.25,17710.25,17718,972,17749.65346,17756.95524
8/7/2023 11:45,17717.75,17723.75,17716.5,17722.75,742,17749.5683,17756.88125
8/7/2023 11:46,17723.25,17727,17715.25,17716.5,1109,17749.43571,17756.76688
8/7/2023 11:47,17716.75,17722.25,17712.5,17716.75,694,17749.34666,17756.69103
8/7/2023 11:48,17717.5,17723.75,17717.25,17723,896,17749.2472,17756.60381
8/7/2023 11:49,17722.75,17729.25,17722.25,17726.25,1253,17749.13195,17756.49832
8/7/2023 11:50,17725.75,17730.5,17723.5,17729.25,1080,17749.04129,17756.41339
8/7/2023 11:51,17729.75,17730.5,17724,17727.75,792,17748.97425,17756.35071
8/7/2023 11:52,17727.5,17737.25,17727.5,17735,1422,17748.88723,17756.26139
8/7/2023 11:53,17735.75,17737.75,17730.5,17737.75,834,17748.84337,17756.21405
8/7/2023 11:54,17737.25,17739.75,17734.25,17736.5,959,17748.79885,17756.16376
8/7/2023 11:55,17737,17742,17733.75,17741.5,973,17748.76245,17756.11891
8/7/2023 11:56,17741.5,17758.75,17741.25,17756.75,2705,17748.7984,17756.09087
8/7/2023 11:57,17756,17756.25,17750.5,17752.75,1421,17748.82193,17756.07978
8/7/2023 11:58,17753.25,17763.25,17751.75,17762,1515,17748.88005,17756.09154
8/7/2023 11:59,17762.25,17766.5,17761.5,17762.25,1481,17748.96074,17756.12026
8/7/2023 12:00,17762.25,17764,17755.25,17763,2034,17749.04993,17756.14506
8/7/2023 12:01,17763.5,17768,17756.25,17756.5,1400,17749.10795,17756.16014
8/7/2023 12:02,17756.5,17769.75,17756.5,17768.75,1198,17749.17809,17756.18784
8/7/2023 12:03,17768.75,17768.75,17761.25,17764.5,985,17749.23469,17756.21006
8/7/2023 12:04,17764.25,17770.25,17761.5,17766.5,852,17749.28722,17756.23196
8/7/2023 12:05,17766.5,17769,17761,17762,654,17749.32234,17756.24516
8/7/2023 12:06,17762.5,17767.75,17759.75,17766,956,17749.37513,17756.26562
8/7/2023 12:07,17766,17768.75,17762.25,17765.75,671,17749.4146,17756.2818
8/7/2023 12:08,17765.75,17769.25,17763.25,17764,658,17749.45291,17756.29747
8/7/2023 12:09,17764,17767.25,17760,17763.5,600,17749.48354,17756.30874
8/7/2023 12:10,17764.25,17766.5,17762.5,17763.75,383,17749.50394,17756.31658
8/7/2023 12:11,17763.5,17774.5,17761.75,17773.75,1575,17749.61974,17756.37189
8/7/2023 12:12,17773.75,17774.25,17761,17761.25,1540,17749.70698,17756.40783
8/7/2023 12:13,17761.5,17767.5,17758.5,17765,1494,17749.78098,17756.43544
8/7/2023 12:14,17765.5,17766.75,17761.5,17762.5,474,17749.80416,17756.44406
8/7/2023 12:15,17762.5,17764.75,17759.25,17760.75,506,17749.82524,17756.45067
8/7/2023 12:16,17760.5,17765,17757.5,17757.75,673,17749.84959,17756.45687
8/7/2023 12:17,17758.25,17759.75,17752,17755,1327,17749.87631,17756.45394
8/7/2023 12:18,17754.5,17761.25,17752,17761,806,17749.89947,17756.45725
8/7/2023 12:19,17760.75,17762,17754.25,17760,657,17749.91978,17756.46104
8/7/2023 12:20,17760,17760.75,17756.75,17758,303,17749.92885,17756.4626
8/7/2023 12:21,17757.5,17757.75,17751.5,17754.25,719,17749.9403,17756.45905
8/7/2023 12:22,17753.75,17754,17748.75,17752.25,676,17749.94435,17756.45093
8/7/2023 12:23,17752.5,17755.5,17751.5,17752.5,373,17749.94852,17756.44786
8/7/2023 12:24,17753,17754,17744,17747.75,1152,17749.94308,17756.42523
8/7/2023 12:25,17748,17756.75,17747.25,17756,798,17749.9524,17756.41908
8/7/2023 12:26,17756.25,17762.75,17755,17761.75,855,17749.98142,17756.42634
8/7/2023 12:27,17761.25,17769.75,17760.75,17766.25,1490,17750.06087,17756.46016
8/7/2023 12:28,17766,17775.25,17765.25,17774.5,910,17750.12785,17756.49438
8/7/2023 12:29,17774.5,17775,17767.25,17768.75,827,17750.18461,17756.52262
8/7/2023 12:30,17768,17771,17765.5,17770.25,468,17750.21435,17756.53692
8/7/2023 12:31,17770.5,17774.5,17763.5,17765.25,819,17750.26293,17756.55951
8/7/2023 12:32,17765.25,17765.75,17753.25,17753.75,1525,17750.30049,17756.56333
8/7/2023 12:33,17753.75,17756.25,17750.5,17753.75,865,17750.30978,17756.55685
8/7/2023 12:34,17753.5,17756.75,17746.75,17748,700,17750.31022,17756.5465
8/7/2023 12:35,17747.75,17751.25,17746.25,17749.75,580,17750.30785,17756.53595
8/7/2023 12:36,17749.75,17753.25,17745.5,17749.75,936,17750.30533,17756.51993
8/7/2023 12:37,17751,17758.5,17750.75,17754.5,812,17750.31687,17756.51611
8/7/2023 12:38,17754.5,17758.25,17747.25,17756.75,632,17750.32476,17756.51239
8/7/2023 12:39,17757,17757,17749.75,17750.25,416,17750.32752,17756.50818
8/7/2023 12:40,17751.25,17753.25,17744.75,17746.5,655,17750.32285,17756.49497
8/7/2023 12:41,17746.25,17747,17740,17745,1250,17750.29685,17756.45732
8/7/2023 12:42,17745,17749.25,17741,17749,644,17750.28865,17756.44176
8/7/2023 12:43,17748.75,17749,17741.5,17747,448,17750.28211,17756.43034
8/7/2023 12:44,17747.25,17752.25,17745.5,17750.25,598,17750.28025,17756.42015
8/7/2023 12:45,17750.25,17753,17746.5,17751.75,491,17750.28047,17756.41308
8/7/2023 12:46,17752,17753.25,17745,17748,555,17750.2777,17756.4029
8/7/2023 12:47,17748.25,17751.5,17741,17743.75,530,17750.26932,17756.38897
8/7/2023 12:48,17743.25,17752.5,17743.25,17750.75,522,17750.26688,17756.37955
8/7/2023 12:49,17750.25,17759,17749.75,17755.75,917,17750.28044,17756.37617
8/7/2023 12:50,17755.5,17762.75,17755.25,17761.25,869,17750.30702,17756.38314
8/7/2023 12:51,17761.5,17765,17756.5,17763.5,993,17750.34334,17756.39559
8/7/2023 12:52,17763.5,17764,17756.75,17760.75,560,17750.36162,17756.40104
8/7/2023 12:53,17760.75,17766.5,17758.25,17764,468,17750.38048,17756.40826
8/7/2023 12:54,17763.75,17770.25,17762.25,17768.75,821,17750.42437,17756.42896
8/7/2023 12:55,17769.25,17777.25,17768,17773.5,1028,17750.49813,17756.46891
8/7/2023 12:56,17773.5,17774.5,17760.75,17762.25,870,17750.54058,17756.48807
8/7/2023 12:57,17761.75,17765.75,17759.5,17765,455,17750.55919,17756.49547
8/7/2023 12:58,17765.75,17771,17763.5,17770.75,610,17750.59373,17756.51253
8/7/2023 12:59,17770.75,17775.75,17766.25,17769,785,17750.64274,17756.53794
8/7/2023 13:00,17769,17774.5,17767.75,17772.25,802,17750.69551,17756.56598
8/7/2023 13:01,17773,17775.75,17770.5,17773,862,17750.75622,17756.5992
8/7/2023 13:02,17772.5,17779.75,17772.5,17777.5,1017,17750.8386,17756.64649
8/7/2023 13:03,17778,17780,17773.25,17777.5,543,17750.88293,17756.67207
8/7/2023 13:04,17777.25,17777.25,17770.75,17773.5,516,17750.91995,17756.69263
8/7/2023 13:05,17773.5,17774.75,17769.5,17774,469,17750.9519,17756.71009
8/7/2023 13:06,17774,17777,17769.75,17774.75,647,17750.99802,17756.73574
8/7/2023 13:07,17774,17779.75,17773,17779.25,682,17751.05384,17756.76821
8/7/2023 13:08,17779,17779,17768.75,17769.5,631,17751.09566,17756.79101
8/7/2023 13:09,17769.5,17771.75,17766.5,17770.75,640,17751.13246,17756.81
8/7/2023 13:10,17771.25,17773.75,17768.75,17773.5,387,17751.15743,17756.82354
8/7/2023 13:11,17773.5,17774.5,17770.25,17771.5,380,17751.18199,17756.83688
8/7/2023 13:12,17771.25,17777,17771,17773.5,331,17751.20513,17756.84981
8/7/2023 13:13,17773,17784.5,17772.75,17783.5,1036,17751.29768,17756.90542
8/7/2023 13:14,17783.25,17786.25,17773.5,17774.25,969,17751.37703,17756.9522
8/7/2023 13:15,17774.5,17777.25,17764.75,17766.75,993,17751.4323,17756.98084
8/7/2023 13:16,17767,17770.25,17764,17766.25,695,17751.46495,17756.99645
8/7/2023 13:17,17766.5,17774,17765.25,17773,607,17751.5006,17757.01545
8/7/2023 13:18,17773.25,17776.5,17769.5,17772.75,579,17751.53829,17757.03639
8/7/2023 13:19,17772.5,17777.75,17770,17776.75,532,17751.5759,17757.05789
8/7/2023 13:20,17776.75,17782,17774,17781.25,635,17751.62881,17757.0896
8/7/2023 13:21,17781,17785,17776.5,17784.75,1057,17751.72601,17757.14936
8/7/2023 13:22,17784.75,17788.75,17779,17781.25,1061,17751.82588,17757.21126
8/7/2023 13:23,17781.25,17782.5,17774,17777,535,17751.86769,17757.23613
8/7/2023 13:24,17776.75,17783,17776,17782.75,420,17751.90388,17757.25821
8/7/2023 13:25,17782.75,17783.25,17774.25,17775,379,17751.93296,17757.27547
8/7/2023 13:26,17775.25,17781,17773.5,17778.25,411,17751.96453,17757.29423
8/7/2023 13:27,17778.25,17780.75,17772.25,17774.75,427,17751.99511,17757.31209
8/7/2023 13:28,17774.75,17775.25,17768.25,17773.25,602,17752.03151,17757.33226
8/7/2023 13:29,17773.25,17777,17772,17775,312,17752.05257,17757.34438
8/7/2023 13:30,17774.5,17776.5,17771.25,17773.25,247,17752.06847,17757.35341
8/7/2023 13:31,17773.5,17776.25,17765.75,17770.25,841,17752.11517,17757.3786
8/7/2023 13:32,17769.75,17772.75,17766.5,17767.75,470,17752.13873,17757.3908
8/7/2023 13:33,17768,17769,17764,17765.25,457,17752.15762,17757.39966
8/7/2023 13:34,17764.75,17774.75,17764.25,17774.5,625,17752.19277,17757.41883
8/7/2023 13:35,17773.5,17775.25,17768.5,17773.25,371,17752.21486,17757.43115
8/7/2023 13:36,17772.5,17780.75,17772.5,17780.75,583,17752.25921,17757.45781
8/7/2023 13:37,17780.5,17783.75,17777.25,17779,629,17752.3106,17757.48929
8/7/2023 13:38,17778.5,17779.75,17775.25,17775.5,369,17752.33722,17757.50512
8/7/2023 13:39,17775.25,17777,17770,17771.5,462,17752.36503,17757.52081
8/7/2023 13:40,17772.25,17776.25,17771.25,17774.25,334,17752.38616,17757.53294
8/7/2023 13:41,17774.25,17783.75,17774.25,17783.25,534,17752.43002,17757.55997
8/7/2023 13:42,17783.5,17785,17780.25,17783.75,521,17752.47662,17757.58925
8/7/2023 13:43,17783.5,17786.5,17778.25,17782,504,17752.52046,17757.61668
8/7/2023 13:44,17781.5,17783.25,17779.25,17782.25,279,17752.54413,17757.63143
8/7/2023 13:45,17781.25,17782,17774.5,17775.5,338,17752.56857,17757.6461
8/7/2023 13:46,17775.75,17775.75,17767.75,17768.25,779,17752.6094,17757.66827
8/7/2023 13:47,17768.25,17770.75,17758.25,17760.75,1903,17752.66799,17757.69154
8/7/2023 13:48,17760,17770.5,17758.75,17767.25,1211,17752.7128,17757.71221
8/7/2023 13:49,17767,17778,17766.75,17777.75,921,17752.76963,17757.74525
8/7/2023 13:50,17777.75,17795.75,17776.75,17783.25,2172,17752.97126,17757.87491
8/7/2023 13:51,17782.75,17786.75,17780,17782.5,745,17753.03523,17757.9156
8/7/2023 13:52,17783.5,17787.75,17779.5,17780,497,17753.07682,17757.94196
8/7/2023 13:53,17780,17784,17779.75,17780.5,337,17753.104,17757.95907
8/7/2023 13:54,17780.25,17787.5,17778.5,17785.5,387,17753.13779,17757.98071
8/7/2023 13:55,17785,17787.75,17781.75,17783.5,334,17753.16738,17757.99972
8/7/2023 13:56,17783.5,17788,17782.5,17786,408,17753.20479,17758.02393
8/7/2023 13:57,17785.75,17789,17782.5,17782.75,656,17753.26337,17758.06171
8/7/2023 13:58,17783,17790.25,17782,17789.25,493,17753.31062,17758.09259
8/7/2023 13:59,17789.5,17793,17787.25,17789.75,571,17753.36975,17758.13175
8/7/2023 14:00,17789.25,17795.75,17789.25,17794.25,694,17753.44738,17758.18382
8/7/2023 14:01,17794.5,17800,17792,17800,1423,17753.62259,17758.30304
8/7/2023 14:02,17799.5,17808.5,17799,17804,1702,17753.86121,17758.46827
8/7/2023 14:03,17804.5,17809.25,17802.75,17806.5,810,17753.97924,17758.5505
8/7/2023 14:04,17806.5,17807.25,17802.25,17804.75,471,17754.04578,17758.59677
8/7/2023 14:05,17805.25,17806,17796.25,17796.25,602,17754.12178,17758.64907
8/7/2023 14:06,17796.25,17800.75,17796.25,17799,569,17754.19207,17758.69736
8/7/2023 14:07,17799.5,17800,17794.5,17796.75,440,17754.24435,17758.73316
8/7/2023 14:08,17796.75,17796.75,17787.25,17792.5,875,17754.33603,17758.79504
8/7/2023 14:09,17792.75,17796,17786.5,17788,599,17754.39524,17758.83473
8/7/2023 14:10,17788.5,17797,17788.5,17794.75,525,17754.45167,17758.87304
8/7/2023 14:11,17795,17796,17790.75,17793.25,428,17754.49746,17758.90414
8/7/2023 14:12,17793.5,17795.75,17788.75,17789.75,385,17754.53653,17758.93051
8/7/2023 14:13,17790.5,17795.25,17789.5,17792.5,706,17754.60989,17758.98024
8/7/2023 14:14,17792.75,17793.5,17785.25,17790,506,17754.65836,17759.01277
8/7/2023 14:15,17790.25,17792,17784,17784,451,17754.69786,17759.03896
8/7/2023 14:16,17784.5,17789.75,17782.75,17786.5,780,17754.76523,17759.08357
8/7/2023 14:17,17787,17791,17786,17788.25,509,17754.81192,17759.11483
8/7/2023 14:18,17788.5,17789.5,17784.75,17785.5,340,17754.84135,17759.13437
8/7/2023 14:19,17785.25,17790,17784,17789.5,414,17754.87851,17759.15921
8/7/2023 14:20,17790,17797.5,17789,17795.25,803,17754.96361,17759.21745
8/7/2023 14:21,17796,17798.25,17792,17797.5,590,17755.0291,17759.26258
8/7/2023 14:22,17797,17799.75,17794.25,17794.25,612,17755.09709,17759.30948
8/7/2023 14:23,17795,17799,17794.25,17794.5,321,17755.13252,17759.33392
8/7/2023 14:24,17794.75,17798.75,17792.5,17795.5,401,17755.17633,17759.36414
8/7/2023 14:25,17795.75,17796,17791,17792,334,17755.21041,17759.38747
8/7/2023 14:26,17791.5,17792,17773.5,17776.25,2375,17755.37198,17759.49151
8/7/2023 14:27,17776.75,17781,17773.5,17778.25,1019,17755.4325,17759.52953
8/7/2023 14:28,17777.75,17780,17772.25,17775,1030,17755.4883,17759.56392
8/7/2023 14:29,17775,17777.5,17770.75,17775,758,17755.52648,17759.58705
8/7/2023 14:30,17775.5,17777.25,17769.5,17776.5,638,17755.55849,17759.60647
8/7/2023 14:31,17776.5,17787.5,17776,17787.5,1131,17755.64269,17759.66218
8/7/2023 14:32,17787.5,17794.25,17786,17794,1230,17755.75886,17759.74195
8/7/2023 14:33,17793.25,17795.75,17791,17793.5,767,17755.83496,17759.79462
8/7/2023 14:34,17793.25,17805.5,17792,17805.5,1543,17756.01782,17759.92385
8/7/2023 14:35,17805.75,17807.5,17801.5,17803.25,1039,17756.14851,17760.01692
8/7/2023 14:36,17803,17808,17802.25,17807.5,764,17756.24781,17760.08794
8/7/2023 14:37,17807.25,17809.25,17803,17806.25,776,17756.34877,17760.16024
8/7/2023 14:38,17806.25,17806.75,17798.25,17801.25,621,17756.42268,17760.21282
8/7/2023 14:39,17800.5,17801.5,17797.25,17800,446,17756.47271,17760.24825
8/7/2023 14:40,17800.25,17803.25,17796.5,17798.5,639,17756.54391,17760.29869
8/7/2023 14:41,17798.5,17798.5,17793,17797.25,638,17756.60954,17760.34485
8/7/2023 14:42,17797.5,17799.75,17795.5,17796.75,295,17756.64064,17760.36679
8/7/2023 14:43,17796.75,17797.25,17791.25,17791.75,494,17756.6876,17760.3996
8/7/2023 14:44,17791.75,17796.5,17790,17790.5,492,17756.73289,17760.43114
8/7/2023 14:45,17790.25,17794.75,17788.5,17793,501,17756.77855,17760.46294
8/7/2023 14:46,17792.75,17795,17790,17794.25,367,17756.81288,17760.48693
8/7/2023 14:47,17794,17799.25,17793.5,17796.25,512,17756.86494,17760.52367
8/7/2023 14:48,17796.5,17797.25,17790.5,17791.75,349,17756.8975,17760.54646
8/7/2023 14:49,17791.75,17793.5,17786.75,17793.5,662,17756.95586,17760.58707
8/7/2023 14:50,17793.25,17800.75,17792.5,17800.75,574,17757.01623,17760.62992
8/7/2023 14:51,17801,17802,17796.5,17796.5,433,17757.06202,17760.66247
8/7/2023 14:52,17796.25,17800,17792,17792.5,463,17757.10673,17760.69398
8/7/2023 14:53,17792.75,17795.5,17787.75,17794.5,519,17757.15374,17760.72692
8/7/2023 14:54,17794.5,17795.75,17792.25,17794.25,247,17757.17701,17760.7433
8/7/2023 14:55,17794,17796.75,17792,17795.25,211,17757.19718,17760.75753
8/7/2023 14:56,17795,17798.75,17792.5,17797.75,403,17757.23736,17760.78601
8/7/2023 14:57,17797.25,17804.25,17796.25,17802.75,614,17757.30584,17760.8351
8/7/2023 14:58,17802.25,17805.5,17799.25,17800.75,586,17757.3721,17760.88271
8/7/2023 14:59,17800.75,17800.75,17793.75,17793.75,510,17757.42218,17760.91825
8/7/2023 15:00,17794.25,17799.75,17792.5,17796.75,397,17757.46132,17760.94607
8/7/2023 15:01,17797.75,17806,17797.5,17805.25,689,17757.54054,17761.00319
8/7/2023 15:02,17805,17813,17805,17812.25,1167,17757.69519,17761.11608
8/7/2023 15:03,17812,17813.25,17803,17805.75,1002,17757.82031,17761.20718
8/7/2023 15:04,17806.25,17808.25,17802.25,17805.75,534,17757.88417,17761.25357
8/7/2023 15:05,17806.25,17810.75,17803.75,17806.25,431,17757.9372,17761.29221
8/7/2023 15:06,17806.75,17809.75,17804,17808.5,362,17757.98211,17761.32497
8/7/2023 15:07,17808.5,17812.5,17806.75,17809,719,17758.07467,17761.39271
8/7/2023 15:08,17809,17812,17803.75,17805.25,395,17758.12299,17761.42798
8/7/2023 15:09,17805.25,17807.5,17802.5,17804,387,17758.16798,17761.46071
8/7/2023 15:10,17803.75,17804.5,17799.75,17802.75,578,17758.23165,17761.50687
8/7/2023 15:11,17803,17808.75,17801.5,17805,551,17758.29596,17761.55374
8/7/2023 15:12,17805.25,17805.5,17799,17801.25,471,17758.34707,17761.59081
8/7/2023 15:13,17801,17805,17798.5,17800.25,439,17758.39388,17761.62473
8/7/2023 15:14,17800.25,17802.75,17796.25,17800.5,668,17758.46256,17761.6744
8/7/2023 15:15,17801.75,17803,17796.5,17797.25,520,17758.51469,17761.71204
8/7/2023 15:16,17797.25,17798,17792.75,17795.25,883,17758.59507,17761.76965
8/7/2023 15:17,17795.5,17801.5,17794.25,17799.25,634,17758.65727,17761.81459
8/7/2023 15:18,17798.75,17804.75,17798,17804.25,581,17758.71982,17761.86016
8/7/2023 15:19,17804.75,17805,17798.25,17801,415,17758.76346,17761.89192
8/7/2023 15:20,17801,17801,17797.5,17798.25,276,17758.79073,17761.91167
8/7/2023 15:21,17798.75,17802.75,17796.5,17801.25,369,17758.82827,17761.93895
8/7/2023 15:22,17800.75,17803,17798.75,17801,303,17758.8596,17761.96175
8/7/2023 15:23,17801,17806,17799.5,17802.75,548,17758.91861,17762.00487
8/7/2023 15:24,17802.25,17804,17796.75,17799.25,593,17758.9783,17762.04828
8/7/2023 15:25,17799.5,17801.25,17796.5,17801,365,17759.01457,17762.07465
8/7/2023 15:26,17801.25,17802.25,17794.75,17798.5,485,17759.0614,17762.10864
8/7/2023 15:27,17798.25,17804.75,17797,17803.75,362,17759.09922,17762.13628
8/7/2023 15:28,17804,17805,17798.75,17799.5,411,17759.14133,17762.16702
8/7/2023 15:29,17799.25,17800.25,17789,17791.5,1327,17759.2525,17762.24689
8/7/2023 15:30,17791.5,17795.5,17789.5,17793.25,589,17759.30042,17762.28127
8/7/2023 15:31,17793,17795,17789.5,17791,586,17759.34666,17762.31437
8/7/2023 15:32,17791.25,17794.5,17785.5,17785.75,588,17759.3883,17762.34387
8/7/2023 15:33,17785.75,17797,17783.75,17795.5,1748,17759.52614,17762.44279
8/7/2023 15:34,17795.25,17801,17794.75,17796.25,774,17759.59658,17762.49411
8/7/2023 15:35,17796,17802.5,17796,17801,466,17759.64167,17762.52714
8/7/2023 15:36,17800.5,17807,17799.5,17805.5,836,17759.73066,17762.59286
8/7/2023 15:37,17805.75,17809.5,17800,17808.5,977,17759.83889,17762.6731
8/7/2023 15:38,17808,17809.25,17804,17805.25,566,17759.90158,17762.71962
8/7/2023 15:39,17805,17805.5,17800.25,17803.75,631,17759.96676,17762.7678
8/7/2023 15:40,17803.5,17807.75,17802.75,17807,348,17760.00483,17762.79607
8/7/2023 15:41,17807.25,17812.75,17804.5,17811.25,667,17760.08346,17762.85477
8/7/2023 15:42,17811,17814,17804,17805.25,836,17760.17817,17762.92537
8/7/2023 15:43,17804.5,17811.5,17804.5,17809.5,571,17760.24366,17762.97427
8/7/2023 15:44,17809.25,17810.75,17807.5,17809.25,386,17760.28845,17763.00775
8/7/2023 15:45,17809.25,17811.25,17804.5,17806.75,515,17760.34604,17763.05074
8/7/2023 15:46,17806.5,17806.5,17799,17805.75,1037,17760.45238,17763.12976
8/7/2023 15:47,17805.25,17805.75,17800.25,17802.25,536,17760.50588,17763.16948
8/7/2023 15:48,17802,17808,17801,17807.25,506,17760.55944,17763.20943
8/7/2023 15:49,17807.75,17812.5,17805.5,17812,705,17760.64146,17763.27099
8/7/2023 15:50,17812,17816.25,17810.5,17814.5,926,17760.75693,17763.35807
8/7/2023 15:51,17814.25,17823.75,17811,17817.75,2480,17761.08542,17763.60707
8/7/2023 15:52,17818.25,17824.25,17813.5,17823.75,1162,17761.24615,17763.7294
8/7/2023 15:53,17823.5,17828,17821.75,17826,1785,17761.51101,17763.93193
8/7/2023 15:54,17825.75,17828.25,17824.25,17827,1082,17761.67363,17764.05654
8/7/2023 15:55,17826.75,17828,17819.25,17821.25,1445,17761.87732,17764.21246
8/7/2023 15:56,17821.5,17830,17820.5,17828.75,2367,17762.22752,17764.48159
8/7/2023 15:57,17828.5,17839,17827,17834.25,2289,17762.59911,17764.7688
8/7/2023 15:58,17835,17838.25,17833,17837.5,1076,17762.77939,17764.90853
8/7/2023 15:59,17837.75,17839.5,17834.25,17837,1755,17763.07419,17765.13738
8/7/2023 16:00,17837.25,17838.75,17831.25,17834.5,8070,17764.36273,17766.14124
8/7/2023 16:01,17834.5,17835,17828,17830,2857,17764.78368,17766.47029
8/7/2023 16:02,17830,17835.5,17828.75,17835.25,946,17764.92641,17766.58214
8/7/2023 16:03,17835,17837,17833.5,17835.75,461,17764.99804,17766.63835
8/7/2023 16:04,17836,17837.25,17834.25,17837,323,17765.04867,17766.67811
8/7/2023 16:05,17837,17837.5,17836.25,17836.75,278,17765.0926,17766.71262
8/7/2023 16:06,17837,17839.5,17835.25,17837.75,740,17765.21035,17766.80519
8/7/2023 16:07,17837.5,17838,17834,17835,466,17765.28243,17766.86184
8/7/2023 16:08,17835.25,17835.25,17831.25,17832.25,478,17765.35334,17766.91755
8/7/2023 16:09,17832.5,17834.5,17831,17834.25,419,17765.41567,17766.96654
8/7/2023 16:10,17834.5,17836.5,17834.25,17835.25,307,17765.46267,17767.00352
8/7/2023 16:11,17835,17835.75,17833.25,17833.5,191,17765.49139,17767.02612
8/7/2023 16:12,17833.25,17834.75,17832.25,17834.25,256,17765.52962,17767.05619
8/7/2023 16:13,17833.75,17835,17833.5,17834,102,17765.54493,17767.06824
8/7/2023 16:14,17834,17836,17833.5,17834.5,141,17765.56624,17767.08501
8/7/2023 16:15,17834.75,17837.75,17834,17835.75,254,17765.60524,17767.11573
8/7/2023 16:16,17836,17839.25,17835.75,17839,268,17765.64761,17767.14913
8/7/2023 16:17,17838.75,17839.5,17837.75,17839,173,17765.67522,17767.1709
8/7/2023 16:18,17838.75,17839.25,17838,17838,117,17765.69379,17767.18555
8/7/2023 16:19,17837.75,17838,17836.5,17838,112,17765.71134,17767.19939
8/7/2023 16:20,17838,17838.5,17837.25,17838.25,47,17765.71875,17767.20523
8/7/2023 16:21,17838.25,17838.5,17837.5,17837.5,46,17765.72599,17767.21094
8/7/2023 16:22,17837.5,17838.5,17837.5,17838.25,49,17765.73372,17767.21704
8/7/2023 16:23,17838.75,17839.5,17838.25,17839.5,42,17765.74044,17767.22234
8/7/2023 16:24,17839.5,17839.75,17836.25,17836.5,151,17765.76407,17767.24097
8/7/2023 16:25,17836.25,17837,17835.25,17836,108,17765.78062,17767.25403
8/7/2023 16:26,17835.75,17836.5,17835,17836,52,17765.78856,17767.26029
8/7/2023 16:27,17836.25,17837.75,17836.25,17837.25,52,17765.79664,17767.26666
8/7/2023 16:28,17837,17840,17837,17839,122,17765.81601,17767.28195
8/7/2023 16:29,17839.25,17839.5,17838.5,17838.75,53,17765.82445,17767.28861
8/7/2023 16:30,17838.5,17838.5,17837.5,17837.75,33,17765.82963,17767.2927
8/7/2023 16:31,17837.75,17838.25,17837,17838,40,17765.8359,17767.29764
8/7/2023 16:32,17838,17839.25,17837.5,17839,141,17765.85823,17767.31527
8/7/2023 16:33,17838.75,17839.25,17836.5,17837,64,17765.86823,17767.32316
8/7/2023 16:34,17836.5,17838.5,17836.5,17838.25,31,17765.87308,17767.32699
8/7/2023 16:35,17838.75,17838.75,17838,17838,11,17765.87481,17767.32836
8/7/2023 16:36,17838,17839,17837.5,17839,23,17765.87845,17767.33123
8/7/2023 16:37,17838.75,17839.75,17838.5,17839.75,57,17765.88756,17767.33842
8/7/2023 16:38,17839.5,17840,17839,17839.75,41,17765.89414,17767.34362
8/7/2023 16:39,17839.75,17840.75,17839.5,17840,85,17765.90786,17767.35446
8/7/2023 16:40,17840.5,17840.75,17840,17840.25,73,17765.91968,17767.3638
8/7/2023 16:41,17839.75,17841.75,17839.5,17841.75,89,17765.93421,17767.37528
8/7/2023 16:42,17841.25,17841.75,17840.25,17840.5,63,17765.94448,17767.38339
8/7/2023 16:43,17840.25,17841,17840.25,17840.5,51,17765.95276,17767.38993
8/7/2023 16:44,17840.5,17841.5,17840,17840.5,61,17765.96267,17767.39776
8/7/2023 16:45,17840,17840.25,17838.5,17839.25,143,17765.98547,17767.41578
8/7/2023 16:46,17839.5,17840,17838,17839.75,114,17766.00362,17767.43012
8/7/2023 16:47,17839.5,17840.25,17838.5,17839.25,66,17766.01414,17767.43843
8/7/2023 16:48,17839.25,17840.5,17839.25,17839.5,16,17766.0167,17767.44046
8/7/2023 16:49,17839.25,17839.75,17838.75,17839.75,25,17766.02069,17767.44361
8/7/2023 16:50,17839.25,17840.75,17839.25,17840.75,28,17766.02521,17767.44718
8/7/2023 16:51,17841,17843.25,17839.75,17841.75,135,17766.04736,17767.4647
8/7/2023 16:52,17841.25,17841.75,17840.75,17841.5,29,17766.0521,17767.46845
8/7/2023 16:53,17841.25,17842.75,17841.25,17842.75,65,17766.06286,17767.47696
8/7/2023 16:54,17842.5,17843.75,17842,17843,63,17766.07337,17767.48527
8/7/2023 16:55,17843,17843.5,17841,17841,181,17766.10313,17767.50881
8/7/2023 16:56,17841,17842.5,17840,17840,176,17766.13166,17767.53138
8/7/2023 16:57,17839.75,17840.25,17839.75,17840,34,17766.13711,17767.53569
8/7/2023 16:58,17840.25,17841.5,17840.25,17840.75,32,17766.1423,17767.53979
8/7/2023 16:59,17840.75,17840.75,17838.75,17839.5,72,17766.15378,17767.54887
8/7/2023 17:00,17839.5,17840.75,17837.75,17838.75,143,17766.17639,17767.56675
8/7/2023 18:01,17843.25,17846,17843.25,17843.25,653,0,17844.16667
8/7/2023 18:02,17843.5,17845.75,17841.75,17843,218,0,17843.99981
8/7/2023 18:03,17843.25,17845.75,17843.25,17843.5,109,0,17844.01837
8/7/2023 18:04,17843,17845.25,17843,17843.75,79,0,17844.017
8/7/2023 18:05,17844.25,17845.25,17843.5,17843.75,53,0,17844.02413
8/7/2023 18:06,17843.5,17843.5,17841.25,17841.25,57,0,17843.92543
8/7/2023 18:07,17841.25,17841.5,17839.25,17839.75,78,0,17843.69032
8/7/2023 18:08,17839.25,17840,17838.75,17838.75,55,0,17843.49923
8/7/2023 18:09,17838.75,17840.25,17837.75,17839.5,89,0,17843.22202
8/7/2023 18:10,17839.75,17840.75,17838.5,17838.5,17,0,17843.17406
8/7/2023 18:11,17838.25,17838.75,17837,17837.25,49,0,17842.98885
8/7/2023 18:12,17837.25,17837.5,17834.5,17834.5,89,0,17842.55773
8/7/2023 18:13,17834.5,17837,17834.25,17836.75,43,0,17842.38027
8/7/2023 18:14,17836.25,17837,17835.5,17836.5,22,0,17842.29769
8/7/2023 18:15,17836,17836.25,17835,17835.75,29,0,17842.18044
8/7/2023 18:16,17835.75,17836.25,17834.75,17834.75,28,0,17842.0641
8/7/2023 18:17,17834.75,17835,17832.25,17832.5,109,0,17841.52345
8/7/2023 18:18,17833.25,17834,17832.5,17833.75,37,0,17841.35809
8/7/2023 18:19,17833.5,17834.25,17831.5,17832,51,0,17841.11814
8/7/2023 18:20,17832,17832.25,17831.25,17832.25,39,0,17840.92967
8/7/2023 18:21,17831.75,17833.25,17831.75,17833.25,64,0,17840.66366
8/7/2023 18:22,17833,17833.25,17832,17832.5,25,0,17840.5623
8/7/2023 18:23,17832.5,17832.75,17831.25,17831.25,40,0,17840.38892
8/7/2023 18:24,17831.25,17831.5,17830.25,17830.25,34,0,17840.229
8/7/2023 18:25,17830.25,17831.25,17829.25,17829.5,48,0,17839.99685
8/7/2023 18:26,17829.75,17830.75,17829.75,17830,24,0,17839.88655
8/7/2023 18:27,17830,17830.25,17829.25,17829.75,30,0,17839.74635
8/7/2023 18:28,17830.25,17831.25,17830,17830.25,20,0,17839.66187
8/7/2023 18:29,17830.5,17831,17830.25,17830.5,8,0,17839.62881
8/7/2023 18:30,17830.75,17831.5,17830.75,17831.25,28,0,17839.52232
8/7/2023 18:31,17831.25,17831.25,17830.25,17830.25,25,0,17839.423
8/7/2023 18:32,17831,17831.25,17830.5,17831.25,6,0,17839.4006
8/7/2023 18:33,17831.5,17833.5,17831.25,17833.25,39,0,17839.28617
8/7/2023 18:34,17833.25,17834,17832.25,17832.25,39,0,17839.17834
8/7/2023 18:35,17833.25,17834.25,17832.75,17833.75,46,0,17839.0702
8/7/2023 18:36,17833.75,17835.25,17833.25,17833.25,59,0,17838.94554
8/7/2023 18:37,17833.25,17835.5,17832.75,17835.5,36,0,17838.88209
8/7/2023 18:38,17835.75,17836.25,17835,17835.75,46,0,17838.82342
8/7/2023 18:39,17836.25,17836.5,17835.75,17835.75,18,0,17838.8034
8/7/2023 18:40,17836.25,17837.5,17836.25,17837.5,22,0,17838.78862
8/7/2023 18:41,17837.75,17838.25,17836.75,17836.75,37,0,17838.76671
8/7/2023 18:42,17836.75,17836.75,17835.75,17836.25,41,0,17838.72761
8/7/2023 18:43,17836.25,17836.25,17835.25,17835.75,15,0,17838.71078
8/7/2023 18:44,17836,17836,17835.25,17835.25,10,0,17838.69873
8/7/2023 18:45,17834.75,17834.75,17834.25,17834.5,10,0,17838.68303
8/7/2023 18:46,17834.75,17835.25,17834.75,17835.25,10,0,17838.66962
8/7/2023 18:47,17834.25,17834.5,17833.5,17834.25,11,0,17838.6509
8/7/2023 18:48,17834.25,17834.25,17833.25,17834,18,0,17838.61893
8/7/2023 18:49,17834.25,17834.25,17833.5,17833.75,9,0,17838.60311
8/7/2023 18:50,17833.75,17834.25,17833.5,17833.5,4,0,17838.59599
8/7/2023 18:51,17833.5,17834.25,17833.25,17834.25,9,0,17838.58059
8/7/2023 18:52,17833.75,17833.75,17833,17833,17,0,17838.54766
8/7/2023 18:53,17833.5,17835.25,17833.5,17834.5,47,0,17838.4783
8/7/2023 18:54,17834.25,17834.25,17833.75,17834,22,0,17838.44337
8/7/2023 18:55,17833.5,17833.75,17833.25,17833.5,16,0,17838.41549
8/7/2023 18:56,17834,17834,17832.75,17832.75,30,0,17838.36057
8/7/2023 18:57,17833.25,17833.25,17832.25,17833,25,0,17838.31279
8/7/2023 18:58,17833,17833,17832,17832.25,16,0,17838.28035
8/7/2023 18:59,17832.25,17833,17832.25,17832.75,10,0,17838.26111
8/7/2023 19:00,17832.75,17834,17832.75,17834,16,0,17838.2356
8/7/2023 19:01,17834,17834,17832.75,17833.75,30,0,17838.18767
8/7/2023 19:02,17833.25,17834,17833,17834,13,0,17838.16793
8/7/2023 19:03,17833.75,17834,17833.25,17833.5,19,0,17838.13885
8/7/2023 19:04,17833,17836.25,17832.75,17835.25,80,0,17838.05072
8/7/2023 19:05,17835.5,17835.75,17835.25,17835.25,12,0,17838.04048
8/7/2023 19:06,17835.25,17835.25,17833,17833,28,0,17838.00193
8/7/2023 19:07,17833,17833.25,17832.5,17833.25,16,0,17837.97637
8/7/2023 19:08,17832.75,17832.75,17830.75,17831.5,44,0,17837.88896
8/7/2023 19:09,17831.75,17832.5,17831,17831.75,13,0,17837.86393
8/7/2023 19:10,17831.5,17833.25,17831.5,17832.75,23,0,17837.82552
8/7/2023 19:11,17833.5,17833.5,17831.25,17832.5,19,0,17837.79372
8/7/2023 19:12,17832,17832,17831.5,17831.5,7,0,17837.78047
8/7/2023 19:13,17831.5,17832.25,17831.5,17831.5,18,0,17837.74713
8/7/2023 19:14,17831.75,17831.75,17830.75,17831.75,32,0,17837.68552
8/7/2023 19:15,17831.75,17832,17830.75,17831,10,0,17837.66601
8/7/2023 19:16,17831.25,17832.5,17831,17832.25,18,0,17837.6348
8/7/2023 19:17,17832.75,17833.25,17832.25,17832.75,35,0,17837.58378
8/7/2023 19:18,17832.5,17833.25,17832.25,17832.75,8,0,17837.57227
8/7/2023 19:19,17832.25,17832.25,17831.75,17832.25,6,0,17837.56248
8/7/2023 19:20,17831.5,17834.75,17831.5,17834.75,36,0,17837.52124
8/7/2023 19:21,17834.25,17835,17832.25,17833.5,44,0,17837.47095
8/7/2023 19:22,17833.25,17834,17833,17833.75,7,0,17837.46306
8/7/2023 19:23,17833.75,17835,17833.25,17835,30,0,17837.43682
8/7/2023 19:24,17834.5,17834.75,17833.5,17834.5,25,0,17837.4141
8/7/2023 19:25,17834.5,17834.5,17833.75,17833.75,14,0,17837.40053
8/7/2023 19:26,17833.5,17834.75,17833.5,17834.25,13,0,17837.38863
8/7/2023 19:27,17834.5,17834.5,17833.5,17834,11,0,17837.37811
8/7/2023 19:28,17833.75,17835.25,17833.75,17834.5,25,0,17837.35796
8/7/2023 19:29,17835,17835,17833.5,17833.5,18,0,17837.34111
8/7/2023 19:30,17833.75,17834.5,17833.25,17833.25,45,0,17837.2956
8/7/2023 19:31,17833.25,17834.5,17832.25,17833.75,62,0,17837.23191
8/7/2023 19:32,17834,17834.25,17833,17833,14,0,17837.21751
8/7/2023 19:33,17832.75,17833.5,17832,17833,40,0,17837.17073
8/7/2023 19:34,17832.75,17832.75,17832,17832.75,9,0,17837.15955
8/7/2023 19:35,17833,17833,17831.5,17831.5,37,0,17837.10924
8/7/2023 19:36,17831.75,17833,17831.25,17832.25,21,0,17837.08204
8/7/2023 19:37,17832.25,17833,17832.25,17833,6,0,17837.07524
8/7/2023 19:38,17833,17833.25,17832,17832,23,0,17837.04738
8/7/2023 19:39,17832.5,17832.75,17831.75,17831.75,3,0,17837.04351
8/7/2023 19:40,17832,17832.75,17831.75,17831.75,16,0,17837.02297
8/7/2023 19:41,17831.75,17832,17830,17830.5,46,0,17836.95015
8/7/2023 19:42,17830.5,17831,17829.75,17830.75,48,0,17836.87193
8/7/2023 19:43,17830.5,17832,17830.25,17832,28,0,17836.83361
8/7/2023 19:44,17831.75,17835.25,17831.75,17834.75,80,0,17836.77621
8/7/2023 19:45,17835.25,17835.25,17833,17833,23,0,17836.75919
8/7/2023 19:46,17833.25,17833.75,17832.25,17832.5,45,0,17836.71646
8/7/2023 19:47,17833,17834.25,17833,17834,10,0,17836.7093
8/7/2023 19:48,17834.25,17836.75,17834.25,17835.25,64,0,17836.68964
8/7/2023 19:49,17835.25,17836,17834.25,17835,34,0,17836.67676
8/7/2023 19:50,17835.25,17837.25,17835.25,17837,53,0,17836.67458
8/7/2023 19:51,17837,17837.5,17833.75,17833.75,32,0,17836.6622
8/7/2023 19:52,17834,17834.75,17831.75,17833.25,65,0,17836.6117
8/7/2023 19:53,17833.5,17833.5,17831.5,17833,59,0,17836.55941
8/7/2023 19:54,17832.5,17832.75,17832.25,17832.5,16,0,17836.54487
8/7/2023 19:55,17832.5,17832.5,17831.75,17831.75,20,0,17836.52461
8/7/2023 19:56,17832.25,17833.5,17832.25,17833.25,14,0,17836.51365
8/7/2023 19:57,17833.5,17834.5,17833.5,17834,15,0,17836.5053
8/7/2023 19:58,17834,17834,17833,17833,32,0,17836.48298
8/7/2023 19:59,17833.5,17834,17833.25,17834,7,0,17836.47878
8/7/2023 20:00,17833.75,17836,17833,17836,69,0,17836.45671
8/7/2023 20:01,17836,17840,17834.5,17838,200,0,17836.49997
8/7/2023 20:02,17836.75,17837.25,17833,17835.75,94,0,17836.47767
8/7/2023 20:03,17835,17838,17833.25,17838,44,0,17836.47713
8/7/2023 20:04,17838,17838,17836.25,17836.5,56,0,17836.48203
8/7/2023 20:05,17835.5,17835.5,17828,17828.25,123,0,17836.3409
8/7/2023 20:06,17828,17828.75,17822.25,17827.75,217,0,17835.93222
8/7/2023 20:07,17827.5,17835,17827.5,17835,108,0,17835.8644
8/7/2023 20:08,17834.5,17835.75,17831.75,17831.75,62,0,17835.83321
8/7/2023 20:09,17832.25,17834.5,17832,17834.25,48,0,17835.81385
8/7/2023 20:10,17835,17836,17829.75,17830.5,72,0,17835.76629
8/7/2023 20:11,17830.25,17830.25,17825.75,17826.75,54,0,17835.68879
8/7/2023 20:12,17826.75,17829.5,17826,17829.5,51,0,17835.62359
8/7/2023 20:13,17830.5,17832.25,17829,17830,56,0,17835.57339
8/7/2023 20:14,17829.75,17832.75,17829.25,17832.25,51,0,17835.53722
8/7/2023 20:15,17832.5,17832.5,17828.25,17830.25,45,0,17835.49756
8/7/2023 20:16,17829.25,17830.25,17826,17826.75,130,0,17835.32887
8/7/2023 20:17,17827.25,17829.25,17826.75,17828.75,74,0,17835.24312
8/7/2023 20:18,17828.5,17828.5,17826.25,17826.5,29,0,17835.20457
8/7/2023 20:19,17826.25,17828.75,17824.5,17827.25,73,0,17835.10618
8/7/2023 20:20,17829,17830.75,17827.25,17828.25,33,0,17835.07259
8/7/2023 20:21,17827.75,17829,17827.75,17828.25,20,0,17835.05107
8/7/2023 20:22,17829.75,17830,17826,17827.25,42,0,17835.00244
8/7/2023 20:23,17828,17829.25,17827.25,17828,28,0,17834.97223
8/7/2023 20:24,17828,17829.75,17826.75,17828.25,67,0,17834.90186
8/7/2023 20:25,17828.25,17829,17826.5,17828.25,56,0,17834.84128
8/7/2023 20:26,17828.75,17829.25,17827.25,17829.25,38,0,17834.80467
8/7/2023 20:27,17828.75,17830.25,17827.5,17830.25,38,0,17834.77285
8/7/2023 20:28,17830.25,17832,17830,17832,69,0,17834.7369
8/7/2023 20:29,17831.75,17834,17830.75,17831.5,85,0,17834.70317
8/7/2023 20:30,17831.5,17831.5,17827.75,17829.75,80,0,17834.64363
8/7/2023 20:31,17828.75,17829.25,17826.5,17827.5,65,0,17834.57804
8/7/2023 20:32,17826.75,17828.5,17826.25,17826.5,38,0,17834.53658
8/7/2023 20:33,17827.5,17827.5,17825.75,17825.75,14,0,17834.5199
8/7/2023 20:34,17825.25,17826.5,17825,17825.75,44,0,17834.4642
8/7/2023 20:35,17825.25,17825.5,17823.25,17824.25,71,0,17834.36143
8/7/2023 20:36,17824.5,17828.25,17824.5,17827.5,49,0,17834.30852
8/7/2023 20:37,17827.5,17828.5,17826.75,17828.25,44,0,17834.26834
8/7/2023 20:38,17828.5,17831.25,17827.5,17830,117,0,17834.19231
8/7/2023 20:39,17830.25,17832,17829.25,17831.75,78,0,17834.15814
8/7/2023 20:40,17831.25,17831.25,17829,17829.5,23,0,17834.14479
8/7/2023 20:41,17829.5,17830,17829,17829.25,20,0,17834.13189
8/7/2023 20:42,17829.25,17830.5,17829,17829,20,0,17834.11929
8/7/2023 20:43,17829.5,17830.25,17827.25,17827.5,47,0,17834.08252
8/7/2023 20:44,17827.5,17828,17826.75,17827.5,42,0,17834.04489
8/7/2023 20:45,17827.5,17828.75,17827.5,17828.5,28,0,17834.02316
8/7/2023 20:46,17828.75,17828.75,17826.75,17827.5,26,0,17834.0011
8/7/2023 20:47,17828.5,17828.5,17826.25,17826.25,38,0,17833.96577
8/7/2023 20:48,17826.25,17827.25,17825.5,17827.25,40,0,17833.92721
8/7/2023 20:49,17827.5,17830.5,17827.5,17829.75,59,0,17833.89104
8/7/2023 20:50,17829,17829.5,17828.25,17828.75,23,0,17833.87584
8/7/2023 20:51,17828,17828.75,17827.5,17828.5,37,0,17833.84878
8/7/2023 20:52,17828,17829,17827.25,17828.5,12,0,17833.84005
8/7/2023 20:53,17828.5,17829.75,17828.25,17829.75,22,0,17833.82698
8/7/2023 20:54,17830,17831.75,17829.75,17829.75,37,0,17833.81072
8/7/2023 20:55,17829.75,17830.25,17827,17827,41,0,17833.78062
8/7/2023 20:56,17827.25,17827.5,17825.5,17825.5,55,0,17833.72732
8/7/2023 20:57,17825.25,17826,17824.5,17826,57,0,17833.66807
8/7/2023 20:58,17825.5,17827,17825.5,17826.25,28,0,17833.64191
8/7/2023 20:59,17826.25,17827.5,17826,17826.5,21,0,17833.62352
8/7/2023 21:00,17826.75,17828,17826.25,17827.75,46,0,17833.58739
8/7/2023 21:01,17827.25,17828.25,17823.5,17823.5,104,0,17833.47838
8/7/2023 21:02,17823.5,17823.5,17818.5,17819,231,0,17833.11446
8/7/2023 21:03,17819.5,17822.25,17819.5,17820.75,107,0,17832.95897
8/7/2023 21:04,17820.5,17821.25,17818.5,17819.25,99,0,17832.80506
8/7/2023 21:05,17819.75,17822.5,17819.75,17821.75,98,0,17832.67506
8/7/2023 21:06,17822.25,17823.75,17822,17823.25,56,0,17832.61281
8/7/2023 21:07,17823.5,17824.75,17823.25,17823.25,40,0,17832.57227
8/7/2023 21:08,17823.25,17825.25,17823.25,17824,32,0,17832.54162
8/7/2023 21:09,17823.5,17823.5,17821.25,17822.25,50,0,17832.48379
8/7/2023 21:10,17822,17822,17819.75,17819.75,75,0,17832.38281
8/7/2023 21:11,17820,17822.5,17819.5,17821.5,45,0,17832.32639
8/7/2023 21:12,17821.25,17821.75,17819,17819.25,41,0,17832.27016
8/7/2023 21:13,17819.5,17819.75,17812,17813,337,0,17831.64295
8/7/2023 21:14,17813.5,17813.75,17808.5,17810,313,0,17830.96436
8/7/2023 21:15,17810.25,17812,17808.25,17809.5,201,0,17830.53434
8/7/2023 21:16,17810,17813,17807.5,17810.5,232,0,17830.06893
8/7/2023 21:17,17810.25,17810.25,17804.5,17805.75,232,0,17829.54567
8/7/2023 21:18,17805.5,17807.25,17804,17806.5,127,0,17829.25793
8/7/2023 21:19,17806.75,17806.75,17804,17805.25,99,0,17829.03295
8/7/2023 21:20,17805.5,17806.5,17802.75,17804.25,162,0,17828.66117
8/7/2023 21:21,17804,17807.5,17804,17806.5,87,0,17828.47823
8/7/2023 21:22,17806.5,17808.5,17806,17807.5,111,0,17828.26267
8/7/2023 21:23,17807.75,17809.75,17805,17807.25,197,0,17827.89072
8/7/2023 21:24,17807.25,17810.5,17806.25,17810.5,58,0,17827.79282
8/7/2023 21:25,17810.75,17811,17807.75,17808.5,100,0,17827.62641
8/7/2023 21:26,17808.75,17809.75,17804.5,17805.25,73,0,17827.49012
8/7/2023 21:27,17804.5,17804.5,17795,17796.5,682,0,17825.85172
8/7/2023 21:28,17797,17797.75,17790.25,17791.5,268,0,17825.13758
8/7/2023 21:29,17791.25,17795.5,17789.5,17795.25,248,0,17824.50894
8/7/2023 21:30,17796.25,17797.5,17791.75,17792.25,120,0,17824.21758
8/7/2023 21:31,17791.75,17794.25,17782,17783.25,707,0,17822.21876
8/7/2023 21:32,17783.5,17790.5,17782.25,17789.25,374,0,17821.26745
8/7/2023 21:33,17790.25,17797,17789.5,17796.5,230,0,17820.82322
8/7/2023 21:34,17795.75,17796.75,17790.5,17793.25,136,0,17820.55932
8/7/2023 21:35,17793.25,17796,17793,17794.75,90,0,17820.39434
8/7/2023 21:36,17794.75,17795.75,17786.5,17791.5,350,0,17819.69188
8/7/2023 21:37,17790.75,17792,17788.5,17790.75,149,0,17819.39454
8/7/2023 21:38,17790.5,17792.25,17784.25,17792,248,0,17818.89756
8/7/2023 21:39,17790,17791.25,17788.25,17788.5,64,0,17818.77127
8/7/2023 21:40,17787.25,17788.75,17785,17788.25,150,0,17818.45963
8/7/2023 21:41,17789.25,17792.5,17788.25,17790.25,80,0,17818.31172
8/7/2023 21:42,17789.75,17791.5,17789,17791.5,54,0,17818.21393
8/7/2023 21:43,17791,17791.25,17787.75,17788,75,0,17818.07111
8/7/2023 21:44,17787.75,17789.5,17784.75,17789.5,169,0,17817.74254
8/7/2023 21:45,17789.5,17789.75,17784.75,17787.25,177,0,17817.39848
8/7/2023 21:46,17787,17790.25,17785.25,17786,218,0,17816.98411
8/7/2023 21:47,17786.5,17789.25,17785.75,17786.75,52,0,17816.88722
8/7/2023 21:48,17786.25,17788.75,17785.25,17787,63,0,17816.76968
8/7/2023 21:49,17785.5,17790.25,17784.75,17789.5,85,0,17816.61872
8/7/2023 21:50,17789.75,17791.75,17789.25,17789.5,115,0,17816.43118
8/7/2023 21:51,17790.25,17793.5,17790,17793.25,81,0,17816.31102
8/7/2023 21:52,17793,17795,17791.75,17794.5,143,0,17816.11482
8/7/2023 21:53,17793.25,17794,17791,17792.75,89,0,17815.98815
8/7/2023 21:54,17792.5,17792.5,17788.25,17789.75,128,0,17815.78977
8/7/2023 21:55,17789.5,17790.5,17788.25,17789,42,0,17815.72304
8/7/2023 21:56,17789,17789.25,17786.25,17789.25,171,0,17815.44463
8/7/2023 21:57,17789.25,17791,17788.75,17789.25,76,0,17815.32905
8/7/2023 21:58,17789,17789,17774.75,17780.5,681,0,17814.01918
8/7/2023 21:59,17781,17782.75,17776.25,17777.25,298,0,17813.43296
8/7/2023 22:00,17777.75,17780.25,17775.25,17777.25,149,0,17813.13749
8/7/2023 22:01,17777.25,17777.25,17772.25,17773.25,305,0,17812.49229
8/7/2023 22:02,17773.25,17774.75,17770.75,17774,221,0,17812.02513
8/7/2023 22:03,17774,17774,17771,17772.25,112,0,17811.78811
8/7/2023 22:04,17772.25,17774.25,17768.75,17773.25,253,0,17811.25854
8/7/2023 22:05,17774,17779,17774,17778,168,0,17810.9578
8/7/2023 22:06,17778.25,17779.25,17776.25,17779,119,0,17810.75515
8/7/2023 22:07,17779,17779.75,17777.25,17778,64,0,17810.64775
8/7/2023 22:08,17777.25,17778.5,17775.75,17776.75,139,0,17810.4074
8/7/2023 22:09,17776.5,17781.25,17776.25,17777.75,128,0,17810.19834
8/7/2023 22:10,17777.5,17777.75,17775.75,17776,71,0,17810.07663
8/7/2023 22:11,17775.75,17779.5,17775.25,17778.25,125,0,17809.87184
8/7/2023 22:12,17778,17780.5,17777,17779.75,99,0,17809.71854
8/7/2023 22:13,17780.25,17781,17779.75,17780.75,66,0,17809.62186
8/7/2023 22:14,17780.75,17781.5,17779,17780.5,101,0,17809.47432
8/7/2023 22:15,17780.25,17781.25,17779,17779.25,71,0,17809.36972
8/7/2023 22:16,17779.5,17781.75,17779.5,17781.75,38,0,17809.31624
8/7/2023 22:17,17781.5,17784,17780.75,17782,111,0,17809.16802
8/7/2023 22:18,17782.75,17785,17782.25,17783.75,137,0,17808.99681
8/7/2023 22:19,17784,17789.25,17782.75,17789.25,235,0,17808.74732
8/7/2023 22:20,17788.5,17790.5,17786.75,17787.5,169,0,17808.58086
8/7/2023 22:21,17787.75,17787.75,17783.5,17783.75,117,0,17808.44902
8/7/2023 22:22,17784,17787.75,17781.75,17787.5,133,0,17808.30514
8/7/2023 22:23,17787,17787,17784.5,17785.75,79,0,17808.22085
8/7/2023 22:24,17785.5,17789,17785.5,17789,69,0,17808.15452
8/7/2023 22:25,17788.5,17790.75,17785.5,17786,162,0,17807.99731
8/7/2023 22:26,17786,17788,17785.75,17787.5,41,0,17807.95726
8/7/2023 22:27,17787.25,17792,17787,17792,132,0,17807.84928
8/7/2023 22:28,17791.75,17792,17788.75,17789.75,92,0,17807.77409
8/7/2023 22:29,17789.75,17790,17786.75,17787.5,55,0,17807.72415
8/7/2023 22:30,17788,17788.75,17786.5,17788.25,67,0,17807.6629
8/7/2023 22:31,17788,17789.5,17788,17789.5,41,0,17807.6278
8/7/2023 22:32,17788.75,17788.75,17785.75,17786.5,84,0,17807.54861
8/7/2023 22:33,17786.75,17789.25,17786.75,17788.25,32,0,17807.52019
8/7/2023 22:34,17788.75,17791,17788.75,17790.75,41,0,17807.48778
8/7/2023 22:35,17791,17792,17786.25,17788,102,0,17807.40113
8/7/2023 22:36,17787.5,17787.75,17786.25,17787,45,0,17807.35959
8/7/2023 22:37,17787.25,17789.75,17787.25,17789,22,0,17807.34101
8/7/2023 22:38,17789.25,17792.75,17789.25,17790.75,105,0,17807.26342
8/7/2023 22:39,17790.25,17791.25,17788.75,17788.75,50,0,17807.22375
8/7/2023 22:40,17788.75,17794,17788.75,17794,130,0,17807.13688
8/7/2023 22:41,17794,17794.25,17792,17792.25,75,0,17807.08917
8/7/2023 22:42,17793.5,17794.75,17788.75,17790.75,178,0,17806.96607
8/7/2023 22:43,17790.75,17792.5,17790,17791.75,62,0,17806.92364
8/7/2023 22:44,17792.75,17794,17792.5,17793.5,75,0,17806.87893
8/7/2023 22:45,17793.75,17794,17792.25,17793,86,0,17806.82709
8/7/2023 22:46,17794.25,17794.25,17791.75,17792,20,0,17806.81473
8/7/2023 22:47,17792.5,17792.75,17789,17789.75,110,0,17806.73675
8/7/2023 22:48,17790,17790.25,17788.25,17788.5,35,0,17806.70982
8/7/2023 22:49,17788.75,17791,17788.75,17790.75,35,0,17806.68474
8/7/2023 22:50,17790.25,17790.25,17788.25,17788.75,37,0,17806.65657
8/7/2023 22:51,17789.25,17789.25,17787.25,17787.5,44,0,17806.62114
8/7/2023 22:52,17788.5,17790.25,17788,17789.25,89,0,17806.55434
8/7/2023 22:53,17790,17790.75,17788.25,17788.75,48,0,17806.51869
8/7/2023 22:54,17789,17791.5,17788.75,17791.5,36,0,17806.49411
8/7/2023 22:55,17791.75,17793,17789.75,17790.5,46,0,17806.4638
8/7/2023 22:56,17790.75,17793.25,17790.5,17791.75,60,0,17806.42636
8/7/2023 22:57,17791.75,17791.75,17790,17790.75,21,0,17806.4124
8/7/2023 22:58,17791,17793,17789.25,17793,27,0,17806.39555
8/7/2023 22:59,17792.75,17792.75,17790.5,17790.75,17,0,17806.38466
8/7/2023 23:00,17791.25,17792.25,17790,17791,30,0,17806.36516
8/7/2023 23:01,17791.25,17791.25,17787.25,17788.25,102,0,17806.28988
8/7/2023 23:02,17788.25,17789,17788,17788,35,0,17806.26334
8/7/2023 23:03,17788.5,17789.75,17788,17788.75,22,0,17806.24716
8/7/2023 23:04,17788.5,17789,17787.75,17788.5,19,0,17806.23287
8/7/2023 23:05,17788.5,17788.5,17786.75,17787.25,77,0,17806.17225
8/7/2023 23:06,17787.25,17787.25,17782.25,17783.75,142,0,17806.04319
8/7/2023 23:07,17784,17787.5,17784,17787.5,66,0,17805.989
8/7/2023 23:08,17787.25,17788.5,17786.5,17788.5,39,0,17805.95955
8/7/2023 23:09,17788.25,17788.5,17784.75,17785,54,0,17805.915
8/7/2023 23:10,17785.5,17786,17784.25,17785.75,50,0,17805.87238
8/7/2023 23:11,17785.5,17787.5,17784.25,17787.25,40,0,17805.84007
8/7/2023 23:12,17787,17789.75,17787,17788.25,61,0,17805.79603
8/7/2023 23:13,17788.5,17789.25,17788,17788.5,30,0,17805.77476
8/7/2023 23:14,17788.25,17792.5,17788,17792.5,61,0,17805.73772
8/7/2023 23:15,17792.25,17796.5,17791.5,17795.75,200,0,17805.64681
8/7/2023 23:16,17796,17797.75,17795,17795.25,113,0,17805.60259
8/7/2023 23:17,17795.25,17795.25,17792.5,17793.25,80,0,17805.56398
8/7/2023 23:18,17792.5,17793,17791.5,17791.5,18,0,17805.55411
8/7/2023 23:19,17791.5,17791.5,17787.5,17789,104,0,17805.48624
8/7/2023 23:20,17789,17789,17782.75,17783.25,130,0,17805.37963
8/7/2023 23:21,17783,17783.5,17780,17781.25,145,0,17805.24232
8/7/2023 23:22,17780.75,17781.75,17779.75,17780.75,100,0,17805.14524
8/7/2023 23:23,17781,17781.75,17777.5,17778.75,135,0,17805.00785
8/7/2023 23:24,17778.75,17781.5,17778.75,17781.5,71,0,17804.93966
8/7/2023 23:25,17781.75,17782.75,17780.75,17781.5,46,0,17804.89765
8/7/2023 23:26,17781.5,17782.25,17779.75,17782.25,26,0,17804.87371
8/7/2023 23:27,17781.75,17782,17779.75,17781.25,50,0,17804.827
8/7/2023 23:28,17780.75,17781,17779.5,17780.5,13,0,17804.81455
8/7/2023 23:29,17781,17782,17780.5,17781,29,0,17804.78776
8/7/2023 23:30,17781,17781,17780,17780.75,21,0,17804.76792
8/7/2023 23:31,17781.25,17781.25,17778.25,17781.25,69,0,17804.70206
8/7/2023 23:32,17781.25,17783.25,17780.25,17781.25,66,0,17804.64282
8/7/2023 23:33,17781.5,17784.5,17781.25,17783.75,67,0,17804.58709
8/7/2023 23:34,17783,17783,17777.75,17780,90,0,17804.50256
8/7/2023 23:35,17779.5,17780.25,17776.25,17777.25,58,0,17804.44318
8/7/2023 23:36,17777.25,17779.5,17777,17779.5,31,0,17804.41245
8/7/2023 23:37,17779.75,17780.75,17779.25,17780.5,48,0,17804.36777
8/7/2023 23:38,17780.75,17782.25,17779.75,17780,51,0,17804.32145
8/7/2023 23:39,17780,17780,17779,17779,18,0,17804.30423
8/7/2023 23:40,17779,17779,17777.75,17778.25,17,0,17804.28734
8/7/2023 23:41,17778.5,17780.75,17778.5,17779.25,19,0,17804.26933
8/7/2023 23:42,17779.5,17779.5,17777.25,17779.25,88,0,17804.18347
8/7/2023 23:43,17778.5,17782.75,17778.25,17782,39,0,17804.14906
8/7/2023 23:44,17782.5,17783.5,17781.5,17782.75,75,0,17804.08769
8/7/2023 23:45,17782.75,17782.75,17780.5,17781,46,0,17804.04819
8/7/2023 23:46,17780.75,17782.5,17780.75,17782.5,13,0,17804.0373
8/7/2023 23:47,17783.25,17786,17783,17786,134,0,17803.94121
8/7/2023 23:48,17786.25,17788.25,17786,17787.75,128,0,17803.86152
8/7/2023 23:49,17788,17789,17785.5,17786,96,0,17803.80046
8/7/2023 23:50,17786.5,17787,17785.75,17786.75,25,0,17803.78432
8/7/2023 23:51,17786.25,17787.25,17785.25,17787.25,40,0,17803.75868
8/7/2023 23:52,17787,17787.5,17786.25,17786.25,45,0,17803.73007
8/7/2023 23:53,17786,17786,17784.25,17785.5,72,0,17803.68071
8/7/2023 23:54,17785.25,17786,17784.25,17784.5,43,0,17803.65082
8/7/2023 23:55,17785,17785,17784,17784.75,42,0,17803.6212
8/7/2023 23:56,17784.75,17785.75,17784.5,17785,20,0,17803.6075
8/7/2023 23:57,17784.75,17784.75,17780.75,17780.75,100,0,17803.52825
8/7/2023 23:58,17780.75,17782.75,17779.75,17782.75,69,0,17803.47306
8/7/2023 23:59,17782.75,17783,17781.75,17782.5,24,0,17803.45451
8/8/2023 0:00,17782.75,17782.75,17781.25,17781.75,36,0,17803.4261
8/8/2023 0:01,17782,17782.75,17781.5,17782.25,36,0,17803.39809
8/8/2023 0:02,17782,17782,17780.25,17781.5,30,0,17803.3738
8/8/2023 0:03,17782.25,17784.5,17782.25,17783,52,0,17803.33562
8/8/2023 0:04,17783.25,17783.25,17782.5,17783,15,0,17803.32445
8/8/2023 0:05,17782.5,17782.75,17781,17781,18,0,17803.31019
8/8/2023 0:06,17780.75,17781.75,17780.75,17781.75,17,0,17803.29663
8/8/2023 0:07,17781.5,17781.75,17780.25,17780.25,27,0,17803.27448
8/8/2023 0:08,17780.25,17781.25,17779.25,17780.75,66,0,17803.21972
8/8/2023 0:09,17780.5,17782.75,17780.25,17782.75,47,0,17803.18344
8/8/2023 0:10,17783.25,17783.75,17782.75,17783.75,20,0,17803.16912
8/8/2023 0:11,17783.5,17784,17783,17783.75,21,0,17803.15424
8/8/2023 0:12,17783.75,17783.75,17781.5,17782.25,40,0,17803.12439
8/8/2023 0:13,17782.5,17783.25,17781.75,17782.5,52,0,17803.08571
8/8/2023 0:14,17782.5,17784.25,17782.5,17782.5,17,0,17803.07346
8/8/2023 0:15,17783.25,17784.75,17783.25,17784.25,32,0,17803.05158
8/8/2023 0:16,17784,17785.75,17782.75,17785,29,0,17803.03223
8/8/2023 0:17,17785,17786,17784.75,17785.5,34,0,17803.01072
8/8/2023 0:18,17785.25,17787,17785,17787,26,0,17802.99516
8/8/2023 0:19,17786.5,17787.75,17786.5,17786.75,38,0,17802.97338
8/8/2023 0:20,17786.75,17786.75,17785.25,17785.5,21,0,17802.96049
8/8/2023 0:21,17785.5,17785.5,17784.75,17784.75,8,0,17802.95534
8/8/2023 0:22,17784.75,17786,17784.5,17786,29,0,17802.93724
8/8/2023 0:23,17786.25,17786.5,17785.25,17785.5,13,0,17802.92925
8/8/2023 0:24,17785.5,17785.75,17785.25,17785.25,7,0,17802.92487
8/8/2023 0:25,17785,17786,17785,17786,6,0,17802.92117
8/8/2023 0:26,17786.25,17786.5,17785.75,17786.25,8,0,17802.91639
8/8/2023 0:27,17786,17786.25,17786,17786.25,4,0,17802.91399
8/8/2023 0:28,17786,17787.5,17786,17787.5,11,0,17802.90774
8/8/2023 0:29,17787.25,17788.75,17787,17787.5,49,0,17802.88128
8/8/2023 0:30,17787,17787,17786.5,17786.75,6,0,17802.87783
8/8/2023 0:31,17787.25,17790.5,17787.25,17788.75,118,0,17802.81903
8/8/2023 0:32,17789.25,17789.5,17786.5,17786.75,81,0,17802.77537
8/8/2023 0:33,17787,17787,17785,17785.75,31,0,17802.7569
8/8/2023 0:34,17785.75,17785.75,17785.25,17785.75,20,0,17802.74477
8/8/2023 0:35,17786,17787.25,17786,17787,30,0,17802.72784
8/8/2023 0:36,17786.5,17787,17785.75,17787,14,0,17802.71987
8/8/2023 0:37,17787,17787,17786.25,17786.25,4,0,17802.71759
8/8/2023 0:38,17785.75,17786.5,17785.25,17786.5,17,0,17802.70762
8/8/2023 0:39,17787.25,17787.75,17787,17787.5,12,0,17802.70116
8/8/2023 0:40,17787.5,17788.5,17787,17788.5,21,0,17802.6903
8/8/2023 0:41,17788,17789,17788,17788.25,15,0,17802.68276
8/8/2023 0:42,17788.75,17789,17788.75,17788.75,6,0,17802.67984
8/8/2023 0:43,17789,17790,17789,17789.5,27,0,17802.66734
8/8/2023 0:44,17789.75,17790.5,17788.75,17790,33,0,17802.65238
8/8/2023 0:45,17790,17791,17790,17790.5,21,0,17802.64343
8/8/2023 0:46,17790.75,17790.75,17790,17790.5,13,0,17802.63786
8/8/2023 0:47,17790.75,17790.75,17789.25,17789.75,36,0,17802.62183
8/8/2023 0:48,17789.75,17790.25,17789.25,17789.5,17,0,17802.61412
8/8/2023 0:49,17789.25,17789.75,17788.75,17789.75,46,0,17802.59292
8/8/2023 0:50,17790,17790,17789,17789,12,0,17802.58736
8/8/2023 0:51,17788.75,17788.75,17788.25,17788.75,7,0,17802.58394
8/8/2023 0:52,17788.25,17789,17787.75,17789,35,0,17802.56686
8/8/2023 0:53,17788.75,17790,17788.5,17790,19,0,17802.55821
8/8/2023 0:54,17790.5,17792.75,17790,17791.75,130,0,17802.50835
8/8/2023 0:55,17791.5,17793.5,17790.75,17793.25,60,0,17802.48756
8/8/2023 0:56,17793.5,17794.25,17792.25,17792.75,65,0,17802.46645
8/8/2023 0:57,17792.25,17793.25,17791.5,17793,21,0,17802.45929
8/8/2023 0:58,17793.25,17793.25,17791.5,17791.75,48,0,17802.44227
8/8/2023 0:59,17792.25,17792.25,17790.75,17791,14,0,17802.43691
8/8/2023 1:00,17791.25,17791.25,17789.5,17790.25,24,0,17802.42692
8/8/2023 1:01,17790.25,17791.75,17788,17790,135,0,17802.36908
8/8/2023 1:02,17791,17791,17789.25,17789.5,16,0,17802.36226
8/8/2023 1:03,17788.75,17788.75,17783.5,17785.75,175,0,17802.26483
8/8/2023 1:04,17785.75,17788,17785.75,17786.25,40,0,17802.24363
8/8/2023 1:05,17785.75,17789.75,17785.75,17789.25,67,0,17802.21185
8/8/2023 1:06,17790,17793,17789.5,17792,85,0,17802.18107
8/8/2023 1:07,17792,17792,17791,17791.5,29,0,17802.17061
8/8/2023 1:08,17791.25,17792.25,17790.5,17791.25,11,0,17802.16658
8/8/2023 1:09,17791.25,17791.75,17790,17791.5,16,0,17802.1606
8/8/2023 1:10,17791.25,17791.25,17788.5,17789,19,0,17802.15254
8/8/2023 1:11,17788.75,17789,17787,17788.75,36,0,17802.13569
8/8/2023 1:12,17789,17791.5,17788.75,17791,30,0,17802.12386
8/8/2023 1:13,17791,17793,17791,17791.5,45,0,17802.1083
8/8/2023 1:14,17791.5,17792.5,17790.5,17791.75,31,0,17802.09735
8/8/2023 1:15,17791.75,17791.75,17790.5,17790.75,27,0,17802.08731
8/8/2023 1:16,17791,17791.25,17790,17790.75,20,0,17802.07965
8/8/2023 1:17,17790.75,17790.75,17787.25,17787.75,58,0,17802.05348
8/8/2023 1:18,17787.75,17787.75,17786,17787,61,0,17802.02266
8/8/2023 1:19,17786.5,17788.75,17786.25,17788.5,24,0,17802.01131
8/8/2023 1:20,17789,17789.25,17788.75,17789.25,14,0,17802.00527
8/8/2023 1:21,17789,17792,17789,17791.75,27,0,17801.9953
8/8/2023 1:22,17791.25,17791.25,17788.25,17788.5,31,0,17801.98225
8/8/2023 1:23,17788.5,17789,17785.5,17785.5,47,0,17801.95834
8/8/2023 1:24,17786.25,17786.75,17784.25,17786,53,0,17801.92971
8/8/2023 1:25,17785.5,17785.5,17782,17783.25,107,0,17801.86485
8/8/2023 1:26,17783.5,17788.75,17783.5,17787,116,0,17801.80588
8/8/2023 1:27,17788.5,17789.75,17787.75,17788.5,45,0,17801.78645
8/8/2023 1:28,17788,17788.5,17786.75,17788.5,35,0,17801.77051
8/8/2023 1:29,17789,17789,17786.75,17786.75,22,0,17801.76021
8/8/2023 1:30,17786.5,17786.75,17784.25,17784.25,19,0,17801.74983
8/8/2023 1:31,17784.75,17784.75,17782.75,17783,68,0,17801.70923
8/8/2023 1:32,17782.75,17784.25,17782.75,17784.25,39,0,17801.68635
8/8/2023 1:33,17784.5,17787.25,17784.5,17786,49,0,17801.66115
8/8/2023 1:34,17785.75,17785.75,17783.25,17784.25,46,0,17801.63532
8/8/2023 1:35,17784.5,17784.75,17780.75,17781.75,126,0,17801.55678
8/8/2023 1:36,17781,17781.75,17779.75,17781,146,0,17801.45911
8/8/2023 1:37,17781,17782.25,17780,17781,59,0,17801.42038
8/8/2023 1:38,17781.25,17782.25,17779.75,17781.75,50,0,17801.38794
8/8/2023 1:39,17781.75,17782.25,17780.25,17780.25,35,0,17801.36492
8/8/2023 1:40,17780.75,17784,17780.75,17783.5,63,0,17801.32732
8/8/2023 1:41,17783.5,17784,17781.5,17781.5,38,0,17801.3042
8/8/2023 1:42,17782,17782.75,17781,17781,39,0,17801.2796
8/8/2023 1:43,17781.75,17783.5,17781.75,17783,44,0,17801.25356
8/8/2023 1:44,17782.5,17784.75,17782.5,17784.5,38,0,17801.23254
8/8/2023 1:45,17784.25,17784.5,17783.5,17783.75,35,0,17801.21322
8/8/2023 1:46,17783.25,17783.5,17782.25,17782.5,38,0,17801.19089
8/8/2023 1:47,17782.25,17784,17782.25,17784,44,0,17801.16604
8/8/2023 1:48,17783.5,17783.75,17783,17783,15,0,17801.1575
8/8/2023 1:49,17783.5,17783.5,17782,17782.25,18,0,17801.14688
8/8/2023 1:50,17781.25,17781.25,17779.5,17780,32,0,17801.12567
8/8/2023 1:51,17780.5,17781.75,17780.25,17781.5,27,0,17801.10859
8/8/2023 1:52,17781.5,17781.75,17774,17775.25,231,0,17800.93338
8/8/2023 1:53,17775.5,17778.75,17775,17778,83,0,17800.8717
8/8/2023 1:54,17777.5,17778,17770.5,17770.5,243,0,17800.66078
8/8/2023 1:55,17771.25,17774.75,17769.5,17769.75,189,0,17800.48917
8/8/2023 1:56,17769.75,17770.25,17758.5,17759.75,616,0,17799.78447
8/8/2023 1:57,17760,17762.75,17758.75,17759.75,200,0,17799.54671
8/8/2023 1:58,17759.75,17762,17758.5,17760,166,0,17799.3503
8/8/2023 1:59,17759.25,17761.75,17759,17759.75,109,0,17799.22239
8/8/2023 2:00,17759.5,17760.75,17756.75,17760.75,151,0,17799.04319
8/8/2023 2:01,17761,17763.25,17758.5,17760,249,0,17798.75979
8/8/2023 2:02,17759.75,17760.5,17755.5,17757.5,283,0,17798.41988
8/8/2023 2:03,17757,17761.5,17756.75,17760.75,133,0,17798.2692
8/8/2023 2:04,17761,17765,17760.5,17763.5,174,0,17798.0907
8/8/2023 2:05,17763.5,17764.25,17758.5,17759.5,168,0,17797.90913
8/8/2023 2:06,17759.75,17759.75,17754.75,17757.5,156,0,17797.72674
8/8/2023 2:07,17757.5,17758.25,17751.5,17755.25,234,0,17797.44058
8/8/2023 2:08,17755,17757.5,17752,17752.5,141,0,17797.26598
8/8/2023 2:09,17752.75,17755,17749.75,17753,215,0,17796.99379
8/8/2023 2:10,17752.75,17755.75,17752.5,17754,119,0,17796.8496
8/8/2023 2:11,17753,17757.25,17752.5,17753,105,0,17796.72367
8/8/2023 2:12,17752.75,17754.75,17751.75,17754.75,83,0,17796.62349
8/8/2023 2:13,17754.25,17756.75,17752.75,17756.25,90,0,17796.51916
8/8/2023 2:14,17757,17758.5,17753.5,17758.5,185,0,17796.31452
8/8/2023 2:15,17758.5,17759.25,17755.25,17757.75,90,0,17796.21719
8/8/2023 2:16,17757,17760,17754.25,17758.25,161,0,17796.04465
8/8/2023 2:17,17759.5,17762.25,17758.25,17761.75,90,0,17795.95694
8/8/2023 2:18,17762,17762.75,17758.75,17761,101,0,17795.85927
8/8/2023 2:19,17761.25,17764,17760.5,17763.25,101,0,17795.76698
8/8/2023 2:20,17763.25,17764,17760.5,17760.75,47,0,17795.72314
8/8/2023 2:21,17761.5,17764.75,17761.25,17764.25,70,0,17795.66125
8/8/2023 2:22,17764.75,17766.25,17761.25,17761.75,102,0,17795.57055
8/8/2023 2:23,17761.25,17763.75,17758.5,17763.5,167,0,17795.41786
8/8/2023 2:24,17763.25,17764.25,17762.25,17764.25,75,0,17795.35312
8/8/2023 2:25,17763.5,17763.75,17761.25,17763,34,0,17795.32301
8/8/2023 2:26,17762.75,17763.75,17760.25,17763.25,54,0,17795.27495
8/8/2023 2:27,17763.25,17764.5,17762,17762.75,57,0,17795.22539
8/8/2023 2:28,17763.25,17764,17758.75,17760.25,165,0,17795.07355
8/8/2023 2:29,17760.25,17760.25,17757.75,17759,73,0,17795.00288
8/8/2023 2:30,17759,17759.5,17757.25,17758.25,58,0,17794.94589
8/8/2023 2:31,17758.25,17760.25,17755.5,17756.75,212,0,17794.73439
8/8/2023 2:32,17756.5,17757,17753.75,17756.25,151,0,17794.57785
8/8/2023 2:33,17756.25,17759.75,17756.25,17759,68,0,17794.51257
8/8/2023 2:34,17759.25,17762.25,17759.25,17762.25,58,0,17794.46154
8/8/2023 2:35,17762.25,17764.5,17761,17761.25,82,0,17794.39184
8/8/2023 2:36,17761.75,17763.25,17759.75,17762,77,0,17794.32547
8/8/2023 2:37,17762.25,17764,17761.25,17763,55,0,17794.2798
8/8/2023 2:38,17763,17763.25,17761.5,17763.25,39,0,17794.24741
8/8/2023 2:39,17764,17764.5,17762.75,17762.75,50,0,17794.20686
8/8/2023 2:40,17762.5,17763,17761.5,17762.5,28,0,17794.18346
8/8/2023 2:41,17762.25,17763.25,17762,17762,25,0,17794.16265
8/8/2023 2:42,17762,17764.75,17760.75,17763.75,115,0,17794.06929
8/8/2023 2:43,17763.75,17764,17761.5,17761.5,20,0,17794.05272
8/8/2023 2:44,17762.5,17764,17762,17763.75,64,0,17794.00133
8/8/2023 2:45,17764.25,17766,17764,17764,40,0,17793.97078
8/8/2023 2:46,17763.25,17763.25,17758.25,17759.25,82,0,17793.89894
8/8/2023 2:47,17759,17759.5,17757.25,17757.75,48,0,17793.85443
8/8/2023 2:48,17757.75,17757.75,17754.25,17754.25,75,0,17793.77977
8/8/2023 2:49,17754.75,17755.25,17753.5,17755,102,0,17793.67649
8/8/2023 2:50,17754.75,17757.25,17753,17756.5,129,0,17793.54998
8/8/2023 2:51,17757,17761.75,17756.75,17761,129,0,17793.43837
8/8/2023 2:52,17760.75,17763.25,17760.25,17762.5,73,0,17793.37959
8/8/2023 2:53,17763,17763.75,17760.5,17761,76,0,17793.31815
8/8/2023 2:54,17760.75,17761,17756,17756.5,84,0,17793.24211
8/8/2023 2:55,17756,17757,17754.5,17756.75,114,0,17793.13437
8/8/2023 2:56,17757.25,17757.25,17753,17755.5,143,0,17792.99709
8/8/2023 2:57,17755.75,17758,17754.25,17756.75,53,0,17792.94791
8/8/2023 2:58,17757,17757.75,17755.75,17757.25,55,0,17792.89783
8/8/2023 2:59,17757.5,17757.5,17755.5,17755.5,37,0,17792.86351
8/8/2023 3:00,17756,17757.25,17752.5,17757.25,96,0,17792.77357
8/8/2023 3:01,17757.25,17759.5,17752,17759.25,303,0,17792.50199
8/8/2023 3:02,17759.25,17765,17755.5,17762.75,266,0,17792.29446
8/8/2023 3:03,17762,17768.25,17757.25,17768.25,288,0,17792.09769
8/8/2023 3:04,17768.5,17770.75,17763.75,17764.5,275,0,17791.92418
8/8/2023 3:05,17764,17770,17763,17769.75,124,0,17791.85049
8/8/2023 3:06,17769.75,17772.25,17767.25,17771.75,190,0,17791.75152
8/8/2023 3:07,17772,17773.5,17765.5,17766,196,0,17791.6405
8/8/2023 3:08,17766.25,17771.75,17764.5,17771.5,116,0,17791.57785
8/8/2023 3:09,17771.5,17772.25,17770,17772.25,69,0,17791.54449
8/8/2023 3:10,17772.25,17773.5,17769,17769,93,0,17791.49747
8/8/2023 3:11,17769,17772.25,17768.75,17770.25,92,0,17791.45098
8/8/2023 3:12,17770,17776,17770,17774.5,188,0,17791.37044
8/8/2023 3:13,17774.75,17775,17772,17773,117,0,17791.32021
8/8/2023 3:14,17772.5,17773.5,17768.25,17769.75,170,0,17791.23632
8/8/2023 3:15,17769.5,17770,17761.5,17763.5,236,0,17791.09037
8/8/2023 3:16,17763,17763,17758.5,17760.25,239,0,17790.91948
8/8/2023 3:17,17759.25,17760,17754.75,17756.75,231,0,17790.73771
8/8/2023 3:18,17756,17763,17756,17762.5,137,0,17790.64144
8/8/2023 3:19,17762.25,17765,17761,17762,127,0,17790.55912
8/8/2023 3:20,17762.75,17768.5,17762.75,17764.75,162,0,17790.46479
8/8/2023 3:21,17765.25,17767.25,17757.5,17758,198,0,17790.33035
8/8/2023 3:22,17759,17766.75,17759,17762.5,147,0,17790.23751
8/8/2023 3:23,17763.25,17763.25,17760,17760.5,74,0,17790.18846
8/8/2023 3:24,17759.75,17760.75,17757.75,17758.25,112,0,17790.10859
8/8/2023 3:25,17758,17762.75,17757.75,17761.5,75,0,17790.05833
8/8/2023 3:26,17762.25,17765.5,17760.25,17760.25,92,0,17789.99968
8/8/2023 3:27,17759.75,17761.75,17757.5,17761.75,90,0,17789.93915
8/8/2023 3:28,17761.75,17766.75,17761.25,17766,124,0,17789.86831
8/8/2023 3:29,17765.25,17770.75,17764.75,17769.25,127,0,17789.80641
8/8/2023 3:30,17769.25,17770.25,17767.25,17768.5,78,0,17789.76931
8/8/2023 3:31,17768,17770.75,17765.75,17769,148,0,17789.69871
8/8/2023 3:32,17769.25,17772.5,17768.5,17770,113,0,17789.64975
8/8/2023 3:33,17771.5,17771.5,17765.75,17765.75,105,0,17789.59823
8/8/2023 3:34,17767,17773,17767,17772.5,88,0,17789.56145
8/8/2023 3:35,17773.25,17776.75,17773.25,17775.5,205,0,17789.49601
8/8/2023 3:36,17775.75,17776.25,17772,17773.75,102,0,17789.46104
8/8/2023 3:37,17773.5,17775.5,17771,17771.5,124,0,17789.41509
8/8/2023 3:38,17772.25,17775,17771.25,17772.5,78,0,17789.38675
8/8/2023 3:39,17772.75,17773.75,17767.5,17768.5,118,0,17789.33628
8/8/2023 3:40,17768.5,17768.5,17764.75,17767,84,0,17789.29467
8/8/2023 3:41,17767.25,17769.25,17757.75,17759,247,0,17789.14763
8/8/2023 3:42,17759,17762.75,17759,17761.5,97,0,17789.08839
8/8/2023 3:43,17761.75,17765.5,17759.75,17765.25,89,0,17789.03892
8/8/2023 3:44,17764.75,17768,17762,17766.25,82,0,17788.99692
8/8/2023 3:45,17766.25,17768.5,17765.5,17768.5,54,0,17788.97177
8/8/2023 3:46,17768.5,17774.25,17767.75,17773,127,0,17788.92431
8/8/2023 3:47,17772.75,17775,17772,17774.5,84,0,17788.89698
8/8/2023 3:48,17774.5,17775.25,17773.5,17775.25,71,0,17788.87523
8/8/2023 3:49,17775.25,17777.25,17773.5,17777,112,0,17788.84406
8/8/2023 3:50,17776.25,17779.25,17776,17777.5,190,0,17788.7983
8/8/2023 3:51,17777.5,17780.5,17776.75,17777.75,139,0,17788.76728
8/8/2023 3:52,17777,17777.25,17774.25,17775.25,110,0,17788.73643
8/8/2023 3:53,17775.75,17779.25,17775,17778.5,94,0,17788.71417
8/8/2023 3:54,17779.5,17780.25,17776.5,17779.25,72,0,17788.69883
8/8/2023 3:55,17779.5,17780.5,17776.5,17777.75,81,0,17788.68092
8/8/2023 3:56,17778,17781.75,17778,17781.5,116,0,17788.66068
8/8/2023 3:57,17781,17783,17780.25,17782.75,140,0,17788.64105
8/8/2023 3:58,17782.5,17784.25,17781,17783.75,132,0,17788.62542
8/8/2023 3:59,17784,17787,17783.25,17786.75,169,0,17788.61496
8/8/2023 4:00,17787,17787.75,17785,17786.75,146,0,17788.60853
8/8/2023 4:01,17787,17793,17787,17787.75,482,0,17788.61491
8/8/2023 4:02,17787.5,17789,17784,17784.5,172,0,17788.60507
8/8/2023 4:03,17785.25,17785.5,17781,17781.25,225,0,17788.57732
8/8/2023 4:04,17781.5,17784.75,17780.5,17783.75,158,0,17788.55933
8/8/2023 4:05,17784,17784,17778.75,17780.75,127,0,17788.54022
8/8/2023 4:06,17781.5,17783.5,17779.5,17782.25,102,0,17788.52615
8/8/2023 4:07,17782.5,17783.25,17778,17778,78,0,17788.51226
8/8/2023 4:08,17778.75,17779.5,17775.25,17776.5,139,0,17788.48013
8/8/2023 4:09,17776,17776,17770,17770.75,239,0,17788.40205
8/8/2023 4:10,17770.25,17773.25,17770,17771.5,126,0,17788.35949
8/8/2023 4:11,17772,17772.75,17769.25,17770,107,0,17788.32156
8/8/2023 4:12,17770.25,17770.5,17767.25,17768.25,177,0,17788.25211
8/8/2023 4:13,17768.5,17771.75,17767.25,17767.5,95,0,17788.21534
8/8/2023 4:14,17767.75,17770,17764.75,17768.25,159,0,17788.15044
8/8/2023 4:15,17768.25,17771.5,17767.75,17769.5,117,0,17788.10739
8/8/2023 4:16,17770,17770.75,17767.25,17767.25,63,0,17788.08284
8/8/2023 4:17,17767,17770.75,17764.75,17770.75,131,0,17788.03284
8/8/2023 4:18,17770.5,17776.75,17770.5,17775.25,160,0,17787.98917
8/8/2023 4:19,17774,17775,17771.25,17775,108,0,17787.95897
8/8/2023 4:20,17775.25,17776,17771.25,17771.25,79,0,17787.93554
8/8/2023 4:21,17770.75,17772,17767.75,17770,68,0,17787.91155
8/8/2023 4:22,17769.5,17769.75,17768.25,17769.75,89,0,17787.87908
8/8/2023 4:23,17769.5,17770,17762.25,17763,158,0,17787.80889
8/8/2023 4:24,17763.25,17763.75,17760,17761.5,188,0,17787.71377
8/8/2023 4:25,17762,17768.25,17761.25,17768.25,82,0,17787.67912
8/8/2023 4:26,17768,17769.5,17765.5,17766.5,76,0,17787.64894
8/8/2023 4:27,17766,17767.25,17765.5,17766,43,0,17787.63114
8/8/2023 4:28,17765.5,17765.5,17761.5,17764,123,0,17787.57427
8/8/2023 4:29,17764,17765,17761.25,17761.75,86,0,17787.533
8/8/2023 4:30,17761.75,17762.5,17759.25,17759.5,141,0,17787.45955
8/8/2023 4:31,17759.5,17762.5,17758.25,17760.25,195,0,17787.35831
8/8/2023 4:32,17760.5,17764.25,17760.25,17763,93,0,17787.31414
8/8/2023 4:33,17763,17765,17760.25,17762.5,160,0,17787.23877
8/8/2023 4:34,17762.25,17764.75,17762.25,17763.75,103,0,17787.19246
8/8/2023 4:35,17763.75,17767,17762.5,17766.25,175,0,17787.1197
8/8/2023 4:36,17766,17769,17763.5,17766.25,195,0,17787.04288
8/8/2023 4:37,17766.25,17772,17765.5,17771.25,158,0,17786.99096
8/8/2023 4:38,17771.25,17774,17770.75,17772.25,104,0,17786.96232
8/8/2023 4:39,17771.75,17771.75,17767,17769.25,133,0,17786.91839
8/8/2023 4:40,17768.5,17768.75,17765.75,17767,51,0,17786.89954
8/8/2023 4:41,17766.25,17769.25,17765.25,17768,66,0,17786.8756
8/8/2023 4:42,17768.25,17771.75,17768.25,17771.25,58,0,17786.85777
8/8/2023 4:43,17771.25,17775,17771,17775,126,0,17786.8268
8/8/2023 4:44,17774.5,17776.5,17773,17776,113,0,17786.8023
8/8/2023 4:45,17775.5,17777.75,17774.75,17774.75,105,0,17786.78077
8/8/2023 4:46,17774,17776,17773.75,17774.5,73,0,17786.76449
8/8/2023 4:47,17774.5,17777.25,17774.25,17776,90,0,17786.74629
8/8/2023 4:48,17776.25,17780,17775.5,17780,117,0,17786.72848
8/8/2023 4:49,17780,17782,17777.5,17779.75,164,0,17786.70741
8/8/2023 4:50,17780,17780.75,17777.5,17777.75,74,0,17786.69648
8/8/2023 4:51,17778,17780.25,17775.25,17778.5,108,0,17786.67925
8/8/2023 4:52,17778.25,17778.5,17776.25,17777,77,0,17786.66595
8/8/2023 4:53,17776.25,17779.25,17775.5,17779,80,0,17786.65314
8/8/2023 4:54,17779,17779.25,17777.5,17778.75,40,0,17786.64718
8/8/2023 4:55,17778,17780.5,17778,17780.25,70,0,17786.63816
8/8/2023 4:56,17780.5,17780.75,17778.25,17779.5,83,0,17786.62736
8/8/2023 4:57,17780.25,17781.75,17777.5,17778.5,90,0,17786.61528
8/8/2023 4:58,17779,17779.75,17777.75,17778.25,76,0,17786.60418
8/8/2023 4:59,17778,17779.5,17777.25,17777.75,61,0,17786.59484
8/8/2023 5:00,17777.5,17781.75,17777.5,17781,83,0,17786.58505
8/8/2023 5:01,17781.5,17783.25,17779.75,17781,114,0,17786.57422
8/8/2023 5:02,17780.75,17781,17779,17780,53,0,17786.56792
8/8/2023 5:03,17780.25,17780.75,17777,17779.75,89,0,17786.55604
8/8/2023 5:04,17780.25,17782,17779.25,17779.25,56,0,17786.54959
8/8/2023 5:05,17779.75,17782.75,17779,17780.75,103,0,17786.539
8/8/2023 5:06,17780.25,17782.75,17780,17782.5,35,0,17786.53598
8/8/2023 5:07,17782.25,17782.25,17780.25,17780.25,50,0,17786.53094
8/8/2023 5:08,17779.5,17779.5,17773.5,17775.25,170,0,17786.49913
8/8/2023 5:09,17775,17776,17770.25,17772,215,0,17786.4464
8/8/2023 5:10,17772,17773.25,17768,17769,150,0,17786.40274
8/8/2023 5:11,17769.25,17769.25,17765.25,17766.75,148,0,17786.352
8/8/2023 5:12,17766.75,17766.75,17762.5,17764,175,0,17786.2841
8/8/2023 5:13,17764.5,17765.25,17762.5,17764,86,0,17786.25012
8/8/2023 5:14,17763.25,17763.25,17760,17760.5,206,0,17786.15949
8/8/2023 5:15,17759.75,17760.75,17756.5,17756.5,233,0,17786.04416
8/8/2023 5:16,17756.75,17756.75,17750.25,17752,504,0,17785.75483
8/8/2023 5:17,17751.75,17756.25,17749.5,17755.75,374,0,17785.54876
8/8/2023 5:18,17755.5,17758.25,17754.25,17757.75,177,0,17785.46104
8/8/2023 5:19,17757,17759,17756,17757.5,74,0,17785.42548
8/8/2023 5:20,17758.5,17758.75,17752.75,17754.75,179,0,17785.33344
8/8/2023 5:21,17754.5,17755.25,17751.5,17755.25,104,0,17785.27771
8/8/2023 5:22,17755,17760.75,17755,17760.75,222,0,17785.17768
8/8/2023 5:23,17760.5,17760.75,17755.5,17757.5,176,0,17785.09618
8/8/2023 5:24,17756.25,17759.5,17755,17758.75,145,0,17785.02899
8/8/2023 5:25,17759,17759.25,17756.75,17758.25,63,0,17785.00025
8/8/2023 5:26,17758,17758,17753.75,17755,143,0,17784.92921
8/8/2023 5:27,17754.75,17759,17754.5,17756,108,0,17784.87746
8/8/2023 5:28,17756.5,17757,17753.5,17756.25,87,0,17784.83456
8/8/2023 5:29,17754.75,17757.5,17753,17753,86,0,17784.79072
8/8/2023 5:30,17752.75,17756.75,17752.5,17756.25,195,0,17784.69395
8/8/2023 5:31,17756.25,17758.5,17755.75,17758.25,132,0,17784.63395
8/8/2023 5:32,17758.5,17759.75,17754.75,17755.75,114,0,17784.58091
8/8/2023 5:33,17755.5,17758.25,17752.5,17756.5,155,0,17784.50655
8/8/2023 5:34,17756.25,17759.75,17755,17759.75,114,0,17784.45668
8/8/2023 5:35,17759.5,17760,17755,17755.75,139,0,17784.39325
8/8/2023 5:36,17756,17758.5,17754.5,17757,79,0,17784.357
8/8/2023 5:37,17757.25,17757.25,17752.25,17752.75,157,0,17784.27855
8/8/2023 5:38,17752.75,17754.5,17751,17751.5,209,0,17784.16872
8/8/2023 5:39,17752,17752.75,17749.25,17752.25,194,0,17784.06454
8/8/2023 5:40,17752.75,17755.5,17752,17755,192,0,17783.97071
8/8/2023 5:41,17754.75,17758.75,17754.5,17756.75,193,0,17783.88484
8/8/2023 5:42,17757.25,17758.75,17754.75,17757.5,105,0,17783.83892
8/8/2023 5:43,17757,17761.75,17754,17760.75,315,0,17783.71145
8/8/2023 5:44,17761.25,17762.25,17758.5,17761.5,128,0,17783.66399
8/8/2023 5:45,17761,17763.5,17759.75,17762,196,0,17783.59484
8/8/2023 5:46,17761.75,17764.25,17759.25,17763.25,111,0,17783.55677
8/8/2023 5:47,17763.5,17766.75,17760.5,17760.5,183,0,17783.49527
8/8/2023 5:48,17761,17761,17758.5,17760,101,0,17783.45704
8/8/2023 5:49,17760,17761.75,17757.25,17761.75,115,0,17783.41442
8/8/2023 5:50,17761.75,17761.75,17758.5,17759.75,125,0,17783.36778
8/8/2023 5:51,17760.25,17765,17759.5,17764.25,171,0,17783.3122
8/8/2023 5:52,17764.5,17765,17759.75,17760.5,107,0,17783.2756
8/8/2023 5:53,17759.5,17760.75,17758.75,17759.75,50,0,17783.25695
8/8/2023 5:54,17759.5,17759.75,17756,17756,137,0,17783.20059
8/8/2023 5:55,17756.25,17757.25,17753.5,17756.25,151,0,17783.13497
8/8/2023 5:56,17756,17760.75,17755.75,17760.25,141,0,17783.0812
8/8/2023 5:57,17759.25,17765,17758.75,17764.5,135,0,17783.03808
8/8/2023 5:58,17764.25,17769,17764.25,17768.75,187,0,17782.99207
8/8/2023 5:59,17768.5,17771.5,17768.5,17769.25,165,0,17782.95793
8/8/2023 6:00,17769.25,17771.25,17767.5,17769.75,122,0,17782.93232
8/8/2023 6:01,17769.75,17774.25,17768.75,17769,256,0,17782.88354
8/8/2023 6:02,17769.25,17770,17765.75,17766.5,170,0,17782.8428
8/8/2023 6:03,17766.5,17768.25,17765.25,17767.75,112,0,17782.8155
8/8/2023 6:04,17767.5,17767.5,17760,17760.75,207,0,17782.75147
8/8/2023 6:05,17761,17766.25,17761,17765.5,93,0,17782.72498
8/8/2023 6:06,17765,17767.5,17764.25,17767.25,96,0,17782.70079
8/8/2023 6:07,17766.75,17769.5,17766.5,17767.75,111,0,17782.6756
8/8/2023 6:08,17768.5,17771.5,17767.75,17767.75,139,0,17782.64649
8/8/2023 6:09,17768.25,17770.75,17767.5,17769.75,173,0,17782.61132
8/8/2023 6:10,17769.5,17773.5,17768.75,17773,144,0,17782.58748
8/8/2023 6:11,17772.75,17777.25,17770,17770.25,242,0,17782.55041
8/8/2023 6:12,17770.25,17770.25,17767.25,17768.5,94,0,17782.53063
8/8/2023 6:13,17768,17768,17765.25,17766.75,105,0,17782.50541
8/8/2023 6:14,17766.25,17768.75,17763.5,17768.25,138,0,17782.47274
8/8/2023 6:15,17767.75,17770,17766.75,17767,102,0,17782.45034
8/8/2023 6:16,17766.25,17769.25,17765.5,17766.5,149,0,17782.41589
8/8/2023 6:17,17766,17769.25,17766,17769.25,57,0,17782.40367
8/8/2023 6:18,17769.25,17775.75,17769.25,17773.75,146,0,17782.38289
8/8/2023 6:19,17772.75,17772.75,17769.25,17769.25,49,0,17782.3741
8/8/2023 6:20,17769,17769,17761.5,17762,188,0,17782.32293
8/8/2023 6:21,17761.75,17764.75,17760.5,17763.5,162,0,17782.27604
8/8/2023 6:22,17763.5,17763.5,17759,17759.25,107,0,17782.24148
8/8/2023 6:23,17759.25,17761,17757.5,17760.25,141,0,17782.194
8/8/2023 6:24,17760.25,17761.5,17755.75,17756.75,152,0,17782.13948
8/8/2023 6:25,17756.5,17759.25,17754.5,17758.5,140,0,17782.08827
8/8/2023 6:26,17758.25,17760.25,17757.25,17759.25,121,0,17782.04687
8/8/2023 6:27,17759,17759,17755,17755.25,128,0,17781.99851
8/8/2023 6:28,17755.5,17756.25,17754,17755,114,0,17781.95335
8/8/2023 6:29,17754.25,17754.25,17751.75,17753.25,229,0,17781.85639
8/8/2023 6:30,17753.25,17758.25,17753.25,17754.5,137,0,17781.8032
8/8/2023 6:31,17754.25,17754.5,17746,17749,475,0,17781.58246
8/8/2023 6:32,17749,17756.5,17746,17756,298,0,17781.45846
8/8/2023 6:33,17755.75,17756,17751,17754.5,161,0,17781.39424
8/8/2023 6:34,17754.75,17754.75,17750.5,17751.5,121,0,17781.34341
8/8/2023 6:35,17751,17753.25,17751,17751.25,70,0,17781.31366
8/8/2023 6:36,17751.5,17755.5,17751.5,17751.5,160,0,17781.24819
8/8/2023 6:37,17751.25,17754.25,17750.5,17751.75,207,0,17781.16196
8/8/2023 6:38,17751,17752.5,17749.5,17749.5,63,0,17781.13432
8/8/2023 6:39,17749.5,17751,17748.25,17749.25,111,0,17781.08414
8/8/2023 6:40,17749.5,17752,17748.75,17750.25,139,0,17781.02319
8/8/2023 6:41,17750,17754.5,17749.5,17753.5,173,0,17780.95299
8/8/2023 6:42,17753.25,17755.75,17750.75,17755,165,0,17780.88949
8/8/2023 6:43,17755,17758,17754.5,17757.5,120,0,17780.8483
8/8/2023 6:44,17757.25,17761.75,17756.75,17761.75,218,0,17780.78437
8/8/2023 6:45,17761.5,17761.75,17756.5,17757.75,210,0,17780.71896
8/8/2023 6:46,17756.75,17759.25,17755.5,17759,112,0,17780.68305
8/8/2023 6:47,17758.25,17762,17757.25,17759.5,115,0,17780.64899
8/8/2023 6:48,17759,17761.25,17757.25,17760.75,117,0,17780.61472
8/8/2023 6:49,17761,17762.25,17759,17760.5,120,0,17780.58109
8/8/2023 6:50,17760.5,17760.5,17758.25,17758.5,54,0,17780.56486
8/8/2023 6:51,17759,17760,17756.5,17757.25,90,0,17780.5364
8/8/2023 6:52,17757.25,17758.5,17756.75,17757.5,58,0,17780.51782
8/8/2023 6:53,17757.75,17757.75,17750.75,17750.75,236,0,17780.42779
8/8/2023 6:54,17751,17751,17747.75,17749,148,0,17780.36375
8/8/2023 6:55,17749,17751.5,17745.25,17751.25,287,0,17780.24066
8/8/2023 6:56,17751.75,17756.5,17750.75,17755.75,228,0,17780.15927
8/8/2023 6:57,17756,17757.5,17754.25,17756.25,92,0,17780.12868
8/8/2023 6:58,17756.25,17757,17750.25,17752,92,0,17780.09448
8/8/2023 6:59,17752,17753.75,17750.25,17753,167,0,17780.03091
8/8/2023 7:00,17752.75,17756.25,17752.5,17756.25,121,0,17779.98945
8/8/2023 7:01,17756.25,17759.75,17748.5,17749.25,312,0,17779.87253
8/8/2023 7:02,17749.5,17750.5,17744.25,17746.5,462,0,17779.66733
8/8/2023 7:03,17746.75,17747.5,17740.5,17742,461,0,17779.44183
8/8/2023 7:04,17742,17742.75,17736.75,17741,487,0,17779.18602
8/8/2023 7:05,17740.75,17742.75,17738.5,17739.75,205,0,17779.07979
8/8/2023 7:06,17740.25,17741.75,17737.25,17741.25,310,0,17778.91921
8/8/2023 7:07,17741.5,17743,17734,17736.25,324,0,17778.74279
8/8/2023 7:08,17736.5,17738,17732.5,17733.25,273,0,17778.58391
8/8/2023 7:09,17732.75,17736,17728.75,17732.5,738,0,17778.13923
8/8/2023 7:10,17731.75,17732.5,17728.5,17732,314,0,17777.94683
8/8/2023 7:11,17732,17733.25,17724.5,17724.75,457,0,17777.64893
8/8/2023 7:12,17724.75,17726.75,17722,17726.5,268,0,17777.46753
8/8/2023 7:13,17726.5,17726.5,17720.5,17723.25,337,0,17777.23399
8/8/2023 7:14,17723.25,17723.25,17717.25,17718.5,362,0,17776.96803
8/8/2023 7:15,17718.5,17723.25,17718.25,17722.25,328,0,17776.73577
8/8/2023 7:16,17721.5,17726,17719.75,17721,354,0,17776.49174
8/8/2023 7:17,17720.25,17720.25,17715,17715.5,407,0,17776.18654
8/8/2023 7:18,17715.25,17719.25,17714.25,17715.5,248,0,17776.00028
8/8/2023 7:19,17715.25,17720,17714.75,17717.25,281,0,17775.79415
8/8/2023 7:20,17717.75,17718.25,17713.75,17714.5,211,0,17775.63549
8/8/2023 7:21,17714.75,17716.25,17712,17715.25,367,0,17775.35696
8/8/2023 7:22,17715,17715,17712.25,17712.75,154,0,17775.23861
8/8/2023 7:23,17713.25,17715.25,17713.25,17715.25,97,0,17775.16579
8/8/2023 7:24,17714.75,17720.75,17714.5,17720.25,423,0,17774.8707
8/8/2023 7:25,17719.75,17724.5,17716.5,17716.75,362,0,17774.62392
8/8/2023 7:26,17717,17719.75,17715,17719,225,0,17774.46796
8/8/2023 7:27,17719.25,17721,17717.5,17718.75,139,0,17774.37403
8/8/2023 7:28,17718,17721.5,17717.25,17720.5,136,0,17774.28353
8/8/2023 7:29,17720.25,17721.75,17715.75,17716.25,192,0,17774.152
8/8/2023 7:30,17715.75,17716.25,17713.25,17715.25,214,0,17773.99834
8/8/2023 7:31,17715,17715,17706,17707,607,0,17773.52601
8/8/2023 7:32,17707.25,17710,17699,17699,699,0,17772.93496
8/8/2023 7:33,17698.75,17704,17696.75,17703.25,647,0,17772.38638
8/8/2023 7:34,17703.75,17704,17700,17700.5,260,0,17772.1688
8/8/2023 7:35,17700.25,17704,17698.5,17703,312,0,17771.91069
8/8/2023 7:36,17703,17704.75,17701,17703.5,314,0,17771.65743
8/8/2023 7:37,17703.5,17706.25,17702,17706,288,0,17771.43238
8/8/2023 7:38,17705.75,17705.75,17697,17697.25,371,0,17771.1242
8/8/2023 7:39,17697.5,17706,17697,17705.25,248,0,17770.92758
8/8/2023 7:40,17704.75,17706.25,17702,17705.25,267,0,17770.72255
8/8/2023 7:41,17705.75,17705.75,17702.5,17702.5,192,0,17770.57387
8/8/2023 7:42,17702.5,17707.75,17702,17704.25,237,0,17770.3942
8/8/2023 7:43,17704.25,17711.25,17704.25,17709.75,388,0,17770.11882
8/8/2023 7:44,17709.75,17710,17705.75,17707.5,300,0,17769.90529
8/8/2023 7:45,17707.5,17710.75,17707.25,17710,117,0,17769.82452
8/8/2023 7:46,17709.75,17711,17704.75,17705.75,241,0,17769.65289
8/8/2023 7:47,17705.5,17707.75,17704,17705.5,200,0,17769.50796
8/8/2023 7:48,17705.75,17708.25,17703,17705,163,0,17769.38971
8/8/2023 7:49,17705,17706,17703,17705.75,158,0,17769.27461
8/8/2023 7:50,17705.25,17708.75,17704,17706,205,0,17769.12896
8/8/2023 7:51,17705.75,17709.25,17704.75,17707.75,162,0,17769.01617
8/8/2023 7:52,17708,17711.25,17707.75,17708.5,214,0,17768.8724
8/8/2023 7:53,17709.25,17712.25,17709.25,17710.75,326,0,17768.66048
8/8/2023 7:54,17710.75,17716.5,17710.25,17714.25,470,0,17768.37291
8/8/2023 7:55,17714,17716.75,17712.75,17714.25,362,0,17768.15714
8/8/2023 7:56,17714.5,17715.5,17709.5,17710.5,359,0,17767.93396
8/8/2023 7:57,17710.25,17716.5,17710.25,17716.25,216,0,17767.80648
8/8/2023 7:58,17716.5,17717.25,17712.5,17712.5,275,0,17767.64429
8/8/2023 7:59,17712.5,17717.5,17712.25,17717.5,197,0,17767.53231
8/8/2023 8:00,17717,17719.75,17715.75,17719.5,176,0,17767.43764
8/8/2023 8:01,17719.25,17720,17714.75,17716.5,397,0,17767.22002
8/8/2023 8:02,17716.25,17716.75,17708.5,17709.25,479,0,17766.93099
8/8/2023 8:03,17709.25,17709.5,17705.25,17705.75,371,0,17766.6905
8/8/2023 8:04,17705.75,17707,17702.25,17707,463,0,17766.38603
8/8/2023 8:05,17707.5,17711.25,17705.25,17706.5,366,0,17766.15628
8/8/2023 8:06,17706,17707.25,17699,17700,526,0,17765.798
8/8/2023 8:07,17700.75,17702.25,17694.5,17695,532,0,17765.41251
8/8/2023 8:08,17695,17696.75,17670.5,17674.5,1975,0,17763.67772
8/8/2023 8:09,17674.25,17680.25,17667,17679.25,1292,0,17762.51363
8/8/2023 8:10,17679,17687.25,17677.5,17687,710,0,17761.94754
8/8/2023 8:11,17686.75,17688,17683,17687.5,626,0,17761.46934
8/8/2023 8:12,17687.25,17691.75,17686.5,17691,485,0,17761.12041
8/8/2023 8:13,17691.25,17692.5,17688.75,17689.5,360,0,17760.8654
8/8/2023 8:14,17689.75,17690.75,17684.25,17685,286,0,17760.6539
8/8/2023 8:15,17685,17692,17684.75,17692,297,0,17760.44414
8/8/2023 8:16,17691.25,17697.5,17690,17694.5,507,0,17760.11106
8/8/2023 8:17,17694.5,17703.25,17694.5,17701.5,605,0,17759.75213
8/8/2023 8:18,17701,17703,17700,17701.75,224,0,17759.62435
8/8/2023 8:19,17702.75,17702.75,17699.5,17701,160,0,17759.53263
8/8/2023 8:20,17701.25,17703.75,17700.75,17702.75,197,0,17759.42267
8/8/2023 8:21,17702.5,17707.25,17700.25,17706.5,448,0,17759.18398
8/8/2023 8:22,17707,17709.75,17703.5,17707.5,332,0,17759.01568
8/8/2023 8:23,17707.25,17708.5,17704.5,17708,333,0,17758.84822
8/8/2023 8:24,17707.5,17712.25,17705.75,17711,284,0,17758.71355
8/8/2023 8:25,17710.75,17712.5,17709.5,17710,215,0,17758.61417
8/8/2023 8:26,17710,17712,17708,17711.5,246,0,17758.50056
8/8/2023 8:27,17711.5,17713.75,17711.25,17712.5,192,0,17758.41594
8/8/2023 8:28,17712.25,17712.25,17710,17710.5,203,0,17758.32373
8/8/2023 8:29,17710,17716.75,17709.75,17716,418,0,17758.14794
8/8/2023 8:30,17715.25,17717.5,17713.75,17714,273,0,17758.03625
8/8/2023 8:31,17714,17715.75,17709,17710,384,0,17757.86742
8/8/2023 8:32,17710.5,17710.5,17706.5,17709.5,369,0,17757.69676
8/8/2023 8:33,17709.5,17713.25,17706.75,17707.25,167,0,17757.6203
8/8/2023 8:34,17707.25,17708.5,17706.25,17706.5,184,0,17757.53289
8/8/2023 8:35,17706.75,17712.25,17705.5,17712.25,221,0,17757.43434
8/8/2023 8:36,17712.25,17715.5,17709.25,17714.75,287,0,17757.31547
8/8/2023 8:37,17715,17718,17714.25,17717.75,369,0,17757.17561
8/8/2023 8:38,17717.25,17721.75,17714.5,17721.25,385,0,17757.03965
8/8/2023 8:39,17721,17723.5,17719.5,17722.25,487,0,17756.8807
8/8/2023 8:40,17722.25,17724.75,17721,17723.5,474,0,17756.73318
8/8/2023 8:41,17722.75,17724.5,17720.25,17722.25,356,0,17756.62078
8/8/2023 8:42,17722.75,17731.5,17721.25,17730.5,945,0,17756.37252
8/8/2023 8:43,17730.25,17732.25,17727.25,17731.75,671,0,17756.215
8/8/2023 8:44,17731.25,17741.5,17730.75,17740.5,1485,0,17755.96808
8/8/2023 8:45,17741,17741.75,17735.25,17738,676,0,17755.86233
8/8/2023 8:46,17737.75,17738.75,17735.75,17736,391,0,17755.79655
8/8/2023 8:47,17736.5,17737.75,17734.75,17735.75,256,0,17755.75204
8/8/2023 8:48,17736.25,17739,17734,17734.25,348,0,17755.69083
8/8/2023 8:49,17734,17735.5,17732.5,17732.75,277,0,17755.63712
8/8/2023 8:50,17733.25,17733.5,17728.75,17729.5,346,0,17755.56131
8/8/2023 8:51,17730,17730.25,17725.5,17727,465,0,17755.44799
8/8/2023 8:52,17727.25,17728.5,17726,17727.25,200,0,17755.39896
8/8/2023 8:53,17727.25,17731,17725.75,17729.75,223,0,17755.34755
8/8/2023 8:54,17730.25,17731.25,17727.75,17728.5,240,0,17755.29313
8/8/2023 8:55,17729,17730,17725.75,17726.25,265,0,17755.22911
8/8/2023 8:56,17726.5,17726.75,17724.25,17725.25,227,0,17755.17076
8/8/2023 8:57,17725.5,17728.25,17724.5,17727.75,231,0,17755.11442
8/8/2023 8:58,17727.5,17727.75,17724.25,17724.5,193,0,17755.06532
8/8/2023 8:59,17725,17726.25,17723.25,17725.25,244,0,17755.00224
8/8/2023 9:00,17725.25,17726.5,17722.25,17724,364,0,17754.90657
8/8/2023 9:01,17723.25,17723.75,17717.25,17719.25,594,0,17754.73066
8/8/2023 9:02,17719,17723,17718.25,17721,303,0,17754.64333
8/8/2023 9:03,17721.75,17723.75,17716.75,17717,343,0,17754.54042
8/8/2023 9:04,17717.25,17722.25,17715.25,17720.75,352,0,17754.43616
8/8/2023 9:05,17721,17724.25,17718.25,17720,251,0,17754.36519
8/8/2023 9:06,17720,17720,17713.25,17714.75,283,0,17754.27405
8/8/2023 9:07,17715,17715,17709.25,17710.25,520,0,17754.08814
8/8/2023 9:08,17710.75,17712.25,17706.75,17712,500,0,17753.90605
8/8/2023 9:09,17711.5,17715.75,17711.5,17714,435,0,17753.76118
8/8/2023 9:10,17714.25,17715,17712.75,17715,174,0,17753.70425
8/8/2023 9:11,17714.5,17719.25,17713.75,17718.25,322,0,17753.60685
8/8/2023 9:12,17718.75,17723,17718.5,17719.5,390,0,17753.50002
8/8/2023 9:13,17719.75,17720.75,17715.75,17716,226,0,17753.43316
8/8/2023 9:14,17716,17718.25,17715,17716,164,0,17753.38334
8/8/2023 9:15,17716.25,17716.75,17713.25,17715,176,0,17753.32798
8/8/2023 9:16,17715.25,17719,17714,17717.5,234,0,17753.25814
8/8/2023 9:17,17718,17720.25,17716.5,17720,242,0,17753.1903
8/8/2023 9:18,17720.25,17725.75,17719.5,17724.5,437,0,17753.08388
8/8/2023 9:19,17724.5,17729.25,17724.25,17727,580,0,17752.96062
8/8/2023 9:20,17726.75,17730.75,17725.5,17730.75,313,0,17752.90006
8/8/2023 9:21,17730.5,17731.5,17726.25,17726.5,402,0,17752.81976
8/8/2023 9:22,17726.25,17731.25,17725.5,17731.25,255,0,17752.77165
8/8/2023 9:23,17730.75,17733,17730.75,17732,323,0,17752.71768
8/8/2023 9:24,17732.25,17734.25,17729.5,17734,284,0,17752.67198
8/8/2023 9:25,17734,17736.25,17728.75,17729,404,0,17752.60329
8/8/2023 9:26,17729.25,17730.25,17723.25,17723.75,469,0,17752.50331
8/8/2023 9:27,17723.25,17726.25,17721.75,17723,203,0,17752.45692
8/8/2023 9:28,17722.25,17726.5,17720.75,17724.5,397,0,17752.3674
8/8/2023 9:29,17724,17724,17716,17717.75,757,0,17752.17051
8/8/2023 9:30,17718,17728,17718,17727.75,1034,0,17751.94829
8/8/2023 9:31,17727.25,17727.75,17701,17719.75,5306,17716.16667,17750.52796
8/8/2023 9:32,17720,17720.25,17706,17707,3958,17713.99484,17749.39359
8/8/2023 9:33,17707,17713.25,17698.5,17710.25,3891,17712.02449,17748.23717
8/8/2023 9:34,17710.5,17716.5,17705,17705.25,2515,17711.52569,17747.5506
8/8/2023 9:35,17705,17714.75,17701.75,17712.25,2309,17711.27624,17746.95155
8/8/2023 9:36,17712,17723,17706.5,17716,2662,17711.77797,17746.38372
8/8/2023 9:37,17715.75,17722,17706.25,17707.75,2935,17711.80561,17745.71954
8/8/2023 9:38,17707.5,17707.75,17694.25,17697,2802,17710.51616,17744.88564
8/8/2023 9:39,17697.25,17700,17690.75,17694.75,2081,17709.39376,17744.22588
8/8/2023 9:40,17694.5,17721.75,17694,17714.25,2944,17709.45059,17743.59521
8/8/2023 9:41,17713.75,17717.25,17700.25,17701.25,2040,17709.25536,17743.12438
8/8/2023 9:42,17701.5,17709,17698.5,17704.5,1672,17709.00513,17742.72423
8/8/2023 9:43,17704.75,17710.25,17696.5,17697.75,1737,17708.65138,17742.29083
8/8/2023 9:44,17697.75,17698.75,17687.5,17691,2395,17707.66067,17741.57818
8/8/2023 9:45,17690.75,17690.75,17665.25,17678.75,4537,17704.61307,17739.90916
8/8/2023 9:46,17678.5,17678.75,17660.25,17661.25,3692,17701.66863,17738.37309
8/8/2023 9:47,17661.5,17671.5,17658.5,17666.25,2546,17699.82349,17737.33183
8/8/2023 9:48,17666,17674.25,17661.25,17661.75,1894,17698.58042,17736.57981
8/8/2023 9:49,17661.75,17662.25,17650,17651.25,3189,17696.02943,17735.15313
8/8/2023 9:50,17651,17654.25,17632,17634.75,4608,17691.73141,17732.83
8/8/2023 9:51,17635,17637.5,17622.25,17631.25,4496,17687.43223,17730.43702
8/8/2023 9:52,17630.75,17643.5,17626.75,17640.25,3601,17684.74521,17728.71883
8/8/2023 9:53,17640.75,17640.75,17628.25,17629.5,2210,17683.10675,17727.65067
8/8/2023 9:54,17629.75,17644.25,17628.5,17635.25,2145,17681.70657,17726.67031
8/8/2023 9:55,17635,17643.25,17632.25,17639.25,1902,17680.59063,17725.83954
8/8/2023 9:56,17639,17646.5,17633.75,17642.5,2059,17679.51756,17724.98446
8/8/2023 9:57,17642,17646.25,17636.25,17645,1673,17678.72153,17724.3151
8/8/2023 9:58,17645.25,17647,17639.75,17640.25,1857,17677.87322,17723.58325
8/8/2023 9:59,17640.25,17645,17630.75,17633.25,2017,17676.84735,17722.74539
8/8/2023 10:00,17633.25,17642.5,17627.75,17642.25,2010,17675.90226,17721.93735
8/8/2023 10:01,17642.25,17642.25,17631.5,17633.75,2110,17674.9168,17721.08901
8/8/2023 10:02,17633.25,17634.5,17613.25,17615.75,3872,17672.59571,17719.31448
8/8/2023 10:03,17615.75,17632.75,17615,17625,2809,17671.12715,17718.10529
8/8/2023 10:04,17625.25,17629.25,17618,17627.5,2108,17670.09723,17717.22418
8/8/2023 10:05,17627.5,17647,17627.5,17646.25,2582,17669.30409,17716.34293
8/8/2023 10:06,17646.25,17656,17643,17644.5,3754,17668.50541,17715.22124
8/8/2023 10:07,17644.5,17646.25,17633.5,17645.25,2745,17667.79471,17714.35105
8/8/2023 10:08,17644.75,17649,17640.75,17643,1434,17667.47346,17713.92047
8/8/2023 10:09,17643.25,17643.25,17629.75,17636.25,1975,17666.9006,17713.27032
8/8/2023 10:10,17636.5,17643.5,17632.5,17634,1212,17666.5622,17712.87799
8/8/2023 10:11,17633.75,17634.5,17615.25,17617.25,3013,17665.36485,17711.73968
8/8/2023 10:12,17617,17620.5,17606.5,17607.25,2805,17664.03862,17710.57908
8/8/2023 10:13,17607.5,17622.75,17606.25,17622,2292,17663.11235,17709.70278
8/8/2023 10:14,17621.75,17626.5,17614.75,17622.75,1997,17662.40763,17708.9876
8/8/2023 10:15,17622.5,17623.25,17602.25,17608,4395,17660.57351,17707.27579
8/8/2023 10:16,17608,17608.25,17599.25,17602.75,2979,17659.21964,17706.05832
8/8/2023 10:17,17602.5,17610.5,17601.5,17603.75,2083,17658.34032,17705.23875
8/8/2023 10:18,17603.5,17608.5,17593,17605.75,4188,17656.5665,17703.58507
8/8/2023 10:19,17606,17619.5,17603.25,17612.5,2938,17655.59097,17702.5605
8/8/2023 10:20,17612,17621.25,17606.5,17607.5,2976,17654.64519,17701.54571
8/8/2023 10:21,17607.25,17617.75,17605,17605,2820,17653.7358,17700.57864
8/8/2023 10:22,17605.5,17608.5,17599.75,17602.25,1540,17653.19218,17700.02631
8/8/2023 10:23,17602.25,17610.25,17592.25,17606.25,1957,17652.51018,17699.32924
8/8/2023 10:24,17606.25,17613.5,17605.5,17610.75,1234,17652.14895,17698.92636
8/8/2023 10:25,17610.75,17614.75,17603.75,17605.75,1374,17651.73672,17698.47287
8/8/2023 10:26,17605.75,17610.25,17599.5,17605.75,1536,17651.25473,17697.95506
8/8/2023 10:27,17605.5,17621.25,17604.5,17619,1525,17650.88514,17697.50003
8/8/2023 10:28,17619,17629.5,17617,17627.75,1937,17650.55181,17696.99719
8/8/2023 10:29,17628,17631.25,17623.5,17629.75,1361,17650.35299,17696.66452
8/8/2023 10:30,17629.75,17636.25,17626,17633.5,1668,17650.15446,17696.28326
8/8/2023 10:31,17634,17635.25,17621.25,17623.75,1952,17649.8632,17695.80738
8/8/2023 10:32,17623.25,17630.75,17613.75,17615,2535,17649.38559,17695.13808
8/8/2023 10:33,17614.75,17617.25,17611,17612.5,1430,17649.06724,17694.7348
8/8/2023 10:34,17612.25,17616.25,17609,17609.25,1290,17648.76829,17694.36515
8/8/2023 10:35,17609.5,17613.25,17604.5,17611.25,1498,17648.41028,17693.93059
8/8/2023 10:36,17611.5,17618.75,17607.75,17610.5,2390,17647.89085,17693.26808
8/8/2023 10:37,17610.25,17617.25,17603.25,17613.25,1862,17647.4844,17692.75254
8/8/2023 10:38,17612.75,17617.75,17606.5,17609.5,1087,17647.25127,17692.45455
8/8/2023 10:39,17610,17621.25,17609,17611.5,2117,17646.83874,17691.89928
8/8/2023 10:40,17612.5,17628,17612,17627.5,1434,17646.6364,17691.5685
8/8/2023 10:41,17627.25,17632.25,17618,17618.75,1517,17646.43035,17691.2245
8/8/2023 10:42,17618.75,17627.25,17618.25,17624.75,1034,17646.29441,17690.99342
8/8/2023 10:43,17624,17632,17623.25,17629.25,1153,17646.17579,17690.75557
8/8/2023 10:44,17628.75,17635.5,17626.5,17633.75,1287,17646.07239,17690.50799
8/8/2023 10:45,17633.25,17644,17632.25,17636.25,1910,17645.98112,17690.17901
8/8/2023 10:46,17636,17638.25,17629.5,17630.25,1160,17645.89558,17689.96306
8/8/2023 10:47,17630.25,17631.5,17612,17613.5,1915,17645.61332,17689.52587
8/8/2023 10:48,17613.75,17619,17611,17611,1297,17645.38785,17689.21066
8/8/2023 10:49,17611.25,17611.75,17605.5,17610.5,1993,17645.00014,17688.70334
8/8/2023 10:50,17610,17614.25,17607.25,17609.25,1061,17644.80279,17688.43925
8/8/2023 10:51,17608.5,17619.25,17603.25,17619.25,1608,17644.53922,17688.06099
8/8/2023 10:52,17618.5,17620.25,17596.75,17598.25,2443,17644.03422,17687.426
8/8/2023 10:53,17598.25,17608,17593.25,17607.75,2276,17643.5507,17686.82835
8/8/2023 10:54,17608.25,17609,17596.75,17599,1444,17643.23928,17686.44721
8/8/2023 10:55,17599.5,17612.75,17598,17611.75,1761,17642.91875,17686.01907
8/8/2023 10:56,17611.25,17611.5,17597,17597.5,1508,17642.60689,17685.63069
8/8/2023 10:57,17597.75,17599.25,17586.25,17588.75,3008,17641.84033,17684.76992
8/8/2023 10:58,17588.75,17591.25,17580.25,17582.5,3040,17640.98797,17683.85408
8/8/2023 10:59,17582.25,17588,17578,17583.5,1703,17640.50906,17683.34066
8/8/2023 11:00,17583.75,17585,17578,17579.75,1522,17640.07119,17682.87602
8/8/2023 11:01,17580,17585.75,17576.75,17579.25,1884,17639.535,17682.3048
8/8/2023 11:02,17579.75,17580.5,17572.75,17577.75,2101,17638.91268,17681.6531
8/8/2023 11:03,17577.75,17579.75,17570.5,17571.25,1391,17638.4867,17681.21312
8/8/2023 11:04,17571.25,17586.75,17570.5,17583.75,2132,17637.90908,17680.5861
8/8/2023 11:05,17583.25,17587.25,17576.5,17577.25,1227,17637.58183,17680.22876
8/8/2023 11:06,17577.25,17579,17573.5,17575.75,1230,17637.2334,17679.85796
8/8/2023 11:07,17575.75,17583.25,17574.25,17580.25,1423,17636.85583,17679.44525
8/8/2023 11:08,17580.25,17586,17576,17579.75,1517,17636.46788,17679.01479
8/8/2023 11:09,17579.5,17583.25,17573.5,17575.75,1194,17636.14963,17678.66809
8/8/2023 11:10,17576,17584,17575.75,17582.5,842,17635.93958,17678.43282
8/8/2023 11:11,17582.25,17583.5,17573.5,17574,1125,17635.64251,17678.10824
8/8/2023 11:12,17573.75,17576,17569.25,17574.75,1635,17635.18941,17677.62323
8/8/2023 11:13,17574.5,17582.5,17572.75,17577,962,17634.94327,17677.35105
8/8/2023 11:14,17577.5,17586.5,17576.25,17584.25,1288,17634.64488,17677.00675
8/8/2023 11:15,17584.25,17592.75,17584,17589.75,1889,17634.26694,17676.54064
8/8/2023 11:16,17590,17594,17588,17592,1066,17634.06799,17676.28721
8/8/2023 11:17,17591.75,17594,17587.75,17590.5,1017,17633.87733,17676.04518
8/8/2023 11:18,17590.25,17593.25,17583.75,17584.25,1173,17633.64098,17675.75579
8/8/2023 11:19,17584.5,17594,17582,17591,1209,17633.40978,17675.46589
8/8/2023 11:20,17590.75,17595.25,17583.75,17592.75,1172,17633.19584,17675.19182
8/8/2023 11:21,17592.75,17595.75,17589.5,17593.5,913,17633.0397,17674.98539
8/8/2023 11:22,17593.75,17593.75,17585.25,17589.25,843,17632.88413,17674.78762
8/8/2023 11:23,17590,17592.25,17584.5,17592.25,803,17632.7378,17674.60063
8/8/2023 11:24,17592.25,17595,17588.75,17591.75,741,17632.6104,17674.43319
8/8/2023 11:25,17592,17602.25,17588.25,17599,1447,17632.39211,17674.12652
8/8/2023 11:26,17599,17601.5,17589.5,17590,1207,17632.19781,17673.86329
8/8/2023 11:27,17589.75,17593.5,17586.25,17590.75,1015,17632.02122,17673.63366
8/8/2023 11:28,17591.25,17596.5,17588.25,17595.75,699,17631.91008,17673.48254
8/8/2023 11:29,17595.25,17606.75,17593.25,17604.25,1236,17631.75531,17673.24302
8/8/2023 11:30,17604.25,17613.25,17600.25,17608.75,1918,17631.56511,17672.90526
8/8/2023 11:31,17608.5,17611.5,17603.25,17607.75,1204,17631.44763,17672.69526
8/8/2023 11:32,17608.25,17611,17601.25,17602,1005,17631.33929,17672.51366
8/8/2023 11:33,17602,17610.25,17602,17607.25,802,17631.25911,17672.37316
8/8/2023 11:34,17606.75,17607.5,17595.5,17595.75,1154,17631.11266,17672.15092
8/8/2023 11:35,17596,17598.75,17593.25,17595.25,919,17630.98293,17671.9656
8/8/2023 11:36,17595.75,17605.5,17594,17595.25,1015,17630.85085,17671.76865
8/8/2023 11:37,17595.75,17605.75,17594.25,17603.75,629,17630.77701,17671.65209
8/8/2023 11:38,17604,17614.25,17602.5,17614.25,967,17630.69892,17671.49666
8/8/2023 11:39,17614.25,17619.25,17607.75,17616.5,1265,17630.61837,17671.30829
8/8/2023 11:40,17616.75,17617.5,17611,17613,690,17630.57296,17671.20487
8/8/2023 11:41,17613.5,17614,17605.5,17607.25,811,17630.50433,17671.07341
8/8/2023 11:42,17607.75,17608,17596,17598.75,1214,17630.36462,17670.85246
8/8/2023 11:43,17598.75,17600.25,17579.25,17585,2267,17629.99581,17670.36902
8/8/2023 11:44,17585,17588.5,17580.75,17581,1072,17629.80409,17670.12929
8/8/2023 11:45,17581.25,17590,17573.25,17587,1876,17629.47236,17669.71291
8/8/2023 11:46,17586.75,17587,17580.5,17586,979,17629.30514,17669.49992
8/8/2023 11:47,17585.75,17587,17575.25,17576.75,1121,17629.09471,17669.24354
8/8/2023 11:48,17576.25,17585,17573.25,17577.75,1504,17628.8095,17668.89804
8/8/2023 11:49,17577.25,17583,17576.75,17580.75,753,17628.67216,17668.72891
8/8/2023 11:50,17580.25,17587.75,17566.25,17571,2779,17628.11863,17668.07418
8/8/2023 11:51,17571,17583,17571,17578.25,1391,17627.85824,17667.7583
8/8/2023 11:52,17578.25,17588.75,17578,17585.25,1241,17627.65821,17667.49873
8/8/2023 11:53,17585.75,17590.25,17582,17582.25,822,17627.52922,17667.3294
8/8/2023 11:54,17582.5,17590.25,17582.5,17585.25,698,17627.42328,17667.18818
8/8/2023 11:55,17585.25,17587.5,17580.75,17582,669,17627.31594,17667.04899
8/8/2023 11:56,17581.5,17589.25,17578.25,17581.75,1057,17627.14614,17666.82915
8/8/2023 11:57,17581.25,17593,17580.75,17592.25,912,17627.01911,17666.65297
8/8/2023 11:58,17592,17592.75,17585,17589.25,729,17626.91904,17666.51332
8/8/2023 11:59,17588.75,17590,17581.5,17584.5,663,17626.81974,17666.38075
8/8/2023 12:00,17585,17588,17582.25,17582.75,521,17626.74016,17666.2756
8/8/2023 12:01,17583.25,17589.75,17576.75,17588.25,1034,17626.58527,17666.06919
8/8/2023 12:02,17588,17593.25,17585.5,17593,962,17626.46165,17665.89144
8/8/2023 12:03,17593,17599,17590.75,17596.75,1053,17626.34571,17665.71046
8/8/2023 12:04,17596.75,17600.75,17594.75,17597.25,731,17626.27114,17665.58909
8/8/2023 12:05,17597.5,17602.5,17597.5,17599.5,774,17626.19876,17665.46528
8/8/2023 12:06,17599.5,17608,17598.25,17606.25,871,17626.13109,17665.33568
8/8/2023 12:07,17605.75,17610,17602.25,17609.75,794,17626.07861,17665.2241
8/8/2023 12:08,17609.25,17616,17607.75,17610.75,1043,17626.02534,17665.08869
8/8/2023 12:09,17611,17614,17609,17611.75,702,17625.98991,17664.99807
8/8/2023 12:10,17611.75,17619,17611.75,17617,1176,17625.94867,17664.85921
8/8/2023 12:11,17617.5,17618.5,17611.75,17617,618,17625.92678,17664.7863
8/8/2023 12:12,17616.5,17619.25,17615.5,17618.5,620,17625.90921,17664.71635
8/8/2023 12:13,17618.5,17619,17612.25,17617.75,914,17625.87898,17664.61051
8/8/2023 12:14,17618,17619.25,17614,17615.5,501,17625.86234,17664.55259
8/8/2023 12:15,17615.5,17620.25,17614.75,17617.25,844,17625.83783,17664.45769
8/8/2023 12:16,17617.25,17626.25,17616.25,17622.75,1102,17625.8224,17664.3457
8/8/2023 12:17,17622.25,17626.5,17617,17620,848,17625.80891,17664.25875
8/8/2023 12:18,17621.25,17622.75,17618.5,17622.25,414,17625.80235,17664.21643
8/8/2023 12:19,17622.5,17625.25,17621.5,17623.5,600,17625.79748,17664.15844
8/8/2023 12:20,17623.75,17628,17623,17626,788,17625.79713,17664.08672
8/8/2023 12:21,17625.75,17626.5,17616.5,17617.25,958,17625.77861,17663.98727
8/8/2023 12:22,17617.25,17622.5,17614.5,17618.5,949,17625.75531,17663.88565
8/8/2023 12:23,17618.5,17623.25,17614.75,17617,750,17625.73658,17663.80538
8/8/2023 12:24,17616.75,17625.25,17615.5,17622.25,663,17625.72604,17663.7388
8/8/2023 12:25,17622.5,17624.75,17620,17622.75,545,17625.72014,17663.68613
8/8/2023 12:26,17622.25,17623.5,17619.75,17623,390,17625.7154,17663.64815
8/8/2023 12:27,17623,17626,17620,17620.5,535,17625.70906,17663.59626
8/8/2023 12:28,17620.5,17621.5,17615.75,17618.25,481,17625.69749,17663.54561
8/8/2023 12:29,17618.5,17620,17614.25,17618,498,17625.68376,17663.49202
8/8/2023 12:30,17618.5,17621,17613.5,17616.25,501,17625.66916,17663.43765
8/8/2023 12:31,17616.5,17623,17614,17622,840,17625.65244,17663.35215
8/8/2023 12:32,17621.25,17625,17619,17624.25,546,17625.6472,17663.30066
8/8/2023 12:33,17624.25,17635,17624,17634,1429,17625.67239,17663.19382
8/8/2023 12:34,17633.5,17637,17629.75,17632.75,1048,17625.69817,17663.12115
8/8/2023 12:35,17632.75,17638,17632,17636.25,847,17625.72511,17663.06707
8/8/2023 12:36,17636.75,17640.75,17634.75,17638.75,1088,17625.76896,17663.00458
8/8/2023 12:37,17638.5,17639.75,17627,17629,1444,17625.79778,17662.90172
8/8/2023 12:38,17628.75,17632.25,17627.75,17630.75,608,17625.80655,17662.8563
8/8/2023 12:39,17631,17632.25,17620.75,17624.75,1019,17625.80691,17662.77037
8/8/2023 12:40,17625.25,17626.5,17618.75,17624.25,845,17625.79973,17662.69412
8/8/2023 12:41,17624.25,17625.25,17621.75,17623.5,433,17625.79652,17662.65549
8/8/2023 12:42,17623.25,17625.25,17617,17617.25,598,17625.78508,17662.59728
8/8/2023 12:43,17617.25,17617.5,17610,17612.25,1170,17625.73818,17662.46639
8/8/2023 12:44,17612.5,17617.25,17609.25,17610,858,17625.70105,17662.36875
8/8/2023 12:45,17609.75,17611.25,17606,17606.5,828,17625.65422,17662.26692
8/8/2023 12:46,17606.75,17610.5,17606,17609.25,735,17625.61441,17662.17796
8/8/2023 12:47,17609,17612.25,17605.5,17607.75,820,17625.56999,17662.0789
8/8/2023 12:48,17607.75,17611.75,17605.5,17609.5,662,17625.53518,17661.99982
8/8/2023 12:49,17609.5,17613.25,17606,17613.25,642,17625.50543,17661.92611
8/8/2023 12:50,17613.25,17614,17607,17607.25,624,17625.47385,17661.85268
8/8/2023 12:51,17607,17611.5,17604.75,17609,663,17625.43835,17661.77342
8/8/2023 12:52,17609,17613.75,17607.75,17610,423,17625.41854,17661.72493
8/8/2023 12:53,17610.25,17610.5,17601.75,17606.5,963,17625.36085,17661.60577
8/8/2023 12:54,17606,17611.75,17604.25,17611.25,615,17625.32962,17661.53382
8/8/2023 12:55,17611,17612.75,17606.75,17607.5,655,17625.29632,17661.45729
8/8/2023 12:56,17607.5,17614.75,17606.5,17613.75,651,17625.26876,17661.3853
8/8/2023 12:57,17613.5,17615.5,17609,17611.25,605,17625.24371,17661.31891
8/8/2023 12:58,17611.25,17612.75,17608.5,17610.25,511,17625.22038,17661.26138
8/8/2023 12:59,17610,17618.25,17609.5,17617.5,647,17625.20012,17661.19528
8/8/2023 13:00,17617.5,17623.25,17615.25,17621.75,1108,17625.18266,17661.09475
8/8/2023 13:01,17622,17626.25,17618,17621,1048,17625.17162,17661.00396
8/8/2023 13:02,17620.75,17635.75,17619.75,17635,1474,17625.19411,17660.9042
8/8/2023 13:03,17635,17636.5,17630.75,17632.75,1079,17625.22086,17660.83906
8/8/2023 13:04,17632.5,17636,17630.75,17631.75,654,17625.23599,17660.79902
8/8/2023 13:05,17631.75,17634.75,17630.75,17631.75,460,17625.24602,17660.7705
8/8/2023 13:06,17632,17635.75,17622.25,17623.75,1230,17625.25347,17660.68068
8/8/2023 13:07,17623.5,17624.75,17616.75,17619.75,1350,17625.23381,17660.56262
8/8/2023 13:08,17619.75,17626.25,17619,17622.75,506,17625.2299,17660.52102
8/8/2023 13:09,17622.5,17624.5,17618.25,17623.25,515,17625.22491,17660.47803
8/8/2023 13:10,17623.75,17624,17616.75,17619.25,572,17625.21595,17660.42791
8/8/2023 13:11,17619.5,17620.25,17611.5,17615.25,843,17625.19188,17660.34639
8/8/2023 13:12,17615.5,17618.5,17610.75,17614,671,17625.17031,17660.2799
8/8/2023 13:13,17613.75,17625,17612.25,17623.75,743,17625.15961,17660.21597
8/8/2023 13:14,17624,17626.25,17621,17624.5,771,17625.15676,17660.15578
8/8/2023 13:15,17624.25,17629.5,17623.5,17629,494,17625.15995,17660.12095
8/8/2023 13:16,17629,17640,17628,17639.75,1289,17625.20092,17660.05412
8/8/2023 13:17,17639.25,17647.25,17637.75,17646.75,1988,17625.31021,17659.98569
8/8/2023 13:18,17646.75,17654,17646.75,17652,1992,17625.45917,17659.94731
8/8/2023 13:19,17651.75,17652.75,17643.5,17644.75,1140,17625.53065,17659.91604
8/8/2023 13:20,17644.75,17645.5,17640.25,17643,634,17625.56267,17659.89323
8/8/2023 13:21,17642.75,17648,17640.75,17644.75,734,17625.60297,17659.86936
8/8/2023 13:22,17645.25,17650.5,17642.75,17645,747,17625.64722,17659.84764
8/8/2023 13:23,17644.75,17650.25,17642.5,17647.25,536,17625.67977,17659.83275
8/8/2023 13:24,17647.5,17647.5,17638.5,17640.25,707,17625.71319,17659.80635
8/8/2023 13:25,17640.5,17642,17630.5,17632.75,1117,17625.74327,17659.74838
8/8/2023 13:26,17632.75,17633.5,17623.75,17626.75,1204,17625.75105,17659.66835
8/8/2023 13:27,17627.25,17631.25,17622.75,17623.25,886,17625.75104,17659.60554
8/8/2023 13:28,17623.25,17629.25,17620.75,17629.25,962,17625.75287,17659.53895
8/8/2023 13:29,17628.75,17629.25,17624,17628,513,17625.75481,17659.50426
8/8/2023 13:30,17627.5,17635,17625.25,17633.75,795,17625.76739,17659.45768
8/8/2023 13:31,17633.75,17644.5,17631.5,17644,1297,17625.81958,17659.40533
8/8/2023 13:32,17643.75,17646.5,17638.25,17640.25,833,17625.85682,17659.37473
8/8/2023 13:33,17640.5,17643,17636.5,17642,532,17625.87876,17659.35396
8/8/2023 13:34,17642,17645,17640.5,17643,379,17625.89684,17659.34102
8/8/2023 13:35,17642.5,17644,17629.25,17630,959,17625.91976,17659.29171
8/8/2023 13:36,17630.25,17630.5,17620.5,17624,1041,17625.91708,17659.21823
8/8/2023 13:37,17623.5,17625.5,17612.75,17613,1055,17625.89109,17659.12693
8/8/2023 13:38,17613.5,17628,17613.5,17627.25,956,17625.88318,17659.05596
8/8/2023 13:39,17627,17637.25,17626.25,17637,960,17625.90346,17659.00577
8/8/2023 13:40,17636.75,17641.25,17633.75,17640.5,792,17625.93108,17658.9726
8/8/2023 13:41,17641,17645.5,17638,17643.5,945,17625.97388,17658.94054
8/8/2023 13:42,17643.5,17646.75,17639,17640.25,627,17626.00158,17658.91891
8/8/2023 13:43,17640.5,17645.25,17636.75,17642.75,621,17626.02821,17658.89702
8/8/2023 13:44,17642.5,17643,17637.5,17638.75,415,17626.04386,17658.88088
8/8/2023 13:45,17639.25,17644.5,17638.5,17638.75,381,17626.05907,17658.86672
8/8/2023 13:46,17638.5,17644.25,17635,17642.25,679,17626.08594,17658.84144
8/8/2023 13:47,17642,17642,17633.75,17634,738,17626.10713,17658.80819
8/8/2023 13:48,17634.5,17634.75,17629.75,17631.25,1100,17626.12456,17658.74844
8/8/2023 13:49,17631,17635.25,17629.5,17632.25,440,17626.132,17658.72498
8/8/2023 13:50,17632.25,17636.75,17629,17633.25,429,17626.14002,17658.70273
8/8/2023 13:51,17633.25,17640.25,17630,17637,566,17626.15479,17658.67656
8/8/2023 13:52,17636.75,17639.5,17633.75,17635.5,382,17626.16526,17658.65932
8/8/2023 13:53,17635.25,17646.25,17633.25,17645.5,774,17626.19774,17658.6329
8/8/2023 13:54,17645,17651.75,17645,17649.5,1372,17626.28122,17658.60572
8/8/2023 13:55,17649.25,17653,17645.25,17645.75,967,17626.33773,17658.58521
8/8/2023 13:56,17645.5,17649.25,17642.75,17647.75,700,17626.37579,17658.56843
8/8/2023 13:57,17647.5,17650.25,17643.25,17647.25,481,17626.40229,17658.55725
8/8/2023 13:58,17647.5,17652.25,17647.5,17650,426,17626.42913,17658.54991
8/8/2023 13:59,17649.75,17650,17642,17642,601,17626.45845,17658.5333
8/8/2023 14:00,17642.25,17650.25,17640.5,17649,573,17626.48925,17658.51968
8/8/2023 14:01,17649,17652,17642.25,17647.25,689,17626.52723,17658.50415
8/8/2023 14:02,17647.25,17651,17644.25,17650.25,476,17626.55507,17658.4947
8/8/2023 14:03,17650,17654.25,17644.5,17644.5,756,17626.59765,17658.4786
8/8/2023 14:04,17645,17645,17634,17638.25,1161,17626.63605,17658.43409
8/8/2023 14:05,17638.75,17642.75,17638.25,17641,557,17626.65672,17658.41455
8/8/2023 14:06,17640.75,17641.5,17635,17636.25,457,17626.66991,17658.39577
8/8/2023 14:07,17635.75,17646.25,17634.25,17645.5,772,17626.70111,17658.37083
8/8/2023 14:08,17645.25,17648.5,17643.25,17645,539,17626.72791,17658.35727
8/8/2023 14:09,17644.75,17649,17642.5,17648.75,509,17626.7547,17658.34566
8/8/2023 14:10,17648.5,17648.5,17639.75,17641.75,435,17626.77364,17658.33283
8/8/2023 14:11,17641.5,17647.5,17639.5,17640.25,418,17626.7908,17658.31977
8/8/2023 14:12,17640.25,17641.75,17635,17640,500,17626.80668,17658.30075
8/8/2023 14:13,17639.75,17649.25,17639,17648.5,560,17626.83419,17658.28681
8/8/2023 14:14,17648,17659.25,17646.75,17658.5,1388,17626.93549,17658.27744
8/8/2023 14:15,17658.5,17661.25,17653,17655.75,940,17627.00816,17658.27449
8/8/2023 14:16,17656.25,17665,17654.5,17663.25,1082,17627.10329,17658.28005
8/8/2023 14:17,17663.25,17663.75,17660,17661.5,572,17627.1546,17658.28391
8/8/2023 14:18,17661.5,17665.75,17660,17665.75,597,17627.21121,17658.29034
8/8/2023 14:19,17665.5,17678,17664.5,17674.75,2825,17627.53895,17658.36738
8/8/2023 14:20,17674.25,17677.5,17670.25,17670.75,1020,17627.6572,17658.39581
8/8/2023 14:21,17670.75,17676,17669.25,17674.75,795,17627.74996,17658.41865
8/8/2023 14:22,17674.75,17675.75,17665.5,17667.75,1012,17627.85804,17658.4405
8/8/2023 14:23,17668,17672,17664.75,17665.25,693,17627.92762,17658.45232
8/8/2023 14:24,17665.75,17667,17661.5,17667,782,17628.00154,17658.46237
8/8/2023 14:25,17667.5,17670.25,17663.25,17663.25,623,17628.06088,17658.47086
8/8/2023 14:26,17663.5,17668.5,17658.5,17660,907,17628.13947,17658.47754
8/8/2023 14:27,17660,17665,17658.75,17661.75,595,17628.19009,17658.48135
8/8/2023 14:28,17662.25,17664.75,17655.25,17656,752,17628.24784,17658.48162
8/8/2023 14:29,17656,17659,17652.75,17655.25,839,17628.30569,17658.47713
8/8/2023 14:30,17655.5,17661.25,17652,17660.5,673,17628.35572,17658.47641
8/8/2023 14:31,17660.5,17665.25,17656.75,17662.25,833,17628.42471,17658.48105
8/8/2023 14:32,17662.75,17664,17655.75,17659,501,17628.46376,17658.4821
8/8/2023 14:33,17659,17661,17654.5,17657.25,472,17628.49811,17658.4813
8/8/2023 14:34,17657.75,17659.5,17650.75,17658,775,17628.55144,17658.47779
8/8/2023 14:35,17658,17664.5,17657.75,17662.75,607,17628.6015,17658.48144
8/8/2023 14:36,17663,17667.25,17659,17661,806,17628.66924,17658.48742
8/8/2023 14:37,17661,17664,17654,17658.25,716,17628.72267,17658.48777
8/8/2023 14:38,17658.5,17661.25,17654.75,17655.5,381,17628.74953,17658.48682
8/8/2023 14:39,17655,17659.75,17654,17659.75,382,17628.77705,17658.48635
8/8/2023 14:40,17659.75,17662.5,17654.5,17657.25,456,17628.8101,17658.48601
8/8/2023 14:41,17657.5,17658.25,17652.5,17655,461,17628.84022,17658.48321
8/8/2023 14:42,17654.5,17655,17645,17647,1089,17628.89431,17658.46388
8/8/2023 14:43,17647.25,17657.5,17646.5,17656.5,837,17628.94496,17658.45611
8/8/2023 14:44,17657,17657.25,17648.5,17649.75,505,17628.97335,17658.44987
8/8/2023 14:45,17649.25,17651.75,17647.25,17648.75,424,17628.99444,17658.44259
8/8/2023 14:46,17649.25,17654.75,17648,17654.25,510,17629.0236,17658.43678
8/8/2023 14:47,17654.25,17654.5,17648.5,17649.75,475,17629.04906,17658.43013
8/8/2023 14:48,17649.5,17656.25,17649,17652.25,404,17629.07222,17658.42567
8/8/2023 14:49,17652.5,17659.75,17650,17659,486,17629.10448,17658.4237
8/8/2023 14:50,17659,17660.25,17653,17658.5,454,17629.13565,17658.42271
8/8/2023 14:51,17659,17661.75,17655.75,17656.25,707,17629.18521,17658.42205
8/8/2023 14:52,17656.75,17662.25,17654,17661,667,17629.23369,17658.42287
8/8/2023 14:53,17660.75,17662.25,17656.5,17657.5,393,17629.26187,17658.42311
8/8/2023 14:54,17658,17663.75,17657.5,17663,319,17629.28676,17658.42487
8/8/2023 14:55,17663.5,17667,17662.25,17665.75,646,17629.34267,17658.43272
8/8/2023 14:56,17665.25,17671.75,17664.5,17670.5,862,17629.42517,17658.4494
8/8/2023 14:57,17670.25,17681,17668,17681,2200,17629.67517,17658.52306
8/8/2023 14:58,17681,17693.25,17680.25,17688.25,2796,17630.05982,17658.66993
8/8/2023 14:59,17687.75,17691,17681,17684.5,1346,17630.23755,17658.73581
8/8/2023 15:00,17684.75,17688.25,17680.25,17683.5,1378,17630.41343,17658.79915
8/8/2023 15:01,17683.75,17687.75,17677.75,17680,1224,17630.56241,17658.85034
8/8/2023 15:02,17680.25,17683.25,17675,17680.25,1006,17630.67866,17658.88798
8/8/2023 15:03,17680,17681.5,17674.25,17675.75,729,17630.75856,17658.9121
8/8/2023 15:04,17675.5,17679.25,17673,17679,733,17630.83847,17658.93617
8/8/2023 15:05,17678.25,17689.25,17677.5,17682.5,1137,17630.97789,17658.98569
8/8/2023 15:06,17682.5,17683.5,17677.75,17682.5,659,17631.05552,17659.01212
8/8/2023 15:07,17682.25,17689.75,17681.75,17683.25,889,17631.1675,17659.05354
8/8/2023 15:08,17683.25,17684.25,17675,17678.25,935,17631.27222,17659.08731
8/8/2023 15:09,17678.75,17683.75,17678,17683,800,17631.36597,17659.11958
8/8/2023 15:10,17683,17683.75,17672,17674.5,848,17631.45543,17659.14635
8/8/2023 15:11,17674.25,17676.25,17669.75,17671,798,17631.53111,17659.16516
8/8/2023 15:12,17671.25,17679.5,17671.25,17675,724,17631.60443,17659.18595
8/8/2023 15:13,17674.75,17680,17674,17675,428,17631.64873,17659.19904
8/8/2023 15:14,17675,17681.25,17674.75,17677,523,17631.70436,17659.21626
8/8/2023 15:15,17676.5,17678.75,17673.75,17677.5,460,17631.75211,17659.23056
8/8/2023 15:16,17677.75,17683.75,17676,17682.75,809,17631.84361,17659.26164
8/8/2023 15:17,17682.75,17682.75,17669.25,17671.25,733,17631.9154,17659.28137
8/8/2023 15:18,17670.5,17671.5,17666,17671.5,971,17631.99955,17659.29925
8/8/2023 15:19,17670.75,17674.5,17669.5,17672.75,664,17632.0608,17659.31448
8/8/2023 15:20,17673,17673.25,17668.75,17670.75,427,17632.09879,17659.32324
8/8/2023 15:21,17670.75,17675.5,17670.25,17673.5,488,17632.14454,17659.33511
8/8/2023 15:22,17673.75,17681.75,17673.75,17681.25,866,17632.237,17659.36505
8/8/2023 15:23,17681,17686.5,17679.75,17685.25,911,17632.34407,17659.40434
8/8/2023 15:24,17685.25,17685.75,17679.5,17680.5,758,17632.42952,17659.43438
8/8/2023 15:25,17680.75,17686,17678.25,17685.5,768,17632.51812,17659.46653
8/8/2023 15:26,17685.5,17687,17681,17684.25,831,17632.6152,17659.50243
8/8/2023 15:27,17684.25,17687.75,17679.75,17681.75,634,17632.6876,17659.52865
8/8/2023 15:28,17681.75,17686.75,17679.75,17686.5,585,17632.75586,17659.55406
8/8/2023 15:29,17686.75,17688.75,17683.25,17687.75,552,17632.82292,17659.58017
8/8/2023 15:30,17688,17690.25,17680.5,17681.25,770,17632.91169,17659.61303
8/8/2023 15:31,17681.25,17685.75,17671.75,17674,1459,17633.05667,17659.65767
8/8/2023 15:32,17673.75,17678.75,17669.25,17670.75,890,17633.13617,17659.6782
8/8/2023 15:33,17671,17671.25,17662.25,17663,1451,17633.24106,17659.69287
8/8/2023 15:34,17663.25,17669,17661.75,17665.75,930,17633.30793,17659.70223
8/8/2023 15:35,17665.75,17668.25,17662.75,17667.5,693,17633.35861,17659.70998
8/8/2023 15:36,17667.5,17670,17663.25,17665.25,801,17633.41699,17659.71892
8/8/2023 15:37,17665.5,17674.75,17665.5,17672.25,919,17633.49323,17659.73655
8/8/2023 15:38,17672.5,17674.25,17668.75,17673.75,544,17633.53992,17659.74829
8/8/2023 15:39,17674,17680.25,17673.25,17676.5,1202,17633.65441,17659.78328
8/8/2023 15:40,17676.5,17677.25,17671.75,17674.75,547,17633.70379,17659.7972
8/8/2023 15:41,17674.75,17688.75,17674,17686.75,1478,17633.86453,17659.85643
8/8/2023 15:42,17686.5,17689.75,17681.5,17689.75,999,17633.98099,17659.90284
8/8/2023 15:43,17689.5,17704.5,17688.75,17701.75,3121,17634.41863,17660.10707
8/8/2023 15:44,17701.75,17704.5,17693.75,17694.75,2276,17634.73075,17660.25207
8/8/2023 15:45,17694.75,17696.75,17689.5,17694,1675,17634.94311,17660.34602
8/8/2023 15:46,17693.75,17711,17692,17706.5,2260,17635.27459,17660.50908
8/8/2023 15:47,17707.25,17709,17702.25,17706,1700,17635.53123,17660.63829
8/8/2023 15:48,17705.5,17707.75,17701.5,17704.75,907,17635.66529,17660.70528
8/8/2023 15:49,17705,17708.5,17704,17704.5,719,17635.77272,17660.75945
8/8/2023 15:50,17704.75,17710.25,17703.75,17704.75,784,17635.89047,17660.81913
8/8/2023 15:51,17704.5,17718.25,17702.25,17716.25,2312,17636.26485,17661.01733
8/8/2023 15:52,17716.75,17718,17705,17709.5,1515,17636.50365,17661.14281
8/8/2023 15:53,17709.5,17710,17700.75,17702.75,1455,17636.71214,17661.24745
8/8/2023 15:54,17703.25,17707.5,17698.25,17699.5,1111,17636.86406,17661.32195
8/8/2023 15:55,17699.75,17703,17695.5,17697,1625,17637.07391,17661.4217
8/8/2023 15:56,17697.25,17708.75,17693.5,17704.75,1963,17637.34122,17661.55388
8/8/2023 15:57,17704.5,17708.75,17697.25,17698.75,1486,17637.53981,17661.65154
8/8/2023 15:58,17698.5,17705.25,17697.5,17704.75,1187,17637.69982,17661.73099
8/8/2023 15:59,17705,17708.5,17704,17708.5,1941,17637.97782,17661.87452
8/8/2023 16:00,17708.5,17708.5,17698,17698.5,6822,17638.86332,17662.31304
8/8/2023 16:01,17698.5,17705.5,17697.5,17704,2738,17639.21553,17662.48927
8/8/2023 16:02,17704.5,17707.75,17703,17704.5,1064,17639.35726,17662.56204
8/8/2023 16:03,17705,17705.5,17701.75,17702.75,717,17639.44989,17662.60892
8/8/2023 16:04,17703.25,17703.75,17696.5,17697,621,17639.52458,17662.64521
8/8/2023 16:05,17697,17699.25,17696.75,17698,429,17639.57514,17662.66949
8/8/2023 16:06,17698,17699.5,17694.75,17699.5,668,17639.65357,17662.70715
8/8/2023 16:07,17699.25,17702.75,17699.25,17701.5,307,17639.69155,17662.72602
8/8/2023 16:08,17701.25,17704.25,17700.5,17703.25,307,17639.73041,17662.74561
8/8/2023 16:09,17702.75,17704,17701.75,17702,291,17639.76715,17662.76413
8/8/2023 16:10,17702,17705,17702,17704,254,17639.79974,17662.78071
8/8/2023 16:11,17703.75,17705.75,17702,17702.25,366,17639.84639,17662.80439
8/8/2023 16:12,17702.5,17703,17700,17700.5,353,17639.88979,17662.82598
8/8/2023 16:13,17700.25,17702,17699.75,17701.25,221,17639.91685,17662.83943
8/8/2023 16:14,17701.25,17705,17699.75,17703.5,365,17639.96278,17662.86264
8/8/2023 16:15,17704,17704.25,17702.25,17703.25,131,17639.97937,17662.87106
8/8/2023 16:16,17703.25,17703.75,17701,17701.5,120,17639.99429,17662.87856
8/8/2023 16:17,17701.5,17701.5,17699.5,17700,131,17640.01011,17662.88637
8/8/2023 16:18,17700.5,17702.5,17699.25,17702.5,113,17640.02399,17662.8933
8/8/2023 16:19,17702.5,17703.25,17701.75,17703.25,59,17640.03139,17662.89704
8/8/2023 16:20,17702.75,17702.75,17700.5,17700.75,80,17640.0412,17662.90194
8/8/2023 16:21,17700,17700.75,17698.25,17698.75,146,17640.05848,17662.91038
8/8/2023 16:22,17698.25,17699.5,17698.25,17699,89,17640.06896,17662.91548
8/8/2023 16:23,17698.75,17699.75,17697.5,17697.75,61,17640.07606,17662.91891
8/8/2023 16:24,17697.5,17699.25,17697.25,17698.5,54,17640.08235,17662.92195
8/8/2023 16:25,17698.75,17698.75,17697.5,17698,61,17640.08942,17662.92537
8/8/2023 16:26,17697.75,17698.25,17695.75,17695.75,144,17640.10567,17662.93307
8/8/2023 16:27,17695.5,17696.25,17695,17695,77,17640.11418,17662.93705
8/8/2023 16:28,17695,17695.5,17694.25,17694.5,99,17640.12498,17662.94206
8/8/2023 16:29,17694.25,17695.25,17693.5,17695.25,86,17640.13434,17662.94639
8/8/2023 16:30,17694.75,17697,17694.75,17696.75,115,17640.14721,17662.95246
8/8/2023 16:31,17696.5,17696.75,17696.25,17696.75,58,17640.15374,17662.95556
8/8/2023 16:32,17696.25,17697.75,17696.25,17697.25,39,17640.15817,17662.95768
8/8/2023 16:33,17696.75,17697.25,17696.5,17696.75,17,17640.1601,17662.95859
8/8/2023 16:34,17697.25,17697.5,17696.25,17696.75,47,17640.16541,17662.96112
8/8/2023 16:35,17696.5,17696.75,17696.25,17696.25,52,17640.17125,17662.96388
8/8/2023 16:36,17696.5,17698.5,17696,17698.25,154,17640.18889,17662.97235
8/8/2023 16:37,17698.25,17699,17697.5,17698,83,17640.19848,17662.97699
8/8/2023 16:38,17698.25,17698.5,17697,17697.75,95,17640.20939,17662.98223
8/8/2023 16:39,17697.25,17698.5,17696,17696,66,17640.21684,17662.98578
8/8/2023 16:40,17695.75,17697,17695.5,17697,36,17640.22088,17662.9877
8/8/2023 16:41,17696.75,17697.25,17696.5,17697.25,13,17640.22235,17662.9884
8/8/2023 16:42,17697.75,17698.25,17697.25,17697.25,21,17640.22475,17662.98955
8/8/2023 16:43,17697.5,17697.75,17696,17696.25,23,17640.22734,17662.99078
8/8/2023 16:44,17696.5,17697.5,17696.5,17697.25,21,17640.22972,17662.99192
8/8/2023 16:45,17697.25,17697.5,17696.25,17696.5,32,17640.23332,17662.99363
8/8/2023 16:46,17696.75,17697.25,17695.75,17697,71,17640.24131,17662.99743
8/8/2023 16:47,17696.5,17699,17696.25,17698.5,108,17640.25372,17663.00341
8/8/2023 16:48,17698.75,17699.25,17698.25,17698.25,57,17640.26034,17663.00663
8/8/2023 16:49,17698.5,17698.5,17697.5,17698,26,17640.26333,17663.00807
8/8/2023 16:50,17698,17698.5,17697.75,17698.5,13,17640.26484,17663.0088
8/8/2023 16:51,17698.5,17699.75,17697.75,17697.75,69,17640.27283,17663.01267
8/8/2023 16:52,17698,17698.5,17697.75,17698.5,36,17640.27699,17663.01469
8/8/2023 16:53,17698.75,17698.75,17697.75,17698.25,34,17640.28091,17663.01659
8/8/2023 16:54,17697.75,17698.5,17697.5,17697.75,15,17640.28263,17663.01742
8/8/2023 16:55,17698.5,17699.25,17698.25,17699.25,41,17640.28742,17663.01975
8/8/2023 16:56,17698.75,17699,17697,17698.25,111,17640.30019,17663.02592
8/8/2023 16:57,17698.5,17699.75,17698.5,17699.5,58,17640.307,17663.02925
8/8/2023 16:58,17699.5,17699.75,17698.5,17698.5,69,17640.31505,17663.03318
8/8/2023 16:59,17698.75,17700.25,17698.5,17700,54,17640.32142,17663.03631
8/8/2023 17:00,17699.75,17700.75,17698.5,17699.25,101,17640.33331,17663.04215
8/8/2023 18:01,17700,17705.25,17699.75,17704,243,0,17703
8/8/2023 18:02,17704,17706.25,17702.75,17705.25,111,0,17703.54873
8/8/2023 18:03,17706,17706,17703.75,17706,52,0,17703.76663
8/8/2023 18:04,17705.5,17708,17705.5,17706,72,0,17704.17835
8/8/2023 18:05,17706,17706,17704,17704.25,28,0,17704.20998
8/8/2023 18:06,17704,17704.25,17698.5,17700,85,0,17703.73632
8/8/2023 18:07,17700,17701.5,17699.5,17701.25,51,0,17703.49909
8/8/2023 18:08,17701.5,17701.5,17699.5,17699.5,40,0,17703.30364
8/8/2023 18:09,17700,17700.75,17699.75,17700.75,44,0,17703.12867
8/8/2023 18:10,17700.75,17702.75,17699.75,17700.25,63,0,17702.95205
8/8/2023 18:11,17700.75,17704.5,17700.75,17704.25,66,0,17702.96862
8/8/2023 18:12,17704.5,17706.75,17703.75,17705.75,67,0,17703.14651
8/8/2023 18:13,17705.5,17706,17704,17705.5,56,0,17703.26218
8/8/2023 18:14,17705.5,17706.25,17704.75,17706,23,0,17703.31743
8/8/2023 18:15,17706,17707,17705.5,17706,34,0,17703.41103
8/8/2023 18:16,17705.75,17706,17703.75,17703.75,72,0,17703.48186
8/8/2023 18:17,17703.5,17705.25,17703,17703,49,0,17703.49322
8/8/2023 18:18,17702.75,17703.75,17702.5,17702.75,31,0,17703.48034
8/8/2023 18:19,17703,17703.75,17701.75,17703.75,40,0,17703.4674
8/8/2023 18:20,17703.25,17703.75,17702.75,17703,43,0,17703.45722
8/8/2023 18:21,17703.25,17706,17702.75,17704.25,48,0,17703.48912
8/8/2023 18:22,17704.25,17704.5,17703.25,17703.75,25,0,17703.49553
8/8/2023 18:23,17703,17703.75,17701.75,17701.75,21,0,17703.47892
8/8/2023 18:24,17701.5,17703,17701.25,17701.5,21,0,17703.45523
8/8/2023 18:25,17701.75,17702,17701.75,17702,4,0,17703.4508
8/8/2023 18:26,17702,17702.25,17701.5,17701.5,12,0,17703.43624
8/8/2023 18:27,17701.25,17701.5,17700.5,17700.5,42,0,17703.36048
8/8/2023 18:28,17700.5,17701,17699.75,17700,28,0,17703.30127
8/8/2023 18:29,17700,17700.75,17700,17700.75,3,0,17703.29557
8/8/2023 18:30,17701,17701.25,17700.5,17700.5,12,0,17703.27501
8/8/2023 18:31,17700.25,17701.5,17699.25,17699.25,28,0,17703.21444
8/8/2023 18:32,17699.25,17699.75,17696.5,17697.25,124,0,17702.80708
8/8/2023 18:33,17697,17697.25,17694.25,17694.25,93,0,17702.40107
8/8/2023 18:34,17694.5,17695,17693.75,17694.75,58,0,17702.14491
8/8/2023 18:35,17695.25,17697.75,17695.25,17696.25,55,0,17701.97406
8/8/2023 18:36,17696,17696.25,17694.75,17695,26,0,17701.88173
8/8/2023 18:37,17694.5,17695.25,17694.25,17694.25,15,0,17701.82365
8/8/2023 18:38,17694.75,17695.25,17694.25,17694.75,17,0,17701.76043
8/8/2023 18:39,17694.25,17695.5,17694.25,17695,23,0,17701.67866
8/8/2023 18:40,17695,17697.5,17695,17696.25,39,0,17701.57086
8/8/2023 18:41,17696.25,17696.25,17696,17696,7,0,17701.55137
8/8/2023 18:42,17695.75,17697.75,17695.25,17697.75,50,0,17701.43671
8/8/2023 18:43,17698,17698.25,17693.75,17694.75,88,0,17701.19247
8/8/2023 18:44,17695.25,17697.25,17695,17696.5,30,0,17701.12315
8/8/2023 18:45,17696.25,17697.5,17696.25,17697.5,12,0,17701.10061
8/8/2023 18:46,17697,17700,17696.75,17699.5,62,0,17701.03476
8/8/2023 18:47,17699.5,17700,17696,17696.5,45,0,17700.96431
8/8/2023 18:48,17695.75,17697,17695.5,17695.75,32,0,17700.89611
8/8/2023 18:49,17696.25,17696.25,17694.5,17695,23,0,17700.83996
8/8/2023 18:50,17695,17695.25,17694.75,17695,9,0,17700.81733
8/8/2023 18:51,17695,17696.75,17695,17696,30,0,17700.75482
8/8/2023 18:52,17696,17696.5,17695.75,17696.25,12,0,17700.73153
8/8/2023 18:53,17696.25,17697.5,17696,17697.5,27,0,17700.68939
8/8/2023 18:54,17697.5,17697.5,17697,17697.25,10,0,17700.67507
8/8/2023 18:55,17697.25,17698.25,17696.75,17698,26,0,17700.64284
8/8/2023 18:56,17698.25,17699.25,17697.25,17697.25,17,0,17700.62387
8/8/2023 18:57,17697,17697,17695.25,17696,25,0,17700.5779
8/8/2023 18:58,17695.5,17697.25,17695.5,17697.25,11,0,17700.56055
8/8/2023 18:59,17697,17698.25,17697,17698.25,21,0,17700.53765
8/8/2023 19:00,17698.25,17699.25,17697.5,17697.5,17,0,17700.52108
8/8/2023 19:01,17697.75,17700,17697.75,17699.5,32,0,17700.50304
8/8/2023 19:02,17698.75,17703,17698.75,17700.75,70,0,17700.51186
8/8/2023 19:03,17701.25,17702.5,17701.25,17701.5,21,0,17700.52171
8/8/2023 19:04,17701.75,17703.25,17701.75,17702.75,27,0,17700.54257
8/8/2023 19:05,17702.5,17703.75,17702,17702.25,47,0,17700.57934
8/8/2023 19:06,17702.5,17702.5,17701.75,17702.25,26,0,17700.5944
8/8/2023 19:07,17702.25,17702.25,17694.5,17697,121,0,17700.48119
8/8/2023 19:08,17696.25,17696.25,17691.75,17695,112,0,17700.24966
8/8/2023 19:09,17694.75,17696,17694,17694,47,0,17700.1628
8/8/2023 19:10,17694,17695,17693.5,17695,41,0,17700.08698
8/8/2023 19:11,17695.25,17695.25,17693.75,17695.25,27,0,17700.04033
8/8/2023 19:12,17695.75,17697,17695.5,17695.5,21,0,17700.01305
8/8/2023 19:13,17695.75,17695.75,17694,17695.75,25,0,17699.9744
8/8/2023 19:14,17696.25,17698.25,17696.25,17697.25,33,0,17699.94602
8/8/2023 19:15,17697.75,17700.25,17697.25,17698,59,0,17699.91958
8/8/2023 19:16,17698,17701,17698,17699.75,56,0,17699.91385
8/8/2023 19:17,17699.25,17699.25,17697,17698.25,32,0,17699.89698
8/8/2023 19:18,17698.25,17700,17698.25,17699.25,20,0,17699.8926
8/8/2023 19:19,17699.5,17699.75,17699.25,17699.75,8,0,17699.89186
8/8/2023 19:20,17700.25,17700.75,17699.25,17699.25,29,0,17699.89064
8/8/2023 19:21,17698,17698,17696.5,17696.5,37,0,17699.85927
8/8/2023 19:22,17697,17697.5,17695.5,17695.5,31,0,17699.82599
8/8/2023 19:23,17696,17697.25,17695.75,17697,16,0,17699.81137
8/8/2023 19:24,17696.5,17697,17696.5,17696.75,9,0,17699.80342
8/8/2023 19:25,17696.5,17699.25,17696.25,17699,30,0,17699.78937
8/8/2023 19:26,17698.25,17698.25,17697.75,17697.75,13,0,17699.78243
8/8/2023 19:27,17697.5,17697.5,17697,17697.25,9,0,17699.77595
8/8/2023 19:28,17697.5,17697.75,17697.25,17697.75,4,0,17699.77345
8/8/2023 19:29,17697.5,17698.25,17697.5,17698.25,11,0,17699.76793
8/8/2023 19:30,17698.25,17698.25,17696.75,17697.25,11,0,17699.76063
8/8/2023 19:31,17697.75,17699.25,17697.75,17699.25,17,0,17699.75581
8/8/2023 19:32,17699.25,17700.25,17698.75,17699,22,0,17699.75321
8/8/2023 19:33,17698.75,17698.75,17697,17697.5,18,0,17699.74319
8/8/2023 19:34,17697.5,17697.5,17694.25,17695.75,61,0,17699.67805
8/8/2023 19:35,17695.75,17695.75,17694.75,17695,29,0,17699.64259
8/8/2023 19:36,17695.5,17696.5,17695.5,17696.5,16,0,17699.62759
8/8/2023 19:37,17696.75,17697,17696.25,17696.75,4,0,17699.62439
8/8/2023 19:38,17697.25,17699,17697.25,17699,22,0,17699.61727
8/8/2023 19:39,17698.5,17699.25,17697.75,17699.25,25,0,17699.6115
8/8/2023 19:40,17699.25,17699.25,17698,17698.75,15,0,17699.60775
8/8/2023 19:41,17699.25,17699.5,17697.75,17697.75,12,0,17699.6037
8/8/2023 19:42,17697.5,17698.25,17697.5,17698.25,5,0,17699.60159
8/8/2023 19:43,17698.25,17698.25,17697,17697.5,14,0,17699.59416
8/8/2023 19:44,17698,17698.25,17697.25,17697.25,15,0,17699.58626
8/8/2023 19:45,17696.75,17697,17696.5,17696.75,6,0,17699.58181
8/8/2023 19:46,17697,17698.75,17697,17698,18,0,17699.57401
8/8/2023 19:47,17698,17702.25,17698,17701.5,131,0,17699.60729
8/8/2023 19:48,17701.25,17702.75,17700.5,17701.5,95,0,17699.65343
8/8/2023 19:49,17701.25,17702.75,17700.75,17702,30,0,17699.66939
8/8/2023 19:50,17701.75,17701.75,17701,17701.75,16,0,17699.67651
8/8/2023 19:51,17702,17702.75,17702,17702.25,20,0,17699.68936
8/8/2023 19:52,17702,17703.25,17701.75,17702.75,39,0,17699.71641
8/8/2023 19:53,17703,17703,17701.25,17701.5,56,0,17699.74555
8/8/2023 19:54,17702,17702,17699.75,17700.75,57,0,17699.76001
8/8/2023 19:55,17700.25,17701,17699.5,17701,40,0,17699.76686
8/8/2023 19:56,17701,17702.75,17701,17702.75,35,0,17699.78612
8/8/2023 19:57,17702.5,17702.5,17699.75,17700,35,0,17699.79379
8/8/2023 19:58,17699.75,17701.25,17699.5,17700.25,26,0,17699.79696
8/8/2023 19:59,17700.25,17701.25,17699.25,17699.75,47,0,17699.79997
8/8/2023 20:00,17700.25,17701.75,17700.25,17701.5,18,0,17699.80546
8/8/2023 20:01,17701,17702.25,17697.75,17698.75,92,0,17699.80099
8/8/2023 20:02,17698.5,17698.5,17695.25,17696,94,0,17699.73627
8/8/2023 20:03,17695.5,17700.25,17695.5,17698.25,88,0,17699.70418
8/8/2023 20:04,17698,17699.5,17696.5,17696.75,41,0,17699.68607
8/8/2023 20:05,17696.25,17697,17694.25,17695.25,88,0,17699.61074
8/8/2023 20:06,17695.25,17698.25,17695,17697.5,68,0,17699.57379
8/8/2023 20:07,17697,17698,17697,17697.5,15,0,17699.56753
8/8/2023 20:08,17698,17700.75,17698,17700,56,0,17699.56771
8/8/2023 20:09,17700.5,17702.75,17700.5,17702.25,40,0,17699.58559
8/8/2023 20:10,17702.75,17704.25,17702.5,17703.75,86,0,17699.65089
8/8/2023 20:11,17703.75,17712.75,17702.75,17712.25,305,0,17700.1871
8/8/2023 20:12,17712.75,17719.25,17712.75,17713,341,0,17701.05785
8/8/2023 20:13,17713.5,17715.75,17711.25,17715.75,84,0,17701.24615
8/8/2023 20:14,17715.75,17721,17715.75,17720,148,0,17701.67964
8/8/2023 20:15,17719.25,17720.5,17716.75,17717.75,90,0,17701.92442
8/8/2023 20:16,17718.5,17720.75,17715.5,17719.75,137,0,17702.29083
8/8/2023 20:17,17719.75,17725,17719.5,17724.25,311,0,17703.26703
8/8/2023 20:18,17724.25,17726.25,17720.75,17720.75,162,0,17703.73179
8/8/2023 20:19,17721.75,17722,17719,17720.25,105,0,17703.988
8/8/2023 20:20,17721.25,17721.25,17718.75,17720.25,75,0,17704.16262
8/8/2023 20:21,17721,17724.25,17720,17724,95,0,17704.41459
8/8/2023 20:22,17724.5,17726,17722.25,17723.75,147,0,17704.81697
8/8/2023 20:23,17723,17723.5,17721,17722,123,0,17705.11018
8/8/2023 20:24,17721.75,17723.5,17720.25,17721.25,93,0,17705.31908
8/8/2023 20:25,17721.75,17721.75,17717.25,17718,90,0,17705.48411
8/8/2023 20:26,17718.75,17720,17716.25,17717.5,78,0,17705.61274
8/8/2023 20:27,17717,17717.25,17714.75,17715.5,157,0,17705.82124
8/8/2023 20:28,17715.75,17716,17714.25,17715.25,52,0,17705.88396
8/8/2023 20:29,17716.25,17716.25,17713.5,17713.75,64,0,17705.95455
8/8/2023 20:30,17713.75,17714.75,17713.5,17714.5,20,0,17705.97573
8/8/2023 20:31,17715.25,17719.5,17715.25,17718.25,137,0,17706.17672
8/8/2023 20:32,17718.5,17720.5,17716.75,17720.5,70,0,17706.29055
8/8/2023 20:33,17720,17729.75,17720,17727,509,0,17707.43936
8/8/2023 20:34,17727,17727,17721.25,17724,155,0,17707.73579
8/8/2023 20:35,17724.25,17724.25,17721.25,17722.75,51,0,17707.82326
8/8/2023 20:36,17723,17725,17722.75,17724.25,70,0,17707.95159
8/8/2023 20:37,17723.5,17724.75,17722.5,17723.75,60,0,17708.05773
8/8/2023 20:38,17723.5,17723.5,17719.5,17721.5,66,0,17708.15685
8/8/2023 20:39,17722.25,17722.75,17720.5,17721.75,65,0,17708.25426
8/8/2023 20:40,17721.75,17721.75,17718.75,17719.25,65,0,17708.33775
8/8/2023 20:41,17719.25,17722.75,17719,17720.75,63,0,17708.42385
8/8/2023 20:42,17720.5,17721,17719.25,17721,34,0,17708.46828
8/8/2023 20:43,17720.5,17720.75,17719,17720.25,29,0,17708.50461
8/8/2023 20:44,17720.5,17721.5,17719.75,17719.75,34,0,17708.54813
8/8/2023 20:45,17719.75,17722.5,17719.75,17722.5,44,0,17708.60991
8/8/2023 20:46,17722.5,17723,17720.5,17722,38,0,17708.66381
8/8/2023 20:47,17721.25,17721.25,17719.5,17719.75,31,0,17708.70194
8/8/2023 20:48,17720.25,17721.75,17720.25,17721.25,21,0,17708.72968
8/8/2023 20:49,17721.75,17723.5,17721.75,17722.25,42,0,17708.7911
8/8/2023 20:50,17721.25,17721.25,17719,17719.75,41,0,17708.8397
8/8/2023 20:51,17720.5,17723,17720.25,17721.75,33,0,17708.8843
8/8/2023 20:52,17721.75,17721.75,17720,17720.5,26,0,17708.91672
8/8/2023 20:53,17720.25,17720.5,17719.5,17720.25,22,0,17708.94248
8/8/2023 20:54,17720,17720.75,17719.5,17720.5,14,0,17708.95905
8/8/2023 20:55,17720.25,17720.75,17719.75,17720.25,25,0,17708.98852
8/8/2023 20:56,17719.25,17720.5,17719,17720,38,0,17709.03138
8/8/2023 20:57,17720,17721,17717,17718.25,106,0,17709.13736
8/8/2023 20:58,17718.25,17720.5,17718.25,17720,38,0,17709.17803
8/8/2023 20:59,17720.5,17722.75,17720.5,17721.75,79,0,17709.27832
8/8/2023 21:00,17721.25,17722.25,17719.25,17720.25,67,0,17709.35479
8/8/2023 21:01,17720.5,17722,17719,17720.25,62,0,17709.4236
8/8/2023 21:02,17720.25,17721.25,17718.25,17719.25,42,0,17709.46623
8/8/2023 21:03,17718.75,17719,17717.5,17718.5,45,0,17709.50592
8/8/2023 21:04,17719,17721.75,17719,17721.25,88,0,17709.60276
8/8/2023 21:05,17721.25,17724,17721.25,17722,65,0,17709.68436
8/8/2023 21:06,17721.5,17725,17720.5,17722,84,0,17709.78897
8/8/2023 21:07,17722.25,17724.25,17721,17721.75,97,0,17709.9061
8/8/2023 21:08,17721.25,17721.25,17720,17720.25,52,0,17709.95887
8/8/2023 21:09,17719.75,17720.75,17718.25,17720.5,84,0,17710.03768
8/8/2023 21:10,17720.5,17722,17720.25,17721,53,0,17710.09303
8/8/2023 21:11,17721,17723.25,17721,17722.75,49,0,17710.14948
8/8/2023 21:12,17722.75,17731,17722.5,17730.5,247,0,17710.55498
8/8/2023 21:13,17731,17731,17726.25,17729.25,147,0,17710.79881
8/8/2023 21:14,17729.75,17729.75,17726.5,17728.25,67,0,17710.90376
8/8/2023 21:15,17727.25,17731.25,17727.25,17729.25,136,0,17711.12608
8/8/2023 21:16,17729,17734,17727.25,17732,250,0,17711.56095
8/8/2023 21:17,17731.25,17734,17731,17731.75,132,0,17711.79628
8/8/2023 21:18,17732.25,17732.75,17728.25,17729,109,0,17711.96567
8/8/2023 21:19,17729,17729,17726,17726.75,109,0,17712.10658
8/8/2023 21:20,17726.25,17728,17725.25,17727.5,91,0,17712.2197
8/8/2023 21:21,17728.25,17729.5,17728,17729.5,117,0,17712.38289
8/8/2023 21:22,17729,17730.5,17727.25,17728,58,0,17712.46061
8/8/2023 21:23,17728,17728.25,17726.75,17727.75,24,0,17712.49057
8/8/2023 21:24,17727.25,17729.75,17726.25,17729.75,69,0,17712.58173
8/8/2023 21:25,17729.5,17730,17728.25,17728.5,57,0,17712.6578
8/8/2023 21:26,17729,17729.75,17728.75,17729,43,0,17712.7156
8/8/2023 21:27,17729,17730.25,17729,17729.5,64,0,17712.80304
8/8/2023 21:28,17729.5,17731,17729.25,17729.25,63,0,17712.8895
8/8/2023 21:29,17728.75,17730.5,17728.75,17729.5,27,0,17712.92575
8/8/2023 21:30,17730,17731.25,17730,17731.25,41,0,17712.98459
8/8/2023 21:31,17731.5,17732.5,17727.25,17728.75,144,0,17713.17303
8/8/2023 21:32,17729.5,17730.75,17727.75,17729.5,83,0,17713.27861
8/8/2023 21:33,17730,17730.75,17727,17728.5,55,0,17713.3453
8/8/2023 21:34,17728.25,17730.75,17727.25,17728.5,50,0,17713.40576
8/8/2023 21:35,17728.25,17732.25,17727.25,17732,75,0,17713.50526
8/8/2023 21:36,17731.75,17735.25,17729,17729,221,0,17713.8017
8/8/2023 21:37,17729.5,17730.25,17727.25,17728.25,72,0,17713.88247
8/8/2023 21:38,17727.75,17730.75,17727.25,17730.75,47,0,17713.93827
8/8/2023 21:39,17731,17735,17731,17733.5,92,0,17714.07112
8/8/2023 21:40,17733.25,17733.25,17729.5,17730,55,0,17714.14041
8/8/2023 21:41,17729.75,17732,17728.5,17730.75,239,0,17714.42623
8/8/2023 21:42,17730.5,17734,17729.75,17732.75,114,0,17714.57359
8/8/2023 21:43,17732.75,17737.5,17731.25,17735.75,177,0,17714.83156
8/8/2023 21:44,17735.75,17737.75,17734,17736.25,80,0,17714.95269
8/8/2023 21:45,17735.75,17738.25,17735,17737.25,110,0,17715.12349
8/8/2023 21:46,17737.5,17737.75,17733.25,17734.5,195,0,17715.39708
8/8/2023 21:47,17734.75,17736.25,17733.5,17735.75,83,0,17715.51127
8/8/2023 21:48,17736.75,17738.5,17736.25,17737.5,119,0,17715.6912
8/8/2023 21:49,17738,17739,17735.5,17739,122,0,17715.8761
8/8/2023 21:50,17739.25,17740.5,17737.5,17740.5,143,0,17716.10508
8/8/2023 21:51,17740.25,17743.25,17740.25,17740.5,223,0,17716.48074
8/8/2023 21:52,17741,17743.25,17740,17741.75,116,0,17716.67433
8/8/2023 21:53,17742,17742.75,17739.25,17739.25,83,0,17716.80418
8/8/2023 21:54,17738.75,17740,17738.25,17739,46,0,17716.87152
8/8/2023 21:55,17739,17739,17737.25,17737.75,129,0,17717.04908
8/8/2023 21:56,17737.5,17737.75,17734,17735.75,170,0,17717.25483
8/8/2023 21:57,17735.25,17735.5,17733.25,17734,73,0,17717.3344
8/8/2023 21:58,17733.75,17734.5,17731.75,17732.75,75,0,17717.40939
8/8/2023 21:59,17732.25,17732.5,17729.5,17730.5,97,0,17717.49198
8/8/2023 22:00,17729.75,17731.75,17729.25,17731.25,106,0,17717.58053
8/8/2023 22:01,17731.25,17735,17730.25,17734.5,158,0,17717.73499
8/8/2023 22:02,17734.25,17735.5,17734,17735,50,0,17717.78816
8/8/2023 22:03,17734,17734.75,17732.5,17733.75,51,0,17717.83836
8/8/2023 22:04,17733.25,17733.25,17730,17730.75,77,0,17717.90248
8/8/2023 22:05,17730.5,17734.75,17730.5,17734.75,34,0,17717.93478
8/8/2023 22:06,17734.25,17735,17732.75,17733,70,0,17718.00194
8/8/2023 22:07,17733,17736.75,17733,17736,84,0,17718.09031
8/8/2023 22:08,17736.25,17737.75,17735.25,17735.25,52,0,17718.1472
8/8/2023 22:09,17735.25,17735.25,17731.75,17732,59,0,17718.20029
8/8/2023 22:10,17732.5,17734.5,17732.5,17733,44,0,17718.24052
8/8/2023 22:11,17732.75,17734.25,17732.5,17734.25,37,0,17718.27493
8/8/2023 22:12,17734,17734.5,17731.25,17732.25,61,0,17718.32766
8/8/2023 22:13,17731.75,17732.5,17728.25,17730.25,233,0,17718.49337
8/8/2023 22:14,17730,17730.25,17728,17729.25,80,0,17718.54371
8/8/2023 22:15,17728.5,17729.5,17725,17725.5,132,0,17718.60644
8/8/2023 22:16,17725.75,17728,17722.25,17722.75,208,0,17718.67529
8/8/2023 22:17,17723.25,17726.75,17723,17724.25,130,0,17718.71998
8/8/2023 22:18,17724,17729.25,17724,17728.25,76,0,17718.75664
8/8/2023 22:19,17728.25,17731.75,17728.25,17730.25,108,0,17718.82609
8/8/2023 22:20,17731,17733.25,17731,17733,111,0,17718.91119
8/8/2023 22:21,17732.5,17733,17731.5,17732.5,59,0,17718.95572
8/8/2023 22:22,17732.25,17732.25,17728.75,17730,61,0,17718.99461
8/8/2023 22:23,17729.75,17731.25,17729.25,17729.25,35,0,17719.01599
8/8/2023 22:24,17729,17729,17727.25,17727.75,60,0,17719.04604
8/8/2023 22:25,17728.25,17729.25,17726.5,17726.75,73,0,17719.08029
8/8/2023 22:26,17726.25,17727,17722,17722.5,143,0,17719.11773
8/8/2023 22:27,17722.25,17724.5,17720.25,17722.75,147,0,17719.14489
8/8/2023 22:28,17722.75,17725.5,17722.5,17724.5,41,0,17719.15611
8/8/2023 22:29,17725.25,17727.25,17723.5,17724.5,87,0,17719.18409
8/8/2023 22:30,17724.25,17726.25,17723.75,17724.25,51,0,17719.19945
8/8/2023 22:31,17724.25,17726,17723.25,17725.5,54,0,17719.2161
8/8/2023 22:32,17725.5,17726,17725.25,17725.75,14,0,17719.22097
8/8/2023 22:33,17725.75,17727.25,17725.5,17726,68,0,17719.24664
8/8/2023 22:34,17726.25,17728.75,17726,17728.25,54,0,17719.27099
8/8/2023 22:35,17728.5,17730,17727.5,17728.25,74,0,17719.30775
8/8/2023 22:36,17728.75,17729.75,17727.75,17728.25,48,0,17719.33144
8/8/2023 22:37,17728.75,17729.75,17728,17728.75,37,0,17719.35011
8/8/2023 22:38,17729.5,17730.75,17728.75,17730.5,51,0,17719.37887
8/8/2023 22:39,17730,17732.5,17730,17730.25,78,0,17719.42634
8/8/2023 22:40,17730.5,17730.75,17729.75,17730.25,23,0,17719.43945
8/8/2023 22:41,17730,17730,17727.75,17727.75,46,0,17719.46135
8/8/2023 22:42,17728.75,17730,17728.25,17730,36,0,17719.48015
8/8/2023 22:43,17729.75,17729.75,17727,17728,40,0,17719.49851
8/8/2023 22:44,17727.75,17730,17727.5,17728.5,44,0,17719.51957
8/8/2023 22:45,17728,17729.5,17727.5,17728.25,51,0,17719.54321
8/8/2023 22:46,17728.5,17729,17727.25,17728.5,23,0,17719.55362
8/8/2023 22:47,17728.5,17729.5,17725.75,17726.5,89,0,17719.58909
8/8/2023 22:48,17727,17727.75,17725.75,17726.5,41,0,17719.60408
8/8/2023 22:49,17726.5,17728.75,17726.5,17728.25,45,0,17719.62317
8/8/2023 22:50,17728.5,17729.75,17727.5,17728.5,78,0,17719.65906
8/8/2023 22:51,17729,17730.25,17728.75,17730.25,43,0,17719.68128
8/8/2023 22:52,17730.25,17732.5,17730.25,17731.75,95,0,17719.73852
8/8/2023 22:53,17732,17735.75,17732,17734.5,132,0,17719.83441
8/8/2023 22:54,17734.25,17735.25,17733.25,17734.75,83,0,17719.89545
8/8/2023 22:55,17735,17736.5,17735,17736,91,0,17719.96825
8/8/2023 22:56,17735.5,17737.25,17735,17736.5,89,0,17720.04067
8/8/2023 22:57,17736.75,17738,17735.5,17737.75,98,0,17720.12373
8/8/2023 22:58,17738,17738.75,17735.75,17736.25,48,0,17720.16372
8/8/2023 22:59,17736.75,17738.75,17736.75,17738,33,0,17720.1926
8/8/2023 23:00,17738.5,17738.5,17736.25,17737.25,59,0,17720.24255
8/8/2023 23:01,17738,17738.5,17734.25,17735,95,0,17720.31575
8/8/2023 23:02,17735.25,17736.5,17733.5,17736.5,67,0,17720.36559
8/8/2023 23:03,17736,17736.75,17735.25,17736.5,36,0,17720.39341
8/8/2023 23:04,17736.25,17737.75,17735.75,17736.75,32,0,17720.41897
8/8/2023 23:05,17737,17739,17737,17738,53,0,17720.46436
8/8/2023 23:06,17737.25,17737.5,17735.25,17735.25,32,0,17720.48854
8/8/2023 23:07,17735,17735,17733,17733.25,52,0,17720.52199
8/8/2023 23:08,17733.75,17734,17732.75,17733.75,39,0,17720.54649
8/8/2023 23:09,17734.5,17735.5,17731.5,17732.75,43,0,17720.57288
8/8/2023 23:10,17732.75,17732.75,17731,17731.75,28,0,17720.5881
8/8/2023 23:11,17731.75,17732,17730.25,17731,62,0,17720.6194
8/8/2023 23:12,17730.75,17731.5,17729.75,17730.25,41,0,17720.63885
8/8/2023 23:13,17730.5,17731.75,17730.25,17731.5,32,0,17720.655
8/8/2023 23:14,17731.5,17732.25,17731.25,17732,37,0,17720.67479
8/8/2023 23:15,17732,17734,17732,17734,50,0,17720.70501
8/8/2023 23:16,17733.75,17734.25,17727.75,17728.75,126,0,17720.76208
8/8/2023 23:17,17728.5,17729.75,17728.5,17728.75,61,0,17720.78586
8/8/2023 23:18,17729.5,17732,17729.5,17731.75,49,0,17720.80968
8/8/2023 23:19,17732,17732.5,17730.25,17730.75,97,0,17720.85689
8/8/2023 23:20,17731.75,17731.75,17729,17729.75,34,0,17720.87174
8/8/2023 23:21,17730.25,17731.25,17729.75,17730,21,0,17720.88105
8/8/2023 23:22,17729.75,17730.25,17728.5,17728.5,30,0,17720.89257
8/8/2023 23:23,17728.75,17730.5,17728.5,17728.5,34,0,17720.90572
8/8/2023 23:24,17728.75,17729.75,17728.25,17728.5,25,0,17720.91497
8/8/2023 23:25,17728.5,17728.5,17726.75,17727.5,32,0,17720.92491
8/8/2023 23:26,17727.75,17728.75,17727,17727.75,77,0,17720.94962
8/8/2023 23:27,17727.75,17728.25,17726.25,17726.75,35,0,17720.95957
8/8/2023 23:28,17726.25,17727,17726,17727,25,0,17720.96618
8/8/2023 23:29,17727,17727.75,17726.5,17727,47,0,17720.97946
8/8/2023 23:30,17726.75,17727,17725.75,17726.25,37,0,17720.9886
8/8/2023 23:31,17726.5,17727.25,17725.75,17726.5,43,0,17720.99951
8/8/2023 23:32,17726.5,17726.75,17725.25,17726.5,39,0,17721.00877
8/8/2023 23:33,17726,17726,17723.25,17723.75,108,0,17721.02519
8/8/2023 23:34,17724.25,17724.25,17722,17722,54,0,17721.02944
8/8/2023 23:35,17722.25,17723.75,17722.25,17723.25,63,0,17721.03533
8/8/2023 23:36,17723.75,17724.75,17723.75,17724.75,25,0,17721.03917
8/8/2023 23:37,17724.25,17725.25,17723.75,17724,31,0,17721.0438
8/8/2023 23:38,17724,17724.25,17723.75,17724.25,13,0,17721.04559
8/8/2023 23:39,17724,17724,17723.25,17723.25,16,0,17721.04737
8/8/2023 23:40,17723.25,17724.5,17722.25,17724.25,64,0,17721.05495
8/8/2023 23:41,17724.25,17727,17724,17726.5,99,0,17721.07623
8/8/2023 23:42,17726,17726.5,17723.75,17724.75,60,0,17721.08679
8/8/2023 23:43,17725,17725.5,17723.5,17724,29,0,17721.09101
8/8/2023 23:44,17724,17724,17723.25,17723.5,23,0,17721.09357
8/8/2023 23:45,17723.25,17724,17722.25,17723.75,29,0,17721.09647
8/8/2023 23:46,17724,17725,17723.5,17724.75,41,0,17721.10255
8/8/2023 23:47,17725.25,17725.25,17724.25,17724.75,18,0,17721.10547
8/8/2023 23:48,17724,17724.5,17722.5,17722.75,96,0,17721.11461
8/8/2023 23:49,17722.5,17722.5,17721.25,17721.75,67,0,17721.11674
8/8/2023 23:50,17721.75,17722,17718.75,17718.75,108,0,17721.11064
8/8/2023 23:51,17719.25,17721.25,17719,17720,75,0,17721.10726
8/8/2023 23:52,17720.5,17720.75,17719.25,17719.5,62,0,17721.1038
8/8/2023 23:53,17719.75,17720.75,17719.75,17720.25,26,0,17721.10283
8/8/2023 23:54,17720.5,17720.75,17719,17720.5,87,0,17721.09896
8/8/2023 23:55,17719.5,17721.25,17719.5,17720.5,39,0,17721.09781
8/8/2023 23:56,17720.25,17721.5,17720,17721.25,44,0,17721.09746
8/8/2023 23:57,17721.75,17723,17721.5,17722,55,0,17721.10001
8/8/2023 23:58,17722.25,17722.75,17722,17722.5,25,0,17721.10143
8/8/2023 23:59,17722.75,17723.5,17722.5,17723.5,24,0,17721.10357
8/9/2023 0:00,17723.75,17724.25,17722,17722,67,0,17721.10833
8/9/2023 0:01,17722.25,17724.5,17721.75,17723.5,59,0,17721.11376
8/9/2023 0:02,17723.25,17724,17722.5,17722.75,25,0,17721.11587
8/9/2023 0:03,17722.5,17722.5,17721.75,17722,24,0,17721.11687
8/9/2023 0:04,17722.25,17723.25,17722.25,17722.25,21,0,17721.11819
8/9/2023 0:05,17722.25,17723,17721.75,17722.75,28,0,17721.11984
8/9/2023 0:06,17723.5,17726.25,17723.5,17726.25,71,0,17721.13261
8/9/2023 0:07,17726.75,17728.5,17725.75,17727.75,146,0,17721.171
8/9/2023 0:08,17727.5,17727.75,17726.5,17727,32,0,17721.17901
8/9/2023 0:09,17726.75,17727.25,17725.75,17726.75,50,0,17721.19043
8/9/2023 0:10,17726.75,17727.75,17726.75,17727.75,15,0,17721.19438
8/9/2023 0:11,17728,17728,17725.75,17725.75,47,0,17721.20489
8/9/2023 0:12,17725.25,17725.25,17724,17724.25,44,0,17721.21099
8/9/2023 0:13,17724.25,17724.75,17724.25,17724.75,10,0,17721.2124
8/9/2023 0:14,17724.5,17724.5,17722.75,17723.5,45,0,17721.21688
8/9/2023 0:15,17723.5,17724,17723.25,17723.75,19,0,17721.21883
8/9/2023 0:16,17723.75,17724.75,17723.75,17724.25,26,0,17721.22214
8/9/2023 0:17,17724,17724.5,17724,17724.5,5,0,17721.22279
8/9/2023 0:18,17724.75,17725,17724,17724,26,0,17721.22617
8/9/2023 0:19,17723.75,17724,17721.75,17722.5,47,0,17721.22916
8/9/2023 0:20,17722.25,17723.25,17722,17722.5,59,0,17721.23249
8/9/2023 0:21,17722.75,17724,17722.75,17723.5,27,0,17721.23494
8/9/2023 0:22,17722.75,17723.5,17722.25,17722.25,21,0,17721.23619
8/9/2023 0:23,17722.5,17724,17722.5,17723,18,0,17721.23764
8/9/2023 0:24,17722.75,17723.25,17721,17721,40,0,17721.23849
8/9/2023 0:25,17721.5,17721.75,17719.25,17719.75,58,0,17721.23612
8/9/2023 0:26,17719.75,17720.25,17719,17719.5,47,0,17721.23291
8/9/2023 0:27,17719,17719.5,17718.25,17718.5,62,0,17721.22657
8/9/2023 0:28,17718.25,17718.75,17717.75,17718.5,92,0,17721.21565
8/9/2023 0:29,17718.5,17719.5,17717.75,17719.5,50,0,17721.21094
8/9/2023 0:30,17719,17720.5,17719,17720.5,37,0,17721.20911
8/9/2023 0:31,17720.5,17721.5,17720,17721,40,0,17721.20849
8/9/2023 0:32,17720.5,17720.5,17718.75,17719.5,20,0,17721.20717
8/9/2023 0:33,17720,17720.25,17719.25,17719.75,12,0,17721.20645
8/9/2023 0:34,17719.75,17719.75,17719.5,17719.75,6,0,17721.20608
8/9/2023 0:35,17720,17721.25,17720,17720.75,24,0,17721.20555
8/9/2023 0:36,17721,17722.75,17721,17722.5,28,0,17721.20655
8/9/2023 0:37,17723,17725,17723,17724,62,0,17721.21358
8/9/2023 0:38,17724.25,17725.25,17723,17725,46,0,17721.21954
8/9/2023 0:39,17724.75,17725.25,17724.75,17724.75,15,0,17721.22179
8/9/2023 0:40,17724.25,17726,17724.25,17725.75,36,0,17721.22777
8/9/2023 0:41,17725.75,17727.25,17725.75,17726.25,43,0,17721.23677
8/9/2023 0:42,17725.75,17726.75,17725.75,17726.75,22,0,17721.24136
8/9/2023 0:43,17726.25,17726.25,17725.25,17726,27,0,17721.24635
8/9/2023 0:44,17726,17727.75,17725.5,17727.25,38,0,17721.25489
8/9/2023 0:45,17727,17728,17726.25,17726.75,26,0,17721.26089
8/9/2023 0:46,17726.75,17727.25,17724.75,17726,98,0,17721.27946
8/9/2023 0:47,17725.5,17726,17725.25,17725.5,16,0,17721.28221
8/9/2023 0:48,17725.75,17726.25,17725.75,17726,18,0,17721.28561
8/9/2023 0:49,17726.25,17726.5,17725.75,17726,17,0,17721.28886
8/9/2023 0:50,17725.75,17726.5,17724.5,17726.5,39,0,17721.29593
8/9/2023 0:51,17726.75,17727.25,17725.5,17725.5,34,0,17721.3024
8/9/2023 0:52,17725.25,17726.75,17725.25,17726.75,34,0,17721.30909
8/9/2023 0:53,17726.75,17727.25,17725.75,17726.5,22,0,17721.31363
8/9/2023 0:54,17726.25,17727.25,17726.25,17727.25,9,0,17721.31563
8/9/2023 0:55,17726.25,17726.25,17725.75,17726,8,0,17721.31712
8/9/2023 0:56,17726,17727,17726,17727,13,0,17721.31987
8/9/2023 0:57,17726.75,17727.5,17726.25,17726.25,15,0,17721.32305
8/9/2023 0:58,17725.75,17726,17725.5,17726,21,0,17721.3268
8/9/2023 0:59,17725.75,17726.5,17724.75,17726,30,0,17721.33205
8/9/2023 1:00,17726.25,17729.25,17726,17728,111,0,17721.36011
8/9/2023 1:01,17728.25,17729.5,17727.25,17728.75,111,0,17721.3912
8/9/2023 1:02,17729,17730,17728.25,17729,61,0,17721.40955
8/9/2023 1:03,17729,17731.5,17728.5,17731,65,0,17721.43219
8/9/2023 1:04,17731.5,17732,17730.25,17730.75,53,0,17721.45194
8/9/2023 1:05,17730.75,17733.5,17729.75,17733.5,97,0,17721.49257
8/9/2023 1:06,17733.25,17734,17732.25,17732.5,67,0,17721.52219
8/9/2023 1:07,17732.5,17733.25,17732.25,17732.75,25,0,17721.53304
8/9/2023 1:08,17732.75,17732.75,17730.25,17732.25,52,0,17721.55354
8/9/2023 1:09,17731.75,17731.75,17730,17731,51,0,17721.57193
8/9/2023 1:10,17730.5,17731.25,17729.75,17730.75,42,0,17721.58648
8/9/2023 1:11,17730.25,17731.25,17730.25,17731,34,0,17721.59855
8/9/2023 1:12,17731,17733.75,17731,17733.5,78,0,17721.63185
8/9/2023 1:13,17733.25,17733.5,17732.25,17732.75,34,0,17721.64641
8/9/2023 1:14,17732.75,17732.75,17730.75,17731,23,0,17721.65506
8/9/2023 1:15,17731,17731.75,17730.5,17731.75,14,0,17721.66023
8/9/2023 1:16,17731.75,17735,17731.75,17734.75,63,0,17721.68944
8/9/2023 1:17,17734.75,17735.75,17734.25,17735.75,82,0,17721.73166
8/9/2023 1:18,17735.5,17736.25,17734.75,17735.75,84,0,17721.77569
8/9/2023 1:19,17736,17738,17735.75,17738,88,0,17721.82705
8/9/2023 1:20,17738,17740,17737.25,17739.75,128,0,17721.90957
8/9/2023 1:21,17739.75,17740,17738.5,17739.5,106,0,17721.97862
8/9/2023 1:22,17739.25,17739.75,17738.5,17739,36,0,17722.00161
8/9/2023 1:23,17738.5,17738.75,17736,17736,70,0,17722.04049
8/9/2023 1:24,17736,17736.25,17735.25,17735.5,25,0,17722.05317
8/9/2023 1:25,17735.75,17736.5,17734.75,17736.5,37,0,17722.07223
8/9/2023 1:26,17736,17736,17734.75,17735,39,0,17722.09129
8/9/2023 1:27,17735,17736,17734.25,17736,34,0,17722.10808
8/9/2023 1:28,17736,17736.5,17735.75,17736,38,0,17722.12773
8/9/2023 1:29,17735.75,17738.25,17735.25,17736.75,68,0,17722.16443
8/9/2023 1:30,17737.25,17737.75,17736,17736,36,0,17722.18357
8/9/2023 1:31,17735.75,17737.5,17735.75,17736.75,52,0,17722.21128
8/9/2023 1:32,17736.75,17737.5,17735.5,17735.75,28,0,17722.22572
8/9/2023 1:33,17735.25,17735.75,17734.25,17734.5,80,0,17722.26268
8/9/2023 1:34,17735,17735,17733,17733.5,71,0,17722.29271
8/9/2023 1:35,17733,17733.75,17731.5,17731.75,83,0,17722.32308
8/9/2023 1:36,17731.75,17732.25,17731,17731.5,66,0,17722.34529
8/9/2023 1:37,17731.5,17732.25,17730.5,17731.25,64,0,17722.36616
8/9/2023 1:38,17731.75,17733.25,17731.75,17733,39,0,17722.3807
8/9/2023 1:39,17732.5,17732.75,17730.5,17731.25,35,0,17722.39225
8/9/2023 1:40,17731,17731,17729.75,17730.25,32,0,17722.40143
8/9/2023 1:41,17730.5,17731.75,17730,17730.25,35,0,17722.41187
8/9/2023 1:42,17730.5,17731.75,17730.5,17731.25,18,0,17722.41755
8/9/2023 1:43,17731.25,17733,17731.25,17732.75,66,0,17722.44109
8/9/2023 1:44,17732.75,17733.75,17732.75,17733.5,46,0,17722.45909
8/9/2023 1:45,17733.25,17734.25,17732.5,17732.5,43,0,17722.47547
8/9/2023 1:46,17732.75,17733.5,17732.75,17733.5,15,0,17722.48126
8/9/2023 1:47,17733.25,17735.5,17732.75,17734.5,52,0,17722.50315
8/9/2023 1:48,17734.25,17736.5,17732.5,17736.5,107,0,17722.55144
8/9/2023 1:49,17736.5,17739.25,17736.5,17739,79,0,17722.59551
8/9/2023 1:50,17739,17739,17737.75,17738.5,37,0,17722.61629
8/9/2023 1:51,17739,17739.5,17738,17738,46,0,17722.64218
8/9/2023 1:52,17738,17746.5,17737.75,17745.5,345,0,17722.89105
8/9/2023 1:53,17745.5,17747.25,17741.5,17742.5,135,0,17722.98915
8/9/2023 1:54,17743,17743,17740.75,17740.75,53,0,17723.02327
8/9/2023 1:55,17741.5,17743,17741.5,17742.25,40,0,17723.04998
8/9/2023 1:56,17742.25,17742.25,17741.25,17741.25,23,0,17723.06477
8/9/2023 1:57,17741.25,17741.25,17739,17739.75,97,0,17723.12158
8/9/2023 1:58,17739.25,17739.25,17737.75,17737.75,45,0,17723.14509
8/9/2023 1:59,17737.75,17738,17736,17736,107,0,17723.19486
8/9/2023 2:00,17736,17738.5,17736,17737.75,158,0,17723.27174
8/9/2023 2:01,17737.25,17738,17732,17733,230,0,17723.35812
8/9/2023 2:02,17733,17734.5,17730.75,17733.5,150,0,17723.40654
8/9/2023 2:03,17733.5,17733.75,17730.75,17732.25,78,0,17723.42978
8/9/2023 2:04,17731.75,17734.25,17731.5,17733,60,0,17723.44892
8/9/2023 2:05,17733.25,17733.75,17731.25,17732.5,62,0,17723.46775
8/9/2023 2:06,17732.75,17738.25,17732.75,17738.25,142,0,17723.52914
8/9/2023 2:07,17738,17743.75,17738,17742.75,180,0,17723.63651
8/9/2023 2:08,17742.75,17743.25,17738,17738.75,155,0,17723.72027
8/9/2023 2:09,17738.5,17741.5,17738.5,17741,59,0,17723.75257
8/9/2023 2:10,17740.5,17741,17737.5,17739.75,78,0,17723.79274
8/9/2023 2:11,17740,17741.75,17739.25,17740,53,0,17723.8215
8/9/2023 2:12,17740.25,17740.25,17735.75,17736,73,0,17723.85379
8/9/2023 2:13,17736.5,17737.75,17736.25,17736.75,49,0,17723.87472
8/9/2023 2:14,17737.25,17738,17736.25,17737.5,25,0,17723.88564
8/9/2023 2:15,17737.75,17740.25,17736.75,17740,46,0,17723.90831
8/9/2023 2:16,17740,17740.25,17734.75,17734.75,82,0,17723.94211
8/9/2023 2:17,17734.5,17734.75,17731.75,17732.5,130,0,17723.98024
8/9/2023 2:18,17732.25,17734.75,17732.25,17734.5,45,0,17723.99458
8/9/2023 2:19,17734.75,17735.25,17733.5,17733.5,39,0,17724.00729
8/9/2023 2:20,17733.5,17733.5,17730.25,17732.5,64,0,17724.02395
8/9/2023 2:21,17731.5,17733.25,17730.75,17733.25,41,0,17724.03503
8/9/2023 2:22,17733.5,17735.75,17732.25,17734.5,86,0,17724.063
8/9/2023 2:23,17733.75,17733.75,17729.75,17730.25,65,0,17724.07796
8/9/2023 2:24,17730.25,17731.25,17728.25,17729.75,123,0,17724.10022
8/9/2023 2:25,17730.25,17732.5,17730,17731.5,102,0,17724.12368
8/9/2023 2:26,17732.25,17735.25,17732.25,17733.5,97,0,17724.15303
8/9/2023 2:27,17733.25,17733.25,17731.25,17733.25,42,0,17724.16424
8/9/2023 2:28,17733,17733,17729.5,17730,27,0,17724.16994
8/9/2023 2:29,17731,17733,17730.5,17733,36,0,17724.17904
8/9/2023 2:30,17732.25,17732.25,17729.5,17732.25,46,0,17724.18942
8/9/2023 2:31,17733,17735.5,17730,17730.25,110,0,17724.21615
8/9/2023 2:32,17730.5,17730.5,17726.5,17728.25,154,0,17724.23639
8/9/2023 2:33,17728.25,17731.25,17728.25,17730,45,0,17724.24427
8/9/2023 2:34,17730,17732,17730,17730.75,32,0,17724.25093
8/9/2023 2:35,17730,17731.75,17730,17731.5,24,0,17724.25605
8/9/2023 2:36,17730.75,17733.75,17730.75,17732.75,47,0,17724.26799
8/9/2023 2:37,17732.75,17735.75,17732.75,17733.25,74,0,17724.29018
8/9/2023 2:38,17733,17734.25,17732,17732.25,39,0,17724.30053
8/9/2023 2:39,17731.75,17734.25,17731.25,17734.25,35,0,17724.31024
8/9/2023 2:40,17734.25,17738.5,17734.25,17737.75,105,0,17724.35088
8/9/2023 2:41,17738.25,17743,17738.25,17740,221,0,17724.45987
8/9/2023 2:42,17739.75,17743.5,17739.25,17742.75,162,0,17724.54583
8/9/2023 2:43,17742.75,17746,17742.5,17743.75,135,0,17724.62607
8/9/2023 2:44,17743,17743,17741,17741.25,65,0,17724.65986
8/9/2023 2:45,17741.25,17743.5,17740.5,17743,72,0,17724.69841
8/9/2023 2:46,17743.5,17746,17741,17744.5,121,0,17724.76829
8/9/2023 2:47,17744.25,17745.5,17744,17745,68,0,17724.80939
8/9/2023 2:48,17745.75,17746,17742.5,17744,102,0,17724.86867
8/9/2023 2:49,17744,17744.75,17740.5,17741.75,82,0,17724.91157
8/9/2023 2:50,17742,17742.75,17739.75,17742,154,0,17724.98774
8/9/2023 2:51,17742,17742.75,17739.5,17742.75,91,0,17725.03288
8/9/2023 2:52,17742.25,17743,17740.5,17742,57,0,17725.0613
8/9/2023 2:53,17742.25,17743.5,17741.5,17743,74,0,17725.09989
8/9/2023 2:54,17743.25,17749.75,17743.25,17749.25,284,0,17725.28606
8/9/2023 2:55,17749.25,17752.25,17748,17749.5,280,0,17725.48699
8/9/2023 2:56,17749.75,17752.25,17748,17752.25,111,0,17725.56869
8/9/2023 2:57,17751.75,17756.75,17751.75,17754,242,0,17725.76827
8/9/2023 2:58,17754.75,17754.75,17751.75,17752.5,115,0,17725.85828
8/9/2023 2:59,17752.75,17753.25,17751.5,17752.5,54,0,17725.89944
8/9/2023 3:00,17752.5,17755.75,17750.5,17750.5,149,0,17726.01163
8/9/2023 3:01,17751.25,17759.25,17750.75,17752,636,0,17726.51121
8/9/2023 3:02,17752,17755,17748.25,17752.25,346,0,17726.75474
8/9/2023 3:03,17753.25,17761,17752.5,17760.75,293,0,17727.00782
8/9/2023 3:04,17760.75,17780.75,17760.75,17775.25,1353,0,17728.63482
8/9/2023 3:05,17774,17777.25,17769.25,17770,351,0,17729.0372
8/9/2023 3:06,17769.5,17769.75,17763.25,17765.5,371,0,17729.39644
8/9/2023 3:07,17765.75,17767.75,17764,17765,175,0,17729.56084
8/9/2023 3:08,17765,17765,17758.5,17758.5,261,0,17729.77018
8/9/2023 3:09,17758.75,17763.25,17757.25,17760.75,170,0,17729.90394
8/9/2023 3:10,17760.75,17764.25,17757.75,17764,162,0,17730.03687
8/9/2023 3:11,17764.75,17766.25,17762,17765.5,123,0,17730.14517
8/9/2023 3:12,17765.75,17766.5,17755.25,17756,216,0,17730.30452
8/9/2023 3:13,17755,17756.25,17749.25,17751,213,0,17730.42192
8/9/2023 3:14,17750.5,17752,17748.5,17750.25,145,0,17730.49414
8/9/2023 3:15,17749.5,17751,17746.75,17747.25,204,0,17730.58509
8/9/2023 3:16,17747.25,17750.25,17745.5,17747,220,0,17730.67804
8/9/2023 3:17,17747,17748.25,17741.25,17743.25,448,0,17730.82749
8/9/2023 3:18,17743.25,17745.25,17737,17743.25,361,0,17730.9243
8/9/2023 3:19,17743.5,17746,17741.25,17743,207,0,17730.98699
8/9/2023 3:20,17743,17745.75,17740,17745.25,157,0,17731.03506
8/9/2023 3:21,17745,17745.75,17737.5,17740,205,0,17731.08456
8/9/2023 3:22,17740.75,17741.25,17734.5,17739.5,263,0,17731.13061
8/9/2023 3:23,17739.75,17744.5,17738.25,17743.75,171,0,17731.1755
8/9/2023 3:24,17744,17748.25,17742.75,17747.75,153,0,17731.23015
8/9/2023 3:25,17747.5,17752.5,17747.25,17751.75,246,0,17731.34184
8/9/2023 3:26,17751.75,17752.75,17747,17747,172,0,17731.41277
8/9/2023 3:27,17747.25,17749.25,17742.75,17746.5,167,0,17731.47036
8/9/2023 3:28,17745.5,17750.25,17744.75,17749,108,0,17731.51198
8/9/2023 3:29,17748.75,17752.75,17748,17750.75,160,0,17731.58255
8/9/2023 3:30,17749.75,17756,17749.75,17755.25,220,0,17731.69482
8/9/2023 3:31,17755,17757.5,17753,17756.25,139,0,17731.77131
8/9/2023 3:32,17756.25,17759,17754,17756.5,147,0,17731.85477
8/9/2023 3:33,17756.75,17759.75,17753.75,17759.75,128,0,17731.93064
8/9/2023 3:34,17759.25,17759.75,17753.5,17753.75,142,0,17732.00754
8/9/2023 3:35,17754.25,17757.25,17753.5,17757.25,68,0,17732.04471
8/9/2023 3:36,17757.75,17759.5,17755.25,17757.25,131,0,17732.11996
8/9/2023 3:37,17756.75,17761.5,17756.5,17760,102,0,17732.18286
8/9/2023 3:38,17759.25,17760,17756,17758.75,58,0,17732.21707
8/9/2023 3:39,17759.25,17761.25,17754.5,17756.25,109,0,17732.27888
8/9/2023 3:40,17756.25,17758,17751.5,17753.75,330,0,17732.44258
8/9/2023 3:41,17753.75,17755.5,17751.25,17751.5,88,0,17732.48255
8/9/2023 3:42,17751.5,17753.5,17750.5,17753.25,88,0,17732.5217
8/9/2023 3:43,17753.75,17755.5,17752,17752.75,114,0,17732.57474
8/9/2023 3:44,17752.5,17756.5,17752,17753.5,242,0,17732.68955
8/9/2023 3:45,17753.5,17754.75,17751.5,17753,73,0,17732.72247
8/9/2023 3:46,17752,17754,17750.25,17753,86,0,17732.75984
8/9/2023 3:47,17753,17756.25,17753,17753.75,241,0,17732.87396
8/9/2023 3:48,17754.25,17755.25,17752.75,17755.25,81,0,17732.9122
8/9/2023 3:49,17755,17755,17751,17751.25,57,0,17732.93653
8/9/2023 3:50,17751.5,17752.75,17749,17752.75,85,0,17732.97099
8/9/2023 3:51,17753,17755.5,17752.5,17753.25,79,0,17733.00679
8/9/2023 3:52,17754,17754.25,17752.25,17754.25,50,0,17733.0292
8/9/2023 3:53,17754.25,17756.5,17754,17755.25,191,0,17733.12126
8/9/2023 3:54,17755.5,17755.5,17749.75,17750.75,164,0,17733.18818
8/9/2023 3:55,17751,17751,17747.25,17748,109,0,17733.22476
8/9/2023 3:56,17748,17750.75,17747.75,17750.5,48,0,17733.24176
8/9/2023 3:57,17751,17755.25,17751,17752,105,0,17733.28579
8/9/2023 3:58,17752.25,17754,17751.5,17753.5,40,0,17733.30272
8/9/2023 3:59,17754,17755.25,17751,17751.25,112,0,17733.34878
8/9/2023 4:00,17751.25,17753.25,17749.75,17749.75,47,0,17733.36645
8/9/2023 4:01,17750.25,17751.75,17747.5,17748,186,0,17733.42877
8/9/2023 4:02,17748.25,17751.75,17748.25,17751,69,0,17733.45359
8/9/2023 4:03,17751,17755,17750.25,17754.25,185,0,17733.53092
8/9/2023 4:04,17754.25,17755,17751.75,17753.5,221,0,17733.62366
8/9/2023 4:05,17754.25,17756.25,17752,17754.75,615,0,17733.88899
8/9/2023 4:06,17754.75,17755.5,17753.75,17755,202,0,17733.97641
8/9/2023 4:07,17754.75,17755.5,17751.25,17755.25,143,0,17734.03563
8/9/2023 4:08,17754.75,17755.25,17751.5,17751.75,147,0,17734.09261
8/9/2023 4:09,17751.75,17754.25,17750.25,17751.75,121,0,17734.13739
8/9/2023 4:10,17752.5,17754.75,17750.75,17751.75,500,0,17734.32348
8/9/2023 4:11,17751.75,17752,17749.25,17750,155,0,17734.37411
8/9/2023 4:12,17749.75,17752.25,17749.75,17750.5,136,0,17734.41941
8/9/2023 4:13,17750.75,17751.25,17745.5,17750.75,240,0,17734.49071
8/9/2023 4:14,17751.25,17753.25,17751.25,17751.5,265,0,17734.58367
8/9/2023 4:15,17751.25,17752.25,17749.75,17751.5,101,0,17734.61716
8/9/2023 4:16,17751.75,17753.25,17749.25,17749.25,511,0,17734.77865
8/9/2023 4:17,17749.5,17750.25,17746,17747.75,166,0,17734.82194
8/9/2023 4:18,17748.25,17749.75,17747.25,17747.5,135,0,17734.85739
8/9/2023 4:19,17748,17748.25,17744.25,17744.25,155,0,17734.89
8/9/2023 4:20,17743.75,17744.25,17741.5,17744,227,0,17734.92706
8/9/2023 4:21,17744.25,17747.25,17743.25,17746.25,153,0,17734.95881
8/9/2023 4:22,17746.5,17750.75,17746.5,17750,167,0,17735.00459
8/9/2023 4:23,17749.75,17751.75,17748.5,17751.75,142,0,17735.04763
8/9/2023 4:24,17752,17752.25,17750.5,17751,115,0,17735.08361
8/9/2023 4:25,17751,17761.25,17751,17759.75,491,0,17735.2926
8/9/2023 4:26,17759.75,17762,17758.5,17759.75,143,0,17735.36023
8/9/2023 4:27,17759.25,17762.25,17759.25,17761.75,90,0,17735.40432
8/9/2023 4:28,17761.75,17763.25,17760.5,17762.25,83,0,17735.4463
8/9/2023 4:29,17762.5,17763,17759.5,17760.25,84,0,17735.48692
8/9/2023 4:30,17760.25,17763.75,17760.25,17763.5,68,0,17735.52174
8/9/2023 4:31,17763.5,17764.75,17762,17764.25,123,0,17735.58723
8/9/2023 4:32,17763.5,17764.5,17761.5,17763,85,0,17735.63123
8/9/2023 4:33,17762.75,17763.75,17761.5,17763.75,43,0,17735.65344
8/9/2023 4:34,17764.25,17765.5,17763.25,17764.25,116,0,17735.71608
8/9/2023 4:35,17763.75,17767.75,17763.75,17767.5,129,0,17735.79027
8/9/2023 4:36,17767.75,17769.75,17767,17768.5,298,0,17735.97188
8/9/2023 4:37,17768.5,17771.5,17768.25,17770,211,0,17736.10514
8/9/2023 4:38,17770.25,17774.5,17770,17773.75,181,0,17736.22813
8/9/2023 4:39,17773.75,17773.75,17767.75,17769,162,0,17736.32978
8/9/2023 4:40,17769.25,17769.75,17767.25,17768.25,81,0,17736.37776
8/9/2023 4:41,17768.75,17770,17766.75,17767.25,96,0,17736.4337
8/9/2023 4:42,17767.5,17768.5,17766.25,17766.5,71,0,17736.47375
8/9/2023 4:43,17766.75,17768,17765.5,17767.25,75,0,17736.51571
8/9/2023 4:44,17767,17768.5,17766.25,17768.5,63,0,17736.55183
8/9/2023 4:45,17769,17769.5,17766.75,17767,50,0,17736.58044
8/9/2023 4:46,17766.75,17773,17764.75,17772,141,0,17736.66642
8/9/2023 4:47,17772.25,17773,17769.25,17770.5,121,0,17736.74206
8/9/2023 4:48,17771,17772.5,17770,17770,60,0,17736.77936
8/9/2023 4:49,17770.25,17773.25,17769.25,17772.75,72,0,17736.8252
8/9/2023 4:50,17773.5,17775.75,17771,17771.5,184,0,17736.94516
8/9/2023 4:51,17771.5,17772.75,17770.25,17771.25,96,0,17737.00511
8/9/2023 4:52,17771,17773.75,17771,17771.5,95,0,17737.06538
8/9/2023 4:53,17771,17771.75,17769.25,17770.25,113,0,17737.1334
8/9/2023 4:54,17770,17771.75,17768.5,17769.75,77,0,17737.17901
8/9/2023 4:55,17769.25,17770.5,17769,17769,46,0,17737.20578
8/9/2023 4:56,17769.75,17770,17768,17769.75,74,0,17737.24842
8/9/2023 4:57,17770,17771.75,17769.75,17770.25,57,0,17737.28256
8/9/2023 4:58,17771,17772.5,17770.25,17771,68,0,17737.32401
8/9/2023 4:59,17771,17771.75,17769.5,17769.5,43,0,17737.34939
8/9/2023 5:00,17769.75,17771.25,17769.75,17770.75,19,0,17737.36071
8/9/2023 5:01,17770.25,17770.5,17767.25,17770,88,0,17737.41093
8/9/2023 5:02,17769.5,17769.75,17766.75,17767,48,0,17737.43704
8/9/2023 5:03,17767.25,17770.25,17766.25,17768.25,186,0,17737.53917
8/9/2023 5:04,17768.75,17768.75,17766.75,17767,31,0,17737.55572
8/9/2023 5:05,17766.75,17767.25,17765,17765.5,116,0,17737.61419
8/9/2023 5:06,17765.25,17766.25,17764,17765.75,113,0,17737.66975
8/9/2023 5:07,17766.5,17767.5,17765.5,17766.75,70,0,17737.70561
8/9/2023 5:08,17766.25,17767.5,17765.25,17765.25,27,0,17737.71914
8/9/2023 5:09,17765.25,17768,17765.25,17767.25,59,0,17737.74953
8/9/2023 5:10,17767,17767.25,17766,17766.25,49,0,17737.77443
8/9/2023 5:11,17766,17766,17761.5,17761.5,118,0,17737.82693
8/9/2023 5:12,17761.25,17768.25,17759.25,17768.25,198,0,17737.92236
8/9/2023 5:13,17767.75,17771,17767.75,17770.5,92,0,17737.97374
8/9/2023 5:14,17770.75,17772.25,17768,17769,128,0,17738.04496
8/9/2023 5:15,17768.5,17768.75,17766.25,17768.25,85,0,17738.0891
8/9/2023 5:16,17767.75,17771.25,17767.25,17771,115,0,17738.15279
8/9/2023 5:17,17771,17771,17766.25,17766.75,110,0,17738.20997
8/9/2023 5:18,17766.5,17766.75,17761,17762,128,0,17738.26566
8/9/2023 5:19,17762,17762.75,17758.5,17759.5,185,0,17738.3361
8/9/2023 5:20,17759.25,17760.25,17758,17759.5,127,0,17738.382
8/9/2023 5:21,17759.25,17762.75,17759,17761.25,80,0,17738.41323
8/9/2023 5:22,17761.25,17761.75,17759.25,17760.25,47,0,17738.43106
8/9/2023 5:23,17760,17762.75,17760,17762.75,53,0,17738.45243
8/9/2023 5:24,17762.75,17766.25,17762.25,17765,148,0,17738.51867
8/9/2023 5:25,17765,17765,17762.75,17762.75,36,0,17738.53412
8/9/2023 5:26,17762.75,17764.25,17761,17762.5,55,0,17738.55681
8/9/2023 5:27,17762.5,17763,17761,17761.25,49,0,17738.57629
8/9/2023 5:28,17761,17762,17759.75,17761,74,0,17738.6046
8/9/2023 5:29,17761.25,17762.5,17758.5,17759,101,0,17738.64153
8/9/2023 5:30,17758.5,17762.25,17758.5,17760.75,71,0,17738.66803
8/9/2023 5:31,17760.75,17762.25,17758.75,17759.75,122,0,17738.71288
8/9/2023 5:32,17759.25,17761,17758.75,17759.75,59,0,17738.73409
8/9/2023 5:33,17759.75,17762,17758.75,17760,66,0,17738.75823
8/9/2023 5:34,17760.5,17762.25,17760,17761.75,31,0,17738.77012
8/9/2023 5:35,17761.25,17761.25,17759.5,17760.5,43,0,17738.78592
8/9/2023 5:36,17760.5,17761.5,17758.75,17759,71,0,17738.81116
8/9/2023 5:37,17758.5,17759.5,17755.25,17755.75,169,0,17738.86266
8/9/2023 5:38,17756,17758,17755,17755.5,95,0,17738.89041
8/9/2023 5:39,17756.25,17756.5,17752.75,17754.25,115,0,17738.92066
8/9/2023 5:40,17755,17757.5,17754.25,17757.25,84,0,17738.94527
8/9/2023 5:41,17756.5,17758,17755.75,17756,56,0,17738.96187
8/9/2023 5:42,17756.75,17759,17756.75,17758.25,58,0,17738.98041
8/9/2023 5:43,17758,17759.75,17757.25,17758.5,65,0,17739.0017
8/9/2023 5:44,17758.25,17759,17757.25,17758,33,0,17739.01226
8/9/2023 5:45,17758.25,17759.25,17757.25,17758.75,31,0,17739.02234
8/9/2023 5:46,17758.5,17759.25,17754.75,17755.5,85,0,17739.04719
8/9/2023 5:47,17755.25,17756.5,17754.25,17754.5,73,0,17739.06676
8/9/2023 5:48,17754.25,17754.25,17750.25,17751,166,0,17739.10208
8/9/2023 5:49,17750.75,17751,17749.5,17751,81,0,17739.11745
8/9/2023 5:50,17751.25,17751.5,17743.25,17744.25,382,0,17739.16303
8/9/2023 5:51,17744,17745.25,17741.5,17743.25,232,0,17739.17897
8/9/2023 5:52,17743.25,17747.75,17743.25,17747.25,98,0,17739.1901
8/9/2023 5:53,17746.5,17748.75,17746.25,17748,75,0,17739.20055
8/9/2023 5:54,17747.75,17750,17747.75,17749.25,103,0,17739.2171
8/9/2023 5:55,17749.5,17751.5,17748.75,17750,120,0,17739.23845
8/9/2023 5:56,17750.5,17751.75,17748.75,17749.25,74,0,17739.25137
8/9/2023 5:57,17748.75,17750.25,17747.25,17747.5,71,0,17739.2619
8/9/2023 5:58,17747,17750.75,17746.75,17750,60,0,17739.27159
8/9/2023 5:59,17749.75,17752,17749.75,17751.75,80,0,17739.28709
8/9/2023 6:00,17751.25,17751.25,17747.75,17749.75,71,0,17739.29899
8/9/2023 6:01,17748.75,17748.75,17745.25,17745.25,71,0,17739.30721
8/9/2023 6:02,17744.75,17749.5,17744.5,17749,90,0,17739.31942
8/9/2023 6:03,17748.25,17750.5,17748.25,17750.5,44,0,17739.32686
8/9/2023 6:04,17749.75,17751.25,17749.5,17750.25,50,0,17739.33578
8/9/2023 6:05,17749.5,17749.5,17746.25,17746.25,64,0,17739.34407
8/9/2023 6:06,17746.25,17748.75,17745.25,17748.25,64,0,17739.35242
8/9/2023 6:07,17748,17749.5,17748,17749.25,26,0,17739.35644
8/9/2023 6:08,17748.75,17750.5,17746.25,17750.5,79,0,17739.36885
8/9/2023 6:09,17750.5,17752.75,17750.25,17751,116,0,17739.39122
8/9/2023 6:10,17751.75,17752.25,17750.25,17752,45,0,17739.39999
8/9/2023 6:11,17752,17752.75,17749.5,17751,83,0,17739.41559
8/9/2023 6:12,17751,17751.25,17749.75,17751,50,0,17739.42463
8/9/2023 6:13,17750.75,17751,17748.5,17749,39,0,17739.43094
8/9/2023 6:14,17748.5,17748.75,17739.75,17740.75,246,0,17739.44531
8/9/2023 6:15,17740.5,17743,17737.75,17741.75,249,0,17739.45082
8/9/2023 6:16,17741.5,17744.25,17738,17744.25,133,0,17739.45656
8/9/2023 6:17,17743.75,17746.25,17743.25,17745.75,105,0,17739.46594
8/9/2023 6:18,17745.25,17745.5,17743,17744.5,57,0,17739.47034
8/9/2023 6:19,17744,17745,17742.5,17743.75,43,0,17739.47325
8/9/2023 6:20,17742.75,17744,17741.25,17743.75,32,0,17739.47504
8/9/2023 6:21,17743.5,17745,17741.25,17742.75,68,0,17739.47883
8/9/2023 6:22,17743.75,17746.75,17743.75,17746,75,0,17739.48597
8/9/2023 6:23,17746,17747.75,17745.5,17746.75,67,0,17739.49356
8/9/2023 6:24,17747,17748.5,17746.25,17747.75,53,0,17739.50026
8/9/2023 6:25,17747.5,17750.25,17747,17748.75,64,0,17739.5095
8/9/2023 6:26,17748.75,17751.25,17748.75,17750,83,0,17739.5232
8/9/2023 6:27,17750,17750.75,17747.75,17750,64,0,17739.53324
8/9/2023 6:28,17750.75,17751,17749.5,17750.75,30,0,17739.53837
8/9/2023 6:29,17750.75,17751.25,17747.75,17748,157,0,17739.56166
8/9/2023 6:30,17747.75,17750.75,17747.5,17750.25,63,0,17739.57146
8/9/2023 6:31,17750.5,17754.25,17750.5,17753.75,117,0,17739.59572
8/9/2023 6:32,17753.5,17755.5,17753.5,17753.5,95,0,17739.61732
8/9/2023 6:33,17753,17754.25,17752.5,17753.5,54,0,17739.62894
8/9/2023 6:34,17753.25,17753.75,17752.25,17752.25,71,0,17739.64345
8/9/2023 6:35,17752.25,17752.5,17749.25,17751,64,0,17739.65468
8/9/2023 6:36,17749.25,17752.25,17747,17748.25,97,0,17739.66902
8/9/2023 6:37,17748.25,17748.5,17744.5,17745.5,121,0,17739.68121
8/9/2023 6:38,17746.25,17748.75,17745,17748,49,0,17739.68696
8/9/2023 6:39,17747.75,17748,17744.5,17746.75,51,0,17739.69228
8/9/2023 6:40,17747,17747,17743.5,17743.5,60,0,17739.69689
8/9/2023 6:41,17744.5,17744.75,17740.75,17740.75,115,0,17739.70113
8/9/2023 6:42,17740.75,17741,17737.5,17739.75,130,0,17739.70056
8/9/2023 6:43,17740,17742.5,17738.75,17741.75,110,0,17739.70276
8/9/2023 6:44,17741.5,17741.75,17738.5,17740.25,77,0,17739.70331
8/9/2023 6:45,17740,17740.25,17734.5,17735.75,190,0,17739.69495
8/9/2023 6:46,17735.25,17735.75,17731.75,17733,212,0,17739.67489
8/9/2023 6:47,17732.75,17737,17732.25,17736,120,0,17739.66649
8/9/2023 6:48,17736,17738.75,17731.75,17732.25,204,0,17739.6497
8/9/2023 6:49,17731.75,17736,17731,17736,129,0,17739.6393
8/9/2023 6:50,17735.5,17736,17733,17734.75,60,0,17739.6347
8/9/2023 6:51,17734.5,17736.75,17734,17735.75,83,0,17739.6295
8/9/2023 6:52,17735.25,17736.25,17733.75,17736,61,0,17739.62554
8/9/2023 6:53,17735.75,17738.25,17735.25,17736.75,116,0,17739.62051
8/9/2023 6:54,17736.5,17739.75,17736.5,17739.25,111,0,17739.61863
8/9/2023 6:55,17738.75,17739.25,17734.5,17735.5,136,0,17739.61208
8/9/2023 6:56,17735.75,17738,17735.5,17737.25,77,0,17739.60897
8/9/2023 6:57,17736.75,17737.75,17734.25,17734.5,53,0,17739.6057
8/9/2023 6:58,17734,17736,17733.75,17735.25,47,0,17739.60245
8/9/2023 6:59,17735,17735.5,17733.25,17734,87,0,17739.59547
8/9/2023 7:00,17734,17734.25,17730,17731.75,142,0,17739.57935
8/9/2023 7:01,17732.25,17733.75,17731,17733,137,0,17739.56505
8/9/2023 7:02,17733.25,17736.5,17730.25,17730.75,337,0,17739.52971
8/9/2023 7:03,17731.25,17733.75,17720.75,17724.5,653,0,17739.40303
8/9/2023 7:04,17724.75,17727.5,17723.75,17726.25,200,0,17739.36325
8/9/2023 7:05,17726.5,17727,17721.25,17722.75,187,0,17739.32035
8/9/2023 7:06,17722.75,17727,17721.75,17725.25,246,0,17739.26784
8/9/2023 7:07,17725.25,17725.5,17721.5,17723.25,96,0,17739.24571
8/9/2023 7:08,17723.25,17725.75,17720,17720,191,0,17739.1977
8/9/2023 7:09,17720.25,17721.75,17719.75,17720.75,144,0,17739.15925
8/9/2023 7:10,17720.75,17724.75,17720.75,17724.75,126,0,17739.13059
8/9/2023 7:11,17724.75,17726.5,17724,17724.5,163,0,17739.09739
8/9/2023 7:12,17725.25,17725.5,17721,17723,145,0,17739.06417
8/9/2023 7:13,17723.5,17724.25,17721.25,17721.25,139,0,17739.03062
8/9/2023 7:14,17721.5,17722.25,17719.25,17720.25,152,0,17738.99045
8/9/2023 7:15,17720.75,17724.75,17720.75,17721.75,136,0,17738.95823
8/9/2023 7:16,17721.25,17722,17718.75,17721,107,0,17738.93016
8/9/2023 7:17,17721,17722.25,17720.25,17721,74,0,17738.91142
8/9/2023 7:18,17721.25,17721.75,17716.75,17719.25,274,0,17738.8349
8/9/2023 7:19,17719.5,17721,17719,17720,60,0,17738.81886
8/9/2023 7:20,17720,17720,17714.25,17715.25,274,0,17738.73241
8/9/2023 7:21,17714.75,17718.5,17713.75,17715.5,284,0,17738.64118
8/9/2023 7:22,17716,17721.25,17715.5,17720.5,188,0,17738.58954
8/9/2023 7:23,17720.5,17721.25,17716.75,17717.75,152,0,17738.54693
8/9/2023 7:24,17717.5,17718.75,17714.25,17717.75,210,0,17738.48346
8/9/2023 7:25,17717.5,17719,17715.25,17716.25,135,0,17738.4427
8/9/2023 7:26,17716,17718,17714.25,17717.25,114,0,17738.40788
8/9/2023 7:27,17717,17717,17713,17714.25,143,0,17738.36086
8/9/2023 7:28,17714.25,17716.25,17713.5,17715,53,0,17738.34361
8/9/2023 7:29,17715,17717.75,17713.75,17714.5,139,0,17738.29928
8/9/2023 7:30,17714.25,17716,17713.5,17714.75,83,0,17738.27223
8/9/2023 7:31,17714.75,17720,17711.5,17718.75,351,0,17738.16816
8/9/2023 7:32,17718.75,17720.5,17716,17720.25,137,0,17738.13189
8/9/2023 7:33,17720.5,17729.5,17719.75,17728.75,576,0,17738.03656
8/9/2023 7:34,17728.75,17730.25,17726.75,17730.25,125,0,17738.02132
8/9/2023 7:35,17730.25,17731.25,17728.5,17731,116,0,17738.00906
8/9/2023 7:36,17730.5,17736.5,17730.5,17732.75,411,0,17737.98262
8/9/2023 7:37,17732.25,17733,17731,17732.5,95,0,17737.97516
8/9/2023 7:38,17732.25,17733.25,17728.5,17729.75,146,0,17737.96045
8/9/2023 7:39,17729.5,17732.75,17729.5,17732.75,88,0,17737.95299
8/9/2023 7:40,17732.75,17735.5,17731.75,17732,173,0,17737.94168
8/9/2023 7:41,17732.5,17735.25,17731.5,17734.5,58,0,17737.93841
8/9/2023 7:42,17734.25,17736.5,17734,17735,87,0,17737.93518
8/9/2023 7:43,17734.75,17738.75,17734.75,17738,207,0,17737.93305
8/9/2023 7:44,17738,17741.5,17737.25,17739.25,279,0,17737.93826
8/9/2023 7:45,17738.75,17741.75,17736.5,17741.25,225,0,17737.94392
8/9/2023 7:46,17741,17743,17738.75,17739.75,187,0,17737.95025
8/9/2023 7:47,17739.5,17742.25,17739.5,17741,166,0,17737.95676
8/9/2023 7:48,17741,17746.75,17741,17745.5,344,0,17737.98599
8/9/2023 7:49,17744.75,17747.25,17743.5,17747.25,265,0,17738.01384
8/9/2023 7:50,17747.25,17749,17745.75,17746.5,211,0,17738.03886
8/9/2023 7:51,17746.5,17748.75,17745,17745.25,176,0,17738.0579
8/9/2023 7:52,17744.75,17750,17744.75,17749.5,175,0,17738.08073
8/9/2023 7:53,17749.25,17749.25,17747,17747.75,122,0,17738.09646
8/9/2023 7:54,17747.5,17748,17745,17745.75,109,0,17738.10799
8/9/2023 7:55,17745.5,17749.25,17745.5,17748.25,101,0,17738.1205
8/9/2023 7:56,17748.75,17751.75,17745.75,17747.25,204,0,17738.14721
8/9/2023 7:57,17747.5,17748.5,17744.75,17745.25,147,0,17738.16241
8/9/2023 7:58,17745.5,17747.25,17743.5,17745.5,140,0,17738.17549
8/9/2023 7:59,17745.75,17747,17743.5,17745.5,140,0,17738.18837
8/9/2023 8:00,17745,17747.25,17744.75,17746,106,0,17738.199
8/9/2023 8:01,17746.5,17747,17742.25,17744,240,0,17738.21809
8/9/2023 8:02,17744,17745.25,17742,17742.5,211,0,17738.23164
8/9/2023 8:03,17742.25,17743.25,17740.5,17743,241,0,17738.24397
8/9/2023 8:04,17743.25,17750,17743.25,17749.25,255,0,17738.2739
8/9/2023 8:05,17749.5,17753.75,17749.25,17752,293,0,17738.32348
8/9/2023 8:06,17751.5,17752.75,17748.5,17748.75,209,0,17738.35423
8/9/2023 8:07,17749,17754.25,17748.5,17752.75,196,0,17738.38744
8/9/2023 8:08,17753.25,17756,17751.75,17752.25,237,0,17738.43184
8/9/2023 8:09,17752,17753,17747.5,17747.75,193,0,17738.45834
8/9/2023 8:10,17747.5,17748.25,17743.25,17744,274,0,17738.48125
8/9/2023 8:11,17743.75,17747.5,17743.75,17745,138,0,17738.49315
8/9/2023 8:12,17745,17745,17743,17743.25,191,0,17738.50561
8/9/2023 8:13,17743,17745,17740.5,17742,243,0,17738.51762
8/9/2023 8:14,17741.75,17742.5,17735.25,17736.5,405,0,17738.51546
8/9/2023 8:15,17736.75,17737.75,17733.75,17736.75,241,0,17738.50826
8/9/2023 8:16,17737.25,17737.5,17732.25,17732.25,302,0,17738.49161
8/9/2023 8:17,17732.25,17733.5,17727,17728.25,449,0,17738.44297
8/9/2023 8:18,17728.5,17728.75,17722.75,17724.25,480,0,17738.3664
8/9/2023 8:19,17724,17728,17724,17726.25,296,0,17738.32259
8/9/2023 8:20,17726.5,17730.25,17726,17729.25,186,0,17738.30063
8/9/2023 8:21,17729.5,17729.5,17725.5,17726.75,266,0,17738.26541
8/9/2023 8:22,17725.75,17726,17723.5,17724,249,0,17738.22446
8/9/2023 8:23,17724.25,17725.75,17721.25,17724.5,356,0,17738.16351
8/9/2023 8:24,17724.75,17726.5,17722.5,17722.75,265,0,17738.11873
8/9/2023 8:25,17722.75,17726,17718.5,17725.25,444,0,17738.04085
8/9/2023 8:26,17724.5,17727.5,17724.25,17725,231,0,17738.00699
8/9/2023 8:27,17725.75,17729.5,17724.25,17729.25,306,0,17737.9699
8/9/2023 8:28,17729.25,17730.75,17726.75,17728,188,0,17737.94908
8/9/2023 8:29,17728.25,17729.75,17728.25,17728.25,70,0,17737.94155
8/9/2023 8:30,17728.5,17728.75,17723.5,17724.25,179,0,17737.91558
8/9/2023 8:31,17724,17729.75,17723,17728.75,260,0,17737.88308
8/9/2023 8:32,17728.5,17729.5,17725.75,17726.75,120,0,17737.86838
8/9/2023 8:33,17727,17730.5,17726,17728.5,165,0,17737.85015
8/9/2023 8:34,17729.25,17733.25,17729,17733,281,0,17737.83034
8/9/2023 8:35,17732.75,17740.75,17732.75,17740,554,0,17737.83036
8/9/2023 8:36,17740.25,17743.25,17739,17742.25,378,0,17737.84622
8/9/2023 8:37,17742.25,17745.75,17741.75,17744,329,0,17737.86864
8/9/2023 8:38,17744.5,17744.75,17740,17740.75,288,0,17737.8816
8/9/2023 8:39,17740.75,17744,17738.25,17743,366,0,17737.8976
8/9/2023 8:40,17742.75,17743.25,17737.5,17738.75,181,0,17737.90156
8/9/2023 8:41,17738.5,17739.5,17736.25,17738.25,174,0,17737.90175
8/9/2023 8:42,17738,17739.5,17736.25,17736.25,90,0,17737.90117
8/9/2023 8:43,17736,17737.5,17727,17728,421,0,17737.86787
8/9/2023 8:44,17728.25,17728.25,17722.5,17722.75,517,0,17737.79096
8/9/2023 8:45,17722.25,17723.5,17713.75,17714.75,563,0,17737.66359
8/9/2023 8:46,17715,17723.5,17714.5,17723.5,393,0,17737.58932
8/9/2023 8:47,17723.5,17726.75,17721.25,17725,339,0,17737.54003
8/9/2023 8:48,17724.75,17724.75,17718.75,17720.25,218,0,17737.50116
8/9/2023 8:49,17720.25,17726.25,17720.25,17723.75,308,0,17737.45385
8/9/2023 8:50,17723,17727,17723,17726.5,201,0,17737.4277
8/9/2023 8:51,17727,17727.25,17722.5,17723,166,0,17737.40394
8/9/2023 8:52,17723,17724.5,17720.25,17721,144,0,17737.37975
8/9/2023 8:53,17720.75,17723.75,17718.25,17723,252,0,17737.33691
8/9/2023 8:54,17723,17725.75,17722.75,17724.25,139,0,17737.31727
8/9/2023 8:55,17724,17724,17719.5,17723.25,211,0,17737.28301
8/9/2023 8:56,17723,17723,17716.5,17716.5,308,0,17737.22142
8/9/2023 8:57,17716.75,17720.75,17715.25,17716.5,242,0,17737.1703
8/9/2023 8:58,17716.25,17720.75,17716,17718.5,156,0,17737.13901
8/9/2023 8:59,17717.5,17718.25,17715,17716.5,190,0,17737.09732
8/9/2023 9:00,17717,17721.5,17717,17720.5,138,0,17737.07169
8/9/2023 9:01,17720.75,17721.25,17715.25,17716.5,363,0,17736.99691
8/9/2023 9:02,17716.75,17719.5,17714.75,17718.5,328,0,17736.92954
8/9/2023 9:03,17719,17724,17718.75,17721.75,292,0,17736.88202
8/9/2023 9:04,17722.5,17722.5,17718.25,17719.25,146,0,17736.85607
8/9/2023 9:05,17719.5,17723,17719,17721.75,137,0,17736.83359
8/9/2023 9:06,17722.5,17725,17719.25,17719.25,247,0,17736.793
8/9/2023 9:07,17719.25,17722.25,17717.5,17720.5,205,0,17736.75715
8/9/2023 9:08,17719.75,17721,17718.5,17719.25,80,0,17736.74278
8/9/2023 9:09,17719,17720.25,17718.25,17719.25,80,0,17736.72816
8/9/2023 9:10,17719.25,17723.75,17718.75,17723.25,149,0,17736.70514
8/9/2023 9:11,17723,17723.75,17720.25,17721.25,93,0,17736.69064
8/9/2023 9:12,17721.75,17722,17718.25,17719.25,139,0,17736.66626
8/9/2023 9:13,17719,17720,17715.5,17717.25,259,0,17736.61496
8/9/2023 9:14,17717.25,17719.75,17716.75,17716.75,159,0,17736.58388
8/9/2023 9:15,17716.25,17716.5,17710,17712.75,720,0,17736.40985
8/9/2023 9:16,17712.5,17719.75,17712.5,17717,347,0,17736.33875
8/9/2023 9:17,17717.75,17719.25,17715.25,17719.25,188,0,17736.30333
8/9/2023 9:18,17719.25,17720.25,17713.5,17713.5,221,0,17736.25697
8/9/2023 9:19,17714,17717.75,17714,17716.5,275,0,17736.20051
8/9/2023 9:20,17716.5,17722.5,17714.75,17720,523,0,17736.10989
8/9/2023 9:21,17719.5,17722.25,17716.75,17720.75,361,0,17736.05092
8/9/2023 9:22,17721,17724.5,17720.5,17721,306,0,17736.00769
8/9/2023 9:23,17721.25,17722.5,17716.5,17718.5,249,0,17735.96563
8/9/2023 9:24,17718.75,17721.5,17717.25,17720.25,244,0,17735.92584
8/9/2023 9:25,17720.75,17721.5,17718.75,17718.75,146,0,17735.90212
8/9/2023 9:26,17719,17719,17713.25,17715.5,505,0,17735.80179
8/9/2023 9:27,17715.25,17716,17712.75,17714.75,148,0,17735.7705
8/9/2023 9:28,17714.25,17715.5,17708.5,17710.25,402,0,17735.6737
8/9/2023 9:29,17711,17715.5,17709.5,17713.5,318,0,17735.60211
8/9/2023 9:30,17713.75,17713.75,17704.25,17710.75,1095,0,17735.32431
8/9/2023 9:31,17710.25,17715.25,17696.25,17699.25,3924,17703.58333,17734.15461
8/9/2023 9:32,17699.5,17716.75,17697,17700.5,3712,17704.15047,17733.16407
8/9/2023 9:33,17700.75,17701,17684.75,17690.5,4013,17699.99343,17731.72057
8/9/2023 9:34,17690.5,17706.25,17689.5,17701,2752,17699.78766,17730.9487
8/9/2023 9:35,17701,17714.25,17697.5,17702.5,2413,17700.49981,17730.41911
8/9/2023 9:36,17702.25,17703.5,17685.5,17687,3057,17699.19218,17729.45979
8/9/2023 9:37,17687.25,17694.25,17686.5,17688.25,2063,17698.29626,17728.80036
8/9/2023 9:38,17688,17690.75,17675.25,17678.25,2825,17696.3703,17727.74897
8/9/2023 9:39,17677.5,17678.25,17664.75,17668,2910,17693.63194,17726.46597
8/9/2023 9:40,17667.75,17669,17656.25,17659,2823,17690.6494,17725.08577
8/9/2023 9:41,17659.25,17666.75,17647.75,17663.25,4203,17686.84563,17723.06972
8/9/2023 9:42,17663,17671.25,17658.75,17661.75,2412,17685.35522,17722.04814
8/9/2023 9:43,17662,17671.75,17662,17664.5,1940,17684.39772,17721.28141
8/9/2023 9:44,17664.75,17664.75,17644.5,17645.75,3423,17681.75966,17719.63833
8/9/2023 9:45,17645.5,17646,17629.5,17643.75,4220,17677.96269,17717.37947
8/9/2023 9:46,17643.25,17646,17632,17645.75,2854,17675.84784,17715.95099
8/9/2023 9:47,17645.25,17651.75,17637.25,17646,2668,17674.27154,17714.72789
8/9/2023 9:48,17646.5,17648.25,17639,17645.75,1571,17673.39704,17714.02052
8/9/2023 9:49,17645.5,17653.5,17639.25,17643,2067,17672.35532,17713.12316
8/9/2023 9:50,17642.75,17642.75,17630.75,17636.5,1818,17671.23023,17712.25564
8/9/2023 9:51,17636.25,17645.5,17617.25,17621.25,3716,17668.6132,17710.34585
8/9/2023 9:52,17620.75,17626.25,17613.75,17624.75,3025,17666.40442,17708.73769
8/9/2023 9:53,17624.75,17632,17612,17616.5,2808,17664.47283,17707.27276
8/9/2023 9:54,17616.5,17627,17614.75,17626.5,1757,17663.41001,17706.40699
8/9/2023 9:55,17626.5,17629.25,17621.25,17626.5,1239,17662.74398,17705.82797
8/9/2023 9:56,17625.75,17630.5,17623.5,17625.75,1502,17661.98663,17705.14499
8/9/2023 9:57,17626,17634.75,17622.5,17629.25,1867,17661.14543,17704.33611
8/9/2023 9:58,17630.25,17640.5,17628.75,17637.5,1744,17660.5536,17703.66205
8/9/2023 9:59,17637.75,17638.5,17628.25,17631.25,1318,17660.07405,17703.13989
8/9/2023 10:00,17631.25,17634.25,17626.25,17627.5,1191,17659.60366,17702.65259
8/9/2023 10:01,17627.75,17642.5,17623.75,17642.25,2173,17658.96712,17701.86124
8/9/2023 10:02,17642.5,17650.5,17641,17646.75,2471,17658.58113,17701.11637
8/9/2023 10:03,17646.5,17648.25,17635.5,17637,1550,17658.243,17700.61074
8/9/2023 10:04,17636.5,17640.5,17633.5,17637.5,1089,17657.97335,17700.2426
8/9/2023 10:05,17637.25,17643,17635.75,17638.5,958,17657.76311,17699.932
8/9/2023 10:06,17638.5,17645.5,17630,17630.5,1558,17657.36434,17699.40282
8/9/2023 10:07,17631.25,17639.5,17625.25,17631.75,1686,17656.88871,17698.81202
8/9/2023 10:08,17631.75,17632.25,17625.5,17628.75,930,17656.59961,17698.47448
8/9/2023 10:09,17628.5,17630.5,17618.5,17623.25,1545,17656.05232,17697.88311
8/9/2023 10:10,17623.5,17632.25,17620.25,17626.75,1589,17655.54805,17697.30355
8/9/2023 10:11,17627.5,17641.5,17626,17641,1642,17655.21315,17696.79548
8/9/2023 10:12,17641,17643.25,17633.75,17634.25,1091,17655.00736,17696.46757
8/9/2023 10:13,17633.25,17648.5,17632.5,17643.25,1543,17654.79264,17696.04331
8/9/2023 10:14,17642.75,17643.25,17630.5,17638,1228,17654.57479,17695.68491
8/9/2023 10:15,17637.75,17644.75,17632.75,17644.5,891,17654.45059,17695.44264
8/9/2023 10:16,17644.75,17645.5,17639,17642.5,1005,17654.32976,17695.18015
8/9/2023 10:17,17642.25,17646.5,17632,17632.75,1169,17654.13201,17694.84806
8/9/2023 10:18,17632.5,17635.75,17629,17635,1143,17653.9005,17694.5057
8/9/2023 10:19,17635.25,17643.5,17634,17640.25,1109,17653.74458,17694.20933
8/9/2023 10:20,17640.25,17642.5,17630.75,17633,937,17653.58125,17693.9441
8/9/2023 10:21,17633,17635.5,17614.25,17614.75,2365,17652.87551,17693.12849
8/9/2023 10:22,17614.75,17626.5,17607,17608.25,2739,17651.9076,17692.10895
8/9/2023 10:23,17608.25,17624.5,17605.5,17623.25,2841,17651.04948,17691.12931
8/9/2023 10:24,17623.75,17626.5,17618.5,17621.25,1506,17650.6688,17690.65045
8/9/2023 10:25,17621.5,17622.5,17612.25,17612.5,1404,17650.24615,17690.16929
8/9/2023 10:26,17612.75,17624,17612.75,17617.25,1334,17649.87953,17689.73146
8/9/2023 10:27,17617.25,17625,17616,17622.5,921,17649.6559,17689.44547
8/9/2023 10:28,17622.5,17626.25,17619.5,17620.5,870,17649.45453,17689.1811
8/9/2023 10:29,17620.75,17632.5,17620.75,17624.25,1703,17649.12159,17688.69816
8/9/2023 10:30,17624.25,17632.5,17624,17630.75,906,17648.97245,17688.45735
8/9/2023 10:31,17630.25,17639,17626.25,17635.25,1486,17648.78586,17688.09563
8/9/2023 10:32,17635,17639,17629.75,17633,1236,17648.63818,17687.80064
8/9/2023 10:33,17632.25,17635.25,17625.5,17630,1262,17648.45359,17687.48247
8/9/2023 10:34,17630.5,17632.25,17622.5,17629.25,1570,17648.20131,17687.07616
8/9/2023 10:35,17629,17630,17616.75,17618.5,1297,17647.93449,17686.70959
8/9/2023 10:36,17618.75,17624.75,17607.25,17623.25,2179,17647.44261,17686.07179
8/9/2023 10:37,17623,17629,17622.25,17628.5,1565,17647.19591,17685.67543
8/9/2023 10:38,17629,17633,17625.5,17628.75,1260,17647.02507,17685.37347
8/9/2023 10:39,17628.75,17630.25,17621.5,17625,1120,17646.84679,17685.09123
8/9/2023 10:40,17624.75,17627.75,17614.75,17621,1159,17646.62773,17684.78048
8/9/2023 10:41,17620.75,17621.5,17610.75,17611,1449,17646.28782,17684.35543
8/9/2023 10:42,17611.5,17617.5,17611,17615,847,17646.09295,17684.10963
8/9/2023 10:43,17615.5,17616.5,17603.75,17608.5,1917,17645.5933,17683.52082
8/9/2023 10:44,17608.75,17622.5,17605.75,17621.5,1762,17645.23293,17683.03823
8/9/2023 10:45,17621,17624.75,17616.25,17618.5,1311,17645.00032,17682.70099
8/9/2023 10:46,17618.5,17620.25,17607.5,17618.5,1314,17644.73123,17682.34308
8/9/2023 10:47,17618.25,17625.25,17614.25,17620.5,1084,17644.54704,17682.0707
8/9/2023 10:48,17620,17625.25,17619.75,17622.5,754,17644.43342,17681.89021
8/9/2023 10:49,17622.25,17624.25,17614.75,17616.75,727,17644.3056,17681.70581
8/9/2023 10:50,17616.75,17616.75,17605.25,17605.75,1213,17644.01876,17681.35538
8/9/2023 10:51,17605.5,17610.5,17599.75,17608,1857,17643.54943,17680.80214
8/9/2023 10:52,17607.5,17607.75,17586.5,17587.5,3707,17642.3532,17679.54578
8/9/2023 10:53,17587.25,17589.75,17580.25,17584,2564,17641.40732,17678.60625
8/9/2023 10:54,17584.25,17587.25,17580.75,17583.5,1404,17640.89498,17678.09513
8/9/2023 10:55,17583.5,17584.75,17573.75,17573.75,1977,17640.10941,17677.33633
8/9/2023 10:56,17573.5,17581.5,17570.25,17574.75,2337,17639.17787,17676.43704
8/9/2023 10:57,17574.75,17579.5,17558.5,17559.75,2774,17637.94517,17675.29059
8/9/2023 10:58,17559.5,17567.75,17555.75,17565.75,2983,17636.61471,17674.05276
8/9/2023 10:59,17565.75,17570.75,17562,17564,1710,17635.89835,17673.37112
8/9/2023 11:00,17564.25,17564.5,17553.25,17554.75,1917,17635.02189,17672.56053
8/9/2023 11:01,17554.75,17555.5,17547,17552.5,3395,17633.40357,17671.08109
8/9/2023 11:02,17552.75,17554.75,17549,17550.75,1756,17632.58929,17670.32895
8/9/2023 11:03,17551,17563.5,17549.75,17561.75,2073,17631.72787,17669.50348
8/9/2023 11:04,17561.5,17572.5,17557.5,17572,2135,17630.96759,17668.73375
8/9/2023 11:05,17571.75,17574.75,17568.75,17572,1814,17630.38028,17668.11742
8/9/2023 11:06,17572.5,17575.25,17569.75,17573.75,1311,17629.97076,17667.68181
8/9/2023 11:07,17573.5,17575,17569,17571.25,1118,17629.61906,17667.30893
8/9/2023 11:08,17571.25,17572,17560.75,17560.75,1379,17629.13745,17666.81839
8/9/2023 11:09,17561.25,17569.75,17560.25,17569.25,1154,17628.75164,17666.41908
8/9/2023 11:10,17569.5,17570.5,17562.75,17563.5,1094,17628.38542,17666.04033
8/9/2023 11:11,17564,17566.25,17559.25,17559.25,937,17628.05536,17665.70537
8/9/2023 11:12,17559.25,17560.5,17554.75,17556,1426,17627.52566,17665.17783
8/9/2023 11:13,17556.25,17557.75,17541.25,17543.25,2106,17626.65229,17664.33921
8/9/2023 11:14,17543.5,17545.75,17531.5,17533.75,3225,17625.18012,17662.96552
8/9/2023 11:15,17533.5,17535.25,17525.75,17526.25,2500,17623.97224,17661.85521
8/9/2023 11:16,17526.25,17537.75,17524.25,17529,2106,17622.99114,17660.94275
8/9/2023 11:17,17528.75,17529.75,17516.25,17516.75,2998,17621.49105,17659.57336
8/9/2023 11:18,17516.75,17521.75,17506.5,17521.75,3537,17619.70455,17657.94333
8/9/2023 11:19,17521.5,17521.75,17511,17513.75,1762,17618.8273,17657.13852
8/9/2023 11:20,17514.25,17516.75,17509.75,17515.5,1447,17618.10754,17656.47743
8/9/2023 11:21,17515.5,17515.5,17507,17513.25,1448,17617.3829,17655.81238
8/9/2023 11:22,17513.5,17519.5,17510,17510.25,1683,17616.56348,17655.05414
8/9/2023 11:23,17511,17513.25,17498.5,17509.5,2834,17615.13177,17653.74067
8/9/2023 11:24,17509.75,17520,17509.25,17519,2818,17613.86033,17652.53628
8/9/2023 11:25,17519,17520.25,17510.75,17512,1283,17613.28204,17651.98795
8/9/2023 11:26,17512.25,17519,17509,17513.75,1701,17612.52244,17651.26546
8/9/2023 11:27,17513.5,17518.75,17509.25,17515,1311,17611.94732,17650.71543
8/9/2023 11:28,17515,17522,17511.25,17520.75,1352,17611.38325,17650.16794
8/9/2023 11:29,17520.5,17522.25,17511,17512,1365,17610.803,17649.60765
8/9/2023 11:30,17512,17520.5,17509.75,17519,979,17610.39686,17649.21261
8/9/2023 11:31,17519.25,17519.25,17507.25,17511.25,1668,17609.68499,17648.52564
8/9/2023 11:32,17511.75,17528,17507.5,17516.75,3269,17608.38744,17647.24631
8/9/2023 11:33,17516.75,17528.5,17515.5,17528.5,1321,17607.91153,17646.76289
8/9/2023 11:34,17527.75,17532.75,17526,17531.25,1404,17607.44641,17646.2775
8/9/2023 11:35,17531.25,17537.75,17528.75,17536.75,1677,17606.92935,17645.72482
8/9/2023 11:36,17536.5,17537.25,17530.25,17535.75,1564,17606.45369,17645.21427
8/9/2023 11:37,17536,17536,17530.25,17531.5,850,17606.19127,17644.9342
8/9/2023 11:38,17531,17536.25,17529,17532,957,17605.89737,17644.62007
8/9/2023 11:39,17531.5,17535,17528.5,17530.25,796,17605.65085,17644.35742
8/9/2023 11:40,17530.5,17533.25,17527,17533.25,783,17605.40966,17644.10006
8/9/2023 11:41,17533.25,17542,17522.25,17526.75,2961,17604.50145,17643.13018
8/9/2023 11:42,17527,17529.25,17523.25,17525.5,1450,17604.03916,17642.64323
8/9/2023 11:43,17524.75,17529,17522.25,17528.75,1178,17603.67074,17642.25283
8/9/2023 11:44,17528.25,17529,17521,17522.75,777,17603.42209,17641.99141
8/9/2023 11:45,17523.25,17527.5,17521.75,17522.5,740,17603.18573,17641.74281
8/9/2023 11:46,17522,17532.25,17520.5,17522.5,1146,17602.82779,17641.36367
8/9/2023 11:47,17522.5,17524.75,17509.75,17510.25,1947,17602.1486,17640.66932
8/9/2023 11:48,17510.5,17521.75,17509,17518.5,1711,17601.57045,17640.07261
8/9/2023 11:49,17519,17522.25,17516.75,17516.75,828,17601.3005,17639.79091
8/9/2023 11:50,17517.25,17519.75,17510,17512.25,947,17600.97692,17639.45821
8/9/2023 11:51,17512.75,17520,17506.75,17509.75,1518,17600.45238,17638.92082
8/9/2023 11:52,17510,17518.25,17505.25,17508.5,1862,17599.80658,17638.26009
8/9/2023 11:53,17508.25,17513.75,17506,17506.5,2107,17599.07144,17637.50947
8/9/2023 11:54,17506,17507,17496.75,17501.75,2328,17598.21173,17636.64617
8/9/2023 11:55,17501.25,17513.25,17499.25,17508.75,1819,17597.58651,17636.0052
8/9/2023 11:56,17508.75,17513,17506.75,17510,1058,17597.23805,17635.64343
8/9/2023 11:57,17509.5,17519.25,17494.75,17515.5,2638,17596.38034,17634.74977
8/9/2023 11:58,17515.5,17515.5,17506.5,17512,1186,17596.00678,17634.3569
8/9/2023 11:59,17511.75,17517.25,17507.5,17508,826,17595.74727,17634.08383
8/9/2023 12:00,17507.75,17521,17507.75,17516.25,1143,17595.40792,17633.72041
8/9/2023 12:01,17515.75,17525.75,17511,17522.75,1557,17594.97775,17633.24893
8/9/2023 12:02,17522.75,17530.5,17520,17528.5,1071,17594.71002,17632.94533
8/9/2023 12:03,17528.5,17533.75,17522.75,17524.5,1328,17594.38415,17632.5736
8/9/2023 12:04,17524.25,17530.75,17524.25,17529.5,925,17594.16292,17632.31906
8/9/2023 12:05,17530,17531.25,17525.75,17529.5,650,17594.0099,17632.14208
8/9/2023 12:06,17529.5,17532.25,17522,17526,891,17593.79464,17631.89558
8/9/2023 12:07,17525.75,17531.75,17522.25,17528,729,17593.62106,17631.69587
8/9/2023 12:08,17528,17544.25,17528,17542.25,1948,17593.23674,17631.22096
8/9/2023 12:09,17541.75,17542.25,17536,17538.5,896,17593.06413,17631.00588
8/9/2023 12:10,17537.75,17539.25,17534,17534,543,17592.95397,17630.87156
8/9/2023 12:11,17534,17542.5,17531,17531.5,1221,17592.70458,17630.56852
8/9/2023 12:12,17531.25,17532,17522.5,17526,1507,17592.35657,17630.16541
8/9/2023 12:13,17525.75,17539,17524.75,17538.5,1093,17592.13413,17629.89537
8/9/2023 12:14,17538.5,17539.75,17531.5,17536.75,661,17592.00485,17629.73605
8/9/2023 12:15,17535.75,17543.5,17534.5,17542,942,17591.83472,17629.51958
8/9/2023 12:16,17542.25,17549.25,17540.5,17546.5,1280,17591.62928,17629.2448
8/9/2023 12:17,17546,17550.75,17544,17547.5,904,17591.49152,17629.05642
8/9/2023 12:18,17547.75,17548,17535.5,17536.75,1076,17591.30157,17628.81329
8/9/2023 12:19,17537,17543.5,17533.75,17541,735,17591.17094,17628.64673
8/9/2023 12:20,17541,17541.75,17535,17537,541,17591.07243,17628.52247
8/9/2023 12:21,17537,17539,17528.75,17529.25,1190,17590.83441,17628.23358
8/9/2023 12:22,17529,17532,17523.75,17525.25,1012,17590.61519,17627.97568
8/9/2023 12:23,17525,17533,17520.25,17530.75,1112,17590.37979,17627.6966
8/9/2023 12:24,17531.25,17533,17526.25,17530.75,467,17590.28461,17627.5822
8/9/2023 12:25,17531,17541.25,17530.75,17540.25,752,17590.15075,17627.4125
8/9/2023 12:26,17540,17542,17537.25,17537.75,566,17590.05346,17627.28744
8/9/2023 12:27,17537.5,17546,17537.5,17545,636,17589.95276,17627.15342
8/9/2023 12:28,17545,17548.25,17541.5,17546.5,599,17589.86348,17627.03143
8/9/2023 12:29,17546.75,17556,17546.25,17552.25,1067,17589.72698,17626.83117
8/9/2023 12:30,17552.25,17553,17544,17544,828,17589.60933,17626.66726
8/9/2023 12:31,17544.5,17549.75,17542.5,17547.75,840,17589.48971,17626.50096
8/9/2023 12:32,17548,17557,17546.25,17556,1141,17589.35247,17626.29425
8/9/2023 12:33,17556,17561.75,17554.5,17556.75,1138,17589.23379,17626.10207
8/9/2023 12:34,17556.75,17561.75,17555,17560.25,816,17589.1528,17625.9676
8/9/2023 12:35,17560.75,17565.25,17560.25,17562.5,1008,17589.06546,17625.81129
8/9/2023 12:36,17562.25,17563,17552.5,17555.25,1279,17588.93149,17625.5961
8/9/2023 12:37,17555.25,17561,17554.75,17559.75,659,17588.86629,17625.48829
8/9/2023 12:38,17559,17561.25,17555,17555.75,639,17588.80092,17625.38227
8/9/2023 12:39,17555.75,17557.75,17551,17555.75,684,17588.7257,17625.265
8/9/2023 12:40,17555.5,17558.75,17550.5,17553,538,17588.66548,17625.17205
8/9/2023 12:41,17552.5,17555.25,17550.75,17552.25,405,17588.61853,17625.10093
8/9/2023 12:42,17552.25,17560.25,17552,17559,460,17588.57178,17625.02515
8/9/2023 12:43,17558.75,17563,17558.75,17562.25,473,17588.53033,17624.95226
8/9/2023 12:44,17561.75,17561.75,17553.5,17557.5,709,17588.45989,17624.8369
8/9/2023 12:45,17557.5,17558.25,17550.25,17551.5,470,17588.40697,17624.75583
8/9/2023 12:46,17551.25,17553.5,17543.5,17551.5,1467,17588.22487,17624.49044
8/9/2023 12:47,17551.75,17556,17548.5,17555.5,655,17588.1521,17624.37857
8/9/2023 12:48,17555.25,17560,17552.75,17560,577,17588.09605,17624.2862
8/9/2023 12:49,17559.5,17567,17558.25,17565.5,800,17588.03389,17624.17002
8/9/2023 12:50,17565.5,17566.5,17559.75,17563.25,813,17587.96997,17624.05161
8/9/2023 12:51,17563.25,17563.75,17554.75,17555.25,637,17587.90956,17623.95118
8/9/2023 12:52,17555.5,17559.75,17552.25,17559.25,762,17587.83562,17623.82993
8/9/2023 12:53,17558.75,17558.75,17549.5,17550.5,696,17587.75928,17623.71268
8/9/2023 12:54,17550.75,17552.25,17547.25,17550.25,652,17587.68194,17623.59855
8/9/2023 12:55,17550.75,17552,17548,17549.75,388,17587.63606,17623.53079
8/9/2023 12:56,17550.25,17553.75,17548.25,17552.25,528,17587.57629,17623.44067
8/9/2023 12:57,17552,17553.75,17546.5,17547.5,538,17587.51195,17623.34632
8/9/2023 12:58,17548,17548.5,17535.75,17536,1596,17587.27692,17623.03337
8/9/2023 12:59,17535.75,17544,17535.5,17544,826,17587.15897,17622.87443
8/9/2023 13:00,17544.25,17544.75,17536,17537.75,595,17587.07131,17622.758
8/9/2023 13:01,17538,17538.5,17528.75,17531.5,1250,17586.86286,17622.49518
8/9/2023 13:02,17531.75,17548.25,17531.75,17546.75,1510,17586.65638,17622.21261
8/9/2023 13:03,17546.75,17558.25,17545.25,17556.25,1442,17586.50938,17621.98148
8/9/2023 13:04,17556.25,17557.5,17552,17553.25,730,17586.43768,17621.86676
8/9/2023 13:05,17553.25,17562.25,17553,17559.75,765,17586.37236,17621.75418
8/9/2023 13:06,17559.75,17571.25,17558.75,17570.5,1617,17586.27686,17621.54926
8/9/2023 13:07,17570.75,17573.25,17568.75,17572.25,1301,17586.21864,17621.39921
8/9/2023 13:08,17572.5,17575.25,17570.75,17571.5,1236,17586.16778,17621.26055
8/9/2023 13:09,17571.25,17572.5,17566.5,17572.5,997,17586.12106,17621.14472
8/9/2023 13:10,17572.25,17575.25,17570,17573.5,659,17586.09508,17621.07208
8/9/2023 13:11,17573.75,17577.5,17572,17574,854,17586.0656,17620.98136
8/9/2023 13:12,17574.25,17578,17569.75,17575,1037,17586.02923,17620.87109
8/9/2023 13:13,17575.25,17582.5,17575,17581.5,1200,17586.00665,17620.75888
8/9/2023 13:14,17582.25,17586.75,17578.5,17586.5,1224,17585.99911,17620.65683
8/9/2023 13:15,17586.5,17594.5,17586.5,17592,1729,17586.02446,17620.54123
8/9/2023 13:16,17592,17601.75,17591.5,17593,2398,17586.09004,17620.40615
8/9/2023 13:17,17593,17594.5,17587.75,17593,1231,17586.11025,17620.32727
8/9/2023 13:18,17593.25,17595,17588,17588,697,17586.11878,17620.2806
8/9/2023 13:19,17588,17593.75,17585,17593,913,17586.13055,17620.22019
8/9/2023 13:20,17592.75,17593.75,17588,17590.75,551,17586.13802,17620.18416
8/9/2023 13:21,17590.75,17592.75,17586.25,17586.5,636,17586.14234,17620.13938
8/9/2023 13:22,17587,17591.5,17585,17585.5,734,17586.14485,17620.08596
8/9/2023 13:23,17585.25,17590.25,17583.5,17589.5,631,17586.14775,17620.04076
8/9/2023 13:24,17589.75,17591.75,17583.75,17585.5,648,17586.14933,17619.9934
8/9/2023 13:25,17585.5,17591.5,17585,17587,583,17586.15214,17619.95197
8/9/2023 13:26,17587.25,17590.75,17584,17589.25,406,17586.15428,17619.92334
8/9/2023 13:27,17589.25,17594.5,17588.25,17593.25,646,17586.16504,17619.88358
8/9/2023 13:28,17593.5,17593.75,17589,17592.75,385,17586.17124,17619.8598
8/9/2023 13:29,17592.5,17595.75,17589.5,17595.25,463,17586.18088,17619.83294
8/9/2023 13:30,17595.25,17596.75,17590.5,17593,534,17586.19185,17619.80195
8/9/2023 13:31,17592.5,17606.5,17592.5,17606.5,1341,17586.25112,17619.74915
8/9/2023 13:32,17606.25,17607.5,17597.25,17602.5,1313,17586.31089,17619.69943
8/9/2023 13:33,17602.25,17604.5,17599.5,17601.75,508,17586.33318,17619.67972
8/9/2023 13:34,17601.75,17602.75,17595,17599.25,625,17586.3554,17619.65155
8/9/2023 13:35,17599.25,17599.5,17595,17599.5,489,17586.37136,17619.6285
8/9/2023 13:36,17599.75,17604.75,17595.75,17603.25,601,17586.39638,17619.60448
8/9/2023 13:37,17603.25,17606.25,17600.5,17605.75,517,17586.42205,17619.58715
8/9/2023 13:38,17606,17607.5,17601.5,17606.5,525,17586.44951,17619.57072
8/9/2023 13:39,17606.25,17606.5,17602.75,17605.5,287,17586.46428,17619.56161
8/9/2023 13:40,17604.75,17609.75,17604.5,17609.5,480,17586.49295,17619.5495
8/9/2023 13:41,17609.5,17611.25,17605,17609,791,17586.54112,17619.53046
8/9/2023 13:42,17608.5,17609.75,17605,17608.75,494,17586.5703,17619.51798
8/9/2023 13:43,17608.75,17609,17600.75,17604.75,642,17586.60277,17619.49765
8/9/2023 13:44,17604.5,17608,17602.75,17606,441,17586.62592,17619.48443
8/9/2023 13:45,17606.25,17610,17604.5,17606.75,480,17586.65304,17619.47162
8/9/2023 13:46,17607,17611.75,17603.75,17605,862,17586.70098,17619.44821
8/9/2023 13:47,17605,17609.25,17599.5,17609,1167,17586.76257,17619.41437
8/9/2023 13:48,17609.25,17611,17599.5,17600.5,796,17586.79945,17619.38755
8/9/2023 13:49,17600.75,17604.5,17597.5,17601.25,1106,17586.84262,17619.34434
8/9/2023 13:50,17601.75,17603,17592,17592.75,1261,17586.87378,17619.28146
8/9/2023 13:51,17593.25,17598.5,17592.75,17598.25,810,17586.89497,17619.24225
8/9/2023 13:52,17597.75,17598.75,17594.75,17596.5,468,17586.90738,17619.21982
8/9/2023 13:53,17597,17604.75,17596.5,17601.25,1064,17586.94747,17619.17838
8/9/2023 13:54,17600.75,17603.25,17597.5,17599.25,585,17586.9681,17619.15465
8/9/2023 13:55,17599,17603,17598.5,17602.75,321,17586.98062,17619.14261
8/9/2023 13:56,17602.5,17603,17598.25,17601.5,305,17586.99208,17619.13087
8/9/2023 13:57,17601.5,17606.25,17600.25,17603.5,512,17587.01461,17619.1138
8/9/2023 13:58,17603.75,17607.75,17599.75,17602,584,17587.03998,17619.09417
8/9/2023 13:59,17601.75,17602.5,17593,17595.5,1109,17587.06959,17619.04264
8/9/2023 14:00,17595.75,17599.25,17593.75,17596.75,510,17587.08258,17619.01858
8/9/2023 14:01,17596.75,17597.5,17589,17590.5,1277,17587.10048,17618.94719
8/9/2023 14:02,17591,17597.25,17589.75,17592.25,900,17587.11481,17618.89852
8/9/2023 14:03,17592.25,17598.75,17592.25,17598.75,592,17587.12971,17618.87093
8/9/2023 14:04,17598.75,17604.5,17598.5,17601.75,873,17587.16316,17618.83946
8/9/2023 14:05,17602,17609,17599.25,17609,599,17587.19264,17618.82314
8/9/2023 14:06,17608.75,17614,17607.5,17608.75,1493,17587.28276,17618.79606
8/9/2023 14:07,17608.5,17613.75,17606.25,17613.75,762,17587.33082,17618.78414
8/9/2023 14:08,17613.75,17614.75,17607,17609.25,775,17587.37764,17618.77059
8/9/2023 14:09,17608.75,17611,17606.5,17609.25,609,17587.41203,17618.75819
8/9/2023 14:10,17609,17611.75,17608,17610.25,425,17587.43718,17618.7505
8/9/2023 14:11,17609.75,17613.75,17607.25,17612.75,862,17587.49082,17618.73718
8/9/2023 14:12,17612.5,17612.75,17609.5,17611.5,447,17587.51854,17618.73029
8/9/2023 14:13,17611.5,17619.25,17610,17618.5,1261,17587.6117,17618.723
8/9/2023 14:14,17618.75,17622.75,17617.75,17620,963,17587.69306,17618.72585
8/9/2023 14:15,17620,17627.25,17619.75,17625.75,1582,17587.84253,17618.74371
8/9/2023 14:16,17625.75,17632.5,17625,17630.75,1542,17588.00757,17618.77722
8/9/2023 14:17,17630.25,17632.75,17628.25,17629,961,17588.11119,17618.79915
8/9/2023 14:18,17628.75,17631.75,17626.5,17629.25,901,17588.20596,17618.8181
8/9/2023 14:19,17629.5,17635.75,17629.5,17633.75,1004,17588.32089,17618.84693
8/9/2023 14:20,17634,17640.25,17633.5,17635,1294,17588.47886,17618.89241
8/9/2023 14:21,17635.25,17641.5,17634.5,17637.25,843,17588.58442,17618.92445
8/9/2023 14:22,17637.75,17639.5,17633,17634.5,915,17588.69366,17618.95528
8/9/2023 14:23,17634.25,17634.75,17630,17632.25,1044,17588.80888,17618.98333
8/9/2023 14:24,17632,17632.5,17626.5,17630.5,1288,17588.94207,17619.01132
8/9/2023 14:25,17630.75,17633.75,17629,17631.5,591,17589.00525,17619.02599
8/9/2023 14:26,17631.5,17636.75,17630,17635.5,589,17589.07198,17619.04371
8/9/2023 14:27,17635.75,17639.75,17634.25,17638.75,597,17589.14466,17619.0658
8/9/2023 14:28,17638.75,17640,17634.5,17635.75,597,17589.21588,17619.08684
8/9/2023 14:29,17635.75,17639.75,17635.25,17638.25,484,17589.27467,17619.10483
8/9/2023 14:30,17638,17641.5,17636.25,17639.75,576,17589.34649,17619.12782
8/9/2023 14:31,17640,17652.25,17639.25,17650.5,2123,17589.65252,17619.24644
8/9/2023 14:32,17650.5,17652,17645.75,17646,1289,17589.83862,17619.31946
8/9/2023 14:33,17646.25,17654.75,17646.25,17646.25,1600,17590.07258,17619.41326
8/9/2023 14:34,17646.5,17647.25,17639.25,17643.5,1404,17590.25651,17619.47922
8/9/2023 14:35,17643.25,17644.75,17635.25,17637.25,1243,17590.40534,17619.52697
8/9/2023 14:36,17637.5,17646,17636.5,17645.5,818,17590.50996,17619.564
8/9/2023 14:37,17645.75,17647,17642.25,17646,895,17590.62923,17619.6086
8/9/2023 14:38,17645.75,17647.25,17641.25,17642.25,622,17590.70954,17619.63769
8/9/2023 14:39,17642,17646.25,17640.25,17642.25,405,17590.76104,17619.65606
8/9/2023 14:40,17642,17646.75,17642,17645.75,413,17590.81538,17619.67631
8/9/2023 14:41,17645.5,17648.25,17640.25,17642,695,17590.90433,17619.70851
8/9/2023 14:42,17642.25,17645,17636,17637,784,17590.99639,17619.73839
8/9/2023 14:43,17636.5,17642.25,17632.25,17640.5,1246,17591.13897,17619.78327
8/9/2023 14:44,17640.75,17646.25,17640.25,17641.25,726,17591.2291,17619.81529
8/9/2023 14:45,17641.5,17643,17637.25,17639.75,618,17591.30172,17619.83939
8/9/2023 14:46,17640.5,17642.25,17635,17636.75,609,17591.37015,17619.86073
8/9/2023 14:47,17637,17638.75,17633.5,17636,529,17591.42698,17619.87727
8/9/2023 14:48,17636,17641.25,17635,17640,620,17591.49738,17619.8998
8/9/2023 14:49,17640.5,17645.5,17637.5,17642.75,855,17591.6006,17619.93599
8/9/2023 14:50,17642.75,17645.75,17641.5,17643,578,17591.67221,17619.96205
8/9/2023 14:51,17642.75,17643.5,17631,17631.75,981,17591.77458,17619.99111
8/9/2023 14:52,17631.5,17635.5,17631,17635,680,17591.8427,17620.00913
8/9/2023 14:53,17635.25,17635.25,17625.25,17626.25,1354,17591.96187,17620.03215
8/9/2023 14:54,17626.5,17628.25,17617,17618.25,1727,17592.08112,17620.03588
8/9/2023 14:55,17618,17624,17617.5,17621,956,17592.14596,17620.03733
8/9/2023 14:56,17621.25,17632,17620.75,17631.75,1335,17592.25904,17620.05789
8/9/2023 14:57,17632,17632.25,17627,17629.5,629,17592.31417,17620.06923
8/9/2023 14:58,17630,17634,17629.75,17631.75,607,17592.37041,17620.08273
8/9/2023 14:59,17632.5,17634.75,17628,17628.25,690,17592.43173,17620.09608
8/9/2023 15:00,17628.25,17628.25,17618.25,17620.5,1339,17592.52517,17620.10172
8/9/2023 15:01,17620.75,17623,17616.5,17618.25,1311,17592.60668,17620.09962
8/9/2023 15:02,17618,17620.25,17610.75,17618.75,1463,17592.68802,17620.08999
8/9/2023 15:03,17619,17624,17616,17623.5,907,17592.74778,17620.09181
8/9/2023 15:04,17623.25,17625.25,17615.5,17616.25,1047,17592.81122,17620.08968
8/9/2023 15:05,17616,17621.25,17615.25,17620,623,17592.84859,17620.08822
8/9/2023 15:06,17620.25,17623.25,17613.75,17614.25,689,17592.88702,17620.08437
8/9/2023 15:07,17614.75,17619.25,17612.25,17614,935,17592.93485,17620.07582
8/9/2023 15:08,17614.25,17614.75,17596.75,17601.75,2571,17593.00224,17620.00135
8/9/2023 15:09,17602,17602.5,17590.5,17596.5,1779,17593.01639,17619.92427
8/9/2023 15:10,17596.5,17598.75,17591,17591,949,17593.01761,17619.87826
8/9/2023 15:11,17592.25,17592.5,17581.75,17583,2205,17592.98143,17619.74032
8/9/2023 15:12,17583.25,17589.25,17579.25,17583.75,1637,17592.94867,17619.63365
8/9/2023 15:13,17584.25,17586.25,17578.25,17584.25,1008,17592.92598,17619.56613
8/9/2023 15:14,17584.5,17591.25,17584.25,17589,1085,17592.91442,17619.50411
8/9/2023 15:15,17589.25,17594.25,17587.75,17591.25,1481,17592.90837,17619.42769
8/9/2023 15:16,17591.25,17591.25,17580.25,17587.25,1209,17592.89046,17619.35501
8/9/2023 15:17,17588,17593.25,17584.75,17591.25,877,17592.88434,17619.30805
8/9/2023 15:18,17591.25,17591.25,17582.25,17585.5,647,17592.87494,17619.26951
8/9/2023 15:19,17585.5,17589.75,17581.5,17585.5,618,17592.86496,17619.23194
8/9/2023 15:20,17585.75,17592.5,17584.5,17591.75,503,17592.86131,17619.20505
8/9/2023 15:21,17591.5,17598,17586.25,17597.5,1136,17592.86396,17619.15335
8/9/2023 15:22,17597.5,17599.75,17592.75,17598.25,1219,17592.87483,17619.10469
8/9/2023 15:23,17598.5,17606.25,17598.25,17604.75,1304,17592.90404,17619.06726
8/9/2023 15:24,17604.75,17609,17602,17606.75,1097,17592.93529,17619.04147
8/9/2023 15:25,17606.75,17610.75,17601.25,17605.25,1010,17592.96356,17619.01752
8/9/2023 15:26,17605,17612.5,17604.75,17609.75,1185,17593.00496,17618.99638
8/9/2023 15:27,17609.5,17612.5,17606.75,17607.5,599,17593.0257,17618.98564
8/9/2023 15:28,17607.25,17610.25,17604.5,17609.75,689,17593.04836,17618.9724
8/9/2023 15:29,17609.5,17611,17596.75,17597.5,1145,17593.06995,17618.93743
8/9/2023 15:30,17597.25,17599.75,17594.5,17597.25,1044,17593.0792,17618.89721
8/9/2023 15:31,17597.5,17602.5,17592,17600.75,1252,17593.09361,17618.85193
8/9/2023 15:32,17600.75,17604.25,17596,17597,739,17593.10314,17618.82616
8/9/2023 15:33,17597,17602.25,17587.5,17591.5,1131,17593.10471,17618.77625
8/9/2023 15:34,17591.25,17593,17584,17589.5,1266,17593.09313,17618.70967
8/9/2023 15:35,17589,17593,17588,17588.75,635,17593.08881,17618.6776
8/9/2023 15:36,17588.5,17597,17586.5,17594.5,900,17593.088,17618.6366
8/9/2023 15:37,17594.5,17600.75,17592.75,17600.5,1000,17593.09847,17618.60052
8/9/2023 15:38,17601,17602.25,17593.25,17594.25,622,17593.10308,17618.5766
8/9/2023 15:39,17594,17596,17585.5,17587.75,929,17593.09647,17618.52991
8/9/2023 15:40,17587.5,17587.5,17575.75,17577.75,1721,17593.05,17618.41563
8/9/2023 15:41,17578,17586,17576.75,17584,1587,17593.01386,17618.31613
8/9/2023 15:42,17584,17586,17581,17582.5,854,17592.99616,17618.26417
8/9/2023 15:43,17582.25,17585.5,17575.5,17585.25,1091,17592.97116,17618.19596
8/9/2023 15:44,17585.5,17585.75,17578,17578.5,700,17592.95322,17618.15073
8/9/2023 15:45,17578,17578.75,17573,17573.5,1127,17592.91109,17618.06713
8/9/2023 15:46,17573.75,17573.75,17564.25,17565,2373,17592.78639,17617.86197
8/9/2023 15:47,17565,17565.25,17544.75,17549.25,3754,17592.47855,17617.4475
8/9/2023 15:48,17549.5,17550,17536.25,17544.5,2762,17592.2012,17617.10142
8/9/2023 15:49,17544.25,17544.25,17535.75,17539.25,1803,17592.0077,17616.86555
8/9/2023 15:50,17539.25,17545,17532.25,17544,2083,17591.78875,17616.59718
8/9/2023 15:51,17544.25,17553.75,17528,17547.5,4013,17591.39376,17616.10334
8/9/2023 15:52,17547.25,17551.75,17535.75,17538.75,2849,17591.11147,17615.752
8/9/2023 15:53,17538.25,17546.75,17533.75,17543,1745,17590.93696,17615.5358
8/9/2023 15:54,17542.75,17545.75,17536,17541.5,1347,17590.80286,17615.36957
8/9/2023 15:55,17541.5,17548.75,17539.75,17539.75,1805,17590.63028,17615.15296
8/9/2023 15:56,17539.75,17540.75,17519.25,17523.25,3557,17590.18837,17614.6422
8/9/2023 15:57,17522.75,17536,17515.5,17532,3103,17589.80841,17614.20191
8/9/2023 15:58,17532.25,17537.25,17529,17530,1867,17589.59754,17613.95207
8/9/2023 15:59,17530.25,17533.75,17523.25,17524.5,2764,17589.26173,17613.56292
8/9/2023 16:00,17524.75,17537,17519.25,17528.25,10653,17588.02088,17612.11217
8/9/2023 16:01,17528.5,17542,17528,17541.5,3265,17587.70629,17611.72397
8/9/2023 16:02,17542,17550,17539.75,17544,1623,17587.57408,17611.55154
8/9/2023 16:03,17544.25,17547.75,17539.5,17542,1407,17587.45615,17611.39944
8/9/2023 16:04,17542.25,17543.25,17540.5,17541.25,413,17587.42055,17611.354
8/9/2023 16:05,17541.75,17545.75,17540.75,17545,455,17587.38325,17611.30556
8/9/2023 16:06,17544.5,17547.25,17542.5,17546.75,675,17587.33015,17611.2356
8/9/2023 16:07,17546.75,17547.75,17546,17547.25,484,17587.29351,17611.18667
8/9/2023 16:08,17546.75,17549.25,17545.75,17546.75,577,17587.2502,17611.12867
8/9/2023 16:09,17546.75,17548.25,17544.25,17547.5,533,17587.20969,17611.07469
8/9/2023 16:10,17547.75,17549.75,17547,17548,383,17587.18176,17611.03691
8/9/2023 16:11,17547.75,17548.25,17544.25,17545,420,17587.14929,17610.99394
8/9/2023 16:12,17545,17546.25,17544.25,17545.5,379,17587.11967,17610.95491
8/9/2023 16:13,17545.75,17548.5,17544.75,17548.5,335,17587.09473,17610.92146
8/9/2023 16:14,17548.25,17554.25,17548.25,17553.5,627,17587.05368,17610.86362
8/9/2023 16:15,17553.25,17559,17551.25,17557.5,711,17587.01244,17610.80251
8/9/2023 16:16,17557.75,17560,17552,17552.5,368,17586.99039,17610.77032
8/9/2023 16:17,17552.5,17555,17551,17551.5,228,17586.97576,17610.74956
8/9/2023 16:18,17551.75,17554,17551.25,17553.75,78,17586.97083,17610.74252
8/9/2023 16:19,17553.5,17554,17550.75,17550.75,147,17586.96122,17610.72899
8/9/2023 16:20,17550.75,17551,17548.75,17548.75,108,17586.9537,17610.71866
8/9/2023 16:21,17548.25,17548.25,17544.25,17544.25,270,17586.93294,17610.69121
8/9/2023 16:22,17544.5,17545.5,17543.25,17544.75,93,17586.9256,17610.6816
8/9/2023 16:23,17545,17550.25,17545,17550,315,17586.90307,17610.651
8/9/2023 16:24,17550.25,17550.75,17546.75,17546.75,163,17586.89132,17610.63509
8/9/2023 16:25,17547,17548.25,17546.25,17548,85,17586.88511,17610.62672
8/9/2023 16:26,17548.25,17551.5,17547.75,17550.75,127,17586.87641,17610.61472
8/9/2023 16:27,17550.75,17550.75,17549.25,17549.5,86,17586.8705,17610.60657
8/9/2023 16:28,17549.75,17550.5,17548.75,17548.75,90,17586.86423,17610.59797
8/9/2023 16:29,17549,17549.75,17547.25,17549,122,17586.85559,17610.5862
8/9/2023 16:30,17548.75,17550,17548,17548.25,110,17586.84782,17610.5756
8/9/2023 16:31,17548.25,17548.75,17546.5,17547.5,81,17586.84192,17610.56765
8/9/2023 16:32,17547.25,17548,17545.5,17546.25,110,17586.83371,17610.55668
8/9/2023 16:33,17546.25,17546.75,17545,17545.25,69,17586.82844,17610.54971
8/9/2023 16:34,17545.25,17546.25,17544.75,17545.25,70,17586.82307,17610.54261
8/9/2023 16:35,17545.75,17546.25,17544.75,17545.5,61,17586.8184,17610.53643
8/9/2023 16:36,17545.5,17545.75,17544.5,17545,53,17586.8143,17610.53103
8/9/2023 16:37,17544.5,17544.75,17543.5,17544.25,68,17586.80893,17610.524
8/9/2023 16:38,17544.25,17544.25,17542.5,17542.75,112,17586.79987,17610.51226
8/9/2023 16:39,17542.75,17544.5,17542.75,17544.5,93,17586.79248,17610.50262
8/9/2023 16:40,17544.25,17546.25,17544.25,17545.5,58,17586.78803,17610.49674
8/9/2023 16:41,17545.25,17546.75,17545,17546.5,83,17586.78177,17610.48842
8/9/2023 16:42,17546.5,17546.5,17543,17543.25,91,17586.77461,17610.47904
8/9/2023 16:43,17542.75,17543.75,17542.5,17542.5,100,17586.76649,17610.46853
8/9/2023 16:44,17543,17545.25,17542.75,17544.5,89,17586.75947,17610.45935
8/9/2023 16:45,17545,17545,17543,17543.75,83,17586.75289,17610.45076
8/9/2023 16:46,17544,17546,17543.25,17545.75,103,17586.74494,17610.44027
8/9/2023 16:47,17545.25,17545.5,17543.5,17544.5,184,17586.73056,17610.42141
8/9/2023 16:48,17544.25,17544.75,17543.5,17543.75,42,17586.72724,17610.41708
8/9/2023 16:49,17543.75,17545.25,17542.75,17545.25,72,17586.72161,17610.40969
8/9/2023 16:50,17545.25,17546.5,17545,17546.25,53,17586.71761,17610.40438
8/9/2023 16:51,17546.25,17548.5,17546.25,17547,115,17586.70922,17610.39309
8/9/2023 16:52,17546.75,17548.75,17546.5,17547.75,53,17586.7054,17610.38793
8/9/2023 16:53,17548.25,17548.75,17547.75,17548.25,67,17586.70064,17610.38146
8/9/2023 16:54,17548.5,17550.5,17548.25,17550.5,114,17586.69285,17610.37072
8/9/2023 16:55,17549.75,17553,17548.75,17552.75,117,17586.68525,17610.36002
8/9/2023 16:56,17552.25,17553.25,17551.75,17552.25,97,17586.67911,17610.3513
8/9/2023 16:57,17551.75,17551.75,17549.5,17549.75,117,17586.67125,17610.34039
8/9/2023 16:58,17549.75,17549.75,17548.5,17549.75,103,17586.66415,17610.33064
8/9/2023 16:59,17549.25,17550.25,17549,17549.25,52,17586.66059,17610.32573
8/9/2023 17:00,17549,17552.25,17549,17552,109,17586.65343,17610.31571
8/9/2023 18:01,17550.75,17556,17549,17552.25,381,0,17552.41667
8/9/2023 18:02,17551.25,17556.5,17550,17556,135,0,17552.87452
8/9/2023 18:03,17554.75,17555.25,17553,17554.25,73,0,17553.03466
8/9/2023 18:04,17554.5,17561,17553.75,17559.25,200,0,17554.2933
8/9/2023 18:05,17559.75,17566.25,17559.5,17564.5,265,0,17556.58713
8/9/2023 18:06,17564.5,17564.5,17559.25,17562.5,108,0,17557.09796
8/9/2023 18:07,17563,17563,17561,17562,72,0,17557.38398
8/9/2023 18:08,17562,17562.25,17561.5,17561.5,29,0,17557.48423
8/9/2023 18:09,17561.5,17561.5,17560.25,17560.75,64,0,17557.64575
8/9/2023 18:10,17560.75,17562.5,17560.5,17562,65,0,17557.83351
8/9/2023 18:11,17562,17564.5,17562,17563.25,88,0,17558.15557
8/9/2023 18:12,17563.25,17565.25,17563.25,17564.75,39,0,17558.31633
8/9/2023 18:13,17564.5,17566.25,17564.5,17564.5,124,0,17558.82704
8/9/2023 18:14,17564.75,17564.75,17562,17562.5,58,0,17558.97217
8/9/2023 18:15,17562,17564.5,17562,17564.5,41,0,17559.08266
8/9/2023 18:16,17564.75,17566.5,17562.75,17565.25,57,0,17559.26487
8/9/2023 18:17,17565.25,17566.5,17562.5,17562.75,128,0,17559.57386
8/9/2023 18:18,17562.5,17563.25,17562.25,17563.25,27,0,17559.62005
8/9/2023 18:19,17562.5,17563.25,17562.5,17563.25,13,0,17559.64239
8/9/2023 18:20,17563.5,17565.25,17562.25,17562.75,63,0,17559.75952
8/9/2023 18:21,17562.5,17563,17561.25,17562.5,59,0,17559.82986
8/9/2023 18:22,17562.25,17562.5,17560.5,17561,23,0,17559.84624
8/9/2023 18:23,17560.5,17561.75,17560.5,17561.5,17,0,17559.85744
8/9/2023 18:24,17561.5,17561.75,17561,17561.25,24,0,17559.8739
8/9/2023 18:25,17561.5,17563.75,17561.5,17563.75,25,0,17559.90978
8/9/2023 18:26,17564.25,17565.25,17563.75,17563.75,35,0,17559.97842
8/9/2023 18:27,17564.25,17564.5,17562.25,17562.75,29,0,17560.01966
8/9/2023 18:28,17563,17568.25,17562.75,17567,182,0,17560.46868
8/9/2023 18:29,17566.25,17568.5,17565.5,17568.5,62,0,17560.64404
8/9/2023 18:30,17568.5,17568.75,17566.75,17567.75,53,0,17560.79237
8/9/2023 18:31,17567.5,17569.5,17567.25,17568,40,0,17560.90804
8/9/2023 18:32,17568.5,17568.5,17567,17567.75,32,0,17560.99189
8/9/2023 18:33,17568,17569.25,17567.5,17568.25,29,0,17561.07254
8/9/2023 18:34,17569,17569.5,17566.25,17566.5,51,0,17561.19277
8/9/2023 18:35,17566.5,17567.75,17565.75,17566,28,0,17561.24743
8/9/2023 18:36,17566.25,17566.75,17563.25,17563.75,98,0,17561.36348
8/9/2023 18:37,17564,17564.25,17562.75,17564.25,56,0,17561.41
8/9/2023 18:38,17564,17564,17562.75,17563.5,11,0,17561.41765
8/9/2023 18:39,17562.5,17564,17561,17564,39,0,17561.43876
8/9/2023 18:40,17564.25,17564.75,17563.5,17564.75,14,0,17561.45256
8/9/2023 18:41,17564.5,17564.5,17561.75,17562.25,29,0,17561.46606
8/9/2023 18:42,17561.5,17562,17561,17561.75,22,0,17561.46692
8/9/2023 18:43,17561.25,17562.5,17561,17561.5,25,0,17561.46858
8/9/2023 18:44,17561.5,17564.5,17561.25,17563.5,57,0,17561.49856
8/9/2023 18:45,17563.25,17565,17563,17565,36,0,17561.53142
8/9/2023 18:46,17564.75,17567.75,17564.5,17566.5,58,0,17561.61792
8/9/2023 18:47,17567.25,17567.75,17565.25,17567,38,0,17561.67783
8/9/2023 18:48,17565.75,17568.25,17565.25,17566.25,93,0,17561.81629
8/9/2023 18:49,17566,17566.25,17565.5,17566,18,0,17561.83857
8/9/2023 18:50,17565.75,17566.75,17565.75,17566.5,17,0,17561.86151
8/9/2023 18:51,17566.5,17567.25,17566,17566.75,16,0,17561.88449
