timestamp ET,open,high,low,close,volume,Vwap_RTH,Vwap_ETH
10/13/2025 14:06,25185,25188.5,25180.5,25187.75,481,25109.09104,25092.82641
10/13/2025 14:07,25187.5,25190.25,25184.25,25186.5,333,25109.16652,25092.88423
10/13/2025 14:08,25186.25,25187.5,25181.75,25185.75,293,25109.2311,25092.93397
10/13/2025 14:09,25184.75,25187.25,25180.5,25184,485,25109.33625,25093.01521
10/13/2025 14:10,25183.75,25187.75,25183.5,25184.75,365,25109.41668,25093.0772
10/13/2025 14:11,25184.25,25190.5,25179.5,25189.25,520,25109.53261,25093.16641
10/13/2025 14:12,25188.75,25192.25,25187.75,25190.75,326,25109.60872,25093.22455
10/13/2025 14:13,25190.5,25192.25,25188,25189.5,386,25109.69829,25093.29307
10/13/2025 14:14,25189.25,25191,25182,25182.25,462,25109.79878,25093.37085
10/13/2025 14:15,25182,25186.5,25180,25184,550,25109.91556,25093.46167
10/13/2025 14:16,25184,25189.75,25182.5,25189.25,329,25109.98871,25093.51813
10/13/2025 14:17,25189,25193.5,25187.75,25193,414,25110.08562,25093.59229
10/13/2025 14:18,25192.75,25198,25188.75,25191,519,25110.20852,25093.68621
10/13/2025 14:19,25190.5,25191.75,25185,25187.5,404,25110.29873,25093.75587
10/13/2025 14:20,25187.5,25190.5,25183.75,25185,319,25110.36828,25093.80983
10/13/2025 14:21,25185,25194,25184.75,25193.75,384,25110.4567,25093.8778
10/13/2025 14:22,25193.25,25196.5,25192,25194.25,397,25110.55177,25093.95045
10/13/2025 14:23,25194,25197.5,25191,25196.5,390,25110.6458,25094.02224
10/13/2025 14:24,25195.75,25202,25195.75,25201,836,25110.85757,25094.18276
10/13/2025 14:25,25201,25211,25200.75,25205,933,25111.10862,25094.3715
10/13/2025 14:26,25205.5,25205.5,25198.75,25201,463,25111.22767,25094.4617
10/13/2025 14:27,25200.5,25212.5,25199.25,25205.5,744,25111.42675,25094.61173
10/13/2025 14:28,25205.5,25207.25,25202,25203,337,25111.51506,25094.67853
10/13/2025 14:29,25203.25,25207.25,25202,25206.75,278,25111.58877,25094.73421
10/13/2025 14:30,25207.25,25209.75,25206,25207.5,396,25111.69626,25094.81515
10/13/2025 14:31,25207.5,25221.5,25206,25214.5,1310,25112.07317,25095.09686
10/13/2025 14:32,25214.75,25215.75,25210.25,25211.75,693,25112.26869,25095.24358
10/13/2025 14:33,25211.5,25219,25210.75,25215.25,513,25112.4164,25095.35419
10/13/2025 14:34,25215.5,25217,25205.75,25206.25,539,25112.5631,25095.46501
10/13/2025 14:35,25206.75,25206.75,25199.25,25203,755,25112.75379,25095.61085
10/13/2025 14:36,25202.75,25204.25,25198.75,25199.75,533,25112.88483,25095.71157
10/13/2025 14:37,25200,25204,25198.75,25200,409,25112.98512,25095.78873
10/13/2025 14:38,25200.5,25207.25,25200,25203.75,386,25113.08252,25095.86335
10/13/2025 14:39,25204,25205.75,25189,25195.5,1219,25113.36534,25096.08324
10/13/2025 14:40,25195.75,25196.75,25183.75,25190,957,25113.56862,25096.24396
10/13/2025 14:41,25190.25,25193.5,25187.5,25191.75,465,25113.66796,25096.32247
10/13/2025 14:42,25192.25,25193.75,25187,25187.5,361,25113.74342,25096.38237
10/13/2025 14:43,25188.5,25188.75,25167,25169.5,1388,25113.97746,25096.57659
10/13/2025 14:44,25169.75,25174.25,25162.5,25168.5,936,25114.11717,25096.69595
10/13/2025 14:45,25169,25178.25,25167.5,25177.75,651,25114.22476,25096.78575
10/13/2025 14:46,25178.25,25179,25169.5,25174.5,1301,25114.43803,25096.96421
10/13/2025 14:47,25173.75,25174.5,25166.5,25168.5,434,25114.50352,25097.02011
10/13/2025 14:48,25168.75,25173.75,25168.25,25170.5,380,25114.56177,25097.06965
10/13/2025 14:49,25170.75,25170.75,25165,25167.75,404,25114.62027,25097.12011
10/13/2025 14:50,25168,25173.75,25164.5,25170.75,596,25114.7093,25097.19635
10/13/2025 14:51,25170.5,25183.5,25169.5,25178.5,889,25114.85962,25097.32151
10/13/2025 14:52,25178.75,25178.75,25171.75,25172.5,439,25114.93022,25097.38098
10/13/2025 14:53,25171.5,25174.25,25159.5,25159.75,860,25115.04523,25097.48237
10/13/2025 14:54,25160.5,25163.5,25153,25162.75,1265,25115.19727,25097.62041
10/13/2025 14:55,25162.5,25164,25158.5,25159.5,448,25115.25197,25097.66987
10/13/2025 14:56,25158.75,25163.5,25153.75,25161.5,817,25115.34902,25097.75833
10/13/2025 14:57,25161.75,25162.5,25148.25,25150.75,765,25115.42774,25097.83324
10/13/2025 14:58,25150.25,25155.75,25146.25,25154.75,697,25115.49625,25097.8994
10/13/2025 14:59,25154.75,25162.25,25152.25,25161,572,25115.5618,25097.9598
10/13/2025 15:00,25160.25,25161.75,25155.5,25157.75,585,25115.62838,25098.02128
10/13/2025 15:01,25158.25,25168,25156.5,25157,1698,25115.8302,25098.2054
10/13/2025 15:02,25157.25,25157.25,25140.5,25142.5,1264,25115.93338,25098.31166
10/13/2025 15:03,25143,25149.5,25139.5,25149.25,750,25115.99296,25098.37363
10/13/2025 15:04,25148.75,25151.5,25144,25149.75,452,25116.03152,25098.41272
10/13/2025 15:05,25149.25,25150,25143.25,25147,328,25116.05802,25098.4401
10/13/2025 15:06,25148.25,25153.75,25144,25153.25,416,25116.09547,25098.47736
10/13/2025 15:07,25152.75,25170.5,25150.25,25169.75,1069,25116.22819,25098.59711
10/13/2025 15:08,25169.75,25171.25,25161.5,25166.75,736,25116.32492,25098.6831
10/13/2025 15:09,25167,25174.25,25166,25172.25,677,25116.42121,25098.76705
10/13/2025 15:10,25172,25173.75,25165.5,25166.5,472,25116.48538,25098.82363
10/13/2025 15:11,25166,25175.5,25165,25172.5,654,25116.57815,25098.9046
10/13/2025 15:12,25172.25,25174.5,25167.25,25169.25,319,25116.62273,25098.94366
10/13/2025 15:13,25169,25172.25,25163.25,25167,446,25116.68165,25098.99604
10/13/2025 15:14,25166.75,25167,25158.5,25163,568,25116.74962,25099.05809
10/13/2025 15:15,25162.5,25163,25155.75,25162,431,25116.79818,25099.1032
10/13/2025 15:16,25161.25,25171,25158.25,25169.25,730,25116.89134,25099.18681
10/13/2025 15:17,25168.75,25179.75,25168.5,25178.5,924,25117.0312,25099.30719
10/13/2025 15:18,25178,25182.75,25176.5,25181.25,709,25117.14643,25099.40483
10/13/2025 15:19,25181.75,25183.75,25179.25,25183,313,25117.19864,25099.44884
10/13/2025 15:20,25182.75,25190.5,25182.75,25184.75,701,25117.32247,25099.552
10/13/2025 15:21,25184.5,25197,25184.25,25192.75,1105,25117.53185,25099.72412
10/13/2025 15:22,25192.5,25198.5,25191.5,25196.5,867,25117.70454,25099.86483
10/13/2025 15:23,25196.25,25204,25191.25,25203.5,701,25117.8509,25099.98315
10/13/2025 15:24,25203.5,25205,25199.75,25201,532,25117.96479,25100.07485
10/13/2025 15:25,25201.25,25202,25194.5,25195.75,533,25118.07249,25100.16251
10/13/2025 15:26,25196,25198,25191,25191.5,704,25118.20729,25100.2734
10/13/2025 15:27,25190.75,25190.75,25183.25,25184.75,901,25118.36257,25100.40393
10/13/2025 15:28,25185,25187,25181.25,25182.25,670,25118.47291,25100.49763
10/13/2025 15:29,25181.5,25183.5,25171.25,25174.5,880,25118.60156,25100.60991
10/13/2025 15:30,25173.75,25174.25,25164.75,25171,715,25118.6941,25100.69319
10/13/2025 15:31,25170.75,25176,25165,25168.5,977,25118.81962,25100.80639
10/13/2025 15:32,25168.25,25178,25167.5,25177,489,25118.88753,25100.86646
10/13/2025 15:33,25177.25,25178,25170.5,25172,339,25118.93394,25100.90766
10/13/2025 15:34,25172.5,25175.75,25170.5,25172.25,265,25118.96972,25100.93955
10/13/2025 15:35,25172.25,25180.5,25171.75,25178.5,448,25119.03469,25100.99644
10/13/2025 15:36,25179,25180.25,25173,25174,490,25119.10415,25101.05762
10/13/2025 15:37,25173.5,25178.75,25171.25,25176.75,568,25119.18421,25101.12825
10/13/2025 15:38,25177.5,25183,25175.25,25178,628,25119.27743,25101.2095
10/13/2025 15:39,25178,25182,25176,25181.25,426,25119.34156,25101.26523
10/13/2025 15:40,25181.25,25184,25177,25182.75,530,25119.42313,25101.33577
10/13/2025 15:41,25182.5,25192.75,25181.25,25192,841,25119.5676,25101.45783
10/13/2025 15:42,25191.25,25200.25,25189.75,25196,986,25119.75247,25101.6114
10/13/2025 15:43,25196,25198.75,25188,25192.5,639,25119.86826,25101.70827
10/13/2025 15:44,25191.75,25196.25,25189.25,25194.5,781,25120.00975,25101.82672
10/13/2025 15:45,25194.25,25197.75,25193.75,25194.5,570,25120.11549,25101.91485
10/13/2025 15:46,25194.5,25195.5,25179.25,25182.25,1106,25120.29354,25102.06775
10/13/2025 15:47,25182,25188.5,25176.75,25179.5,933,25120.43366,25102.19002
10/13/2025 15:48,25179.5,25182.5,25175.75,25180.25,657,25120.5286,25102.27364
10/13/2025 15:49,25180.75,25182,25168.5,25169.5,740,25120.62402,25102.3601
10/13/2025 15:50,25169.5,25174,25168.5,25171.25,704,25120.7109,25102.43976
10/13/2025 15:51,25171.5,25181,25162,25178.25,1974,25120.96492,25102.67021
10/13/2025 15:52,25178.75,25187,25175,25183.5,1060,25121.12105,25102.80734
10/13/2025 15:53,25183.75,25187,25178.25,25184,767,25121.23584,25102.90784
10/13/2025 15:54,25184.25,25195.5,25183.25,25192.75,1442,25121.47626,25103.11352
10/13/2025 15:55,25193,25203.5,25192.75,25197,1948,25121.83223,25103.41276
10/13/2025 15:56,25197,25204.75,25189,25190.5,2291,25122.23027,25103.75117
10/13/2025 15:57,25191,25194.5,25181,25186.75,1511,25122.46412,25103.95512
10/13/2025 15:58,25187,25189,25178.75,25179,1534,25122.68107,25104.14841
10/13/2025 15:59,25179.25,25188.5,25178.75,25188,1742,25122.93716,25104.37466
10/13/2025 16:00,25187.75,25188.5,25175.25,25177,11920,25124.50264,25105.79885
10/13/2025 16:01,25177,25183.75,25169.5,25170.25,3307,25124.87867,25106.15476
10/13/2025 16:02,25170.25,25175.5,25167.75,25168.5,1115,25124.99428,25106.2671
10/13/2025 16:03,25168.5,25169,25162.5,25166,844,25125.07232,25106.34561
10/13/2025 16:04,25166.25,25166.75,25162,25162,485,25125.11457,25106.38893
10/13/2025 16:05,25162.5,25165.75,25159.25,25160.25,486,25125.15479,25106.43089
10/13/2025 16:06,25160.25,25161,25155.5,25158.5,600,25125.1997,25106.4794
10/13/2025 16:07,25158.5,25165.25,25158.25,25164.5,554,25125.24648,25106.52785
10/13/2025 16:08,25164,25164,25160.5,25162.75,473,25125.28605,25106.56897
10/13/2025 16:09,25163,25169,25163,25169,650,25125.34699,25106.63001
10/13/2025 16:10,25169,25175.25,25169,25174,403,25125.38989,25106.67139
10/13/2025 16:11,25174,25176.75,25171,25174.5,530,25125.44778,25106.72682
10/13/2025 16:12,25174.5,25176.25,25173,25174.25,375,25125.489,25106.76623
10/13/2025 16:13,25174,25175.75,25170.25,25173.25,334,25125.5246,25106.80056
10/13/2025 16:14,25173.25,25176,25172.5,25175,262,25125.55332,25106.82804
10/13/2025 16:15,25174.75,25175.75,25170.75,25172,267,25125.58155,25106.85533
10/13/2025 16:16,25171.75,25177.25,25171.75,25173.75,241,25125.60777,25106.88048
10/13/2025 16:17,25174.25,25174.75,25167.25,25168.5,252,25125.63286,25106.90516
10/13/2025 16:18,25168.75,25168.75,25165,25165.5,125,25125.64425,25106.91666
10/13/2025 16:19,25165.5,25166.75,25163.5,25163.75,122,25125.65488,25106.92756
10/13/2025 16:20,25164,25167.75,25164,25167.75,79,25125.66208,25106.93484
10/13/2025 16:21,25168,25174,25167,25172.75,184,25125.6808,25106.95314
10/13/2025 16:22,25172.75,25173.25,25169.25,25169.75,48,25125.68563,25106.95787
10/13/2025 16:23,25169.75,25171.5,25169.25,25171.5,82,25125.69388,25106.96596
10/13/2025 16:24,25171.25,25171.25,25166,25166,127,25125.70579,25106.97789
10/13/2025 16:25,25166.5,25170,25166.5,25170,60,25125.71156,25106.98363
10/13/2025 16:26,25170,25170.5,25168.25,25170,67,25125.71812,25106.99011
10/13/2025 16:27,25169.75,25170.5,25169,25170,72,25125.7252,25106.9971
10/13/2025 16:28,25169.75,25170.75,25168.75,25170.25,144,25125.73938,25107.0111
10/13/2025 16:29,25170.75,25173,25170.5,25172,87,25125.74832,25107.01981
10/13/2025 16:30,25171.75,25172.5,25171.5,25172.5,57,25125.75421,25107.02554
10/13/2025 16:31,25172.25,25172.5,25169.75,25170,70,25125.76123,25107.03243
10/13/2025 16:32,25170,25170.5,25169.25,25170.5,78,25125.76893,25107.04002
10/13/2025 16:33,25170.25,25170.25,25166.75,25170,108,25125.77932,25107.05036
10/13/2025 16:34,25169.75,25169.75,25166,25166.5,119,25125.79035,25107.06144
10/13/2025 16:35,25167.5,25168.75,25163.75,25164.5,250,25125.81253,25107.08405
10/13/2025 16:36,25164,25166,25163,25165.5,103,25125.82147,25107.09323
10/13/2025 16:37,25165.5,25165.5,25162.75,25163,67,25125.82713,25107.09908
10/13/2025 16:38,25163.5,25163.75,25161.25,25161.25,74,25125.83309,25107.10536
10/13/2025 16:39,25161.75,25165,25161.5,25164,39,25125.83636,25107.10875
10/13/2025 16:40,25164,25165.75,25163.5,25164,49,25125.84056,25107.11308
10/13/2025 16:41,25164.25,25165.25,25163.75,25165,39,25125.84393,25107.11654
10/13/2025 16:42,25165.25,25167.5,25164.75,25165.5,108,25125.85355,25107.12633
10/13/2025 16:43,25165.5,25165.75,25164,25164.5,58,25125.85856,25107.13149
10/13/2025 16:44,25164,25165,25162.75,25162.75,31,25125.86115,25107.13418
10/13/2025 16:45,25162.5,25162.75,25161.25,25162,73,25125.86701,25107.14035
10/13/2025 16:46,25162.25,25164,25161.25,25163.5,77,25125.87335,25107.14697
10/13/2025 16:47,25163,25163.5,25161.25,25162.25,71,25125.8791,25107.15301
10/13/2025 16:48,25162.5,25162.75,25160.25,25162.75,88,25125.88614,25107.16044
10/13/2025 16:49,25163,25165.25,25162.75,25162.75,49,25125.89025,25107.1647
10/13/2025 16:50,25162.5,25163.25,25161.75,25162.25,38,25125.89333,25107.16793
10/13/2025 16:51,25162.25,25163.25,25161,25161,66,25125.89858,25107.17348
10/13/2025 16:52,25160.5,25162,25159.75,25159.75,35,25125.90127,25107.17636
10/13/2025 16:53,25160,25160,25157.75,25157.75,30,25125.90344,25107.17873
10/13/2025 16:54,25158,25159,25157,25158,79,25125.90907,25107.18491
10/13/2025 16:55,25158.25,25159.5,25157.25,25157.75,59,25125.91329,25107.18954
10/13/2025 16:56,25157.5,25161.25,25157.25,25160.75,69,25125.91847,25107.19513
10/13/2025 16:57,25161,25161.75,25160.5,25160.5,50,25125.92235,25107.19926
10/13/2025 16:58,25161.25,25164.25,25161,25162.75,95,25125.93009,25107.20738
10/13/2025 16:59,25161.75,25162.5,25161.25,25161.5,68,25125.93549,25107.21308
10/13/2025 17:00,25161.25,25163.25,25160.75,25161,122,25125.94516,25107.22331
10/13/2025 18:01,25170.25,25174.75,25160.5,25170,208,0,25168.41667
10/13/2025 18:02,25170,25173.5,25168.75,25172.75,106,0,25169.5138
10/13/2025 18:03,25173.25,25175.75,25171.75,25175.75,137,0,25171.00314
10/13/2025 18:04,25174.75,25176.75,25173.75,25174.75,134,0,25171.93775
10/13/2025 18:05,25174.25,25178,25174.25,25175.25,65,0,25172.32731
10/13/2025 18:06,25175.25,25176.25,25174,25175.25,38,0,25172.48413
10/13/2025 18:07,25176.5,25177.25,25175.25,25175.25,22,0,25172.59049
10/13/2025 18:08,25175.25,25176.75,25175,25176.5,40,0,25172.77678
10/13/2025 18:09,25176.25,25176.5,25174.5,25176.25,36,0,25172.91296
10/13/2025 18:10,25175.75,25176,25173.25,25173.75,15,0,25172.93955
10/13/2025 18:11,25173.5,25174,25172,25172.5,30,0,25172.93572
10/13/2025 18:12,25171.5,25171.5,25168,25170.25,49,0,25172.76761
10/13/2025 18:13,25169,25172.25,25168,25170.75,39,0,25172.66431
10/13/2025 18:14,25171,25173.25,25171,25172.5,15,0,25172.65766
10/13/2025 18:15,25172,25179,25170.75,25178,95,0,25172.95854
10/13/2025 18:16,25178,25179,25175.5,25179,74,0,25173.28558
10/13/2025 18:17,25179.25,25180,25178.75,25178.75,45,0,25173.51611
10/13/2025 18:18,25179,25182.25,25178.5,25182,58,0,25173.87203
10/13/2025 18:19,25182.75,25184.75,25182.75,25183.75,30,0,25174.11179
10/13/2025 18:20,25183.75,25185.25,25181.25,25181.5,39,0,25174.37346
10/13/2025 18:21,25182,25182,25179.25,25181.75,25,0,25174.5009
10/13/2025 18:22,25180.75,25181.5,25179.75,25181.5,6,0,25174.53037
10/13/2025 18:23,25181,25181,25175.75,25176.5,31,0,25174.60502
10/13/2025 18:24,25177.5,25178.25,25176.5,25177.5,14,0,25174.63416
10/13/2025 18:25,25178,25178.25,25166.75,25166.75,86,0,25174.39173
10/13/2025 18:26,25167.25,25167.5,25162.25,25162.75,97,0,25173.74517
10/13/2025 18:27,25163.5,25165.25,25159.5,25165.25,70,0,25173.29078
10/13/2025 18:28,25165.75,25170,25162.75,25163.5,48,0,25173.062
10/13/2025 18:29,25162.75,25163.25,25158.25,25159.25,52,0,25172.67102
10/13/2025 18:30,25158.25,25158.25,25153.5,25154.25,62,0,25172.06233
10/13/2025 18:31,25154.25,25166.25,25154.25,25163.25,83,0,25171.57698
10/13/2025 18:32,25163.25,25165,25160,25165,58,0,25171.32625
10/13/2025 18:33,25165.25,25167.25,25162,25167.25,38,0,25171.21243
10/13/2025 18:34,25167.5,25170,25165.75,25168.5,26,0,25171.17115
10/13/2025 18:35,25168.5,25168.75,25166.25,25166.75,23,0,25171.12592
10/13/2025 18:36,25166.75,25167.5,25165.25,25167.5,21,0,25171.08031
10/13/2025 18:37,25168.75,25175,25168.75,25174,77,0,25171.13564
10/13/2025 18:38,25173.5,25175.25,25171.5,25174.75,51,0,25171.19984
10/13/2025 18:39,25173.75,25174.75,25169,25169,47,0,25171.19376
10/13/2025 18:40,25170,25170,25168,25168.5,40,0,25171.15142
10/13/2025 18:41,25170,25179.5,25170,25177.25,92,0,25171.32702
10/13/2025 18:42,25177,25177,25169.75,25170,49,0,25171.34609
10/13/2025 18:43,25171,25172.75,25170.5,25171,14,0,25171.34651
10/13/2025 18:44,25171,25174.5,25170.75,25174,31,0,25171.36879
10/13/2025 18:45,25173.25,25178.25,25173.25,25177.75,39,0,25171.44898
10/13/2025 18:46,25179,25179,25176,25176,31,0,25171.5182
10/13/2025 18:47,25174.5,25184,25174.5,25184,76,0,25171.79453
10/13/2025 18:48,25184.5,25186.75,25181.5,25183,78,0,25172.14776
10/13/2025 18:49,25183.75,25183.75,25180.75,25182,40,0,25172.29729
10/13/2025 18:50,25181,25183,25179.25,25181.25,66,0,25172.51047
10/13/2025 18:51,25182.25,25184,25180,25182,36,0,25172.63327
10/13/2025 18:52,25180.75,25183.5,25180.75,25181.75,22,0,25172.70676
10/13/2025 18:53,25182.25,25183.75,25180.25,25182.25,25,0,25172.78962
10/13/2025 18:54,25183,25183.25,25180.5,25182.75,18,0,25172.84891
10/13/2025 18:55,25182.5,25183,25181.5,25182,12,0,25172.88801
10/13/2025 18:56,25182.5,25182.5,25180.75,25180.75,7,0,25172.90864
10/13/2025 18:57,25182,25182.5,25181.5,25182.5,15,0,25172.95684
10/13/2025 18:58,25181.5,25184,25181.5,25182.75,5,0,25172.97381
10/13/2025 18:59,25182.25,25183,25182.25,25183,2,0,25172.98058
10/13/2025 19:00,25182.5,25188,25182,25187,73,0,25173.29334
10/13/2025 19:01,25187,25187,25174,25181.25,116,0,25173.57445
10/13/2025 19:02,25179,25182.25,25172,25177.5,58,0,25173.64245
10/13/2025 19:03,25176.5,25178.75,25176,25178,15,0,25173.66122
10/13/2025 19:04,25178.75,25181.75,25178.5,25181,29,0,25173.72284
10/13/2025 19:05,25181.25,25189.5,25176.5,25185.5,103,0,25174.04014
10/13/2025 19:06,25186.25,25187,25178,25178,47,0,25174.1384
10/13/2025 19:07,25178.25,25178.25,25174.5,25176,36,0,25174.161
10/13/2025 19:08,25175,25182,25173.75,25176,49,0,25174.20533
10/13/2025 19:09,25176.5,25178,25174.75,25175.5,28,0,25174.22061
10/13/2025 19:10,25175.25,25177.5,25175.25,25177.5,16,0,25174.23231
10/13/2025 19:11,25176.75,25177.5,25173.5,25176.75,27,0,25174.24536
10/13/2025 19:12,25175.25,25175.25,25170,25173,75,0,25174.21386
10/13/2025 19:13,25173.5,25177.25,25171.25,25172.5,71,0,25174.20316
10/13/2025 19:14,25172,25172.5,25170.5,25171.5,24,0,25174.18541
10/13/2025 19:15,25170.25,25171,25166,25166,44,0,25174.10787
10/13/2025 19:16,25167.5,25172.75,25164.25,25172.5,101,0,25173.99425
10/13/2025 19:17,25172.25,25177.5,25168,25177.5,48,0,25173.99848
10/13/2025 19:18,25178.5,25179.5,25174,25175,33,0,25174.01692
10/13/2025 19:19,25174.25,25174.25,25170.75,25170.75,19,0,25174.00669
10/13/2025 19:20,25172,25176.5,25172,25176.5,9,0,25174.00898
10/13/2025 19:21,25176.75,25182,25176.75,25181.25,56,0,25174.09359
10/13/2025 19:22,25181.75,25183.5,25179.75,25182.25,65,0,25174.21842
10/13/2025 19:23,25180.75,25181.25,25178.25,25178.25,31,0,25174.25683
10/13/2025 19:24,25178.25,25180.75,25176,25179.5,41,0,25174.30174
10/13/2025 19:25,25179.25,25179.5,25175.25,25179.25,40,0,25174.33746
10/13/2025 19:26,25179.75,25180.5,25177.5,25179,19,0,25174.35875
10/13/2025 19:27,25179.25,25180.75,25179,25179.75,11,0,25174.37318
10/13/2025 19:28,25178,25178,25176.75,25178,26,0,25174.39306
10/13/2025 19:29,25178.5,25178.5,25175.5,25177,14,0,25174.40173
10/13/2025 19:30,25177,25177.75,25174.25,25177.75,50,0,25174.42732
10/13/2025 19:31,25177,25178.5,25175.25,25176.5,52,0,25174.45532
10/13/2025 19:32,25176,25176.75,25173.75,25175.5,43,0,25174.46399
10/13/2025 19:33,25173.5,25175.75,25168.75,25175,69,0,25174.44376
10/13/2025 19:34,25175.5,25176.75,25174.5,25176.75,33,0,25174.45528
10/13/2025 19:35,25177.75,25178,25172.25,25173,35,0,25174.45498
10/13/2025 19:36,25172.25,25172.25,25168,25168.5,44,0,25174.40774
10/13/2025 19:37,25169,25169.5,25156.75,25165.25,199,0,25173.96351
10/13/2025 19:38,25165.25,25167.5,25163.25,25167.5,53,0,25173.87632
10/13/2025 19:39,25167.75,25168.25,25165.25,25166.25,21,0,25173.84449
10/13/2025 19:40,25166.75,25166.75,25161.25,25162.25,45,0,25173.74785
10/13/2025 19:41,25162.5,25164,25160.5,25163.25,45,0,25173.64534
10/13/2025 19:42,25163.25,25167.5,25161,25167.25,41,0,25173.57569
10/13/2025 19:43,25166.75,25166.75,25161.25,25163.75,48,0,25173.48278
10/13/2025 19:44,25162,25164.25,25157,25158.5,55,0,25173.33489
10/13/2025 19:45,25158,25164.25,25156.75,25163.25,77,0,25173.15572
10/13/2025 19:46,25160.25,25162,25155.25,25156.5,74,0,25172.93869
10/13/2025 19:47,25156,25160.25,25156,25159.5,42,0,25172.82358
10/13/2025 19:48,25158.75,25161.25,25158.75,25161.25,47,0,25172.71325
10/13/2025 19:49,25161.75,25162.25,25159.75,25159.75,17,0,25172.67435
10/13/2025 19:50,25161.5,25164.5,25161.5,25163.75,41,0,25172.60203
10/13/2025 19:51,25164.75,25167,25162.25,25166.5,71,0,25172.50562
10/13/2025 19:52,25166.75,25166.75,25163,25165.25,13,0,25172.48764
10/13/2025 19:53,25165.25,25168.5,25164.25,25164.25,74,0,25172.39588
10/13/2025 19:54,25164,25167,25163.25,25167,41,0,25172.34672
10/13/2025 19:55,25167.25,25167.75,25166,25166.5,19,0,25172.32759
10/13/2025 19:56,25166.75,25167.5,25166.25,25166.75,21,0,25172.30692
10/13/2025 19:57,25167,25167.5,25166.25,25167.25,15,0,25172.2927
10/13/2025 19:58,25167.5,25168,25166,25168,15,0,25172.27945
10/13/2025 19:59,25168.5,25169.25,25165.25,25166,30,0,25172.25049
10/13/2025 20:00,25166.25,25169.75,25166.25,25168.75,41,0,25172.22163
10/13/2025 20:01,25168,25169.75,25161,25166.75,537,0,25171.6701
10/13/2025 20:02,25167.75,25169.75,25162,25168.5,187,0,25171.52649
10/13/2025 20:03,25167.75,25170.5,25167.25,25167.25,117,0,25171.46923
10/13/2025 20:04,25167.25,25175.25,25165.25,25174,155,0,25171.46994
10/13/2025 20:05,25175,25183,25173.75,25181.5,145,0,25171.6388
10/13/2025 20:06,25182.25,25187.5,25180.75,25187.25,143,0,25171.91646
10/13/2025 20:07,25186.75,25192.75,25184,25190,162,0,25172.30278
10/13/2025 20:08,25190.25,25195.5,25187.75,25195.25,115,0,25172.6287
10/13/2025 20:09,25195.25,25196,25188.25,25194.75,87,0,25172.87046
10/13/2025 20:10,25195.25,25199,25193.25,25194.75,96,0,25173.16512
10/13/2025 20:11,25194.25,25198.5,25191.5,25192,59,0,25173.32933
10/13/2025 20:12,25192.25,25194,25189.5,25191.25,43,0,25173.43358
10/13/2025 20:13,25191.5,25193.75,25186.5,25193.5,84,0,25173.63016
10/13/2025 20:14,25193.75,25204,25193.75,25204,99,0,25173.97616
10/13/2025 20:15,25204.25,25207.25,25199.25,25200.5,220,0,25174.76267
10/13/2025 20:16,25201,25215.5,25200,25213.5,239,0,25175.7836
10/13/2025 20:17,25214.5,25221,25212.25,25220.5,305,0,25177.29972
10/13/2025 20:18,25221,25234.5,25221,25227.5,435,0,25179.75844
10/13/2025 20:19,25227.75,25230.25,25223,25230,188,0,25180.75002
10/13/2025 20:20,25230,25231.5,25227.25,25228,126,0,25181.4079
10/13/2025 20:21,25229,25236.25,25227.5,25234.5,169,0,25182.33156
10/13/2025 20:22,25235.25,25239.25,25233.5,25237.75,166,0,25183.27793
10/13/2025 20:23,25237.75,25243.25,25237,25241.5,178,0,25184.32541
10/13/2025 20:24,25241.25,25243.5,25235.25,25238.5,159,0,25185.20512
10/13/2025 20:25,25238.75,25239,25232.5,25237.75,179,0,25186.11489
10/13/2025 20:26,25238.75,25247.5,25237,25245.5,252,0,25187.51101
10/13/2025 20:27,25245.75,25252,25245.25,25249.25,193,0,25188.63592
10/13/2025 20:28,25249.75,25254.5,25249,25250.75,137,0,25189.44291
10/13/2025 20:29,25251,25255.25,25248.5,25249.25,181,0,25190.47085
10/13/2025 20:30,25250,25255.5,25250,25255,79,0,25190.92692
10/13/2025 20:31,25255.25,25259.25,25252,25256.25,277,0,25192.53291
10/13/2025 20:32,25256.5,25259.5,25254.25,25256.5,210,0,25193.71534
10/13/2025 20:33,25257.25,25287.5,25256,25283.25,972,0,25200.14466
10/13/2025 20:34,25283,25300.75,25283,25292,786,0,25205.62462
10/13/2025 20:35,25292.75,25295.75,25284.75,25289.25,391,0,25208.05624
10/13/2025 20:36,25289.25,25289.25,25277,25283,322,0,25209.79729
10/13/2025 20:37,25283.5,25284.25,25275.25,25276.75,236,0,25210.95041
10/13/2025 20:38,25276.75,25284,25276.75,25280.25,154,0,25211.69939
10/13/2025 20:39,25278.75,25283.25,25278.75,25279,70,0,25212.03452
10/13/2025 20:40,25279.75,25281.75,25274,25277.5,142,0,25212.67905
10/13/2025 20:41,25276.25,25278,25272.25,25276.5,202,0,25213.54463
10/13/2025 20:42,25276,25276.5,25271.5,25275.5,88,0,25213.90785
10/13/2025 20:43,25274.75,25275.25,25270,25271,64,0,25214.15888
10/13/2025 20:44,25271.75,25276.75,25266.25,25275.5,304,0,25215.33733
10/13/2025 20:45,25276.5,25276.75,25269.5,25272.5,113,0,25215.76401
10/13/2025 20:46,25271,25271,25257.25,25264,252,0,25216.54954
10/13/2025 20:47,25263.5,25266.5,25261.25,25261.25,101,0,25216.85024
10/13/2025 20:48,25260.75,25265.5,25249.75,25251,358,0,25217.71532
10/13/2025 20:49,25251.5,25257.5,25246.5,25255,241,0,25218.24021
10/13/2025 20:50,25255.25,25258.25,25251.25,25254.5,165,0,25218.60745
10/13/2025 20:51,25255.25,25255.25,25250.5,25254.75,56,0,25218.72644
10/13/2025 20:52,25255.5,25260.25,25253.5,25259.25,158,0,25219.09752
10/13/2025 20:53,25258.5,25259.75,25252.5,25257,80,0,25219.27673
10/13/2025 20:54,25256.5,25259,25254,25255.25,53,0,25219.39345
10/13/2025 20:55,25254.25,25254.25,25251.75,25253.75,34,0,25219.46218
10/13/2025 20:56,25254,25258.25,25253.75,25257.25,59,0,25219.59192
10/13/2025 20:57,25257.5,25259.5,25256.5,25257.25,60,0,25219.72766
10/13/2025 20:58,25256.75,25258,25254.5,25254.5,37,0,25219.80633
10/13/2025 20:59,25255,25259.25,25255,25258.5,42,0,25219.89997
10/13/2025 21:00,25258.75,25265,25258.75,25264,131,0,25220.22741
10/13/2025 21:01,25263,25264,25257.75,25260.25,125,0,25220.52129
10/13/2025 21:02,25259.5,25264,25251.5,25262.5,113,0,25220.77459
10/13/2025 21:03,25262.25,25263.25,25256.75,25257.5,73,0,25220.93579
10/13/2025 21:04,25258.25,25261,25254.5,25256.25,63,0,25221.06689
10/13/2025 21:05,25255.25,25256.25,25239.5,25243,364,0,25221.58147
10/13/2025 21:06,25244.75,25245,25223.5,25225.75,625,0,25221.91484
10/13/2025 21:07,25225.5,25251.5,25225.25,25247.25,397,0,25222.32411
10/13/2025 21:08,25247,25257.25,25245,25252.25,181,0,25222.6018
10/13/2025 21:09,25252,25258.75,25247.5,25248.25,193,0,25222.89214
10/13/2025 21:10,25248,25248.75,25240,25244.5,132,0,25223.03903
10/13/2025 21:11,25244,25253.75,25241.5,25241.5,148,0,25223.21023
10/13/2025 21:12,25240.75,25249.5,25240,25249.5,116,0,25223.34704
10/13/2025 21:13,25249,25254,25246.75,25252.5,64,0,25223.43728
10/13/2025 21:14,25251.5,25256.25,25250.25,25254.25,148,0,25223.66241
10/13/2025 21:15,25253.25,25255,25248.25,25249.5,67,0,25223.75424
10/13/2025 21:16,25249.25,25249.25,25236.5,25237.75,148,0,25223.88288
10/13/2025 21:17,25236.25,25241.5,25235.25,25238.5,80,0,25223.94069
10/13/2025 21:18,25238.75,25242.5,25238.25,25240,38,0,25223.97144
10/13/2025 21:19,25238.75,25246.5,25238.75,25246,62,0,25224.03211
10/13/2025 21:20,25246,25249,25245.25,25246.75,74,0,25224.11589
10/13/2025 21:21,25247.5,25255.5,25247.5,25248.25,117,0,25224.2667
10/13/2025 21:22,25248.25,25251.5,25246,25249.75,49,0,25224.32616
10/13/2025 21:23,25248.25,25253,25248.25,25251.5,48,0,25224.38842
10/13/2025 21:24,25252.5,25254.75,25251.5,25254.5,36,0,25224.43959
10/13/2025 21:25,25254.5,25255,25248.25,25251.75,113,0,25224.58858
10/13/2025 21:26,25251.5,25256.5,25251.5,25256.5,51,0,25224.6631
10/13/2025 21:27,25256,25258,25253,25255.75,88,0,25224.79398
10/13/2025 21:28,25256.25,25259,25255.25,25256.25,67,0,25224.89691
10/13/2025 21:29,25255.5,25257.75,25254.75,25255,48,0,25224.96794
10/13/2025 21:30,25254.25,25255.25,25248.5,25250.25,117,0,25225.11469
10/13/2025 21:31,25250,25250.5,25243.75,25245.5,131,0,25225.24765
10/13/2025 21:32,25244.75,25247,25242.5,25245.5,72,0,25225.31466
10/13/2025 21:33,25245.25,25247,25243,25245.5,34,0,25225.34641
10/13/2025 21:34,25247.25,25253,25247.25,25252.25,90,0,25225.45386
10/13/2025 21:35,25251.75,25254.5,25249.75,25251,57,0,25225.52388
10/13/2025 21:36,25250.75,25254.25,25246,25247.5,97,0,25225.63092
10/13/2025 21:37,25247.25,25255.75,25247.25,25254.75,113,0,25225.77182
10/13/2025 21:38,25254.25,25254.75,25248.25,25249.25,118,0,25225.90744
10/13/2025 21:39,25248.5,25252.75,25247.5,25251.5,30,0,25225.94146
10/13/2025 21:40,25252.75,25260.75,25252.75,25260,65,0,25226.03642
10/13/2025 21:41,25260,25260.5,25256.25,25258.25,46,0,25226.10434
10/13/2025 21:42,25257.75,25264.25,25255.75,25264.25,80,0,25226.23302
10/13/2025 21:43,25263.75,25269,25260.25,25268.5,167,0,25226.53261
10/13/2025 21:44,25269,25269,25264,25266.5,75,0,25226.66766
10/13/2025 21:45,25266,25266.75,25260.25,25261,56,0,25226.75825
10/13/2025 21:46,25260.25,25261.75,25257.5,25258,55,0,25226.83795
10/13/2025 21:47,25259,25261,25255.75,25259.25,51,0,25226.91056
10/13/2025 21:48,25257.25,25257.75,25255,25257,24,0,25226.94238
10/13/2025 21:49,25258.25,25262,25256,25256,59,0,25227.02403
10/13/2025 21:50,25256,25259.75,25254.75,25258,68,0,25227.1161
10/13/2025 21:51,25258.5,25258.5,25251.5,25253.75,76,0,25227.20853
10/13/2025 21:52,25254.5,25256.75,25254.5,25256.25,31,0,25227.24776
10/13/2025 21:53,25257.25,25259,25253.75,25259,67,0,25227.33638
10/13/2025 21:54,25258,25258.25,25253.5,25254.5,49,0,25227.39691
10/13/2025 21:55,25254.25,25256.75,25254,25256.5,42,0,25227.4492
10/13/2025 21:56,25255.5,25258.75,25255,25257.5,19,0,25227.4739
10/13/2025 21:57,25257.5,25258,25255,25255,39,0,25227.52263
10/13/2025 21:58,25255.5,25262.5,25255.25,25260.5,70,0,25227.62011
10/13/2025 21:59,25260.5,25262.25,25259.5,25261.25,37,0,25227.67395
10/13/2025 22:00,25260.5,25263.75,25260.5,25262.25,124,0,25227.85941
10/13/2025 22:01,25261.75,25268,25261.75,25267,206,0,25228.19338
10/13/2025 22:02,25267,25267,25254.25,25254.25,151,0,25228.38878
10/13/2025 22:03,25254,25263.25,25253.75,25263.25,74,0,25228.48861
10/13/2025 22:04,25262.75,25271.5,25262.75,25270,201,0,25228.82448
10/13/2025 22:05,25269.75,25277,25266.5,25267.25,209,0,25229.18668
10/13/2025 22:06,25267.25,25273,25266,25271,102,0,25229.36009
10/13/2025 22:07,25271.25,25273,25263.75,25265.25,77,0,25229.4815
10/13/2025 22:08,25265,25266.5,25263,25265.75,54,0,25229.56115
10/13/2025 22:09,25265.5,25265.5,25263.75,25264.5,17,0,25229.5858
10/13/2025 22:10,25266.25,25268,25262.5,25264.25,55,0,25229.66607
10/13/2025 22:11,25263.75,25265.5,25259.5,25264,78,0,25229.77312
10/13/2025 22:12,25263.25,25263.75,25261.5,25263.5,36,0,25229.82218
10/13/2025 22:13,25263.5,25269,25262.25,25267,87,0,25229.95142
10/13/2025 22:14,25266.25,25266.25,25263.25,25265,44,0,25230.01418
10/13/2025 22:15,25264,25266.75,25263.75,25266.25,37,0,25230.06792
10/13/2025 22:16,25266,25269,25264.75,25268,60,0,25230.15879
10/13/2025 22:17,25268,25274.5,25268,25274.25,45,0,25230.23579
10/13/2025 22:18,25274.25,25274.25,25269.5,25271,31,0,25230.28784
10/13/2025 22:19,25270.75,25270.75,25267.25,25270.5,24,0,25230.32602
10/13/2025 22:20,25270.5,25275.25,25270.5,25272.25,58,0,25230.42541
10/13/2025 22:21,25271.25,25272.75,25271.25,25272,17,0,25230.45399
10/13/2025 22:22,25272.75,25274.5,25271.75,25274,16,0,25230.48177
10/13/2025 22:23,25273.5,25273.5,25270.75,25272.25,28,0,25230.52889
10/13/2025 22:24,25271.75,25273.25,25266.75,25266.75,44,0,25230.59696
10/13/2025 22:25,25267.25,25270.5,25265.5,25269.75,63,0,25230.69316
10/13/2025 22:26,25269.75,25271,25262,25262.25,59,0,25230.77453
10/13/2025 22:27,25261.75,25264.5,25258.25,25260,70,0,25230.85891
10/13/2025 22:28,25260.75,25260.75,25255.75,25255.75,47,0,25230.90873
10/13/2025 22:29,25255.75,25255.75,25246.5,25247.75,119,0,25230.99898
10/13/2025 22:30,25247,25249,25244,25244,109,0,25231.06222
10/13/2025 22:31,25244.75,25249,25242,25246.5,117,0,25231.13027
10/13/2025 22:32,25245.75,25248.25,25240.5,25241.25,64,0,25231.16094
10/13/2025 22:33,25241.5,25245,25238.75,25241.75,84,0,25231.19604
10/13/2025 22:34,25241.75,25242.75,25238.75,25241.75,112,0,25231.23919
10/13/2025 22:35,25241,25241,25237.25,25237.75,84,0,25231.26343
10/13/2025 22:36,25237,25241,25232.5,25236.25,135,0,25231.29119
10/13/2025 22:37,25235.5,25239.75,25233.25,25236.5,89,0,25231.30904
10/13/2025 22:38,25237.25,25240,25234.25,25235,56,0,25231.32003
10/13/2025 22:39,25234,25236.25,25233.5,25236.25,38,0,25231.32588
10/13/2025 22:40,25236.25,25241,25236.25,25236.25,79,0,25231.34555
10/13/2025 22:41,25237,25241.5,25235.5,25240.5,83,0,25231.37031
10/13/2025 22:42,25240.75,25242,25238.5,25239.5,41,0,25231.38378
10/13/2025 22:43,25239.5,25241.5,25238.25,25239.75,22,0,25231.39085
10/13/2025 22:44,25240.75,25241.25,25239.25,25239.5,34,0,25231.40197
10/13/2025 22:45,25239.75,25239.75,25237.5,25237.75,36,0,25231.41144
10/13/2025 22:46,25238,25239.5,25237.25,25237.25,18,0,25231.41594
10/13/2025 22:47,25238.25,25239.25,25230.25,25230.75,87,0,25231.42252
10/13/2025 22:48,25230.75,25233.25,25224,25224,243,0,25231.38303
10/13/2025 22:49,25223.75,25227.75,25220,25220.25,331,0,25231.27631
10/13/2025 22:50,25221,25225.75,25220.5,25223.75,167,0,25231.22754
10/13/2025 22:51,25222,25222.25,25219,25220.75,49,0,25231.20855
10/13/2025 22:52,25220.75,25221.25,25210.5,25213.5,263,0,25231.05441
10/13/2025 22:53,25213.25,25217.5,25207.25,25215.75,164,0,25230.95039
10/13/2025 22:54,25216.25,25216.5,25213.5,25215.25,56,0,25230.91835
10/13/2025 22:55,25216.75,25218.75,25215.5,25216.5,49,0,25230.89365
10/13/2025 22:56,25217.5,25219.5,25216.25,25216.25,31,0,25230.87854
10/13/2025 22:57,25215.5,25216.75,25211.75,25216.75,79,0,25230.8338
10/13/2025 22:58,25216.5,25216.5,25211.25,25213.5,48,0,25230.80445
10/13/2025 22:59,25213.5,25214.75,25213.25,25214.25,18,0,25230.79369
10/13/2025 23:00,25214.5,25215.5,25210.25,25210.75,42,0,25230.76575
10/13/2025 23:01,25210.75,25214.75,25205,25206.25,190,0,25230.6168
10/13/2025 23:02,25206.25,25210.75,25206.25,25207.75,143,0,25230.50391
10/13/2025 23:03,25207.5,25210.25,25206.5,25209.75,74,0,25230.44746
10/13/2025 23:04,25211.5,25211.5,25206.5,25207.75,199,0,25230.29536
10/13/2025 23:05,25207,25207.75,25193.5,25194.5,335,0,25229.92829
10/13/2025 23:06,25194.75,25194.75,25184,25190.25,497,0,25229.24855
10/13/2025 23:07,25190.5,25199.75,25190.5,25197.5,133,0,25229.09864
10/13/2025 23:08,25197.25,25197.25,25192.75,25196.25,114,0,25228.96929
10/13/2025 23:09,25196.25,25196.25,25181.5,25183.75,183,0,25228.71316
10/13/2025 23:10,25184,25186.5,25177,25182.25,238,0,25228.34322
10/13/2025 23:11,25181.75,25182.5,25176.75,25177,119,0,25228.14796
10/13/2025 23:12,25177.25,25188.25,25176.5,25187.5,122,0,25227.97082
10/13/2025 23:13,25188.25,25188.5,25183.75,25183.75,82,0,25227.85592
10/13/2025 23:14,25184.25,25184.25,25176.5,25178.5,128,0,25227.65441
10/13/2025 23:15,25178.5,25182.25,25178.5,25181.75,49,0,25227.57945
10/13/2025 23:16,25181,25184,25177.75,25179,63,0,25227.48222
10/13/2025 23:17,25178.75,25183,25178.25,25182,65,0,25227.38409
10/13/2025 23:18,25180.75,25181.25,25173.25,25174.25,96,0,25227.22487
10/13/2025 23:19,25174.25,25177.5,25172,25173.5,211,0,25226.86534
10/13/2025 23:20,25174.5,25176,25166.25,25167.5,197,0,25226.5062
10/13/2025 23:21,25168,25173.5,25167.5,25167.5,97,0,25226.32973
10/13/2025 23:22,25168,25171.5,25165.5,25167,99,0,25226.14602
10/13/2025 23:23,25167.5,25170.75,25164.5,25169.25,132,0,25225.90357
10/13/2025 23:24,25170.25,25178,25170.25,25174,144,0,25225.66825
10/13/2025 23:25,25174,25177.5,25174,25177,69,0,25225.56077
10/13/2025 23:26,25177.5,25186,25177.5,25183.5,165,0,25225.33748
10/13/2025 23:27,25183.5,25186.25,25182.5,25184.25,93,0,25225.21845
10/13/2025 23:28,25184,25184,25177.5,25180,100,0,25225.0793
10/13/2025 23:29,25180.25,25182.5,25179,25182,53,0,25225.007
10/13/2025 23:30,25182.75,25183.5,25180,25181,49,0,25224.94088
10/13/2025 23:31,25182,25183,25174.75,25178.5,137,0,25224.74542
10/13/2025 23:32,25178.5,25180,25173.75,25176.25,88,0,25224.61509
10/13/2025 23:33,25177,25179.5,25174.5,25174.5,82,0,25224.49303
10/13/2025 23:34,25175,25175.75,25172.5,25173,86,0,25224.35929
10/13/2025 23:35,25173.25,25174.75,25167.25,25168,142,0,25224.12377
10/13/2025 23:36,25168.5,25171.5,25167,25167.75,82,0,25223.98557
10/13/2025 23:37,25168.25,25178.5,25168.25,25176,108,0,25223.82262
10/13/2025 23:38,25176.25,25181.5,25173.75,25179.75,87,0,25223.70288
10/13/2025 23:39,25180.25,25184,25180.25,25181.75,86,0,25223.59465
10/13/2025 23:40,25181.5,25184,25179.5,25183,77,0,25223.49861
10/13/2025 23:41,25183.25,25185.5,25181.5,25182.25,79,0,25223.40271
10/13/2025 23:42,25183.25,25185,25182.25,25182.75,40,0,25223.35463
10/13/2025 23:43,25182.25,25182.75,25179.25,25179.75,67,0,25223.26883
10/13/2025 23:44,25178.75,25184.75,25178.25,25184.25,101,0,25223.14566
10/13/2025 23:45,25184.5,25185,25179.5,25182.25,60,0,25223.07255
10/13/2025 23:46,25181.25,25185,25178.25,25180,84,0,25222.96772
10/13/2025 23:47,25179,25180.5,25173,25180.5,87,0,25222.85174
10/13/2025 23:48,25180.75,25180.75,25171,25175.75,107,0,25222.70307
10/13/2025 23:49,25175.5,25178.75,25175,25175,52,0,25222.63179
10/13/2025 23:50,25174.5,25178,25174.5,25178,27,0,25222.59534
10/13/2025 23:51,25178.25,25179.75,25176.5,25178.25,25,0,25222.56261
10/13/2025 23:52,25177.75,25177.75,25175.5,25175.5,22,0,25222.53261
10/13/2025 23:53,25175.75,25175.75,25169.75,25171.5,73,0,25222.42495
10/13/2025 23:54,25171,25177.5,25169.5,25170.25,76,0,25222.31354
10/13/2025 23:55,25169.5,25169.5,25160.5,25164,234,0,25221.92082
10/13/2025 23:56,25164.5,25166.75,25162.25,25164.25,113,0,25221.73226
10/13/2025 23:57,25165,25171.75,25165,25171.75,77,0,25221.61581
10/13/2025 23:58,25171,25175.75,25169.75,25171.25,119,0,25221.4463
10/13/2025 23:59,25171.75,25173.75,25165.5,25171.5,111,0,25221.28286
10/14/2025 0:00,25172,25172,25167,25168,104,0,25221.12693
10/14/2025 0:01,25169,25173.5,25167.5,25169.75,69,0,25221.02646
10/14/2025 0:02,25169.75,25170.75,25163,25163.25,69,0,25220.91735
10/14/2025 0:03,25163.25,25164.75,25156.5,25162,279,0,25220.4443
10/14/2025 0:04,25162,25162.25,25126,25128.25,1025,0,25218.14074
10/14/2025 0:05,25129,25149.5,25129,25144.25,415,0,25217.26819
10/14/2025 0:06,25144.25,25156,25144.25,25151.25,265,0,25216.78991
10/14/2025 0:07,25150.75,25152,25139.75,25140.25,296,0,25216.21212
10/14/2025 0:08,25141,25146.25,25130.25,25132,260,0,25215.65788
10/14/2025 0:09,25132,25140.25,25130,25132.25,210,0,25215.20467
10/14/2025 0:10,25132.75,25135.25,25110.25,25114.25,811,0,25213.20113
10/14/2025 0:11,25114.5,25119.5,25099,25111,616,0,25211.57624
10/14/2025 0:12,25111.5,25115.75,25096,25100.25,347,0,25210.63201
10/14/2025 0:13,25100.5,25107,25094,25096,344,0,25209.66904
10/14/2025 0:14,25096.25,25097.75,25090.5,25096,233,0,25209.00149
10/14/2025 0:15,25096.5,25102,25091.5,25093.25,197,0,25208.44717
10/14/2025 0:16,25094.75,25095.5,25084,25087.5,367,0,25207.36943
10/14/2025 0:17,25087.25,25089.25,25072.75,25074.25,402,0,25206.1107
10/14/2025 0:18,25074.5,25079.5,25061.25,25064,518,0,25204.39386
10/14/2025 0:19,25064.75,25066.5,25032,25045.5,1052,0,25200.536
10/14/2025 0:20,25046.75,25052,25031.5,25034.25,505,0,25198.6485
10/14/2025 0:21,25034.5,25042.5,25026.25,25034,566,0,25196.52009
10/14/2025 0:22,25035,25046.5,25026.75,25031,444,0,25194.89367
10/14/2025 0:23,25031.5,25066,25030.5,25065.75,624,0,25192.93177
10/14/2025 0:24,25065.75,25068.75,25054.5,25058,380,0,25191.81687
10/14/2025 0:25,25059.25,25069,25059,25065.25,263,0,25191.07932
10/14/2025 0:26,25066.5,25074.25,25058,25073.5,234,0,25190.45159
10/14/2025 0:27,25073.25,25076.25,25056.5,25059.25,288,0,25189.65905
10/14/2025 0:28,25059.25,25062.5,25043.25,25044,270,0,25188.84274
10/14/2025 0:29,25045,25045,25034.5,25035.5,373,0,25187.63786
10/14/2025 0:30,25036.25,25042.25,25030,25040.75,252,0,25186.83112
10/14/2025 0:31,25040.75,25044.25,25027.5,25030.75,223,0,25186.10784
10/14/2025 0:32,25032,25035.25,25010,25019.5,573,0,25184.12907
10/14/2025 0:33,25018.5,25019.75,25006.5,25017.25,362,0,25182.84989
10/14/2025 0:34,25015.75,25040.25,25015.5,25036,316,0,25181.85411
10/14/2025 0:35,25037.5,25052,25037.5,25050.25,268,0,25181.10798
10/14/2025 0:36,25050.75,25053.5,25033.5,25035,215,0,25180.48927
10/14/2025 0:37,25035.5,25052.25,25030.5,25043,220,0,25179.8674
10/14/2025 0:38,25044.25,25061.5,25044.25,25057,268,0,25179.18441
10/14/2025 0:39,25053.5,25059.25,25050.75,25058.75,145,0,25178.82383
10/14/2025 0:40,25058.5,25061.75,25051.5,25054,160,0,25178.42679
10/14/2025 0:41,25053.75,25054.5,25046.5,25046.5,126,0,25178.09923
10/14/2025 0:42,25047.5,25051.25,25045.5,25050.5,86,0,25177.87647
10/14/2025 0:43,25050.25,25052.5,25044.5,25052,250,0,25177.23616
10/14/2025 0:44,25052.5,25057.75,25040,25043.75,232,0,25176.63612
10/14/2025 0:45,25043.75,25054,25043.75,25051.25,95,0,25176.39672
10/14/2025 0:46,25049.5,25055.25,25043.75,25054.25,101,0,25176.14603
10/14/2025 0:47,25054.75,25055.5,25044.75,25045,107,0,25175.87589
10/14/2025 0:48,25043.75,25047.25,25034.25,25035.25,170,0,25175.41723
10/14/2025 0:49,25037,25044.75,25033.75,25036,176,0,25174.94301
10/14/2025 0:50,25036.25,25037.25,25030.25,25030.75,269,0,25174.19606
10/14/2025 0:51,25030,25031.25,25019.25,25024.75,427,0,25172.96296
10/14/2025 0:52,25025.25,25030,25020.75,25022,180,0,25172.44634
10/14/2025 0:53,25022.75,25037.25,25022.75,25036.75,125,0,25172.10894
10/14/2025 0:54,25035.75,25042.5,25035.75,25042.5,170,0,25171.67878
10/14/2025 0:55,25042.75,25048.5,25040,25046.5,130,0,25171.36354
10/14/2025 0:56,25048.25,25058.5,25047,25051.75,223,0,25170.85794
10/14/2025 0:57,25051.5,25055.75,25047.75,25055.5,149,0,25170.52416
10/14/2025 0:58,25055.75,25062.25,25055.75,25060.75,101,0,25170.31159
10/14/2025 0:59,25059.75,25061.75,25054.5,25059.5,90,0,25170.12116
10/14/2025 1:00,25060.5,25065.25,25057.5,25062.75,189,0,25169.73494
10/14/2025 1:01,25062,25066.5,25054.75,25066.25,380,0,25168.97144
10/14/2025 1:02,25065.75,25066,25053.75,25057.5,149,0,25168.66552
10/14/2025 1:03,25056.75,25057.75,25044.5,25048,214,0,25168.19327
10/14/2025 1:04,25046.5,25049.5,25043,25044.75,101,0,25167.96355
10/14/2025 1:05,25045.25,25052.25,25045.25,25050,141,0,25167.65323
10/14/2025 1:06,25050.25,25050.25,25044,25045.5,57,0,25167.52551
10/14/2025 1:07,25044.5,25059.75,25042.25,25056.5,159,0,25167.18901
10/14/2025 1:08,25057,25066.25,25050.75,25066.25,130,0,25166.93509
10/14/2025 1:09,25065,25067,25052,25053,148,0,25166.6373
10/14/2025 1:10,25053,25062,25052.75,25061.5,78,0,25166.48303
10/14/2025 1:11,25061.25,25068.75,25057.25,25061.25,168,0,25166.16351
10/14/2025 1:12,25061,25061,25047.75,25048.75,194,0,25165.76194
10/14/2025 1:13,25048.25,25055.75,25046.75,25052,116,0,25165.52107
10/14/2025 1:14,25051.25,25055.5,25047.75,25053,73,0,25165.37078
10/14/2025 1:15,25053.25,25055.75,25051,25055.75,62,0,25165.24579
10/14/2025 1:16,25056,25061,25050,25057,104,0,25165.04021
10/14/2025 1:17,25056.75,25071,25056.75,25068.25,178,0,25164.72011
10/14/2025 1:18,25066.5,25069.75,25059.75,25060,178,0,25164.39512
10/14/2025 1:19,25059.75,25069,25058.5,25058.75,137,0,25164.14374
10/14/2025 1:20,25058.5,25068,25057.5,25065.25,129,0,25163.91163
10/14/2025 1:21,25065,25071,25063.75,25066,91,0,25163.75395
10/14/2025 1:22,25065.75,25068.75,25062.75,25062.75,79,0,25163.61443
10/14/2025 1:23,25062.5,25070.5,25059,25064,197,0,25163.26734
10/14/2025 1:24,25063.75,25064.5,25051,25056.5,174,0,25162.94069
10/14/2025 1:25,25055.75,25064.5,25055.25,25063,161,0,25162.65043
10/14/2025 1:26,25062,25063.25,25052,25054,214,0,25162.25021
10/14/2025 1:27,25053.5,25057.5,25049,25056.25,105,0,25162.05094
10/14/2025 1:28,25057.25,25062,25053,25053,75,0,25161.91136
10/14/2025 1:29,25051.75,25059.75,25051.75,25056.75,94,0,25161.73708
10/14/2025 1:30,25055.75,25057.75,25046.75,25047.25,352,0,25161.05579
10/14/2025 1:31,25049,25053.5,25039.5,25040.5,169,0,25160.71381
10/14/2025 1:32,25041.25,25045.5,25038,25040.25,119,0,25160.46751
10/14/2025 1:33,25040.25,25040.5,25025.25,25026.5,259,0,25159.88802
10/14/2025 1:34,25027,25033.25,25022.5,25027,172,0,25159.49667
10/14/2025 1:35,25027.5,25031.5,25021,25024.75,157,0,25159.13654
10/14/2025 1:36,25024.5,25028.75,24997.5,24997.5,482,0,25157.89669
10/14/2025 1:37,24997.75,25003.5,24993.5,24994.25,294,0,25157.09646
10/14/2025 1:38,24994.75,25000.5,24989,24994.25,331,0,25156.19107
10/14/2025 1:39,24994.75,24996,24983.5,24983.5,251,0,25155.48211
10/14/2025 1:40,24984.25,24987,24944.5,24955.5,928,0,25152.52393
10/14/2025 1:41,24955.5,24964.5,24933,24942.5,898,0,25149.51759
10/14/2025 1:42,24943.5,24947,24926.75,24939.5,507,0,25147.78579
10/14/2025 1:43,24940.75,24943.5,24932.75,24941,375,0,25146.53101
10/14/2025 1:44,24941.5,24942.5,24927.25,24927.25,437,0,25145.04071
10/14/2025 1:45,24928.25,24936.75,24924.75,24935,353,0,25143.851
10/14/2025 1:46,24934.75,24938.75,24916.75,24938.75,645,0,25141.70358
10/14/2025 1:47,24938,24944.25,24928.75,24928.75,460,0,25140.21632
10/14/2025 1:48,24931,24935,24913,24917.25,541,0,25138.39262
10/14/2025 1:49,24918,24937.5,24907,24937.5,585,0,25136.5045
10/14/2025 1:50,24936.5,24953.75,24923.75,24952.5,461,0,25135.15224
10/14/2025 1:51,24952.75,24966.25,24941.5,24960.25,559,0,25133.64431
10/14/2025 1:52,24959.75,24963,24948.5,24962,335,0,25132.76193
10/14/2025 1:53,24959.75,24970.75,24956.5,24967,274,0,25132.07507
10/14/2025 1:54,24967,24972.25,24962.75,24968,305,0,25131.33027
10/14/2025 1:55,24967.25,24969.75,24962.25,24966.75,445,0,25130.24634
10/14/2025 1:56,24966,24968,24959.5,24961.5,149,0,25129.87944
10/14/2025 1:57,24962.25,24968,24958.5,24960.25,121,0,25129.58135
10/14/2025 1:58,24961.25,24966,24959.75,24960.75,234,0,25129.00757
10/14/2025 1:59,24960.5,24970.25,24960.25,24966.75,114,0,25128.73544
10/14/2025 2:00,24966.5,24968.25,24955.25,24963.25,410,0,25127.7433
10/14/2025 2:01,24963,24968.5,24949,24950,320,0,25126.94742
10/14/2025 2:02,24948.5,24980.75,24947.5,24967.25,672,0,25125.38969
10/14/2025 2:03,24967.75,24976.5,24959.75,24972.75,181,0,25124.98688
10/14/2025 2:04,24970.75,24980,24966.25,24971,249,0,25124.44589
10/14/2025 2:05,24971.25,24976.25,24965.5,24968.25,141,0,25124.13639
10/14/2025 2:06,24967.5,24969,24962,24963,74,0,25123.96886
10/14/2025 2:07,24963.75,24976.5,24960,24974.5,160,0,25123.62066
10/14/2025 2:08,24975.5,24991,24974.25,24988.25,353,0,25122.92849
10/14/2025 2:09,24987.75,24988.25,24972.75,24974,266,0,25122.38841
10/14/2025 2:10,24974,24980.75,24969.5,24970.5,181,0,25122.01117
10/14/2025 2:11,24970.25,24978.25,24969.5,24975.75,152,0,25121.69779
10/14/2025 2:12,24976.5,24990.5,24975.25,24988,177,0,25121.35943
10/14/2025 2:13,24987.5,24999,24979.5,24997.5,364,0,25120.70627
10/14/2025 2:14,24996.75,25003.75,24996,24999.25,317,0,25120.17635
10/14/2025 2:15,24999,25005.5,24997.75,25004.5,220,0,25119.82014
10/14/2025 2:16,25005.5,25005.75,24996,24996,233,0,25119.43457
10/14/2025 2:17,24995.25,24997.75,24989,24990,147,0,25119.17848
10/14/2025 2:18,24990,24990.5,24976.5,24979.25,284,0,25118.64724
10/14/2025 2:19,24979.5,24982,24975.25,24980,206,0,25118.25607
10/14/2025 2:20,24979.75,24984.25,24969.75,24972.5,226,0,25117.81844
10/14/2025 2:21,24971.75,24978.5,24969.5,24976,171,0,25117.48717
10/14/2025 2:22,24975.75,24976,24955.75,24956.25,302,0,25116.85701
10/14/2025 2:23,24957,24961.25,24948.25,24950.5,309,0,25116.17881
10/14/2025 2:24,24951.25,24955.75,24947.25,24951.25,170,0,25115.80373
10/14/2025 2:25,24951.25,24971.75,24951.25,24967,327,0,25115.13897
10/14/2025 2:26,24968.25,24981.25,24967,24971.5,325,0,25114.52679
10/14/2025 2:27,24973.75,24979.25,24967.25,24977.25,191,0,25114.17285
10/14/2025 2:28,24978.25,24978.75,24958.75,24963.75,313,0,25113.56572
10/14/2025 2:29,24962.25,24970.75,24959.75,24965.5,165,0,25113.24388
10/14/2025 2:30,24965.25,24971.25,24962.25,24968.5,188,0,25112.88382
10/14/2025 2:31,24968.5,24977.75,24968.5,24976.25,224,0,25112.47715
10/14/2025 2:32,24976.5,24986.75,24969,24974.75,271,0,25111.99776
10/14/2025 2:33,24975.75,24986,24972.5,24986,164,0,25111.71924
10/14/2025 2:34,24986,24986.5,24971.75,24975.5,140,0,25111.47591
10/14/2025 2:35,24977.25,24981,24974,24975.75,94,0,25111.31181
10/14/2025 2:36,24975.75,24984.5,24975.75,24979.75,79,0,25111.17736
10/14/2025 2:37,24978.75,24980.5,24973,24973,74,0,25111.04736
10/14/2025 2:38,24971.5,24971.75,24960.25,24962.5,335,0,25110.41587
10/14/2025 2:39,24963,24968.5,24957.5,24958.5,179,0,25110.073
10/14/2025 2:40,24958,24962.25,24953,24955.25,193,0,25109.69352
10/14/2025 2:41,24955.5,24958.75,24937.5,24945,328,0,25109.01204
10/14/2025 2:42,24943.25,24943.75,24929.25,24931.25,387,0,25108.1546
10/14/2025 2:43,24932,24933.5,24922,24932.5,338,0,25107.38942
10/14/2025 2:44,24933,24941.25,24932,24938.75,188,0,25106.98564
10/14/2025 2:45,24940,24940.75,24927.25,24930.75,167,0,25106.61927
10/14/2025 2:46,24931.75,24949.75,24931.75,24945.75,235,0,25106.13438
10/14/2025 2:47,24946,24955.5,24940.5,24953.5,252,0,25105.64099
10/14/2025 2:48,24952.5,24952.5,24937.5,24938.25,143,0,25105.34974
10/14/2025 2:49,24937.75,24953.75,24932.25,24953.5,216,0,25104.92186
10/14/2025 2:50,24953.5,24964.25,24952.5,24958.25,201,0,25104.55535
10/14/2025 2:51,24958.5,24966.5,24953.5,24963.25,149,0,25104.28993
10/14/2025 2:52,24962.25,24965,24947,24948,145,0,25104.01865
10/14/2025 2:53,24947.5,24956.75,24942,24954.75,106,0,25103.81811
10/14/2025 2:54,24955,24955.75,24949.25,24952.75,92,0,25103.64609
10/14/2025 2:55,24952.75,24955,24946.5,24948.5,87,0,25103.481
10/14/2025 2:56,24948,24954,24940,24941.75,128,0,25103.23126
10/14/2025 2:57,24941.25,24951,24938.5,24951,145,0,25102.95213
10/14/2025 2:58,24952,24952.25,24937.5,24945,203,0,25102.55824
10/14/2025 2:59,24943.25,24948,24936.5,24938.25,180,0,25102.2018
10/14/2025 3:00,24938.75,24944.75,24936,24942.5,179,0,25101.84925
10/14/2025 3:01,24942.5,24947.5,24935,24938.5,327,0,25101.2062
10/14/2025 3:02,24939.5,24957.5,24939.5,24950.25,290,0,25100.67097
10/14/2025 3:03,24950.25,24952.75,24938,24938.25,254,0,25100.18657
10/14/2025 3:04,24938.25,24940.5,24923.75,24927,333,0,25099.50553
10/14/2025 3:05,24926.5,24930,24915.5,24917.5,383,0,25098.6857
10/14/2025 3:06,24918,24935,24913.25,24926.75,355,0,25097.94947
10/14/2025 3:07,24927.5,24929,24885.5,24888.5,707,0,25096.30074
10/14/2025 3:08,24889.25,24898,24884.75,24894,653,0,25094.73514
10/14/2025 3:09,24893.75,24911,24893.75,24909.75,306,0,25094.05481
10/14/2025 3:10,24910.25,24917.75,24908.75,24912,231,0,25093.56602
10/14/2025 3:11,24911.25,24932,24910,24930.5,294,0,25092.9865
10/14/2025 3:12,24931.25,24941,24926,24935,217,0,25092.58606
10/14/2025 3:13,24936,24948.25,24933,24938,267,0,25092.11388
10/14/2025 3:14,24938.25,24944.75,24936,24938.75,177,0,25091.80264
10/14/2025 3:15,24938.75,24939,24929.5,24934.25,195,0,25091.44867
10/14/2025 3:16,24934.5,24954,24933,24949.25,422,0,25090.74209
10/14/2025 3:17,24950.25,24976,24950.25,24974.75,573,0,25089.93443
10/14/2025 3:18,24975,24978.5,24966.25,24978.5,401,0,25089.40918
10/14/2025 3:19,24977.75,24982.5,24961.75,24972,403,0,25088.87548
10/14/2025 3:20,24971,24971.5,24965.25,24966.25,168,0,25088.64607
10/14/2025 3:21,24965.25,24965.25,24952.25,24956.75,339,0,25088.14932
10/14/2025 3:22,24956.5,24956.5,24947.75,24951.75,109,0,25087.98297
10/14/2025 3:23,24951,24958,24949.25,24954.75,112,0,25087.81497
10/14/2025 3:24,24955,24955.5,24940.25,24947.25,175,0,25087.54093
10/14/2025 3:25,24949.25,24952.5,24941,24945,141,0,25087.31855
10/14/2025 3:26,24945.25,24957.25,24945.25,24951.5,159,0,25087.07777
10/14/2025 3:27,24952.25,24963.25,24951,24960,166,0,25086.83974
10/14/2025 3:28,24960.5,24969,24956.5,24965.5,270,0,25086.47118
10/14/2025 3:29,24964.75,24966.75,24955,24960.25,207,0,25086.18324
10/14/2025 3:30,24960,24966,24957.25,24963.25,120,0,25086.0189
10/14/2025 3:31,24962.75,24974,24960.25,24971,195,0,25085.76622
10/14/2025 3:32,24970.5,24974,24957.25,24957.25,180,0,25085.52288
10/14/2025 3:33,24956.5,24958.25,24950,24953.25,149,0,25085.30746
10/14/2025 3:34,24954,24955,24941.75,24944.5,184,0,25085.02879
10/14/2025 3:35,24943.5,24948.25,24939,24945.75,140,0,25084.8133
10/14/2025 3:36,24946,24954.25,24945.75,24945.75,101,0,25084.66294
10/14/2025 3:37,24945.75,24955.75,24943.5,24948.5,101,0,25084.51365
10/14/2025 3:38,24949.75,24956,24862,24877,1317,0,25081.87503
10/14/2025 3:39,24878.5,24920.75,24855,24917.75,2108,0,25077.79274
10/14/2025 3:40,24919,24922.75,24897.25,24908.75,772,0,25076.43733
10/14/2025 3:41,24909.75,24925.25,24904,24904,463,0,25075.64208
10/14/2025 3:42,24905.5,24920.25,24890.25,24919.75,375,0,25074.99968
10/14/2025 3:43,24920.5,24926.5,24897.25,24899,460,0,25074.20661
10/14/2025 3:44,24899.5,24908.75,24886.75,24897,401,0,25073.47989
10/14/2025 3:45,24896.5,24915.75,24888.5,24909.5,340,0,25072.893
10/14/2025 3:46,24908,24917.5,24906.25,24917,212,0,25072.54857
10/14/2025 3:47,24917,24926.75,24909.5,24912.5,331,0,25072.02276
10/14/2025 3:48,24911,24918,24905.25,24911,172,0,25071.74248
10/14/2025 3:49,24910.5,24914.5,24898.75,24901,202,0,25071.40093
10/14/2025 3:50,24900.75,24902,24891.5,24893.5,245,0,25070.96607
10/14/2025 3:51,24893.25,24913.25,24892.75,24902,257,0,25070.53034
10/14/2025 3:52,24902,24902,24887.5,24892.5,383,0,25069.85184
10/14/2025 3:53,24892,24899.25,24882.75,24883.5,409,0,25069.11053
10/14/2025 3:54,24884,24892.75,24878.25,24884.25,318,0,25068.52751
10/14/2025 3:55,24884.25,24890.75,24879.75,24889,315,0,25067.95805
10/14/2025 3:56,24888.5,24916,24885.5,24907.75,599,0,25066.98302
10/14/2025 3:57,24908.5,24908.75,24895.25,24898.25,256,0,25066.56394
10/14/2025 3:58,24897.5,24900.75,24877,24878.25,432,0,25065.7962
10/14/2025 3:59,24878,24886.5,24873,24881.25,319,0,25065.21759
10/14/2025 4:00,24881.25,24904.25,24880.25,24904,338,0,25064.66087
10/14/2025 4:01,24904,24910.5,24892.75,24909.5,531,0,25063.83522
10/14/2025 4:02,24909.25,24916,24891.75,24893.75,420,0,25063.17295
10/14/2025 4:03,24892.5,24893.5,24868.5,24869,420,0,25062.42113
10/14/2025 4:04,24869.75,24871,24861.5,24867,370,0,25061.72661
10/14/2025 4:05,24865.75,24867.5,24848.75,24853.5,732,0,25060.29792
10/14/2025 4:06,24853.5,24879.75,24849.5,24858.25,796,0,25058.81121
10/14/2025 4:07,24858.5,24862.5,24842.75,24852,781,0,25057.30026
10/14/2025 4:08,24853.5,24862.75,24849,24859.25,592,0,25056.19491
10/14/2025 4:09,24859.75,24878.25,24858.75,24878,364,0,25055.5709
10/14/2025 4:10,24878.25,24884.75,24866.5,24874.75,290,0,25055.08662
10/14/2025 4:11,24875.5,24887.5,24873.75,24885.25,205,0,25054.7588
10/14/2025 4:12,24885.75,24901.25,24885.75,24898,290,0,25054.3315
10/14/2025 4:13,24898.5,24909,24894.5,24907.75,262,0,25053.96851
10/14/2025 4:14,24907.5,24918,24898.5,24902.5,435,0,25053.37998
10/14/2025 4:15,24903.5,24912.75,24899,24902.5,224,0,25053.07551
10/14/2025 4:16,24902.75,24905,24892,24892.5,255,0,25052.71122
10/14/2025 4:17,24893,24897.25,24887.25,24892.25,181,0,25052.44666
10/14/2025 4:18,24893,24901.25,24890,24901.25,173,0,25052.20287
10/14/2025 4:19,24901.75,24908.5,24896.75,24902.25,152,0,25051.99621
10/14/2025 4:20,24902.75,24912,24899,24907,165,0,25051.77776
10/14/2025 4:21,24907.5,24910.75,24903.75,24904.5,142,0,25051.5907
10/14/2025 4:22,24904.5,24908.25,24903.75,24906,105,0,25051.45238
10/14/2025 4:23,24906.25,24915.5,24905,24913.5,148,0,25051.265
10/14/2025 4:24,24914.25,24920.75,24912.5,24918.25,225,0,25050.99291
10/14/2025 4:25,24919,24919.75,24905.5,24911.75,142,0,25050.81558
10/14/2025 4:26,24911.25,24916.5,24908.75,24913.25,111,0,25050.67778
10/14/2025 4:27,24914,24918.5,24906.25,24910,200,0,25050.42793
10/14/2025 4:28,24910,24913,24900.5,24902.5,151,0,25050.23143
10/14/2025 4:29,24903,24910.5,24900,24909.75,92,0,25050.11314
10/14/2025 4:30,24909.75,24919.25,24909.25,24916.25,230,0,25049.83505
10/14/2025 4:31,24916.5,24932.5,24916.5,24931.75,343,0,25049.45915
10/14/2025 4:32,24932,24934,24920.25,24924.25,204,0,25049.23531
10/14/2025 4:33,24924.75,24929,24917.75,24917.75,98,0,25049.124
10/14/2025 4:34,24919.25,24925.25,24918.75,24921.25,98,0,25049.01311
10/14/2025 4:35,24920.75,24926.25,24919.25,24924.25,123,0,25048.87583
10/14/2025 4:36,24925.25,24937,24923,24935.5,263,0,25048.60329
10/14/2025 4:37,24935,24938.5,24928.25,24934.75,202,0,25048.3984
10/14/2025 4:38,24935.5,24941.5,24933.25,24941.5,146,0,25048.2571
10/14/2025 4:39,24941,24945.75,24937.75,24945,138,0,25048.12884
10/14/2025 4:40,24944.75,24947,24938,24942.25,169,0,25047.97158
10/14/2025 4:41,24941.75,24942,24927.5,24929.5,155,0,25047.81493
10/14/2025 4:42,24928.75,24933.5,24924.75,24928.25,139,0,25047.66972
10/14/2025 4:43,24926.5,24935.75,24926,24933.5,94,0,25047.57413
10/14/2025 4:44,24933.5,24938.5,24930,24934.5,298,0,25047.27886
10/14/2025 4:45,24935.5,24936.5,24932.25,24934.25,69,0,25047.21071
10/14/2025 4:46,24935.25,24935.25,24918.75,24920.25,185,0,25047.01292
10/14/2025 4:47,24920.5,24924.5,24914.5,24919.5,299,0,25046.68093
10/14/2025 4:48,24919,24922.25,24917.25,24920,115,0,25046.55403
10/14/2025 4:49,24921,24921,24909.75,24911.75,212,0,25046.31034
10/14/2025 4:50,24912.75,24912.75,24894.5,24896,238,0,25046.01084
10/14/2025 4:51,24896.25,24911,24895.75,24908.5,372,0,25045.55803
10/14/2025 4:52,24909.25,24925.5,24904.75,24925,227,0,25045.30924
10/14/2025 4:53,24925.5,24930,24924.5,24924.5,168,0,25045.13718
10/14/2025 4:54,24923.75,24931.25,24921.5,24931.25,122,0,25045.0143
10/14/2025 4:55,24931.5,24933.5,24928.75,24931,60,0,25044.95555
10/14/2025 4:56,24931,24933.5,24929.5,24933,88,0,25044.87019
10/14/2025 4:57,24934,24946.75,24934,24943.25,218,0,25044.67671
10/14/2025 4:58,24942.25,24945.25,24939.5,24943.75,185,0,25044.51546
10/14/2025 4:59,24944.5,24949.75,24943.75,24948.75,162,0,25044.38103
10/14/2025 5:00,24948.25,24954.25,24947,24948,167,0,25044.24616
10/14/2025 5:01,24948.75,24954.75,24942.75,24954.75,171,0,25044.10991
10/14/2025 5:02,24954.5,24955.75,24949.5,24952.25,148,0,25043.99452
10/14/2025 5:03,24952.75,24961.5,24949.5,24959.5,175,0,25043.86489
10/14/2025 5:04,24959.25,24962.25,24955.75,24958.5,219,0,25043.70693
10/14/2025 5:05,24957.25,24962.75,24955.5,24958,172,0,25043.58315
10/14/2025 5:06,24958,24968.75,24957.5,24968.75,248,0,25043.41843
10/14/2025 5:07,24968,24969.5,24959.75,24960,198,0,25043.2842
10/14/2025 5:08,24959.5,24960.5,24952,24955.75,197,0,25043.13948
10/14/2025 5:09,24954.75,24957.25,24949.5,24951.25,145,0,25043.0291
10/14/2025 5:10,24952.25,24957,24951.5,24952.75,85,0,25042.9653
10/14/2025 5:11,24954,24954,24950.25,24951.25,73,0,25042.90939
10/14/2025 5:12,24952.25,24952.25,24944,24947.25,110,0,25042.82159
10/14/2025 5:13,24946.5,24952.25,24945.5,24947.5,143,0,25042.7084
10/14/2025 5:14,24946,24949.25,24941.5,24944.75,87,0,25042.63729
10/14/2025 5:15,24944,24944.75,24938,24938.75,116,0,25042.53811
10/14/2025 5:16,24937.75,24942.25,24933.5,24934,93,0,25042.45569
10/14/2025 5:17,24933.75,24937.5,24925,24935.25,347,0,25042.13772
10/14/2025 5:18,24934.5,24936.5,24922,24922.75,331,0,25041.82098
10/14/2025 5:19,24923,24930.5,24918.25,24930.5,316,0,25041.51846
10/14/2025 5:20,24930.5,24948.25,24925,24947.5,176,0,25041.37083
10/14/2025 5:21,24946.5,24949,24937,24937.5,182,0,25041.21999
10/14/2025 5:22,24937.5,24937.5,24932,24935,129,0,25041.1066
10/14/2025 5:23,24933.25,24938.5,24930,24936,63,0,25041.05132
10/14/2025 5:24,24936.75,24947.5,24935.75,24943.75,173,0,25040.91049
10/14/2025 5:25,24943,24943,24927.25,24928.25,427,0,25040.53129
10/14/2025 5:26,24928.25,24933,24923.5,24928.5,369,0,25040.19212
10/14/2025 5:27,24928.25,24929.5,24926.75,24928.5,41,0,25040.15454
10/14/2025 5:28,24929.25,24935.5,24929.25,24929.75,76,0,25040.08695
10/14/2025 5:29,24929,24929.25,24924.25,24928.5,81,0,25040.01225
10/14/2025 5:30,24927.5,24928.5,24923,24927.25,95,0,25039.92393
10/14/2025 5:31,24925.25,24939,24924.5,24934.75,135,0,25039.80582
10/14/2025 5:32,24934.25,24934.5,24926.25,24930,68,0,25039.74503
10/14/2025 5:33,24928.5,24928.5,24919.75,24921.5,187,0,25039.56756
10/14/2025 5:34,24922.25,24922.5,24913.25,24915.25,126,0,25039.44188
10/14/2025 5:35,24915.25,24920.25,24909.5,24910.5,116,0,25039.32302
10/14/2025 5:36,24910.5,24916.25,24909.25,24912.5,116,0,25039.20368
10/14/2025 5:37,24911.5,24918.25,24904.75,24905.25,232,0,25038.95955
10/14/2025 5:38,24905.5,24910.25,24903,24904.5,147,0,25038.80118
10/14/2025 5:39,24904.5,24908,24901.75,24905.25,96,0,25038.69724
10/14/2025 5:40,24905.5,24913.5,24905.5,24909.75,89,0,25038.60433
10/14/2025 5:41,24909,24914.5,24904,24910.75,105,0,25038.49502
10/14/2025 5:42,24911,24916.75,24907.5,24916.5,81,0,25038.41333
10/14/2025 5:43,24915.75,24926.75,24915.5,24926.5,160,0,25038.26433
10/14/2025 5:44,24926.75,24928.25,24922.75,24923.75,103,0,25038.17027
10/14/2025 5:45,24923.25,24924.75,24919.25,24920.5,60,0,25038.1139
10/14/2025 5:46,24920.25,24928.5,24915.5,24925.5,158,0,25037.96783
10/14/2025 5:47,24925,24925.25,24916,24919.25,212,0,25037.76732
10/14/2025 5:48,24919.5,24920.75,24906.25,24911,156,0,25037.61083
10/14/2025 5:49,24912,24915.25,24908.5,24914.25,77,0,25037.53373
10/14/2025 5:50,24914,24915.5,24905,24905.5,105,0,25037.42539
10/14/2025 5:51,24906.75,24908.75,24900.25,24905,159,0,25037.25659
10/14/2025 5:52,24904.75,24904.75,24893.75,24894.25,155,0,25037.08367
10/14/2025 5:53,24894.75,24901,24892.5,24895.25,177,0,25036.88486
10/14/2025 5:54,24894.75,24896.75,24886.25,24888.5,183,0,25036.67152
10/14/2025 5:55,24888.75,24901.75,24888.75,24896.5,150,0,25036.50327
10/14/2025 5:56,24896.5,24897.5,24890.25,24894,126,0,25036.3605
10/14/2025 5:57,24893.75,24898.25,24890,24895.75,79,0,25036.27161
10/14/2025 5:58,24895.5,24900.75,24892,24900.5,98,0,25036.16388
10/14/2025 5:59,24900.5,24901,24894.75,24899.75,120,0,25036.03292
10/14/2025 6:00,24899,24899,24891.5,24896,80,0,25035.94384
10/14/2025 6:01,24894.75,24899.75,24891,24894.5,189,0,25035.73323
10/14/2025 6:02,24893.25,24893.25,24886.75,24891.25,196,0,25035.50826
10/14/2025 6:03,24890.75,24895.25,24889,24893.75,89,0,25035.40791
10/14/2025 6:04,24893,24893.75,24885.25,24888.5,102,0,25035.29027
10/14/2025 6:05,24887.25,24893,24885,24889.25,136,0,25035.13361
10/14/2025 6:06,24888.75,24897.25,24887.25,24892,124,0,25034.99408
10/14/2025 6:07,24891.25,24893.75,24886.75,24887,85,0,25034.89658
10/14/2025 6:08,24887.25,24891.75,24882.75,24887.25,182,0,25034.68553
10/14/2025 6:09,24886.25,24890,24879,24879,151,0,25034.50545
10/14/2025 6:10,24879.75,24884,24878.75,24881.5,155,0,25034.31952
10/14/2025 6:11,24882,24883,24873.5,24876.75,218,0,25034.05254
10/14/2025 6:12,24877.25,24880,24873.75,24876,209,0,25033.79553
10/14/2025 6:13,24876,24876.5,24871,24873.5,226,0,25033.51342
10/14/2025 6:14,24872.25,24873.25,24856.75,24863.75,414,0,25032.96998
10/14/2025 6:15,24863.75,24879.75,24862,24879.75,318,0,25032.57772
10/14/2025 6:16,24879.25,24879.25,24861,24863.5,223,0,25032.29359
10/14/2025 6:17,24862.25,24871.25,24862,24864.25,131,0,25032.12502
10/14/2025 6:18,24863.5,24868,24861.25,24866,145,0,25031.938
10/14/2025 6:19,24864,24864.75,24856.5,24861.5,220,0,25031.64798
10/14/2025 6:20,24861.25,24861.5,24853,24860.5,247,0,25031.31862
10/14/2025 6:21,24859.5,24863.5,24854.5,24854.75,223,0,25031.02106
10/14/2025 6:22,24855,24857.5,24846.5,24848.75,297,0,25030.61116
10/14/2025 6:23,24849.25,24863.25,24842.75,24861.5,289,0,25030.22495
10/14/2025 6:24,24862.75,24864.5,24853.75,24863,222,0,25029.9372
10/14/2025 6:25,24863.5,24873.25,24857,24869.75,290,0,25029.57658
10/14/2025 6:26,24869.5,24872.25,24867.5,24870.25,226,0,25029.30238
10/14/2025 6:27,24869.75,24870.25,24862.75,24865,105,0,25029.17211
10/14/2025 6:28,24864.25,24864.25,24853,24855,142,0,25028.98702
10/14/2025 6:29,24854.75,24856.25,24833,24836.5,478,0,25028.31088
10/14/2025 6:30,24836.25,24845,24832,24834,425,0,25027.69804
10/14/2025 6:31,24833.75,24835.5,24806.5,24824.25,1010,0,25026.1446
10/14/2025 6:32,24824.75,24832,24810.5,24813,485,0,25025.39399
10/14/2025 6:33,24812,24813.75,24800.5,24810.5,441,0,25024.6826
10/14/2025 6:34,24811.5,24814.25,24799.75,24806,489,0,25023.89348
10/14/2025 6:35,24805.75,24811.75,24796,24811.25,536,0,25023.03373
10/14/2025 6:36,24812.5,24828.25,24807.75,24826.25,392,0,25022.45079
10/14/2025 6:37,24825.5,24836.25,24824.25,24830,305,0,25022.02062
10/14/2025 6:38,24830,24834.5,24822.25,24826.75,265,0,25021.64389
10/14/2025 6:39,24826.5,24832.25,24818.25,24823,315,0,25021.19031
10/14/2025 6:40,24822.25,24826.75,24816.5,24824,258,0,25020.81644
10/14/2025 6:41,24823.75,24825.75,24813.75,24823,278,0,25020.41196
10/14/2025 6:42,24823,24823.25,24803.5,24806,322,0,25019.92232
10/14/2025 6:43,24805.75,24812.25,24798,24800,423,0,25019.25961
10/14/2025 6:44,24800,24809,24792.25,24804,352,0,25018.70699
10/14/2025 6:45,24804.75,24804.75,24782.25,24787,543,0,25017.81932
10/14/2025 6:46,24786.25,24788.25,24772.25,24782.5,463,0,25017.0336
10/14/2025 6:47,24782.75,24789.5,24777.75,24780,396,0,25016.36972
10/14/2025 6:48,24778.75,24782.5,24768.5,24769.25,479,0,25015.541
10/14/2025 6:49,24769,24775.25,24764.25,24769.75,429,0,25014.79239
10/14/2025 6:50,24770,24775.5,24760.75,24764.25,414,0,25014.06573
10/14/2025 6:51,24762.25,24772.25,24759,24768.25,307,0,25013.5289
10/14/2025 6:52,24767.75,24776.5,24760,24772.75,339,0,25012.94657
10/14/2025 6:53,24774.25,24790.75,24774.25,24788.25,529,0,25012.09787
10/14/2025 6:54,24788.25,24791.5,24767.75,24770,352,0,25011.5169
10/14/2025 6:55,24770.75,24776.75,24767,24772.5,162,0,25011.24558
10/14/2025 6:56,24771.5,24776.75,24760.5,24774,251,0,25010.82348
10/14/2025 6:57,24772.75,24785.75,24769.75,24785,250,0,25010.42152
10/14/2025 6:58,24783.75,24796,24783.25,24796,314,0,25009.94395
10/14/2025 6:59,24794.75,24804.75,24791,24803.75,319,0,25009.47879
10/14/2025 7:00,24803.75,24815.25,24801.25,24814.75,339,0,25009.01156
10/14/2025 7:01,24815.75,24821.5,24802.5,24809.75,739,0,25008.00484
10/14/2025 7:02,24809.5,24823.75,24806.75,24821.25,351,0,25007.54474
10/14/2025 7:03,24820.75,24821.25,24813.5,24817,210,0,25007.27052
10/14/2025 7:04,24817.5,24822.75,24814.25,24817.5,240,0,25006.9596
10/14/2025 7:05,24818.75,24824.75,24818.25,24822.75,222,0,25006.67861
10/14/2025 7:06,24821.75,24842,24818.25,24841.5,447,0,25006.15198
10/14/2025 7:07,24841.25,24843,24833.75,24834.25,272,0,25005.8388
10/14/2025 7:08,24835,24843.5,24830.5,24841.5,245,0,25005.5602
10/14/2025 7:09,24840.75,24857.25,24838.75,24852.25,443,0,25005.09156
10/14/2025 7:10,24853.25,24854,24835.5,24836,322,0,25004.73618
10/14/2025 7:11,24835.5,24841.75,24835.5,24840,210,0,25004.50134
10/14/2025 7:12,24839.25,24853.75,24838,24852.5,271,0,25004.2157
10/14/2025 7:13,24851.25,24855,24845.75,24855,147,0,25004.06499
10/14/2025 7:14,24854.5,24860.75,24851.25,24857.75,169,0,25003.8974
10/14/2025 7:15,24858,24860.25,24853,24854,156,0,25003.74216
10/14/2025 7:16,24854.25,24861.5,24852.25,24854.25,380,0,25003.36601
10/14/2025 7:17,24854.25,24859.25,24851.75,24855.25,140,0,25003.22737
10/14/2025 7:18,24855,24860.75,24854.75,24860.75,72,0,25003.15777
10/14/2025 7:19,24861,24861.5,24856.5,24860,122,0,25003.04047
10/14/2025 7:20,24860.25,24860.25,24851,24853.25,255,0,25002.78826
10/14/2025 7:21,24854,24872.75,24853.25,24870,422,0,25002.40223
10/14/2025 7:22,24870,24877.75,24866.25,24876.75,292,0,25002.1524
10/14/2025 7:23,24875.75,24875.75,24866.5,24868.75,187,0,25001.98887
10/14/2025 7:24,24869,24875.75,24868.25,24873.75,147,0,25001.86281
10/14/2025 7:25,24873.5,24882.5,24867.5,24874.5,532,0,25001.41651
10/14/2025 7:26,24874.75,24887.5,24872,24886.75,573,0,25000.96665
10/14/2025 7:27,24886,24893.25,24876.5,24876.5,511,0,25000.56831
10/14/2025 7:28,24876.5,24882.75,24874.5,24878.75,374,0,25000.2701
10/14/2025 7:29,24879.75,24882,24876.25,24880.75,163,0,25000.14165
10/14/2025 7:30,24881.75,24882,24872,24873.5,146,0,25000.02318
10/14/2025 7:31,24874,24874.5,24864.5,24870.75,447,0,24999.64464
10/14/2025 7:32,24871,24882.75,24870.5,24878.75,262,0,24999.43642
10/14/2025 7:33,24879,24889,24878.5,24885,305,0,24999.20843
10/14/2025 7:34,24885.25,24894.25,24881.5,24890.25,260,0,24999.02236
10/14/2025 7:35,24890.5,24890.5,24880.75,24887.75,161,0,24998.90503
10/14/2025 7:36,24888.25,24898.75,24884.75,24898.25,226,0,24998.7518
10/14/2025 7:37,24897,24908.5,24894.75,24907.75,377,0,24998.52087
10/14/2025 7:38,24907.75,24911.5,24899.25,24903.5,262,0,24998.36287
10/14/2025 7:39,24903,24906.75,24898.25,24904.5,449,0,24998.08877
10/14/2025 7:40,24903.25,24904.25,24898.5,24901,126,0,24998.01059
10/14/2025 7:41,24900.25,24905.25,24899.5,24904,139,0,24997.92597
10/14/2025 7:42,24903.25,24904,24896,24896.5,185,0,24997.80875
10/14/2025 7:43,24896.5,24897,24885,24889,228,0,24997.65229
10/14/2025 7:44,24890,24894,24890,24891,175,0,24997.53399
10/14/2025 7:45,24891.25,24905,24890,24898.5,282,0,24997.355
10/14/2025 7:46,24899,24899.75,24890,24892.75,203,0,24997.22181
10/14/2025 7:47,24892.25,24896,24886,24894,268,0,24997.04282
10/14/2025 7:48,24894.25,24898.25,24889.25,24898,142,0,24996.95108
10/14/2025 7:49,24898.25,24910.25,24896.75,24906.75,177,0,24996.84752
10/14/2025 7:50,24906.5,24907.5,24892.5,24895,346,0,24996.63207
10/14/2025 7:51,24895.25,24908.25,24894.75,24900.25,168,0,24996.53072
10/14/2025 7:52,24901,24913.5,24899,24912.75,217,0,24996.41015
10/14/2025 7:53,24913,24920,24912.25,24917.75,466,0,24996.17653
10/14/2025 7:54,24918.25,24920.75,24914,24914,168,0,24996.0922
10/14/2025 7:55,24914.75,24921.5,24913.75,24919,277,0,24995.95673
10/14/2025 7:56,24919.25,24920.25,24911.5,24912,125,0,24995.89301
10/14/2025 7:57,24911.5,24912.5,24904,24905,171,0,24995.79807
10/14/2025 7:58,24904.25,24908.25,24901,24903.75,216,0,24995.67461
10/14/2025 7:59,24903.25,24911.75,24901.5,24907.75,153,0,24995.5899
10/14/2025 8:00,24908,24911,24904.25,24910.25,124,0,24995.52253
10/14/2025 8:01,24910.25,24910.75,24890.5,24891.5,425,0,24995.26355
10/14/2025 8:02,24891.75,24902.5,24888,24897.5,537,0,24994.933
10/14/2025 8:03,24898.25,24899.25,24880.75,24881.25,532,0,24994.57836
10/14/2025 8:04,24881.5,24885,24877.75,24879.25,393,0,24994.30233
10/14/2025 8:05,24880,24883,24876.5,24877.25,525,0,24993.93003
10/14/2025 8:06,24877.5,24880.5,24863,24863,510,0,24993.53914
10/14/2025 8:07,24863,24872.75,24862.75,24871.5,361,0,24993.2643
10/14/2025 8:08,24871.5,24883,24868.5,24881.25,301,0,24993.05183
10/14/2025 8:09,24882,24885.5,24876.5,24884.5,272,0,24992.86809
10/14/2025 8:10,24884.5,24896.25,24884.5,24893.75,300,0,24992.68317
10/14/2025 8:11,24894.75,24911,24894.5,24909,366,0,24992.48809
10/14/2025 8:12,24908.5,24917,24905.75,24916.75,358,0,24992.31617
10/14/2025 8:13,24915,24916,24910.5,24910.5,231,0,24992.20447
10/14/2025 8:14,24910.75,24915.25,24907.25,24909.25,206,0,24992.10294
10/14/2025 8:15,24909,24914.25,24907.25,24909.25,139,0,24992.0343
10/14/2025 8:16,24909.75,24910,24901.5,24903,215,0,24991.92134
10/14/2025 8:17,24903.25,24909.25,24897.75,24906.75,231,0,24991.79994
10/14/2025 8:18,24906.25,24906.25,24884.25,24887.25,425,0,24991.54687
10/14/2025 8:19,24888,24894.5,24887,24891.5,270,0,24991.38421
10/14/2025 8:20,24892.25,24900,24891.25,24896.75,271,0,24991.22958
10/14/2025 8:21,24897.75,24906.5,24895,24906.5,197,0,24991.12533
10/14/2025 8:22,24905.5,24908,24890.5,24898,317,0,24990.95085
10/14/2025 8:23,24897.25,24903.25,24896.75,24900.25,189,0,24990.84854
10/14/2025 8:24,24901,24905,24897.75,24904,131,0,24990.77946
10/14/2025 8:25,24902.75,24905,24896.5,24904.5,181,0,24990.68391
10/14/2025 8:26,24905.5,24906.75,24901.25,24906,184,0,24990.5899
10/14/2025 8:27,24906.75,24912.75,24906,24908.5,176,0,24990.50479
10/14/2025 8:28,24908.25,24918,24907.5,24916,172,0,24990.42662
10/14/2025 8:29,24915.75,24917.25,24913,24914.25,159,0,24990.35545
10/14/2025 8:30,24914,24915,24909.25,24909.25,163,0,24990.27908
10/14/2025 8:31,24908.5,24911.25,24901.5,24905,284,0,24990.13758
10/14/2025 8:32,24904.5,24904.5,24889.75,24890.25,246,0,24989.99931
10/14/2025 8:33,24891,24892.25,24882,24883,322,0,24989.80172
10/14/2025 8:34,24884,24886.5,24878,24879.5,231,0,24989.65443
10/14/2025 8:35,24881,24884.75,24878.75,24879.75,223,0,24989.51229
10/14/2025 8:36,24880.25,24881,24871.5,24873.25,310,0,24989.30473
10/14/2025 8:37,24872.75,24874,24868,24873.25,342,0,24989.0696
10/14/2025 8:38,24873,24873.5,24856,24858.25,526,0,24988.6817
10/14/2025 8:39,24858.75,24861,24851.75,24852,588,0,24988.22469
10/14/2025 8:40,24852,24863.5,24849.5,24859.5,436,0,24987.89436
10/14/2025 8:41,24859.75,24867.5,24858.5,24864,388,0,24987.61488
10/14/2025 8:42,24863.25,24867.5,24850.5,24855,619,0,24987.15139
10/14/2025 8:43,24855,24857.75,24850,24851.5,344,0,24986.88617
10/14/2025 8:44,24852.25,24853.75,24812,24822.5,1865,0,24985.21522
10/14/2025 8:45,24823.5,24836.75,24813.75,24830.75,959,0,24984.35708
10/14/2025 8:46,24830,24848.75,24829.75,24845,576,0,24983.89187
10/14/2025 8:47,24847,24849.5,24840.5,24842.5,256,0,24983.6904
10/14/2025 8:48,24841.75,24858.75,24839.5,24850.25,428,0,24983.3677
10/14/2025 8:49,24851.75,24858.75,24845.5,24858.75,402,0,24983.0769
10/14/2025 8:50,24858.25,24861.5,24853.5,24855.75,316,0,24982.8538
10/14/2025 8:51,24856.25,24872.25,24856.25,24868,567,0,24982.48261
10/14/2025 8:52,24868.25,24873.25,24864.75,24873.25,263,0,24982.31844
10/14/2025 8:53,24872.5,24881.25,24870.75,24877.25,367,0,24982.10239
10/14/2025 8:54,24877,24882.5,24874.25,24881,347,0,24981.90437
10/14/2025 8:55,24880,24881.75,24871.25,24874.25,260,0,24981.75146
10/14/2025 8:56,24874.5,24881.75,24874.25,24879,171,0,24981.65358
10/14/2025 8:57,24878.25,24879,24875,24876.25,91,0,24981.60077
10/14/2025 8:58,24876.25,24878.25,24873.5,24875.5,93,0,24981.54633
10/14/2025 8:59,24877,24877,24870.5,24871.75,137,0,24981.46423
10/14/2025 9:00,24872.25,24878,24870,24877,202,0,24981.34554
10/14/2025 9:01,24877.25,24883.75,24874.75,24880.75,336,0,24981.15749
10/14/2025 9:02,24881.5,24894.5,24879.5,24893.25,510,0,24980.89954
10/14/2025 9:03,24892.75,24903.75,24892,24902.25,431,0,24980.70688
10/14/2025 9:04,24902,24910.5,24899.5,24909.5,428,0,24980.53322
10/14/2025 9:05,24909.5,24910,24903.5,24907.25,276,0,24980.4223
10/14/2025 9:06,24906.75,24911.75,24901.5,24904.25,312,0,24980.29547
10/14/2025 9:07,24903.5,24908.5,24901,24906.25,243,0,24980.19621
10/14/2025 9:08,24905.5,24907.5,24903.25,24905.75,152,0,24980.13447
10/14/2025 9:09,24904.75,24911.5,24902,24911.5,267,0,24980.03036
10/14/2025 9:10,24911,24912.75,24907.25,24908.75,206,0,24979.95164
10/14/2025 9:11,24906.5,24909.5,24902.75,24902.75,131,0,24979.89842
10/14/2025 9:12,24903,24907.75,24898.75,24898.75,336,0,24979.75635
10/14/2025 9:13,24898.25,24901,24895,24901,204,0,24979.66731
10/14/2025 9:14,24900,24901,24896.75,24899.5,75,0,24979.63465
10/14/2025 9:15,24899.75,24903.75,24894.25,24902.5,320,0,24979.49751
10/14/2025 9:16,24902.25,24902.5,24888,24888.75,609,0,24979.21461
10/14/2025 9:17,24888.75,24895,24888.5,24890,284,0,24979.0804
10/14/2025 9:18,24890,24890,24873.25,24877.25,658,0,24978.73229
10/14/2025 9:19,24877.5,24884.5,24875.5,24883,612,0,24978.41344
10/14/2025 9:20,24883,24890,24881.5,24889.5,311,0,24978.26213
10/14/2025 9:21,24889.25,24890.5,24872,24874.25,369,0,24978.06741
10/14/2025 9:22,24875,24879.75,24872,24877.5,298,0,24977.90676
10/14/2025 9:23,24878,24879.25,24868,24869,540,0,24977.60457
10/14/2025 9:24,24869,24876,24866.25,24873.75,374,0,24977.39612
10/14/2025 9:25,24873,24878.25,24870.25,24877.75,408,0,24977.17699
10/14/2025 9:26,24878,24886.5,24861.25,24863.75,1188,0,24976.51371
10/14/2025 9:27,24863.5,24879.75,24862.75,24876.75,745,0,24976.112
10/14/2025 9:28,24876.5,24898.75,24875.25,24883.5,1368,0,24975.4727
10/14/2025 9:29,24884.5,24894.25,24876,24892,1059,0,24974.99262
10/14/2025 9:30,24891.25,24903.75,24889,24894.25,1146,0,24974.52735
10/14/2025 9:31,24895.25,24898,24846.25,24863,5654,24869.08333,24971.5619
10/14/2025 9:32,24861,24884,24844.25,24854,4221,24865.52131,24969.28318
10/14/2025 9:33,24854,24876.5,24850.5,24868.5,2846,24865.44197,24967.85933
10/14/2025 9:34,24868,24871,24824.5,24826.5,3550,24860.0365,24965.72603
10/14/2025 9:35,24826,24836.75,24816,24818.25,3219,24854.0296,24963.59789
10/14/2025 9:36,24818.25,24818.75,24790,24798.75,4531,24844.30975,24960.27107
10/14/2025 9:37,24799.25,24800,24765,24768.25,4577,24833.65711,24956.54138
10/14/2025 9:38,24768.5,24777.25,24741.5,24744,4450,24822.96474,24952.60068
10/14/2025 9:39,24744.5,24761,24727,24758.25,4556,24813.97308,24948.61452
10/14/2025 9:40,24758.25,24786,24750.25,24766,4308,24809.18769,24945.32501
10/14/2025 9:41,24765.75,24776,24752.75,24765,4763,24804.636,24941.76861
10/14/2025 9:42,24765.25,24765.5,24740.5,24744.5,3403,24800.93459,24939.11235
10/14/2025 9:43,24744.75,24748.5,24715,24723.5,4038,24795.56701,24935.71187
10/14/2025 9:44,24722.75,24728.75,24687.25,24694,4557,24788.40343,24931.54378
10/14/2025 9:45,24694.5,24709.5,24687.5,24708.75,3029,24784.15772,24928.83835
10/14/2025 9:46,24709,24737.25,24677.5,24732,4721,24779.28381,24924.99291
10/14/2025 9:47,24730.5,24749.5,24720.5,24735.5,3576,24777.03003,24922.43507
10/14/2025 9:48,24734.75,24749,24714.25,24745.75,3396,24775.14698,24920.08372
10/14/2025 9:49,24746.5,24762,24740.25,24752.25,2749,24774.29326,24918.37698
10/14/2025 9:50,24753.25,24769.5,24731.25,24731.5,2528,24773.32252,24916.76925
10/14/2025 9:51,24731,24756,24728.5,24730.75,2567,24772.21956,24915.1142
10/14/2025 9:52,24731.5,24742.5,24717,24731.5,2290,24771.07122,24913.59709
10/14/2025 9:53,24731.5,24771.75,24726.75,24761.5,2547,24770.54635,24912.14684
10/14/2025 9:54,24761.5,24803.75,24758.75,24800.25,2679,24771.0606,24910.97241
10/14/2025 9:55,24799.5,24811.5,24788.75,24802.25,2528,24771.88513,24910.00115
10/14/2025 9:56,24802,24828.25,24800.5,24821.25,2512,24773.08446,24909.1904
10/14/2025 9:57,24821.25,24833.5,24813.5,24827.5,1750,24774.03229,24908.68298
10/14/2025 9:58,24828,24844.5,24812.75,24813.5,2168,24775.1317,24908.05352
10/14/2025 9:59,24814.25,24819,24796.25,24817,2182,24775.90971,24907.33449
10/14/2025 10:00,24817.25,24837,24813.75,24832.75,1407,24776.63089,24906.95747
10/14/2025 10:01,24831.5,24834,24817.25,24822.5,1632,24777.39116,24906.50684
10/14/2025 10:02,24821.75,24845.75,24813.25,24823.5,1769,24778.23777,24906.0411
10/14/2025 10:03,24823,24842.5,24816.75,24838.25,1223,24778.86427,24905.74261
10/14/2025 10:04,24838,24838,24821.5,24829.75,1142,24779.40703,24905.45568
10/14/2025 10:05,24829.5,24867,24829.25,24860,2341,24780.96206,24905.04575
10/14/2025 10:06,24860.5,24873,24845.75,24849,2400,24782.57098,24904.66192
10/14/2025 10:07,24848.75,24871,24847,24866.75,1665,24783.73032,24904.4297
10/14/2025 10:08,24867,24875,24861,24866.75,1381,24784.73856,24904.26568
10/14/2025 10:09,24866.75,24870.5,24856.5,24864,1461,24785.72995,24904.07539
10/14/2025 10:10,24864,24868.25,24835.75,24840.25,2327,24786.95291,24903.66048
10/14/2025 10:11,24841.75,24860.5,24836.25,24846.25,2077,24787.9975,24903.29257
10/14/2025 10:12,24846.75,24860,24842,24848.5,1152,24788.58515,24903.09967
10/14/2025 10:13,24848,24865,24841.5,24864.25,1240,24789.2734,24902.91987
10/14/2025 10:14,24865,24890.25,24863.5,24873.5,2088,24790.7156,24902.74291
10/14/2025 10:15,24873.5,24885.5,24871.75,24882.25,1139,24791.51903,24902.6618
10/14/2025 10:16,24881.5,24890,24858.75,24863.75,2039,24792.77876,24902.46135
10/14/2025 10:17,24863.25,24892.5,24862.5,24885.5,1578,24793.83988,24902.35322
10/14/2025 10:18,24885.5,24893,24878.75,24881.25,1252,24794.70337,24902.28414
10/14/2025 10:19,24881.25,24888.5,24873.75,24883.75,1017,24795.37481,24902.22117
10/14/2025 10:20,24883.25,24894.5,24881,24886.25,1424,24796.35372,24902.15638
10/14/2025 10:21,24885.25,24914.75,24881.25,24900.25,2470,24798.21179,24902.131
10/14/2025 10:22,24901,24922,24901,24915.75,1796,24799.70554,24902.18912
10/14/2025 10:23,24915.5,24925,24910.25,24911.25,1287,24800.77612,24902.24032
10/14/2025 10:24,24911.75,24941.5,24905.75,24938,1739,24802.35101,24902.37566
10/14/2025 10:25,24938,24952,24935.5,24945,2060,24804.39394,24902.63007
10/14/2025 10:26,24944.5,24963.75,24943.75,24955.25,1907,24806.36605,24902.91935
10/14/2025 10:27,24954.5,24965.5,24943,24965.5,1533,24807.95342,24903.16637
10/14/2025 10:28,24965.25,24978.75,24963.25,24974.25,1915,24810.07203,24903.55031
10/14/2025 10:29,24974.5,24977.75,24963.25,24972.75,1658,24811.85342,24903.87528
10/14/2025 10:30,24973,24981.5,24966.5,24977.25,1153,24813.09842,24904.11219
10/14/2025 10:31,24977.5,24983.5,24956,24956.5,2521,24815.59559,24904.55433
10/14/2025 10:32,24956.5,24965.5,24936.75,24940.5,2269,24817.51586,24904.83221
10/14/2025 10:33,24941,24962.75,24941,24953.5,1641,24818.92053,24905.05342
10/14/2025 10:34,24954,24957,24945.25,24954.5,902,24819.67928,24905.17372
10/14/2025 10:35,24953.75,24958.75,24948.25,24957,803,24820.35972,24905.28577
10/14/2025 10:36,24957.5,24977.5,24957.5,24962.75,1566,24821.77666,24905.55228
10/14/2025 10:37,24964,24985,24960.5,24982,1694,24823.38202,24905.88489
10/14/2025 10:38,24981.75,24983.25,24967.75,24968.5,914,24824.21946,24906.05625
10/14/2025 10:39,24968.5,24992.5,24968.25,24981.25,1337,24825.48859,24906.33319
10/14/2025 10:40,24981,24990.5,24978,24985.25,863,24826.31731,24906.52022
10/14/2025 10:41,24985.25,24989,24975.75,24984.25,935,24827.19658,24906.71776
10/14/2025 10:42,24984,24992,24978.25,24984.5,725,24827.87992,24906.87406
10/14/2025 10:43,24985.5,24992.5,24976.5,24985,979,24828.79186,24907.08346
10/14/2025 10:44,24984,24988,24979,24987.25,712,24829.4488,24907.2352
10/14/2025 10:45,24987.5,24993,24975.5,24976.5,1143,24830.47122,24907.46793
10/14/2025 10:46,24976,24991.75,24973.25,24990.25,1058,24831.42654,24907.69191
10/14/2025 10:47,24990.25,25000.25,24980.25,24989,1453,24832.75943,24908.01618
10/14/2025 10:48,24989.25,24989.25,24954.25,24955.75,2118,24834.37891,24908.35031
10/14/2025 10:49,24955.75,24968.5,24955.75,24966.75,1800,24835.69668,24908.61798
10/14/2025 10:50,24967.25,24975.25,24960.25,24975,1458,24836.79777,24908.85828
10/14/2025 10:51,24975.25,24979.5,24959,24967.5,1519,24837.91322,24909.10056
10/14/2025 10:52,24968.25,24971.25,24946.75,24947,1508,24838.88827,24909.28442
10/14/2025 10:53,24947.5,24955.5,24931.5,24932.75,2145,24840.07096,24909.45796
10/14/2025 10:54,24933,24944.75,24926.75,24943.75,1682,24840.96554,24909.58604
10/14/2025 10:55,24944.25,24964,24943.5,24958.75,1730,24842.0264,24909.79358
10/14/2025 10:56,24957.5,24962.75,24938.75,24939.5,1402,24842.80905,24909.92962
10/14/2025 10:57,24939,24952.75,24928.25,24948.75,1782,24843.75194,24910.08376
10/14/2025 10:58,24949.25,24953.25,24943.75,24947.5,949,24844.27135,24910.17735
10/14/2025 10:59,24947.25,24952.75,24938.75,24951.5,767,24844.68538,24910.25167
10/14/2025 11:00,24951.25,24954.25,24941.75,24946.5,795,24845.11035,24910.32804
10/14/2025 11:01,24946,24968.25,24946,24966.75,1658,24846.09511,24910.54096
10/14/2025 11:02,24966.25,24978.75,24964.5,24974.5,1575,24847.11377,24910.79091
10/14/2025 11:03,24975.25,24983.25,24972.5,24974.75,1010,24847.78025,24910.96108
10/14/2025 11:04,24974.75,24996.25,24972.5,24990.5,1410,24848.76756,24911.23154
10/14/2025 11:05,24990.5,24998,24989.25,24997,1130,24849.59601,24911.47076
10/14/2025 11:06,24996.25,25025,24995.25,25017.5,2427,24851.55868,24912.089
10/14/2025 11:07,25017.75,25017.75,25002,25009,1495,24852.72221,24912.45482
10/14/2025 11:08,25009.25,25015,24994,25001.25,1129,24853.55551,24912.71185
10/14/2025 11:09,25001.25,25008.25,24983,24985.25,1048,24854.26336,24912.9197
10/14/2025 11:10,24984.75,24991,24964.25,24970,1951,24855.40117,24913.22098
10/14/2025 11:11,24970.25,24982.75,24968.25,24980,1325,24856.17394,24913.43021
10/14/2025 11:12,24980.5,24986.75,24973.5,24974.5,806,24856.64404,24913.55931
10/14/2025 11:13,24974.25,24980.25,24969,24978.5,714,24857.04954,24913.66914
10/14/2025 11:14,24978,24981,24958,24963.5,929,24857.53596,24913.79221
10/14/2025 11:15,24963.75,24975.5,24962.75,24973,652,24857.88379,24913.88293
10/14/2025 11:16,24973.5,24974,24958,24968.25,701,24858.24326,24913.97383
10/14/2025 11:17,24967.75,24968.75,24954.5,24957.5,825,24858.63813,24914.06728
10/14/2025 11:18,24958,24967.5,24951.75,24965.5,1030,24859.13326,24914.18679
10/14/2025 11:19,24965.25,24972.75,24958.25,24965.5,914,24859.58531,24914.30105
10/14/2025 11:20,24965,24967,24940.75,24949.5,1400,24860.1857,24914.43062
10/14/2025 11:21,24949.25,24974.75,24948.75,24972.25,1124,24860.72842,24914.56893
10/14/2025 11:22,24973.25,24977.5,24959,24972.25,958,24861.20559,24914.69626
10/14/2025 11:23,24973,24980.5,24966,24977.25,792,24861.61498,24914.81062
10/14/2025 11:24,24977.5,24978.25,24963.75,24971,793,24862.00902,24914.91786
10/14/2025 11:25,24971,24987,24969.5,24987,674,24862.37274,24915.02514
10/14/2025 11:26,24986.75,24988,24976.75,24981.75,616,24862.70601,24915.12437
10/14/2025 11:27,24982.25,24983.5,24957,24958,1015,24863.17811,24915.24836
10/14/2025 11:28,24958,24966.75,24955,24963.75,803,24863.53297,24915.33772
10/14/2025 11:29,24963.5,24966,24952,24954.5,710,24863.83088,24915.40911
10/14/2025 11:30,24954.75,24963.5,24952.75,24960.5,610,24864.08917,24915.47231
10/14/2025 11:31,24960.75,24982.5,24958.75,24974,1076,24864.60258,24915.61613
10/14/2025 11:32,24974.25,24982.75,24963.25,24969.75,905,24865.03128,24915.73689
10/14/2025 11:33,24970,24971.5,24961,24968,407,24865.21385,24915.78613
10/14/2025 11:34,24967.75,24983.75,24964.5,24980.75,729,24865.56964,24915.89046
10/14/2025 11:35,24981.25,24985.25,24976.75,24980.75,682,24865.91412,24915.99512
10/14/2025 11:36,24980.5,24998.5,24974.75,24997.25,1020,24866.46665,24916.17323
10/14/2025 11:37,24996.75,25022,24996.25,25016.75,1801,24867.59782,24916.57641
10/14/2025 11:38,25017.75,25022.75,25009.25,25018.25,1594,24868.61918,24916.94934
10/14/2025 11:39,25018.75,25022.5,24979.75,25004.5,2386,24869.97503,24917.42206
10/14/2025 11:40,25004.75,25004.75,24956.5,24970.5,3673,24871.6248,24917.92813
10/14/2025 11:41,24971,24987,24959,24973.25,2161,24872.53458,24918.20126
10/14/2025 11:42,24972.25,25002,24971,24995.75,1352,24873.18757,24918.42174
10/14/2025 11:43,24994.75,25002.5,24983.25,24989,1361,24873.84876,24918.6485
10/14/2025 11:44,24988.25,25022.75,24984,25020.25,1835,24874.85877,24919.02452
10/14/2025 11:45,25021,25049.5,25013.25,25034.25,2195,24876.25402,24919.58578
10/14/2025 11:46,25033.75,25048.75,25033.5,25047.75,1355,24877.16289,24919.96303
10/14/2025 11:47,25047,25056.75,25039.75,25050,1287,24878.04531,24920.3351
10/14/2025 11:48,25050.25,25059.5,25046.75,25055.25,1399,24879.02207,24920.75276
10/14/2025 11:49,25055,25057,25041.5,25048.75,877,24879.61237,24921.00395
10/14/2025 11:50,25047.75,25061.5,25047.75,25059.25,818,24880.18214,24921.25027
10/14/2025 11:51,25059,25070.25,25055.75,25070.25,1003,24880.91223,24921.5717
10/14/2025 11:52,25069.75,25076,25062.5,25074,1283,24881.86495,24921.99618
10/14/2025 11:53,25073.5,25078.5,25068.5,25075.5,1410,24882.91929,24922.47028
10/14/2025 11:54,25075.5,25095.75,25073.75,25087,1722,24884.26674,24923.08826
10/14/2025 11:55,25087.25,25089.5,25075.5,25079,958,24884.99328,24923.42127
10/14/2025 11:56,25078.25,25078.5,25065.25,25069.25,1178,24885.83271,24923.80217
10/14/2025 11:57,25069.75,25079,25065.75,25068.75,767,24886.3757,24924.0494
10/14/2025 11:58,25069,25075,25060.5,25069,808,24886.93505,24924.30366
10/14/2025 11:59,25069.75,25070.5,25056.5,25058,824,24887.48161,24924.55035
10/14/2025 12:00,25058,25063.25,25052,25061.5,852,24888.03429,24924.7994
10/14/2025 12:01,25061.5,25071.75,25061.5,25062,1225,24888.85117,24925.17226
10/14/2025 12:02,25062.25,25064,25052.75,25063,1071,24889.53845,24925.48465
10/14/2025 12:03,25063,25063.5,25050.25,25052.25,1030,24890.17659,24925.77352
10/14/2025 12:04,25051.75,25061.5,25051.75,25057.5,1010,24890.80354,24926.05898
10/14/2025 12:05,25056.5,25057.75,25035.25,25045.75,1403,24891.61123,24926.4213
10/14/2025 12:06,25045.75,25049,25042.75,25045,604,24891.95488,24926.57575
10/14/2025 12:07,25045.25,25047.5,25032.5,25038.75,1133,24892.57037,24926.84983
10/14/2025 12:08,25039,25039.25,25019,25028.25,1452,24893.29456,24927.16584
10/14/2025 12:09,25028.75,25029.75,25018.5,25021.25,726,24893.63876,24927.31435
10/14/2025 12:10,25021.25,25024.25,25019.25,25022.25,745,24893.98668,24927.46428
10/14/2025 12:11,25022.25,25038,25022.25,25029.25,1176,24894.56581,24927.71975
10/14/2025 12:12,25029.25,25053.25,25029.25,25052,1113,24895.16967,24927.9957
10/14/2025 12:13,25052.25,25052.75,25042.25,25047.25,836,24895.62783,24928.20668
10/14/2025 12:14,25047.5,25050.25,25036.5,25048,897,24896.10832,24928.4275
10/14/2025 12:15,25048,25054.75,25044.5,25051.75,531,24896.4016,24928.56389
10/14/2025 12:16,25052.25,25064.5,25046.5,25058.25,1048,24896.99992,24928.84558
10/14/2025 12:17,25058.75,25059.75,25049.75,25059.5,568,24897.32216,24928.99763
10/14/2025 12:18,25059.5,25068.25,25052.25,25062.25,745,24897.75498,24929.20368
10/14/2025 12:19,25062.75,25081,25060,25075,1623,24898.75351,24929.68792
10/14/2025 12:20,25075,25089,25068.75,25083.5,1058,24899.42962,24930.02038
10/14/2025 12:21,25083.25,25121.5,25083.25,25120.75,2480,24901.23778,24930.93843
10/14/2025 12:22,25120.75,25134.5,25115.75,25129.75,2642,24903.29581,24932.00513
10/14/2025 12:23,25130.5,25132.5,25106.25,25107.5,2246,24904.9294,24932.85095
10/14/2025 12:24,25107.25,25112,25094,25108.5,1829,24906.17527,24933.4944
10/14/2025 12:25,25108.25,25118.75,25104.75,25108.25,1003,24906.8715,24933.857
10/14/2025 12:26,25108.25,25111.5,25101.5,25109,775,24907.39769,24934.13102
10/14/2025 12:27,25110,25121.25,25109.25,25114.75,974,24908.08058,24934.48953
10/14/2025 12:28,25115,25123.25,25114.25,25117.75,892,24908.71205,24934.82265
10/14/2025 12:29,25118.25,25133,25114,25131.75,882,24909.35592,24935.16485
10/14/2025 12:30,25131.75,25132.25,25121.5,25127,900,24910.01101,24935.514
10/14/2025 12:31,25128,25143.5,25126.5,25131.25,1922,24911.44053,24936.28185
10/14/2025 12:32,25130.5,25135,25124.75,25130,973,24912.14492,24936.6608
10/14/2025 12:33,25129.25,25141.75,25128.75,25138.25,830,24912.75957,24936.99344
10/14/2025 12:34,25139,25142.25,25134,25139.75,854,24913.39529,24937.33868
10/14/2025 12:35,25139.5,25150.5,25137,25142.5,1438,24914.4797,24937.93077
10/14/2025 12:36,25142.25,25148.5,25136.5,25146,884,24915.14224,24938.29365
10/14/2025 12:37,25146.5,25149.5,25144.75,25148.75,635,24915.62408,24938.55859
10/14/2025 12:38,25148.75,25166,25148.25,25161,1766,24917.01531,24939.3296
10/14/2025 12:39,25161,25162.5,25149,25151.75,1134,24917.88561,24939.81285
10/14/2025 12:40,25151.5,25151.75,25139.25,25146.5,1121,24918.7087,24940.26942
10/14/2025 12:41,25146.25,25163,25145.25,25162.75,1323,24919.71987,24940.83478
10/14/2025 12:42,25162.75,25172.5,25153.75,25161,1395,24920.80095,24941.44259
10/14/2025 12:43,25161.25,25166.25,25160,25163.25,710,24921.34918,24941.75171
10/14/2025 12:44,25163,25169.25,25159.5,25168.75,808,24921.97692,24942.10667
10/14/2025 12:45,25167.75,25174,25165.25,25167.75,1043,24922.79294,24942.56968
10/14/2025 12:46,25168.25,25177,25167,25175.5,1333,24923.84556,24943.16951
10/14/2025 12:47,25175.5,25175.5,25168.25,25172.25,764,24924.44208,24943.51016
10/14/2025 12:48,25172.75,25191.5,25172.5,25188.75,1996,24926.06352,24944.44281
10/14/2025 12:49,25188.5,25193.75,25182,25188.25,1784,24927.51651,24945.28325
10/14/2025 12:50,25187.5,25187.5,25181.5,25182.75,747,24928.11066,24945.62755
10/14/2025 12:51,25183.25,25187.25,25174.75,25180.75,1216,24929.06072,24946.17887
10/14/2025 12:52,25181,25200.5,25180.25,25199.5,1709,24930.44963,24946.99038
10/14/2025 12:53,25199.5,25204,25186.5,25193.5,1355,24931.54569,24947.63327
10/14/2025 12:54,25193.25,25200.25,25190,25190.75,843,24932.22045,24948.02994
10/14/2025 12:55,25191,25196.75,25182.5,25184,810,24932.85092,24948.40073
10/14/2025 12:56,25183.5,25183.5,25170.75,25173.75,1685,24934.09256,24949.13071
10/14/2025 12:57,25173.75,25176.25,25148.5,25150.75,2131,24935.5325,24949.97653
10/14/2025 12:58,25151,25162.25,25147,25158.5,1521,24936.53723,24950.56864
10/14/2025 12:59,25158.75,25163,25150,25152.5,1075,24937.23943,24950.98356
10/14/2025 13:00,25153.25,25158.25,25148.25,25148.75,741,24937.71329,24951.26382
10/14/2025 13:01,25148.5,25150,25131.25,25138.25,1814,24938.80043,24951.90602
10/14/2025 13:02,25137.5,25140.75,25114.5,25116,1454,24939.59438,24952.37384
10/14/2025 13:03,25116.75,25138.75,25115.75,25134.25,1357,24940.35251,24952.82294
10/14/2025 13:04,25134,25140.75,25128.75,25136.5,809,24940.81525,24953.09827
10/14/2025 13:05,25136.75,25155.5,25136,25151,999,24941.41921,24953.45975
10/14/2025 13:06,25150.5,25163.25,25149.25,25159.5,1334,24942.25844,24953.9647
10/14/2025 13:07,25159.5,25168,25158.5,25167,690,24942.70434,24954.23407
10/14/2025 13:08,25167,25174,25158.75,25159.25,823,24943.23267,24954.55371
10/14/2025 13:09,25159,25169.5,25156.25,25165,636,24943.63846,24954.79956
10/14/2025 13:10,25164,25167.75,25162.25,25167.25,468,24943.93904,24954.98197
10/14/2025 13:11,25167,25179.25,25164.5,25170.5,922,24944.5439,24955.35006
10/14/2025 13:12,25170.5,25177.75,25163.25,25177.5,627,24944.95596,24955.6013
10/14/2025 13:13,25176.75,25186.75,25175.25,25182,918,24945.57898,24955.98244
10/14/2025 13:14,25182.25,25187.75,25179.75,25183.75,613,24945.99743,24956.23896
10/14/2025 13:15,25183.75,25183.75,25166.75,25170,834,24946.53993,24956.57135
10/14/2025 13:16,25169.75,25180.25,25166.75,25176,752,24947.02868,24956.87134
10/14/2025 13:17,25176,25179.5,25168,25176.5,650,24947.45006,24957.13037
10/14/2025 13:18,25177.25,25179.5,25170.5,25174.5,507,24947.7779,24957.33214
10/14/2025 13:19,25174.5,25178.5,25170.25,25176.75,470,24948.08141,24957.51913
10/14/2025 13:20,25176,25177.25,25152.5,25159.75,1058,24948.72573,24957.91576
10/14/2025 13:21,25159.5,25173.25,25159.5,25167.25,935,24949.30119,24958.27096
10/14/2025 13:22,25167.25,25185,25163.5,25184.25,924,24949.8953,24958.63912
10/14/2025 13:23,25184.5,25184.5,25167.75,25169,708,24950.34082,24958.91546
10/14/2025 13:24,25169.5,25179.5,25167.75,25178,435,24950.61529,24959.08594
10/14/2025 13:25,25177.75,25183.25,25176,25181.75,494,24950.93346,24959.28392
10/14/2025 13:26,25181.5,25194.25,25180.5,25193.75,910,24951.54058,24959.66278
10/14/2025 13:27,25192.75,25192.75,25177,25181.25,782,24952.04711,24959.97911
10/14/2025 13:28,25181.75,25184,25176.25,25178.75,672,24952.47314,24960.24539
10/14/2025 13:29,25179.25,25194.5,25178.75,25186.75,749,24952.96068,24960.55086
10/14/2025 13:30,25187,25187.5,25178,25183.75,462,24953.2558,24960.73589
10/14/2025 13:31,25184,25192,25182.25,25190,985,24953.89612,24961.1382
10/14/2025 13:32,25189.75,25191,25179.25,25179.5,706,24954.3435,24961.41957
10/14/2025 13:33,25179,25181,25172.5,25176,786,24954.8249,24961.72247
10/14/2025 13:34,25176,25176,25164.25,25164.75,1012,24955.41893,24962.09643
10/14/2025 13:35,25165,25171,25146.5,25153.5,1454,24956.22152,24962.60196
10/14/2025 13:36,25154,25155.75,25144,25148,1051,24956.77545,24962.95124
10/14/2025 13:37,25148.75,25156.5,25142,25151,741,24957.16527,24963.19748
10/14/2025 13:38,25151,25151,25139.75,25144.25,779,24957.56314,24963.44897
10/14/2025 13:39,25144.25,25152.75,25142,25146,609,24957.87618,24963.64716
10/14/2025 13:40,25145.5,25150.5,25137,25148,904,24958.33468,24963.93776
10/14/2025 13:41,25148.25,25169.25,25145.75,25161,1597,24959.19732,24964.48695
10/14/2025 13:42,25161,25165.25,25156.5,25161,584,24959.51446,24964.68932
10/14/2025 13:43,25161.25,25163,25156,25160.5,393,24959.72618,24964.82453
10/14/2025 13:44,25159.5,25176,25158,25174.25,655,24960.09489,24965.0605
10/14/2025 13:45,25174.75,25174.75,25167.75,25174.5,529,24960.39587,24965.2534
10/14/2025 13:46,25173.75,25182.5,25166.5,25172.5,1061,24961.00121,24965.642
10/14/2025 13:47,25172,25177,25166,25175.25,426,24961.24207,24965.79681
10/14/2025 13:48,25175.5,25181,25169.5,25181,519,24961.54088,24965.98913
10/14/2025 13:49,25180,25185.5,25172.5,25175.25,514,24961.83679,24966.17977
10/14/2025 13:50,25174.25,25177.75,25170.5,25173,343,24962.03016,24966.30439
10/14/2025 13:51,25172.5,25190.5,25171.25,25186.5,847,24962.52639,24966.62483
10/14/2025 13:52,25186.75,25187,25177.5,25177.5,598,24962.87209,24966.84831
10/14/2025 13:53,25177.5,25178.5,25168.5,25170.5,632,24963.2226,24967.075
10/14/2025 13:54,25170.5,25171.5,25157.5,25162,730,24963.60899,24967.32498
10/14/2025 13:55,25161.75,25167.5,25157.25,25162.5,483,24963.86222,24967.48898
10/14/2025 13:56,25163.25,25165.75,25157.5,25158.5,544,24964.14405,24967.67162
10/14/2025 13:57,25158.25,25166.75,25157.25,25161.75,415,24964.35995,24967.81169
10/14/2025 13:58,25161.25,25165,25158,25162,330,24964.53108,24967.92278
10/14/2025 13:59,25160.5,25162.75,25150.5,25150.75,590,24964.82547,24968.11391
10/14/2025 14:00,25151.25,25157.5,25150,25156,463,24965.05565,24968.26349
10/14/2025 14:01,25156.75,25161.75,25152.25,25156.25,787,24965.45025,24968.52027
10/14/2025 14:02,25156.5,25166.75,25155.5,25166.5,552,24965.73495,24968.70584
10/14/2025 14:03,25166.5,25167,25151,25153.75,651,24966.06003,24968.91786
10/14/2025 14:04,25154.25,25154.75,25140.75,25142.25,897,24966.47972,24969.19169
10/14/2025 14:05,25143,25151,25140.75,25147.75,533,24966.72897,24969.35454
10/14/2025 14:06,25148.75,25149.25,25138.5,25147,672,24967.03949,24969.55759
10/14/2025 14:07,25147.5,25153.75,25143.5,25146.75,577,24967.30986,24969.73463
10/14/2025 14:08,25147.5,25153,25145.75,25148.75,342,24967.47076,24969.84008
10/14/2025 14:09,25149.25,25150.5,25140.25,25143.5,531,24967.71396,24969.99954
10/14/2025 14:10,25144.25,25152.25,25143.75,25151.25,600,24967.99466,24970.18383
10/14/2025 14:11,25151.25,25160.5,25145.5,25149.25,810,24968.3778,24970.43571
10/14/2025 14:12,25149,25160,25148,25156.5,388,24968.56384,24970.55817
10/14/2025 14:13,25157.25,25170.25,25157,25167.5,666,24968.89955,24970.77947
10/14/2025 14:14,25167.75,25175.5,25163.75,25165.75,900,24969.35927,24971.08297
10/14/2025 14:15,25165.5,25168.25,25158.25,25160.25,528,24969.61978,24971.25512
10/14/2025 14:16,25159.75,25166.5,25158.25,25159.25,451,24969.84068,24971.40121
10/14/2025 14:17,25160.25,25164,25154.25,25164,487,24970.07791,24971.55822
10/14/2025 14:18,25164.25,25168.5,25158.75,25163.25,458,24970.30369,24971.70779
10/14/2025 14:19,25163.75,25171,25163.75,25164.75,453,24970.52995,24971.85781
10/14/2025 14:20,25165.75,25167.75,25159.75,25160.75,367,24970.70937,24971.97684
10/14/2025 14:21,25160.75,25164.75,25153.75,25162.25,529,24970.96405,24972.14591
10/14/2025 14:22,25162.5,25162.5,25144.5,25146.5,721,24971.29345,24972.36474
10/14/2025 14:23,25147.25,25155.25,25145.75,25152.5,499,24971.52073,24972.51589
10/14/2025 14:24,25152,25161.5,25151.25,25158.5,573,24971.78957,24972.69487
10/14/2025 14:25,25158.5,25160.75,25154.5,25159.5,304,24971.93278,24972.79028
10/14/2025 14:26,25159.25,25160.5,25146.25,25153,593,24972.20403,24972.97111
10/14/2025 14:27,25154,25157.75,25150,25154.75,318,24972.34989,24973.06843
10/14/2025 14:28,25155.25,25169.75,25155,25169,650,24972.66434,24973.27844
10/14/2025 14:29,25168.25,25182,25167.75,25179.75,708,24973.02687,24973.52088
10/14/2025 14:30,25179.25,25181.75,25171.25,25172.5,670,24973.36652,24973.74828
10/14/2025 14:31,25171.5,25181.75,25171.5,25178.5,754,24973.75133,24974.00621
10/14/2025 14:32,25177.75,25183.25,25174.75,25176.5,895,24974.20826,24974.31291
10/14/2025 14:33,25177.5,25179,25165,25172.25,784,24974.59496,24974.57282
10/14/2025 14:34,25171.5,25177,25169.5,25170,311,24974.748,24974.67577
10/14/2025 14:35,25169.75,25173.5,25166.5,25167.25,394,24974.93852,24974.80402
10/14/2025 14:36,25167,25171.75,25162,25166.5,387,24975.12306,24974.92831
10/14/2025 14:37,25167,25167,25160,25164,408,24975.31409,24975.05706
10/14/2025 14:38,25163,25163.75,25156.75,25157.25,374,24975.48477,24975.17218
10/14/2025 14:39,25157.25,25161,25141.75,25151,881,24975.86813,24975.43101
10/14/2025 14:40,25150.75,25154.5,25144.25,25145.25,438,24976.05457,24975.55704
10/14/2025 14:41,25144.25,25151.25,25140.75,25146.5,600,24976.30661,24975.72755
10/14/2025 14:42,25146.5,25150.25,25143.5,25148,524,24976.52751,24975.87712
10/14/2025 14:43,25147,25151,25138,25139.75,944,24976.91397,24976.13914
10/14/2025 14:44,25139.75,25150.75,25139.75,25150,457,24977.10482,24976.26866
10/14/2025 14:45,25150.75,25156.25,25149.25,25152,459,24977.30245,24976.40286
10/14/2025 14:46,25152,25154.25,25146.5,25153.5,588,24977.55342,24976.57343
10/14/2025 14:47,25154.25,25161.75,25151.5,25155.5,511,24977.77698,24976.72548
10/14/2025 14:48,25156.5,25161,25150.5,25158,468,24977.98152,24976.8647
10/14/2025 14:49,25158,25167,25156.5,25166.75,427,24978.17495,24976.99643
10/14/2025 14:50,25166.75,25167.5,25162,25166.25,335,24978.32793,24977.10065
10/14/2025 14:51,25167,25177,25165.25,25168.5,895,24978.74629,24977.38593
10/14/2025 14:52,25168.5,25176.75,25167,25174.25,447,24978.95718,24977.52988
10/14/2025 14:53,25175.5,25176.25,25158.75,25159.25,553,24979.20682,24977.70045
10/14/2025 14:54,25159.5,25165.75,25158.75,25162.25,385,24979.37788,24977.81744
10/14/2025 14:55,25162,25167.5,25160,25166.75,282,24979.50469,24977.90419
10/14/2025 14:56,25166.75,25168,25160.75,25162.75,303,24979.64007,24977.99686
10/14/2025 14:57,25162,25163.5,25149,25153.25,680,24979.92905,24978.1949
10/14/2025 14:58,25153.5,25157.25,25152.5,25154.75,428,24980.11002,24978.31904
10/14/2025 14:59,25154.25,25155.5,25148,25151,329,24980.24623,24978.41254
10/14/2025 15:00,25151,25158.25,25148.75,25155.75,441,24980.43139,24978.5397
10/14/2025 15:01,25155.75,25174,25155.75,25173.75,997,24980.88115,24978.84867
10/14/2025 15:02,25174,25174.5,25163.5,25167.25,680,24981.18762,24979.05948
10/14/2025 15:03,25167.5,25174,25166.5,25173.5,346,24981.3456,24979.16821
10/14/2025 15:04,25173.75,25175.5,25169.5,25170.25,346,24981.50366,24979.27706
10/14/2025 15:05,25170,25171.25,25164.75,25165.5,328,24981.64966,24979.37767
10/14/2025 15:06,25165.75,25175,25165.25,25173.75,403,24981.83274,24979.50389
10/14/2025 15:07,25174.25,25177.25,25170.75,25173.5,392,24982.01284,24979.6281
10/14/2025 15:08,25174,25177.75,25169.75,25171.25,452,24982.21909,24979.77044
10/14/2025 15:09,25170.75,25170.75,25155,25156,511,24982.43668,24979.92086
10/14/2025 15:10,25156,25160.75,25154,25156,466,24982.63057,24980.05503
10/14/2025 15:11,25155.75,25167.25,25155.5,25164.75,387,24982.79641,24980.16981
10/14/2025 15:12,25165.25,25168.75,25161.5,25168.75,333,24982.9419,24980.27054
10/14/2025 15:13,25169,25169.75,25163.75,25164.25,280,24983.06379,24980.35496
10/14/2025 15:14,25163.25,25164.25,25149.5,25149.5,387,24983.2214,24980.46429
10/14/2025 15:15,25149.5,25156,25148.75,25152.5,566,24983.44871,24980.62211
10/14/2025 15:16,25153,25158.75,25152.5,25157.5,284,24983.56512,24980.70296
10/14/2025 15:17,25158.25,25160,25154,25154.75,257,24983.67032,24980.77605
10/14/2025 15:18,25154.25,25163.5,25154,25163.5,324,24983.80591,24980.87026
10/14/2025 15:19,25163.25,25168.75,25162.75,25168,397,24983.97755,24980.98951
10/14/2025 15:20,25168,25168.5,25159.25,25159.75,370,24984.13373,24981.09813
10/14/2025 15:21,25160,25167.25,25159.25,25166.75,362,24984.28791,24981.20539
10/14/2025 15:22,25167,25172.5,25166.25,25171.75,411,24984.46821,24981.33084
10/14/2025 15:23,25171.5,25177.5,25169.5,25175.25,523,24984.70198,24981.49353
10/14/2025 15:24,25174.75,25180.5,25174.5,25175.75,461,24984.91063,24981.63882
10/14/2025 15:25,25175.75,25177.25,25174,25175.25,284,24985.03799,24981.72757
10/14/2025 15:26,25175,25183.5,25174,25181.25,633,24985.32734,24981.92925
10/14/2025 15:27,25181.25,25181.5,25173.75,25174.25,270,24985.44854,24982.01381
10/14/2025 15:28,25174.25,25178,25167,25167,683,24985.74511,24982.22099
10/14/2025 15:29,25167.75,25170.75,25158.25,25162.75,533,24985.96746,24982.37656
10/14/2025 15:30,25162.25,25163.25,25156.5,25158,376,24986.11988,24982.48334
10/14/2025 15:31,25158,25159.5,25153.75,25153.75,662,24986.38205,24982.66721
10/14/2025 15:32,25153.5,25158.25,25144,25144.75,959,24986.74549,24982.92264
10/14/2025 15:33,25144.5,25149.5,25141.25,25145.5,538,24986.94419,24983.06252
10/14/2025 15:34,25145.25,25146.25,25134,25140.25,1181,24987.36423,24983.35881
10/14/2025 15:35,25140.25,25141.75,25132.25,25134.25,1100,24987.74299,24983.62663
10/14/2025 15:36,25134.75,25139.75,25132.75,25134,709,24987.98515,24983.79809
10/14/2025 15:37,25134,25138.5,25130,25133,808,24988.25704,24983.99088
10/14/2025 15:38,25132.75,25133.25,25030.25,25042.5,8977,24989.88868,24985.1827
10/14/2025 15:39,25043.75,25063.5,25019,25059.5,5007,24990.53155,24985.66682
10/14/2025 15:40,25058.75,25088,25051.5,25083.25,3440,24991.17033,24986.13836
10/14/2025 15:41,25083.5,25085.5,25050,25055.75,3156,24991.67486,24986.51555
10/14/2025 15:42,25055.5,25064.25,25012.25,25012.25,3005,24991.92412,24986.71392
10/14/2025 15:43,25012.5,25036,25009.75,25021,2473,24992.08734,24986.84812
10/14/2025 15:44,25022,25026.75,24991.75,24999,2147,24992.15127,24986.91016
10/14/2025 15:45,24999,24999,24955.25,24972.5,3596,24992.02321,24986.8485
10/14/2025 15:46,24973.25,24981.5,24942.25,24965,3208,24991.82388,24986.73285
10/14/2025 15:47,24964.75,25009,24963.25,24999,2664,24991.81592,24986.74757
10/14/2025 15:48,24999.5,25000.75,24960.5,24981,2214,24991.76416,24986.72771
10/14/2025 15:49,24980.5,24984,24962.75,24978.5,1351,24991.71668,24986.70424
10/14/2025 15:50,24979.25,24998.25,24973.5,24991.5,1382,24991.70516,24986.70639
10/14/2025 15:51,24990.5,25018.25,24967.75,24970,3359,24991.66052,24986.69955
10/14/2025 15:52,24970.5,25006.75,24963.5,25004.5,1480,24991.66028,24986.71024
10/14/2025 15:53,25004,25015,24992,25014.75,1533,24991.70982,24986.7567
10/14/2025 15:54,25015,25029.5,25008,25011.5,2044,24991.81371,24986.84562
10/14/2025 15:55,25011.5,25017.75,25000,25005.5,1832,24991.87375,24986.9018
10/14/2025 15:56,25005,25011.25,24987.25,24998,2143,24991.90428,24986.93919
10/14/2025 15:57,24997.5,25005.5,24992.75,25002.5,1170,24991.92423,24986.96193
10/14/2025 15:58,25002.25,25017.25,24994,25013,1624,24991.97765,24987.01188
10/14/2025 15:59,25013,25027.5,25012,25024,2361,24992.11727,24987.12893
10/14/2025 16:00,25024.75,25032.5,25007,25013,10720,24992.65682,24987.59424
10/14/2025 16:01,25013,25046.25,25007.75,25034,3321,24992.89677,24987.79141
10/14/2025 16:02,25032.75,25034,25020,25026.5,1053,24992.96702,24987.8498
10/14/2025 16:03,25026,25029,25019,25022.75,947,24993.02391,24987.8978
10/14/2025 16:04,25022.75,25030.75,25021.75,25024.5,639,24993.06479,24987.932
10/14/2025 16:05,25025.75,25025.75,25010.5,25018.5,861,24993.10721,24987.96895
10/14/2025 16:06,25018.25,25023,25008.25,25015.75,809,24993.14286,24988.00063
10/14/2025 16:07,25016.25,25020,25010.5,25011.75,903,24993.17973,24988.03388
10/14/2025 16:08,25010.5,25010.5,24979.25,24980.5,1166,24993.17271,24988.03725
10/14/2025 16:09,24981,24982.75,24958.5,24962.5,1185,24993.11462,24988.0037
10/14/2025 16:10,24961.75,24969.25,24959,24962.25,715,24993.07357,24987.97907
10/14/2025 16:11,24962.5,24967.25,24957.5,24966.5,530,24993.04348,24987.96103
10/14/2025 16:12,24966.75,24975,24963.75,24973,475,24993.02284,24987.94944
10/14/2025 16:13,24972,24986.5,24972,24983.5,567,24993.0093,24987.94364
10/14/2025 16:14,24983,24990,24975.75,24980.25,479,24992.99912,24987.93965
10/14/2025 16:15,24981.25,24989.25,24979.75,24986.75,334,24992.99413,24987.93839
10/14/2025 16:16,24986.5,24987,24979.25,24980.25,391,24992.98597,24987.93523
10/14/2025 16:17,24980.25,24984,24973.5,24977,267,24992.97834,24987.93158
10/14/2025 16:18,24976.75,24979.75,24972.5,24974,259,24992.96958,24987.92705
10/14/2025 16:19,24974.25,24976.5,24966.75,24970,167,24992.96254,24987.92311
10/14/2025 16:20,24970.5,24975.25,24969.75,24973.5,165,24992.95615,24987.91963
10/14/2025 16:21,24973.75,24974.75,24963.5,24966,188,24992.94715,24987.91441
10/14/2025 16:22,24965.75,24965.75,24953.75,24960.25,474,24992.91706,24987.89587
10/14/2025 16:23,24960.75,24972.5,24960.75,24970,297,24992.9027,24987.88751
10/14/2025 16:24,24970,24973.5,24968.5,24972,126,24992.89748,24987.8846
10/14/2025 16:25,24971.75,24974.25,24963.5,24964,130,24992.89107,24987.88085
10/14/2025 16:26,24964.25,24967.5,24962.25,24963.25,150,24992.88285,24987.87592
10/14/2025 16:27,24963,24971.5,24962,24971,225,24992.87218,24987.86973
10/14/2025 16:28,24971.5,24974.5,24967.25,24973.25,162,24992.86559,24987.86607
10/14/2025 16:29,24973.25,24978,24973.25,24975.25,136,24992.86106,24987.86372
10/14/2025 16:30,24974.75,24976.75,24970.25,24975,188,24992.85426,24987.86009
10/14/2025 16:31,24974.5,24975.75,24971.75,24973,120,24992.84981,24987.85769
10/14/2025 16:32,24973,24981.25,24973,24980.75,115,24992.84661,24987.85616
10/14/2025 16:33,24980.25,24990.5,24980.25,24989.5,209,24992.84417,24987.85584
10/14/2025 16:34,24989.25,24993.5,24989,24992,217,24992.84361,24987.85694
10/14/2025 16:35,24991.75,24994.75,24989.5,24991.5,190,24992.84328,24987.85801
10/14/2025 16:36,24991,24991.5,24984.5,24988.25,159,24992.84183,24987.85806
10/14/2025 16:37,24988.25,24989,24981.5,24983.25,133,24992.83973,24987.85746
10/14/2025 16:38,24984,24985.5,24981.5,24984,85,24992.83824,24987.85696
10/14/2025 16:39,24983.75,24989.5,24983.25,24987.25,112,24992.83691,24987.85677
10/14/2025 16:40,24988,24990,24986.5,24986.5,49,24992.83643,24987.85676
10/14/2025 16:41,24986.25,24988.75,24983.75,24988.5,126,24992.83502,24987.85661
10/14/2025 16:42,24988.25,24991.75,24987.5,24991.25,79,24992.83462,24987.85687
10/14/2025 16:43,24992,24994.25,24988.75,24989.5,101,24992.83423,24987.85728
10/14/2025 16:44,24989.75,24991.5,24986.75,24991.5,82,24992.83378,24987.85752
10/14/2025 16:45,24991,24994.75,24990.5,24994.25,82,24992.83383,24987.85812
10/14/2025 16:46,24994.5,24995.5,24986.75,24989,271,24992.83258,24987.85909
10/14/2025 16:47,24989,24991.75,24989,24990,66,24992.83225,24987.85931
10/14/2025 16:48,24989.75,24995,24988.75,24994.25,83,24992.83223,24987.85986
10/14/2025 16:49,24994.5,25005,24993.5,25003.75,130,24992.83419,24987.86219
10/14/2025 16:50,25004,25004,24999.25,25000.5,81,24992.83549,24987.8637
10/14/2025 16:51,25000,25005.25,25000,25005.25,112,24992.83777,24987.86613
10/14/2025 16:52,25005,25010.5,25004.5,25009.25,112,24992.84103,24987.86928
10/14/2025 16:53,25009.75,25012.5,25009.25,25010.75,101,24992.84449,24987.8725
10/14/2025 16:54,25011,25013.25,25011,25011,86,24992.84759,24987.87535
10/14/2025 16:55,25011.25,25020,25010.5,25017.5,142,24992.85386,24987.8809
10/14/2025 16:56,25017.75,25018,25012.75,25013,125,24992.85903,24987.88553
10/14/2025 16:57,25012.75,25012.75,25009.75,25011.5,62,24992.86122,24987.88755
10/14/2025 16:58,25011.5,25011.75,25005.5,25006.25,176,24992.86624,24987.89243
10/14/2025 16:59,25005.5,25008,25005.25,25007,76,24992.86824,24987.89441
10/14/2025 17:00,25006.5,25012.75,25006.5,25012.75,96,24992.8715,24987.89745
10/14/2025 18:01,25010.5,25052,25008.5,25048.5,480,0,25036.33333
10/14/2025 18:02,25049.25,25072.75,25048.5,25071,674,0,25052.54087
10/14/2025 18:03,25072.25,25072.25,25059.75,25061.25,258,0,25054.71081
10/14/2025 18:04,25060.25,25068,25057,25066.5,142,0,25055.5444
10/14/2025 18:05,25064.75,25067.25,25059.75,25063.25,152,0,25056.2458
10/14/2025 18:06,25061.75,25068.25,25058.5,25064.25,149,0,25056.84187
10/14/2025 18:07,25063.75,25067.25,25057.25,25060.75,136,0,25057.17713
10/14/2025 18:08,25060.75,25061.75,25052,25055.5,168,0,25057.11796
10/14/2025 18:09,25055.5,25059,25040.5,25044,184,0,25056.38882
10/14/2025 18:10,25044,25044,25026,25032.5,199,0,25054.64916
10/14/2025 18:11,25033,25043.75,25031.5,25043,156,0,25053.76841
10/14/2025 18:12,25042.25,25054.5,25041,25054.25,150,0,25053.56554
10/14/2025 18:13,25055,25055,25045,25046.25,95,0,25053.4101
10/14/2025 18:14,25044.75,25051.5,25043.5,25046,87,0,25053.22605
10/14/2025 18:15,25046,25046,25029.75,25030.25,106,0,25052.62125
10/14/2025 18:16,25031,25032,25022.5,25024.5,181,0,25051.18679
10/14/2025 18:17,25025.5,25025.75,25019.25,25020.25,167,0,25049.77578
10/14/2025 18:18,25019.25,25021.5,25009.5,25011.5,218,0,25047.67887
10/14/2025 18:19,25010.75,25019,25007,25018.25,186,0,25046.10357
10/14/2025 18:20,25017.5,25017.5,25011,25013.25,54,0,25045.66265
10/14/2025 18:21,25012.25,25020.25,25012,25019.75,45,0,25045.34291
10/14/2025 18:22,25019.5,25025.5,25019.5,25021.25,94,0,25044.80716
10/14/2025 18:23,25020.25,25021.25,25015.5,25021.25,44,0,25044.53543
10/14/2025 18:24,25023.25,25025.5,25020.5,25023.5,42,0,25044.32005
10/14/2025 18:25,25025,25025.5,25022,25024,32,0,25044.16393
10/14/2025 18:26,25025.75,25031.75,25023,25028.25,76,0,25043.87064
10/14/2025 18:27,25027.25,25036,25026,25031.75,89,0,25043.61326
10/14/2025 18:28,25034,25039.75,25032.5,25037,125,0,25043.41286
10/14/2025 18:29,25036.75,25041,25035,25039.25,56,0,25043.3513
10/14/2025 18:30,25040.25,25040.75,25030.75,25033.25,69,0,25043.22517
10/14/2025 18:31,25032.25,25040.25,25032.25,25039.5,39,0,25043.17578
10/14/2025 18:32,25039.25,25040,25034.75,25036.25,19,0,25043.15067
10/14/2025 18:33,25035,25036.25,25027.25,25029,115,0,25042.85476
10/14/2025 18:34,25029,25030.25,25017.75,25021.25,185,0,25042.1191
10/14/2025 18:35,25021,25021.25,25013.75,25020,118,0,25041.56768
10/14/2025 18:36,25022,25029.25,25020.25,25022.75,86,0,25041.27718
10/14/2025 18:37,25023.25,25033.25,25023.25,25029.25,65,0,25041.11974
10/14/2025 18:38,25029.5,25031,25027.5,25027.5,28,0,25041.05357
10/14/2025 18:39,25028,25031.25,25025.5,25030,38,0,25040.96666
10/14/2025 18:40,25031,25031.5,25027.5,25030.5,32,0,25040.89993
10/14/2025 18:41,25030,25031,25026.5,25029.5,18,0,25040.85995
10/14/2025 18:42,25030.75,25035.25,25030.75,25033.25,43,0,25040.79802
10/14/2025 18:43,25032.75,25032.75,25028.5,25028.5,18,0,25040.76187
10/14/2025 18:44,25028.5,25035,25028,25035,24,0,25040.72617
10/14/2025 18:45,25036,25036.25,25030.5,25032,17,0,25040.70185
10/14/2025 18:46,25033.25,25037.25,25031,25032,41,0,25040.64755
10/14/2025 18:47,25032.5,25034,25032.25,25033.5,12,0,25040.63144
10/14/2025 18:48,25033.25,25034,25031.75,25033.5,30,0,25040.59058
10/14/2025 18:49,25033.25,25033.75,25028.5,25028.5,24,0,25040.54599
10/14/2025 18:50,25030,25031.5,25026.5,25031.5,23,0,25040.50191
10/14/2025 18:51,25030.5,25030.75,25025.5,25029.75,36,0,25040.42616
10/14/2025 18:52,25031.25,25037,25030.75,25035.25,25,0,25040.3992
10/14/2025 18:53,25034.25,25037.25,25033.25,25035.75,19,0,25040.3825
10/14/2025 18:54,25036,25036,25033.5,25035,18,0,25040.36494
10/14/2025 18:55,25033.75,25034.75,25032,25032.25,11,0,25040.35072
10/14/2025 18:56,25033.5,25036,25033.5,25036,5,0,25040.34618
10/14/2025 18:57,25034.25,25034.5,25031.25,25034,16,0,25040.32632
10/14/2025 18:58,25033.75,25035.5,25033.75,25034.75,6,0,25040.32039
10/14/2025 18:59,25034,25034.75,25033.25,25033.25,10,0,25040.30894
10/14/2025 19:00,25034.25,25038,25034.25,25035.75,18,0,25040.29545
10/14/2025 19:01,25034.25,25038.5,25031.5,25037.75,57,0,25040.2525
10/14/2025 19:02,25036.75,25037.75,25034,25035.75,29,0,25040.23055
10/14/2025 19:03,25035.75,25039.25,25025.25,25029.25,120,0,25040.0497
10/14/2025 19:04,25028.75,25036.75,25028.75,25036.25,34,0,25040.01491
10/14/2025 19:05,25037.5,25040.5,25036,25040.5,50,0,25040.00651
10/14/2025 19:06,25040.5,25042.25,25038.25,25038.5,34,0,25040.00461
10/14/2025 19:07,25038.75,25041,25037.75,25038.25,22,0,25040.00098
10/14/2025 19:08,25038.5,25039.25,25032,25032,99,0,25039.91179
10/14/2025 19:09,25032,25052.25,25029,25043,226,0,25039.96473
10/14/2025 19:10,25043.5,25044,25039.5,25042.75,24,0,25039.97261
10/14/2025 19:11,25043.75,25048.5,25043.75,25048.5,33,0,25040.00797
10/14/2025 19:12,25049.5,25054,25046.25,25048.5,93,0,25040.14343
10/14/2025 19:13,25049.25,25056.5,25046.75,25056,104,0,25040.34495
10/14/2025 19:14,25054.75,25060,25053,25056.75,157,0,25040.71795
10/14/2025 19:15,25055.5,25060,25053.5,25057.25,42,0,25040.81688
10/14/2025 19:16,25058,25058.75,25053.25,25056.75,55,0,25040.93933
10/14/2025 19:17,25056.25,25056.75,25052.25,25056.75,42,0,25041.02551
10/14/2025 19:18,25057,25059.5,25055.25,25057.5,81,0,25041.2137
10/14/2025 19:19,25057.75,25057.75,25053,25055.5,34,0,25041.28182
10/14/2025 19:20,25054.5,25060.5,25054,25059.25,65,0,25041.43296
10/14/2025 19:21,25060.25,25064.5,25059.5,25060.5,113,0,25041.745
10/14/2025 19:22,25062.25,25066,25061.5,25064,53,0,25041.90493
10/14/2025 19:23,25063.75,25069.25,25063.25,25069.25,61,0,25042.11439
10/14/2025 19:24,25069.75,25074.25,25067.75,25068.25,144,0,25042.64961
10/14/2025 19:25,25067.5,25067.5,25065,25066,16,0,25042.69951
10/14/2025 19:26,25065.5,25065.5,25056.75,25057.5,105,0,25042.93595
10/14/2025 19:27,25057.75,25060.5,25055.75,25057.5,58,0,25043.04873
10/14/2025 19:28,25056.25,25057.5,25051.25,25055,78,0,25043.16434
10/14/2025 19:29,25054.5,25054.5,25048,25049.5,96,0,25043.25576
10/14/2025 19:30,25046.75,25049.75,25043.5,25049.5,59,0,25043.28793
10/14/2025 19:31,25049,25052,25047,25052,31,0,25043.31534
10/14/2025 19:32,25054,25058.75,25053.25,25056,87,0,25043.45235
10/14/2025 19:33,25056.5,25056.5,25044.25,25047.75,61,0,25043.4978
10/14/2025 19:34,25048.25,25050.25,25043.5,25047,58,0,25043.52206
10/14/2025 19:35,25048.25,25055.75,25048.25,25054.75,53,0,25043.58258
10/14/2025 19:36,25053.25,25054.5,25048.75,25048.75,54,0,25043.62878
10/14/2025 19:37,25048.5,25054.25,25048.5,25050.25,24,0,25043.65008
10/14/2025 19:38,25049,25051.75,25047,25050.25,17,0,25043.66237
10/14/2025 19:39,25049.25,25050,25047.5,25049,10,0,25043.66858
10/14/2025 19:40,25049,25051.75,25047.75,25047.75,20,0,25043.68154
10/14/2025 19:41,25048.25,25048.75,25045.5,25048.25,23,0,25043.69203
10/14/2025 19:42,25049.75,25049.75,25043,25045.25,33,0,25043.70109
10/14/2025 19:43,25045.75,25047.75,25043.25,25045.75,31,0,25043.708
10/14/2025 19:44,25046.25,25047.75,25044,25044,25,0,25043.71256
10/14/2025 19:45,25046.25,25048.5,25046.25,25048.5,21,0,25043.72255
10/14/2025 19:46,25047.25,25050.5,25045.25,25046,30,0,25043.73498
10/14/2025 19:47,25048.75,25055.75,25046.25,25046.5,70,0,25043.78198
10/14/2025 19:48,25046.25,25049.5,25043.75,25049.5,32,0,25043.7961
10/14/2025 19:49,25050,25055.5,25049.5,25054.75,32,0,25043.83108
10/14/2025 19:50,25055.25,25056.5,25048,25051.75,47,0,25043.87568
10/14/2025 19:51,25051,25053.75,25047.5,25052.5,21,0,25043.89345
10/14/2025 19:52,25053.25,25053.5,25049.5,25053.5,13,0,25043.90577
10/14/2025 19:53,25052.25,25053,25045.75,25047.75,51,0,25043.93438
10/14/2025 19:54,25046.5,25047.75,25041.75,25046.75,45,0,25043.94194
10/14/2025 19:55,25048.25,25052,25047.75,25050.75,39,0,25043.96933
10/14/2025 19:56,25049.75,25049.75,25040.25,25045.75,88,0,25043.98191
10/14/2025 19:57,25046.25,25048.25,25046,25047,20,0,25043.98883
10/14/2025 19:58,25046.75,25046.75,25033.75,25034.5,108,0,25043.92157
10/14/2025 19:59,25036,25037.25,25028.75,25036,95,0,25043.81885
10/14/2025 20:00,25037,25039.25,25028.75,25029.75,62,0,25043.74344
10/14/2025 20:01,25028.5,25035.75,25018.5,25025.5,250,0,25043.29129
10/14/2025 20:02,25025,25036,25018,25036,164,0,25043.06545
10/14/2025 20:03,25036.5,25039.25,25027.25,25029,118,0,25042.92979
10/14/2025 20:04,25029.5,25037.25,25029.5,25036,96,0,25042.84534
10/14/2025 20:05,25035.5,25038.5,25033.5,25035.5,64,0,25042.80014
10/14/2025 20:06,25035.75,25037.25,25024,25024,101,0,25042.65532
10/14/2025 20:07,25024.5,25024.5,25013.75,25020.5,149,0,25042.31762
10/14/2025 20:08,25022,25029.25,25020.75,25029,97,0,25042.16676
10/14/2025 20:09,25029,25036,25026.25,25034.75,80,0,25042.0908
10/14/2025 20:10,25034.75,25036.5,25026.5,25027.25,112,0,25041.96234
10/14/2025 20:11,25026,25026,25011.5,25015.5,196,0,25041.51584
10/14/2025 20:12,25014,25017,25007.5,25011.5,167,0,25041.06078
10/14/2025 20:13,25011,25011,24997.5,24999,216,0,25040.30688
10/14/2025 20:14,24998,25007.25,24997.5,25001.75,128,0,25039.87006
10/14/2025 20:15,25001,25007.75,24998.25,25004,164,0,25039.34166
10/14/2025 20:16,25003.75,25012.5,24998,25008.75,277,0,25038.55658
10/14/2025 20:17,25008.25,25018,25002,25008.75,201,0,25038.06381
10/14/2025 20:18,25007.75,25007.75,24997,24997.25,95,0,25037.76559
10/14/2025 20:19,24997.5,25009.5,24997.5,25003.25,110,0,25037.45132
10/14/2025 20:20,25002.75,25009,25001,25005.25,47,0,25037.32528
10/14/2025 20:21,25005.75,25006.5,24999.75,25001.25,55,0,25037.16731
10/14/2025 20:22,25000.5,25009.75,24998.5,25006.75,80,0,25036.95647
10/14/2025 20:23,25006.25,25013,25005.25,25011.25,72,0,25036.7974
10/14/2025 20:24,25011,25013.5,25008,25012,94,0,25036.60265
10/14/2025 20:25,25011,25022.5,25011,25016.75,114,0,25036.42137
10/14/2025 20:26,25016,25016.75,25011.5,25016,52,0,25036.33149
10/14/2025 20:27,25015.75,25015.75,25009.75,25011.75,42,0,25036.25164
10/14/2025 20:28,25012.25,25016.5,25012.25,25016,37,0,25036.18907
10/14/2025 20:29,25016.25,25024.75,25014.25,25023.25,114,0,25036.05081
10/14/2025 20:30,25023.5,25028.25,25022,25026.75,67,0,25035.99644
10/14/2025 20:31,25028,25038,25019.5,25033.75,223,0,25035.90087
10/14/2025 20:32,25033,25035.5,25029.5,25029.75,70,0,25035.87778
10/14/2025 20:33,25028.5,25029.5,25021.75,25022.5,55,0,25035.83052
10/14/2025 20:34,25021,25021,25011.5,25014,125,0,25035.63902
10/14/2025 20:35,25014.25,25022.75,25013.25,25022.25,52,0,25035.5757
10/14/2025 20:36,25023.25,25024.5,25016.75,25022.5,60,0,25035.51146
10/14/2025 20:37,25023.75,25035.5,25023.75,25035,115,0,25035.47658
10/14/2025 20:38,25034,25041,25030.75,25039.5,154,0,25035.4947
10/14/2025 20:39,25039.5,25039.5,25023.25,25023.5,101,0,25035.44517
10/14/2025 20:40,25023.25,25034.5,25023,25032,80,0,25035.41271
10/14/2025 20:41,25031.75,25031.75,25025.75,25025.75,54,0,25035.38291
10/14/2025 20:42,25027.5,25033.75,25027.5,25033,64,0,25035.36471
10/14/2025 20:43,25034.25,25036.5,25031.5,25034.25,67,0,25035.35859
10/14/2025 20:44,25034.5,25038,25030.25,25038,41,0,25035.35876
10/14/2025 20:45,25038.5,25038.5,25034.25,25038.25,50,0,25035.36457
10/14/2025 20:46,25038.5,25045,25037,25045,167,0,25035.4461
10/14/2025 20:47,25045,25045.75,25036,25036,96,0,25035.47151
10/14/2025 20:48,25037.75,25047.25,25037.75,25047,62,0,25035.50815
10/14/2025 20:49,25047.5,25054.25,25046.75,25052.5,136,0,25035.65432
10/14/2025 20:50,25052.25,25053,25042.75,25042.75,83,0,25035.71387
10/14/2025 20:51,25044.5,25046.5,25037.25,25044.75,95,0,25035.75973
10/14/2025 20:52,25045,25045.75,25041,25042.75,25,0,25035.77227
10/14/2025 20:53,25041.75,25041.75,25034.5,25036,68,0,25035.7798
10/14/2025 20:54,25036.5,25040,25035.25,25039.5,38,0,25035.78611
10/14/2025 20:55,25040,25042.25,25037.25,25038.25,41,0,25035.79563
10/14/2025 20:56,25037.5,25047.25,25037,25043.75,82,0,25035.83319
10/14/2025 20:57,25044.5,25044.5,25041.25,25043.75,34,0,25035.84977
10/14/2025 20:58,25044.75,25050.5,25044.75,25050.5,91,0,25035.92638
10/14/2025 20:59,25050.75,25054.5,25049.5,25053.25,128,0,25036.06475
10/14/2025 21:00,25053.75,25056,25051.25,25054.5,81,0,25036.15905
10/14/2025 21:01,25053.5,25055.25,25047.5,25050.5,108,0,25036.26342
10/14/2025 21:02,25051.25,25051.25,25043,25043.75,70,0,25036.30736
10/14/2025 21:03,25044.25,25045.5,25040.75,25042,45,0,25036.32599
10/14/2025 21:04,25041.25,25044.25,25041,25043.25,36,0,25036.34101
10/14/2025 21:05,25042.5,25044.75,25040,25040,51,0,25036.3581
10/14/2025 21:06,25040,25040,25035,25037.75,114,0,25036.36696
10/14/2025 21:07,25037.25,25043.25,25035.75,25041.25,47,0,25036.37802
10/14/2025 21:08,25042,25043.5,25031.5,25033.25,89,0,25036.37637
10/14/2025 21:09,25032.25,25036,25031.5,25031.75,48,0,25036.36645
10/14/2025 21:10,25032.5,25032.5,25019.25,25022.75,159,0,25036.25257
10/14/2025 21:11,25022.75,25030,25021.25,25030,82,0,25036.20611
10/14/2025 21:12,25030.25,25031.25,25025.75,25028.75,77,0,25036.17001
10/14/2025 21:13,25029.25,25041.75,25029.25,25040.75,166,0,25036.18093
10/14/2025 21:14,25040.5,25043.75,25036.5,25043.25,106,0,25036.21289
10/14/2025 21:15,25043.75,25046,25040.5,25041.75,65,0,25036.23849
10/14/2025 21:16,25042.5,25047.5,25040.5,25041.75,97,0,25036.27923
10/14/2025 21:17,25042.5,25049.75,25042,25045.75,69,0,25036.31855
10/14/2025 21:18,25046.25,25049.25,25044.75,25048.25,30,0,25036.33838
10/14/2025 21:19,25048,25048.5,25043.25,25043.25,27,0,25036.35228
10/14/2025 21:20,25043.5,25049.75,25043.5,25048.25,21,0,25036.36577
10/14/2025 21:21,25048.75,25049.5,25045.5,25047,38,0,25036.39046
10/14/2025 21:22,25047.25,25055.25,25046.75,25053,82,0,25036.46431
10/14/2025 21:23,25053.5,25062.25,25050.75,25060.25,150,0,25036.65089
10/14/2025 21:24,25061,25062,25056,25057.5,64,0,25036.73231
10/14/2025 21:25,25057.75,25062.5,25055.25,25060.5,112,0,25036.87927
10/14/2025 21:26,25060.5,25066,25059.75,25060.75,258,0,25037.2511
10/14/2025 21:27,25059.75,25070.25,25058.75,25067.5,129,0,25037.45727
10/14/2025 21:28,25067.25,25071.25,25064.5,25069.5,80,0,25037.59677
10/14/2025 21:29,25068.75,25068.75,25065.75,25067,85,0,25037.73765
10/14/2025 21:30,25067.75,25068,25062,25062,43,0,25037.8008
10/14/2025 21:31,25061.75,25061.75,25057,25057.75,90,0,25037.90612
10/14/2025 21:32,25057.75,25060,25053.75,25060,73,0,25037.98707
10/14/2025 21:33,25061.5,25067,25061.5,25063.25,115,0,25038.15126
10/14/2025 21:34,25064.5,25064.5,25055.25,25056.25,142,0,25038.31043
10/14/2025 21:35,25057.25,25065,25057.25,25065,96,0,25038.43621
10/14/2025 21:36,25065,25065.25,25057.5,25061.5,80,0,25038.53569
10/14/2025 21:37,25063.5,25065.75,25059.5,25063,77,0,25038.63617
10/14/2025 21:38,25064,25066.5,25062.5,25066.25,56,0,25038.71575
10/14/2025 21:39,25066.25,25067.5,25059.5,25061.75,68,0,25038.80385
10/14/2025 21:40,25061.75,25061.75,25058.5,25059.5,51,0,25038.86133
10/14/2025 21:41,25060,25064.5,25058.75,25060.25,45,0,25038.91479
10/14/2025 21:42,25059.75,25059.75,25055.75,25056.25,31,0,25038.94501
10/14/2025 21:43,25055.5,25055.5,25048.5,25052.5,100,0,25039.01494
10/14/2025 21:44,25052.75,25053.75,25051.5,25051.5,23,0,25039.03102
10/14/2025 21:45,25054,25060.75,25053.25,25060.5,38,0,25039.06936
10/14/2025 21:46,25059.75,25061,25055,25055,74,0,25039.13904
10/14/2025 21:47,25055.5,25059.5,25054.5,25054.75,32,0,25039.16775
10/14/2025 21:48,25055,25056.25,25053.25,25055,26,0,25039.18907
10/14/2025 21:49,25055,25055.75,25051.5,25055,28,0,25039.21087
10/14/2025 21:50,25053.5,25053.5,25049.25,25051,54,0,25039.24477
10/14/2025 21:51,25050.25,25057.5,25050.25,25056,55,0,25039.28862
10/14/2025 21:52,25055.25,25060,25053.5,25053.5,46,0,25039.32769
10/14/2025 21:53,25053,25054.5,25049.75,25052,39,0,25039.35344
10/14/2025 21:54,25052.25,25055.5,25052.25,25054.75,24,0,25039.37181
10/14/2025 21:55,25055.5,25057,25054,25055.5,28,0,25039.39512
10/14/2025 21:56,25056,25056,25053.75,25055,21,0,25039.41193
10/14/2025 21:57,25055.5,25056.25,25055,25056.25,12,0,25039.42208
10/14/2025 21:58,25056.5,25057.75,25055.25,25055.5,37,0,25039.45394
10/14/2025 21:59,25056,25056.5,25054.5,25055.75,19,0,25039.46969
10/14/2025 22:00,25056.5,25057.75,25054.75,25057.75,31,0,25039.49717
10/14/2025 22:01,25058,25059.75,25057.5,25058.25,57,0,25039.55257
10/14/2025 22:02,25058.5,25060.5,25056.25,25056.25,40,0,25039.58956
10/14/2025 22:03,25057.5,25062.25,25057.5,25062.25,51,0,25039.64428
10/14/2025 22:04,25060.5,25062,25058.25,25060.25,34,0,25039.67975
10/14/2025 22:05,25060.25,25064.5,25059.5,25062.5,52,0,25039.73902
10/14/2025 22:06,25061.75,25067.25,25061,25066.25,62,0,25039.81764
10/14/2025 22:07,25065.75,25066,25057.75,25058.5,53,0,25039.87354
10/14/2025 22:08,25057.5,25060.75,25057.5,25060,15,0,25039.88831
10/14/2025 22:09,25060.75,25064,25060.75,25063.25,15,0,25039.9055
10/14/2025 22:10,25064,25065.5,25063,25064.5,20,0,25039.93006
10/14/2025 22:11,25065,25068,25063.25,25064.25,57,0,25040.00216
10/14/2025 22:12,25065.25,25079.25,25065.25,25077.25,241,0,25040.40697
10/14/2025 22:13,25077.25,25079.5,25073.5,25077.5,122,0,25040.62574
10/14/2025 22:14,25077,25085.5,25076.5,25082.5,217,0,25041.05778
10/14/2025 22:15,25083,25083.75,25081,25081.5,46,0,25041.1495
10/14/2025 22:16,25081,25084.75,25081,25083.5,63,0,25041.2775
10/14/2025 22:17,25083.25,25090,25080.5,25084.5,265,0,25041.83177
10/14/2025 22:18,25085,25087.75,25084.5,25087.25,66,0,25041.97236
10/14/2025 22:19,25087.5,25090.75,25083.5,25090.75,88,0,25042.1661
10/14/2025 22:20,25090.5,25091.5,25088.75,25089,64,0,25042.31028
10/14/2025 22:21,25089,25099.5,25088.25,25099.25,254,0,25042.94428
10/14/2025 22:22,25099,25104,25094.75,25103,178,0,25043.42029
10/14/2025 22:23,25102.5,25104,25097.5,25099,88,0,25043.65103
10/14/2025 22:24,25099.75,25111.25,25099.75,25110,241,0,25044.3487
10/14/2025 22:25,25110.75,25111,25104.75,25107.25,115,0,25044.67971
10/14/2025 22:26,25107.5,25107.75,25101.75,25102.5,89,0,25044.91874
10/14/2025 22:27,25101.75,25109.25,25101,25107.5,112,0,25045.22649
10/14/2025 22:28,25107.5,25112.25,25106.75,25109.5,82,0,25045.46303
10/14/2025 22:29,25109.5,25109.5,25102.5,25103.25,105,0,25045.74268
10/14/2025 22:30,25103.75,25103.75,25099.5,25102.25,118,0,25046.03679
10/14/2025 22:31,25101.5,25103.5,25099.75,25099.75,76,0,25046.22179
10/14/2025 22:32,25099.5,25106.5,25098.5,25105.25,121,0,25046.52664
10/14/2025 22:33,25105,25107.25,25100.75,25101.25,60,0,25046.67573
10/14/2025 22:34,25100.75,25100.75,25098,25099,42,0,25046.77257
10/14/2025 22:35,25100.25,25101.75,25097.25,25097.5,88,0,25046.9727
10/14/2025 22:36,25098,25098.75,25091,25091.5,182,0,25047.34168
10/14/2025 22:37,25090.75,25093.75,25084.5,25086.75,185,0,25047.66774
10/14/2025 22:38,25086.25,25086.25,25080.5,25082.5,122,0,25047.85254
10/14/2025 22:39,25081.75,25083.75,25079,25081.5,88,0,25047.9784
10/14/2025 22:40,25081,25081.5,25074.5,25075.5,136,0,25048.14658
10/14/2025 22:41,25074.5,25086.5,25074.25,25084.5,119,0,25048.31514
10/14/2025 22:42,25084.5,25089.5,25084.5,25085.5,89,0,25048.45786
10/14/2025 22:43,25085.5,25087,25082,25083.25,68,0,25048.55931
10/14/2025 22:44,25084,25084,25079.5,25082,61,0,25048.64409
10/14/2025 22:45,25081.25,25082.5,25079,25079.75,20,0,25048.67061
10/14/2025 22:46,25081.25,25081.25,25079.25,25079.75,39,0,25048.72165
10/14/2025 22:47,25079.25,25080.75,25073,25075.75,193,0,25048.94325
10/14/2025 22:48,25075,25076.75,25073.75,25074,83,0,25049.03177
10/14/2025 22:49,25073.5,25076,25071.5,25075.25,92,0,25049.12698
10/14/2025 22:50,25074.25,25075,25071.25,25071.25,46,0,25049.17102
10/14/2025 22:51,25071.75,25074.25,25071.25,25073.75,32,0,25049.20232
10/14/2025 22:52,25073.5,25077.75,25073.25,25076.25,104,0,25049.31479
10/14/2025 22:53,25075.75,25076.25,25071,25072.25,102,0,25049.41348
10/14/2025 22:54,25071.75,25075.25,25071.75,25075,29,0,25049.44236
10/14/2025 22:55,25075.25,25075.75,25072.25,25072.75,25,0,25049.46679
10/14/2025 22:56,25071.5,25075.25,25071.25,25073.25,51,0,25049.51579
10/14/2025 22:57,25072.5,25074,25070,25070.25,70,0,25049.57754
10/14/2025 22:58,25069.5,25073.5,25063.25,25070.75,166,0,25049.70764
10/14/2025 22:59,25070.5,25072,25069.5,25069.5,44,0,25049.74389
10/14/2025 23:00,25069.75,25071.5,25069.5,25069.5,17,0,25049.75775
10/14/2025 23:01,25069,25070,25064,25065.5,91,0,25049.81834
10/14/2025 23:02,25064.5,25065.75,25062,25064.25,59,0,25049.85154
10/14/2025 23:03,25063.5,25066.5,25062.25,25063,48,0,25049.87827
10/14/2025 23:04,25063.75,25067,25063.75,25064.5,44,0,25049.90472
10/14/2025 23:05,25064.75,25068,25064,25065,50,0,25049.93581
10/14/2025 23:06,25064.25,25073.5,25064.25,25071.75,129,0,25050.03657
10/14/2025 23:07,25071,25073,25070.5,25073,58,0,25050.08684
10/14/2025 23:08,25072.25,25072.75,25069.5,25070,45,0,25050.1232
10/14/2025 23:09,25070,25073.5,25068.25,25073,39,0,25050.15587
10/14/2025 23:10,25073.75,25076,25072.75,25074.5,57,0,25050.20973
10/14/2025 23:11,25074.25,25074.25,25066.75,25068,84,0,25050.27318
10/14/2025 23:12,25067,25072.25,25066.5,25072.25,93,0,25050.34535
10/14/2025 23:13,25072,25074,25068,25068.25,75,0,25050.40245
10/14/2025 23:14,25067,25070.25,25065.75,25070.25,74,0,25050.45467
10/14/2025 23:15,25070,25070.75,25068.5,25069.5,30,0,25050.47671
10/14/2025 23:16,25069,25069,25064,25064,45,0,25050.50293
10/14/2025 23:17,25064,25066.5,25063,25063.75,38,0,25050.52317
10/14/2025 23:18,25063.5,25064.25,25053,25054.25,196,0,25050.57267
10/14/2025 23:19,25053.5,25055.5,25046.5,25047.25,186,0,25050.56689
10/14/2025 23:20,25047.5,25052.25,25045.25,25050.5,138,0,25050.5605
10/14/2025 23:21,25050.75,25055.25,25050.25,25055.25,97,0,25050.57147
10/14/2025 23:22,25054.25,25057.25,25053.5,25056,61,0,25050.58288
10/14/2025 23:23,25056.75,25058,25055.75,25057.75,12,0,25050.58583
10/14/2025 23:24,25057.5,25068.25,25057.5,25066.5,157,0,25050.66443
10/14/2025 23:25,25066,25068,25065,25065.75,84,0,25050.71284
10/14/2025 23:26,25065.5,25072.75,25065.25,25072.75,63,0,25050.75825
10/14/2025 23:27,25072.5,25076,25072.25,25072.75,86,0,25050.8307
10/14/2025 23:28,25072.5,25078.25,25071.5,25076.5,79,0,25050.90192
10/14/2025 23:29,25076.25,25084,25076.25,25083.25,105,0,25051.01799
10/14/2025 23:30,25083,25085.5,25082.25,25085.25,62,0,25051.09327
10/14/2025 23:31,25085.5,25087,25080.75,25081.75,84,0,25051.19116
10/14/2025 23:32,25081.75,25083,25079,25082,52,0,25051.248
10/14/2025 23:33,25080,25081,25078.5,25079.25,49,0,25051.29826
10/14/2025 23:34,25080,25083,25078.75,25082.25,34,0,25051.33518
10/14/2025 23:35,25083.25,25084.75,25081.5,25083.5,38,0,25051.37897
10/14/2025 23:36,25082.25,25083.25,25080.5,25083.25,30,0,25051.41246
10/14/2025 23:37,25083.5,25085.75,25082.75,25084,38,0,25051.45729
10/14/2025 23:38,25084.25,25084.25,25080.5,25080.75,37,0,25051.49772
10/14/2025 23:39,25080.5,25080.5,25073.75,25074.75,89,0,25051.57698
10/14/2025 23:40,25074.75,25075.75,25072.5,25072.5,82,0,25051.64149
10/14/2025 23:41,25072,25079.5,25071.5,25078,63,0,25051.69697
10/14/2025 23:42,25077.5,25077.5,25072.5,25072.5,42,0,25051.73059
10/14/2025 23:43,25071.5,25073.5,25068.5,25072.75,70,0,25051.77996
10/14/2025 23:44,25070.75,25072,25064.5,25064.75,98,0,25051.83306
10/14/2025 23:45,25065,25066.5,25064,25064.75,42,0,25051.85273
10/14/2025 23:46,25063.75,25063.75,25057.5,25059,100,0,25051.88172
10/14/2025 23:47,25058.5,25060.25,25053,25057.75,110,0,25051.90148
10/14/2025 23:48,25056.75,25058.75,25055.5,25057.5,50,0,25051.91085
10/14/2025 23:49,25057.75,25063,25057.75,25061,90,0,25051.9381
10/14/2025 23:50,25059.75,25065.5,25059.25,25065,52,0,25051.95861
10/14/2025 23:51,25065.5,25069.5,25064,25066.5,103,0,25052.01122
10/14/2025 23:52,25067.25,25071.5,25065.75,25071.5,64,0,25052.0502
10/14/2025 23:53,25071.25,25075.25,25070.75,25072,102,0,25052.12282
10/14/2025 23:54,25070.75,25075.25,25067.75,25068.25,109,0,25052.19142
10/14/2025 23:55,25067.75,25068.25,25058.25,25060.75,132,0,25052.23764
10/14/2025 23:56,25060.5,25066.5,25060,25066.25,50,0,25052.25818
10/14/2025 23:57,25067,25071.25,25066.5,25068,82,0,25052.30382
10/14/2025 23:58,25068.5,25068.5,25058,25058,83,0,25052.32977
10/14/2025 23:59,25058,25059.75,25056.25,25057.75,85,0,25052.34586
10/15/2025 0:00,25059.5,25066.75,25059.5,25065.5,57,0,25052.36818
10/15/2025 0:01,25065.75,25069,25064.75,25069,50,0,25052.39388
10/15/2025 0:02,25068.25,25071,25066.5,25068.25,53,0,25052.42281
10/15/2025 0:03,25068.75,25068.75,25058.5,25059.25,64,0,25052.44379
10/15/2025 0:04,25059.75,25069,25059.5,25068,44,0,25052.46309
10/15/2025 0:05,25068.25,25071,25067.25,25069,67,0,25052.50041
10/15/2025 0:06,25068.75,25069.75,25066.25,25069.75,20,0,25052.51118
10/15/2025 0:07,25069.5,25072.75,25068.5,25071,54,0,25052.54412
10/15/2025 0:08,25071.5,25074.25,25070,25070,30,0,25052.56303
10/15/2025 0:09,25069,25073.75,25068.25,25071,37,0,25052.58579
10/15/2025 0:10,25072.25,25073,25070.75,25071.75,28,0,25052.60375
10/15/2025 0:11,25073,25074,25070.5,25072.5,22,0,25052.6182
10/15/2025 0:12,25071.5,25073.75,25070.75,25073.75,18,0,25052.63027
10/15/2025 0:13,25072.5,25072.5,25071.25,25072.5,12,0,25052.63803
10/15/2025 0:14,25073.75,25076.25,25073.75,25076,33,0,25052.66292
10/15/2025 0:15,25075.5,25076.5,25073.75,25074.25,36,0,25052.68942
10/15/2025 0:16,25075.5,25076,25072.75,25072.75,24,0,25052.70625
10/15/2025 0:17,25073.5,25076.5,25072.75,25075.5,44,0,25052.73862
10/15/2025 0:18,25075.75,25080.5,25074.5,25080.25,74,0,25052.8014
10/15/2025 0:19,25080.25,25081.75,25075.5,25076.5,61,0,25052.85192
10/15/2025 0:20,25075.75,25076,25073.5,25074.25,25,0,25052.86982
10/15/2025 0:21,25073.75,25079.75,25073.5,25079.5,106,0,25052.95583
10/15/2025 0:22,25079.75,25079.75,25077.75,25078,26,0,25052.97761
10/15/2025 0:23,25078.5,25078.5,25074,25076.25,44,0,25053.01116
10/15/2025 0:24,25077.5,25077.75,25076.25,25076.25,7,0,25053.0166
10/15/2025 0:25,25077,25080,25077,25079,25,0,25053.03758
10/15/2025 0:26,25079.5,25081.5,25079.5,25080.75,24,0,25053.0592
10/15/2025 0:27,25081.5,25084.25,25081.5,25083.75,55,0,25053.11324
10/15/2025 0:28,25084.5,25099.5,25084.5,25096.5,235,0,25053.42065
10/15/2025 0:29,25096,25097.5,25089,25089.25,98,0,25053.54246
10/15/2025 0:30,25088.5,25090.5,25087.25,25090,56,0,25053.6069
10/15/2025 0:31,25089.75,25090.5,25087.25,25089.25,45,0,25053.65816
10/15/2025 0:32,25089.5,25092.25,25089,25090.5,43,0,25053.70919
10/15/2025 0:33,25090.25,25092.5,25090.25,25091.25,35,0,25053.75146
10/15/2025 0:34,25092.5,25096.25,25088.5,25089.5,53,0,25053.81543
10/15/2025 0:35,25088.75,25094.75,25087.75,25094.75,21,0,25053.8414
10/15/2025 0:36,25096,25097,25095,25095.75,34,0,25053.88716
10/15/2025 0:37,25094.5,25094.5,25093.75,25093.75,15,0,25053.9064
10/15/2025 0:38,25093.5,25093.5,25091.5,25092.25,25,0,25053.93716
10/15/2025 0:39,25093.25,25094.75,25091.5,25094.75,26,0,25053.97014
10/15/2025 0:40,25094.5,25095,25090.5,25092.75,51,0,25054.03317
10/15/2025 0:41,25091.75,25092,25088,25088,45,0,25054.08373
10/15/2025 0:42,25088.5,25091,25087.25,25091,14,0,25054.09961
10/15/2025 0:43,25091.5,25093.25,25089.75,25092.5,30,0,25054.13559
10/15/2025 0:44,25093.25,25093.25,25091.25,25092.5,20,0,25054.15985
10/15/2025 0:45,25092.25,25098.5,25092.25,25096.75,66,0,25054.24703
10/15/2025 0:46,25097.25,25099,25096.25,25096.25,40,0,25054.30137
10/15/2025 0:47,25095.75,25098.5,25095.25,25098.5,25,0,25054.33546
10/15/2025 0:48,25098.25,25102.5,25098,25099.25,82,0,25054.45338
10/15/2025 0:49,25099.5,25100.5,25099.5,25100.5,8,0,25054.46491
10/15/2025 0:50,25101.25,25101.75,25100.25,25101,19,0,25054.49278
10/15/2025 0:51,25099.5,25104,25099.5,25103.5,63,0,25054.5876
10/15/2025 0:52,25103.5,25104.25,25100.5,25101,58,0,25054.67379
10/15/2025 0:53,25102,25102,25100,25100,33,0,25054.7214
10/15/2025 0:54,25099.75,25099.75,25095.25,25096.5,83,0,25054.83163
10/15/2025 0:55,25097,25097.25,25094.25,25097.25,40,0,25054.8834
10/15/2025 0:56,25097.5,25098,25094,25094.5,28,0,25054.9189
10/15/2025 0:57,25094.5,25098,25094.5,25098,22,0,25054.94767
10/15/2025 0:58,25098.5,25102,25098.5,25100.25,29,0,25054.98863
10/15/2025 0:59,25101.25,25104,25100.75,25101.5,28,0,25055.02969
10/15/2025 1:00,25100.25,25100.25,25097,25100,28,0,25055.06808
10/15/2025 1:01,25100.75,25139,25100.75,25134.5,1253,0,25057.68297
10/15/2025 1:02,25135.25,25143.75,25133.25,25137,423,0,25058.68774
10/15/2025 1:03,25138.75,25142.5,25128.75,25131.75,171,0,25059.06837
10/15/2025 1:04,25131.5,25143.75,25129.5,25140.5,191,0,25059.50904
10/15/2025 1:05,25140.5,25144.25,25136.5,25143,154,0,25059.87573
10/15/2025 1:06,25142.75,25149.75,25140.5,25144.5,225,0,25060.42948
10/15/2025 1:07,25143.75,25150,25142.5,25147,159,0,25060.82372
10/15/2025 1:08,25146.75,25151.25,25146,25150.75,81,0,25061.02977
10/15/2025 1:09,25151,25151,25146,25149.25,71,0,25061.20841
10/15/2025 1:10,25149.5,25153,25144.5,25148.25,112,0,25061.48819
10/15/2025 1:11,25148.25,25152.25,25146.25,25147.5,141,0,25061.83821
10/15/2025 1:12,25147.5,25149.5,25143.25,25145,90,0,25062.05314
10/15/2025 1:13,25145.5,25149.75,25141,25148.75,89,0,25062.26607
10/15/2025 1:14,25149.75,25152.25,25147,25147,49,0,25062.38596
10/15/2025 1:15,25146.75,25150.5,25145.5,25150.25,54,0,25062.5177
10/15/2025 1:16,25150.75,25152.75,25148,25151.5,104,0,25062.77616
10/15/2025 1:17,25150.75,25151.75,25147.5,25150.25,59,0,25062.92059
10/15/2025 1:18,25150.75,25156.5,25149.5,25154.25,137,0,25063.26787
10/15/2025 1:19,25155,25159.5,25151.75,25155,265,0,25063.94685
10/15/2025 1:20,25154.5,25163,25152.5,25161.5,110,0,25064.23668
10/15/2025 1:21,25161.75,25171.25,25161.75,25169.75,189,0,25064.7753
10/15/2025 1:22,25169.25,25171.5,25166.25,25170.25,147,0,25065.19743
10/15/2025 1:23,25169.75,25176.5,25166.75,25174,241,0,25065.90243
10/15/2025 1:24,25173.5,25175.5,25170.75,25172,152,0,25066.34371
10/15/2025 1:25,25171.25,25175.5,25171.25,25171.25,86,0,25066.59158
10/15/2025 1:26,25171,25173.75,25166.25,25168,154,0,25067.0187
10/15/2025 1:27,25167.5,25170,25153.75,25156,225,0,25067.57954
10/15/2025 1:28,25155.5,25156,25148.25,25149.5,172,0,25067.96391
10/15/2025 1:29,25149.75,25155.5,25147,25149.75,64,0,25068.10518
10/15/2025 1:30,25150.25,25153,25150.25,25152.75,33,0,25068.17894
10/15/2025 1:31,25152.5,25152.75,25145.5,25146.25,68,0,25068.32357
10/15/2025 1:32,25146.75,25150.5,25146.5,25147.5,50,0,25068.42959
10/15/2025 1:33,25147.5,25147.75,25143.25,25143.25,59,0,25068.54898
10/15/2025 1:34,25142.75,25145.25,25135.75,25136.25,120,0,25068.77269
10/15/2025 1:35,25138.25,25141.5,25135.25,25141.25,85,0,25068.93086
10/15/2025 1:36,25141.5,25148,25141.5,25147,97,0,25069.12622
10/15/2025 1:37,25147,25147,25143,25145.25,40,0,25069.20606
10/15/2025 1:38,25145,25148.5,25139,25140.5,100,0,25069.39858
10/15/2025 1:39,25142.25,25144.5,25141.5,25142.5,48,0,25069.49084
10/15/2025 1:40,25142.5,25148.75,25142.5,25148.75,40,0,25069.57156
10/15/2025 1:41,25149,25153,25147,25147,52,0,25069.67941
10/15/2025 1:42,25147,25148,25146.25,25147.75,24,0,25069.72804
10/15/2025 1:43,25148,25152.25,25145.75,25150.75,50,0,25069.8321
10/15/2025 1:44,25150.5,25151.25,25148.5,25148.75,9,0,25069.85078
10/15/2025 1:45,25150.5,25151,25149.75,25149.75,26,0,25069.90515
10/15/2025 1:46,25148.5,25150.5,25147,25150.5,38,0,25069.98366
10/15/2025 1:47,25151,25151.5,25144.75,25146.5,75,0,25070.13476
10/15/2025 1:48,25146.5,25148.5,25145,25146,31,0,25070.19617
10/15/2025 1:49,25145.25,25147.25,25143.5,25145.75,59,0,25070.31124
10/15/2025 1:50,25144.5,25150,25144.25,25149.75,55,0,25070.42176
10/15/2025 1:51,25149.5,25150,25145,25149,67,0,25070.55596
10/15/2025 1:52,25148.5,25151.5,25145.25,25151.5,60,0,25070.67793
10/15/2025 1:53,25151.25,25151.25,25146.25,25147.5,43,0,25070.76392
10/15/2025 1:54,25147.25,25147.75,25135.5,25137.5,87,0,25070.91924
10/15/2025 1:55,25138,25138,25135.25,25136.75,45,0,25070.99517
10/15/2025 1:56,25137.25,25138,25132.25,25132.25,67,0,25071.1036
10/15/2025 1:57,25132.25,25138.25,25132,25134.75,65,0,25071.20983
10/15/2025 1:58,25135.75,25141.25,25135.75,25139.5,53,0,25071.30138
10/15/2025 1:59,25140.25,25144.75,25137.5,25142.5,74,0,25071.43397
10/15/2025 2:00,25142,25144.25,25139.75,25141.5,47,0,25071.51822
10/15/2025 2:01,25141.5,25142.25,25128.25,25140,221,0,25071.88372
10/15/2025 2:02,25139.5,25140.25,25137,25139,68,0,25071.99865
10/15/2025 2:03,25138.5,25142.75,25134.5,25136,94,0,25072.15451
10/15/2025 2:04,25135.25,25136.25,25132,25133,51,0,25072.23363
10/15/2025 2:05,25134.5,25134.75,25129.5,25129.75,52,0,25072.31092
10/15/2025 2:06,25130.5,25136.25,25129.5,25131.75,95,0,25072.4544
10/15/2025 2:07,25130.25,25133.75,25128,25129.25,74,0,25072.56167
10/15/2025 2:08,25130,25134.25,25129.75,25132.5,76,0,25072.67491
10/15/2025 2:09,25132.5,25133.75,25131.5,25133.25,35,0,25072.7275
10/15/2025 2:10,25133,25135.5,25133,25135.5,22,0,25072.76152
10/15/2025 2:11,25136.5,25142,25132,25139.75,84,0,25072.89785
10/15/2025 2:12,25142.25,25147.5,25142,25145.75,120,0,25073.11299
10/15/2025 2:13,25146.25,25147.25,25141.5,25145.75,102,0,25073.29422
10/15/2025 2:14,25146,25146,25140,25141,58,0,25073.39328
10/15/2025 2:15,25142,25147,25137.25,25146.5,75,0,25073.52326
10/15/2025 2:16,25146.25,25148.25,25139.75,25139.75,66,0,25073.63562
10/15/2025 2:17,25139.5,25144.5,25129.75,25130.5,111,0,25073.80285
10/15/2025 2:18,25129,25130,25125,25125,201,0,25074.06279
10/15/2025 2:19,25125.5,25131.75,25125.5,25130.5,102,0,25074.20016
10/15/2025 2:20,25131.5,25141,25130.75,25139.75,97,0,25074.34885
10/15/2025 2:21,25139,25144.5,25137,25140.25,100,0,25074.50971
10/15/2025 2:22,25140,25144.75,25140,25144.25,58,0,25074.60605
10/15/2025 2:23,25145.25,25151.75,25144.75,25148,144,0,25074.86205
10/15/2025 2:24,25148,25149.25,25146,25147.75,45,0,25074.94114
10/15/2025 2:25,25148.25,25150,25145.75,25146.25,30,0,25074.99353
10/15/2025 2:26,25146.25,25147.25,25136.75,25137.5,75,0,25075.11183
10/15/2025 2:27,25137.75,25148.5,25135.75,25147.25,70,0,25075.22748
10/15/2025 2:28,25147,25147.5,25138.75,25138.75,57,0,25075.31839
10/15/2025 2:29,25138.75,25149.5,25137.25,25148.5,70,0,25075.43543
10/15/2025 2:30,25147.75,25150,25144.75,25147.75,78,0,25075.5699
10/15/2025 2:31,25147.25,25151,25142.75,25145.25,157,0,25075.83467
10/15/2025 2:32,25145.5,25145.5,25140,25140,77,0,25075.95556
10/15/2025 2:33,25139.25,25144.5,25139,25142.5,88,0,25076.09353
10/15/2025 2:34,25144,25145,25142.25,25143.5,26,0,25076.13516
10/15/2025 2:35,25143.25,25143.25,25138.5,25139.5,48,0,25076.20828
10/15/2025 2:36,25141,25150.25,25141,25145.5,119,0,25076.40336
10/15/2025 2:37,25145,25149.75,25143.75,25147.5,104,0,25076.57643
10/15/2025 2:38,25147,25150.25,25144.5,25146.5,115,0,25076.76705
10/15/2025 2:39,25146.5,25159.75,25146.5,25158.75,165,0,25077.06934
10/15/2025 2:40,25158.75,25160,25154.5,25158.25,119,0,25077.29309
10/15/2025 2:41,25158,25165.25,25156.75,25162.5,182,0,25077.64948
10/15/2025 2:42,25162.25,25162.5,25159,25159.25,53,0,25077.75116
10/15/2025 2:43,25160.25,25162,25155.5,25162,64,0,25077.87298
10/15/2025 2:44,25160.5,25164,25159.75,25162.25,51,0,25077.97237
10/15/2025 2:45,25161.25,25161.25,25155.25,25156.75,55,0,25078.07388
10/15/2025 2:46,25155,25158,25153.5,25157.5,50,0,25078.16429
10/15/2025 2:47,25158.25,25158.25,25155.5,25156.75,21,0,25078.20245
10/15/2025 2:48,25156.5,25156.5,25152.5,25152.5,42,0,25078.27574
10/15/2025 2:49,25152.5,25154.25,25149.5,25152,68,0,25078.39111
10/15/2025 2:50,25152.75,25154.75,25151.5,25154.25,30,0,25078.44298
10/15/2025 2:51,25153.75,25154.25,25152.5,25152.5,25,0,25078.48592
10/15/2025 2:52,25152.25,25154.25,25152,25153.5,27,0,25078.53233
10/15/2025 2:53,25152,25153.75,25149.5,25151.5,48,0,25078.61287
10/15/2025 2:54,25151.75,25155.75,25147.5,25154.5,97,0,25078.77731
10/15/2025 2:55,25154.75,25154.75,25150.5,25150.75,26,0,25078.82092
10/15/2025 2:56,25150.25,25151.75,25147.75,25148,38,0,25078.88209
10/15/2025 2:57,25147.5,25148,25143.25,25144.25,91,0,25079.01984
10/15/2025 2:58,25144.5,25150,25144.5,25149,51,0,25079.09989
10/15/2025 2:59,25149,25159.25,25149,25158.25,80,0,25079.23905
10/15/2025 3:00,25158.5,25162.75,25157.25,25158.5,157,0,25079.52494
10/15/2025 3:01,25158,25160.5,25151.25,25152.5,238,0,25079.92895
10/15/2025 3:02,25151.25,25154.75,25150,25152.25,117,0,25080.1196
10/15/2025 3:03,25152.25,25155.25,25151.75,25152.5,44,0,25080.19187
10/15/2025 3:04,25153.25,25154,25150.75,25154,37,0,25080.25232
10/15/2025 3:05,25153.75,25159.5,25152.75,25158,97,0,25080.41866
10/15/2025 3:06,25158,25158.25,25153.5,25156.75,94,0,25080.57793
10/15/2025 3:07,25157,25158.75,25153.75,25157.5,54,0,25080.66973
10/15/2025 3:08,25156.75,25156.75,25146,25148.25,129,0,25080.86994
10/15/2025 3:09,25149.25,25157.25,25147.25,25151,173,0,25081.14239
10/15/2025 3:10,25152,25160.5,25152,25156.75,108,0,25081.32238
10/15/2025 3:11,25158.5,25166,25155.75,25160.75,101,0,25081.49977
10/15/2025 3:12,25160.75,25168.25,25159.25,25166.75,89,0,25081.66312
10/15/2025 3:13,25166.5,25178.25,25166.5,25171.75,352,0,25082.36007
10/15/2025 3:14,25171.5,25172.5,25156.75,25159.75,190,0,25082.69387
10/15/2025 3:15,25159,25165,25153,25163.75,155,0,25082.95601
10/15/2025 3:16,25164.25,25174.25,25164.25,25168.75,143,0,25083.22261
10/15/2025 3:17,25169.5,25179.5,25169.25,25178.75,117,0,25083.45656
10/15/2025 3:18,25178.75,25183,25177,25180,180,0,25083.83032
10/15/2025 3:19,25180.25,25180.25,25170.5,25172,132,0,25084.08629
10/15/2025 3:20,25171,25171.5,25164.75,25169,95,0,25084.25776
10/15/2025 3:21,25168,25168,25151.5,25159,191,0,25084.5641
10/15/2025 3:22,25158.75,25160,25152.5,25160,146,0,25084.79038
10/15/2025 3:23,25158.75,25159.75,25150.25,25150.25,113,0,25084.95478
10/15/2025 3:24,25149.75,25151.25,25147.25,25150.75,119,0,25085.11782
10/15/2025 3:25,25152.5,25152.5,25148.25,25151.25,74,0,25085.22023
10/15/2025 3:26,25150.25,25150.5,25145.75,25148,108,0,25085.36324
10/15/2025 3:27,25148.25,25152.5,25145.75,25147.75,72,0,25085.45911
10/15/2025 3:28,25147.75,25148,25144.25,25145.25,100,0,25085.58582
10/15/2025 3:29,25144.5,25150.25,25144,25150.25,57,0,25085.6606
10/15/2025 3:30,25149.25,25149.25,25144.75,25146,39,0,25085.71044
10/15/2025 3:31,25145.75,25146.75,25138.25,25141.25,170,0,25085.91046
10/15/2025 3:32,25141.5,25149.5,25139.25,25146.25,112,0,25086.04827
10/15/2025 3:33,25146.75,25147,25143,25143.75,126,0,25086.20145
10/15/2025 3:34,25144.5,25151,25144.5,25146.5,96,0,25086.3231
10/15/2025 3:35,25148,25148.25,25143,25145,123,0,25086.47337
10/15/2025 3:36,25144.5,25148.5,25144.5,25148,84,0,25086.5783
10/15/2025 3:37,25147.25,25150.5,25146,25147,115,0,25086.72335
10/15/2025 3:38,25147,25152.25,25147,25151,62,0,25086.80413
10/15/2025 3:39,25150.75,25155.25,25150.5,25155.25,75,0,25086.90709
10/15/2025 3:40,25156.25,25157.25,25151,25153.75,72,0,25087.00613
10/15/2025 3:41,25153.5,25153.5,25143,25144.25,113,0,25087.1446
10/15/2025 3:42,25143.75,25156,25143.5,25155,107,0,25087.28515
10/15/2025 3:43,25155.75,25158,25148.75,25148.75,66,0,25087.37198
10/15/2025 3:44,25148.5,25150,25145.5,25146.5,57,0,25087.44156
10/15/2025 3:45,25147,25150.75,25144,25144.75,48,0,25087.49922
10/15/2025 3:46,25144.5,25145,25142,25144.5,70,0,25087.57931
10/15/2025 3:47,25144,25144.75,25133.75,25136.25,171,0,25087.75468
10/15/2025 3:48,25136,25140.75,25133,25136.5,101,0,25087.85463
10/15/2025 3:49,25136,25147.75,25136,25147,97,0,25087.9636
10/15/2025 3:50,25147.25,25148.75,25144.75,25148.75,100,0,25088.08321
10/15/2025 3:51,25147.5,25149.25,25146,25148.75,67,0,25088.16387
10/15/2025 3:52,25148.5,25152.25,25146.25,25150.75,86,0,25088.2701
10/15/2025 3:53,25151.25,25152.25,25147,25147.75,80,0,25088.36738
10/15/2025 3:54,25147,25148.25,25141.75,25141.75,72,0,25088.44735
10/15/2025 3:55,25142.5,25151.75,25142.25,25151.5,91,0,25088.55643
10/15/2025 3:56,25151,25151.75,25148.25,25149,68,0,25088.63926
10/15/2025 3:57,25149.25,25155,25148.75,25155,75,0,25088.7352
10/15/2025 3:58,25154.5,25158,25151.25,25154,74,0,25088.83179
10/15/2025 3:59,25153.5,25156.5,25153.5,25156.5,54,0,25088.90326
10/15/2025 4:00,25156.75,25162.25,25156,25156,133,0,25089.08544
10/15/2025 4:01,25156.75,25166,25154.75,25165.5,172,0,25089.33319
10/15/2025 4:02,25166,25172.5,25165.5,25170.75,228,0,25089.69262
10/15/2025 4:03,25172,25177.75,25170.5,25176.75,183,0,25089.99819
10/15/2025 4:04,25177.5,25179,25171.5,25172.5,205,0,25090.33524
10/15/2025 4:05,25172.5,25177.25,25169.25,25175.25,182,0,25090.63075
10/15/2025 4:06,25176,25181,25172.5,25178.5,198,0,25090.96297
10/15/2025 4:07,25178,25183.75,25176,25180.25,251,0,25091.39337
10/15/2025 4:08,25179.75,25180.5,25176.75,25177.25,102,0,25091.56349
10/15/2025 4:09,25176.5,25181,25175,25177.75,124,0,25091.76881
10/15/2025 4:10,25177.5,25179.75,25175.75,25179.5,61,0,25091.86995
10/15/2025 4:11,25180.5,25180.5,25173.75,25175,63,0,25091.97184
10/15/2025 4:12,25175.25,25179.75,25175.25,25177.75,144,0,25092.20702
10/15/2025 4:13,25179.25,25179.25,25174.25,25176.25,55,0,25092.29546
10/15/2025 4:14,25177,25177.75,25173.75,25177.25,82,0,25092.42645
10/15/2025 4:15,25178,25180.5,25173,25175.5,140,0,25092.64937
10/15/2025 4:16,25176.25,25179.75,25171.75,25178.5,120,0,25092.84026
10/15/2025 4:17,25178.25,25189.5,25178,25188.5,287,0,25093.34015
10/15/2025 4:18,25189.5,25191.25,25185.75,25186.75,100,0,25093.51791
10/15/2025 4:19,25187.25,25187.25,25170.25,25171,179,0,25093.79505
10/15/2025 4:20,25170.75,25178.25,25170,25177.5,186,0,25094.07788
10/15/2025 4:21,25178.5,25180.25,25171.75,25172.75,110,0,25094.24354
10/15/2025 4:22,25172.75,25178.75,25172.5,25178,98,0,25094.39329
10/15/2025 4:23,25178.5,25184,25171.5,25177,183,0,25094.67514
10/15/2025 4:24,25177,25178.25,25166.5,25167,153,0,25094.88977
10/15/2025 4:25,25166.75,25177.75,25164.5,25177.5,124,0,25095.06893
10/15/2025 4:26,25177.5,25180,25172.5,25179.75,114,0,25095.24165
10/15/2025 4:27,25181,25181,25171,25178.5,89,0,25095.37504
10/15/2025 4:28,25179.5,25187,25178.5,25185,147,0,25095.61236
10/15/2025 4:29,25185,25186.5,25176.75,25178.25,104,0,25095.77379
10/15/2025 4:30,25178.5,25182.25,25177.75,25182.25,66,0,25095.87621
10/15/2025 4:31,25183.25,25187.5,25182,25182,94,0,25096.02695
10/15/2025 4:32,25183,25183.75,25176.5,25177.25,81,0,25096.14955
10/15/2025 4:33,25177.5,25181.5,25173.25,25176.5,161,0,25096.38607
10/15/2025 4:34,25176.25,25180,25172,25176.5,125,0,25096.56667
10/15/2025 4:35,25176.5,25176.75,25171.5,25172,78,0,25096.67508
10/15/2025 4:36,25172,25174,25168.25,25170.75,147,0,25096.87215
10/15/2025 4:37,25171,25172.75,25164.75,25167.5,125,0,25097.0329
10/15/2025 4:38,25168,25174.75,25168,25173.5,77,0,25097.13675
10/15/2025 4:39,25173,25181.5,25172.5,25181,86,0,25097.26205
10/15/2025 4:40,25181.75,25182,25178.75,25180.25,43,0,25097.3261
10/15/2025 4:41,25181.5,25183.25,25175.75,25177.75,110,0,25097.4867
10/15/2025 4:42,25177.25,25180,25176.25,25178.5,27,0,25097.52571
10/15/2025 4:43,25179.25,25182.5,25178,25182.25,40,0,25097.58532
10/15/2025 4:44,25182.75,25184.75,25181.5,25182.75,84,0,25097.71337
10/15/2025 4:45,25182.75,25183.5,25179.25,25183.25,53,0,25097.79302
10/15/2025 4:46,25182.5,25186,25178.25,25179.75,183,0,25098.0647
10/15/2025 4:47,25179.75,25184.25,25178.75,25182,114,0,25098.23373
10/15/2025 4:48,25183,25183.5,25171.5,25173.75,168,0,25098.4655
10/15/2025 4:49,25174,25177.5,25173,25175,76,0,25098.56844
10/15/2025 4:50,25174.25,25176.25,25173.5,25176.25,46,0,25098.63074
10/15/2025 4:51,25175.5,25178.75,25175,25178.25,75,0,25098.73476
10/15/2025 4:52,25178.5,25180.75,25177,25180.25,58,0,25098.81705
10/15/2025 4:53,25180.75,25184.5,25180.5,25183,85,0,25098.94233
10/15/2025 4:54,25182.75,25185.75,25181.5,25183.5,93,0,25099.08046
10/15/2025 4:55,25183.75,25184.5,25182.75,25184.25,31,0,25099.12654
10/15/2025 4:56,25184.25,25184.25,25181.25,25183,44,0,25099.19109
10/15/2025 4:57,25182.25,25182.25,25178.25,25178.25,37,0,25099.24319
10/15/2025 4:58,25178,25186.5,25178,25184.5,79,0,25099.35891
10/15/2025 4:59,25183.75,25185.25,25182.5,25183.5,41,0,25099.41938
10/15/2025 5:00,25183.25,25186.5,25183,25186,46,0,25099.48827
10/15/2025 5:01,25185,25186.75,25181.75,25184.25,145,0,25099.70236
10/15/2025 5:02,25185.25,25187.75,25183.5,25186.25,56,0,25099.78629
10/15/2025 5:03,25186.75,25200.5,25185.75,25197.75,434,0,25100.49751
10/15/2025 5:04,25198.25,25219.25,25197.25,25217.5,756,0,25101.92609
10/15/2025 5:05,25217.5,25224.5,25216.5,25222.75,284,0,25102.50107
10/15/2025 5:06,25223,25227.75,25220,25224.5,322,0,25103.16171
10/15/2025 5:07,25224,25228.75,25222.5,25228.25,187,0,25103.54969
10/15/2025 5:08,25228,25230.25,25224.75,25226.5,268,0,25104.10448
10/15/2025 5:09,25226.25,25230.5,25224,25230.25,251,0,25104.62411
10/15/2025 5:10,25230.75,25232.5,25228.75,25229.75,147,0,25104.93152
10/15/2025 5:11,25229.25,25233.25,25224.5,25229,314,0,25105.57579
10/15/2025 5:12,25229,25234,25228.5,25232.75,130,0,25105.84666
10/15/2025 5:13,25232.5,25242,25230.75,25240.25,334,0,25106.56972
10/15/2025 5:14,25240.5,25245.5,25239.75,25244.25,174,0,25106.95894
10/15/2025 5:15,25244.25,25244.5,25239.75,25243.75,137,0,25107.26272
10/15/2025 5:16,25243.75,25248,25242.75,25242.75,192,0,25107.69191
10/15/2025 5:17,25243.25,25244.5,25240.75,25242.25,97,0,25107.90456
10/15/2025 5:18,25242.25,25243.25,25238,25238,126,0,25108.17417
10/15/2025 5:19,25238,25238,25226.25,25227.5,240,0,25108.64911
10/15/2025 5:20,25227.25,25227.25,25220.5,25221.5,190,0,25108.99953
10/15/2025 5:21,25221,25225.75,25218.5,25224.5,120,0,25109.21942
10/15/2025 5:22,25223.75,25225,25219.75,25219.75,80,0,25109.36372
10/15/2025 5:23,25219.5,25220.75,25214.5,25217,98,0,25109.53357
10/15/2025 5:24,25216.25,25216.5,25211,25211,96,0,25109.69239
10/15/2025 5:25,25211,25211.5,25202.75,25203.5,181,0,25109.97051
10/15/2025 5:26,25203.75,25207.5,25200.75,25202.5,140,0,25110.17933
10/15/2025 5:27,25202,25206,25201.5,25201.75,82,0,25110.30055
10/15/2025 5:28,25201.5,25205,25201.5,25204,40,0,25110.35984
10/15/2025 5:29,25204,25208,25201.5,25205,75,0,25110.47238
10/15/2025 5:30,25206.25,25207,25204,25204,29,0,25110.5159
10/15/2025 5:31,25203.5,25208,25200,25207,218,0,25110.84178
10/15/2025 5:32,25206.5,25208,25202.25,25206,97,0,25110.9867
10/15/2025 5:33,25205.25,25212.5,25205.25,25211.75,104,0,25111.14883
10/15/2025 5:34,25211.25,25219.5,25210.5,25219.5,94,0,25111.30478
10/15/2025 5:35,25219,25222.25,25213.5,25222.25,164,0,25111.58306
10/15/2025 5:36,25221.5,25226.5,25219.25,25220.5,122,0,25111.7944
10/15/2025 5:37,25219.75,25223,25217,25223,37,0,25111.85771
10/15/2025 5:38,25223,25228.5,25223,25228,70,0,25111.98331
10/15/2025 5:39,25228.5,25229.25,25222.5,25222.5,90,0,25112.14192
10/15/2025 5:40,25221.25,25221.75,25217.5,25219.75,66,0,25112.25272
10/15/2025 5:41,25219.75,25220,25210,25212,76,0,25112.37331
10/15/2025 5:42,25210.25,25215.25,25208,25214.5,203,0,25112.68954
10/15/2025 5:43,25214.5,25217.75,25214,25216,56,0,25112.77932
10/15/2025 5:44,25215.25,25217.5,25213.5,25217,70,0,25112.89142
10/15/2025 5:45,25216.75,25216.75,25212.75,25212.75,44,0,25112.96045
10/15/2025 5:46,25212,25212.5,25208.25,25209.75,72,0,25113.06884
10/15/2025 5:47,25210,25217.25,25209.25,25215.25,43,0,25113.13596
10/15/2025 5:48,25214.75,25215.5,25212.25,25213.75,55,0,25113.2216
10/15/2025 5:49,25213.25,25218.75,25213.25,25215.75,58,0,25113.31362
10/15/2025 5:50,25217,25221.75,25217,25221.25,69,0,25113.42723
10/15/2025 5:51,25220.75,25223.25,25218,25222.75,44,0,25113.50045
10/15/2025 5:52,25222.5,25223,25216.25,25222,54,0,25113.58942
10/15/2025 5:53,25222,25228.5,25221.5,25224.25,262,0,25114.03641
10/15/2025 5:54,25223.75,25227,25218.5,25226.25,123,0,25114.24345
10/15/2025 5:55,25224.5,25229,25224.5,25228.5,70,0,25114.36459
10/15/2025 5:56,25228.25,25234.75,25227.25,25228.75,165,0,25114.65645
10/15/2025 5:57,25229,25232,25225.5,25231.75,94,0,25114.82135
10/15/2025 5:58,25231,25232.25,25228.75,25228.75,52,0,25114.9125
10/15/2025 5:59,25229.5,25233,25227,25232.25,50,0,25115.00065
10/15/2025 6:00,25232.25,25232.25,25227.5,25229,54,0,25115.09473
10/15/2025 6:01,25228.5,25232,25228.25,25230,114,0,25115.29372
10/15/2025 6:02,25228.5,25229,25221.25,25224.5,106,0,25115.46982
10/15/2025 6:03,25224.75,25225.25,25217.75,25218.5,140,0,25115.69219
10/15/2025 6:04,25218.25,25222,25217.25,25222,78,0,25115.81558
10/15/2025 6:05,25221.25,25221.25,25216.25,25217.5,61,0,25115.90996
10/15/2025 6:06,25217.5,25221.25,25215.5,25219.75,62,0,25116.00617
10/15/2025 6:07,25219.5,25225.5,25217.75,25224.75,53,0,25116.09133
10/15/2025 6:08,25224.75,25228.25,25220.25,25221.5,82,0,25116.22365
10/15/2025 6:09,25219.5,25222,25219,25220.75,52,0,25116.30524
10/15/2025 6:10,25220.25,25220.5,25215.75,25215.75,60,0,25116.39629
10/15/2025 6:11,25215.5,25218,25213,25218,85,0,25116.52373
10/15/2025 6:12,25217.75,25221.25,25213.75,25215,91,0,25116.66026
10/15/2025 6:13,25216.5,25219,25216.5,25217.75,16,0,25116.68449
10/15/2025 6:14,25217.5,25218.25,25213.75,25216.75,35,0,25116.73666
10/15/2025 6:15,25217,25220.25,25217,25218.25,46,0,25116.80668
10/15/2025 6:16,25217,25218,25214,25215.75,41,0,25116.86744
10/15/2025 6:17,25215,25217.25,25212.5,25216.75,61,0,25116.95731
10/15/2025 6:18,25216.75,25216.75,25206.75,25208.25,67,0,25117.05091
10/15/2025 6:19,25209.75,25214.25,25209,25213.5,34,0,25117.09919
10/15/2025 6:20,25213.75,25218.75,25213,25218.75,59,0,25117.18688
10/15/2025 6:21,25217.75,25219.5,25216,25217.25,66,0,25117.28552
10/15/2025 6:22,25218,25219,25215,25219,39,0,25117.34377
10/15/2025 6:23,25219.25,25219.75,25216.25,25216.25,40,0,25117.40329
10/15/2025 6:24,25215.25,25217.25,25213.5,25216.25,91,0,25117.53607
10/15/2025 6:25,25217.5,25219.75,25217,25218.5,29,0,25117.57949
10/15/2025 6:26,25218.25,25218.75,25216.5,25217,24,0,25117.61505
10/15/2025 6:27,25217.5,25219.5,25216.75,25217.75,33,0,25117.66417
10/15/2025 6:28,25218,25218,25216,25216.25,22,0,25117.69649
10/15/2025 6:29,25217.25,25222.5,25216.75,25222,50,0,25117.77258
10/15/2025 6:30,25223,25224.25,25221,25221.75,40,0,25117.8345
10/15/2025 6:31,25223.25,25225,25220.5,25222.75,69,0,25117.94158
10/15/2025 6:32,25223.5,25224,25220.5,25221,41,0,25118.00454
10/15/2025 6:33,25221,25223.5,25220.75,25221.5,47,0,25118.07668
10/15/2025 6:34,25221.75,25223.75,25218,25218.5,41,0,25118.13842
10/15/2025 6:35,25217.5,25218.75,25210.75,25212.25,461,0,25118.78584
10/15/2025 6:36,25212.25,25212.25,25205.75,25209.75,125,0,25118.95134
10/15/2025 6:37,25209.5,25209.75,25206.75,25208,102,0,25119.08433
10/15/2025 6:38,25209.5,25210.5,25207.25,25210.5,77,0,25119.18587
10/15/2025 6:39,25209.25,25213.75,25209.25,25213,58,0,25119.26438
10/15/2025 6:40,25213.5,25213.5,25210,25211.25,37,0,25119.31418
10/15/2025 6:41,25211.25,25212.25,25209.5,25210,37,0,25119.36338
10/15/2025 6:42,25210,25210.5,25208.25,25210.5,26,0,25119.3976
10/15/2025 6:43,25210,25218.75,25209.5,25218,225,0,25119.71122
10/15/2025 6:44,25218.5,25221,25215.75,25218.5,76,0,25119.82
10/15/2025 6:45,25218.5,25219.75,25216,25219,60,0,25119.90556
10/15/2025 6:46,25217.75,25222.75,25216.75,25222.25,211,0,25120.21239
10/15/2025 6:47,25222,25224.25,25221,25223.25,50,0,25120.28645
10/15/2025 6:48,25223.25,25229.75,25221.25,25229.25,145,0,25120.5088
10/15/2025 6:49,25230,25232,25227.25,25228.5,152,0,25120.74634
10/15/2025 6:50,25228.75,25231.75,25226.75,25231.75,88,0,25120.88445
10/15/2025 6:51,25231.25,25232.5,25229.5,25230.5,62,0,25120.98221
10/15/2025 6:52,25229.25,25232.25,25227.25,25232,65,0,25121.0842
10/15/2025 6:53,25231.75,25236.5,25231,25232,113,0,25121.26537
10/15/2025 6:54,25233.25,25236.25,25233,25235,44,0,25121.33675
10/15/2025 6:55,25235.5,25235.75,25229.25,25230.25,51,0,25121.41719
10/15/2025 6:56,25230.25,25232.75,25229.25,25232.5,40,0,25121.48005
10/15/2025 6:57,25233,25234.75,25232.75,25234,33,0,25121.53296
10/15/2025 6:58,25234,25234.75,25224.25,25226.75,86,0,25121.66417
10/15/2025 6:59,25226,25228.5,25221.5,25222,74,0,25121.77199
10/15/2025 7:00,25222.5,25225.75,25221.5,25223.25,72,0,25121.87617
10/15/2025 7:01,25221.75,25227.25,25216.5,25226.5,199,0,25122.16275
10/15/2025 7:02,25226.25,25227,25219,25220,59,0,25122.24622
10/15/2025 7:03,25221,25224,25220,25222.25,41,0,25122.3042
10/15/2025 7:04,25222.25,25226.5,25219,25220,65,0,25122.39574
10/15/2025 7:05,25220.25,25221,25214.5,25215.5,98,0,25122.52674
10/15/2025 7:06,25215.25,25217.5,25215.25,25215.5,49,0,25122.59147
10/15/2025 7:07,25216.25,25223.25,25213.25,25221.75,104,0,25122.73345
10/15/2025 7:08,25221.75,25222.5,25215.75,25217.75,61,0,25122.81589
10/15/2025 7:09,25217.25,25217.75,25213.5,25213.5,80,0,25122.91957
10/15/2025 7:10,25213.25,25220.75,25208.75,25219,116,0,25123.07153
10/15/2025 7:11,25219.25,25220,25213.75,25217,50,0,25123.13741
10/15/2025 7:12,25215.75,25216.75,25213.25,25215.25,38,0,25123.18643
10/15/2025 7:13,25215,25222.75,25215,25221.25,65,0,25123.27434
10/15/2025 7:14,25222.5,25225,25221.5,25222.25,52,0,25123.34693
10/15/2025 7:15,25222.25,25222.25,25214.25,25214.25,70,0,25123.43859
10/15/2025 7:16,25215,25217,25211.25,25212.75,119,0,25123.5886
10/15/2025 7:17,25213,25213,25205,25208.25,130,0,25123.743
10/15/2025 7:18,25208,25208.25,25201.75,25202.5,75,0,25123.82703
10/15/2025 7:19,25202.75,25206.75,25201.5,25202,113,0,25123.95213
10/15/2025 7:20,25201,25207,25197.5,25203.75,214,0,25124.18598
10/15/2025 7:21,25204,25206,25199.5,25203.75,127,0,25124.3247
10/15/2025 7:22,25205,25208,25203,25207.5,55,0,25124.38697
10/15/2025 7:23,25207.5,25207.5,25203.25,25203.75,59,0,25124.45257
10/15/2025 7:24,25203,25204.75,25201,25202.25,58,0,25124.51522
10/15/2025 7:25,25202,25202.5,25198.25,25200.25,83,0,25124.60204
10/15/2025 7:26,25200.25,25209.5,25199,25207.5,237,0,25124.86512
10/15/2025 7:27,25208,25211,25206,25209.25,117,0,25124.99986
10/15/2025 7:28,25209,25213.75,25206.5,25210.25,238,0,25125.27722
10/15/2025 7:29,25210.5,25212,25207.25,25210.75,71,0,25125.35945
10/15/2025 7:30,25211.25,25212.25,25200,25203.5,227,0,25125.60659
10/15/2025 7:31,25201.75,25206.75,25201,25206,199,0,25125.82019
10/15/2025 7:32,25206.25,25210.5,25197.25,25199.5,193,0,25126.02059
10/15/2025 7:33,25198.75,25200.75,25194.25,25195.25,189,0,25126.20133
10/15/2025 7:34,25195.25,25203,25194.5,25202,135,0,25126.33549
10/15/2025 7:35,25203,25206.5,25199.5,25205,72,0,25126.41056
10/15/2025 7:36,25204.75,25211.5,25204.25,25211.5,96,0,25126.51743
10/15/2025 7:37,25211.25,25212.75,25203.25,25209.5,117,0,25126.64639
10/15/2025 7:38,25208.75,25208.75,25201,25205.25,141,0,25126.79464
10/15/2025 7:39,25204.75,25209,25202.25,25206.75,60,0,25126.85836
10/15/2025 7:40,25207,25210.75,25206.75,25210.75,52,0,25126.91588
10/15/2025 7:41,25211.5,25215.25,25210.75,25215.25,91,0,25127.02163
10/15/2025 7:42,25214.5,25216.75,25212.75,25214.75,136,0,25127.18101
10/15/2025 7:43,25215.25,25221.25,25214.75,25220,123,0,25127.33108
10/15/2025 7:44,25220.5,25222.75,25216.25,25218,96,0,25127.44829
10/15/2025 7:45,25218.25,25222.25,25212.75,25220.75,187,0,25127.67472
10/15/2025 7:46,25220.75,25221.5,25216.5,25221.5,98,0,25127.79456
10/15/2025 7:47,25221.25,25224.5,25219,25219,101,0,25127.91908
10/15/2025 7:48,25219.5,25221.25,25217.25,25219.25,173,0,25128.12797
10/15/2025 7:49,25219.75,25221,25218,25220,78,0,25128.22227
10/15/2025 7:50,25220.25,25221.25,25218,25221,66,0,25128.30227
10/15/2025 7:51,25220.5,25223,25218.75,25222,108,0,25128.43455
10/15/2025 7:52,25222.5,25223,25215,25218,211,0,25128.68473
10/15/2025 7:53,25218.5,25220,25216.25,25217.25,69,0,25128.76549
10/15/2025 7:54,25217.75,25222,25215.5,25221,254,0,25129.06705
10/15/2025 7:55,25222.25,25226,25221.25,25225.5,84,0,25129.17155
10/15/2025 7:56,25226.25,25228.5,25222.25,25222.25,131,0,25129.33421
10/15/2025 7:57,25222.75,25225.25,25219,25219.5,167,0,25129.53407
10/15/2025 7:58,25220.25,25221,25215,25216,129,0,25129.68128
10/15/2025 7:59,25215.5,25221.25,25214.75,25218.5,100,0,25129.79615
10/15/2025 8:00,25218.5,25220.75,25216.25,25216.5,87,0,25129.89546
10/15/2025 8:01,25217,25224.25,25211.5,25223.25,290,0,25130.23176
10/15/2025 8:02,25224.25,25226.75,25222,25224.75,107,0,25130.36188
10/15/2025 8:03,25225,25230.5,25222,25226.5,192,0,25130.599
10/15/2025 8:04,25228,25231.5,25227.5,25231,173,0,25130.81979
10/15/2025 8:05,25231,25231.25,25226,25226.75,61,0,25130.89584
10/15/2025 8:06,25226.25,25232.5,25226,25232,74,0,25130.99
10/15/2025 8:07,25232.75,25234.5,25231.25,25232,108,0,25131.13044
10/15/2025 8:08,25232,25239.75,25231.75,25238.25,194,0,25131.39165
10/15/2025 8:09,25237.75,25253.5,25236.75,25253.25,582,0,25132.25054
10/15/2025 8:10,25252.5,25257.25,25251,25255.75,367,0,25132.81729
10/15/2025 8:11,25256.5,25260.5,25255.25,25256.75,489,0,25133.58172
10/15/2025 8:12,25257.25,25264,25256.25,25261.5,319,0,25134.08764
10/15/2025 8:13,25262.5,25264,25257.5,25260.75,139,0,25134.30712
10/15/2025 8:14,25261.25,25267.25,25260.5,25267.25,261,0,25134.73098
10/15/2025 8:15,25266.5,25266.5,25263,25264,222,0,25135.08796
10/15/2025 8:16,25264,25273.5,25264,25266.25,297,0,25135.57502
10/15/2025 8:17,25267.25,25272,25267.25,25271.25,255,0,25135.99742
10/15/2025 8:18,25271.25,25274.75,25271.25,25274.25,152,0,25136.25401
10/15/2025 8:19,25274.25,25280.5,25274.25,25279.75,322,0,25136.81315
10/15/2025 8:20,25279.75,25281,25277.5,25278.25,286,0,25137.3087
10/15/2025 8:21,25278.25,25278.25,25256.75,25256.75,457,0,25138.0103
10/15/2025 8:22,25257,25259.5,25248.5,25258.25,577,0,25138.82603
10/15/2025 8:23,25259,25262.75,25256.25,25260.25,229,0,25139.15857
10/15/2025 8:24,25260,25267.5,25260,25265.75,197,0,25139.45418
10/15/2025 8:25,25265.5,25273.75,25263.5,25272.75,385,0,25140.05354
10/15/2025 8:26,25272,25273,25261.75,25263.25,378,0,25140.61872
10/15/2025 8:27,25262.75,25265.5,25259,25261.5,261,0,25140.99365
10/15/2025 8:28,25261.5,25262,25256.75,25258.25,279,0,25141.38202
10/15/2025 8:29,25258,25263,25253.75,25254,254,0,25141.72715
10/15/2025 8:30,25254,25255.25,25243.75,25252,424,0,25142.26603
10/15/2025 8:31,25250.25,25276,25245.5,25247,510,0,25142.94178
10/15/2025 8:32,25247,25251.5,25240.5,25245.5,415,0,25143.43611
10/15/2025 8:33,25244.75,25260.75,25242.25,25259.75,393,0,25143.93801
10/15/2025 8:34,25260,25260.25,25251,25253,154,0,25144.13433
10/15/2025 8:35,25253,25259.5,25249.5,25258,210,0,25144.40313
10/15/2025 8:36,25259.5,25259.5,25245.25,25246.75,290,0,25144.75506
10/15/2025 8:37,25246.25,25250.75,25245.25,25250,127,0,25144.90579
10/15/2025 8:38,25250.25,25256,25243.25,25255.5,241,0,25145.19863
10/15/2025 8:39,25254.5,25259.5,25251.25,25252.25,176,0,25145.41698
10/15/2025 8:40,25251.25,25254.25,25250,25250.5,121,0,25145.56281
10/15/2025 8:41,25250.25,25251.5,25245.5,25250,166,0,25145.75736
10/15/2025 8:42,25250.5,25260.75,25250.5,25259.25,185,0,25145.98971
10/15/2025 8:43,25259.75,25269.25,25257.25,25262.75,359,0,25146.4631
10/15/2025 8:44,25262.5,25264.5,25258.5,25260,201,0,25146.72177
10/15/2025 8:45,25259.25,25263.75,25259.25,25262.25,213,0,25146.9964
10/15/2025 8:46,25263,25270.5,25260.25,25262.75,359,0,25147.46734
10/15/2025 8:47,25263.25,25264,25257,25263.5,226,0,25147.75433
10/15/2025 8:48,25263.75,25266,25261.75,25265.5,118,0,25147.90743
10/15/2025 8:49,25266,25273.5,25264.75,25266.5,448,0,25148.50405
10/15/2025 8:50,25266.75,25270.75,25265.75,25267.25,145,0,25148.69535
10/15/2025 8:51,25268,25269.5,25242.5,25261.25,1206,0,25150.12934
10/15/2025 8:52,25261.25,25269.75,25257.25,25265.5,255,0,25150.44552
10/15/2025 8:53,25266.75,25272,25265,25271.5,183,0,25150.68194
10/15/2025 8:54,25271.75,25278,25269.5,25273,291,0,25151.06855
10/15/2025 8:55,25272.75,25276,25270,25274.5,162,0,25151.28273
10/15/2025 8:56,25274.75,25277.25,25272.5,25275.25,171,0,25151.51075
10/15/2025 8:57,25276,25277,25271.75,25272.5,113,0,25151.65945
10/15/2025 8:58,25273,25276.25,25271.25,25271.5,131,0,25151.83033
10/15/2025 8:59,25271.25,25275.25,25270.5,25274.75,141,0,25152.01448
10/15/2025 9:00,25275.25,25282,25275,25278.25,322,0,25152.44986
10/15/2025 9:01,25279,25279,25269.75,25270,279,0,25152.80831
10/15/2025 9:02,25270.25,25271.5,25265.25,25268,317,0,25153.19728
10/15/2025 9:03,25268.5,25276.25,25268.5,25274.25,222,0,25153.47931
10/15/2025 9:04,25274,25275,25268.75,25271.5,117,0,25153.62587
10/15/2025 9:05,25271.25,25272.5,25267.75,25270,116,0,25153.76877
10/15/2025 9:06,25269.75,25272,25263.25,25264.5,204,0,25154.01169
10/15/2025 9:07,25264.25,25264.5,25257.75,25263.25,268,0,25154.31583
10/15/2025 9:08,25263,25264.25,25260.5,25261.5,186,0,25154.5264
10/15/2025 9:09,25261.25,25264,25258.75,25259.75,214,0,25154.76485
10/15/2025 9:10,25260.25,25261.75,25258.25,25259,127,0,25154.9043
10/15/2025 9:11,25260.25,25266.25,25259.75,25266.25,132,0,25155.05494
10/15/2025 9:12,25265.5,25267.25,25261,25264.75,113,0,25155.18387
10/15/2025 9:13,25264.75,25264.75,25261.25,25261.75,81,0,25155.27462
10/15/2025 9:14,25262,25262.25,25257.5,25260,136,0,25155.42286
10/15/2025 9:15,25260.75,25265,25259.5,25261.25,167,0,25155.6078
10/15/2025 9:16,25260,25262.75,25258,25261.25,172,0,25155.79538
10/15/2025 9:17,25261.25,25263.5,25258.25,25262,164,0,25155.97459
10/15/2025 9:18,25261.75,25262.5,25259,25260,316,0,25156.31576
10/15/2025 9:19,25260.5,25265.25,25258.75,25264,196,0,25156.53063
10/15/2025 9:20,25264.25,25275,25264,25273.75,323,0,25156.91021
10/15/2025 9:21,25274.5,25274.75,25261.25,25261.75,264,0,25157.20506
10/15/2025 9:22,25262,25266,25261,25263.5,150,0,25157.36818
10/15/2025 9:23,25264.25,25265.75,25261.75,25264,109,0,25157.48677
10/15/2025 9:24,25264,25265.5,25252.25,25256,381,0,25157.87626
10/15/2025 9:25,25256,25261,25254.75,25256,251,0,25158.12951
10/15/2025 9:26,25256,25257.25,25249.25,25251.75,798,0,25158.89
10/15/2025 9:27,25252.25,25259.75,25250.5,25253,347,0,25159.22269
10/15/2025 9:28,25251.75,25266,25250.75,25259.25,620,0,25159.83768
10/15/2025 9:29,25259.25,25263.75,25253.25,25261.25,842,0,25160.66703
10/15/2025 9:30,25260.5,25264,25257.75,25258.25,873,0,25161.51746
10/15/2025 9:31,25259,25260,25221.75,25232.25,4889,25238,25165.01668
10/15/2025 9:32,25232,25243,25215.5,25224.25,3546,25233.62092,25167.0262
10/15/2025 9:33,25224,25231.5,25212.5,25222.25,2066,25231.35098,25168.03755
10/15/2025 9:34,25222.5,25246.25,25216,25231,2078,25231.30677,25169.18125
10/15/2025 9:35,25231.25,25232.5,25203.5,25217.5,3305,25228.50334,25170.54561
10/15/2025 9:36,25217.25,25231.5,25213.25,25229.5,1910,25228.10046,25171.41006
10/15/2025 9:37,25229.75,25243.75,25227.75,25237.5,1766,25228.84377,25172.35349
10/15/2025 9:38,25237.75,25251,25219.5,25229.75,2357,25229.33555,25173.51524
10/15/2025 9:39,25230,25232.5,25189,25206.75,3297,25226.73094,25174.44591
10/15/2025 9:40,25206.5,25209,25183.25,25191.25,2209,25224.13465,25174.78828
10/15/2025 9:41,25191.5,25209.75,25189.75,25197.75,2226,25222.25384,25175.19917
10/15/2025 9:42,25198.25,25223.5,25197,25220.25,1772,25221.76486,25175.70907
10/15/2025 9:43,25220.75,25228.75,25207.5,25219.75,2442,25221.54144,25176.48136
10/15/2025 9:44,25219.5,25230.75,25193.5,25196.25,2551,25220.51105,25177.04088
10/15/2025 9:45,25195.75,25199.75,25177,25198,2616,25218.57216,25177.31069
10/15/2025 9:46,25198.25,25242.75,25192.75,25230.25,3675,25218.85998,25178.44376
10/15/2025 9:47,25231,25236.25,25193.25,25207,3000,25218.42064,25179.12883
10/15/2025 9:48,25206.25,25215.25,25177.5,25182,2075,25217.25514,25179.30141
10/15/2025 9:49,25182.75,25189,25156.5,25164.75,3413,25214.11023,25179.096
10/15/2025 9:50,25164.75,25176.25,25153.5,25172.75,1924,25212.42192,25178.95214
10/15/2025 9:51,25174.5,25194.5,25165,25188.75,4118,25210.28705,25179.05037
10/15/2025 9:52,25189.25,25222.75,25185.25,25222.25,2420,25210.27879,25179.51503
10/15/2025 9:53,25222.75,25233.5,25211.5,25230.75,2117,25210.79187,25180.10633
10/15/2025 9:54,25230.5,25241,25225.5,25237.75,1685,25211.42804,25180.66292
10/15/2025 9:55,25237.5,25243.75,25227.75,25234.75,1420,25211.95309,25181.12892
10/15/2025 9:56,25234,25265.5,25232.75,25264.75,2971,25213.80889,25182.40964
10/15/2025 9:57,25265.75,25265.75,25251.5,25258,1987,25215.0781,25183.2887
10/15/2025 9:58,25257.25,25276.5,25253.5,25262.25,2757,25216.93929,25184.56475
10/15/2025 9:59,25262.75,25278.5,25262.25,25277.75,1386,25217.98648,25185.26007
10/15/2025 10:00,25278,25280,25264.25,25270.5,1273,25218.89316,25185.88014
10/15/2025 10:01,25270.25,25291,25269.5,25289,3452,25221.71227,25187.73893
10/15/2025 10:02,25288.5,25296.25,25284.75,25287.5,1486,25222.96846,25188.56907
10/15/2025 10:03,25287.25,25292.75,25276,25291.25,1281,25223.97002,25189.2541
10/15/2025 10:04,25292,25296.5,25283.75,25294.25,1038,25224.81959,25189.82941
10/15/2025 10:05,25294.5,25300,25291.25,25295.5,1308,25225.9239,25190.57396
10/15/2025 10:06,25295,25313,25293.75,25311,2377,25228.12991,25192.03104
10/15/2025 10:07,25311.25,25323.25,25308.25,25320.5,1699,25229.85427,25193.15232
10/15/2025 10:08,25320.5,25345.5,25317.25,25339.5,2587,25232.83441,25195.04679
10/15/2025 10:09,25340,25353.25,25339.75,25348.75,2329,25235.70565,25196.86672
10/15/2025 10:10,25349,25353,25342.25,25351.25,1609,25237.63351,25198.11178
10/15/2025 10:11,25351,25367,25348.75,25359.25,3028,25241.38413,25200.54465
10/15/2025 10:12,25359.75,25363,25339.75,25342.75,1735,25243.25795,25201.82082
10/15/2025 10:13,25343.25,25345.25,25333.5,25343.25,1721,25244.91939,25202.99868
10/15/2025 10:14,25343.5,25350,25340.75,25345.75,1041,25245.94648,25203.72617
10/15/2025 10:15,25345.5,25347.25,25326.75,25335.25,1544,25247.29629,25204.72334
10/15/2025 10:16,25335,25352.75,25334.75,25351.25,1606,25248.80848,25205.82104
10/15/2025 10:17,25351.5,25359,25342.5,25347.25,1273,25250.01458,25206.69948
10/15/2025 10:18,25347.25,25355.5,25341.25,25349.5,1022,25250.95424,25207.39291
10/15/2025 10:19,25349.5,25351.5,25330,25334.25,1290,25251.9944,25208.19632
10/15/2025 10:20,25334.5,25344.5,25329.25,25343.5,1158,25252.91259,25208.91192
10/15/2025 10:21,25343.5,25352.25,25330.5,25351.5,1391,25254.06112,25209.7982
10/15/2025 10:22,25351,25351.25,25341.75,25349,868,25254.78337,25210.35588
10/15/2025 10:23,25349.5,25353.25,25345,25349,864,25255.50466,25210.91356
10/15/2025 10:24,25349,25361.25,25347,25357.25,1092,25256.45889,25211.64277
10/15/2025 10:25,25357.5,25364.75,25354.75,25361,1147,25257.4915,25212.42723
10/15/2025 10:26,25360.5,25363.5,25350.75,25360,1399,25258.69847,25213.35954
10/15/2025 10:27,25360.25,25369.75,25351.5,25367.25,1304,25259.85022,25214.24604
10/15/2025 10:28,25367,25367,25356.75,25362,955,25260.67033,25214.88467
10/15/2025 10:29,25361.75,25365.5,25358.75,25361.25,567,25261.15064,25215.26101
10/15/2025 10:30,25361.5,25362.75,25346,25357.5,1587,25262.38691,25216.25854
10/15/2025 10:31,25358.5,25366.25,25356.5,25365.5,1425,25263.55503,25217.18878
10/15/2025 10:32,25365.75,25371.5,25362.5,25370,1269,25264.62647,25218.03682
10/15/2025 10:33,25370.25,25371,25358.25,25363.25,945,25265.38112,25218.64618
10/15/2025 10:34,25363.25,25365.75,25353.5,25358.5,947,25266.0889,25219.2313
10/15/2025 10:35,25359.25,25368.75,25358.25,25363.75,922,25266.7994,25219.81379
10/15/2025 10:36,25363.75,25368.25,25358.25,25362.25,791,25267.3966,25220.30749
10/15/2025 10:37,25361.5,25369.25,25356.75,25367.5,975,25268.13462,25220.91807
10/15/2025 10:38,25368.25,25369.5,25352.75,25361.25,1088,25268.91702,25221.57766
10/15/2025 10:39,25361,25366.75,25353.25,25363,983,25269.61141,25222.16758
10/15/2025 10:40,25363,25369,25356.75,25360.5,825,25270.19298,25222.66268
10/15/2025 10:41,25360.75,25365.75,25348,25356.25,1546,25271.20024,25223.5454
10/15/2025 10:42,25357.25,25360.5,25342.75,25345.5,1070,25271.82709,25224.11741
10/15/2025 10:43,25346.5,25361.75,25342.75,25357.25,1017,25272.44636,25224.67491
10/15/2025 10:44,25357.75,25363,25335.75,25337,1319,25273.15177,25225.34285
10/15/2025 10:45,25336.5,25351.25,25336,25350.5,965,25273.66395,25225.82956
10/15/2025 10:46,25351,25358.5,25346.25,25356.75,1088,25274.29517,25226.40947
10/15/2025 10:47,25357.5,25357.5,25350.75,25355,492,25274.57943,25226.67118
10/15/2025 10:48,25355.5,25363.25,25352.25,25356.5,851,25275.08416,25227.13161
10/15/2025 10:49,25357.25,25358.25,25339,25345,1085,25275.6423,25227.66961
10/15/2025 10:50,25344.25,25354,25340.75,25345,783,25276.03515,25228.0522
10/15/2025 10:51,25345.75,25346.75,25335,25340,841,25276.4168,25228.43974
10/15/2025 10:52,25340,25348.5,25331.5,25347.75,1282,25277.00785,25229.03583
10/15/2025 10:53,25347,25351.75,25339.5,25341.75,833,25277.39636,25229.42574
10/15/2025 10:54,25341,25346.25,25338.5,25342.75,511,25277.62601,25229.65983
10/15/2025 10:55,25342.5,25349,25339.75,25340.25,494,25277.84819,25229.88621
10/15/2025 10:56,25340.5,25346.5,25337.25,25343,668,25278.1428,25230.18887
10/15/2025 10:57,25343.25,25350.5,25336.25,25343.25,770,25278.48475,25230.53909
10/15/2025 10:58,25342.75,25353.75,25338.5,25349,869,25278.88846,25230.94479
10/15/2025 10:59,25349.25,25361.5,25346,25359.75,923,25279.36591,25231.40455
10/15/2025 11:00,25360,25369.5,25354.25,25356.5,1518,25280.18221,25232.17946
10/15/2025 11:01,25356.75,25363.75,25348.5,25352,1210,25280.7785,25232.76501
10/15/2025 11:02,25352.25,25366.25,25348,25362.75,1088,25281.33692,25233.30494
10/15/2025 11:03,25363,25365.75,25356,25360.25,681,25281.68983,25233.645
10/15/2025 11:04,25360.75,25361,25338.25,25344.75,1150,25282.18425,25234.1583
10/15/2025 11:05,25345.25,25348.5,25340.5,25348.25,664,25282.45674,25234.44676
10/15/2025 11:06,25348.25,25350,25338,25343,910,25282.81424,25234.83233
10/15/2025 11:07,25343.25,25357.5,25341.25,25351.5,803,25283.15915,25235.19023
10/15/2025 11:08,25351.5,25362.75,25346.5,25361.5,587,25283.43458,25235.46594
10/15/2025 11:09,25361.5,25361.75,25339.75,25344,772,25283.75255,25235.80164
10/15/2025 11:10,25343.75,25347.75,25341,25345.25,639,25283.99796,25236.0686
10/15/2025 11:11,25345.25,25348.25,25339.25,25344.5,664,25284.24811,25236.34293
10/15/2025 11:12,25344.5,25344.5,25320.25,25323.75,1456,25284.65804,25236.85925
10/15/2025 11:13,25323,25328.25,25313,25320.5,1516,25284.99372,25237.33964
10/15/2025 11:14,25320.75,25333.25,25318.25,25327.25,1121,25285.27682,25237.71528
10/15/2025 11:15,25327.25,25335,25320.5,25333.75,1010,25285.55009,25238.06428
10/15/2025 11:16,25333,25341.75,25332.75,25336.25,982,25285.85513,25238.4274
10/15/2025 11:17,25336,25336.5,25311.75,25316.25,1263,25286.12533,25238.81804
10/15/2025 11:18,25317,25324.25,25308.25,25323.25,1126,25286.3432,25239.15104
10/15/2025 11:19,25322.5,25327,25317.75,25323,447,25286.43952,25239.28908
10/15/2025 11:20,25322.75,25323.25,25310.25,25311,544,25286.53106,25239.44089
10/15/2025 11:21,25310,25315.5,25307,25309.5,808,25286.64608,25239.65285
10/15/2025 11:22,25309,25322.25,25306.25,25317.5,1029,25286.81914,25239.93859
10/15/2025 11:23,25317.75,25319.5,25305.75,25317,855,25286.95512,25240.17046
10/15/2025 11:24,25316.75,25317.5,25305.25,25316,753,25287.06865,25240.37027
10/15/2025 11:25,25315.25,25320.75,25311.75,25313,741,25287.18906,25240.57189
10/15/2025 11:26,25312.25,25321,25309.5,25319,667,25287.30168,25240.75568
10/15/2025 11:27,25319.5,25333.5,25315.5,25333,1322,25287.60424,25241.16905
10/15/2025 11:28,25333.5,25340,25324.75,25326.75,1361,25287.93544,25241.606
10/15/2025 11:29,25325.75,25332.75,25320.25,25331,858,25288.12951,25241.87159
10/15/2025 11:30,25330.75,25330.75,25303,25309.5,1186,25288.30435,25242.17856
10/15/2025 11:31,25310,25315.75,25304.5,25309.75,1100,25288.43736,25242.44369
10/15/2025 11:32,25310,25315.25,25299,25307.25,1024,25288.54365,25242.67837
10/15/2025 11:33,25307.5,25312.25,25289.25,25290.5,1157,25288.59965,25242.90137
10/15/2025 11:34,25290.75,25293,25282,25287,1811,25288.58715,25243.18333
10/15/2025 11:35,25287,25288.75,25257.5,25271,2605,25288.36069,25243.44776
10/15/2025 11:36,25270.75,25271.75,25241.5,25249.75,2697,25287.87438,25243.54876
10/15/2025 11:37,25250.5,25250.5,25228.5,25231,2548,25287.19218,25243.48896
10/15/2025 11:38,25231.25,25237.75,25224.25,25228.5,2433,25286.47587,25243.37933
10/15/2025 11:39,25228.25,25251.5,25223.75,25247.5,2642,25285.8628,25243.35752
10/15/2025 11:40,25247.75,25262.75,25242,25256.75,2121,25285.52048,25243.43148
10/15/2025 11:41,25255.5,25258,25225.5,25228,2861,25284.8333,25243.37238
10/15/2025 11:42,25228,25234,25207.25,25215.25,2557,25284.00552,25243.16722
10/15/2025 11:43,25215.25,25225.25,25199.5,25219,2273,25283.24006,25242.95636
10/15/2025 11:44,25218.25,25222,25195.5,25198,1822,25282.55606,25242.73421
10/15/2025 11:45,25198.5,25218,25190.5,25216.75,2172,25281.78976,25242.49539
10/15/2025 11:46,25216.5,25217.75,25195.75,25205.75,2092,25281.0468,25242.25517
10/15/2025 11:47,25206.25,25211,25191.75,25205.5,1390,25280.53734,25242.08117
10/15/2025 11:48,25205.25,25208.75,25193.5,25203.25,1082,25280.14071,25241.94366
10/15/2025 11:49,25203.75,25207,25180,25181.5,1777,25279.39668,25241.65101
10/15/2025 11:50,25182.25,25187.25,25171.25,25181.25,1704,25278.61975,25241.32244
10/15/2025 11:51,25180.5,25183,25138,25142.5,3220,25276.81461,25240.4579
10/15/2025 11:52,25142.5,25163.25,25133.75,25152.75,2633,25275.32325,25239.72665
10/15/2025 11:53,25153.5,25165,25146.5,25152,1632,25274.44948,25239.30213
10/15/2025 11:54,25153.25,25164.25,25140,25163.5,1584,25273.62329,25238.90094
10/15/2025 11:55,25163.25,25176.5,25154,25161,1943,25272.69255,25238.4605
10/15/2025 11:56,25161.5,25197.25,25157.25,25196.75,2578,25271.70326,25238.03789
10/15/2025 11:57,25197,25204.25,25185.5,25189.75,1799,25271.09836,25237.79732
10/15/2025 11:58,25189.25,25195,25180.75,25187,1445,25270.58488,25237.582
10/15/2025 11:59,25186.75,25203.75,25185.25,25189.25,1449,25270.10793,25237.39006
10/15/2025 12:00,25188.75,25197.75,25184,25190.75,1107,25269.73854,25237.23827
10/15/2025 12:01,25191,25212.5,25183.25,25212.5,1656,25269.27484,25237.07089
10/15/2025 12:02,25211.75,25221.5,25198.75,25211,1668,25268.8673,25236.94122
10/15/2025 12:03,25211.25,25224,25210.25,25220.75,1139,25268.62949,25236.87961
10/15/2025 12:04,25221,25229.25,25218,25218,1214,25268.39553,25236.8264
10/15/2025 12:05,25219,25220.75,25201.25,25202.75,1417,25268.0472,25236.70959
10/15/2025 12:06,25203.5,25204.25,25180.5,25184,1557,25267.55103,25236.49886
10/15/2025 12:07,25183.25,25200,25180.75,25199,1333,25267.15095,25236.33392
10/15/2025 12:08,25198.75,25223.5,25195.5,25222,1121,25266.90986,25236.26145
10/15/2025 12:09,25222.5,25236.75,25222,25234.5,1560,25266.68651,25236.23852
10/15/2025 12:10,25234.5,25237,25218,25223.75,1100,25266.50954,25236.20742
10/15/2025 12:11,25223.75,25228,25202.75,25214.25,1255,25266.25362,25236.13236
10/15/2025 12:12,25214.5,25221,25202,25214.25,861,25266.07073,25236.07491
10/15/2025 12:13,25214.5,25216.5,25205,25208.25,685,25265.91938,25236.02459
10/15/2025 12:14,25209.5,25211.75,25197,25209,856,25265.71796,25235.95239
10/15/2025 12:15,25209.25,25219.5,25206,25217.25,726,25265.57184,25235.90834
10/15/2025 12:16,25216.75,25226,25209.5,25220.25,916,25265.40413,25235.86409
10/15/2025 12:17,25219.75,25225,25205.5,25207.5,878,25265.22432,25235.80743
10/15/2025 12:18,25207.25,25208,25182,25191,1633,25264.77341,25235.61687
10/15/2025 12:19,25191,25205,25185,25191,1120,25264.46742,25235.48716
10/15/2025 12:20,25190.75,25201.5,25190,25198,871,25264.24072,25235.39365
10/15/2025 12:21,25199.5,25216.75,25193.25,25210.5,1020,25264.01737,25235.31364
10/15/2025 12:22,25210.75,25214.5,25195.75,25203.75,810,25263.83455,25235.24562
10/15/2025 12:23,25203.5,25208.75,25193.75,25197.5,635,25263.68078,25235.1844
10/15/2025 12:24,25197.25,25219.5,25197.25,25217,782,25263.52571,25235.13331
10/15/2025 12:25,25216.75,25221.75,25212.5,25216.75,657,25263.41038,25235.10085
10/15/2025 12:26,25217.5,25244.25,25216.75,25243.25,1615,25263.2368,25235.09931
10/15/2025 12:27,25243.5,25248.75,25230.25,25237.5,1375,25263.11161,25235.11319
10/15/2025 12:28,25237.5,25240.25,25225,25234.5,1055,25262.99453,25235.10789
10/15/2025 12:29,25234.75,25240.25,25229,25230.25,712,25262.91582,25235.10417
10/15/2025 12:30,25230.25,25231.25,25206.25,25216,1234,25262.71056,25235.04704
10/15/2025 12:31,25214.75,25219.75,25207,25212,848,25262.55526,25234.99684
10/15/2025 12:32,25211,25223,25205.5,25213,718,25262.42693,25234.95627
10/15/2025 12:33,25213.25,25213.75,25198.75,25201,733,25262.27159,25234.89679
10/15/2025 12:34,25200.5,25205,25192.75,25194.25,792,25262.08397,25234.81769
10/15/2025 12:35,25194.75,25199,25188.5,25193.75,870,25261.86778,25234.72291
10/15/2025 12:36,25193.5,25203.25,25185.25,25201.25,920,25261.6501,25234.63005
10/15/2025 12:37,25201.25,25210.5,25195.75,25196.5,734,25261.48897,25234.56469
10/15/2025 12:38,25196.75,25216.25,25194.5,25214,844,25261.32704,25234.50617
10/15/2025 12:39,25214.25,25223.5,25198.25,25201.75,930,25261.14836,25234.44096
10/15/2025 12:40,25202.25,25207,25197.5,25203.75,456,25261.05287,25234.40301
10/15/2025 12:41,25204,25208.75,25195,25199.75,642,25260.91533,25234.34708
10/15/2025 12:42,25200.5,25201.25,25184.25,25191,991,25260.67245,25234.23779
10/15/2025 12:43,25191.75,25196.25,25188.25,25193,459,25260.56109,25234.18776
10/15/2025 12:44,25195.25,25202.5,25192,25200.25,520,25260.44598,25234.13903
10/15/2025 12:45,25200,25202.75,25187.75,25194,453,25260.34056,25234.09265
10/15/2025 12:46,25193.75,25195,25169.75,25173.5,1361,25259.9518,25233.89951
10/15/2025 12:47,25173.75,25175.5,25161.25,25166.5,1180,25259.56937,25233.69753
10/15/2025 12:48,25167.5,25174.25,25164.5,25169.75,734,25259.33758,25233.57583
10/15/2025 12:49,25170.25,25186.5,25170,25182,977,25259.06504,25233.43972
10/15/2025 12:50,25182.25,25192.5,25178.75,25180.5,843,25258.84433,25233.3324
10/15/2025 12:51,25181.25,25181.75,25165.5,25176,925,25258.57314,25233.19265
10/15/2025 12:52,25175.5,25179,25167.25,25170,665,25258.37387,25233.08861
10/15/2025 12:53,25170,25183.25,25168.5,25180.5,768,25258.15902,25232.97936
10/15/2025 12:54,25180.75,25182.25,25159.75,25161,762,25257.92138,25232.85244
10/15/2025 12:55,25161.25,25167.75,25153.5,25163,1367,25257.46886,25232.60428
10/15/2025 12:56,25163,25169.5,25158.25,25167.25,638,25257.26694,25232.49484
10/15/2025 12:57,25168,25178.5,25166.5,25170.5,822,25257.02725,25232.36859
10/15/2025 12:58,25171.5,25172.75,25155.75,25157.5,866,25256.7472,25232.21464
10/15/2025 12:59,25156.75,25171.5,25148.75,25168.75,1240,25256.35327,25231.99848
10/15/2025 13:00,25168,25168.75,25156.25,25159.5,607,25256.15856,25231.89088
10/15/2025 13:01,25159.25,25160.25,25088.75,25090.75,3520,25254.4774,25230.84994
10/15/2025 13:02,25090.75,25112.75,25090.75,25112.75,2098,25253.43953,25230.1974
10/15/2025 13:03,25111.75,25113.75,25097.75,25101,1098,25252.89756,25229.8552
10/15/2025 13:04,25102.5,25104.75,25090.75,25097.5,1358,25252.20361,25229.41278
10/15/2025 13:05,25096.5,25111,25089,25107.25,1245,25251.59223,25229.02429
10/15/2025 13:06,25108,25114.25,25077,25089.25,2469,25250.32282,25228.20709
10/15/2025 13:07,25090,25100,25086,25088.5,1213,25249.69874,25227.8033
10/15/2025 13:08,25089,25102,25083.75,25087.5,1019,25249.17689,25227.4649
10/15/2025 13:09,25087.25,25089,25052.5,25053.5,2785,25247.53554,25226.37324
10/15/2025 13:10,25054.5,25055.75,25032.5,25047,2257,25246.08386,25225.39139
10/15/2025 13:11,25047.5,25051.75,25015.75,25020,2469,25244.3956,25224.23567
10/15/2025 13:12,25019.5,25022.25,24976.25,24979.25,3749,25241.45448,25222.18232
10/15/2025 13:13,24980,25008.75,24975.25,25000.25,2909,25239.23872,25220.62876
10/15/2025 13:14,24999.5,25007,24970.75,24981.75,1915,25237.75319,25219.58065
10/15/2025 13:15,24982,24990.5,24957.5,24959.5,1979,25236.13159,25218.4275
10/15/2025 13:16,24960,24961.25,24921.5,24923.25,4741,25231.84294,25215.33851
10/15/2025 13:17,24923.25,24971.25,24919.75,24969,3401,25229.02324,25213.3036
10/15/2025 13:18,24968,25000.5,24967.5,24992,3037,25226.8518,25211.7426
10/15/2025 13:19,24992.75,24993.5,24966.25,24990,2264,25225.23553,25210.57539
10/15/2025 13:20,24991.25,25007.25,24983.25,24989,2234,25223.72607,25209.485
10/15/2025 13:21,24988.75,24988.75,24962.75,24966.5,2178,25222.14405,25208.33268
10/15/2025 13:22,24966,25021.25,24964.5,25016,2516,25220.5429,25207.17145
10/15/2025 13:23,25015.25,25025.25,24993.25,24999,1897,25219.37935,25206.3265
10/15/2025 13:24,24999.5,25009.25,24991.5,25003.5,1321,25218.55991,25205.72941
10/15/2025 13:25,25002.75,25021,24998.75,25020.75,1307,25217.79998,25205.1768
10/15/2025 13:26,25020.75,25040.25,25019.5,25027.25,1954,25216.75971,25204.42286
10/15/2025 13:27,25026.75,25049.5,25023.25,25025.25,1722,25215.87012,25203.77755
10/15/2025 13:28,25025,25035.5,24999.5,25011,1429,25215.06918,25203.19183
10/15/2025 13:29,25011,25013.5,24992.75,25003.5,1213,25214.35347,25202.6657
10/15/2025 13:30,25005,25005.75,24991,25004.25,957,25213.78446,25202.24652
10/15/2025 13:31,25003.5,25027.25,24995.5,25009.25,1487,25212.94882,25201.63177
10/15/2025 13:32,25010.25,25017.25,24996,25015.5,903,25212.44201,25201.25828
10/15/2025 13:33,25016,25019,25003.5,25006,807,25211.99103,25200.92557
10/15/2025 13:34,25005,25035.25,25004.5,25029.5,1156,25211.3916,25200.48466
10/15/2025 13:35,25030,25048,25029.75,25039.25,1159,25210.8449,25200.08426
10/15/2025 13:36,25039.25,25077.75,25037.5,25077.25,2002,25210.04579,25199.50462
10/15/2025 13:37,25077.5,25080,25059,25065.5,1706,25209.39015,25199.02905
10/15/2025 13:38,25066,25078.75,25064.25,25074.25,1276,25208.91835,25198.68707
10/15/2025 13:39,25073.5,25081.5,25068.5,25071.25,1017,25208.54829,25198.41869
10/15/2025 13:40,25071.75,25078.75,25062.25,25074.25,927,25208.20775,25198.17116
10/15/2025 13:41,25073.75,25078,25062,25073.75,665,25207.96362,25197.99348
10/15/2025 13:42,25074.25,25090.75,25068.75,25086,1222,25207.55182,25197.69543
10/15/2025 13:43,25085.5,25097,25080.25,25081.25,1061,25207.20869,25197.44752
10/15/2025 13:44,25081.75,25090,25078,25086.75,742,25206.96741,25197.27285
10/15/2025 13:45,25088.25,25096.5,25083,25094.5,649,25206.76821,25197.12923
10/15/2025 13:46,25094,25125.75,25093.25,25120,2384,25206.17857,25196.71233
10/15/2025 13:47,25119.5,25122,25100.75,25101.5,1264,25205.8526,25196.48008
10/15/2025 13:48,25102,25123.5,25101.75,25120.25,846,25205.65136,25196.33771
10/15/2025 13:49,25119.5,25136,25118.25,25124,1804,25205.27661,25196.0764
10/15/2025 13:50,25124.75,25129.75,25118.75,25129.25,884,25205.09387,25195.94875
10/15/2025 13:51,25129.75,25153.5,25128,25150.5,2274,25204.73414,25195.70676
10/15/2025 13:52,25150.5,25157.75,25132.75,25144,1657,25204.47822,25195.53466
10/15/2025 13:53,25144.5,25154.5,25141.75,25151.5,1141,25204.31622,25195.42709
10/15/2025 13:54,25152,25158.25,25145.5,25153.75,1008,25204.1823,25195.33914
10/15/2025 13:55,25154,25163.5,25154,25159,1066,25204.05868,25195.26021
10/15/2025 13:56,25159.5,25163.5,25142,25143.75,1135,25203.90151,25195.15568
10/15/2025 13:57,25143.75,25156.25,25143,25148,1117,25203.74583,25195.05177
10/15/2025 13:58,25148.25,25151.5,25131.25,25149,1202,25203.56354,25194.92797
10/15/2025 13:59,25149.5,25163.75,25142,25157.25,1182,25203.41649,25194.83156
10/15/2025 14:00,25158,25170.5,25157,25160,1453,25203.26679,25194.73744
10/15/2025 14:01,25160.25,25173,25156.5,25160.75,1496,25203.11725,25194.64384
10/15/2025 14:02,25161.75,25162.5,25128.5,25128.5,1617,25202.86159,25194.46737
10/15/2025 14:03,25129,25141.5,25124.75,25140.25,1285,25202.64603,25194.31689
10/15/2025 14:04,25140,25140.5,25115.5,25125.5,1488,25202.36736,25194.11903
10/15/2025 14:05,25126,25130.25,25121,25125.5,712,25202.23195,25194.02254
10/15/2025 14:06,25125.5,25140.25,25119.75,25135.5,881,25202.07867,25193.91439
10/15/2025 14:07,25136.25,25147.25,25133,25137.25,1073,25201.91228,25193.79868
10/15/2025 14:08,25137,25144.5,25122.25,25126.5,822,25201.76907,25193.69729
10/15/2025 14:09,25126.25,25145.25,25125,25143.25,631,25201.66998,25193.62806
10/15/2025 14:10,25145,25149.25,25139.5,25146.25,667,25201.5773,25193.56443
10/15/2025 14:11,25145.75,25147.5,25130.75,25140.5,771,25201.46032,25193.48292
10/15/2025 14:12,25139.75,25141,25127.75,25135,525,25201.3745,25193.42241
10/15/2025 14:13,25136,25152,25136,25152,684,25201.28318,25193.35992
10/15/2025 14:14,25151.75,25165,25151.5,25160,1002,25201.17964,25193.29246
10/15/2025 14:15,25159.25,25160.5,25150.5,25152,569,25201.11485,25193.24927
10/15/2025 14:16,25151.75,25166,25149.75,25162.25,729,25201.04094,25193.20118
10/15/2025 14:17,25161.75,25168.5,25155.5,25156.25,844,25200.95723,25193.14689
10/15/2025 14:18,25156,25165,25155.25,25164.5,448,25200.91456,25193.11946
10/15/2025 14:19,25163.5,25167.75,25142.25,25150,997,25200.80008,25193.04264
10/15/2025 14:20,25150.5,25156.75,25147.75,25150.25,354,25200.75807,25193.01423
10/15/2025 14:21,25149.5,25157.75,25144.25,25153.75,827,25200.66088,25192.94856
10/15/2025 14:22,25154.25,25164.25,25149.5,25162.5,527,25200.60779,25192.91377
10/15/2025 14:23,25162,25181.25,25156.75,25176.5,980,25200.5394,25192.87334
10/15/2025 14:24,25175.5,25175.75,25164,25167.75,793,25200.47986,25192.83718
10/15/2025 14:25,25167.25,25168.75,25154.5,25157.25,766,25200.4061,25192.78911
10/15/2025 14:26,25157.5,25165.75,25154.75,25164,491,25200.36052,25192.75963
10/15/2025 14:27,25164,25166,25156.5,25158.25,414,25200.32094,25192.73382
10/15/2025 14:28,25158.25,25166.5,25147.25,25149.5,740,25200.24012,25192.67953
10/15/2025 14:29,25149.75,25157.75,25142.5,25156.75,732,25200.15683,25192.62306
10/15/2025 14:30,25156.25,25157,25144.25,25148.25,518,25200.09499,25192.58072
10/15/2025 14:31,25148.25,25158.5,25142.25,25157.25,912,25199.9926,25192.5113
10/15/2025 14:32,25157,25170.75,25157,25163,730,25199.92979,25192.47109
10/15/2025 14:33,25162.75,25165,25156,25163.5,496,25199.8848,25192.44187
10/15/2025 14:34,25163.25,25172.75,25161.75,25168,722,25199.8297,25192.40765
10/15/2025 14:35,25168.5,25181.25,25167.5,25176,739,25199.7864,25192.38313
10/15/2025 14:36,25175.75,25179.75,25168.25,25176.25,768,25199.74125,25192.35748
10/15/2025 14:37,25175.75,25178,25168.25,25173.25,424,25199.71482,25192.34207
10/15/2025 14:38,25173.25,25182.75,25172,25182.75,645,25199.68378,25192.32601
10/15/2025 14:39,25182.5,25184,25175.5,25179.5,635,25199.65405,25192.31083
10/15/2025 14:40,25179.5,25180.75,25169.75,25179.25,597,25199.62189,25192.29312
10/15/2025 14:41,25179.25,25190.25,25178.5,25184.75,874,25199.59109,25192.28029
10/15/2025 14:42,25184.5,25203,25181.25,25200.75,1054,25199.57984,25192.28568
10/15/2025 14:43,25200.75,25206.5,25194.25,25200.25,1009,25199.5816,25192.30091
10/15/2025 14:44,25200.25,25200.75,25179.5,25180.25,918,25199.55451,25192.29151
10/15/2025 14:45,25180,25184.75,25176.5,25183,840,25199.51932,25192.27443
10/15/2025 14:46,25183.75,25192.25,25180.5,25180.75,790,25199.49196,25192.26297
10/15/2025 14:47,25180.75,25182,25172,25180.25,800,25199.45254,25192.24182
10/15/2025 14:48,25179.25,25182.75,25174.75,25179.75,419,25199.43292,25192.23155
10/15/2025 14:49,25179.25,25179.75,25170.5,25175,414,25199.40976,25192.21834
10/15/2025 14:50,25175.5,25180.75,25173.25,25179.75,341,25199.39294,25192.20927
10/15/2025 14:51,25179.75,25192,25177.5,25189.5,757,25199.37028,25192.20101
10/15/2025 14:52,25189.5,25192,25183.25,25186.25,444,25199.35788,25192.19686
10/15/2025 14:53,25185.5,25194.75,25185.5,25194,460,25199.34953,25192.19619
10/15/2025 14:54,25194.25,25204.75,25193.25,25200.5,858,25199.34982,25192.20779
10/15/2025 14:55,25200.5,25204.5,25197.75,25200.5,378,25199.35117,25192.21389
10/15/2025 14:56,25201,25204,25192.5,25196.5,509,25199.34922,25192.21902
10/15/2025 14:57,25196.5,25214,25196.5,25209.25,793,25199.36226,25192.24004
10/15/2025 14:58,25209,25215.5,25206,25209.75,518,25199.37527,25192.2574
10/15/2025 14:59,25210,25212.5,25204.5,25212.5,483,25199.38672,25192.27304
10/15/2025 15:00,25212,25214.5,25209.25,25209.5,461,25199.39894,25192.289
10/15/2025 15:01,25209.25,25212.75,25195,25202.75,1161,25199.4097,25192.31291
10/15/2025 15:02,25202.5,25203.5,25192.5,25195.25,681,25199.40613,25192.31886
10/15/2025 15:03,25195.25,25198.25,25184.5,25191.75,762,25199.39256,25192.31772
10/15/2025 15:04,25192,25192.5,25186,25188.5,465,25199.38168,25192.3149
10/15/2025 15:05,25188.5,25195,25186.25,25189.75,593,25199.36962,25192.31275
10/15/2025 15:06,25189.5,25190.5,25182.25,25187,607,25199.35221,25192.3064
10/15/2025 15:07,25187,25192.75,25184.5,25184.75,444,25199.34024,25192.30237
10/15/2025 15:08,25183.75,25183.75,25171.25,25172.75,1136,25199.28074,25192.26847
10/15/2025 15:09,25173.25,25178.75,25169.75,25174.25,964,25199.22689,25192.2369
10/15/2025 15:10,25174,25178.5,25173.25,25176.5,548,25199.19862,25192.22082
10/15/2025 15:11,25175.75,25182.25,25171,25174.75,687,25199.16316,25192.20061
10/15/2025 15:12,25175.5,25177.75,25160.25,25170.25,1010,25199.09645,25192.15895
10/15/2025 15:13,25170.75,25179.25,25165.25,25176.5,726,25199.05552,25192.13467
10/15/2025 15:14,25177.25,25182.25,25174,25177,528,25199.03062,25192.12095
10/15/2025 15:15,25176.75,25183.25,25173.25,25181.25,395,25199.01333,25192.11178
10/15/2025 15:16,25180.75,25186.5,25178.75,25186.5,619,25198.99269,25192.10263
10/15/2025 15:17,25186.25,25202.25,25184.25,25195.5,1153,25198.98,25192.10657
10/15/2025 15:18,25195.75,25196.75,25186.25,25192.5,441,25198.97306,25192.10635
10/15/2025 15:19,25192,25203.5,25191.25,25200,906,25198.97162,25192.11634
10/15/2025 15:20,25200,25203.75,25197.25,25202.5,368,25198.9734,25192.12232
10/15/2025 15:21,25203.25,25205.25,25196,25200,586,25198.97525,25192.13102
10/15/2025 15:22,25199.75,25206,25196.25,25205.5,316,25198.97775,25192.13694
10/15/2025 15:23,25205.5,25212.25,25196.75,25198.5,913,25198.98478,25192.15386
10/15/2025 15:24,25199.5,25202.75,25193.75,25199,490,25198.98426,25192.15941
10/15/2025 15:25,25199.5,25199.5,25192.25,25198.5,442,25198.98211,25192.16303
10/15/2025 15:26,25198,25201.75,25195.25,25197,226,25198.98162,25192.16539
10/15/2025 15:27,25198.5,25204,25197.25,25200.25,305,25198.98263,25192.16992
10/15/2025 15:28,25199.75,25208.5,25199,25207.25,324,25198.98682,25192.17728
10/15/2025 15:29,25207.25,25208.75,25197.5,25201.5,578,25198.99134,25192.18799
10/15/2025 15:30,25200.5,25201,25196.25,25199.5,413,25198.99127,25192.19293
10/15/2025 15:31,25200,25204.5,25189,25193.25,958,25198.98419,25192.1987
10/15/2025 15:32,25193,25205.25,25192.5,25203.25,967,25198.98702,25192.21265
10/15/2025 15:33,25203.25,25204.25,25191,25192,310,25198.98485,25192.21459
10/15/2025 15:34,25192,25196,25188.75,25190.25,532,25198.97644,25192.21408
10/15/2025 15:35,25190.5,25195.25,25189,25191.5,451,25198.96956,25192.21384
10/15/2025 15:36,25191.25,25191.25,25164.25,25165.5,1334,25198.89692,25192.17017
10/15/2025 15:37,25166,25173.5,25154,25155.75,1257,25198.7949,25192.10136
10/15/2025 15:38,25155.25,25159,25142.5,25154,1732,25198.62098,25191.97892
10/15/2025 15:39,25153.75,25160.5,25148.25,25153.25,875,25198.53764,25191.92067
10/15/2025 15:40,25153.25,25157.75,25140.75,25143.75,800,25198.4505,25191.85835
10/15/2025 15:41,25144.75,25155.5,25132.75,25155.25,1415,25198.29835,25191.74958
10/15/2025 15:42,25155,25156.5,25146.25,25147.75,564,25198.24076,25191.70867
10/15/2025 15:43,25148.25,25158.25,25148.25,25157,736,25198.17256,25191.66096
10/15/2025 15:44,25157,25164.75,25154.75,25163.75,782,25198.11121,25191.61936
10/15/2025 15:45,25164.25,25169.25,25160.25,25168.75,812,25198.05631,25191.58334
10/15/2025 15:46,25168.25,25169.25,25157,25165.25,995,25197.98456,25191.53545
10/15/2025 15:47,25165.25,25166.25,25161.25,25162.25,472,25197.95005,25191.51232
10/15/2025 15:48,25162,25165.5,25154,25155.75,640,25197.89687,25191.47565
10/15/2025 15:49,25155.75,25162.5,25152.75,25162,724,25197.83789,25191.43511
10/15/2025 15:50,25161.25,25163.25,25156.5,25160.5,535,25197.79555,25191.40614
10/15/2025 15:51,25159.25,25168.75,25136,25140.25,2150,25197.5736,25191.24678
10/15/2025 15:52,25140.25,25146,25130,25131.5,1317,25197.40437,25191.12148
10/15/2025 15:53,25131.25,25140.5,25128,25134.5,943,25197.28082,25191.02968
10/15/2025 15:54,25135.25,25145.75,25132.5,25136.75,1091,25197.14754,25190.93132
10/15/2025 15:55,25136.75,25136.75,25109.75,25116.75,2572,25196.74422,25190.62529
10/15/2025 15:56,25116.75,25126.25,25101.5,25107.75,2382,25196.32929,25190.30688
10/15/2025 15:57,25107.75,25139,25107.5,25137.5,1797,25196.07832,25190.1175
10/15/2025 15:58,25137.5,25154,25133.25,25153.5,1596,25195.91847,25190.00119
10/15/2025 15:59,25153.25,25170.5,25151,25170.5,1861,25195.79792,25189.91982
10/15/2025 16:00,25170.25,25187.75,25167,25181.75,8677,25195.50433,25189.76039
10/15/2025 16:01,25181.75,25197,25177.75,25196.5,3326,25195.4708,25189.76398
10/15/2025 16:02,25196,25220.75,25194,25211.75,2063,25195.5252,25189.82861
10/15/2025 16:03,25212.5,25217.5,25203.25,25203.5,1123,25195.55296,25189.86222
10/15/2025 16:04,25203.75,25209,25201.75,25206.5,990,25195.5728,25189.88797
10/15/2025 16:05,25206,25206.5,25197.25,25199,600,25195.57909,25189.89879
10/15/2025 16:06,25199.25,25199.5,25191.5,25193.25,606,25195.57811,25189.9036
10/15/2025 16:07,25193.25,25200,25191.75,25199.5,551,25195.57973,25189.91005
10/15/2025 16:08,25199.75,25201,25191,25194.75,571,25195.57974,25189.91534
10/15/2025 16:09,25193.75,25195.75,25189.5,25192.5,492,25195.57686,25189.91748
10/15/2025 16:10,25192.75,25203,25191.25,25200.75,536,25195.57974,25189.92482
10/15/2025 16:11,25201,25212.5,25200.75,25210.75,591,25195.59405,25189.9422
10/15/2025 16:12,25210.5,25213.75,25205,25205.5,601,25195.60867,25189.95991
10/15/2025 16:13,25205.75,25206.5,25198.25,25199,264,25195.61157,25189.96475
10/15/2025 16:14,25199.25,25199.25,25191.75,25192.5,239,25195.61105,25189.96651
10/15/2025 16:15,25192.5,25199.5,25192.25,25198.75,201,25195.61153,25189.96875
10/15/2025 16:16,25199.25,25209.5,25198.75,25209.25,154,25195.61459,25189.97272
10/15/2025 16:17,25209.5,25211.75,25207.75,25211.5,93,25195.61725,25189.97579
10/15/2025 16:18,25211.25,25217.25,25210.5,25214,193,25195.62412,25189.98328
10/15/2025 16:19,25213.75,25216.75,25210,25210.5,255,25195.63244,25189.99256
10/15/2025 16:20,25211,25214.75,25210,25213,192,25195.63875,25189.99959
10/15/2025 16:21,25212.5,25213.25,25209.75,25211.5,116,25195.64233,25190.00363
10/15/2025 16:22,25211.75,25212.25,25206.25,25206.5,94,25195.64464,25190.00642
10/15/2025 16:23,25206,25206.5,25203,25203,84,25195.64603,25190.00835
10/15/2025 16:24,25202,25204.5,25199.5,25199.75,133,25195.64748,25190.01077
10/15/2025 16:25,25200,25201,25198.25,25200.5,225,25195.64934,25190.01438
10/15/2025 16:26,25200.75,25200.75,25197.25,25197.5,124,25195.65002,25190.01608
10/15/2025 16:27,25197.25,25198.5,25181.25,25183.5,861,25195.63686,25190.01293
10/15/2025 16:28,25183.25,25198,25179.5,25194,508,25195.63181,25190.01333
10/15/2025 16:29,25194.5,25196,25193,25195.5,156,25195.63157,25190.01454
10/15/2025 16:30,25195,25195,25188,25188.5,133,25195.63025,25190.01465
10/15/2025 16:31,25188,25188.5,25183,25183.75,130,25195.62761,25190.01361
10/15/2025 16:32,25184.5,25185.75,25179,25179,239,25195.62097,25190.01023
10/15/2025 16:33,25178.75,25182.25,25178.25,25181,224,25195.61443,25190.0068
10/15/2025 16:34,25182,25187.5,25181.75,25184.25,149,25195.61124,25190.00547
10/15/2025 16:35,25184,25186.5,25181.75,25184,83,25195.60939,25190.00468
10/15/2025 16:36,25183.5,25186,25183.25,25185.25,59,25195.60816,25190.00419
10/15/2025 16:37,25185,25190.5,25185,25186,90,25195.6067,25190.00378
10/15/2025 16:38,25185.75,25185.75,25175.5,25176.5,289,25195.59758,25189.99877
10/15/2025 16:39,25176.25,25178.75,25175.5,25178,58,25195.59555,25189.99759
10/15/2025 16:40,25178.75,25182.25,25174,25174,72,25195.59294,25189.99606
10/15/2025 16:41,25174.75,25175.5,25169,25170.75,113,25195.58775,25189.99274
10/15/2025 16:42,25171,25180,25170.25,25180,151,25195.58227,25189.98952
10/15/2025 16:43,25180.25,25180.75,25175.25,25176.25,148,25195.57709,25189.98652
10/15/2025 16:44,25176,25176.5,25172.75,25173.5,83,25195.57368,25189.98442
10/15/2025 16:45,25173.75,25175.25,25171.5,25175.25,62,25195.5711,25189.98283
10/15/2025 16:46,25175,25177,25173.75,25173.75,63,25195.56859,25189.98129
10/15/2025 16:47,25173.75,25177.75,25173.5,25176.75,44,25195.56693,25189.9803
10/15/2025 16:48,25177,25183.75,25176.25,25182.25,272,25195.55918,25189.97626
10/15/2025 16:49,25182.25,25187.5,25181.25,25186.5,210,25195.55495,25189.97461
10/15/2025 16:50,25186,25191.25,25185.75,25190,158,25195.55296,25189.97436
10/15/2025 16:51,25189.5,25192,25189,25190.25,114,25195.55183,25189.97444
10/15/2025 16:52,25190,25191,25187.5,25190,93,25195.55075,25189.97437
10/15/2025 16:53,25190,25197.25,25189,25197.25,142,25195.55046,25189.9754
10/15/2025 16:54,25196.5,25200.75,25192.5,25195,177,25195.55064,25189.97714
10/15/2025 16:55,25194.75,25199.25,25194.5,25197.5,108,25195.55096,25189.97837
10/15/2025 16:56,25197,25200.5,25195.25,25200.25,149,25195.55185,25189.98045
10/15/2025 16:57,25199.5,25203.25,25199.5,25201,154,25195.55354,25189.98324
10/15/2025 16:58,25200.25,25211.25,25199.75,25209,267,25195.55923,25189.99038
10/15/2025 16:59,25208,25208,25202,25203.75,81,25195.56063,25189.99228
10/15/2025 17:00,25203.25,25204.75,25197.75,25197.75,173,25195.56213,25189.99508
10/15/2025 18:01,25193.5,25204,25193,25201.5,219,0,25199.5
10/15/2025 18:02,25201.75,25208.75,25199.25,25205.5,132,0,25201.38034
10/15/2025 18:03,25204.5,25215.5,25203.5,25213.5,161,0,25204.35286
10/15/2025 18:04,25213.75,25216.75,25212,25216,91,0,25205.94707
10/15/2025 18:05,25215.25,25233.25,25215.25,25222.25,404,0,25213.02259
10/15/2025 18:06,25222.75,25226.5,25219,25219,106,0,25213.82996
10/15/2025 18:07,25218.75,25232.75,25216,25232.25,162,0,25215.50333
10/15/2025 18:08,25233,25243,25230,25238.75,195,0,25218.3881
10/15/2025 18:09,25238,25241.75,25228.5,25228.5,158,0,25219.79812
10/15/2025 18:10,25229.25,25233,25225.5,25231,128,0,25220.52961
10/15/2025 18:11,25231,25241,25229.75,25239.25,126,0,25221.60999
10/15/2025 18:12,25240.75,25243.5,25236.5,25241.25,91,0,25222.4774
10/15/2025 18:13,25241.5,25243.75,25234,25234.25,87,0,25223.10481
10/15/2025 18:14,25235,25238.5,25234.25,25238.5,49,0,25223.42959
10/15/2025 18:15,25237.5,25239.25,25235.75,25236.75,54,0,25223.77462
10/15/2025 18:16,25237.75,25248.75,25237.25,25246.25,198,0,25225.47776
10/15/2025 18:17,25243.75,25244.5,25232,25233,109,0,25225.96417
10/15/2025 18:18,25233,25234.5,25221.5,25226.5,191,0,25226.07441
10/15/2025 18:19,25225.5,25231.5,25225.25,25229.25,66,0,25226.13715
10/15/2025 18:20,25229.5,25229.5,25221.75,25226.25,54,0,25226.13125
10/15/2025 18:21,25226,25236.75,25226,25234.25,160,0,25226.46866
10/15/2025 18:22,25232.25,25233.25,25227.5,25227.5,61,0,25226.52856
10/15/2025 18:23,25228,25231.5,25225.5,25225.5,31,0,25226.53849
10/15/2025 18:24,25226.25,25227.25,25222.5,25225.75,73,0,25226.50625
10/15/2025 18:25,25225.25,25228,25222.75,25223.75,42,0,25226.48393
10/15/2025 18:26,25222.75,25236.25,25222.5,25233.5,119,0,25226.63932
10/15/2025 18:27,25232.75,25232.75,25229.5,25231.75,18,0,25226.66504
10/15/2025 18:28,25231,25231,25229,25229.75,16,0,25226.6808
10/15/2025 18:29,25229,25233.75,25229,25231.75,52,0,25226.75554
10/15/2025 18:30,25232.25,25232.5,25229.5,25231.75,27,0,25226.79144
10/15/2025 18:31,25230.5,25233.5,25229.25,25233.5,52,0,25226.87162
10/15/2025 18:32,25233.25,25235.5,25231.25,25234.25,39,0,25226.94797
10/15/2025 18:33,25234.75,25237.5,25229.5,25231,90,0,25227.09251
10/15/2025 18:34,25229.75,25231.5,25227,25227.25,24,0,25227.10249
10/15/2025 18:35,25227.75,25229,25224.25,25225.5,75,0,25227.08502
10/15/2025 18:36,25225.5,25231.5,25224.75,25227.75,55,0,25227.09856
10/15/2025 18:37,25228.75,25228.75,25218.75,25220.25,61,0,25227.02562
10/15/2025 18:38,25220.25,25221.75,25213,25215.75,130,0,25226.6864
10/15/2025 18:39,25215,25217,25213.25,25217,46,0,25226.55911
10/15/2025 18:40,25217,25218.5,25214.75,25214.75,39,0,25226.45592
10/15/2025 18:41,25216.5,25218.75,25215.25,25218,20,0,25226.41043
10/15/2025 18:42,25219,25221.25,25216.5,25221,51,0,25226.32472
10/15/2025 18:43,25220.25,25220.75,25212.25,25213.25,69,0,25226.14252
10/15/2025 18:44,25213.75,25218.25,25211.75,25213.5,94,0,25225.88349
10/15/2025 18:45,25213,25214,25211,25213,41,0,25225.75647
10/15/2025 18:46,25213.75,25219,25213.75,25219,32,0,25225.69313
10/15/2025 18:47,25219.5,25222.5,25202,25203.75,230,0,25224.86637
10/15/2025 18:48,25203.75,25209,25201.25,25207,71,0,25224.57125
10/15/2025 18:49,25208.75,25211.25,25208.75,25210.5,31,0,25224.4748
10/15/2025 18:50,25211.25,25212.5,25209.5,25210.5,31,0,25224.38407
10/15/2025 18:51,25210.5,25220.5,25210.5,25219.75,86,0,25224.24879
10/15/2025 18:52,25219,25229.5,25218.75,25229.5,122,0,25224.29058
10/15/2025 18:53,25229.5,25231,25223.5,25225.5,58,0,25224.31855
10/15/2025 18:54,25224.75,25226.75,25222.5,25224,41,0,25224.31936
10/15/2025 18:55,25224.75,25229.5,25224.75,25229.5,37,0,25224.34595
10/15/2025 18:56,25229.25,25233.25,25227.5,25233.25,61,0,25224.43009
10/15/2025 18:57,25233,25235,25231.25,25234.5,33,0,25224.48933
10/15/2025 18:58,25235.25,25237,25227,25229.5,129,0,25224.65409
10/15/2025 18:59,25228.25,25233,25225.75,25233,50,0,25224.71026
10/15/2025 19:00,25233.25,25235.25,25232.5,25232.75,22,0,25224.74675
10/15/2025 19:01,25232.75,25235.75,25231,25232,50,0,25224.8231
10/15/2025 19:02,25229.25,25234.25,25228,25234.25,25,0,25224.85726
10/15/2025 19:03,25234.25,25234.75,25227.5,25228,60,0,25224.91495
10/15/2025 19:04,25228,25232.5,25228,25229,39,0,25224.94999
10/15/2025 19:05,25230.5,25231.75,25227.5,25228.75,31,0,25224.97467
10/15/2025 19:06,25230.75,25230.75,25229.75,25230.5,14,0,25224.98827
10/15/2025 19:07,25230.5,25231.75,25226,25226.5,112,0,25225.04983
10/15/2025 19:08,25227.25,25229.25,25226.25,25226.25,19,0,25225.05723
10/15/2025 19:09,25226,25227.5,25224.25,25227,32,0,25225.06394
10/15/2025 19:10,25226.75,25226.75,25213.5,25213.5,170,0,25224.85632
10/15/2025 19:11,25214.5,25218.5,25213.5,25218.5,58,0,25224.77758
10/15/2025 19:12,25218,25221.5,25217.25,25220,29,0,25224.75222
10/15/2025 19:13,25219.5,25222.25,25219,25221,39,0,25224.72611
10/15/2025 19:14,25222,25222.25,25219.25,25219.25,11,0,25224.71789
10/15/2025 19:15,25220,25222.25,25217.5,25220,30,0,25224.69396
10/15/2025 19:16,25219.5,25220.25,25216.25,25216.5,30,0,25224.6591
10/15/2025 19:17,25216,25218.75,25214.5,25215.5,40,0,25224.60386
10/15/2025 19:18,25216.25,25216.5,25206.5,25207,114,0,25224.33547
10/15/2025 19:19,25207.5,25208.5,25202,25204,91,0,25224.0535
10/15/2025 19:20,25202.75,25203.75,25200.5,25202.75,74,0,25223.8011
10/15/2025 19:21,25203,25204.75,25201.5,25201.5,56,0,25223.61614
10/15/2025 19:22,25200.5,25204.5,25199,25203,61,0,25223.41438
10/15/2025 19:23,25203,25212,25203,25208.75,80,0,25223.22553
10/15/2025 19:24,25208,25212,25206.75,25212,42,0,25223.14304
10/15/2025 19:25,25209.25,25209.25,25199.75,25203.25,88,0,25222.89252
10/15/2025 19:26,25202.5,25204,25194.75,25195.75,74,0,25222.62221
10/15/2025 19:27,25196,25204.5,25196,25201.75,69,0,25222.40151
10/15/2025 19:28,25201.5,25201.75,25195.5,25198.75,56,0,25222.20871
10/15/2025 19:29,25198.5,25200.25,25195.75,25196.75,35,0,25222.08432
10/15/2025 19:30,25197.75,25198.25,25192,25197.5,72,0,25221.8152
10/15/2025 19:31,25196.25,25208.25,25196.25,25207,64,0,25221.65231
10/15/2025 19:32,25205.25,25208.25,25205.25,25206.75,24,0,25221.60186
10/15/2025 19:33,25206.75,25210,25204.5,25204.5,31,0,25221.53538
10/15/2025 19:34,25203.25,25206.5,25203,25204.5,22,0,25221.48342
10/15/2025 19:35,25204.25,25205,25196,25197.5,43,0,25221.35186
10/15/2025 19:36,25197.5,25202.5,25196.25,25201,33,0,25221.25386
10/15/2025 19:37,25199.75,25201.75,25195,25197.75,23,0,25221.18052
10/15/2025 19:38,25197.25,25197.75,25193.5,25195,25,0,25221.09188
10/15/2025 19:39,25194,25195.25,25183.5,25190.5,205,0,25220.23187
10/15/2025 19:40,25190.75,25195.25,25185.25,25187.5,103,0,25219.81168
10/15/2025 19:41,25187,25192.5,25182.5,25183.75,59,0,25219.55226
10/15/2025 19:42,25183,25188,25181.5,25183.5,101,0,25219.09233
10/15/2025 19:43,25183.25,25194.5,25183.25,25188.75,99,0,25218.70989
10/15/2025 19:44,25190,25196.75,25190,25194,64,0,25218.50626
10/15/2025 19:45,25196,25201,25194.75,25196.75,84,0,25218.28517
10/15/2025 19:46,25196.5,25200.5,25190.5,25199.25,101,0,25218.01604
10/15/2025 19:47,25199.75,25203.5,25197,25199.25,70,0,25217.86063
10/15/2025 19:48,25198,25198,25189.25,25192.5,48,0,25217.71657
10/15/2025 19:49,25194,25195.5,25189.25,25192.25,54,0,25217.5505
10/15/2025 19:50,25192.75,25193,25188.5,25191,54,0,25217.37685
10/15/2025 19:51,25190.25,25191,25184.25,25186.25,49,0,25217.19971
10/15/2025 19:52,25185.25,25185.25,25181.75,25184,46,0,25217.01615
10/15/2025 19:53,25186.5,25190.75,25185.75,25187.75,44,0,25216.86544
10/15/2025 19:54,25188.5,25191.25,25187,25190,34,0,25216.75539
10/15/2025 19:55,25190.75,25192.5,25189.75,25191.75,36,0,25216.64794
10/15/2025 19:56,25192.75,25194.5,25189.75,25191.75,50,0,25216.50409
10/15/2025 19:57,25192.25,25198.25,25192.25,25197.5,34,0,25216.42303
10/15/2025 19:58,25198.5,25202,25198.5,25201.25,42,0,25216.34606
10/15/2025 19:59,25200.75,25204.5,25198.5,25201.25,69,0,25216.22782
10/15/2025 20:00,25198.5,25201.25,25198.5,25199.75,12,0,25216.20527
10/15/2025 20:01,25199.5,25207.75,25198,25207.75,276,0,25215.84631
10/15/2025 20:02,25206.25,25212.75,25195.75,25198.75,269,0,25215.45656
10/15/2025 20:03,25198.75,25201.5,25189.75,25198.75,135,0,25215.18682
10/15/2025 20:04,25195.75,25203,25194.75,25197,56,0,25215.08656
10/15/2025 20:05,25196.5,25196.75,25190.25,25194.5,38,0,25215.00153
10/15/2025 20:06,25194,25196.75,25187.25,25190.5,65,0,25214.84179
10/15/2025 20:07,25189.75,25193.75,25189,25191.75,68,0,25214.67698
10/15/2025 20:08,25192.75,25192.75,25187.5,25187.5,38,0,25214.57705
10/15/2025 20:09,25188.75,25192.25,25186.5,25190.25,78,0,25214.37771
10/15/2025 20:10,25191.75,25194,25191.5,25193.25,23,0,25214.32718
10/15/2025 20:11,25192.75,25196.5,25190.75,25194.25,56,0,25214.21039
10/15/2025 20:12,25193.75,25196.75,25192.25,25194.25,43,0,25214.12414
10/15/2025 20:13,25194.75,25197.25,25193.5,25194.25,34,0,25214.05848
10/15/2025 20:14,25194,25195.25,25190.25,25192.25,43,0,25213.96564
10/15/2025 20:15,25191.5,25192.25,25181,25182,118,0,25213.627
10/15/2025 20:16,25183.5,25193,25182.75,25192.75,199,0,25213.15917
10/15/2025 20:17,25192,25192,25176.25,25178.75,155,0,25212.70054
10/15/2025 20:18,25179.75,25185.25,25177,25184,59,0,25212.52813
10/15/2025 20:19,25185,25185.25,25170.25,25175.25,206,0,25211.84143
10/15/2025 20:20,25175.5,25181,25173.25,25181,92,0,25211.55604
10/15/2025 20:21,25180.5,25182.75,25168.25,25170,111,0,25211.1697
10/15/2025 20:22,25170.25,25177.5,25170.25,25175.25,47,0,25211.01134
10/15/2025 20:23,25176,25177.5,25170.5,25173.5,108,0,25210.64768
10/15/2025 20:24,25173.75,25175.75,25170.25,25172,64,0,25210.42879
10/15/2025 20:25,25171.5,25173,25165.5,25173,262,0,25209.50846
10/15/2025 20:26,25173.25,25182.25,25173.25,25176.25,246,0,25208.82512
10/15/2025 20:27,25175.5,25178.25,25173.75,25176.5,41,0,25208.71023
10/15/2025 20:28,25174.75,25180,25172.25,25179.5,71,0,25208.51972
10/15/2025 20:29,25178.75,25178.75,25172.5,25173.5,68,0,25208.32596
10/15/2025 20:30,25173,25173,25170.75,25171.5,59,0,25208.14389
10/15/2025 20:31,25171.5,25172.5,25143.75,25150.75,564,0,25205.76009
10/15/2025 20:32,25151,25157,25145.75,25145.75,250,0,25204.64964
10/15/2025 20:33,25146.5,25149.5,25136.5,25144.5,359,0,25202.96421
10/15/2025 20:34,25145,25146.5,25139.5,25142.75,191,0,25202.09639
10/15/2025 20:35,25142.5,25153.25,25142.5,25152,138,0,25201.55028
10/15/2025 20:36,25152.25,25155.75,25146.25,25147,119,0,25201.09202
10/15/2025 20:37,25148.5,25154.75,25146.25,25150,137,0,25200.58107
10/15/2025 20:38,25150.25,25151.25,25144,25146,113,0,25200.14055
10/15/2025 20:39,25146.75,25147.25,25133.75,25137.5,169,0,25199.40285
10/15/2025 20:40,25137.5,25142.25,25136.25,25140,102,0,25198.96622
10/15/2025 20:41,25139.5,25142.75,25131.25,25140.5,141,0,25198.35973
10/15/2025 20:42,25141.25,25146.5,25136,25146.5,97,0,25197.98242
10/15/2025 20:43,25148,25155,25148,25154,116,0,25197.61336
10/15/2025 20:44,25154,25155.5,25149,25150,69,0,25197.39266
10/15/2025 20:45,25150.75,25150.75,25143,25144.25,83,0,25197.09848
10/15/2025 20:46,25143.75,25153.75,25142.25,25149.75,93,0,25196.7893
10/15/2025 20:47,25149.25,25154,25148.75,25154,46,0,25196.64934
10/15/2025 20:48,25154.5,25156.75,25151.75,25155.75,111,0,25196.33403
10/15/2025 20:49,25156.5,25158.5,25154,25156.75,57,0,25196.18037
10/15/2025 20:50,25158.25,25160.25,25156,25158.25,80,0,25195.97609
10/15/2025 20:51,25158.5,25158.75,25154.25,25155.5,44,0,25195.85878
10/15/2025 20:52,25154.5,25156.75,25150.25,25155.25,65,0,25195.6777
10/15/2025 20:53,25155.5,25160,25155.5,25158.75,80,0,25195.47821
10/15/2025 20:54,25159.5,25167.25,25159.5,25165.75,160,0,25195.14939
10/15/2025 20:55,25165,25173.5,25164.25,25169.5,146,0,25194.90199
10/15/2025 20:56,25169,25174,25166.75,25174,106,0,25194.74239
10/15/2025 20:57,25173.25,25173.25,25167.5,25172,45,0,25194.67337
10/15/2025 20:58,25171.25,25173.25,25168,25172,75,0,25194.56001
10/15/2025 20:59,25171.25,25173.75,25167.75,25169.75,62,0,25194.46449
10/15/2025 21:00,25168.75,25171.25,25168,25170.25,45,0,25194.39395
10/15/2025 21:01,25169.5,25171.5,25162.25,25168.75,193,0,25194.06767
10/15/2025 21:02,25169,25182.75,25169,25181.25,185,0,25193.87913
10/15/2025 21:03,25182,25185.25,25179.5,25185.25,311,0,25193.67919
10/15/2025 21:04,25184.75,25189.25,25181.75,25185.25,332,0,25193.51529
10/15/2025 21:05,25184.75,25190.5,25182.5,25188,85,0,25193.48236
10/15/2025 21:06,25187.5,25190.5,25184.75,25185.25,77,0,25193.45207
10/15/2025 21:07,25185,25187,25181.5,25184.5,77,0,25193.4107
10/15/2025 21:08,25185.25,25192,25185.25,25191,80,0,25193.39197
10/15/2025 21:09,25190.25,25194.75,25188,25189.5,94,0,25193.37749
10/15/2025 21:10,25188.25,25189,25184.25,25187.75,65,0,25193.3534
10/15/2025 21:11,25186.75,25194.75,25184.25,25193.5,77,0,25193.34218
10/15/2025 21:12,25192.75,25195.5,25190.25,25192.75,137,0,25193.33818
10/15/2025 21:13,25193,25194.5,25191.25,25191.25,48,0,25193.33542
10/15/2025 21:14,25190,25191,25188,25188.25,46,0,25193.32426
10/15/2025 21:15,25189.5,25190,25179.75,25180.25,80,0,25193.27885
10/15/2025 21:16,25179.75,25189,25178.5,25186,96,0,25193.23123
10/15/2025 21:17,25184.5,25186.75,25181.75,25186.75,39,0,25193.21332
10/15/2025 21:18,25187.5,25192.75,25186.75,25192.75,80,0,25193.20226
10/15/2025 21:19,25192.5,25193.5,25186.25,25192.5,81,0,25193.19116
10/15/2025 21:20,25192.5,25200.5,25191.5,25195.5,128,0,25193.20992
10/15/2025 21:21,25195.5,25198,25191.25,25194.25,72,0,25193.21505
10/15/2025 21:22,25194.5,25198,25194.25,25194.75,28,0,25193.21884
10/15/2025 21:23,25193.75,25193.75,25184.75,25189.5,86,0,25193.20049
10/15/2025 21:24,25189.25,25191,25183.5,25183.5,47,0,25193.18196
10/15/2025 21:25,25182.75,25184.5,25179.25,25184,95,0,25193.1271
10/15/2025 21:26,25184,25186.75,25181.5,25185.25,64,0,25193.09712
10/15/2025 21:27,25186,25187.75,25183.5,25187.75,36,0,25193.08392
10/15/2025 21:28,25186.25,25186.5,25179.25,25182.25,66,0,25193.0468
10/15/2025 21:29,25181.75,25190.25,25180.25,25189,52,0,25193.02847
10/15/2025 21:30,25189.75,25193,25186.75,25186.75,50,0,25193.01721
10/15/2025 21:31,25184.75,25195.5,25183,25192.75,98,0,25193.00359
10/15/2025 21:32,25192.25,25200.25,25189.75,25198.75,136,0,25193.02701
10/15/2025 21:33,25198.25,25199.75,25194.75,25198.25,64,0,25193.04242
10/15/2025 21:34,25197.5,25199.5,25196.25,25197.75,37,0,25193.05177
10/15/2025 21:35,25196.75,25198.75,25195.5,25196.5,27,0,25193.05727
10/15/2025 21:36,25197.25,25201,25196.5,25198,62,0,25193.07499
10/15/2025 21:37,25198.75,25200.75,25198.75,25200.5,15,0,25193.08043
10/15/2025 21:38,25201.25,25202.75,25198.25,25200.25,71,0,25193.10766
10/15/2025 21:39,25198.5,25198.5,25193.25,25196.25,93,0,25193.12165
10/15/2025 21:40,25196.5,25198.75,25195.5,25198,32,0,25193.12879
10/15/2025 21:41,25199,25199.5,25192.75,25192.75,48,0,25193.13344
10/15/2025 21:42,25193.25,25196,25192,25196,36,0,25193.1363
10/15/2025 21:43,25195.5,25196,25194.5,25196,15,0,25193.13813
10/15/2025 21:44,25195,25196.25,25192.5,25194,21,0,25193.13933
10/15/2025 21:45,25194.75,25195.75,25190.5,25192.25,47,0,25193.13859
10/15/2025 21:46,25193,25193.25,25186.5,25188.25,40,0,25193.13077
10/15/2025 21:47,25188.5,25189.25,25182.75,25184,97,0,25193.09211
10/15/2025 21:48,25184.25,25186.5,25183.75,25183.75,28,0,25193.08006
10/15/2025 21:49,25184,25184.25,25176,25178.25,132,0,25192.98917
10/15/2025 21:50,25178.5,25185.25,25178.25,25185.25,80,0,25192.94847
10/15/2025 21:51,25185.5,25193.75,25183,25192.75,135,0,25192.92738
10/15/2025 21:52,25192.5,25197.5,25192,25196.25,98,0,25192.93874
10/15/2025 21:53,25195.75,25198,25194,25197,59,0,25192.94871
10/15/2025 21:54,25196,25196,25188.5,25188.75,61,0,25192.94306
10/15/2025 21:55,25188.75,25193.25,25187,25193.25,81,0,25192.93595
10/15/2025 21:56,25194.25,25197.25,25189,25195.5,45,0,25192.93812
10/15/2025 21:57,25196.25,25197.75,25195.25,25196.75,84,0,25192.95316
10/15/2025 21:58,25196.75,25198.75,25193.25,25196.5,56,0,25192.96197
10/15/2025 21:59,25196.5,25200,25194,25194.5,42,0,25192.96855
10/15/2025 22:00,25195.5,25196.25,25192.5,25194,36,0,25192.9708
10/15/2025 22:01,25195.25,25196.75,25191.5,25193.5,44,0,25192.97283
10/15/2025 22:02,25194,25194.5,25190.5,25192.5,40,0,25192.97191
10/15/2025 22:03,25191.75,25195.5,25188.5,25189.75,92,0,25192.96425
10/15/2025 22:04,25189.75,25193.25,25189.25,25192.5,20,0,25192.96299
10/15/2025 22:05,25192.5,25196,25192.5,25194.75,32,0,25192.96524
10/15/2025 22:06,25195.75,25195.75,25190.75,25192.5,37,0,25192.9653
10/15/2025 22:07,25192.5,25192.75,25190.5,25191.75,24,0,25192.9638
10/15/2025 22:08,25192,25198,25192,25198,55,0,25192.97181
10/15/2025 22:09,25198.5,25202.25,25197.75,25199.25,150,0,25193.02025
10/15/2025 22:10,25200.25,25206,25198.5,25205,105,0,25193.07074
10/15/2025 22:11,25205.25,25205.75,25199.25,25199.25,56,0,25193.09284
10/15/2025 22:12,25199,25201.75,25190.25,25191,89,0,25193.09804
10/15/2025 22:13,25190.5,25194.25,25187.75,25189.5,79,0,25193.08841
10/15/2025 22:14,25190.25,25192.25,25189.75,25191.75,30,0,25193.08583
10/15/2025 22:15,25190.75,25192.75,25189,25191.5,43,0,25193.0818
10/15/2025 22:16,25191,25192.75,25187.75,25187.75,29,0,25193.07684
10/15/2025 22:17,25188,25190.75,25188,25190.75,24,0,25193.07321
10/15/2025 22:18,25189.25,25189.25,25182.5,25184.5,87,0,25193.04228
10/15/2025 22:19,25184.5,25187.75,25184.25,25184.25,28,0,25193.03238
10/15/2025 22:20,25184.5,25186.75,25183.25,25184.75,44,0,25193.01585
10/15/2025 22:21,25184.75,25185.75,25181.25,25182.25,48,0,25192.99383
10/15/2025 22:22,25181.75,25185.25,25181.5,25183.75,30,0,25192.9807
10/15/2025 22:23,25183.5,25191.5,25180.5,25185.75,147,0,25192.93313
10/15/2025 22:24,25185.75,25185.75,25179,25181.5,93,0,25192.88711
10/15/2025 22:25,25181.25,25186.5,25181,25183,55,0,25192.86362
10/15/2025 22:26,25183.5,25183.5,25177,25179.25,65,0,25192.82544
10/15/2025 22:27,25178.5,25180,25175.75,25178.25,132,0,25192.73719
10/15/2025 22:28,25179.5,25184,25179.5,25182,51,0,25192.71217
10/15/2025 22:29,25182.5,25182.5,25173.25,25174.5,77,0,25192.65707
10/15/2025 22:30,25174,25177,25170,25171.5,149,0,25192.52552
10/15/2025 22:31,25171.5,25175,25168.75,25171,111,0,25192.42249
10/15/2025 22:32,25170,25170.5,25160.5,25165.75,232,0,25192.14935
10/15/2025 22:33,25164.5,25168,25163.25,25166.25,53,0,25192.0883
10/15/2025 22:34,25166.5,25166.75,25163.75,25165.25,72,0,25192.004
10/15/2025 22:35,25166,25166.5,25162.5,25163.5,36,0,25191.96035
10/15/2025 22:36,25162.75,25163.75,25158,25158,83,0,25191.84491
10/15/2025 22:37,25158.25,25161.75,25155.25,25155.75,125,0,25191.66003
10/15/2025 22:38,25155.75,25159,25152,25152,66,0,25191.55399
10/15/2025 22:39,25153.25,25162.75,25153.25,25162.75,92,0,25191.42788
10/15/2025 22:40,25162.75,25163.75,25160,25163,63,0,25191.34927
10/15/2025 22:41,25162,25163,25157.75,25162.25,75,0,25191.25225
10/15/2025 22:42,25162.5,25167.5,25161.5,25165.75,76,0,25191.16722
10/15/2025 22:43,25165.5,25165.5,25161,25164,51,0,25191.1074
10/15/2025 22:44,25163.25,25164.5,25162.25,25163,33,0,25191.06848
10/15/2025 22:45,25163.5,25166.5,25162.75,25164,40,0,25191.02342
10/15/2025 22:46,25164.25,25165.5,25163,25165.5,34,0,25190.9856
10/15/2025 22:47,25165.75,25170.75,25162.5,25163.5,104,0,25190.8746
10/15/2025 22:48,25163.75,25175.5,25163.75,25173.75,72,0,25190.81465
10/15/2025 22:49,25174.25,25181.5,25174.25,25181.25,101,0,25190.76487
10/15/2025 22:50,25181,25181.5,25177.5,25178,42,0,25190.74429
10/15/2025 22:51,25177.5,25177.5,25170.25,25175.25,69,0,25190.69728
10/15/2025 22:52,25174.5,25176.25,25172.25,25176.25,40,0,25190.67111
10/15/2025 22:53,25176,25179.25,25175,25178.75,26,0,25190.65711
10/15/2025 22:54,25179,25180.25,25177,25179.75,39,0,25190.63831
10/15/2025 22:55,25179.25,25179.5,25176,25178.25,26,0,25190.62465
10/15/2025 22:56,25179,25182.75,25179,25182.75,76,0,25190.5961
10/15/2025 22:57,25181.75,25191,25181,25190.5,146,0,25190.5776
10/15/2025 22:58,25191,25198,25190.5,25195.5,270,0,25190.62229
10/15/2025 22:59,25195.75,25196.5,25194.25,25196,47,0,25190.63171
10/15/2025 23:00,25196.25,25197,25192,25193.25,59,0,25190.63992
10/15/2025 23:01,25194.25,25200,25192.5,25199.5,117,0,25190.67133
10/15/2025 23:02,25199.75,25201.25,25197,25199.5,197,0,25190.73859
10/15/2025 23:03,25198.75,25204,25197.75,25203.25,89,0,25190.77717
10/15/2025 23:04,25203.75,25203.75,25198.5,25199.5,25,0,25190.78688
10/15/2025 23:05,25198.25,25203.25,25197.25,25199,104,0,25190.824
10/15/2025 23:06,25199.75,25202.5,25197.5,25200,77,0,25190.8518
10/15/2025 23:07,25199.5,25200.25,25196.5,25197.75,36,0,25190.86214
10/15/2025 23:08,25197.75,25199.25,25193.5,25193.5,68,0,25190.87427
10/15/2025 23:09,25193.5,25196.75,25191.5,25196.5,62,0,25190.88407
10/15/2025 23:10,25196,25196.75,25191,25192,61,0,25190.8897
10/15/2025 23:11,25191.75,25193.5,25191.25,25193.25,44,0,25190.89274
10/15/2025 23:12,25192.75,25192.75,25189.25,25190.25,56,0,25190.89243
10/15/2025 23:13,25190.25,25191,25185.5,25186,113,0,25190.87761
10/15/2025 23:14,25186,25188.25,25185.25,25185.25,62,0,25190.86654
10/15/2025 23:15,25184.75,25184.75,25180.25,25180.5,63,0,25190.84464
10/15/2025 23:16,25180.5,25182.75,25172.75,25174.5,190,0,25190.74173
10/15/2025 23:17,25176.25,25179.75,25175.25,25177.5,47,0,25190.71799
10/15/2025 23:18,25177,25179.5,25175.75,25178.25,46,0,25190.69543
10/15/2025 23:19,25179,25179.5,25177.75,25177.75,8,0,25190.69167
10/15/2025 23:20,25177.25,25177.25,25171.75,25173,93,0,25190.6328
10/15/2025 23:21,25173.5,25175.5,25165.25,25170.75,233,0,25190.45647
10/15/2025 23:22,25170.5,25179,25170.5,25179,99,0,25190.40349
10/15/2025 23:23,25179.25,25190,25178,25188.75,251,0,25190.3586
10/15/2025 23:24,25188.5,25188.5,25181,25181,86,0,25190.33679
10/15/2025 23:25,25180.25,25182.25,25176.5,25182.25,47,0,25190.31943
10/15/2025 23:26,25181.5,25183.75,25181,25181,42,0,25190.30642
10/15/2025 23:27,25180.5,25184.25,25176.75,25177.75,50,0,25190.28669
10/15/2025 23:28,25177.5,25180.75,25177.25,25178.5,20,0,25190.27827
10/15/2025 23:29,25179.5,25180.25,25176.25,25176.75,28,0,25190.26538
10/15/2025 23:30,25176.75,25179.5,25176,25179.5,35,0,25190.25006
10/15/2025 23:31,25179.25,25180.5,25175.5,25175.5,39,0,25190.23137
10/15/2025 23:32,25176,25181.25,25174.25,25181.25,53,0,25190.20945
10/15/2025 23:33,25180.5,25181.25,25179.75,25180,23,0,25190.20115
10/15/2025 23:34,25179.75,25183,25179.75,25180.5,31,0,25190.19084
10/15/2025 23:35,25179.75,25179.75,25179,25179.25,8,0,25190.18767
10/15/2025 23:36,25179,25179,25170.5,25174.25,84,0,25190.14001
10/15/2025 23:37,25175.75,25176.75,25167,25167,118,0,25190.05502
10/15/2025 23:38,25167.5,25169,25163.5,25166,121,0,25189.95081
10/15/2025 23:39,25165.75,25169.25,25164.5,25165.25,66,0,25189.89475
10/15/2025 23:40,25165,25169,25163.25,25166.25,52,0,25189.85046
10/15/2025 23:41,25166.5,25169.75,25164.75,25164.75,26,0,25189.82861
10/15/2025 23:42,25164.5,25168.25,25164.5,25168,29,0,25189.8048
10/15/2025 23:43,25168.5,25170.75,25168.5,25170.25,51,0,25189.76837
10/15/2025 23:44,25170.75,25170.75,25165.75,25168.75,81,0,25189.7067
10/15/2025 23:45,25169,25174,25169,25174,46,0,25189.67825
10/15/2025 23:46,25172.5,25175.75,25171,25175,41,0,25189.65528
10/15/2025 23:47,25175.75,25176.25,25173.25,25173.5,34,0,25189.63678
10/15/2025 23:48,25174.5,25176.5,25170.75,25176.5,39,0,25189.61596
10/15/2025 23:49,25176,25177.5,25173,25173,39,0,25189.59509
10/15/2025 23:50,25172.5,25174,25171.5,25173,16,0,25189.5856
10/15/2025 23:51,25172.75,25173.25,25172,25173,18,0,25189.57488
10/15/2025 23:52,25173.5,25176,25173.5,25175.5,27,0,25189.56098
10/15/2025 23:53,25176.5,25178.5,25174,25174,60,0,25189.53123
10/15/2025 23:54,25173.75,25174.5,25171.75,25172.25,39,0,25189.5083
10/15/2025 23:55,25172.25,25173.75,25171,25172.25,17,0,25189.49803
10/15/2025 23:56,25173.5,25175,25172,25172.5,33,0,25189.47909
10/15/2025 23:57,25172.25,25173.25,25171.5,25172.75,24,0,25189.46478
10/15/2025 23:58,25173.25,25176.75,25172.25,25172.25,32,0,25189.44714
10/15/2025 23:59,25172.25,25172.75,25170,25172.75,37,0,25189.42431
10/16/2025 0:00,25172.5,25172.5,25171.25,25172,14,0,25189.41572
10/16/2025 0:01,25171.75,25175.25,25167.5,25169.25,56,0,25189.37903
10/16/2025 0:02,25168.5,25170.75,25168,25170.25,28,0,25189.35976
10/16/2025 0:03,25171.25,25172.25,25167.5,25172.25,24,0,25189.34411
10/16/2025 0:04,25172.75,25175.25,25172.75,25175.25,24,0,25189.33163
10/16/2025 0:05,25175,25181,25174.75,25180.25,80,0,25189.30197
10/16/2025 0:06,25179,25185.5,25178.25,25181.5,99,0,25189.27607
10/16/2025 0:07,25182.5,25183.5,25177.75,25178.75,57,0,25189.2578
10/16/2025 0:08,25179.5,25180.25,25178.5,25179.25,34,0,25189.24614
10/16/2025 0:09,25179.5,25187,25179.5,25184,111,0,25189.2242
10/16/2025 0:10,25183.75,25184.75,25182.5,25184.5,24,0,25189.21983
10/16/2025 0:11,25185.5,25186.5,25183.5,25186.5,29,0,25189.21612
10/16/2025 0:12,25186,25190.5,25185,25189,55,0,25189.21414
10/16/2025 0:13,25189,25190.75,25188.5,25189.25,26,0,25189.2144
10/16/2025 0:14,25188.25,25189.75,25188.25,25189.5,17,0,25189.21437
10/16/2025 0:15,25189.25,25192,25189.25,25191.5,31,0,25189.21618
10/16/2025 0:16,25191.75,25192.25,25185,25185.75,51,0,25189.21348
10/16/2025 0:17,25186.25,25187.75,25185.25,25186.25,34,0,25189.21024
10/16/2025 0:18,25187.25,25188.5,25187,25188,12,0,25189.20967
10/16/2025 0:19,25188.5,25191.5,25188.5,25190,19,0,25189.21019
10/16/2025 0:20,25189.5,25190.25,25188.5,25188.5,12,0,25189.21013
10/16/2025 0:21,25188.5,25192.25,25188.5,25190.75,42,0,25189.21198
10/16/2025 0:22,25192.25,25197,25192,25192.25,98,0,25189.22704
10/16/2025 0:23,25192,25192,25189.25,25191.25,35,0,25189.22894
10/16/2025 0:24,25191.5,25193,25191.5,25191.5,18,0,25189.23063
10/16/2025 0:25,25191.25,25191.25,25189,25189.5,20,0,25189.23109
10/16/2025 0:26,25189.25,25189.25,25184.5,25186,42,0,25189.22734
10/16/2025 0:27,25186.5,25187,25185.5,25185.5,11,0,25189.22614
10/16/2025 0:28,25185,25185.75,25184.75,25184.75,12,0,25189.22447
10/16/2025 0:29,25184.75,25187,25182.25,25187,46,0,25189.21857
10/16/2025 0:30,25187.25,25187.25,25184,25185,11,0,25189.21716
10/16/2025 0:31,25185.25,25187.75,25184.5,25187.5,27,0,25189.21477
10/16/2025 0:32,25188,25190.75,25188,25189.5,51,0,25189.21512
10/16/2025 0:33,25191,25192,25190,25190,13,0,25189.21575
10/16/2025 0:34,25190.5,25191,25188.5,25190,18,0,25189.21612
10/16/2025 0:35,25190.25,25194.5,25190.25,25193,46,0,25189.22131
10/16/2025 0:36,25192.5,25192.5,25190,25191.5,30,0,25189.22343
10/16/2025 0:37,25191.75,25192.5,25190.75,25192.25,13,0,25189.22456
10/16/2025 0:38,25192,25192,25192,25192,2,0,25189.22475
10/16/2025 0:39,25192.5,25195.25,25192.25,25195.25,21,0,25189.22827
10/16/2025 0:40,25195.5,25196.25,25194,25194,28,0,25189.23343
10/16/2025 0:41,25194.25,25195,25190,25190,37,0,25189.23643
10/16/2025 0:42,25190.75,25192.5,25190.75,25192.5,8,0,25189.23715
10/16/2025 0:43,25193.5,25194.5,25187.75,25188.5,43,0,25189.2386
10/16/2025 0:44,25188.75,25188.75,25173,25183,216,0,25189.18397
10/16/2025 0:45,25183,25189.75,25183,25189.25,89,0,25189.17854
10/16/2025 0:46,25189.25,25189.5,25187.25,25188.75,34,0,25189.17778
10/16/2025 0:47,25188.75,25190.25,25186,25186,58,0,25189.17443
10/16/2025 0:48,25186.25,25187.5,25181,25182.75,32,0,25189.16874
10/16/2025 0:49,25182,25183.75,25179,25181.75,108,0,25189.14166
10/16/2025 0:50,25181.25,25184,25181.25,25183.25,19,0,25189.13775
10/16/2025 0:51,25184.25,25184.25,25183,25184,4,0,25189.13704
10/16/2025 0:52,25184,25189,25184,25189,19,0,25189.13592
10/16/2025 0:53,25188.5,25188.5,25184,25184,21,0,25189.13343
10/16/2025 0:54,25183.25,25183.25,25180.5,25182.5,26,0,25189.12746
10/16/2025 0:55,25183,25189.25,25183,25189.25,20,0,25189.12618
10/16/2025 0:56,25189.5,25194.25,25189.5,25192.75,36,0,25189.12974
10/16/2025 0:57,25193,25194.25,25192.5,25193.25,28,0,25189.13357
10/16/2025 0:58,25194.25,25197,25190.25,25190.5,92,0,25189.14385
10/16/2025 0:59,25191.5,25193,25191,25191,26,0,25189.14598
10/16/2025 1:00,25190.75,25191.25,25185.5,25185.75,37,0,25189.14401
10/16/2025 1:01,25186.25,25189.25,25184.75,25188,51,0,25189.14103
10/16/2025 1:02,25187,25187.5,25182.5,25183.5,49,0,25189.13369
10/16/2025 1:03,25183.25,25183.25,25175.5,25175.75,70,0,25189.109
10/16/2025 1:04,25176,25183.5,25176,25181.75,49,0,25189.09532
10/16/2025 1:05,25182.75,25183.25,25181.5,25182,12,0,25189.09269
10/16/2025 1:06,25181.25,25182.5,25177.25,25177.5,45,0,25189.07825
10/16/2025 1:07,25177,25179,25177,25178,9,0,25189.07505
10/16/2025 1:08,25179,25186.25,25175.5,25183.75,61,0,25189.06092
10/16/2025 1:09,25184,25184.25,25181.5,25181.5,10,0,25189.0588
10/16/2025 1:10,25181,25183.5,25180.25,25182.75,22,0,25189.05395
10/16/2025 1:11,25181.75,25182,25178.25,25182,17,0,25189.04945
10/16/2025 1:12,25182.5,25186.25,25182.5,25185.75,41,0,25189.04393
10/16/2025 1:13,25186.5,25188.25,25185.5,25185.5,29,0,25189.0415
10/16/2025 1:14,25185.75,25189.25,25183.5,25183.5,30,0,25189.03804
10/16/2025 1:15,25183.75,25189.5,25183.75,25189.5,38,0,25189.03629
10/16/2025 1:16,25189.75,25190.75,25188.5,25188.5,19,0,25189.03641
10/16/2025 1:17,25187,25189,25187,25188.5,17,0,25189.03594
10/16/2025 1:18,25188.75,25189.25,25188.5,25189.25,16,0,25189.03593
10/16/2025 1:19,25188.5,25189.5,25187.5,25189.25,19,0,25189.03575
10/16/2025 1:20,25189.5,25192.75,25189.25,25191.25,43,0,25189.03854
10/16/2025 1:21,25190.75,25193.5,25190.25,25193,32,0,25189.0418
10/16/2025 1:22,25193,25193,25190,25193,33,0,25189.04488
10/16/2025 1:23,25193,25197.75,25191,25193.75,144,0,25189.06809
10/16/2025 1:24,25193.75,25197,25193.25,25196,54,0,25189.07886
10/16/2025 1:25,25196,25196.5,25195.5,25196.5,21,0,25189.08354
10/16/2025 1:26,25196.5,25198,25194.25,25194.25,31,0,25189.08978
10/16/2025 1:27,25195.25,25195.25,25190.5,25190.5,35,0,25189.09306
10/16/2025 1:28,25191.5,25191.75,25189.5,25190,21,0,25189.09393
10/16/2025 1:29,25189.5,25194.5,25189.5,25194.5,20,0,25189.09627
10/16/2025 1:30,25194,25194.5,25192.5,25192.5,13,0,25189.09793
10/16/2025 1:31,25192.25,25231,25182.5,25229.25,1252,0,25190.0458
10/16/2025 1:32,25229.75,25232.5,25220.25,25222.5,356,0,25190.41728
10/16/2025 1:33,25224.25,25228.5,25214.25,25220.25,254,0,25190.64688
10/16/2025 1:34,25221.25,25225,25220.5,25221,143,0,25190.77955
10/16/2025 1:35,25220.75,25227,25220.75,25224,129,0,25190.90489
10/16/2025 1:36,25223.5,25228.5,25222.5,25224,87,0,25190.99165
10/16/2025 1:37,25224.5,25225.5,25219.25,25221,89,0,25191.07194
10/16/2025 1:38,25220.75,25220.75,25208,25209,260,0,25191.23386
10/16/2025 1:39,25209.75,25212.75,25207,25210.25,81,0,25191.27777
10/16/2025 1:40,25210.5,25217.25,25210.5,25216,119,0,25191.3576
10/16/2025 1:41,25215.5,25223.75,25214.5,25221,135,0,25191.46751
10/16/2025 1:42,25220.75,25223,25218,25219.5,48,0,25191.50695
10/16/2025 1:43,25220.25,25227,25220.25,25222.25,76,0,25191.5757
10/16/2025 1:44,25222.75,25223.75,25218,25222.25,48,0,25191.61646
10/16/2025 1:45,25221,25221.75,25219.25,25219.25,35,0,25191.64486
10/16/2025 1:46,25219,25219,25215.5,25215.75,48,0,25191.67916
10/16/2025 1:47,25215.75,25217,25215.25,25216.5,18,0,25191.69174
10/16/2025 1:48,25215.5,25216.25,25211.5,25212.75,71,0,25191.73571
10/16/2025 1:49,25212.75,25216.5,25210.5,25214,64,0,25191.77549
10/16/2025 1:50,25215.5,25216.5,25214.75,25216.5,19,0,25191.78848
10/16/2025 1:51,25215.75,25215.75,25214.25,25215.75,22,0,25191.80309
10/16/2025 1:52,25216.25,25217.5,25211.5,25211.75,77,0,25191.85047
10/16/2025 1:53,25211.25,25211.25,25193.75,25194.5,294,0,25191.91622
10/16/2025 1:54,25194.75,25199.25,25190.75,25195.5,191,0,25191.93352
10/16/2025 1:55,25194.5,25202.25,25190.75,25200.5,115,0,25191.95236
10/16/2025 1:56,25199.25,25203.25,25197.75,25201.75,73,0,25191.97051
10/16/2025 1:57,25200.25,25205.25,25199.5,25204.25,96,0,25191.99978
10/16/2025 1:58,25204.25,25211.25,25204.25,25208,128,0,25192.05561
10/16/2025 1:59,25208.25,25208.25,25206.25,25208.25,19,0,25192.06374
10/16/2025 2:00,25208,25210.75,25208,25210.25,29,0,25192.07778
10/16/2025 2:01,25210.75,25216.25,25209.75,25215,98,0,25192.13584
10/16/2025 2:02,25216.25,25217.75,25214.5,25215.75,97,0,25192.19918
10/16/2025 2:03,25215.75,25217.75,25214,25215.5,41,0,25192.22558
10/16/2025 2:04,25217,25220.5,25215.25,25219.75,71,0,25192.27648
10/16/2025 2:05,25219,25219.75,25215.75,25216.75,35,0,25192.30046
10/16/2025 2:06,25217.25,25217.25,25212.25,25213.25,62,0,25192.33749
10/16/2025 2:07,25212.5,25246.5,25211.75,25245.75,734,0,25193.16637
10/16/2025 2:08,25244.5,25247.5,25230.5,25234.25,374,0,25193.60352
10/16/2025 2:09,25233.75,25236.5,25227.25,25229.75,176,0,25193.77734
10/16/2025 2:10,25229.5,25233.25,25227,25230.5,69,0,25193.84339
10/16/2025 2:11,25230.75,25242,25228.25,25239.5,160,0,25194.02211
10/16/2025 2:12,25239.5,25239.5,25232.5,25233.75,109,0,25194.13922
10/16/2025 2:13,25235.25,25244,25233.25,25241.5,162,0,25194.33027
10/16/2025 2:14,25239.5,25243.5,25233,25233,117,0,25194.45792
10/16/2025 2:15,25234,25245,25234,25242.25,161,0,25194.64857
10/16/2025 2:16,25241.5,25244.75,25240.5,25244.25,81,0,25194.74961
10/16/2025 2:17,25245.25,25251.5,25235,25236,402,0,25195.22106
10/16/2025 2:18,25235.25,25238.25,25233.75,25233.75,69,0,25195.29123
10/16/2025 2:19,25233.5,25237.25,25233.25,25235.5,37,0,25195.32883
10/16/2025 2:20,25236,25236,25231.75,25235.5,57,0,25195.3853
10/16/2025 2:21,25236.25,25236.25,25227.5,25230.25,91,0,25195.46801
10/16/2025 2:22,25230.25,25240.75,25228.75,25240.25,84,0,25195.55515
10/16/2025 2:23,25240.25,25241.5,25235.25,25236,99,0,25195.65987
10/16/2025 2:24,25236.75,25243.25,25236.75,25242.5,36,0,25195.70077
10/16/2025 2:25,25241,25242.5,25237.75,25238.25,34,0,25195.73818
10/16/2025 2:26,25238.25,25245.25,25237.5,25241.75,105,0,25195.85859
10/16/2025 2:27,25242.5,25246,25240.25,25240.75,67,0,25195.93648
10/16/2025 2:28,25241.75,25246.75,25237.5,25245.25,139,0,25196.10014
10/16/2025 2:29,25245.75,25252.5,25244.5,25251.25,112,0,25196.2486
10/16/2025 2:30,25251,25259.25,25250.25,25257.5,265,0,25196.63748
10/16/2025 2:31,25257.75,25261.25,25255.75,25259.5,193,0,25196.93253
10/16/2025 2:32,25259.25,25261.5,25254.75,25256.25,165,0,25197.17719
10/16/2025 2:33,25256.75,25261,25256.75,25258,63,0,25197.27175
10/16/2025 2:34,25256.5,25266,25256,25266,175,0,25197.55029
10/16/2025 2:35,25265.25,25269.25,25263.75,25267.25,264,0,25197.9921
10/16/2025 2:36,25266.75,25271.25,25266.25,25269,79,0,25198.12718
10/16/2025 2:37,25269.25,25269.75,25265,25267.25,54,0,25198.21727
10/16/2025 2:38,25266.75,25270.25,25265.75,25268.25,91,0,25198.3702
10/16/2025 2:39,25268.25,25269.25,25264.25,25268,52,0,25198.45614
10/16/2025 2:40,25267.25,25273,25267.25,25272.5,104,0,25198.63673
10/16/2025 2:41,25272.25,25273.5,25267.5,25272,84,0,25198.7821
10/16/2025 2:42,25271.5,25272.25,25267.25,25267.5,43,0,25198.85423
10/16/2025 2:43,25268,25271,25266.5,25270,36,0,25198.91465
10/16/2025 2:44,25269,25269,25265,25265,47,0,25198.99021
10/16/2025 2:45,25265.25,25268,25265.25,25267.25,38,0,25199.05162
10/16/2025 2:46,25267,25270.75,25267,25269.75,54,0,25199.1417
10/16/2025 2:47,25270,25275.75,25268.75,25272.5,101,0,25199.31715
10/16/2025 2:48,25272,25272,25267.75,25269.25,59,0,25199.41553
10/16/2025 2:49,25269.5,25275.5,25268.5,25274.75,49,0,25199.50079
10/16/2025 2:50,25274.25,25274.75,25271.25,25272.5,82,0,25199.64287
10/16/2025 2:51,25272.25,25279.25,25270.25,25271,144,0,25199.89331
10/16/2025 2:52,25270.75,25271.5,25268.75,25270.5,66,0,25200.00248
10/16/2025 2:53,25269.25,25271.75,25266.75,25267,31,0,25200.05237
10/16/2025 2:54,25266.5,25273,25266,25269.25,55,0,25200.14189
10/16/2025 2:55,25270.25,25276,25269.75,25275.25,42,0,25200.21427
10/16/2025 2:56,25275,25280.5,25274,25277.75,147,0,25200.47938
10/16/2025 2:57,25277.25,25280.25,25275.75,25280.25,77,0,25200.61992
10/16/2025 2:58,25280.25,25281.25,25277.25,25277.75,59,0,25200.72726
10/16/2025 2:59,25278,25284.75,25278,25282,219,0,25201.1375
10/16/2025 3:00,25281.75,25283.5,25278.75,25282,227,0,25201.55749
10/16/2025 3:01,25281,25291.75,25280.5,25288.5,386,0,25202.31016
10/16/2025 3:02,25289,25295,25286,25294,237,0,25202.79132
10/16/2025 3:03,25294,25298.5,25293.5,25293.75,317,0,25203.45249
10/16/2025 3:04,25293.5,25295.25,25288.5,25289.25,212,0,25203.86917
10/16/2025 3:05,25289,25297.75,25286.75,25296.5,161,0,25204.19258
10/16/2025 3:06,25296.75,25296.75,25287.75,25289,217,0,25204.61274
10/16/2025 3:07,25289,25289.5,25280,25280.5,208,0,25204.97557
10/16/2025 3:08,25280.5,25282.75,25275.5,25281.25,229,0,25205.35352
10/16/2025 3:09,25280.75,25280.75,25270.5,25271.5,321,0,25205.83768
10/16/2025 3:10,25271.5,25271.5,25266,25270.5,155,0,25206.05241
10/16/2025 3:11,25269.75,25271.5,25264.5,25265.5,159,0,25206.26369
10/16/2025 3:12,25265,25267.25,25262.75,25265,154,0,25206.45971
10/16/2025 3:13,25264.75,25272,25262,25268.5,242,0,25206.77815
10/16/2025 3:14,25268.5,25269.25,25252,25252.75,287,0,25207.09311
10/16/2025 3:15,25252.75,25274.25,25251.75,25274.25,306,0,25207.48167
10/16/2025 3:16,25273.5,25277.75,25271.25,25277.75,167,0,25207.72289
10/16/2025 3:17,25277.25,25279.5,25273.25,25277.5,77,0,25207.83544
10/16/2025 3:18,25278.75,25279.25,25269.75,25269.75,111,0,25207.98805
10/16/2025 3:19,25270,25271.75,25262,25264.25,163,0,25208.18712
10/16/2025 3:20,25264.25,25268,25256.75,25267.75,204,0,25208.42652
10/16/2025 3:21,25267.5,25267.5,25259,25261,131,0,25208.57461
10/16/2025 3:22,25258.5,25270.5,25256,25270.5,112,0,25208.70797
10/16/2025 3:23,25270.75,25271.25,25263.5,25263.5,46,0,25208.76297
10/16/2025 3:24,25265,25268.5,25262.25,25266,54,0,25208.82683
10/16/2025 3:25,25266,25270.25,25264.5,25265.25,57,0,25208.89537
10/16/2025 3:26,25264.75,25267.5,25263.75,25265.75,53,0,25208.95785
10/16/2025 3:27,25265.75,25266.75,25259.5,25262.5,77,0,25209.04399
10/16/2025 3:28,25262,25270.25,25259,25267,113,0,25209.17575
10/16/2025 3:29,25266.25,25267.25,25261.5,25261.5,64,0,25209.24746
10/16/2025 3:30,25262.75,25262.75,25256.25,25256.25,55,0,25209.30326
10/16/2025 3:31,25257.5,25260.5,25251.25,25252.75,124,0,25209.41945
10/16/2025 3:32,25252.5,25253,25241.25,25243,250,0,25209.60542
10/16/2025 3:33,25243.75,25245.75,25235.5,25239.25,270,0,25209.77345
10/16/2025 3:34,25239.75,25244.25,25239.5,25240.25,153,0,25209.87147
10/16/2025 3:35,25239,25243.75,25233.75,25233.75,85,0,25209.91834
10/16/2025 3:36,25235,25236.25,25230,25234.5,199,0,25210.01339
10/16/2025 3:37,25234,25238.75,25230.25,25237,139,0,25210.08422
10/16/2025 3:38,25236.5,25238.25,25234.5,25235,63,0,25210.11694
10/16/2025 3:39,25234.25,25236.25,25232,25232,51,0,25210.1408
10/16/2025 3:40,25232.75,25239.5,25230.25,25232.75,128,0,25210.2024
10/16/2025 3:41,25232.25,25235.75,25229.75,25234,82,0,25210.24005
10/16/2025 3:42,25234,25245.25,25234,25244.5,192,0,25210.35865
10/16/2025 3:43,25244,25253.25,25242,25253.25,186,0,25210.50314
10/16/2025 3:44,25252.75,25252.75,25247,25251.25,152,0,25210.62293
10/16/2025 3:45,25251.75,25256,25251.5,25255.5,81,0,25210.69288
10/16/2025 3:46,25254.5,25260,25253.25,25257.75,229,0,25210.90142
10/16/2025 3:47,25257.75,25264.75,25252.5,25259,251,0,25211.13645
10/16/2025 3:48,25259,25266,25255,25264.5,223,0,25211.35673
10/16/2025 3:49,25263.75,25273.75,25263.25,25272.5,159,0,25211.53733
10/16/2025 3:50,25272,25272,25265,25267,113,0,25211.66099
10/16/2025 3:51,25267.75,25274.5,25266,25270.5,187,0,25211.87288
10/16/2025 3:52,25270.5,25275.25,25269.25,25271.25,139,0,25212.03362
10/16/2025 3:53,25271.5,25283.5,25266.25,25275.25,343,0,25212.44686
10/16/2025 3:54,25274.5,25280.75,25274,25280.25,88,0,25212.55761
10/16/2025 3:55,25279.75,25280.75,25273.25,25275.5,168,0,25212.76215
10/16/2025 3:56,25276.25,25277,25272,25272.75,56,0,25212.82728
10/16/2025 3:57,25274,25307.25,25273.75,25295.75,1602,0,25215.17575
10/16/2025 3:58,25294.75,25311.5,25292.75,25294.75,494,0,25215.93919
10/16/2025 3:59,25294,25308.5,25290.5,25308.25,271,0,25216.36573
10/16/2025 4:00,25306.75,25312.25,25295.5,25295.5,340,0,25216.88675
10/16/2025 4:01,25295.5,25297,25288,25292.5,315,0,25217.31515
10/16/2025 4:02,25293.75,25299.5,25292,25295.5,140,0,25217.51195
10/16/2025 4:03,25295.25,25298.5,25291,25292.25,197,0,25217.78105
10/16/2025 4:04,25293.75,25300.75,25291.5,25297.5,178,0,25218.03102
10/16/2025 4:05,25297.75,25300.75,25292.75,25297.25,139,0,25218.22595
10/16/2025 4:06,25298.5,25299.75,25290.25,25299,135,0,25218.41295
10/16/2025 4:07,25300,25305,25294.5,25296.75,218,0,25218.72235
10/16/2025 4:08,25296.75,25300,25291.75,25297.25,153,0,25218.93156
10/16/2025 4:09,25297.75,25304,25297.75,25304,119,0,25219.10519
10/16/2025 4:10,25304,25306.5,25301.25,25301.75,93,0,25219.24241
10/16/2025 4:11,25302,25302,25291,25292,249,0,25219.57209
10/16/2025 4:12,25292,25297.75,25286.75,25297,160,0,25219.77916
10/16/2025 4:13,25298,25304.25,25294.5,25303.5,197,0,25220.05621
10/16/2025 4:14,25303.5,25307.5,25301,25307.5,162,0,25220.29548
10/16/2025 4:15,25307.5,25313.5,25302.75,25304,212,0,25220.61176
10/16/2025 4:16,25303.5,25308.25,25300.5,25306,109,0,25220.77003
10/16/2025 4:17,25305.5,25305.5,25297.75,25300.5,83,0,25220.88492
10/16/2025 4:18,25299,25301,25297.5,25299.25,74,0,25220.98453
10/16/2025 4:19,25298.75,25303.75,25296.25,25302.75,93,0,25221.11202
10/16/2025 4:20,25302.75,25305.5,25301,25303.5,65,0,25221.20357
10/16/2025 4:21,25304.5,25308.25,25302,25308.25,123,0,25221.38222
10/16/2025 4:22,25307.5,25313,25307,25310.75,111,0,25221.55053
10/16/2025 4:23,25310,25312,25303.75,25305.75,99,0,25221.69491
10/16/2025 4:24,25305.25,25306,25300.75,25303.25,85,0,25221.81294
10/16/2025 4:25,25304.5,25304.5,25293.75,25294.75,92,0,25221.93145
10/16/2025 4:26,25295.25,25295.25,25290.5,25291.75,103,0,25222.05468
10/16/2025 4:27,25292,25294.75,25289.75,25289.75,63,0,25222.12868
10/16/2025 4:28,25290.25,25290.25,25272,25272,285,0,25222.39744
10/16/2025 4:29,25272.25,25280,25269.75,25277.5,185,0,25222.56327
10/16/2025 4:30,25278,25278.25,25267.75,25269.75,163,0,25222.69806
10/16/2025 4:31,25270.75,25276.5,25269.25,25275.5,170,0,25222.84306
10/16/2025 4:32,25275.25,25276.75,25266.5,25275,114,0,25222.93794
10/16/2025 4:33,25274.75,25277.25,25273.5,25276.75,37,0,25222.97056
10/16/2025 4:34,25277,25289.75,25277,25285.25,257,0,25223.23083
10/16/2025 4:35,25285.75,25285.75,25279.75,25280.5,97,0,25223.32528
10/16/2025 4:36,25279.75,25279.75,25272.5,25273.5,160,0,25223.46256
10/16/2025 4:37,25273.5,25275,25268.75,25268.75,75,0,25223.52119
10/16/2025 4:38,25268.5,25271.5,25264.25,25266,127,0,25223.61266
10/16/2025 4:39,25265.75,25268.25,25262,25262.75,135,0,25223.70299
10/16/2025 4:40,25263.25,25268.5,25261.75,25268.25,68,0,25223.75039
10/16/2025 4:41,25269,25276,25269,25272.25,165,0,25223.88184
10/16/2025 4:42,25272.5,25277.5,25268.25,25276.75,82,0,25223.94924
10/16/2025 4:43,25277.25,25278,25272.5,25272.75,57,0,25223.99623
10/16/2025 4:44,25272,25275.75,25270.25,25270.25,53,0,25224.03782
10/16/2025 4:45,25271,25277.75,25269.25,25277,49,0,25224.07827
10/16/2025 4:46,25278,25280.5,25275.75,25279.25,82,0,25224.15094
10/16/2025 4:47,25279.5,25280.75,25277,25279.75,39,0,25224.18585
10/16/2025 4:48,25279.5,25282.5,25277.5,25280,63,0,25224.24302
10/16/2025 4:49,25280.5,25282.5,25277.25,25278.25,46,0,25224.28418
10/16/2025 4:50,25278.75,25281,25276.25,25277.75,66,0,25224.34207
10/16/2025 4:51,25276.75,25279,25274,25275,95,0,25224.42158
10/16/2025 4:52,25275.75,25281,25274,25279.75,53,0,25224.46776
10/16/2025 4:53,25279.25,25280.75,25275.5,25276.5,33,0,25224.49612
10/16/2025 4:54,25276,25276.25,25274,25275.75,35,0,25224.5249
10/16/2025 4:55,25276.5,25277.25,25272.75,25272.75,40,0,25224.55704
10/16/2025 4:56,25272.5,25277.25,25272,25276.5,79,0,25224.62167
10/16/2025 4:57,25276,25276,25273.75,25274.25,7,0,25224.62733
10/16/2025 4:58,25275.25,25280.25,25274,25277.25,44,0,25224.66461
10/16/2025 4:59,25277,25279.75,25275.25,25275.75,56,0,25224.71175
10/16/2025 5:00,25275,25276.75,25275,25275.5,27,0,25224.73394
10/16/2025 5:01,25276.5,25282.5,25275.75,25277,90,0,25224.81164
10/16/2025 5:02,25276.5,25282,25274.25,25281,56,0,25224.86047
10/16/2025 5:03,25281,25283.5,25275.75,25279.5,127,0,25224.9719
10/16/2025 5:04,25280,25285.75,25280,25281.25,344,0,25225.28656
10/16/2025 5:05,25281.25,25282.5,25276.5,25282.5,92,0,25225.36744
10/16/2025 5:06,25282,25286.5,25282,25284.25,55,0,25225.41896
10/16/2025 5:07,25283.5,25286.25,25280.75,25285.5,73,0,25225.48711
10/16/2025 5:08,25286,25291.5,25284.5,25288.25,167,0,25225.65278
10/16/2025 5:09,25287.5,25287.5,25278,25278.5,114,0,25225.7532
10/16/2025 5:10,25277.5,25282.5,25276.75,25281.75,71,0,25225.81443
10/16/2025 5:11,25281.75,25284.25,25280.75,25282.5,64,0,25225.8717
10/16/2025 5:12,25283.75,25284.5,25279,25283,33,0,25225.90102
10/16/2025 5:13,25283,25284.75,25282.5,25284.75,19,0,25225.91843
10/16/2025 5:14,25283.5,25283.75,25280,25280.25,49,0,25225.96122
10/16/2025 5:15,25279.75,25279.75,25276.5,25277.5,53,0,25226.00459
10/16/2025 5:16,25277,25278,25269.5,25273,127,0,25226.09939
10/16/2025 5:17,25273.5,25279.75,25272.75,25276.75,74,0,25226.15784
10/16/2025 5:18,25276.75,25277.5,25273,25273,33,0,25226.18287
10/16/2025 5:19,25273,25273.25,25270,25271.25,63,0,25226.22762
10/16/2025 5:20,25271.5,25278.25,25270.5,25277.5,55,0,25226.26999
10/16/2025 5:21,25277.25,25285,25275.5,25284.25,84,0,25226.34266
10/16/2025 5:22,25285.25,25288.75,25285.25,25288.25,82,0,25226.42089
10/16/2025 5:23,25289,25292.25,25284.5,25287.25,126,0,25226.54185
10/16/2025 5:24,25287.5,25288.25,25286.25,25286.25,33,0,25226.57289
10/16/2025 5:25,25287.25,25291.5,25284.5,25290.75,101,0,25226.67085
10/16/2025 5:26,25290.25,25291.75,25284.5,25285.75,70,0,25226.73684
10/16/2025 5:27,25286,25292,25286,25289,87,0,25226.8209
10/16/2025 5:28,25289.25,25293.25,25289,25291.25,56,0,25226.87678
10/16/2025 5:29,25291,25294.5,25290,25292.25,96,0,25226.97395
10/16/2025 5:30,25292.5,25296.25,25292.5,25294.75,74,0,25227.05122
10/16/2025 5:31,25294.25,25294.25,25285.25,25286.25,113,0,25227.15857
10/16/2025 5:32,25286,25289.25,25284.25,25289.25,61,0,25227.21542
10/16/2025 5:33,25288.75,25291.5,25288.25,25289.25,32,0,25227.24622
10/16/2025 5:34,25289,25289.25,25285.5,25286,54,0,25227.29586
10/16/2025 5:35,25286.25,25288.25,25284.5,25284.5,45,0,25227.33634
10/16/2025 5:36,25284.5,25287,25271.5,25273.5,443,0,25227.67496
10/16/2025 5:37,25276,25279.75,25270.5,25271.5,161,0,25227.7885
10/16/2025 5:38,25272.25,25273.5,25269.25,25271.75,93,0,25227.85041
10/16/2025 5:39,25272,25273,25266.75,25269,77,0,25227.89929
10/16/2025 5:40,25269.5,25272,25265.5,25270.5,112,0,25227.96975
10/16/2025 5:41,25270,25270.5,25262.5,25267,143,0,25228.0536
10/16/2025 5:42,25266.25,25281,25265.75,25274.25,240,0,25228.21888
10/16/2025 5:43,25273.25,25278.25,25269.5,25271.5,172,0,25228.33508
10/16/2025 5:44,25271,25273.5,25267.5,25270.75,153,0,25228.43219
10/16/2025 5:45,25270.25,25279.75,25269.25,25278.5,132,0,25228.52601
10/16/2025 5:46,25278.5,25286.5,25276.5,25285.75,166,0,25228.66105
10/16/2025 5:47,25285.75,25290,25283.5,25289.25,84,0,25228.73499
10/16/2025 5:48,25289.25,25293.5,25288,25293.5,165,0,25228.88972
10/16/2025 5:49,25294,25295.5,25292,25294,88,0,25228.97477
10/16/2025 5:50,25292.75,25299.75,25292,25299.25,106,0,25229.08191
10/16/2025 5:51,25298.75,25301.25,25295.75,25298.25,104,0,25229.18889
10/16/2025 5:52,25299.5,25300.5,25296,25298.5,78,0,25229.2688
10/16/2025 5:53,25298.25,25299,25295.5,25297.75,40,0,25229.30917
10/16/2025 5:54,25298.5,25298.75,25295.75,25297.5,51,0,25229.36051
10/16/2025 5:55,25298,25299.5,25298,25299.5,75,0,25229.43772
10/16/2025 5:56,25299.75,25300.5,25295,25295.75,55,0,25229.49267
10/16/2025 5:57,25296,25298.75,25294.5,25297.25,74,0,25229.56619
10/16/2025 5:58,25296.75,25302.5,25295.75,25300.25,134,0,25229.70418
10/16/2025 5:59,25300.5,25301.25,25296.25,25297.5,48,0,25229.75265
10/16/2025 6:00,25297,25299.75,25297,25298,33,0,25229.7859
10/16/2025 6:01,25299,25301.5,25296.25,25298.5,136,0,25229.92356
10/16/2025 6:02,25299.75,25300.75,25296.25,25297,56,0,25229.97947
10/16/2025 6:03,25297.25,25300,25296,25298.5,75,0,25230.05439
10/16/2025 6:04,25299.25,25301.5,25297.5,25301.5,47,0,25230.10263
10/16/2025 6:05,25301,25301.5,25298.5,25300.5,43,0,25230.14671
10/16/2025 6:06,25300.25,25300.75,25298.25,25299.5,32,0,25230.17916
10/16/2025 6:07,25299.5,25304.75,25298.75,25304.75,104,0,25230.28936
10/16/2025 6:08,25304.5,25318,25304,25316.5,486,0,25230.87099
10/16/2025 6:09,25316.5,25320.5,25315,25318.25,314,0,25231.26547
10/16/2025 6:10,25319,25322.5,25317.25,25320.25,156,0,25231.46481
10/16/2025 6:11,25319.75,25319.75,25311,25311.75,178,0,25231.67625
10/16/2025 6:12,25312,25312.25,25307,25307.5,106,0,25231.79367
10/16/2025 6:13,25307.5,25311.5,25307.5,25310,53,0,25231.85282
10/16/2025 6:14,25310.75,25316.25,25310.75,25315.5,53,0,25231.91529
10/16/2025 6:15,25315.5,25317.5,25314.75,25317,72,0,25232.00232
10/16/2025 6:16,25317,25318,25315.5,25318,27,0,25232.03521
10/16/2025 6:17,25318.5,25318.5,25311.25,25316,100,0,25232.15403
10/16/2025 6:18,25316,25317,25311,25313.5,202,0,25232.38895
10/16/2025 6:19,25313.75,25314.5,25307,25307.5,123,0,25232.52405
10/16/2025 6:20,25307.75,25311,25307.75,25311,75,0,25232.60646
10/16/2025 6:21,25310.75,25311,25307.75,25309.25,55,0,25232.66633
10/16/2025 6:22,25309.5,25314.5,25308.5,25313,91,0,25232.76862
10/16/2025 6:23,25313.25,25314.75,25310.5,25314.75,55,0,25232.83135
10/16/2025 6:24,25314.25,25316,25313.25,25315.25,48,0,25232.88704
10/16/2025 6:25,25316.25,25316.5,25312.5,25313.5,39,0,25232.93186
10/16/2025 6:26,25313.25,25316.25,25313.25,25316,32,0,25232.96906
10/16/2025 6:27,25315.5,25323.75,25315,25323,124,0,25233.12234
10/16/2025 6:28,25323,25326,25320.75,25324.5,194,0,25233.36973
10/16/2025 6:29,25324.75,25325.25,25321.5,25323,121,0,25233.52249
10/16/2025 6:30,25323.75,25324,25319.25,25322.25,89,0,25233.63276
10/16/2025 6:31,25321.5,25323.25,25319.75,25322.75,91,0,25233.74532
10/16/2025 6:32,25323.5,25323.75,25321.75,25322,31,0,25233.78385
10/16/2025 6:33,25322.25,25324.5,25322.25,25323.5,33,0,25233.82526
10/16/2025 6:34,25324,25328,25323.5,25326.5,176,0,25234.0518
10/16/2025 6:35,25326.5,25327,25323.75,25324.5,95,0,25234.1724
10/16/2025 6:36,25324.75,25326,25322.75,25324.25,67,0,25234.25657
10/16/2025 6:37,25323.75,25325,25315.25,25315.25,152,0,25234.4346
10/16/2025 6:38,25315.25,25320,25313.25,25319,120,0,25234.57282
10/16/2025 6:39,25317.75,25317.75,25314.75,25316,62,0,25234.64298
10/16/2025 6:40,25318,25318.5,25317.25,25317.75,16,0,25234.66143
10/16/2025 6:41,25318.25,25321.25,25318.25,25320.75,79,0,25234.7549
10/16/2025 6:42,25321,25322.25,25318,25318.5,104,0,25234.87691
10/16/2025 6:43,25318.5,25318.5,25310.75,25313.25,195,0,25235.09017
10/16/2025 6:44,25312.75,25312.75,25308,25310.25,122,0,25235.21657
10/16/2025 6:45,25311.25,25316.25,25309.75,25314,88,0,25235.31111
10/16/2025 6:46,25314,25314.25,25310.75,25311.25,50,0,25235.36387
10/16/2025 6:47,25311.75,25312,25298.5,25301.25,202,0,25235.55366
10/16/2025 6:48,25301.25,25307.75,25299.5,25306.5,239,0,25235.77903
10/16/2025 6:49,25307.25,25310.5,25304.75,25306.5,117,0,25235.89309
10/16/2025 6:50,25307,25308.75,25303.25,25304.25,61,0,25235.95088
10/16/2025 6:51,25304.75,25308.75,25304.75,25305.75,61,0,25236.00941
10/16/2025 6:52,25306.5,25307.25,25304.25,25305.5,49,0,25236.05585
10/16/2025 6:53,25306.25,25309,25301,25302.75,111,0,25236.1587
10/16/2025 6:54,25303,25307,25302,25307,51,0,25236.2066
10/16/2025 6:55,25307.5,25308.5,25304.75,25306.75,76,0,25236.27923
10/16/2025 6:56,25306.5,25307,25305.25,25307,38,0,25236.31536
10/16/2025 6:57,25307.25,25311.75,25306.75,25310.25,125,0,25236.43931
10/16/2025 6:58,25310.5,25315.5,25305.25,25306.5,273,0,25236.70671
10/16/2025 6:59,25306.75,25306.75,25304,25305.75,55,0,25236.75769
10/16/2025 7:00,25305.75,25311,25305.75,25309.5,100,0,25236.85456
10/16/2025 7:01,25310,25311.75,25302.25,25307.25,204,0,25237.04681
10/16/2025 7:02,25307.75,25313.5,25305,25313.25,111,0,25237.15617
10/16/2025 7:03,25314.25,25319.5,25312,25319.5,135,0,25237.30034
10/16/2025 7:04,25319.25,25321.5,25317.75,25319.25,215,0,25237.53603
10/16/2025 7:05,25318.5,25320.75,25315,25320.75,74,0,25237.61618
10/16/2025 7:06,25321,25325.25,25320.5,25323.5,98,0,25237.72762
10/16/2025 7:07,25323,25327.25,25319.25,25324,90,0,25237.83021
10/16/2025 7:08,25324.5,25325,25318,25322,71,0,25237.90924
10/16/2025 7:09,25322.5,25324.5,25320.5,25324.5,44,0,25237.95902
10/16/2025 7:10,25324,25325.75,25321.75,25321.75,90,0,25238.06056
10/16/2025 7:11,25321.5,25324.5,25314.25,25315.25,152,0,25238.22128
10/16/2025 7:12,25314.25,25323,25313,25321.25,167,0,25238.3995
10/16/2025 7:13,25321.5,25322.25,25317.5,25321.25,50,0,25238.45353
10/16/2025 7:14,25321,25322.25,25317.25,25318.75,48,0,25238.50476
10/16/2025 7:15,25318.75,25323.5,25318.75,25319.75,46,0,25238.55454
10/16/2025 7:16,25319.75,25326.5,25319,25325.75,172,0,25238.74714
10/16/2025 7:17,25326,25328.5,25323.5,25323.75,105,0,25238.86635
10/16/2025 7:18,25323.5,25326,25322.25,25324,54,0,25238.9267
10/16/2025 7:19,25324.25,25325,25320.25,25322.25,92,0,25239.02742
10/16/2025 7:20,25323,25327.25,25322.75,25327,44,0,25239.07733
10/16/2025 7:21,25327.25,25329.75,25324.5,25329,126,0,25239.22337
10/16/2025 7:22,25329.25,25331,25327.5,25329.25,128,0,25239.37373
10/16/2025 7:23,25329.5,25333.25,25329.25,25331,146,0,25239.54828
10/16/2025 7:24,25331.5,25336,25329,25335,129,0,25239.70558
10/16/2025 7:25,25334.75,25336.5,25334,25335,98,0,25239.82707
10/16/2025 7:26,25335.75,25338.5,25335,25336.75,78,0,25239.92514
10/16/2025 7:27,25337,25339.5,25336.25,25339,69,0,25240.01307
10/16/2025 7:28,25338.5,25341.75,25338.5,25340.25,97,0,25240.13883
10/16/2025 7:29,25340.5,25340.5,25338,25340.25,51,0,25240.20444
10/16/2025 7:30,25339.25,25341.25,25335,25337.75,105,0,25240.33709
10/16/2025 7:31,25338,25338.5,25332.5,25333.25,90,0,25240.44673
10/16/2025 7:32,25334,25334.5,25332.25,25333.75,76,0,25240.5379
10/16/2025 7:33,25334.25,25336.25,25333,25335.75,65,0,25240.61698
10/16/2025 7:34,25335.25,25337.75,25335.25,25336.5,47,0,25240.67499
10/16/2025 7:35,25336.75,25337.25,25333.25,25335,57,0,25240.74427
10/16/2025 7:36,25334.5,25334.5,25326.25,25329.5,127,0,25240.88998
10/16/2025 7:37,25329.75,25329.75,25325.5,25326.75,57,0,25240.95321
10/16/2025 7:38,25326.25,25327.75,25322.5,25322.5,56,0,25241.01302
10/16/2025 7:39,25322,25329.5,25320.25,25328,131,0,25241.15541
10/16/2025 7:40,25329,25330,25326.25,25326.5,79,0,25241.24273
10/16/2025 7:41,25326.75,25326.75,25320.25,25322.75,119,0,25241.36734
10/16/2025 7:42,25322.25,25325,25320,25323,120,0,25241.49173
10/16/2025 7:43,25323,25325,25318.75,25319.25,70,0,25241.56263
10/16/2025 7:44,25319.5,25321,25318.25,25319.75,92,0,25241.65406
10/16/2025 7:45,25320.25,25321.75,25318.75,25321,84,0,25241.73823
10/16/2025 7:46,25320.75,25326.5,25318.75,25326.25,122,0,25241.86534
10/16/2025 7:47,25325.5,25326.5,25320.5,25323.75,68,0,25241.93579
10/16/2025 7:48,25323.5,25325.25,25321.25,25323.75,67,0,25242.00495
10/16/2025 7:49,25323.5,25324.75,25323.25,25323.5,29,0,25242.03501
10/16/2025 7:50,25322.75,25323,25319.25,25321,77,0,25242.11201
10/16/2025 7:51,25320.25,25322.5,25314.5,25321.5,132,0,25242.24104
10/16/2025 7:52,25320.75,25325.25,25319.5,25325,83,0,25242.32587
10/16/2025 7:53,25324.5,25324.5,25321,25322.75,40,0,25242.36644
10/16/2025 7:54,25322.75,25325.25,25318.5,25324.25,153,0,25242.52108
10/16/2025 7:55,25324,25326.5,25321.75,25321.75,118,0,25242.64093
10/16/2025 7:56,25322.75,25325,25321,25325,92,0,25242.73451
10/16/2025 7:57,25325.75,25326,25324,25324,33,0,25242.76843
10/16/2025 7:58,25324.5,25326.5,25322.5,25325,99,0,25242.87005
10/16/2025 7:59,25324.5,25325,25322.5,25322.5,28,0,25242.89828
10/16/2025 8:00,25322.25,25324.5,25321.25,25321.75,90,0,25242.98793
10/16/2025 8:01,25320.75,25323.75,25317,25318.25,145,0,25243.12682
10/16/2025 8:02,25319.25,25326,25319.25,25326,92,0,25243.21936
10/16/2025 8:03,25325.75,25326.25,25318,25322.25,161,0,25243.37764
10/16/2025 8:04,25321,25328.5,25320,25328.5,163,0,25243.54432
10/16/2025 8:05,25328.5,25330.25,25326,25326,125,0,25243.6744
10/16/2025 8:06,25326,25330.5,25322.25,25325.25,149,0,25243.82632
10/16/2025 8:07,25325,25327,25321.5,25325.25,134,0,25243.96012
10/16/2025 8:08,25324.5,25324.5,25320.5,25323,62,0,25244.02041
10/16/2025 8:09,25322.5,25323.5,25311.5,25314,452,0,25244.42199
10/16/2025 8:10,25313.5,25315,25304,25305.5,331,0,25244.68018
10/16/2025 8:11,25306.25,25306.75,25291,25297.5,476,0,25244.99135
10/16/2025 8:12,25297.5,25303.25,25295,25297.75,237,0,25245.14567
10/16/2025 8:13,25297.75,25298.25,25292,25295.5,210,0,25245.27298
10/16/2025 8:14,25296.75,25298,25290.5,25293,131,0,25245.34983
10/16/2025 8:15,25293.75,25296.5,25287.5,25288.5,285,0,25245.50589
10/16/2025 8:16,25288.75,25301.5,25288,25296.75,346,0,25245.71294
10/16/2025 8:17,25297.25,25302.75,25290.5,25298.5,335,0,25245.9191
10/16/2025 8:18,25298.5,25303.5,25296.75,25298.5,152,0,25246.01633
10/16/2025 8:19,25298.5,25302,25297.75,25301,60,0,25246.05509
10/16/2025 8:20,25300.25,25300.25,25294,25294.5,140,0,25246.13865
10/16/2025 8:21,25295.5,25300,25293.25,25297.5,218,0,25246.26995
10/16/2025 8:22,25298,25302.5,25295.75,25296.5,121,0,25246.34444
10/16/2025 8:23,25296.5,25300,25295.75,25299.25,93,0,25246.40164
10/16/2025 8:24,25298.25,25301.5,25296.5,25300.25,108,0,25246.46929
10/16/2025 8:25,25301,25306.5,25299.5,25301.25,219,0,25246.61368
10/16/2025 8:26,25301.25,25302,25290.5,25292,178,0,25246.71462
10/16/2025 8:27,25291.75,25294.75,25288.5,25289,142,0,25246.78804
10/16/2025 8:28,25288.5,25295.5,25286.5,25291.75,205,0,25246.89479
10/16/2025 8:29,25291.75,25295.25,25291,25293,92,0,25246.94451
10/16/2025 8:30,25292.75,25305.75,25292.5,25305.75,184,0,25247.06134
10/16/2025 8:31,25302,25336.5,25276.5,25306,623,0,25247.48934
10/16/2025 8:32,25305,25312,25298.75,25311,206,0,25247.63169
10/16/2025 8:33,25310.75,25310.75,25302.75,25309.25,198,0,25247.76863
10/16/2025 8:34,25309,25313.5,25305,25313.5,180,0,25247.89897
10/16/2025 8:35,25313.75,25328,25313.75,25324.25,771,0,25248.55091
10/16/2025 8:36,25324.25,25325.25,25313.75,25316.25,232,0,25248.73539
10/16/2025 8:37,25316.25,25319.25,25310,25314.5,262,0,25248.93115
10/16/2025 8:38,25313.25,25327.5,25313,25326.5,234,0,25249.12554
10/16/2025 8:39,25326.75,25329.75,25322,25329.75,280,0,25249.37206
10/16/2025 8:40,25330.25,25333,25325,25331.25,242,0,25249.5909
10/16/2025 8:41,25331.75,25343.5,25331.75,25341,407,0,25249.9973
10/16/2025 8:42,25341,25342.25,25338.25,25339.25,145,0,25250.14309
10/16/2025 8:43,25338.5,25345.25,25337.25,25344.25,376,0,25250.5287
10/16/2025 8:44,25344.25,25351,25342.5,25348.5,362,0,25250.91732
10/16/2025 8:45,25348.75,25353.75,25348.75,25352.25,279,0,25251.22783
10/16/2025 8:46,25352,25356,25347.5,25349,342,0,25251.60302
10/16/2025 8:47,25348,25349.75,25343.25,25343.25,249,0,25251.8596
10/16/2025 8:48,25343.75,25344,25337,25337.5,277,0,25252.12543
10/16/2025 8:49,25337.5,25350.75,25337.5,25348.25,430,0,25252.56305
10/16/2025 8:50,25348.75,25349.5,25345.5,25347.5,128,0,25252.69531
10/16/2025 8:51,25348,25348.5,25344.75,25345.5,111,0,25252.8082
10/16/2025 8:52,25345.75,25351,25345,25345.25,131,0,25252.94226
10/16/2025 8:53,25345.5,25349.5,25343.5,25347.5,145,0,25253.08982
10/16/2025 8:54,25347.5,25351.25,25347.25,25349,120,0,25253.21461
10/16/2025 8:55,25349,25351.5,25345.5,25350,239,0,25253.46177
10/16/2025 8:56,25351.25,25355.25,25351.25,25354.25,238,0,25253.71838
10/16/2025 8:57,25353,25353,25343.5,25348,195,0,25253.91629
10/16/2025 8:58,25348.25,25351.5,25341.75,25341.75,229,0,25254.13989
10/16/2025 8:59,25342.25,25343,25337.25,25338,198,0,25254.3205
10/16/2025 9:00,25338,25339.75,25334.75,25336.5,268,0,25254.55685
10/16/2025 9:01,25336.75,25345.25,25329,25344.75,583,0,25255.08284
10/16/2025 9:02,25344.5,25346.5,25335.5,25336.5,219,0,25255.27836
10/16/2025 9:03,25336.75,25340,25334.5,25335,155,0,25255.41129
10/16/2025 9:04,25334.75,25335,25322,25322.5,446,0,25255.74449
10/16/2025 9:05,25323,25326.5,25318.75,25323.75,591,0,25256.15963
10/16/2025 9:06,25324,25328.5,25323.75,25327.75,197,0,25256.3044
10/16/2025 9:07,25328.25,25334.25,25327,25328.75,329,0,25256.55625
10/16/2025 9:08,25329.5,25332.25,25324.75,25331,204,0,25256.71014
10/16/2025 9:09,25331.5,25334.5,25331,25332.75,149,0,25256.82739
10/16/2025 9:10,25332.5,25334,25330.5,25332.25,111,0,25256.91394
10/16/2025 9:11,25332.25,25332.25,25328,25329,161,0,25257.03496
10/16/2025 9:12,25329.5,25334.5,25327.75,25333.25,186,0,25257.17826
10/16/2025 9:13,25333,25336.5,25330.75,25333.25,206,0,25257.33987
10/16/2025 9:14,25333.5,25335.5,25332.75,25334,127,0,25257.43992
10/16/2025 9:15,25333.75,25336.25,25331.75,25336,128,0,25257.54125
10/16/2025 9:16,25335.5,25338.25,25333.25,25337.25,315,0,25257.79461
10/16/2025 9:17,25337.5,25342,25335.5,25341.75,178,0,25257.94341
10/16/2025 9:18,25341.25,25345,25338.75,25341.75,211,0,25258.12358
10/16/2025 9:19,25341.25,25342.5,25336.75,25338,217,0,25258.302
10/16/2025 9:20,25338.5,25338.5,25328.5,25328.5,298,0,25258.52387
10/16/2025 9:21,25329.25,25331.25,25325,25328.75,337,0,25258.76126
10/16/2025 9:22,25328.75,25330.5,25323.75,25327.5,222,0,25258.91434
10/16/2025 9:23,25326.75,25326.75,25316.5,25321.75,350,0,25259.1347
10/16/2025 9:24,25322.75,25326.75,25317,25317.75,315,0,25259.32803
10/16/2025 9:25,25317.75,25327.5,25315,25325.75,384,0,25259.57067
10/16/2025 9:26,25325.75,25325.75,25312,25314,1014,0,25260.14754
10/16/2025 9:27,25314,25319.5,25310.25,25313.75,345,0,25260.33187
10/16/2025 9:28,25313.25,25315.5,25305.5,25306.25,703,0,25260.66645
10/16/2025 9:29,25306.75,25314.5,25302.25,25304.75,1011,0,25261.12092
10/16/2025 9:30,25304.75,25309.5,25300.75,25302,707,0,25261.41256
10/16/2025 9:31,25301.75,25329.25,25297,25327.25,4109,25317.83333,25263.554
10/16/2025 9:32,25328,25362.25,25315.75,25361.75,3677,25331.41075,25266.28142
10/16/2025 9:33,25361.75,25363,25326.25,25334,3500,25334.4104,25268.54938
10/16/2025 9:34,25334.5,25349.75,25330,25339.5,2119,25335.25446,25269.83281
10/16/2025 9:35,25339.25,25348.5,25332.25,25346.25,1748,25336.07105,25270.89506
10/16/2025 9:36,25346.5,25346.75,25324.5,25332,2208,25335.86065,25272.04931
10/16/2025 9:37,25332,25337,25317,25321.75,2098,25334.71664,25272.95227
10/16/2025 9:38,25321.5,25331.5,25309.25,25326.5,1944,25333.59946,25273.71815
10/16/2025 9:39,25326.75,25342.75,25325,25331,1889,25333.54408,25274.59561
10/16/2025 9:40,25331,25342.25,25313.25,25316.75,1733,25332.88892,25275.25953
10/16/2025 9:41,25317.25,25327,25294.5,25297.5,2849,25330.17467,25275.93008
10/16/2025 9:42,25297,25312.25,25295,25306,2256,25328.24603,25276.40867
10/16/2025 9:43,25307.25,25337,25302.75,25320.25,2779,25327.54969,25277.29252
10/16/2025 9:44,25320.5,25347.5,25320,25347.5,2225,25328.23261,25278.26761
10/16/2025 9:45,25347.75,25351.5,25336.75,25348.5,1619,25328.99692,25279.04107
10/16/2025 9:46,25348.25,25380.25,25343,25379.25,3975,25332.75477,25281.46809
10/16/2025 9:47,25379.25,25382,25356.25,25367.75,2856,25335.10803,25283.15381
10/16/2025 9:48,25366.75,25366.75,25317.5,25323,3107,25335.15075,25284.23717
10/16/2025 9:49,25323,25341.5,25319.5,25324.75,2234,25334.85087,25284.88436
10/16/2025 9:50,25324.25,25327.75,25303.25,25307.5,2077,25333.95423,25285.25851
10/16/2025 9:51,25307.5,25311.25,25283.25,25307.25,3516,25331.80206,25285.59809
10/16/2025 9:52,25306.5,25314.25,25287.25,25299.75,2168,25330.6017,25285.79784
10/16/2025 9:53,25298.75,25328,25296.5,25325.25,1891,25330.14916,25286.15559
10/16/2025 9:54,25325.5,25326.5,25308,25322,1512,25329.86442,25286.45642
10/16/2025 9:55,25322,25327.25,25318,25321.75,1044,25329.73581,25286.68303
10/16/2025 9:56,25323,25336.5,25318.5,25335.25,1668,25329.74504,25287.11664
10/16/2025 9:57,25335.25,25352.75,25317,25321.25,2509,25329.76764,25287.7565
10/16/2025 9:58,25321.5,25324,25304,25319.5,1869,25329.37997,25288.06278
10/16/2025 9:59,25320,25332.5,25306.25,25332.5,1515,25329.2558,25288.37558
10/16/2025 10:00,25331.75,25343.25,25317,25318.75,1512,25329.19286,25288.70475
10/16/2025 10:01,25318.75,25334.25,25317.5,25319.75,1200,25329.10279,25288.94486
10/16/2025 10:02,25319.5,25325.75,25306.5,25323.5,1351,25328.90746,25289.17121
10/16/2025 10:03,25323.75,25328.25,25312,25324.25,892,25328.81775,25289.33339
10/16/2025 10:04,25323.75,25326.75,25293.75,25300.5,1639,25328.34278,25289.49476
10/16/2025 10:05,25301.25,25325.25,25291.5,25322.5,2005,25327.94695,25289.75542
10/16/2025 10:06,25323,25337.75,25308.5,25337.75,1839,25327.94818,25290.13915
10/16/2025 10:07,25338,25344.75,25324.5,25326.25,1776,25328.03346,25290.53929
10/16/2025 10:08,25326,25328.25,25303.75,25309,1700,25327.73781,25290.74981
10/16/2025 10:09,25308.75,25327,25299.5,25327,1359,25327.5775,25290.94547
10/16/2025 10:10,25324.25,25325,25304.5,25310.75,1031,25327.40574,25291.06795
10/16/2025 10:11,25311.25,25320,25305.5,25315.25,1027,25327.24072,25291.18954
10/16/2025 10:12,25316.25,25317.25,25287.5,25288,1840,25326.61966,25291.25081
10/16/2025 10:13,25287.75,25301.75,25270.25,25281.25,2760,25325.33436,25291.15397
10/16/2025 10:14,25282.5,25302.75,25278.25,25282.5,2022,25324.51591,25291.11985
10/16/2025 10:15,25283.25,25306.25,25283.25,25300.25,1492,25324.07321,25291.16096
10/16/2025 10:16,25300.25,25321.5,25286.75,25315.75,2311,25323.68808,25291.35495
10/16/2025 10:17,25316,25341.25,25316,25335.5,2352,25323.86016,25291.81343
10/16/2025 10:18,25335,25339.25,25320.75,25336.25,1812,25324.00825,25292.16978
10/16/2025 10:19,25336,25346.75,25328,25343.25,1649,25324.25537,25292.54656
10/16/2025 10:20,25342.75,25348.75,25322.5,25327,1489,25324.37728,25292.8345
10/16/2025 10:21,25327.25,25338.5,25323.75,25335,1122,25324.46329,25293.04697
10/16/2025 10:22,25335.5,25343.75,25327.5,25343.25,1264,25324.62649,25293.31817
10/16/2025 10:23,25343.75,25363,25342.25,25360,2133,25325.2265,25293.93838
10/16/2025 10:24,25360.25,25370.25,25351.75,25358,1750,25325.77961,25294.47817
10/16/2025 10:25,25358.75,25368.75,25339.25,25340.5,1476,25326.09362,25294.85476
10/16/2025 10:26,25342,25359,25341.5,25356.75,1223,25326.37923,25295.17937
10/16/2025 10:27,25356.5,25357,25302.75,25307,2457,25326.29114,25295.48263
10/16/2025 10:28,25307,25328.5,25301,25324.75,2000,25326.15105,25295.68686
10/16/2025 10:29,25324.5,25329.75,25310.5,25325,1244,25326.10482,25295.83253
10/16/2025 10:30,25324.5,25339.25,25320.5,25337.5,1041,25326.15982,25296.00284
10/16/2025 10:31,25338,25354.75,25338,25344,1634,25326.42191,25296.36251
10/16/2025 10:32,25344,25362.75,25339.25,25362,1317,25326.72578,25296.70143
10/16/2025 10:33,25362.5,25366.75,25349.25,25356.75,1196,25327.02435,25297.02113
10/16/2025 10:34,25356.75,25365.75,25348.25,25352.75,1108,25327.27807,25297.30464
10/16/2025 10:35,25352.25,25368.25,25350.5,25366,932,25327.53253,25297.56534
10/16/2025 10:36,25365.75,25379,25360,25377.75,1697,25328.12843,25298.11282
10/16/2025 10:37,25377.5,25397.5,25370.5,25382.25,2637,25329.25008,25299.07357
10/16/2025 10:38,25381.75,25402.5,25377.75,25394.75,1956,25330.17541,25299.84071
10/16/2025 10:39,25395,25399.25,25383,25384.5,1538,25330.85226,25300.41723
10/16/2025 10:40,25385.25,25387.75,25376,25382.25,1241,25331.32342,25300.84108
10/16/2025 10:41,25382.75,25397.5,25380.5,25393.25,1457,25331.95569,25301.38414
10/16/2025 10:42,25393.25,25414.5,25390.75,25410.75,2184,25333.11396,25302.32029
10/16/2025 10:43,25410.5,25428.75,25409.75,25428.25,2766,25334.86099,25303.67275
10/16/2025 10:44,25428,25433.5,25422.5,25430,1994,25336.16793,25304.68071
10/16/2025 10:45,25430,25435.5,25424.75,25426.5,1552,25337.16292,25305.45561
10/16/2025 10:46,25426.25,25436,25423,25425.25,1986,25338.39415,25306.42663
10/16/2025 10:47,25425.25,25429,25400.75,25405.25,2536,25339.63964,25307.48009
10/16/2025 10:48,25405.5,25411.75,25389.5,25393.25,1676,25340.28982,25308.07609
10/16/2025 10:49,25393,25402.5,25384.75,25398.25,1791,25340.93363,25308.68346
10/16/2025 10:50,25398.25,25402,25389.75,25398.5,1035,25341.30951,25309.03696
10/16/2025 10:51,25397.75,25400.25,25369.5,25375.25,2240,25341.88924,25309.66249
10/16/2025 10:52,25375.25,25383.5,25364.5,25383,1770,25342.2833,25310.11765
10/16/2025 10:53,25382.5,25382.5,25362,25374,1251,25342.52373,25310.41585
10/16/2025 10:54,25374.25,25388,25371.5,25383.75,1032,25342.77246,25310.69195
10/16/2025 10:55,25383.75,25395.5,25375,25394.25,982,25343.0499,25310.97922
10/16/2025 10:56,25393.75,25405.5,25386.75,25400.75,1528,25343.56347,25311.47597
10/16/2025 10:57,25401,25404.5,25378,25384,1508,25343.97972,25311.91099
10/16/2025 10:58,25383.75,25390.5,25358.75,25365.75,2119,25344.33288,25312.37949
10/16/2025 10:59,25367,25372.75,25352.5,25367.5,1642,25344.52781,25312.69271
10/16/2025 11:00,25367.75,25370,25358.75,25363,818,25344.62189,25312.84634
10/16/2025 11:01,25363.75,25371.25,25356.75,25366.25,1150,25344.75826,25313.06428
10/16/2025 11:02,25366,25375.5,25359,25366.5,1107,25344.90238,25313.2814
10/16/2025 11:03,25367.5,25374.25,25362.75,25370.25,681,25344.99839,25313.41925
10/16/2025 11:04,25371.5,25381,25369.75,25376,1085,25345.19064,25313.66295
10/16/2025 11:05,25376,25376.25,25351.5,25360,1322,25345.32284,25313.89552
10/16/2025 11:06,25359.75,25376.75,25339.5,25340.25,1673,25345.38804,25314.12439
10/16/2025 11:07,25340.5,25359.75,25330.75,25359.75,2267,25345.44789,25314.41345
10/16/2025 11:08,25358.5,25376.5,25357.5,25373.5,1156,25345.60104,25314.63696
10/16/2025 11:09,25373,25383.5,25369.5,25380.75,935,25345.76894,25314.84521
10/16/2025 11:10,25380.25,25383.25,25373,25381,659,25345.89049,25314.99387
10/16/2025 11:11,25380.5,25387.75,25361.25,25372.5,1247,25346.08208,25315.2504
10/16/2025 11:12,25372,25386.25,25365.25,25382.5,749,25346.21299,25315.4143
10/16/2025 11:13,25382.5,25387.75,25376.5,25380.5,707,25346.3494,25315.57703
10/16/2025 11:14,25380.5,25383,25374.25,25382.25,488,25346.4383,25315.68592
10/16/2025 11:15,25382.5,25383.25,25377,25380.25,415,25346.51428,25315.77872
10/16/2025 11:16,25379.5,25380.25,25362.5,25363.25,803,25346.61042,25315.92558
10/16/2025 11:17,25364.25,25367.25,25356,25365,1072,25346.70339,25316.09851
10/16/2025 11:18,25365,25370.5,25357,25366,797,25346.77928,25316.23106
10/16/2025 11:19,25366.25,25381.5,25364,25378.25,785,25346.89557,25316.38802
10/16/2025 11:20,25378.25,25384,25369.75,25375.75,759,25347.01481,25316.54395
10/16/2025 11:21,25375.25,25383.75,25370.5,25374.5,497,25347.09171,25316.6452
10/16/2025 11:22,25374.5,25378,25360,25362.5,828,25347.17785,25316.78658
10/16/2025 11:23,25360.75,25369.75,25357.25,25362.5,1062,25347.26683,25316.95356
10/16/2025 11:24,25363,25367,25344.5,25351.5,1055,25347.30568,25317.08677
10/16/2025 11:25,25352,25353.25,25339,25341.75,988,25347.29216,25317.17851
10/16/2025 11:26,25342,25344,25324.75,25326.75,1971,25347.13578,25317.27512
10/16/2025 11:27,25326.5,25326.5,25306,25308,1882,25346.814,25317.25151
10/16/2025 11:28,25308.25,25310.5,25289.5,25301,2207,25346.29834,25317.12831
10/16/2025 11:29,25300.25,25300.25,25275,25289.25,2371,25345.61365,25316.9035
10/16/2025 11:30,25288.5,25297,25282.75,25295,1265,25345.27624,25316.79908
10/16/2025 11:31,25294.75,25294.75,25258.5,25261.75,3583,25343.99687,25316.27794
10/16/2025 11:32,25261.5,25283.75,25256.25,25274.75,2525,25343.12066,25315.91719
10/16/2025 11:33,25275.5,25297.5,25267.25,25294.5,2057,25342.56716,25315.72447
10/16/2025 11:34,25294.75,25295.25,25273.5,25287.5,1598,25342.13705,25315.57144
10/16/2025 11:35,25288,25316.75,25284,25316.5,2226,25341.75953,25315.50284
10/16/2025 11:36,25315.75,25320.75,25292.25,25296.75,1623,25341.47042,25315.44076
10/16/2025 11:37,25297.75,25314.75,25295,25309.25,1271,25341.26504,25315.40477
10/16/2025 11:38,25309,25327,25304.75,25325.25,1369,25341.12575,25315.42001
10/16/2025 11:39,25326.5,25329.75,25306.5,25307,1111,25340.99082,25315.41657
10/16/2025 11:40,25308.25,25320.25,25295.75,25303.5,1184,25340.80614,25315.38411
10/16/2025 11:41,25303.75,25306.25,25259,25261,2393,25340.10604,25315.09222
10/16/2025 11:42,25261,25265.5,25242.5,25251.5,2362,25339.19689,25314.64901
10/16/2025 11:43,25250.5,25254.5,25238,25244.25,1572,25338.54986,25314.32158
10/16/2025 11:44,25243.5,25268,25232.5,25260,2020,25337.80115,25313.95331
10/16/2025 11:45,25260,25270.25,25253.75,25254.5,1548,25337.27645,25313.70181
10/16/2025 11:46,25255.5,25257.75,25225.5,25233.25,2713,25336.13375,25313.10065
10/16/2025 11:47,25234,25247,25222.25,25225.5,1961,25335.26384,25312.63025
10/16/2025 11:48,25225.5,25250,25225.5,25240,1771,25334.54215,25312.24594
10/16/2025 11:49,25240.75,25256.25,25227.25,25251.25,1487,25333.98439,25311.95413
10/16/2025 11:50,25250.5,25253.5,25216.5,25227.75,2090,25333.10514,25311.47356
10/16/2025 11:51,25227,25269.5,25226.75,25255.5,2359,25332.30532,25311.06025
10/16/2025 11:52,25254.5,25274.25,25241.75,25260.75,1542,25331.84329,25310.82992
10/16/2025 11:53,25259.75,25272.5,25253.25,25259,1167,25331.51012,25310.66584
10/16/2025 11:54,25258,25262,25237,25244,1345,25331.05438,25310.42484
10/16/2025 11:55,25243.75,25250.5,25236.5,25243,876,25330.74493,25310.2581
10/16/2025 11:56,25242.75,25249.25,25232,25238.5,1066,25330.35669,25310.046
10/16/2025 11:57,25240,25244.25,25207.5,25209.75,1805,25329.56729,25309.59114
10/16/2025 11:58,25208.75,25229.5,25202.5,25228.75,1989,25328.70849,25309.09385
10/16/2025 11:59,25229.5,25233.5,25204,25210.5,1252,25328.15388,25308.76881
10/16/2025 12:00,25211.25,25230.5,25211.25,25229,1174,25327.67358,25308.49082
10/16/2025 12:01,25228.75,25231.25,25196.75,25206.25,2388,25326.59751,25307.85071
10/16/2025 12:02,25206.25,25217,25190.75,25210.5,1724,25325.79754,25307.36854
10/16/2025 12:03,25210.25,25221.75,25197,25199,1539,25325.09136,25306.94126
10/16/2025 12:04,25199.75,25219.5,25199,25209.75,1401,25324.47436,25306.56877
10/16/2025 12:05,25209.75,25225.25,25190.25,25223.75,1475,25323.85232,25306.19436
10/16/2025 12:06,25223.75,25245.25,25223,25226,2224,25323.08051,25305.7455
10/16/2025 12:07,25225.5,25253,25215.75,25251.25,2067,25322.44075,25305.38075
10/16/2025 12:08,25251.25,25251.25,25218.25,25229.5,1557,25321.92495,25305.07953
10/16/2025 12:09,25229.25,25242.5,25223.75,25228,1144,25321.54305,25304.85498
10/16/2025 12:10,25227.75,25236.75,25224.5,25226.75,1002,25321.20353,25304.65387
10/16/2025 12:11,25227.25,25229.75,25216,25221.75,1143,25320.79068,25304.40507
10/16/2025 12:12,25222.75,25228.25,25208.5,25226,1342,25320.30261,25304.10926
10/16/2025 12:13,25225.5,25251.25,25225.5,25244.75,1848,25319.76917,25303.80042
10/16/2025 12:14,25244.75,25246.5,25222.5,25225.5,1442,25319.31116,25303.52753
10/16/2025 12:15,25225.75,25239.75,25219.75,25236.25,990,25319.00093,25303.34245
10/16/2025 12:16,25235.75,25252.75,25233.25,25237.5,1562,25318.56743,25303.08993
10/16/2025 12:17,25237.25,25240,25216,25217,1719,25317.99335,25302.7395
10/16/2025 12:18,25216.5,25225.25,25201.5,25201.5,1801,25317.30475,25302.30646
10/16/2025 12:19,25202,25209.25,25186,25187,1870,25316.49863,25301.78753
10/16/2025 12:20,25186.75,25190.25,25160.75,25169,4037,25314.50486,25300.47148
10/16/2025 12:21,25168.75,25175.25,25151.5,25164,2453,25313.23847,25299.62457
10/16/2025 12:22,25164.25,25199.25,25163,25182.25,2442,25312.14712,25298.90148
10/16/2025 12:23,25182.75,25189,25171.75,25184.25,1676,25311.40945,25298.41101
10/16/2025 12:24,25185,25194,25173.5,25175.25,1131,25310.9135,25298.08023
10/16/2025 12:25,25176,25189.5,25173.25,25186,1066,25310.45662,25297.77545
10/16/2025 12:26,25186.5,25195.75,25156.25,25159.5,1354,25309.82496,25297.34905
10/16/2025 12:27,25159.25,25167.5,25125,25131.75,3164,25308.06738,25296.13779
10/16/2025 12:28,25131.5,25155.75,25130.75,25142,1667,25307.16379,25295.51293
10/16/2025 12:29,25141.5,25149.75,25135.5,25138.25,1200,25306.51289,25295.06139
10/16/2025 12:30,25138.25,25148.5,25125.5,25132.5,1045,25305.93093,25294.65592
10/16/2025 12:31,25133.25,25134.25,25058,25076.5,4943,25302.5036,25292.22023
10/16/2025 12:32,25076.5,25095,25075.5,25081.5,2096,25301.04561,25291.17681
10/16/2025 12:33,25080.5,25082,25012.5,25015.75,4368,25297.42083,25288.54729
10/16/2025 12:34,25015.5,25054.5,25012.5,25050.5,2782,25295.18451,25286.91648
10/16/2025 12:35,25052,25052,25010.75,25023.25,1894,25293.62249,25285.77183
10/16/2025 12:36,25023,25083.5,25022,25039.5,3454,25291.02854,25283.86799
10/16/2025 12:37,25038.75,25065.5,25035,25062.25,1633,25289.8506,25283.00082
10/16/2025 12:38,25062.25,25071,25032,25039,2102,25288.30748,25281.86073
10/16/2025 12:39,25038.75,25065,25026,25055.5,1856,25286.96957,25280.86958
10/16/2025 12:40,25054.25,25059,25035.25,25038.5,1305,25286.01984,25280.16404
10/16/2025 12:41,25038.5,25041.25,25006.5,25026.5,2246,25284.27212,25278.86
10/16/2025 12:42,25027.25,25087.5,25026.5,25077.25,2463,25282.66624,25277.66233
10/16/2025 12:43,25077.25,25086.5,25046,25057.5,2189,25281.25582,25276.60699
10/16/2025 12:44,25058.5,25076.5,25052.75,25066.75,1363,25280.39472,25275.96122
10/16/2025 12:45,25065.5,25069.5,25043.5,25057.25,1225,25279.59599,25275.36067
10/16/2025 12:46,25056,25057,25014,25015.75,1897,25278.2172,25274.31957
10/16/2025 12:47,25016.25,25035,24988.5,24998,2678,25276.1288,25272.73578
10/16/2025 12:48,24997,25054.5,24997,25031,2058,25274.66532,25271.62359
10/16/2025 12:49,25030.75,25049.25,25020.75,25037,1320,25273.7664,25270.93921
10/16/2025 12:50,25037.25,25067.25,25032.75,25063,1391,25272.90011,25270.27918
10/16/2025 12:51,25062.75,25105,25059.25,25104,3262,25271.217,25268.99595
10/16/2025 12:52,25103.5,25112.25,25071.5,25082.75,2534,25269.92655,25268.0084
10/16/2025 12:53,25083,25096.75,25072.75,25085,1616,25269.09512,25267.37032
10/16/2025 12:54,25085.5,25116.25,25082.25,25115.25,1661,25268.33906,25266.78954
10/16/2025 12:55,25114.5,25117.5,25095,25108.5,1628,25267.61556,25266.23274
10/16/2025 12:56,25109.25,25143.75,25108.5,25142.75,2178,25266.80483,25265.60832
10/16/2025 12:57,25143,25156.75,25131.25,25152.5,1915,25266.17906,25265.1257
10/16/2025 12:58,25153.25,25169.25,25150,25167,1560,25265.73862,25264.78574
10/16/2025 12:59,25166.5,25186.5,25163,25177.75,2184,25265.2087,25264.3764
10/16/2025 13:00,25177.75,25190.5,25173.75,25184,1744,25264.82277,25264.07781
10/16/2025 13:01,25183.75,25194.25,25164,25171,3001,25264.11646,25263.52949
10/16/2025 13:02,25172.25,25176.75,25138.75,25140,2065,25263.50256,25263.05081
10/16/2025 13:03,25139.5,25144.75,25124.25,25134.5,1957,25262.83758,25262.53081
10/16/2025 13:04,25133,25136.25,25109,25111,1578,25262.24117,25262.06337
10/16/2025 13:05,25111,25133.25,25101,25116.75,1721,25261.58844,25261.55083
10/16/2025 13:06,25117.5,25126.5,25102.5,25106.75,1366,25261.05645,25261.13238
10/16/2025 13:07,25106.25,25113.25,25082.75,25091,1732,25260.31442,25260.54774
10/16/2025 13:08,25091.25,25159.5,25090.75,25139.75,2457,25259.49027,25259.89666
10/16/2025 13:09,25138.75,25165,25124,25150,2218,25258.84792,25259.38767
10/16/2025 13:10,25151,25170,25131.75,25146,2291,25258.20903,25258.88014
10/16/2025 13:11,25145.75,25147.25,25129.25,25141.75,1418,25257.78196,25258.54038
10/16/2025 13:12,25142.5,25173.25,25136,25164.75,1561,25257.38862,25258.22658
10/16/2025 13:13,25164.25,25180.5,25150.5,25164,2473,25256.81523,25257.76788
10/16/2025 13:14,25164.25,25177.75,25153.5,25156.75,1032,25256.57202,25257.57301
10/16/2025 13:15,25156.5,25165.5,25143.5,25144.25,874,25256.34174,25257.38853
10/16/2025 13:16,25145,25156.75,25131.75,25147,1298,25255.98247,25257.10056
10/16/2025 13:17,25149.5,25163.5,25142.25,25161.25,835,25255.77436,25256.93339
10/16/2025 13:18,25160.25,25187.25,25156.5,25175.25,1589,25255.44887,25256.67097
10/16/2025 13:19,25173.5,25221.25,25173.5,25203,2094,25255.15915,25256.43536
10/16/2025 13:20,25203.5,25223.5,25184.25,25187.25,2121,25254.86396,25256.19489
10/16/2025 13:21,25188,25194.25,25170,25180.25,1686,25254.56227,25255.94994
10/16/2025 13:22,25179.75,25180.25,25131.25,25150.25,1800,25254.12233,25255.59397
10/16/2025 13:23,25149.75,25158,25139.5,25142.25,1009,25253.85948,25255.3812
10/16/2025 13:24,25142,25143.5,25131.5,25138.25,870,25253.61528,25255.18357
10/16/2025 13:25,25137.75,25163.25,25132.5,25149.75,969,25253.36963,25254.98431
10/16/2025 13:26,25150.25,25160.25,25141,25151.5,717,25253.19278,25254.84068
10/16/2025 13:27,25150.5,25163.25,25144.25,25159.25,644,25253.04167,25254.71779
10/16/2025 13:28,25158.75,25182.25,25154.25,25181,860,25252.87551,25254.58208
10/16/2025 13:29,25180.75,25190.5,25171,25183,1233,25252.66501,25254.40953
10/16/2025 13:30,25182.75,25191.25,25173.5,25186.5,537,25252.57661,25254.33695
10/16/2025 13:31,25184.25,25216.5,25182,25199.75,1880,25252.33895,25254.14016
10/16/2025 13:32,25201,25204.5,25172,25175.25,952,25252.1844,25254.01297
10/16/2025 13:33,25174.75,25190.75,25162.5,25189,981,25252.01851,25253.87648
10/16/2025 13:34,25189.25,25194.25,25179.25,25182.75,516,25251.93726,25253.80947
10/16/2025 13:35,25183.75,25188.75,25173.5,25174,589,25251.83548,25253.72569
10/16/2025 13:36,25174.75,25191.5,25167.25,25185.75,774,25251.70719,25253.61991
10/16/2025 13:37,25186.5,25187.75,25178.25,25184.25,338,25251.65283,25253.57504
10/16/2025 13:38,25184,25194.5,25181.25,25183,684,25251.54766,25253.48807
10/16/2025 13:39,25183.75,25193.25,25176.5,25190.25,484,25251.47391,25253.42704
10/16/2025 13:40,25189.25,25193.5,25151.75,25154.5,862,25251.30242,25253.28602
10/16/2025 13:41,25154.25,25157.5,25128.5,25135.25,1394,25250.94133,25252.9904
10/16/2025 13:42,25136.5,25144,25114.5,25126.5,1322,25250.56386,25252.68154
10/16/2025 13:43,25127,25138.5,25120.25,25120.75,1043,25250.26325,25252.43536
10/16/2025 13:44,25121.5,25124.25,25108,25117.5,1153,25249.90613,25252.14299
10/16/2025 13:45,25117.5,25133.5,25112.75,25129.5,911,25249.64357,25251.92759
10/16/2025 13:46,25130,25131.75,25100.5,25101,1458,25249.17806,25251.54598
10/16/2025 13:47,25101.5,25123.75,25101.5,25110.5,804,25248.92423,25251.33768
10/16/2025 13:48,25111.25,25135.75,25106.75,25129.75,1084,25248.61374,25251.08223
10/16/2025 13:49,25130,25135,25119.5,25132,580,25248.45456,25250.95107
10/16/2025 13:50,25132.75,25142.5,25126.75,25133.75,693,25248.27364,25250.80176
10/16/2025 13:51,25134,25137.25,25106.75,25116,911,25248.00687,25250.58199
10/16/2025 13:52,25116.5,25120.25,25105.25,25109,645,25247.80617,25250.41673
10/16/2025 13:53,25109.75,25114,25103.5,25103.75,620,25247.60757,25250.25321
10/16/2025 13:54,25106.25,25108.75,25084.5,25089.75,1222,25247.18239,25249.90341
10/16/2025 13:55,25090.75,25098.25,25085,25094.25,737,25246.92405,25249.69071
10/16/2025 13:56,25094.5,25122.75,25094,25110.75,1056,25246.59517,25249.41917
10/16/2025 13:57,25111.75,25115,25100,25111.5,765,25246.35732,25249.22264
10/16/2025 13:58,25111,25119,25102.5,25106.25,722,25246.13427,25249.03821
10/16/2025 13:59,25104.5,25121,25102.25,25116.75,1469,25245.69615,25248.67538
10/16/2025 14:00,25116.5,25122.5,25111.5,25122,601,25245.52493,25248.53332
10/16/2025 14:01,25121,25128,25100.25,25105.25,1252,25245.14872,25248.22135
10/16/2025 14:02,25105.25,25112,25093.5,25097.5,921,25244.85241,25247.97581
10/16/2025 14:03,25096.75,25106.25,25094.5,25096.25,810,25244.58921,25247.75761
10/16/2025 14:04,25097,25100.5,25075.5,25081.25,1564,25244.03768,25247.30072
10/16/2025 14:05,25081.75,25084.5,25050.75,25051,1421,25243.46546,25246.82735
10/16/2025 14:06,25051.5,25060,25031.5,25040.75,1921,25242.62139,25246.12927
10/16/2025 14:07,25041,25045.75,25028,25028.25,1639,25241.87057,25245.50793
10/16/2025 14:08,25028,25039,25016,25023.25,1398,25241.21018,25244.96108
10/16/2025 14:09,25023,25032.75,25014.5,25022.75,1129,25240.67303,25244.51593
10/16/2025 14:10,25023,25025.5,25013.5,25022,1134,25240.12874,25244.06455
10/16/2025 14:11,25022.5,25034.75,25010,25017.25,1512,25239.40829,25243.46643
10/16/2025 14:12,25016.75,25019,25000,25003.5,1164,25238.82368,25242.98107
10/16/2025 14:13,25002.75,25003.75,24952.75,24955,3177,25236.99012,25241.45988
10/16/2025 14:14,24955.5,24970.75,24953.25,24969.75,1392,25236.17696,25240.78427
10/16/2025 14:15,24969,24976.5,24956.5,24965.5,1634,25235.23413,25239.99992
10/16/2025 14:16,24964.25,24965,24936.25,24941.25,2640,25233.61994,25238.65636
10/16/2025 14:17,24942.75,24955.5,24917.25,24954,2534,25232.05939,25237.35525
10/16/2025 14:18,24953.25,24980,24942.75,24977,2417,25230.71007,25236.22628
10/16/2025 14:19,24977.75,24982.75,24962.5,24966.5,1959,25229.64287,25235.33159
10/16/2025 14:20,24966,24967.5,24925,24927,1871,25228.51173,25234.38411
10/16/2025 14:21,24926.75,24950.75,24923.25,24948.25,1718,25227.48411,25233.52213
10/16/2025 14:22,24947.75,24968.75,24930.25,24967.25,1464,25226.6587,25232.82817
10/16/2025 14:23,24965.5,24990.75,24959.5,24974,1904,25225.66865,25231.99335
10/16/2025 14:24,24973.5,24995.75,24969.25,24992.25,1340,25225.00687,25231.43404
10/16/2025 14:25,24992.5,24992.5,24958.75,24974.75,1568,25224.20359,25230.75516
10/16/2025 14:26,24974.5,24987.75,24953.5,24957.25,1458,25223.43395,25230.10459
10/16/2025 14:27,24957.75,24963.5,24937.5,24954.5,1157,25222.79261,25229.56269
10/16/2025 14:28,24952,24964.25,24939,24943,1089,25222.18489,25229.04892
10/16/2025 14:29,24943,24948.25,24932.5,24941,860,25221.69259,25228.63273
10/16/2025 14:30,24941,24963,24935.75,24953.25,1143,25221.06432,25228.10075
10/16/2025 14:31,24954,24973.75,24946,24958,1311,25220.37004,25227.51187
10/16/2025 14:32,24958,24958,24919.5,24919.5,1718,25219.37257,25226.66703
10/16/2025 14:33,24920.5,24924.75,24908,24923.25,1908,25218.22048,25225.6911
10/16/2025 14:34,24924,24935,24916.75,24917.75,1401,25217.39276,25224.98887
10/16/2025 14:35,24917,24919.75,24900,24911,1582,25216.42288,25224.16606
10/16/2025 14:36,24911,24966,24901,24963.75,2330,25215.15984,25223.08986
10/16/2025 14:37,24964.25,24973.75,24956.25,24965.75,1705,25214.31613,25222.36821
10/16/2025 14:38,24965.25,24975.25,24948.5,24961.5,1383,25213.62637,25221.77787
10/16/2025 14:39,24964,24975,24949.5,24968,1087,25213.09206,25221.32005
10/16/2025 14:40,24968.75,24984.5,24958.25,24961.75,1344,25212.44514,25220.76501
10/16/2025 14:41,24962.25,24970.25,24956,24962.25,753,25212.0763,25220.44855
10/16/2025 14:42,24960.75,24987.25,24955.5,24973.5,1025,25211.59454,25220.03445
10/16/2025 14:43,24974,24985.75,24966.5,24983.75,893,25211.1879,25219.68436
10/16/2025 14:44,24983.5,25023.75,24981,25018.5,1976,25210.40503,25219.00632
10/16/2025 14:45,25018.25,25038,25003.75,25021.75,2531,25209.47684,25218.19891
10/16/2025 14:46,25022.25,25045.25,25020.75,25029.5,2084,25208.76229,25217.57475
10/16/2025 14:47,25029.25,25042,25024.5,25030.75,1097,25208.38969,25217.2489
10/16/2025 14:48,25031.25,25053.5,25028.25,25038.5,1582,25207.87842,25216.80041
10/16/2025 14:49,25039.25,25039.5,25019.25,25025.75,1091,25207.50272,25216.47167
10/16/2025 14:50,25026.5,25031.75,25009,25016.5,1163,25207.08376,25216.10565
10/16/2025 14:51,25016,25027.25,25000.75,25026.25,1187,25206.65581,25215.73158
10/16/2025 14:52,25025.25,25025.75,25003,25023,719,25206.39638,25215.50473
10/16/2025 14:53,25021.75,25036.5,25015.75,25033,948,25206.07555,25215.22323
10/16/2025 14:54,25032.5,25046.25,25024.75,25034,917,25205.77776,25214.9613
10/16/2025 14:55,25033.25,25047.75,25033.25,25046.5,693,25205.56325,25214.77209
10/16/2025 14:56,25047,25056.75,25035.5,25039.5,1207,25205.19422,25214.44623
10/16/2025 14:57,25040.25,25050.5,25032.75,25041.5,717,25204.97264,25214.2506
10/16/2025 14:58,25042.25,25048.5,25034,25037.5,475,25204.82476,25214.12006
10/16/2025 14:59,25037.5,25054,25037,25044,574,25204.65182,25213.9671
10/16/2025 15:00,25044.25,25058,25044.25,25055,830,25204.414,25213.75609
10/16/2025 15:01,25053.5,25060.25,25033.5,25039,1380,25203.99907,25213.38877
10/16/2025 15:02,25038.5,25069,25038,25055.75,1149,25203.67676,25213.10217
10/16/2025 15:03,25055.75,25058.5,25020.25,25027,1464,25203.21612,25212.69498
10/16/2025 15:04,25027.25,25037.75,25022.25,25028,1165,25202.83851,25212.36152
10/16/2025 15:05,25027.5,25048.75,25023,25044.5,835,25202.5835,25212.13552
10/16/2025 15:06,25045,25051.25,25031.25,25038,797,25202.34294,25211.92211
10/16/2025 15:07,25038,25061.25,25031.5,25055.5,996,25202.06039,25211.67049
10/16/2025 15:08,25056.25,25060.5,25037,25046.5,904,25201.80248,25211.44079
10/16/2025 15:09,25046.5,25053.5,25035.75,25040.25,830,25201.55902,25211.22424
10/16/2025 15:10,25039.75,25052.5,25034.5,25045,878,25201.30365,25210.99691
10/16/2025 15:11,25046,25077.25,25034.25,25071,1391,25200.94387,25210.67419
10/16/2025 15:12,25072,25074,25038.25,25041,1162,25200.62391,25210.38819
10/16/2025 15:13,25040.75,25045.75,25031.25,25043,915,25200.35432,25210.14808
10/16/2025 15:14,25041.5,25043.25,25009.5,25019.5,1884,25199.74726,25209.60978
10/16/2025 15:15,25019.25,25027,25010.5,25012.25,1123,25199.37203,25209.27748
10/16/2025 15:16,25013,25023.75,24999.25,25004.25,1576,25198.82652,25208.79498
10/16/2025 15:17,25005,25009.75,24994.5,24998.75,789,25198.543,25208.54456
10/16/2025 15:18,24998.75,25003.5,24983.75,24986.5,1088,25198.13415,25208.18404
10/16/2025 15:19,24986.5,25002.5,24983.75,24995,746,25197.85812,25207.94039
10/16/2025 15:20,24995.25,24997.25,24985.75,24988,637,25197.61908,25207.72945
10/16/2025 15:21,24988.25,24995.75,24967,24968.25,1009,25197.21728,25207.37574
10/16/2025 15:22,24968.75,24970.5,24949.75,24956.25,1776,25196.45554,25206.70688
10/16/2025 15:23,24956.5,24973.75,24949,24973.25,786,25196.12916,25206.41974
10/16/2025 15:24,24973,24991.5,24968.25,24979.75,1184,25195.67001,25206.01444
10/16/2025 15:25,24979.25,25017,24978.25,25006.5,1546,25195.13077,25205.53574
10/16/2025 15:26,25006.75,25017.25,24997.5,25000.25,1264,25194.70206,25205.15442
10/16/2025 15:27,25000.75,25002.75,24983.75,24984,890,25194.37784,25204.86696
10/16/2025 15:28,24984.75,24989,24977.25,24985.75,653,25194.13345,25204.65049
10/16/2025 15:29,24986.5,24999,24986.5,24993.75,601,25193.91873,25204.45982
10/16/2025 15:30,24994.5,24996.5,24987,24992.75,522,25193.73167,25204.29371
10/16/2025 15:31,24992.5,25002.75,24974,24982.5,1392,25193.22057,25203.84022
10/16/2025 15:32,24984,24990.5,24971.5,24973.25,822,25192.90831,25203.5635
10/16/2025 15:33,24974,24984.5,24967,24977.25,973,25192.53614,25203.23367
10/16/2025 15:34,24976.25,24983,24966,24972.5,571,25192.3159,25203.0385
10/16/2025 15:35,24972.5,24988,24965,24982.5,751,25192.03307,25202.78753
10/16/2025 15:36,24983.25,24995.5,24973.5,24994.5,716,25191.77587,25202.55871
10/16/2025 15:37,24994.75,25032.75,24990,25021.25,1449,25191.32558,25202.15481
10/16/2025 15:38,25020.5,25020.75,25005,25013,967,25191.02338,25201.88372
10/16/2025 15:39,25012.25,25013.25,25000.75,25008.25,546,25190.84794,25201.72656
10/16/2025 15:40,25008.25,25008.25,24986.75,24999.5,947,25190.52915,25201.44161
10/16/2025 15:41,25000.75,25027.25,24999.75,25027,794,25190.29015,25201.22657
10/16/2025 15:42,25026.75,25034,25013.25,25022,873,25190.03586,25200.99726
10/16/2025 15:43,25022.25,25035.25,25020.25,25033.5,783,25189.81741,25200.79968
10/16/2025 15:44,25031.75,25038.75,25010,25011.5,933,25189.54236,25200.55169
10/16/2025 15:45,25012,25034,25012,25030.25,483,25189.4048,25200.42737
10/16/2025 15:46,25030.5,25045,25030.5,25037.75,1052,25189.12844,25200.17623
10/16/2025 15:47,25037,25037.75,25011.5,25014.5,1214,25188.77614,25199.85804
10/16/2025 15:48,25014.25,25031.75,25009.5,25031.5,1015,25188.48799,25199.59733
10/16/2025 15:49,25031,25033.75,25021.75,25032,646,25188.31059,25199.43644
10/16/2025 15:50,25032.25,25061.5,25031.25,25058.5,1451,25187.96657,25199.12113
10/16/2025 15:51,25058,25071.5,25035.5,25066.75,2683,25187.36941,25198.57084
10/16/2025 15:52,25067.5,25076.5,25059.25,25063.25,1221,25187.11701,25198.33673
10/16/2025 15:53,25062.75,25090,25060.5,25084.25,1490,25186.84068,25198.07785
10/16/2025 15:54,25084.25,25093,25072.5,25075,1346,25186.59664,25197.84867
10/16/2025 15:55,25075,25090.75,25068.5,25087.75,1408,25186.34772,25197.61428
10/16/2025 15:56,25088,25102.5,25071.25,25084,2359,25185.94761,25197.23585
10/16/2025 15:57,25084.25,25092,25075.25,25076.25,1012,25185.76884,25197.06739
10/16/2025 15:58,25076.25,25084.5,25055.5,25058.75,1582,25185.45091,25196.77127
10/16/2025 15:59,25058.75,25076,25058.5,25073.25,1958,25185.0696,25196.41499
10/16/2025 16:00,25073.5,25093.75,25063.5,25087,7931,25183.70992,25195.12817
10/16/2025 16:01,25087.25,25111,25084.75,25098.5,3284,25183.24735,25194.68059
10/16/2025 16:02,25098.5,25101.5,25090.25,25096.75,1030,25183.10005,25194.53829
10/16/2025 16:03,25097,25098.5,25091.5,25091.5,592,25183.01335,25194.45476
10/16/2025 16:04,25091.5,25092,25083.25,25089.25,574,25182.92411,25194.36934
10/16/2025 16:05,25089.5,25089.75,25081.75,25083.25,397,25182.86038,25194.30853
10/16/2025 16:06,25083.5,25084.5,25075.25,25078,540,25182.76881,25194.22166
10/16/2025 16:07,25078.25,25080,25068.5,25069.75,383,25182.69989,25194.15664
10/16/2025 16:08,25070.5,25071.25,25058.5,25059.25,452,25182.61147,25194.07385
10/16/2025 16:09,25059.5,25060.25,25053.75,25059,378,25182.53433,25194.00187
10/16/2025 16:10,25058.5,25058.75,25050,25050,289,25182.47317,25193.94498
10/16/2025 16:11,25050.25,25055.5,25046.25,25046.75,492,25182.36645,25193.84589
10/16/2025 16:12,25046.75,25047.75,25029.25,25035.5,534,25182.24037,25193.72956
10/16/2025 16:13,25035.5,25038,25021,25021.75,373,25182.146,25193.64291
10/16/2025 16:14,25022,25024.25,25009.5,25013.25,548,25181.99753,25193.50719
10/16/2025 16:15,25013.75,25018.25,25008.5,25010.75,755,25181.78952,25193.31722
10/16/2025 16:16,25010,25013.5,25003.75,25008.5,413,25181.67333,25193.21123
10/16/2025 16:17,25007.25,25027.75,25002,25027.25,497,25181.54211,25193.09102
10/16/2025 16:18,25026,25041.75,25023.25,25038.5,332,25181.46292,25193.01796
10/16/2025 16:19,25038,25038.25,25028.5,25031.25,247,25181.40333,25192.96301
10/16/2025 16:20,25031.5,25041.75,25031.5,25038.75,225,25181.35079,25192.91445
10/16/2025 16:21,25039.5,25044.5,25037,25037.5,251,25181.29317,25192.86113
10/16/2025 16:22,25036,25039,25031.75,25033,218,25181.24137,25192.81331
10/16/2025 16:23,25031.5,25036.25,25021.75,25023.25,206,25181.18995,25192.76601
10/16/2025 16:24,25023.5,25030.25,25015.75,25030,202,25181.13899,25192.71916
10/16/2025 16:25,25030,25035.25,25025.75,25026.75,205,25181.08861,25192.67276
10/16/2025 16:26,25026.5,25028.5,25023.25,25024.5,69,25181.07123,25192.65678
10/16/2025 16:27,25024.5,25025.5,25022,25022.75,126,25181.0391,25192.62726
10/16/2025 16:28,25022.25,25023.75,25014.5,25016.25,149,25180.99985,25192.59128
10/16/2025 16:29,25016.75,25018.75,25014.5,25016.5,138,25180.96317,25192.55767
10/16/2025 16:30,25016,25026.5,25015.5,25025.75,184,25180.91607,25192.51441
10/16/2025 16:31,25025.5,25029,25018.25,25022.5,276,25180.84576,25192.4498
10/16/2025 16:32,25021.75,25022.75,25018.5,25020.75,215,25180.79014,25192.39874
10/16/2025 16:33,25021,25024.75,25021,25023.5,80,25180.76977,25192.38002
10/16/2025 16:34,25023,25031,25020.5,25031,150,25180.73265,25192.34584
10/16/2025 16:35,25030.75,25031.5,25022,25026,149,25180.69556,25192.31169
10/16/2025 16:36,25025.75,25025.75,25019.5,25022.75,195,25180.64584,25192.26599
10/16/2025 16:37,25022.75,25030.5,25022.75,25029.25,79,25180.62632,25192.24802
10/16/2025 16:38,25029,25035.5,25026.75,25034.25,138,25180.59328,25192.21751
10/16/2025 16:39,25035.25,25045.5,25034.5,25043.5,173,25180.55438,25192.18143
10/16/2025 16:40,25043.5,25046.75,25038,25040,188,25180.51226,25192.14235
10/16/2025 16:41,25040.25,25042,25035.25,25038.25,81,25180.49372,25192.12517
10/16/2025 16:42,25038.75,25040,25032.5,25032.5,117,25180.46629,25192.09981
10/16/2025 16:43,25032.75,25036.75,25032.5,25036.5,75,25180.44874,25192.08358
10/16/2025 16:44,25036.75,25041.5,25036.75,25038.75,67,25180.43347,25192.06942
10/16/2025 16:45,25038.5,25041.25,25036.75,25041,80,25180.41533,25192.05261
10/16/2025 16:46,25041.75,25045.25,25040.75,25041.5,130,25180.38645,25192.02579
10/16/2025 16:47,25041.25,25043,25037.5,25042.25,102,25180.36355,25192.00454
10/16/2025 16:48,25042.25,25043.75,25040.75,25042,72,25180.34752,25191.98966
10/16/2025 16:49,25042,25045.5,25039.25,25043,124,25180.32002,25191.96412
10/16/2025 16:50,25043,25044,25040.5,25043.5,103,25180.2972,25191.94292
10/16/2025 16:51,25043.25,25046.25,25042.5,25045.5,102,25180.27495,25191.92223
10/16/2025 16:52,25045.25,25059.5,25045,25058.25,170,25180.24048,25191.88998
10/16/2025 16:53,25057.5,25057.75,25051.5,25052.5,181,25180.20371,25191.85557
10/16/2025 16:54,25052.25,25053,25046.25,25048,108,25180.18094,25191.83433
10/16/2025 16:55,25048.25,25052.75,25048.25,25051.75,100,25180.16015,25191.81493
10/16/2025 16:56,25051.5,25051.5,25045.25,25046.5,133,25180.13184,25191.78854
10/16/2025 16:57,25046.25,25048,25039,25039,128,25180.10343,25191.76215
10/16/2025 16:58,25040,25050.25,25038.75,25050.25,158,25180.06949,25191.73054
10/16/2025 16:59,25049.5,25051.25,25045,25047.25,90,25180.05037,25191.71271
10/16/2025 17:00,25046.75,25051.25,25046.75,25050.75,224,25180.00344,25191.66891
10/16/2025 18:01,25050.25,25080.25,25038.5,25076.75,458,0,25065.16667
10/16/2025 18:02,25078.25,25086.5,25072.5,25075,259,0,25069.80242
10/16/2025 18:03,25073.75,25085.5,25072.75,25083,149,0,25071.62866
10/16/2025 18:04,25084.5,25088.5,25073.5,25080,169,0,25073.10443
10/16/2025 18:05,25081,25089.5,25078.75,25085.25,308,0,25075.71786
10/16/2025 18:06,25084.25,25084.75,25071,25072.25,139,0,25075.74432
10/16/2025 18:07,25071.5,25092.5,25071.5,25092.5,186,0,25076.83218
10/16/2025 18:08,25092.75,25098,25088.25,25096.75,166,0,25078.41626
10/16/2025 18:09,25097.25,25104.25,25094.5,25101.5,225,0,25080.78396
10/16/2025 18:10,25102.25,25106.25,25098.25,25105.25,139,0,25082.20469
10/16/2025 18:11,25105,25115,25101.75,25102.25,255,0,25084.71297
10/16/2025 18:12,25102.75,25102.75,25089.5,25095.5,121,0,25085.23964
10/16/2025 18:13,25094.25,25099.25,25091.75,25092,73,0,25085.49043
10/16/2025 18:14,25091.25,25091.5,25081,25085,138,0,25085.50742
10/16/2025 18:15,25085.75,25085.75,25076.5,25081.75,132,0,25085.31854
10/16/2025 18:16,25081.5,25081.5,25072.5,25073.5,75,0,25085.08077
10/16/2025 18:17,25074.75,25076.5,25064.75,25064.75,132,0,25084.38722
10/16/2025 18:18,25065,25069,25064.5,25068.25,88,0,25083.9177
10/16/2025 18:19,25069,25076.25,25067.75,25074.25,86,0,25083.62649
10/16/2025 18:20,25074,25076.75,25061.75,25064,124,0,25083.04213
10/16/2025 18:21,25064.25,25072.75,25063,25069.25,93,0,25082.65296
10/16/2025 18:22,25069.25,25072,25059.75,25060.75,76,0,25082.26172
10/16/2025 18:23,25059.5,25066,25054.75,25063,200,0,25081.15321
10/16/2025 18:24,25063.5,25065.5,25058,25058.5,46,0,25080.90761
10/16/2025 18:25,25057.5,25058.75,25053.5,25056.5,130,0,25080.09957
10/16/2025 18:26,25058,25061.75,25046.5,25051.75,164,0,25079.03696
10/16/2025 18:27,25052.25,25057.5,25052.25,25055,110,0,25078.41134
10/16/2025 18:28,25055.5,25060.5,25055,25058,90,0,25077.98372
10/16/2025 18:29,25058.75,25070.75,25058,25067.75,180,0,25077.48559
10/16/2025 18:30,25068.25,25069.75,25066.25,25068.75,42,0,25077.4004
10/16/2025 18:31,25068,25072.25,25065.5,25066.75,60,0,25077.28029
10/16/2025 18:32,25066.75,25075.25,25063.5,25073.25,70,0,25077.18144
10/16/2025 18:33,25072.75,25077,25072.75,25074.25,49,0,25077.1554
10/16/2025 18:34,25073.25,25078.5,25071.25,25071.75,53,0,25077.1186
10/16/2025 18:35,25072.75,25077,25072.75,25074.25,98,0,25077.06939
10/16/2025 18:36,25074.75,25076.5,25074.25,25074.75,44,0,25077.0524
10/16/2025 18:37,25076.5,25076.5,25072.75,25073.5,47,0,25077.02592
10/16/2025 18:38,25072.5,25080.75,25071.25,25077.75,94,0,25077.01771
10/16/2025 18:39,25076.5,25076.5,25068.25,25068.5,74,0,25076.93231
10/16/2025 18:40,25069,25071.5,25057,25059.25,155,0,25076.51243
10/16/2025 18:41,25059,25060.5,25048,25053.25,220,0,25075.61138
10/16/2025 18:42,25052,25057.75,25051.75,25054.25,94,0,25075.2591
10/16/2025 18:43,25052.5,25053,25045.25,25050.75,113,0,25074.75387
10/16/2025 18:44,25051.5,25052.25,25031.25,25032,254,0,25073.21348
10/16/2025 18:45,25032.25,25043,25032.25,25041,111,0,25072.58522
10/16/2025 18:46,25040.5,25040.5,25032,25035,101,0,25071.98555
10/16/2025 18:47,25034.25,25040.75,25032.25,25039.75,59,0,25071.66075
10/16/2025 18:48,25038.75,25044.5,25036.5,25041.25,61,0,25071.36193
10/16/2025 18:49,25043,25054,25042,25050.5,110,0,25070.97592
10/16/2025 18:50,25051.5,25053.25,25046.5,25051.5,89,0,25070.69481
10/16/2025 18:51,25050.25,25050.25,25036.5,25044.75,137,0,25070.14109
10/16/2025 18:52,25042.5,25044,25041.75,25042.25,33,0,25070.00534
10/16/2025 18:53,25043.5,25050.25,25041.5,25044.75,92,0,25069.67238
10/16/2025 18:54,25044,25044.25,25041.25,25041.75,31,0,25069.54816
10/16/2025 18:55,25041.75,25041.75,25028,25029.5,142,0,25068.80248
10/16/2025 18:56,25029,25030.5,25012.5,25015.25,316,0,25066.6529
10/16/2025 18:57,25015.75,25019,25012,25012,142,0,25065.64921
10/16/2025 18:58,25012.25,25012.5,25002.75,25010.25,232,0,25063.91242
10/16/2025 18:59,25011,25016,25009,25012.25,130,0,25063.05018
10/16/2025 19:00,25013,25013,24996.75,24998,237,0,25061.25907
10/16/2025 19:01,24999.25,25001.25,24985,24989,247,0,25059.17751
10/16/2025 19:02,24990.25,24994.75,24985.5,24994,168,0,25057.82487
10/16/2025 19:03,24993.75,25012,24992.25,25004.5,272,0,25056.10583
10/16/2025 19:04,25004,25006.75,24992.75,25006.5,203,0,25054.87048
10/16/2025 19:05,25007.75,25008.5,24996.25,24997.75,126,0,25054.11538
10/16/2025 19:06,24996,25010.25,24990,25000.5,179,0,25053.0669
10/16/2025 19:07,24999.5,25003.25,24989,24999.75,136,0,25052.25466
10/16/2025 19:08,25000.25,25001,24979.5,24994.75,270,0,25050.55332
10/16/2025 19:09,24994.75,24995,24981.25,24984.5,87,0,25049.98191
10/16/2025 19:10,24984.25,24992.75,24984.25,24988.25,96,0,25049.3779
10/16/2025 19:11,24990,24999,24990,24999,126,0,25048.6993
10/16/2025 19:12,24998.25,25006.75,24998.25,25006.75,141,0,25048.07113
10/16/2025 19:13,25005.5,25011,25000.25,25007.25,163,0,25047.40246
10/16/2025 19:14,25005.75,25008.75,24999,25000.75,116,0,25046.90203
10/16/2025 19:15,25000.25,25002.25,24990.25,24993.75,96,0,25046.42801
10/16/2025 19:16,24992.75,25001.5,24992.75,25001.5,54,0,25046.1815
10/16/2025 19:17,25001,25006,24999.25,25002.75,72,0,25045.88461
10/16/2025 19:18,25004.5,25008.5,25001,25007.75,77,0,25045.59389
10/16/2025 19:19,25007,25008.5,24997.5,25000.5,68,0,25045.31786
10/16/2025 19:20,25000.5,25019.75,24998.75,25019.75,87,0,25045.05514
10/16/2025 19:21,25018.25,25024.75,25015.75,25023.75,169,0,25044.69044
10/16/2025 19:22,25022.5,25024.25,25018.75,25021,64,0,25044.55477
10/16/2025 19:23,25020,25025,25014,25022,75,0,25044.391
10/16/2025 19:24,25021.75,25021.75,25007.75,25012.5,217,0,25043.80791
10/16/2025 19:25,25011.5,25014.75,25009,25009.5,42,0,25043.68683
10/16/2025 19:26,25008.75,25014.75,24991.5,24994.75,338,0,25042.43333
10/16/2025 19:27,24996,25006.5,24995.25,25004,174,0,25041.8391
10/16/2025 19:28,25003.5,25003.5,24988.25,24996.25,169,0,25041.1953
10/16/2025 19:29,24995.75,24996.5,24984,24984.75,149,0,25040.54976
10/16/2025 19:30,24984.75,24991.25,24981.5,24983.5,148,0,25039.88798
10/16/2025 19:31,24982.25,24986.25,24976.5,24979.75,228,0,25038.8158
10/16/2025 19:32,24984.5,24997.5,24984.5,24992,127,0,25038.34042
10/16/2025 19:33,24993,24999.75,24990.5,24995,114,0,25037.95513
10/16/2025 19:34,24993.5,25002.25,24991,25002.25,134,0,25037.54633
10/16/2025 19:35,25002.5,25002.75,24993,24993,56,0,25037.36829
10/16/2025 19:36,24995,25001.75,24992.25,24995.75,81,0,25037.11553
10/16/2025 19:37,24996.5,24998.25,24983.75,24992,151,0,25036.59264
10/16/2025 19:38,24991.75,24991.75,24980.25,24981,113,0,25036.14976
10/16/2025 19:39,24982.5,24984,24978.5,24980.25,92,0,25035.77128
10/16/2025 19:40,24980,24990.5,24979.25,24986.5,233,0,25034.91232
10/16/2025 19:41,24987,24990.5,24977.75,24989,121,0,25034.48063
10/16/2025 19:42,24991,24999.5,24989.5,24996.25,158,0,25034.03403
10/16/2025 19:43,24995.25,24995.25,24986.5,24992.5,95,0,25033.74552
10/16/2025 19:44,24991,24991.5,24985.75,24987.25,53,0,25033.57402
10/16/2025 19:45,24988.5,24993.25,24984,24990.75,100,0,25033.26216
10/16/2025 19:46,24990.25,25004,24988,25003.5,185,0,25032.81466
10/16/2025 19:47,25002.75,25015,25002.75,25013,222,0,25032.47139
10/16/2025 19:48,25011.25,25013.25,25001.5,25003.5,170,0,25032.16752
10/16/2025 19:49,25001,25005,24993.5,24996.25,134,0,25031.86243
10/16/2025 19:50,24993,24999,24993,24997.75,61,0,25031.71856
10/16/2025 19:51,24996.25,24997.5,24988.5,24991.5,146,0,25031.33946
10/16/2025 19:52,24993.25,25006.75,24989.5,25003.75,123,0,25031.08631
10/16/2025 19:53,25002.25,25009.25,24998.5,25006.5,91,0,25030.92985
10/16/2025 19:54,25005.75,25005.75,24998.5,24998.5,40,0,25030.85168
10/16/2025 19:55,24999.5,25005.25,24999.5,25004.75,50,0,25030.76184
10/16/2025 19:56,25004.75,25011.5,25002.5,25010.5,107,0,25030.60602
10/16/2025 19:57,25009.25,25014,25005.5,25011,139,0,25030.42452
10/16/2025 19:58,25011.5,25014,25007.5,25010.5,76,0,25030.32906
10/16/2025 19:59,25009.25,25012.25,25007.5,25008,55,0,25030.25562
10/16/2025 20:00,25008.25,25018,25008.25,25014.75,123,0,25030.12735
10/16/2025 20:01,25015.75,25016.25,25005.5,25007.75,382,0,25029.65146
10/16/2025 20:02,25008,25012,25001.75,25007.5,163,0,25029.42788
10/16/2025 20:03,25007.75,25020.5,25006.25,25018.75,347,0,25029.13331
10/16/2025 20:04,25018.5,25026.5,25018,25019,249,0,25029.01696
10/16/2025 20:05,25022,25029,25022,25025.5,78,0,25029.00094
10/16/2025 20:06,25025.75,25030.5,25021,25026.75,94,0,25028.98502
10/16/2025 20:07,25026.5,25030.5,25020.75,25023.5,119,0,25028.9571
10/16/2025 20:08,25025.25,25031.5,25025.25,25027.25,128,0,25028.95008
10/16/2025 20:09,25026.75,25035.5,25026.5,25030.25,159,0,25028.96632
10/16/2025 20:10,25030,25047.5,25030,25043.5,307,0,25029.1609
10/16/2025 20:11,25042.75,25048.5,25035,25048.5,165,0,25029.29619
10/16/2025 20:12,25049,25051.5,25038.75,25041,162,0,25029.42441
10/16/2025 20:13,25041.5,25042.25,25032.75,25034,108,0,25029.46503
10/16/2025 20:14,25034,25035.25,25023.5,25029,176,0,25029.46299
10/16/2025 20:15,25029,25031,25018,25020.25,119,0,25029.42231
10/16/2025 20:16,25020,25025.75,25015.75,25017.25,185,0,25029.32575
10/16/2025 20:17,25018.75,25026,25016.5,25020.5,139,0,25029.2648
10/16/2025 20:18,25020.75,25023.25,25015.75,25016.5,130,0,25029.1916
10/16/2025 20:19,25017,25025,25014.75,25019.25,73,0,25029.15537
10/16/2025 20:20,25019.75,25024.75,25019.75,25023.75,72,0,25029.13143
10/16/2025 20:21,25022.75,25025.75,25020.25,25025,134,0,25029.09367
10/16/2025 20:22,25025.5,25042.25,25025.5,25037.25,231,0,25029.16319
10/16/2025 20:23,25037,25039.75,25022.5,25027.25,147,0,25029.16817
10/16/2025 20:24,25025.25,25034.75,25025.25,25031.75,143,0,25029.17833
10/16/2025 20:25,25031.25,25035.5,25027.5,25033.25,140,0,25029.1986
10/16/2025 20:26,25033.25,25039.25,25024.25,25024.25,145,0,25029.19897
10/16/2025 20:27,25025,25037.5,25024,25033.25,135,0,25029.2148
10/16/2025 20:28,25033,25036.75,25030.5,25036.75,65,0,25029.23217
10/16/2025 20:29,25037,25038.25,25033,25034.25,39,0,25029.24349
10/16/2025 20:30,25033.25,25035.5,25029.25,25031.5,83,0,25029.25497
10/16/2025 20:31,25030.75,25039,25028.25,25030.5,159,0,25029.28056
10/16/2025 20:32,25029.5,25039.75,25028,25037.25,89,0,25029.30506
10/16/2025 20:33,25037.75,25041.25,25034.75,25037,84,0,25029.33874
10/16/2025 20:34,25037,25040.25,25035.25,25036,115,0,25029.38166
10/16/2025 20:35,25036.25,25042.75,25036.25,25042.75,92,0,25029.43059
10/16/2025 20:36,25042.75,25044.5,25035.5,25038.5,219,0,25029.5342
10/16/2025 20:37,25039,25048.25,25037.75,25044,132,0,25029.61926
10/16/2025 20:38,25044.75,25047.25,25037.25,25040,121,0,25029.68601
10/16/2025 20:39,25041.25,25041.25,25033.5,25034.25,74,0,25029.70877
10/16/2025 20:40,25035.25,25039.5,25033.75,25036.75,96,0,25029.73955
10/16/2025 20:41,25038.25,25044.5,25037.5,25043,76,0,25029.78116
10/16/2025 20:42,25043.25,25045,25039.25,25043.25,71,0,25029.82248
10/16/2025 20:43,25042.25,25047.5,25042.25,25043.75,60,0,25029.86267
10/16/2025 20:44,25043.75,25044.75,25041.75,25044,19,0,25029.87449
10/16/2025 20:45,25043.5,25047,25042.75,25045.5,41,0,25029.90287
10/16/2025 20:46,25045.5,25047.5,25042.5,25046,49,0,25029.9372
10/16/2025 20:47,25044.75,25044.75,25039.5,25041.75,120,0,25030.00257
10/16/2025 20:48,25041.25,25042.5,25035.5,25035.75,119,0,25030.04488
10/16/2025 20:49,25035.75,25037.25,25033.25,25034.75,73,0,25030.06135
10/16/2025 20:50,25034,25034.5,25027.75,25032.75,73,0,25030.06658
10/16/2025 20:51,25033,25036.75,25028.5,25029.5,118,0,25030.07452
10/16/2025 20:52,25030,25032.25,25023,25027.75,84,0,25030.06558
10/16/2025 20:53,25027.25,25030.25,25023,25029.75,38,0,25030.06155
10/16/2025 20:54,25028.75,25030.25,25027,25028.75,23,0,25030.06014
10/16/2025 20:55,25030.75,25039,25030.75,25038.5,69,0,25030.07842
10/16/2025 20:56,25038.75,25038.75,25034.75,25036,33,0,25030.08772
10/16/2025 20:57,25035.75,25036.5,25031.5,25033.75,30,0,25030.09276
10/16/2025 20:58,25035,25035.25,25032.25,25033,34,0,25030.09783
10/16/2025 20:59,25035,25038.75,25034,25037.25,42,0,25030.10989
10/16/2025 21:00,25037,25038.25,25032.75,25034.5,34,0,25030.11739
10/16/2025 21:01,25035,25046.5,25034.5,25046.5,125,0,25030.18458
10/16/2025 21:02,25046,25047.5,25038.25,25047.5,101,0,25030.24671
10/16/2025 21:03,25048,25061.5,25048,25059.75,270,0,25030.54857
10/16/2025 21:04,25059.25,25069.5,25059.25,25066.5,205,0,25030.84839
10/16/2025 21:05,25067,25069.5,25063.5,25069.5,105,0,25031.01064
10/16/2025 21:06,25069.5,25083.5,25067,25083.25,266,0,25031.53086
10/16/2025 21:07,25083,25086.5,25075.5,25077.25,164,0,25031.85834
10/16/2025 21:08,25079.25,25091.25,25077.5,25088.5,215,0,25032.33393
10/16/2025 21:09,25089.25,25092.25,25079.25,25085,179,0,25032.7217
10/16/2025 21:10,25085.75,25086,25073.75,25077,145,0,25032.99303
10/16/2025 21:11,25077.5,25084,25077,25080,70,0,25033.12688
10/16/2025 21:12,25080,25086,25080,25080.5,77,0,25033.27894
10/16/2025 21:13,25079.75,25080.75,25070,25072.5,109,0,25033.45871
10/16/2025 21:14,25073,25073.25,25070,25072.75,46,0,25033.52965
10/16/2025 21:15,25072.75,25073.25,25070.5,25070.75,36,0,25033.58428
10/16/2025 21:16,25069.75,25078.5,25067.75,25073,132,0,25033.79153
10/16/2025 21:17,25073.75,25081.5,25071.5,25074,186,0,25034.09886
10/16/2025 21:18,25072.5,25079,25072.5,25075.75,52,0,25034.18415
10/16/2025 21:19,25077.25,25084,25076.75,25080,114,0,25034.39002
10/16/2025 21:20,25079.5,25082.5,25075.5,25076.5,67,0,25034.5047
10/16/2025 21:21,25075.75,25082,25074.25,25080,103,0,25034.68217
10/16/2025 21:22,25078.25,25078.25,25067,25069.25,67,0,25034.77798
10/16/2025 21:23,25069.5,25074,25065.75,25068.5,104,0,25034.91734
10/16/2025 21:24,25068.25,25075.75,25068.25,25072.75,34,0,25034.96638
10/16/2025 21:25,25073.25,25074.5,25070.75,25072,38,0,25035.02128
10/16/2025 21:26,25070.5,25074.5,25069.5,25074.5,21,0,25035.05189
10/16/2025 21:27,25075,25076.75,25072.5,25073.75,62,0,25035.14554
10/16/2025 21:28,25072.75,25075.75,25072,25075.5,22,0,25035.17873
10/16/2025 21:29,25074.75,25077.5,25070.5,25071.25,62,0,25035.26881
10/16/2025 21:30,25070.75,25075,25068.25,25075,39,0,25035.32476
10/16/2025 21:31,25075.25,25078.75,25073.75,25077,49,0,25035.40183
10/16/2025 21:32,25076,25079.5,25070.5,25071,58,0,25035.48643
10/16/2025 21:33,25071.25,25074.25,25070.5,25071,58,0,25035.56679
10/16/2025 21:34,25071.25,25074,25070.75,25074,32,0,25035.61219
10/16/2025 21:35,25074,25077,25070.75,25071.25,58,0,25035.69439
10/16/2025 21:36,25071.5,25081.25,25069.25,25078.25,84,0,25035.8231
10/16/2025 21:37,25077.25,25078.5,25069,25069,63,0,25035.9094
10/16/2025 21:38,25070,25071.25,25065.5,25069.75,51,0,25035.97257
10/16/2025 21:39,25071.25,25074.75,25070.5,25073,46,0,25036.03611
10/16/2025 21:40,25073.25,25078.25,25071,25077,72,0,25036.14231
10/16/2025 21:41,25076.75,25076.75,25068.5,25069.25,60,0,25036.22159
10/16/2025 21:42,25069.75,25072.5,25068.75,25070.25,42,0,25036.27531
10/16/2025 21:43,25069.5,25070.75,25066,25066.25,90,0,25036.38037
10/16/2025 21:44,25065.75,25067,25060.75,25067,160,0,25036.54915
10/16/2025 21:45,25067.25,25069.5,25066.5,25068,40,0,25036.59559
10/16/2025 21:46,25067,25070.25,25064.25,25064.25,41,0,25036.6404
10/16/2025 21:47,25064.75,25069.5,25060.5,25068.25,109,0,25036.75821
10/16/2025 21:48,25068,25069.75,25065,25066,40,0,25036.80243
10/16/2025 21:49,25065,25065,25061,25061.25,68,0,25036.86612
10/16/2025 21:50,25062.25,25067.75,25062.25,25066,111,0,25036.98119
10/16/2025 21:51,25066,25066,25055.75,25060.75,91,0,25037.05997
10/16/2025 21:52,25060.5,25061.5,25046.75,25048,161,0,25037.14726
10/16/2025 21:53,25047.25,25047.75,25031.5,25033.5,214,0,25037.1506
10/16/2025 21:54,25033.25,25033.5,25015.75,25017,349,0,25036.96462
10/16/2025 21:55,25016.75,25028.25,24995.75,25004.25,524,0,25036.46338
10/16/2025 21:56,25003.5,25011.5,24992.25,25005,466,0,25035.9292
10/16/2025 21:57,25004,25008.75,24990.5,25001.25,391,0,25035.45769
10/16/2025 21:58,25000.5,25003.5,24988.5,24990.75,252,0,25035.11048
10/16/2025 21:59,24991,25011.25,24986,25011.25,313,0,25034.77619
10/16/2025 22:00,25010.25,25017.5,25005.5,25015.25,155,0,25034.66379
10/16/2025 22:01,25015,25021.25,25011,25020.25,172,0,25034.56715
10/16/2025 22:02,25019,25019.75,25006.5,25008.75,162,0,25034.44635
10/16/2025 22:03,25008.25,25023,25007.75,25019.5,120,0,25034.37747
10/16/2025 22:04,25019.5,25020.5,25015,25017.25,71,0,25034.33888
10/16/2025 22:05,25017.25,25021.5,25016,25018.25,82,0,25034.29718
10/16/2025 22:06,25018.25,25023.5,25014,25017,128,0,25034.23082
10/16/2025 22:07,25015.5,25020.75,25009.25,25010.25,91,0,25034.17011
10/16/2025 22:08,25009.25,25013.75,25002.5,25006.75,152,0,25034.04163
10/16/2025 22:09,25007.5,25011,24995.75,24998,173,0,25033.86352
10/16/2025 22:10,24997.25,24997.75,24990.75,24992.25,123,0,25033.70698
10/16/2025 22:11,24992,24997.75,24985.75,24995.75,152,0,25033.51282
10/16/2025 22:12,24994.5,25005,24993,24998,165,0,25033.33296
10/16/2025 22:13,24998,25009.5,24994.5,25008.75,101,0,25033.24136
10/16/2025 22:14,25008,25017.5,25008,25014,160,0,25033.14169
10/16/2025 22:15,25012.25,25019.75,25007.5,25018.75,140,0,25033.06467
10/16/2025 22:16,25019.5,25020.25,25007.5,25009.25,95,0,25033.004
10/16/2025 22:17,25008.5,25011.5,25003.5,25006.5,95,0,25032.92861
10/16/2025 22:18,25006,25015.5,25005.5,25013.75,47,0,25032.89784
10/16/2025 22:19,25014.75,25015.75,25007.25,25010.75,68,0,25032.85279
10/16/2025 22:20,25008.25,25009,25002.75,25004.75,104,0,25032.766
10/16/2025 22:21,25001.75,25007,25001.25,25005,69,0,25032.70644
10/16/2025 22:22,25004,25004,24999,25002,69,0,25032.64137
10/16/2025 22:23,25002.75,25005.5,24997.75,24999,31,0,25032.61137
10/16/2025 22:24,24998,25001,24996,24997.5,39,0,25032.57064
10/16/2025 22:25,24998.25,25002,24997.75,24997.75,28,0,25032.54231
10/16/2025 22:26,24997.5,24999,24990,24995.75,119,0,25032.40717
10/16/2025 22:27,24995,24995.5,24989.5,24989.5,55,0,25032.33937
10/16/2025 22:28,24988.5,25000.25,24988,24998.25,87,0,25032.24305
10/16/2025 22:29,24996.5,25001,24995.75,25001,38,0,25032.20542
10/16/2025 22:30,25001.25,25003.75,24999.75,25000.75,58,0,25032.1519
10/16/2025 22:31,24999.25,25005,24999,25004,69,0,25032.09106
10/16/2025 22:32,25004.25,25008.25,24997.25,24998.5,87,0,25032.01125
10/16/2025 22:33,24998.25,25009.5,24998,25008.25,97,0,25031.93404
10/16/2025 22:34,25009.25,25011.25,25003,25003,66,0,25031.88274
10/16/2025 22:35,25003,25006,25002.5,25002.75,21,0,25031.86522
10/16/2025 22:36,25002.75,25009.25,25002.5,25009.25,53,0,25031.82619
10/16/2025 22:37,25010.75,25011.25,25003.25,25004.75,37,0,25031.79837
10/16/2025 22:38,25006.75,25009.25,25006,25006.75,111,0,25031.71829
10/16/2025 22:39,25005.5,25012.5,25005.25,25010.75,46,0,25031.68819
10/16/2025 22:40,25011.25,25014,25010.25,25014,54,0,25031.65812
10/16/2025 22:41,25013.25,25017,25008.75,25015.5,113,0,25031.59882
10/16/2025 22:42,25016,25017,25014.25,25014.5,46,0,25031.57681
10/16/2025 22:43,25015.5,25018.25,25015.5,25016.75,49,0,25031.5557
10/16/2025 22:44,25015.75,25018.5,25015.5,25017.25,47,0,25031.53585
10/16/2025 22:45,25015.5,25018.5,25015.5,25016.5,64,0,25031.50844
10/16/2025 22:46,25015.5,25026.25,25015.5,25022.25,113,0,25031.47506
10/16/2025 22:47,25021.25,25024.75,25020.25,25024.5,47,0,25031.46374
10/16/2025 22:48,25023.25,25023.5,25019.75,25021.75,40,0,25031.45239
10/16/2025 22:49,25022.25,25029.25,25022.25,25026,91,0,25031.43762
10/16/2025 22:50,25025.75,25028,25023.5,25026.25,53,0,25031.42918
10/16/2025 22:51,25026.5,25026.5,25019,25019,39,0,25031.41802
10/16/2025 22:52,25019,25020.5,25016.75,25020.5,36,0,25031.40542
10/16/2025 22:53,25020.5,25021.25,25015,25015.75,55,0,25031.38318
10/16/2025 22:54,25015.25,25021.75,25015,25020.25,42,0,25031.36825
10/16/2025 22:55,25020.5,25020.5,25017.75,25017.75,11,0,25031.36425
10/16/2025 22:56,25018,25018.5,25015.5,25016.5,34,0,25031.35009
10/16/2025 22:57,25016.75,25019.5,25015.75,25016.75,23,0,25031.34085
10/16/2025 22:58,25017,25018.5,25016.75,25017.25,27,0,25031.33016
10/16/2025 22:59,25017.5,25020,25017.5,25019.25,28,0,25031.32022
10/16/2025 23:00,25018.25,25022.25,25018,25021.75,50,0,25031.30501
10/16/2025 23:01,25021,25024.5,25020,25022.5,61,0,25031.28941
10/16/2025 23:02,25021.5,25021.5,25015.25,25016,71,0,25031.26172
10/16/2025 23:03,25016.75,25017,25014.25,25015.5,87,0,25031.22301
10/16/2025 23:04,25015.25,25016.5,25009.75,25013.5,108,0,25031.1681
10/16/2025 23:05,25013,25016.25,25012.25,25016,60,0,25031.14041
10/16/2025 23:06,25015.25,25021.75,25014,25021,36,0,25031.128
10/16/2025 23:07,25019.5,25022.5,25015,25015,61,0,25031.10458
10/16/2025 23:08,25014,25014.25,25004.5,25004.75,238,0,25030.94962
10/16/2025 23:09,25005.75,25013.25,25005.25,25009.25,37,0,25030.92718
10/16/2025 23:10,25009.5,25010.75,25005.25,25008.5,35,0,25030.90493
10/16/2025 23:11,25009,25012.75,25009,25010.5,33,0,25030.88638
10/16/2025 23:12,25009.25,25009.5,25005.25,25005.25,36,0,25030.86208
10/16/2025 23:13,25004.75,25005.25,25002.5,25004.25,36,0,25030.83516
10/16/2025 23:14,25004.25,25010.5,25004.25,25007,50,0,25030.80237
10/16/2025 23:15,25005,25005.5,25002.25,25002.25,50,0,25030.76424
10/16/2025 23:16,25002.75,25003.75,24997.25,24999.25,111,0,25030.66998
10/16/2025 23:17,24999.25,25005.5,24999.25,25004.5,40,0,25030.63947
10/16/2025 23:18,25006.5,25009.75,25006.5,25009.75,37,0,25030.61701
10/16/2025 23:19,25010.25,25014.25,25009.75,25011,89,0,25030.57054
10/16/2025 23:20,25011.5,25011.75,25007,25009.5,26,0,25030.5554
10/16/2025 23:21,25009.75,25011.75,25007.25,25011.75,39,0,25030.53362
10/16/2025 23:22,25012.5,25018.5,25010,25011.5,93,0,25030.48974
10/16/2025 23:23,25012.5,25019.25,25012.5,25017.5,27,0,25030.47932
10/16/2025 23:24,25017.75,25018,25011,25013.25,29,0,25030.4663
10/16/2025 23:25,25014.75,25018,25014.5,25018,72,0,25030.43947
10/16/2025 23:26,25018,25018.5,25016.75,25018,17,0,25030.43357
10/16/2025 23:27,25018.75,25019.25,25016.5,25017.5,31,0,25030.42284
10/16/2025 23:28,25017.75,25017.75,25014.75,25016.25,36,0,25030.40892
10/16/2025 23:29,25017,25019.25,25016.5,25017.75,33,0,25030.39761
10/16/2025 23:30,25017,25017.25,25015.5,25016.75,23,0,25030.38891
10/16/2025 23:31,25018,25020.5,25013.5,25019.25,132,0,25030.34364
10/16/2025 23:32,25019.5,25022.5,25018.25,25021.5,110,0,25030.31509
10/16/2025 23:33,25021.5,25021.75,25018.75,25020,51,0,25030.30111
10/16/2025 23:34,25021.25,25024.75,25018.5,25019.25,72,0,25030.28273
10/16/2025 23:35,25019.5,25022.5,25016.5,25016.5,40,0,25030.27003
10/16/2025 23:36,25015.75,25016.25,25012.25,25013.75,85,0,25030.23306
10/16/2025 23:37,25014.25,25015.25,25003.75,25004.5,98,0,25030.17422
10/16/2025 23:38,25004.25,25009.5,25000.75,25002,76,0,25030.12118
10/16/2025 23:39,25002.25,25004.5,24989.25,24989.5,153,0,25029.97565
10/16/2025 23:40,24989,24999.75,24987,24996.5,163,0,25029.82191
10/16/2025 23:41,24995.25,25002.25,24994,25000.25,81,0,25029.75548
10/16/2025 23:42,24999.5,25000,24989.75,24990.5,127,0,25029.63374
10/16/2025 23:43,24990.25,24993.25,24983.5,24991,193,0,25029.42918
10/16/2025 23:44,24991,24993.5,24986.25,24988.25,97,0,25029.32736
10/16/2025 23:45,24987.75,24988,24980.5,24984.25,149,0,25029.15222
10/16/2025 23:46,24984.25,24993,24982.25,24992.25,86,0,25029.06274
10/16/2025 23:47,24992,24995.25,24988.75,24989.25,41,0,25029.02227
10/16/2025 23:48,24989.5,24996,24987.75,24995.25,51,0,25028.97459
10/16/2025 23:49,24994.75,24997.5,24991.25,24992.75,71,0,25028.90994
10/16/2025 23:50,24992,24994,24987.75,24988.75,26,0,25028.88386
10/16/2025 23:51,24988.25,24992,24987.25,24990.25,32,0,25028.85153
10/16/2025 23:52,24988.25,24989,24983.75,24984.75,57,0,25028.78819
10/16/2025 23:53,24984,24987,24971.75,24973.5,244,0,25028.46643
10/16/2025 23:54,24973,24975.25,24961.75,24974.25,344,0,25027.95831
10/16/2025 23:55,24974,24985.75,24974,24985,169,0,25027.75974
10/16/2025 23:56,24985.25,24993.5,24984.5,24991,163,0,25027.60307
10/16/2025 23:57,24992,24993,24983.25,24988,124,0,25027.47981
10/16/2025 23:58,24989.25,24992.25,24985.75,24989.5,74,0,25027.40862
10/16/2025 23:59,24988.5,24990.75,24985,24990.25,37,0,25027.37267
10/17/2025 0:00,24990.75,24992.75,24987,24988.75,64,0,25027.31197
10/17/2025 0:01,24988.75,24994.75,24988.5,24990.75,112,0,25027.21134
10/17/2025 0:02,24989,24995.25,24988,24994.25,65,0,25027.15508
10/17/2025 0:03,24994,24996.25,24990.75,24993.25,40,0,25027.12147
10/17/2025 0:04,24993,24994.75,24992,24994.5,23,0,25027.10236
10/17/2025 0:05,24995.75,24997,24992,24994,41,0,25027.06895
10/17/2025 0:06,24993,24994.5,24990.25,24991,42,0,25027.03227
10/17/2025 0:07,24990,24992,24989.5,24991,28,0,25027.00711
10/17/2025 0:08,24990.75,24991.5,24986.25,24988.5,54,0,25026.95589
10/17/2025 0:09,24988.25,24988.25,24982.5,24983.75,129,0,25026.82161
10/17/2025 0:10,24984.5,24991,24984.25,24987.5,69,0,25026.75481
10/17/2025 0:11,24988.75,24994.5,24986.5,24990.25,110,0,25026.65647
10/17/2025 0:12,24991,24991,24987.75,24989.25,30,0,25026.62894
10/17/2025 0:13,24987.5,24987.75,24984,24985.25,40,0,25026.5887
10/17/2025 0:14,24986.5,24990.25,24986.25,24988.75,25,0,25026.56527
10/17/2025 0:15,24989,24989.5,24987.25,24987.25,14,0,25026.55202
10/17/2025 0:16,24987.25,24989.5,24985.25,24986.25,31,0,25026.52196
10/17/2025 0:17,24986.75,24987.25,24985.25,24986,42,0,25026.48044
10/17/2025 0:18,24985.5,24985.5,24975.25,24976.5,145,0,25026.3127
10/17/2025 0:19,24975.75,24977.25,24971.75,24971.75,88,0,25026.19969
10/17/2025 0:20,24972.25,24983.25,24972.25,24976.25,90,0,25026.09263
10/17/2025 0:21,24975.75,24987.25,24974.5,24981,121,0,25025.96017
10/17/2025 0:22,24981.25,24989,24981.25,24986.5,124,0,25025.83922
10/17/2025 0:23,24986.5,24990.75,24986.5,24989,115,0,25025.73647
10/17/2025 0:24,24989.75,24990,24980.5,24985.5,40,0,25025.69757
10/17/2025 0:25,24985.75,24988,24984.75,24986,15,0,25025.68333
10/17/2025 0:26,24986.5,24988.5,24983.75,24984.5,20,0,25025.66405
10/17/2025 0:27,24984,24984.75,24982.25,24984,26,0,25025.63781
10/17/2025 0:28,24984.75,24985,24980.75,24983.25,28,0,25025.60913
10/17/2025 0:29,24983.25,24983.25,24971.5,24975.5,145,0,25025.43958
10/17/2025 0:30,24975.75,24977.5,24971.75,24977,62,0,25025.36546
10/17/2025 0:31,24977.5,24978.75,24970.75,24974,87,0,25025.25992
10/17/2025 0:32,24974,24980,24973.5,24975.25,55,0,25025.19573
10/17/2025 0:33,24976.75,24978.75,24976.5,24976.5,19,0,25025.17404
10/17/2025 0:34,24976.75,24979.25,24973,24973.75,28,0,25025.14084
10/17/2025 0:35,24973.25,24981.25,24973,24978.25,30,0,25025.10686
10/17/2025 0:36,24979.25,24980.75,24978.5,24979.75,26,0,25025.07879
10/17/2025 0:37,24979.75,24984,24979,24983.75,30,0,25025.04829
10/17/2025 0:38,24983.25,24985.75,24983.25,24985,31,0,25025.01859
10/17/2025 0:39,24984.75,24986,24979,24981.75,91,0,25024.92645
10/17/2025 0:40,24982.75,24984,24981.5,24981.5,20,0,25024.9063
10/17/2025 0:41,24981.25,24982.75,24977.25,24981.5,56,0,25024.84753
10/17/2025 0:42,24982,24982,24975.5,24980,61,0,25024.78178
10/17/2025 0:43,24979.5,24983,24978.75,24978.75,13,0,25024.7681
10/17/2025 0:44,24978.5,24981.75,24978.5,24979,24,0,25024.74263
10/17/2025 0:45,24978.5,24978.5,24970,24971.5,117,0,25024.60121
10/17/2025 0:46,24971,24973.25,24965.5,24966.5,87,0,25024.48652
10/17/2025 0:47,24965.75,24968.5,24960,24963.25,179,0,25024.2332
10/17/2025 0:48,24963.75,24968,24962.75,24965,82,0,25024.1204
10/17/2025 0:49,24964.75,24972,24961.5,24967.25,106,0,25023.97935
10/17/2025 0:50,24967,24967,24961,24965.25,67,0,25023.88666
10/17/2025 0:51,24964.75,24972.5,24964,24967.5,78,0,25023.78559
10/17/2025 0:52,24966.5,24969,24960.5,24961.5,107,0,25023.63682
10/17/2025 0:53,24962.5,24964.5,24957.75,24963.25,138,0,25023.4402
10/17/2025 0:54,24964.75,24966.5,24958.5,24962.5,126,0,25023.26369
10/17/2025 0:55,24962.5,24967,24956.75,24963.25,165,0,25023.03347
10/17/2025 0:56,24963.75,24969.25,24963.75,24969.25,45,0,25022.97621
10/17/2025 0:57,24969.5,24971,24963.5,24965.75,103,0,25022.84404
10/17/2025 0:58,24966.5,24969.5,24961.75,24965,78,0,25022.74199
10/17/2025 0:59,24965,24965.75,24964,24964.25,18,0,25022.71819
10/17/2025 1:00,24964.75,24966.25,24960.5,24963.25,40,0,25022.66414
10/17/2025 1:01,24963.25,24966.25,24960.75,24961.25,112,0,25022.51185
10/17/2025 1:02,24961.75,24964,24959.25,24964,42,0,25022.45463
10/17/2025 1:03,24963.25,24965.75,24959.5,24963.5,43,0,25022.39664
10/17/2025 1:04,24963.25,24963.75,24960.5,24961.25,30,0,25022.35551
10/17/2025 1:05,24962,24964,24958.5,24959,58,0,25022.27441
10/17/2025 1:06,24959.75,24965.25,24958,24965.25,65,0,25022.1872
10/17/2025 1:07,24964.75,24967.75,24951.5,24952.5,277,0,25021.7837
10/17/2025 1:08,24952.5,24953.75,24940.5,24945.75,285,0,25021.30652
10/17/2025 1:09,24945.75,24950.25,24941.75,24943.5,108,0,25021.12367
10/17/2025 1:10,24943.5,24947,24937.75,24940,174,0,25020.81711
10/17/2025 1:11,24940.5,24954,24940.5,24949,206,0,25020.4856
10/17/2025 1:12,24947.75,24947.75,24935.5,24938.25,135,0,25020.24821
10/17/2025 1:13,24937.75,24940.25,24934,24934.5,73,0,25020.11362
10/17/2025 1:14,24935.5,24936,24924.5,24928,274,0,25019.57192
10/17/2025 1:15,24927.75,24932.5,24920.75,24922.75,159,0,25019.24614
10/17/2025 1:16,24923,24926.5,24914.25,24920.25,227,0,25018.76035
10/17/2025 1:17,24921,24926.25,24918,24920.75,146,0,25018.45461
10/17/2025 1:18,24920,24922.25,24913.75,24919.75,127,0,25018.18181
10/17/2025 1:19,24919,24924.5,24914.5,24916.75,162,0,25017.83597
10/17/2025 1:20,24916.5,24916.5,24910,24911.5,190,0,25017.40941
10/17/2025 1:21,24910.5,24912,24906.75,24908.75,234,0,25016.8714
10/17/2025 1:22,24908,24929.25,24907.5,24925.25,313,0,25016.23602
10/17/2025 1:23,24925.5,24935.25,24924.5,24932.75,275,0,25015.74332
10/17/2025 1:24,24933.25,24940.5,24932.25,24935,166,0,25015.46629
10/17/2025 1:25,24934.75,24936.25,24927.75,24931.25,91,0,25015.30732
10/17/2025 1:26,24932,24934.75,24925.75,24928.75,123,0,25015.0883
10/17/2025 1:27,24929.5,24931,24923.75,24925.25,70,0,25014.95966
10/17/2025 1:28,24925.5,24932.5,24922.75,24929.5,199,0,25014.60253
10/17/2025 1:29,24930.75,24937,24928.5,24935,146,0,25014.35819
10/17/2025 1:30,24935.75,24938.25,24927.75,24929.75,179,0,25014.05481
10/17/2025 1:31,24930.5,24934.75,24923.25,24923.75,259,0,25013.59504
10/17/2025 1:32,24923.75,24925,24911.5,24914.75,313,0,25012.98122
10/17/2025 1:33,24914.75,24915.75,24904.5,24911.75,222,0,25012.52175
10/17/2025 1:34,24912.25,24917.25,24905.25,24907.75,151,0,25012.2098
10/17/2025 1:35,24908,24911,24904.5,24910.5,140,0,25011.91828
10/17/2025 1:36,24909.75,24913.5,24907.5,24911,79,0,25011.75768
10/17/2025 1:37,24912.75,24913.25,24908.25,24910.25,33,0,25011.69069
10/17/2025 1:38,24908,24909.75,24898.75,24902.5,308,0,25011.0272
10/17/2025 1:39,24901.5,24902.25,24882.75,24887.25,594,0,25009.61914
10/17/2025 1:40,24887.75,24887.75,24875.75,24878.75,398,0,25008.61617
10/17/2025 1:41,24880.5,24891.25,24878.75,24889.75,203,0,25008.13366
10/17/2025 1:42,24890.75,24898.25,24890.75,24897.25,170,0,25007.76166
10/17/2025 1:43,24896.5,24897.25,24875.25,24876.25,253,0,25007.15148
10/17/2025 1:44,24876.5,24883.5,24872.75,24878.5,341,0,25006.30788
10/17/2025 1:45,24879.25,24884.25,24875,24880.25,158,0,25005.92553
10/17/2025 1:46,24879.25,24885.5,24878,24883.5,95,0,25005.70128
10/17/2025 1:47,24884.5,24889.5,24882.5,24886.25,127,0,25005.41184
10/17/2025 1:48,24887,24896.5,24886,24887.75,292,0,25004.77376
10/17/2025 1:49,24888.25,24894,24888.25,24889.25,76,0,25004.60944
10/17/2025 1:50,24890.25,24894.75,24889.75,24890.5,83,0,25004.43235
10/17/2025 1:51,24891.75,24892,24888,24889.75,111,0,25004.19273
10/17/2025 1:52,24889.25,24895.5,24888.5,24893.5,89,0,25004.00565
10/17/2025 1:53,24893.5,24901.25,24891.75,24896.75,197,0,25003.60885
10/17/2025 1:54,24897,24910,24896.5,24907.75,194,0,25003.25056
10/17/2025 1:55,24908.75,24916.25,24907.75,24916,216,0,25002.88917
10/17/2025 1:56,24916,24924,24915.5,24923,214,0,25002.56372
10/17/2025 1:57,24923.25,24931,24923.25,24928.25,274,0,25002.18447
10/17/2025 1:58,24929,24931.25,24925,24925,192,0,25001.91952
10/17/2025 1:59,24926.75,24930.5,24919.5,24920.5,189,0,25001.64812
10/17/2025 2:00,24920.5,24925.25,24914.5,24917,110,0,25001.48182
10/17/2025 2:01,24918,24928.25,24915,24923.5,273,0,25001.08851
10/17/2025 2:02,24922.75,24924,24915.5,24918.75,112,0,25000.92252
10/17/2025 2:03,24919,24927.5,24919,24927,76,0,25000.81726
10/17/2025 2:04,24928.5,24937.25,24928,24929.5,199,0,25000.56849
10/17/2025 2:05,24932.25,24937.5,24932.25,24934.25,68,0,25000.48767
10/17/2025 2:06,24936,24946.75,24934.5,24939.75,213,0,25000.25749
10/17/2025 2:07,24940.25,24946.5,24938.75,24940.25,109,0,25000.1433
10/17/2025 2:08,24940.75,24947.25,24937.25,24939.75,115,0,25000.02246
10/17/2025 2:09,24940.5,24944,24935.25,24935.25,73,0,24999.94177
10/17/2025 2:10,24936.5,24941.25,24933.75,24935.75,78,0,24999.85404
10/17/2025 2:11,24935,24935,24928.75,24929.25,130,0,24999.69468
10/17/2025 2:12,24930.5,24931,24921.5,24924.5,160,0,24999.48441
10/17/2025 2:13,24925,24925,24914,24918.75,160,0,24999.25714
10/17/2025 2:14,24918,24922.5,24912.5,24915,148,0,24999.04132
10/17/2025 2:15,24915.5,24929.25,24915.5,24921,110,0,24998.89182
10/17/2025 2:16,24922,24926.25,24917.25,24918,235,0,24998.56852
10/17/2025 2:17,24919.5,24924.75,24910.25,24913,223,0,24998.24664
10/17/2025 2:18,24912.75,24921.75,24907.25,24914.75,199,0,24997.9566
10/17/2025 2:19,24915,24916,24905.75,24907.5,122,0,24997.76953
10/17/2025 2:20,24908.25,24914.25,24903.75,24910.25,100,0,24997.61621
10/17/2025 2:21,24911.25,24913.5,24897.5,24904.5,263,0,24997.19618
10/17/2025 2:22,24905.5,24906.25,24893.5,24895.25,127,0,24996.97976
10/17/2025 2:23,24895.25,24907.75,24888,24907.75,326,0,24996.44438
10/17/2025 2:24,24908.5,24909.75,24904.5,24908.75,108,0,24996.28034
10/17/2025 2:25,24909.75,24912,24901.25,24903,88,0,24996.14374
10/17/2025 2:26,24903.5,24905.75,24897,24900,75,0,24996.02189
10/17/2025 2:27,24900.5,24903.75,24895,24898.25,96,0,24995.86323
10/17/2025 2:28,24898.5,24901.75,24891,24892.25,64,0,24995.7534
10/17/2025 2:29,24892.25,24899.25,24884.5,24890.25,162,0,24995.46636
10/17/2025 2:30,24890.75,24896.75,24885,24895.5,114,0,24995.26741
10/17/2025 2:31,24893.25,24904.5,24893.25,24902.5,106,0,24995.09685
10/17/2025 2:32,24901.75,24903.75,24895.5,24900.5,200,0,24994.77613
10/17/2025 2:33,24899.75,24901.5,24891.5,24891.5,137,0,24994.54597
10/17/2025 2:34,24891.25,24894.5,24886.5,24891.25,116,0,24994.34398
10/17/2025 2:35,24892,24895,24890.5,24891.75,76,0,24994.21419
10/17/2025 2:36,24890.5,24897,24879.25,24879.5,268,0,24993.72708
10/17/2025 2:37,24879.25,24879.5,24853,24863,866,0,24991.89645
10/17/2025 2:38,24861.25,24865,24848.5,24856.5,422,0,24990.96458
10/17/2025 2:39,24856.5,24862.5,24842.75,24857.25,240,0,24990.43055
10/17/2025 2:40,24856.75,24871.5,24856.75,24868.25,226,0,24989.97298
10/17/2025 2:41,24869.75,24871.5,24858.5,24860.5,167,0,24989.63162
10/17/2025 2:42,24862,24865,24843.25,24852.75,266,0,24989.04958
10/17/2025 2:43,24851,24857.5,24847,24848,172,0,24988.66805
10/17/2025 2:44,24849.25,24867.75,24849.25,24865,164,0,24988.33203
10/17/2025 2:45,24863.5,24867.25,24858.25,24865.25,151,0,24988.03124
10/17/2025 2:46,24864,24872.75,24862.5,24865,225,0,24987.59706
10/17/2025 2:47,24864,24864.25,24850,24856.5,249,0,24987.08137
10/17/2025 2:48,24856.25,24863.5,24850.5,24854,140,0,24986.79118
10/17/2025 2:49,24851.75,24851.75,24835,24837.25,314,0,24986.07251
10/17/2025 2:50,24837.75,24839.75,24831.5,24837.75,234,0,24985.5232
10/17/2025 2:51,24838,24845.25,24834,24844,222,0,24985.02224
10/17/2025 2:52,24842.5,24846.25,24829.5,24832.5,213,0,24984.52827
10/17/2025 2:53,24833.25,24839,24826.5,24838.25,177,0,24984.11615
10/17/2025 2:54,24838.5,24849.75,24836,24848.25,106,0,24983.88699
10/17/2025 2:55,24849,24852.75,24844,24850.25,125,0,24983.62611
10/17/2025 2:56,24847.75,24848.75,24834.25,24834.75,150,0,24983.2918
10/17/2025 2:57,24833.5,24847.75,24827.5,24845,246,0,24982.75003
10/17/2025 2:58,24844.25,24848.25,24830.75,24836.75,141,0,24982.4381
10/17/2025 2:59,24837.75,24846,24836,24841.25,53,0,24982.32323
10/17/2025 3:00,24841.25,24842.75,24827.25,24837.25,248,0,24981.76799
10/17/2025 3:01,24838.25,24845,24831.25,24841.25,330,0,24981.0528
10/17/2025 3:02,24842,24843.25,24818.5,24820.25,379,0,24980.17244
10/17/2025 3:03,24818.5,24824.25,24813.5,24817.25,272,0,24979.50997
10/17/2025 3:04,24816,24817,24806.5,24808.75,379,0,24978.55289
10/17/2025 3:05,24808.25,24826.5,24804.25,24816.5,349,0,24977.70709
10/17/2025 3:06,24816.5,24818.25,24801.5,24815.5,320,0,24976.92029
10/17/2025 3:07,24816,24821.5,24805.5,24815,330,0,24976.12763
10/17/2025 3:08,24814.75,24815.5,24802,24813.25,236,0,24975.55247
10/17/2025 3:09,24812.5,24814.25,24787.25,24788.25,441,0,24974.40035
10/17/2025 3:10,24787.75,24795.75,24764.5,24768.5,759,0,24972.22897
10/17/2025 3:11,24769.25,24798,24764.5,24796.25,667,0,24970.45508
10/17/2025 3:12,24796,24796.75,24776.25,24785,372,0,24969.47904
10/17/2025 3:13,24785.25,24796.5,24774,24779.5,581,0,24967.95328
10/17/2025 3:14,24781.25,24788,24767,24779.25,409,0,24966.864
10/17/2025 3:15,24781,24781,24751.5,24754.75,743,0,24964.75525
10/17/2025 3:16,24754.75,24778,24753,24766.5,483,0,24963.43034
10/17/2025 3:17,24766.25,24766.25,24737,24752.75,764,0,24961.22608
10/17/2025 3:18,24753,24755.5,24737.5,24751,449,0,24959.9276
10/17/2025 3:19,24751.75,24766,24748.5,24752.5,440,0,24958.71587
10/17/2025 3:20,24752.75,24752.75,24731.5,24736.5,595,0,24956.97728
10/17/2025 3:21,24737,24740.5,24707.75,24710.5,756,0,24954.60089
10/17/2025 3:22,24711.5,24739.75,24708.25,24733.75,558,0,24952.93341
10/17/2025 3:23,24734.25,24746.5,24728.5,24744.75,367,0,24951.91078
10/17/2025 3:24,24744,24756.5,24742.5,24753.75,370,0,24950.94267
10/17/2025 3:25,24755.5,24765,24739.75,24762.75,368,0,24950.01243
10/17/2025 3:26,24762.75,24783.75,24762.75,24780.5,706,0,24948.43217
10/17/2025 3:27,24780.25,24784.25,24765,24766.5,480,0,24947.35106
10/17/2025 3:28,24765.75,24772,24741,24753.75,546,0,24946.02429
10/17/2025 3:29,24753.25,24758.5,24737,24742.25,272,0,24945.33695
10/17/2025 3:30,24741.5,24754.75,24739.75,24749,219,0,24944.79226
10/17/2025 3:31,24749.5,24760.5,24734,24759.75,445,0,24943.71462
10/17/2025 3:32,24760,24762,24742.5,24742.5,436,0,24942.65725
10/17/2025 3:33,24742.5,24743.25,24717.5,24717.5,567,0,24941.13853
10/17/2025 3:34,24717.5,24723.25,24684.5,24718.75,1368,0,24937.27356
10/17/2025 3:35,24718.5,24724,24687.25,24705.25,607,0,24935.57508
10/17/2025 3:36,24704.25,24729,24702.5,24712.75,406,0,24934.49798
10/17/2025 3:37,24711.5,24725.25,24690,24722.75,487,0,24933.20764
10/17/2025 3:38,24721.25,24721.25,24705.25,24714.5,287,0,24932.45764
10/17/2025 3:39,24713.5,24715.75,24701,24708,384,0,24931.43749
10/17/2025 3:40,24708,24727.5,24697,24719,401,0,24930.41159
10/17/2025 3:41,24718.25,24744.5,24712.5,24742.5,549,0,24929.14277
10/17/2025 3:42,24741,24746.5,24736.5,24742.5,455,0,24928.14947
10/17/2025 3:43,24741.5,24756.75,24739.5,24749,384,0,24927.34865
10/17/2025 3:44,24747.75,24752.5,24728.75,24746.25,966,0,24925.29973
10/17/2025 3:45,24746.75,24758.75,24745.25,24747,414,0,24924.47249
10/17/2025 3:46,24746.75,24760.25,24739.25,24740.75,354,0,24923.7569
10/17/2025 3:47,24740,24756,24739.75,24748,324,0,24923.11126
10/17/2025 3:48,24749,24760,24748.5,24753.75,222,0,24922.68708
10/17/2025 3:49,24754,24761.5,24743,24743.25,256,0,24922.18663
10/17/2025 3:50,24742.75,24754,24740.75,24752.5,310,0,24921.58389
10/17/2025 3:51,24751.5,24758,24742,24744.75,372,0,24920.86266
10/17/2025 3:52,24746.5,24764.5,24746.5,24764,311,0,24920.29923
10/17/2025 3:53,24763.75,24767.25,24754.75,24758.5,296,0,24919.77262
10/17/2025 3:54,24760.75,24772.75,24757.25,24769,283,0,24919.2917
10/17/2025 3:55,24769,24770,24757.25,24758.5,356,0,24918.67365
10/17/2025 3:56,24758.75,24758.75,24742.75,24747.25,299,0,24918.11774
10/17/2025 3:57,24746.25,24748.75,24729.75,24740.5,338,0,24917.45699
10/17/2025 3:58,24739.25,24751.5,24737.75,24743.5,205,0,24917.06889
10/17/2025 3:59,24743.25,24758.25,24741.75,24752.5,169,0,24916.76239
10/17/2025 4:00,24752.5,24753.5,24730,24732.25,412,0,24915.96507
10/17/2025 4:01,24732,24748.75,24724.25,24727,654,0,24914.67695
10/17/2025 4:02,24727.5,24733.25,24719.5,24720.5,412,0,24913.83531
10/17/2025 4:03,24719.5,24720,24708.5,24711.5,395,0,24912.98856
10/17/2025 4:04,24710.25,24713,24691.25,24698.75,739,0,24911.32676
10/17/2025 4:05,24698,24704.5,24692,24697,563,0,24910.05932
10/17/2025 4:06,24695.5,24702.5,24687.25,24692,427,0,24909.09048
10/17/2025 4:07,24692.5,24707.25,24674.25,24706.25,857,0,24907.18979
10/17/2025 4:08,24706,24732,24704.75,24731.75,523,0,24906.19209
10/17/2025 4:09,24732,24736.5,24711.75,24714,528,0,24905.18443
10/17/2025 4:10,24713.25,24713.75,24700.25,24707.25,353,0,24904.46737
10/17/2025 4:11,24707.75,24731,24707,24718,386,0,24903.73485
10/17/2025 4:12,24716.5,24721.25,24703.5,24717.5,271,0,24903.21136
10/17/2025 4:13,24717.25,24720.5,24702.25,24716,242,0,24902.74346
10/17/2025 4:14,24715,24720.75,24698.5,24719,366,0,24902.03955
10/17/2025 4:15,24718.25,24718.25,24693,24694,331,0,24901.37069
10/17/2025 4:16,24695,24705.5,24691.25,24696.75,338,0,24900.67897
10/17/2025 4:17,24697.75,24727.5,24697.75,24711.25,611,0,24899.52793
10/17/2025 4:18,24709.5,24713.75,24683,24684.5,404,0,24898.70049
10/17/2025 4:19,24685.75,24696,24682.25,24686,272,0,24898.13183
10/17/2025 4:20,24686,24688,24671.5,24681,316,0,24897.45028
10/17/2025 4:21,24681,24685.5,24666.5,24678.75,515,0,24896.33213
10/17/2025 4:22,24677.25,24701.75,24676.75,24701.5,375,0,24895.58544
10/17/2025 4:23,24701.5,24706.75,24695.75,24699.75,224,0,24895.15829
10/17/2025 4:24,24697.5,24716,24696,24712,194,0,24894.8036
10/17/2025 4:25,24713.25,24717.75,24708.5,24717.75,190,0,24894.46987
10/17/2025 4:26,24717.75,24727.5,24713.75,24726,415,0,24893.77646
10/17/2025 4:27,24726.25,24739.5,24723,24736.25,419,0,24893.12456
10/17/2025 4:28,24735.5,24737.5,24730.75,24733,165,0,24892.87063
10/17/2025 4:29,24734.5,24736.75,24722.75,24731.75,164,0,24892.61376
10/17/2025 4:30,24732,24739.75,24728,24735.75,180,0,24892.33983
10/17/2025 4:31,24737.5,24738,24722.25,24723.75,172,0,24892.06823
10/17/2025 4:32,24723.75,24743,24722.75,24740.25,203,0,24891.7631
10/17/2025 4:33,24741,24742.25,24722.5,24729.25,283,0,24891.32888
10/17/2025 4:34,24729.5,24765.5,24729.25,24758.25,781,0,24890.28846
10/17/2025 4:35,24759.75,24769.5,24754.75,24768,397,0,24889.8146
10/17/2025 4:36,24766.25,24769,24757.25,24764,267,0,24889.49623
10/17/2025 4:37,24765.25,24784.25,24763,24778.75,580,0,24888.87498
10/17/2025 4:38,24778.25,24778.75,24751.25,24759.75,449,0,24888.34799
10/17/2025 4:39,24758.75,24767.5,24754.5,24755.75,257,0,24888.03875
10/17/2025 4:40,24756.5,24756.75,24750,24753.5,209,0,24887.77701
10/17/2025 4:41,24755,24760.5,24749,24752.5,177,0,24887.5571
10/17/2025 4:42,24754.75,24770.5,24753,24765.5,298,0,24887.21333
10/17/2025 4:43,24765,24765,24752.25,24755.25,166,0,24887.01421
10/17/2025 4:44,24753.5,24758,24749.5,24750.5,171,0,24886.80211
10/17/2025 4:45,24751.25,24751.5,24741,24743.75,194,0,24886.54932
10/17/2025 4:46,24745,24755.25,24738.75,24741.75,335,0,24886.1144
10/17/2025 4:47,24743,24747,24736.5,24740.25,259,0,24885.77049
10/17/2025 4:48,24740.25,24744.25,24731.5,24736.5,260,0,24885.41778
10/17/2025 4:49,24737.5,24757.25,24731.25,24755.25,216,0,24885.14673
10/17/2025 4:50,24756,24765.75,24754.5,24762,328,0,24884.77547
10/17/2025 4:51,24763,24765.75,24755.75,24758.25,146,0,24884.60982
10/17/2025 4:52,24757.5,24758.25,24735.5,24740.25,265,0,24884.27364
10/17/2025 4:53,24741,24753,24735,24735,254,0,24883.94451
10/17/2025 4:54,24735.75,24746,24735.25,24740.75,109,0,24883.8034
10/17/2025 4:55,24740,24747.25,24738.25,24746,98,0,24883.67957
10/17/2025 4:56,24744.75,24755,24741.5,24747,231,0,24883.39687
10/17/2025 4:57,24748,24754.5,24742.75,24751.25,127,0,24883.24386
10/17/2025 4:58,24751,24759.5,24750.25,24757,251,0,24882.95618
10/17/2025 4:59,24757,24759.75,24751.75,24751.75,97,0,24882.84433
10/17/2025 5:00,24751.5,24755.5,24747.75,24748.75,121,0,24882.70102
10/17/2025 5:01,24748.25,24764.5,24742.5,24764.5,241,0,24882.43052
10/17/2025 5:02,24765,24778.5,24765,24775,333,0,24882.10517
10/17/2025 5:03,24774.75,24777.5,24768,24774.25,199,0,24881.9124
10/17/2025 5:04,24774.25,24777.25,24768.75,24775.25,91,0,24881.82489
10/17/2025 5:05,24775.25,24775.75,24769,24772.25,160,0,24881.66934
10/17/2025 5:06,24772.75,24775.25,24767.25,24775,162,0,24881.51253
10/17/2025 5:07,24774.25,24780,24770.5,24780,124,0,24881.39757
10/17/2025 5:08,24779,24779.5,24767.75,24771,153,0,24881.25055
10/17/2025 5:09,24770.75,24777.5,24767,24771,219,0,24881.03902
10/17/2025 5:10,24770.25,24774.75,24765,24766.5,156,0,24880.8846
10/17/2025 5:11,24766.75,24772.25,24764.25,24770,97,0,24880.78887
10/17/2025 5:12,24771,24775.75,24767.25,24774.25,134,0,24880.66112
10/17/2025 5:13,24774.5,24775.75,24766.25,24773,105,0,24880.56053
10/17/2025 5:14,24774,24787.75,24772,24784.5,258,0,24880.33622
10/17/2025 5:15,24783.75,24786.25,24777.25,24783,125,0,24880.22872
10/17/2025 5:16,24782.75,24786.25,24780,24783.25,121,0,24880.12595
10/17/2025 5:17,24783,24788,24782.5,24786,109,0,24880.03578
10/17/2025 5:18,24785.25,24799.75,24784.75,24797.5,247,0,24879.85041
10/17/2025 5:19,24797.75,24801.5,24786.5,24787,227,0,24879.67613
10/17/2025 5:20,24786.25,24790,24784.25,24789.25,187,0,24879.52685
10/17/2025 5:21,24789.5,24796.25,24785.25,24796,163,0,24879.40373
10/17/2025 5:22,24795.25,24804.5,24791.25,24801.75,251,0,24879.2293
10/17/2025 5:23,24801.25,24806.75,24796.5,24804,240,0,24879.06997
10/17/2025 5:24,24803.5,24805.5,24797.75,24801.75,124,0,24878.98711
10/17/2025 5:25,24800.75,24815.25,24798.5,24809.5,257,0,24878.82939
10/17/2025 5:26,24808.75,24818,24804.75,24812.25,307,0,24878.65224
10/17/2025 5:27,24811.75,24812.5,24788.5,24796.75,373,0,24878.39859
10/17/2025 5:28,24796.25,24796.25,24782.75,24788.25,235,0,24878.2192
10/17/2025 5:29,24787,24788.75,24783,24783,104,0,24878.13633
10/17/2025 5:30,24782.25,24791.5,24782.25,24791.5,97,0,24878.06208
10/17/2025 5:31,24791.5,24791.75,24781,24782.5,191,0,24877.9108
10/17/2025 5:32,24782.5,24791.5,24774.5,24775.25,265,0,24877.69121
10/17/2025 5:33,24775,24778,24766.75,24772.75,242,0,24877.47529
10/17/2025 5:34,24772.5,24785.5,24771.5,24784.5,284,0,24877.24225
10/17/2025 5:35,24783,24789.5,24777.25,24786.75,138,0,24877.13408
10/17/2025 5:36,24786.5,24804,24783.5,24801.5,285,0,24876.93993
10/17/2025 5:37,24800.75,24810.5,24794.75,24809.75,188,0,24876.82607
10/17/2025 5:38,24811.25,24817.5,24799.75,24801.25,317,0,24876.63802
10/17/2025 5:39,24800.75,24811,24799.5,24802.5,146,0,24876.5495
10/17/2025 5:40,24802.5,24808.25,24799.75,24801.75,161,0,24876.45068
10/17/2025 5:41,24799,24800.75,24774,24775.25,233,0,24876.26935
10/17/2025 5:42,24774.25,24779,24759.5,24766.5,625,0,24875.70846
10/17/2025 5:43,24766,24771.5,24755,24760.75,408,0,24875.32545
10/17/2025 5:44,24762.25,24782,24762.25,24773.75,279,0,24875.08867
10/17/2025 5:45,24774.75,24777.75,24770.25,24773.75,88,0,24875.01512
10/17/2025 5:46,24773.75,24775.5,24764.75,24765.5,176,0,24874.8606
10/17/2025 5:47,24765.5,24772.75,24763.75,24767,225,0,24874.66232
10/17/2025 5:48,24767.75,24776.5,24760,24776.25,196,0,24874.49516
10/17/2025 5:49,24777,24780.25,24772.5,24777.5,136,0,24874.38601
10/17/2025 5:50,24776.25,24777.5,24764,24771.75,259,0,24874.16678
10/17/2025 5:51,24772.25,24778.5,24770.25,24773,154,0,24874.04043
10/17/2025 5:52,24773,24780,24771.75,24779.25,68,0,24873.98646
10/17/2025 5:53,24778.25,24787.5,24777.75,24778,146,0,24873.87566
10/17/2025 5:54,24778.75,24784.75,24775,24784.75,117,0,24873.78745
10/17/2025 5:55,24784.75,24784.75,24773.75,24774,69,0,24873.73325
10/17/2025 5:56,24775.5,24777,24770,24772,90,0,24873.65936
10/17/2025 5:57,24772.75,24777,24770.5,24773,82,0,24873.59246
10/17/2025 5:58,24773.75,24774.75,24768,24769,38,0,24873.56058
10/17/2025 5:59,24769.5,24772.75,24759.25,24760.5,137,0,24873.43868
10/17/2025 6:00,24761.25,24772,24748.75,24753,927,0,24872.57416
10/17/2025 6:01,24753.5,24784.25,24752.75,24765.75,436,0,24872.2059
10/17/2025 6:02,24766.25,24784,24766.25,24773.25,240,0,24872.01762
10/17/2025 6:03,24772.25,24778.5,24771.5,24776.75,120,0,24871.9248
10/17/2025 6:04,24776.5,24795,24776.5,24791,279,0,24871.73628
10/17/2025 6:05,24789.75,24800.75,24785,24799,243,0,24871.58717
10/17/2025 6:06,24796.75,24799,24790.75,24799,109,0,24871.52163
10/17/2025 6:07,24799.25,24801,24788.5,24799,159,0,24871.42613
10/17/2025 6:08,24799.5,24802.25,24793.25,24797.25,144,0,24871.34147
10/17/2025 6:09,24797.75,24804.75,24791.75,24797.75,177,0,24871.23837
10/17/2025 6:10,24796.25,24798.5,24788.75,24789.75,117,0,24871.16504
10/17/2025 6:11,24789.25,24796,24783.75,24784.5,202,0,24871.03195
10/17/2025 6:12,24784.25,24786.5,24768.25,24770.25,240,0,24870.84952
10/17/2025 6:13,24770.75,24780,24770.25,24779.75,117,0,24870.76238
10/17/2025 6:14,24778.5,24778.5,24764.5,24767.5,155,0,24870.63922
10/17/2025 6:15,24767,24774,24766.25,24766.75,142,0,24870.52535
10/17/2025 6:16,24769.5,24770.5,24762.5,24765,111,0,24870.4339
10/17/2025 6:17,24765,24782.25,24760.75,24780.5,307,0,24870.2023
10/17/2025 6:18,24780.25,24780.75,24768.25,24771.25,177,0,24870.06777
10/17/2025 6:19,24769.75,24778.5,24755,24767.5,861,0,24869.3756
10/17/2025 6:20,24768.5,24768.5,24747.25,24758.25,667,0,24868.79916
10/17/2025 6:21,24758,24761.5,24754.5,24758,132,0,24868.68579
10/17/2025 6:22,24759,24759.5,24749.75,24751.75,243,0,24868.46954
10/17/2025 6:23,24750.75,24757.5,24743.5,24753.5,395,0,24868.11315
10/17/2025 6:24,24754.5,24754.75,24744.25,24744.25,119,0,24868.00277
10/17/2025 6:25,24745,24751.25,24743,24747.25,93,0,24867.91623
10/17/2025 6:26,24746.25,24748.5,24740.5,24743,222,0,24867.70474
10/17/2025 6:27,24742.5,24755,24740.25,24751.75,321,0,24867.41253
10/17/2025 6:28,24752.25,24762.75,24739.5,24759.5,567,0,24866.92116
10/17/2025 6:29,24760.25,24763.5,24750.5,24755.25,492,0,24866.50758
10/17/2025 6:30,24756.75,24757.25,24743.25,24744.75,202,0,24866.3264
10/17/2025 6:31,24743.75,24779.75,24743.75,24768.5,993,0,24865.56041
10/17/2025 6:32,24769.75,24803,24769.75,24781.25,864,0,24865.03693
10/17/2025 6:33,24783,24783.25,24763.25,24764.75,389,0,24864.76206
10/17/2025 6:34,24764.75,24773.5,24761,24768.25,287,0,24864.55422
10/17/2025 6:35,24769,24781.25,24760.5,24778,289,0,24864.358
10/17/2025 6:36,24778.5,24795.5,24778.5,24789.5,397,0,24864.13276
10/17/2025 6:37,24790.25,24795.5,24773.5,24789.5,288,0,24863.96664
10/17/2025 6:38,24791.5,24798.25,24781.75,24785.25,261,0,24863.82103
10/17/2025 6:39,24786,24794.5,24782.5,24787.75,214,0,24863.70181
10/17/2025 6:40,24788.5,24804,24787.5,24801.5,499,0,24863.45977
10/17/2025 6:41,24802.5,24806.5,24795.5,24800.5,420,0,24863.26715
10/17/2025 6:42,24799.75,24805.5,24793,24799.25,183,0,24863.18148
10/17/2025 6:43,24799.25,24799.25,24786.25,24790.25,285,0,24863.03326
10/17/2025 6:44,24791.75,24799.5,24787.25,24796.75,326,0,24862.8706
10/17/2025 6:45,24796,24804.5,24794.75,24798,238,0,24862.76026
10/17/2025 6:46,24798.25,24826.5,24795.75,24817.75,785,0,24862.47987
10/17/2025 6:47,24816.25,24818,24802.25,24804,452,0,24862.30277
10/17/2025 6:48,24804.75,24809.5,24799.25,24804.5,258,0,24862.19539
10/17/2025 6:49,24804,24808.25,24787,24793.25,389,0,24862.01123
10/17/2025 6:50,24793.5,24793.75,24779.25,24780.5,354,0,24861.815
10/17/2025 6:51,24781.25,24782.25,24763.25,24770.75,424,0,24861.54374
10/17/2025 6:52,24771.5,24776.25,24765,24770.75,325,0,24861.33364
10/17/2025 6:53,24770.75,24781.25,24770.25,24779.5,312,0,24861.14689
10/17/2025 6:54,24778.75,24799.75,24776.5,24796.25,278,0,24861.00842
10/17/2025 6:55,24795.75,24808.5,24794.5,24804,311,0,24860.87944
10/17/2025 6:56,24802,24813.75,24800,24809.5,288,0,24860.77151
10/17/2025 6:57,24809.5,24818.75,24807.75,24814.5,344,0,24860.65749
10/17/2025 6:58,24813,24823,24813,24818.25,221,0,24860.59138
10/17/2025 6:59,24819.25,24826.5,24813.75,24824.25,282,0,24860.51408
10/17/2025 7:00,24822.5,24832,24818,24830.75,394,0,24860.42152
10/17/2025 7:01,24831,24841.5,24825,24840,744,0,24860.29254
10/17/2025 7:02,24839,24848.25,24832.5,24848,681,0,24860.21061
10/17/2025 7:03,24847.5,24858.5,24843.75,24856.25,554,0,24860.18242
10/17/2025 7:04,24856.75,24858.25,24838,24842.25,589,0,24860.12572
10/17/2025 7:05,24842.5,24842.75,24834.5,24834.5,469,0,24860.05225
10/17/2025 7:06,24834.5,24840.5,24829.75,24830.5,320,0,24859.99439
10/17/2025 7:07,24831.25,24843.75,24828,24830,401,0,24859.92313
10/17/2025 7:08,24830.75,24845.5,24825.75,24836.5,387,0,24859.86
10/17/2025 7:09,24836,24837.5,24827.5,24829,113,0,24859.83811
10/17/2025 7:10,24830,24900,24830,24892.25,2551,0,24860.08067
10/17/2025 7:11,24891.25,24895.25,24869,24879.25,919,0,24860.20922
10/17/2025 7:12,24879,24908,24873.5,24907.75,935,0,24860.43243
10/17/2025 7:13,24906.5,24942.75,24893.5,24920,1898,0,24861.15319
10/17/2025 7:14,24918.75,24977,24912.5,24958.75,2248,0,24862.42657
10/17/2025 7:15,24960.25,24981.5,24945.25,24973,1399,0,24863.35341
10/17/2025 7:16,24970.5,24986.75,24949.75,24958.25,1342,0,24864.21302
10/17/2025 7:17,24958,24972.5,24948.75,24965.75,793,0,24864.7013
10/17/2025 7:18,24964.5,24976.5,24942,24943.5,799,0,24865.14682
10/17/2025 7:19,24943.75,24961.5,24932.5,24948.75,1077,0,24865.69749
10/17/2025 7:20,24949,24952.25,24926,24941.75,657,0,24865.99905
10/17/2025 7:21,24941.75,24962,24940,24951.75,640,0,24866.33475
10/17/2025 7:22,24951,24958.5,24929.75,24938.25,855,0,24866.7316
10/17/2025 7:23,24939.25,24943.5,24929.5,24939.25,398,0,24866.90337
10/17/2025 7:24,24940,24957.75,24938.25,24949.5,516,0,24867.15964
10/17/2025 7:25,24949.5,24967,24942.25,24965.75,464,0,24867.41641
10/17/2025 7:26,24965.5,24981,24960.5,24972.25,762,0,24867.89442
10/17/2025 7:27,24971.75,24971.75,24947.25,24953,449,0,24868.13638
10/17/2025 7:28,24955,24967.75,24954,24957.25,286,0,24868.29384
10/17/2025 7:29,24957,24961.75,24950.5,24960.75,266,0,24868.4366
10/17/2025 7:30,24961.75,24969.5,24961.5,24962.5,234,0,24868.57141
10/17/2025 7:31,24961.25,24965.75,24943.25,24957.75,424,0,24868.79209
10/17/2025 7:32,24956.5,24957.25,24928.5,24932,521,0,24869.01098
10/17/2025 7:33,24932.25,24956.5,24930.75,24951,451,0,24869.2177
10/17/2025 7:34,24953.25,24953.5,24937.75,24947.5,312,0,24869.36036
10/17/2025 7:35,24948,24953.75,24938,24939.75,298,0,24869.49187
10/17/2025 7:36,24940.5,24947.25,24935.5,24942.75,321,0,24869.62921
10/17/2025 7:37,24942.75,24975,24942.25,24963.5,626,0,24869.96348
10/17/2025 7:38,24963.75,24972,24959,24963.5,281,0,24870.1203
10/17/2025 7:39,24963.25,24969.75,24962.5,24962.75,236,0,24870.25185
10/17/2025 7:40,24963.75,24970,24956.5,24968.25,185,0,24870.35461
10/17/2025 7:41,24967.75,24971.5,24958.75,24961.75,316,0,24870.52794
10/17/2025 7:42,24962.25,24968.5,24955.75,24966.25,280,0,24870.68017
10/17/2025 7:43,24967.25,24976.5,24965.75,24976.5,248,0,24870.82823
10/17/2025 7:44,24975,24984.5,24973.25,24981.25,431,0,24871.10146
10/17/2025 7:45,24980,24990,24965.5,24966,499,0,24871.39918
10/17/2025 7:46,24964.5,24968.5,24954.5,24959,387,0,24871.59937
10/17/2025 7:47,24959.25,24961,24948.5,24951.75,194,0,24871.69162
10/17/2025 7:48,24951.5,24971.75,24950,24971.25,226,0,24871.81264
10/17/2025 7:49,24972.25,24977,24970,24973,166,0,24871.90997
10/17/2025 7:50,24972,24973.75,24964.5,24973.25,147,0,24871.9936
10/17/2025 7:51,24971.25,24972.75,24964.75,24969.5,134,0,24872.06854
10/17/2025 7:52,24969,24971,24958,24958,282,0,24872.21507
10/17/2025 7:53,24957.75,24957.75,24931.75,24932.25,728,0,24872.50038
10/17/2025 7:54,24933.25,24938.25,24927.5,24936.25,445,0,24872.65686
10/17/2025 7:55,24937.25,24955.5,24926,24954.5,952,0,24873.05032
10/17/2025 7:56,24955,24973,24952.25,24969.75,476,0,24873.29855
10/17/2025 7:57,24969.5,24974,24966.25,24966.5,214,0,24873.41446
10/17/2025 7:58,24967.75,24974.75,24965.75,24973.75,206,0,24873.52869
10/17/2025 7:59,24973.75,24982.25,24967,24970,387,0,24873.7462
10/17/2025 8:00,24970.5,24986.5,24970.5,24985.5,257,0,24873.90135
10/17/2025 8:01,24985,24987.5,24968.75,24981,509,0,24874.20231
10/17/2025 8:02,24980.75,24982.25,24967,24977.5,433,0,24874.44847
10/17/2025 8:03,24978.75,25004.25,24974.25,25001.75,581,0,24874.83482
10/17/2025 8:04,25000.5,25001.75,24977.5,24986.75,694,0,24875.27468
10/17/2025 8:05,24985.25,24988,24968.75,24985,640,0,24875.6486
10/17/2025 8:06,24986,25007.25,24982,25006,540,0,24876.01531
10/17/2025 8:07,25005.75,25030.5,25004.5,25029.25,809,0,24876.66309
10/17/2025 8:08,25029,25046.25,25024.5,25029.25,886,0,24877.42378
10/17/2025 8:09,25029.25,25046.5,25025.75,25036.75,670,0,24878.00512
10/17/2025 8:10,25035.5,25039.25,25027.25,25039.25,415,0,24878.36062
10/17/2025 8:11,25038.25,25043.5,25029.75,25032.25,630,0,24878.89695
10/17/2025 8:12,25032.5,25032.5,25022.5,25030,647,0,24879.42003
10/17/2025 8:13,25029.75,25032.5,25000,25007.5,1120,0,24880.22657
10/17/2025 8:14,25008.5,25013.75,24991.25,25003.5,709,0,24880.69225
10/17/2025 8:15,25001.5,25017.5,24992,25012.75,514,0,24881.04023
10/17/2025 8:16,25011.5,25023.75,25003.75,25022.25,486,0,24881.39125
10/17/2025 8:17,25021.5,25033.75,25012,25015,618,0,24881.84702
10/17/2025 8:18,25014.75,25019.5,25004.75,25006.5,163,0,24881.95808
10/17/2025 8:19,25006.5,25018.25,25006.5,25017,139,0,24882.05534
10/17/2025 8:20,25017.5,25030.75,25015.25,25029.75,241,0,24882.2381
10/17/2025 8:21,25030.25,25034.25,25024,25032.5,480,0,24882.61339
10/17/2025 8:22,25033.5,25041.75,25032.75,25041.75,293,0,24882.85467
10/17/2025 8:23,25041,25050.25,25038.25,25047.75,405,0,24883.20117
10/17/2025 8:24,25047.5,25059.25,25046.25,25053.5,767,0,24883.88384
10/17/2025 8:25,25053.25,25053.5,25038,25040.5,599,0,24884.38501
10/17/2025 8:26,25040.75,25041.5,25019.25,25029.25,555,0,24884.80608
10/17/2025 8:27,25028.75,25030.25,25008.5,25008.5,390,0,24885.07162
10/17/2025 8:28,25010,25023.5,25008.5,25017.75,349,0,24885.30985
10/17/2025 8:29,25018,25028.5,25017.5,25028,221,0,24885.46951
10/17/2025 8:30,25027.25,25030.25,25020.75,25025.25,199,0,24885.61375
10/17/2025 8:31,25025.75,25037.5,25025.75,25037.5,298,0,24885.84176
10/17/2025 8:32,25036.5,25046,25024,25025.75,786,0,24886.43307
10/17/2025 8:33,25026.5,25027.25,25001.75,25009.75,785,0,24886.94236
10/17/2025 8:34,25010,25031,25010,25013.5,451,0,24887.24523
10/17/2025 8:35,25014.25,25019.25,25007,25018.25,235,0,24887.39848
10/17/2025 8:36,25018.5,25026.25,25012.75,25019.5,373,0,24887.64986
10/17/2025 8:37,25019,25038,25019,25027,346,0,24887.89717
10/17/2025 8:38,25027.25,25042.75,25023.75,25040.75,335,0,24888.14898
10/17/2025 8:39,25041.25,25053,25032.5,25043.25,488,0,24888.53201
10/17/2025 8:40,25044.25,25049.25,25040,25043.5,265,0,24888.741
10/17/2025 8:41,25043.75,25044.25,25029.5,25032.5,216,0,24888.90128
10/17/2025 8:42,25031.75,25035,25026.5,25026.5,195,0,24889.03968
10/17/2025 8:43,25026.5,25030.25,25012,25016.5,389,0,24889.29583
10/17/2025 8:44,25015.75,25022.75,25013.25,25017.75,311,0,24889.49729
10/17/2025 8:45,25017,25019.5,25010.25,25011.5,270,0,24889.66602
10/17/2025 8:46,25010.75,25024.5,25007.5,25021,394,0,24889.91916
10/17/2025 8:47,25020,25023.5,25009.75,25011.5,400,0,24890.16963
10/17/2025 8:48,25011,25013.5,25006.75,25007.5,238,0,24890.31143
10/17/2025 8:49,25007,25012.75,25004,25009.75,329,0,24890.50621
10/17/2025 8:50,25008.25,25021.5,25008.25,25018.5,400,0,24890.75663
10/17/2025 8:51,25018.5,25031.5,25016.25,25029.75,382,0,24891.01337
10/17/2025 8:52,25029.5,25031.5,25012.5,25014.5,272,0,24891.18703
10/17/2025 8:53,25015.25,25015.25,24997.75,24999,369,0,24891.39351
10/17/2025 8:54,24998.5,25001.25,24987.5,24990,553,0,24891.67121
10/17/2025 8:55,24990.25,25015,24989.5,25012,554,0,24891.98228
10/17/2025 8:56,25011.75,25018.5,25005,25008.25,331,0,24892.17562
10/17/2025 8:57,25008.25,25009,24996.5,24998.75,356,0,24892.36681
10/17/2025 8:58,24999.5,25003,24992.75,24996.25,241,0,24892.49103
10/17/2025 8:59,24997.25,25000.25,24990.5,24992.75,316,0,24892.64907
10/17/2025 9:00,24993,25002,24993,24994.75,232,0,24892.76716
10/17/2025 9:01,24993.5,25018,24992.75,25001.75,1037,0,24893.33003
10/17/2025 9:02,25002.25,25003.25,24996.5,25002.5,312,0,24893.49308
10/17/2025 9:03,25003.25,25005,24994,24995.5,211,0,24893.60043
10/17/2025 9:04,24995.75,25000.75,24989.5,24996.5,330,0,24893.76373
10/17/2025 9:05,24997,25012.75,24995.25,25005.75,348,0,24893.95054
10/17/2025 9:06,25006.5,25009.75,24992.5,24998.25,243,0,24894.07543
10/17/2025 9:07,24997.75,25011.75,24997.75,25007,503,0,24894.34595
10/17/2025 9:08,25007.5,25013.25,25004.5,25006,306,0,24894.51344
10/17/2025 9:09,25006.25,25027.5,25006.25,25025.25,494,0,24894.8107
10/17/2025 9:10,25025,25030.5,25018.75,25021,348,0,24895.02553
10/17/2025 9:11,25021.75,25026.75,25016,25023.75,206,0,24895.15113
10/17/2025 9:12,25024.25,25027,25014.75,25015.75,285,0,24895.32039
10/17/2025 9:13,25016,25021.25,25009,25019.25,328,0,24895.51043
10/17/2025 9:14,25019.75,25020.25,25012.25,25014,134,0,24895.58726
10/17/2025 9:15,25014,25014.75,24990,24992,572,0,24895.8689
10/17/2025 9:16,24993.25,24995.75,24977.75,24981,648,0,24896.14276
10/17/2025 9:17,24981,24989.75,24981,24984,577,0,24896.38543
10/17/2025 9:18,24983.75,25002.5,24982.5,24993.25,581,0,24896.64995
10/17/2025 9:19,24993.75,25001.75,24990.75,25000.25,486,0,24896.88118
10/17/2025 9:20,25000.5,25002.75,24995.5,25002.25,372,0,24897.06197
10/17/2025 9:21,25003,25006.5,24999.25,25005.75,444,0,24897.28458
10/17/2025 9:22,25006,25010,24998,25000,436,0,24897.49989
10/17/2025 9:23,25000.25,25006.5,24995.5,24999.25,362,0,24897.67418
10/17/2025 9:24,24999.5,25014.25,24998.25,25009.75,442,0,24897.90063
10/17/2025 9:25,25010,25017.5,25004.5,25014.75,475,0,24898.15364
10/17/2025 9:26,25014.25,25024.75,24997.5,25002.5,1126,0,24898.72809
10/17/2025 9:27,25002.75,25008.5,24992.75,24994.75,447,0,24898.93467
10/17/2025 9:28,24995,25005,24975,24978.5,934,0,24899.30981
10/17/2025 9:29,24977.25,25004,24976.75,24988.75,1260,0,24899.83196
10/17/2025 9:30,24988.25,25004,24983.5,24992.5,1896,0,24900.63653
10/17/2025 9:31,24992.75,25026.75,24956.5,24962.25,6424,24981.83333,24902.93675
10/17/2025 9:32,24961.75,25012,24956.75,25008.5,4350,24986.10635,24904.62093
10/17/2025 9:33,25007,25026,24986,25002.75,3427,24990.64568,24906.0864
10/17/2025 9:34,25001,25016.75,24975.5,25016.5,2394,24992.41589,24907.06478
10/17/2025 9:35,25016.75,25049.5,25009.25,25035.5,2818,24998.07726,24908.52638
10/17/2025 9:36,25036.75,25058.5,25028.25,25039.75,2710,25003.47808,24910.02008
10/17/2025 9:37,25039.25,25046,25014.75,25022.25,2846,25006.23513,24911.38498
10/17/2025 9:38,25022.5,25075,25021.75,25059.75,2664,25010.66323,24912.89741
10/17/2025 9:39,25060.5,25074.5,25010,25015,2378,25012.44634,24914.03981
10/17/2025 9:40,25014.75,25016.5,24986.75,24992.25,2379,25011.42201,24914.83485
10/17/2025 9:41,24993.25,25002.75,24966.75,24985.75,3337,25008.9619,24915.75031
10/17/2025 9:42,24987,24997,24966.25,24966.75,2046,25007.21261,24916.23318
10/17/2025 9:43,24967,24992.5,24966,24988.5,1826,25006.06537,24916.69751
10/17/2025 9:44,24988.75,24990.75,24946.25,24948.25,2150,25003.7832,24917.06709
10/17/2025 9:45,24949,24957.75,24929,24950.5,2847,25000.07838,24917.37532
10/17/2025 9:46,24949.5,24955.75,24934.5,24951.25,2457,24997.31545,24917.64906
10/17/2025 9:47,24950.75,24968,24937.75,24951.25,2186,24995.31843,24917.93032
10/17/2025 9:48,24951.5,24982.25,24944,24982.25,2456,24994.09182,24918.3959
10/17/2025 9:49,24981.75,25040.75,24978.75,25039.75,2677,24995.35509,24919.38357
10/17/2025 9:50,25040,25042.75,25018,25022.25,1655,24996.30956,24920.03201
10/17/2025 9:51,25023,25045.75,25020,25042,1797,24997.54043,24920.78065
10/17/2025 9:52,25040.75,25061.25,25032.75,25055.5,1723,24999.05353,24921.57511
10/17/2025 9:53,25055.5,25076.75,25048.25,25068.5,1684,25000.85347,24922.4299
10/17/2025 9:54,25068.25,25106.5,25055.5,25099.25,4292,25006.50184,24924.90204
10/17/2025 9:55,25099.75,25119.75,25090.5,25105.25,2435,25010.0371,24926.42458
10/17/2025 9:56,25105.5,25136.5,25103.75,25123.75,2630,25014.18382,24928.18656
10/17/2025 9:57,25124.75,25145.25,25112.75,25142.25,2916,25018.91395,24930.22319
10/17/2025 9:58,25143,25146.25,25114.25,25117.75,1744,25021.39778,24931.37878
10/17/2025 9:59,25117.75,25120,25090,25099.5,2210,25023.73078,24932.65365
10/17/2025 10:00,25100,25101.75,25071.5,25078.75,1667,25025.00052,24933.49613
10/17/2025 10:01,25078.5,25085,25036.75,25039.75,3383,25026.18273,24934.84037
10/17/2025 10:02,25039.75,25072,25033.5,25068.25,2576,25027.1435,24935.87842
10/17/2025 10:03,25068.75,25121.5,25063,25112.5,2997,25029.58846,24937.46351
10/17/2025 10:04,25112,25125.75,25104,25115,1515,25031.03129,24938.33092
10/17/2025 10:05,25117.25,25139.75,25098.5,25104.5,2084,25032.92296,24939.50589
10/17/2025 10:06,25104.75,25138,25101,25125,1648,25034.48412,24940.46121
10/17/2025 10:07,25124.75,25133.25,25111.25,25119.25,1153,25035.54297,24941.12333
10/17/2025 10:08,25119.25,25122.5,25085.25,25088,1829,25036.74015,24942.03283
10/17/2025 10:09,25088,25101,25078.5,25092,1297,25037.45451,24942.63847
10/17/2025 10:10,25093,25096.5,25068.5,25076.75,1423,25038.07425,24943.25311
10/17/2025 10:11,25077.5,25096,25071.25,25078.25,1474,25038.71602,24943.88976
10/17/2025 10:12,25077,25139.5,25077,25136,1850,25040.14001,24944.88507
10/17/2025 10:13,25135.5,25151,25127.5,25138.25,2167,25042.18791,24946.17936
10/17/2025 10:14,25137.75,25182.25,25134.25,25173.25,4127,25046.78646,24948.90241
10/17/2025 10:15,25173.25,25195.25,25173,25187,2340,25049.70222,24950.57044
10/17/2025 10:16,25187.75,25217.25,25186,25211.75,2923,25053.68722,24952.79541
10/17/2025 10:17,25211.5,25214.25,25188.5,25196.25,2299,25056.57516,24954.4818
10/17/2025 10:18,25197,25198.5,25160,25160,2374,25058.90259,24956.01125
10/17/2025 10:19,25160.25,25167,25148.25,25160.5,1658,25060.27708,24956.9974
10/17/2025 10:20,25160,25163,25146.25,25155.5,1054,25061.09945,24957.60801
10/17/2025 10:21,25156.75,25180.5,25142.5,25176,2134,25062.91885,24958.9037
10/17/2025 10:22,25175.5,25185.25,25132.5,25140,2268,25064.53669,24960.17312
10/17/2025 10:23,25140.75,25171,25139,25153,1459,25065.56702,24960.98832
10/17/2025 10:24,25154,25164.25,25137.25,25148.25,1294,25066.41675,24961.68923
10/17/2025 10:25,25149.25,25182.25,25145.75,25172.5,1435,25067.52616,24962.52978
10/17/2025 10:26,25171.25,25185,25151.25,25157,1597,25068.703,24963.44619
10/17/2025 10:27,25156,25178.75,25153.25,25171.75,1066,25069.50091,24964.06385
10/17/2025 10:28,25172,25192.75,25166.5,25182,1675,25070.88504,24965.08592
10/17/2025 10:29,25181.75,25183,25157.5,25170.5,1107,25071.69852,24965.72474
10/17/2025 10:30,25170,25178.5,25157.25,25165.25,1131,25072.48838,24966.36275
10/17/2025 10:31,25165.5,25171,25142.25,25146.5,1834,25073.5594,24967.31846
10/17/2025 10:32,25145.75,25152.75,25135.5,25147.25,1360,25074.25672,24967.99034
10/17/2025 10:33,25148.75,25154.75,25128.75,25135.25,1481,25074.94222,24968.69337
10/17/2025 10:34,25136.75,25138.5,25122.5,25130.5,1434,25075.50103,24969.33273
10/17/2025 10:35,25130,25134,25111,25114.25,1550,25075.97692,24969.97243
10/17/2025 10:36,25114.5,25118.25,25083.25,25098.75,2503,25076.38844,24970.85989
10/17/2025 10:37,25098.25,25100,25075,25082,2098,25076.51932,24971.51253
10/17/2025 10:38,25082,25100.5,25072,25085.75,1954,25076.64335,24972.11593
10/17/2025 10:39,25086.75,25087.75,25067.75,25076,1898,25076.64986,24972.65061
10/17/2025 10:40,25074.75,25087.5,25061.5,25064.5,1357,25076.60152,24973.0078
10/17/2025 10:41,25064,25092.75,25045.5,25046,2997,25076.31152,24973.71011
10/17/2025 10:42,25046.5,25068.25,25039.75,25068.25,1815,25076.11073,24974.11727
10/17/2025 10:43,25068.5,25104.25,25065,25099.25,2148,25076.28949,24974.76738
10/17/2025 10:44,25099,25119,25098.5,25103.25,1810,25076.63021,24975.39183
10/17/2025 10:45,25102.5,25104.75,25063.25,25063.5,1745,25076.6359,24975.85338
10/17/2025 10:46,25063.5,25069.5,25047,25062.5,1994,25076.4326,24976.28547
10/17/2025 10:47,25062.25,25096.25,25061.5,25079,1834,25076.45968,24976.76982
10/17/2025 10:48,25078,25095.75,25071.5,25091.75,1026,25076.51951,24977.05832
10/17/2025 10:49,25091.75,25112.5,25091,25102.5,1462,25076.73767,24977.52538
10/17/2025 10:50,25101.5,25124.5,25096,25097.5,1329,25076.96365,24977.96047
10/17/2025 10:51,25097.75,25123,25093,25113.75,1162,25077.18466,24978.35004
10/17/2025 10:52,25113.5,25115,25074,25094.25,1674,25077.34957,24978.84159
10/17/2025 10:53,25094.5,25098,25072,25074,1136,25077.37527,24979.13531
10/17/2025 10:54,25075.5,25106.5,25068.25,25097.75,1201,25077.46645,24979.47271
10/17/2025 10:55,25098.25,25099.75,25076.25,25078,733,25077.49611,24979.66628
10/17/2025 10:56,25077.5,25079,25050.25,25051,1584,25077.34252,24979.98479
10/17/2025 10:57,25051.25,25053.75,25018.75,25027,2456,25076.74651,24980.3094
10/17/2025 10:58,25027.5,25033.75,25020.5,25022.75,1329,25076.37629,24980.45872
10/17/2025 10:59,25022.5,25033,25005.5,25022.5,2134,25075.73157,24980.66839
10/17/2025 11:00,25021.75,25031.75,25017,25020.5,900,25075.47737,24980.76224
10/17/2025 11:01,25021,25031.75,25008.5,25024.25,2093,25074.87801,24980.97079
10/17/2025 11:02,25023.5,25059,25021.5,25035.25,2320,25074.43672,24981.29588
10/17/2025 11:03,25034,25081.5,25034,25079.75,1644,25074.35682,24981.62957
10/17/2025 11:04,25080.75,25101,25062.25,25064.25,2153,25074.37316,24982.11836
10/17/2025 11:05,25064,25091,25064,25080.5,1286,25074.40025,24982.41614
10/17/2025 11:06,25079.5,25096.25,25067.5,25089,1747,25074.48731,24982.84176
10/17/2025 11:07,25088,25113.25,25080.5,25101.25,1517,25074.66895,24983.2594
10/17/2025 11:08,25101.25,25108.75,25084.25,25092.5,1234,25074.79517,24983.58762
10/17/2025 11:09,25092.25,25095.75,25068.75,25078.5,1468,25074.84029,24983.92633
10/17/2025 11:10,25079.5,25085.5,25064.5,25066,1213,25074.82333,24984.17864
10/17/2025 11:11,25065.5,25100.25,25063.75,25074.75,1660,25074.86192,24984.55121
10/17/2025 11:12,25076.25,25077.5,25045,25048.25,1572,25074.72518,24984.81785
10/17/2025 11:13,25048.75,25053,25022,25031.25,1756,25074.39343,24985.02525
10/17/2025 11:14,25032.5,25035.5,25018.5,25023.75,1109,25074.13641,24985.13083
10/17/2025 11:15,25022.75,25026.75,24997.75,24998.5,1278,25073.73276,24985.19769
10/17/2025 11:16,24997.75,25018.5,24992.5,25001.5,1954,25073.09279,24985.28334
10/17/2025 11:17,25001.25,25022.5,24998.25,25017.25,1331,25072.7165,24985.3673
10/17/2025 11:18,25017,25041,25013,25035,1718,25072.37322,24985.54194
10/17/2025 11:19,25035.5,25048.75,25008.5,25021.75,1376,25072.08105,24985.67033
10/17/2025 11:20,25022,25023.25,24996.75,25004.75,1163,25071.74051,24985.73024
10/17/2025 11:21,25004.75,25016.25,24994.25,24999.75,1174,25071.37452,24985.77749
10/17/2025 11:22,25000.75,25006.5,24979.5,24982,1802,25070.70547,24985.79201
10/17/2025 11:23,24983,24990.25,24971.75,24981,1861,25069.95628,24985.77188
10/17/2025 11:24,24981,24989.25,24970.75,24976.75,1065,25069.52323,24985.75545
10/17/2025 11:25,24975.75,24993.25,24971.75,24974.75,1380,25068.97431,24985.73737
10/17/2025 11:26,24974.75,24978.75,24957.25,24977.25,1867,25068.16969,24985.67623
10/17/2025 11:27,24977.5,25009.25,24973,25008.5,1700,25067.64037,24985.71877
10/17/2025 11:28,25007.75,25015,24983,24991,1470,25067.18524,24985.75339
10/17/2025 11:29,24990.25,24993.75,24974.75,24977.5,1089,25066.78435,24985.74434
10/17/2025 11:30,24978.75,25002.5,24972.25,24991.25,1463,25066.29356,24985.75378
10/17/2025 11:31,24992,25014.5,24989.5,25000.5,1995,25065.74317,24985.82279
10/17/2025 11:32,24999.25,25000.25,24976,24978.25,1465,25065.2416,24985.81962
10/17/2025 11:33,24976.75,24992.75,24966.5,24974.75,1436,25064.71469,24985.7951
10/17/2025 11:34,24976.25,24982,24961,24962.25,1166,25064.24473,24985.75098
10/17/2025 11:35,24963.25,24978.5,24961.25,24974,1292,25063.74456,24985.7103
10/17/2025 11:36,24972.75,24987.25,24952.5,24953,1740,25063.02906,24985.62953
10/17/2025 11:37,24954.75,24962.25,24931.5,24944.25,3027,25061.58306,24985.37173
10/17/2025 11:38,24944.5,24967,24944.5,24963.25,1416,25060.98923,24985.28945
10/17/2025 11:39,24962.75,24968.5,24941.75,24963.75,1644,25060.30663,24985.19367
10/17/2025 11:40,24963.25,25011,24962.75,25007.25,2341,25059.68358,24985.23581
10/17/2025 11:41,25008,25043,25005,25037.75,2370,25059.39196,24985.45296
10/17/2025 11:42,25037.25,25044,25025.25,25036.5,1903,25059.21155,24985.65246
10/17/2025 11:43,25036.75,25046.5,25030.5,25039.5,1409,25059.09942,24985.80975
10/17/2025 11:44,25040.5,25040.75,25018.75,25031.25,1831,25058.8946,24985.97989
10/17/2025 11:45,25030.75,25054.5,25029.25,25047,1946,25058.77993,24986.21334
10/17/2025 11:46,25046.75,25052.25,25035.5,25043.25,1604,25058.68721,24986.40461
10/17/2025 11:47,25044,25063.5,25043.25,25058.25,1665,25058.66388,24986.64085
10/17/2025 11:48,25057.5,25062,25046,25054.75,1418,25058.64022,24986.83858
10/17/2025 11:49,25054.75,25081.75,25052,25081.5,1992,25058.7382,24987.18599
10/17/2025 11:50,25081.5,25093.75,25077.75,25086.75,1512,25058.89246,24987.49218
10/17/2025 11:51,25087.5,25098.25,25074.25,25084.5,1811,25059.07214,24987.85488
10/17/2025 11:52,25084.75,25095.5,25071,25085.5,1287,25059.19047,24988.10665
10/17/2025 11:53,25086.5,25099,25078.25,25097.75,1352,25059.35161,24988.39076
10/17/2025 11:54,25098,25122.75,25095,25108.5,1704,25059.65861,24988.80548
10/17/2025 11:55,25108.75,25109,25091.5,25093.75,1214,25059.82798,24989.07309
10/17/2025 11:56,25093.5,25111.5,25088.25,25105.25,1091,25059.99307,24989.32033
10/17/2025 11:57,25105.5,25123.75,25101.75,25122.5,1180,25060.23108,24989.62049
10/17/2025 11:58,25122,25130,25118.75,25124,1115,25060.48712,24989.92123
10/17/2025 11:59,25123.75,25125.75,25113.75,25123.5,711,25060.64105,24990.10769
10/17/2025 12:00,25123.75,25126,25100.5,25106,1049,25060.82873,24990.36052
10/17/2025 12:01,25106,25135.25,25105.5,25133.75,1754,25061.2264,24990.82977
10/17/2025 12:02,25134,25137.5,25124.5,25132.25,1225,25061.52966,24991.17156
10/17/2025 12:03,25132.5,25149.25,25132.25,25148,1257,25061.89,24991.5498
10/17/2025 12:04,25147.25,25164.5,25147,25163.75,1631,25062.43967,24992.08687
10/17/2025 12:05,25163,25173.5,25154,25162.5,1776,25063.06143,24992.68493
10/17/2025 12:06,25162.25,25169.75,25153,25156.5,1304,25063.49695,24993.11223
10/17/2025 12:07,25156.25,25184,25154.5,25178.75,1820,25064.17743,24993.75003
10/17/2025 12:08,25179,25184.75,25171.25,25180.5,1048,25064.58842,24994.12835
10/17/2025 12:09,25180.25,25184.5,25168.5,25179.25,977,25064.96421,24994.47696
10/17/2025 12:10,25178.25,25188,25175.75,25185.75,713,25065.25082,24994.7385
10/17/2025 12:11,25185,25185.75,25164.5,25166.5,1361,25065.74377,24995.20693
10/17/2025 12:12,25167,25178.5,25162.5,25175.25,1342,25066.22466,24995.66597
10/17/2025 12:13,25175.5,25183.25,25166.5,25174.5,1343,25066.71359,24996.12988
10/17/2025 12:14,25174,25178.75,25165.75,25169,913,25067.03252,24996.43758
10/17/2025 12:15,25169.25,25176.5,25163.5,25174.5,1052,25067.39878,24996.79147
10/17/2025 12:16,25174.5,25205.5,25173.5,25200.5,2461,25068.42188,24997.71576
10/17/2025 12:17,25200.25,25203.5,25189.5,25194.75,889,25068.79544,24998.05218
10/17/2025 12:18,25194.5,25198.5,25184,25184,997,25069.18858,24998.41465
10/17/2025 12:19,25183.75,25192.25,25159.25,25170.25,1426,25069.67688,24998.89028
10/17/2025 12:20,25169.25,25172.5,25158.5,25168.5,1172,25070.0465,24999.26278
10/17/2025 12:21,25168.75,25182.5,25166.5,25176.5,1349,25070.50638,24999.71161
10/17/2025 12:22,25176.5,25181.5,25168,25173.5,876,25070.8005,25000.00046
10/17/2025 12:23,25173.25,25189.25,25165,25175.75,997,25071.14073,25000.33244
10/17/2025 12:24,25176.5,25197.75,25175.75,25194,926,25071.49197,25000.66143
10/17/2025 12:25,25194,25198.25,25185.5,25193.25,676,25071.75393,25000.90491
10/17/2025 12:26,25192.25,25210,25188.5,25209,1376,25072.32833,25001.42481
10/17/2025 12:27,25209,25210.25,25179.25,25181.25,1619,25072.93474,25001.99605
10/17/2025 12:28,25179.75,25209.25,25179.75,25209.25,1074,25073.36475,25002.39144
10/17/2025 12:29,25208.5,25210.5,25199,25206.75,865,25073.72534,25002.71841
10/17/2025 12:30,25206.5,25213.25,25201.25,25205,1069,25074.17191,25003.12319
10/17/2025 12:31,25205.5,25229.25,25202.75,25225.25,2760,25075.41944,25004.22508
10/17/2025 12:32,25225.5,25229.75,25215.5,25215.5,950,25075.84734,25004.6038
10/17/2025 12:33,25216,25222,25198.25,25205.5,1117,25076.30685,25005.0234
10/17/2025 12:34,25205.75,25207,25190.5,25196.75,926,25076.65533,25005.35207
10/17/2025 12:35,25197.75,25203.25,25184.25,25186,872,25076.96308,25005.64948
10/17/2025 12:36,25186.5,25193,25174.25,25178.5,1452,25077.43067,25006.11801
10/17/2025 12:37,25179.25,25201.75,25178.5,25199.75,780,25077.70739,25006.38496
10/17/2025 12:38,25199.25,25217.75,25196.5,25209.5,1036,25078.119,25006.76591
10/17/2025 12:39,25209.75,25209.75,25187.25,25191.5,642,25078.34979,25006.98751
10/17/2025 12:40,25191,25199.25,25182.5,25188.75,781,25078.61511,25007.24786
10/17/2025 12:41,25189.5,25197.5,25182.5,25196.25,726,25078.86483,25007.49175
10/17/2025 12:42,25196.75,25198.75,25171,25172.5,967,25079.16262,25007.79571
10/17/2025 12:43,25172.25,25183.5,25165.75,25170.25,1005,25079.44731,25008.09669
10/17/2025 12:44,25170.75,25175,25163.25,25167.5,676,25079.62852,25008.29292
10/17/2025 12:45,25168.25,25176,25159,25173.5,847,25079.85685,25008.53952
10/17/2025 12:46,25173.75,25174.5,25147.75,25153,1479,25080.20384,25008.93878
10/17/2025 12:47,25153.25,25171.25,25150.25,25169.5,867,25080.41938,25009.18003
10/17/2025 12:48,25170.5,25181,25166.75,25180,939,25080.68574,25009.46112
10/17/2025 12:49,25180,25210,25178.25,25208.75,1168,25081.0948,25009.85774
10/17/2025 12:50,25209,25210.5,25202,25209.25,771,25081.38206,25010.13002
10/17/2025 12:51,25209.5,25229.5,25208.5,25210.75,1372,25081.92634,25010.63474
10/17/2025 12:52,25211.5,25213.25,25182.75,25184,1076,25082.27783,25010.98491
10/17/2025 12:53,25184.25,25184.5,25161.25,25167.5,1234,25082.59799,25011.33606
10/17/2025 12:54,25167.5,25170.75,25158.75,25161.75,880,25082.8061,25011.57408
10/17/2025 12:55,25161,25161.5,25141,25146.5,1311,25083.06056,25011.89461
10/17/2025 12:56,25147.25,25148.75,25130.5,25135.75,1275,25083.26439,25012.17939
10/17/2025 12:57,25135.5,25140.25,25125.75,25132.75,938,25083.39873,25012.37912
10/17/2025 12:58,25134,25151.75,25130,25144.25,1202,25083.60121,25012.65331
10/17/2025 12:59,25145.25,25166,25144,25166,689,25083.74958,25012.83015
10/17/2025 13:00,25165,25165,25151.75,25159.25,831,25083.92776,25013.04285
10/17/2025 13:01,25159.75,25160,25138.75,25156.5,1182,25084.15642,25013.33002
10/17/2025 13:02,25156.75,25165.25,25147.75,25152.75,704,25084.29889,25013.50481
10/17/2025 13:03,25152.75,25156,25140.25,25149.75,740,25084.4342,25013.67955
10/17/2025 13:04,25150.5,25153.5,25137.25,25143.5,808,25084.57232,25013.86432
10/17/2025 13:05,25142.5,25147.25,25127.25,25136,968,25084.71531,25014.07164
10/17/2025 13:06,25135,25145.5,25133.25,25141.5,630,25084.81372,25014.20976
10/17/2025 13:07,25141.25,25163.5,25137.5,25162.5,745,25084.95989,25014.39136
10/17/2025 13:08,25162.5,25163.25,25137.5,25138,691,25085.07889,25014.54949
10/17/2025 13:09,25138.5,25145.5,25131.5,25133.25,718,25085.18293,25014.70157
10/17/2025 13:10,25133.5,25137,25120.5,25134.5,892,25085.29643,25014.88059
10/17/2025 13:11,25133.75,25139,25124.75,25130.75,630,25085.37771,25015.0076
10/17/2025 13:12,25132.25,25132.5,25104.75,25114.75,1147,25085.47973,25015.21009
10/17/2025 13:13,25114.5,25135.5,25113.5,25131,739,25085.56428,25015.35202
10/17/2025 13:14,25130.25,25153,25130.25,25135.5,918,25085.70168,25015.54823
10/17/2025 13:15,25135.75,25144.5,25126.5,25140,602,25085.7871,25015.67388
10/17/2025 13:16,25139,25140.75,25122.5,25124.75,691,25085.87017,25015.8087
10/17/2025 13:17,25124.5,25135.5,25111,25121.75,862,25085.95773,25015.96671
10/17/2025 13:18,25122,25126.75,25109.25,25117,561,25086.00665,25016.06441
10/17/2025 13:19,25116.75,25117,25099,25105.75,972,25086.06328,25016.21593
10/17/2025 13:20,25105.5,25105.5,25094,25101.75,856,25086.0969,25016.33897
10/17/2025 13:21,25101.75,25119.25,25094,25118.5,989,25086.16299,25016.49781
10/17/2025 13:22,25117.75,25120,25086.5,25087,998,25086.19469,25016.63591
10/17/2025 13:23,25087,25128.75,25085.5,25122.25,1006,25086.2656,25016.79913
10/17/2025 13:24,25122.25,25144.25,25120.5,25135.75,802,25086.36819,25016.95787
10/17/2025 13:25,25134.75,25140.5,25121.25,25131.75,850,25086.47107,25017.12228
10/17/2025 13:26,25132.25,25134.5,25119.5,25121.25,602,25086.53378,25017.23225
10/17/2025 13:27,25122.5,25129.25,25116.5,25119.25,469,25086.57817,25017.31505
10/17/2025 13:28,25121.25,25130.75,25115.25,25127.5,427,25086.62174,25017.39237
10/17/2025 13:29,25126.5,25126.75,25111.25,25114.25,489,25086.66221,25017.47493
10/17/2025 13:30,25113.75,25122.5,25111.25,25115.75,407,25086.69481,25017.54291
10/17/2025 13:31,25116.75,25122,25107.5,25113,1225,25086.78486,25017.74216
10/17/2025 13:32,25112.75,25123.75,25107.5,25123.25,492,25086.82612,25017.82526
10/17/2025 13:33,25124,25135.25,25115,25126.25,852,25086.91397,25017.97933
10/17/2025 13:34,25126.25,25149,25123.5,25147,748,25087.0193,25018.13222
10/17/2025 13:35,25146.75,25156,25145.75,25154,728,25087.14477,25018.2954
10/17/2025 13:36,25154.25,25163.25,25149,25158.25,990,25087.32751,25018.5248
10/17/2025 13:37,25158,25167.25,25151.75,25162.75,708,25087.46463,25018.69282
10/17/2025 13:38,25162.5,25172.25,25161,25163.25,936,25087.65726,25018.92202
10/17/2025 13:39,25163,25165,25137.5,25140.75,971,25087.81075,25019.13034
10/17/2025 13:40,25141.75,25151.5,25141,25144,554,25087.8947,25019.24682
10/17/2025 13:41,25144,25151.5,25132.25,25139.75,698,25087.99219,25019.38824
10/17/2025 13:42,25140,25142.5,25124,25134,637,25088.06807,25019.50891
10/17/2025 13:43,25134.75,25138,25116.75,25117,681,25088.13186,25019.62681
10/17/2025 13:44,25116.75,25119,25107.25,25109,694,25088.17461,25019.73271
10/17/2025 13:45,25109.5,25120.75,25104,25109.75,549,25088.20796,25019.81608
10/17/2025 13:46,25110.75,25112.25,25089.75,25099.75,1270,25088.24876,25019.98546
10/17/2025 13:47,25099.25,25115,25094.25,25106.75,1096,25088.29723,25020.13965
10/17/2025 13:48,25107.25,25112,25094.75,25098.5,595,25088.31791,25020.21961
10/17/2025 13:49,25099.75,25128.25,25098.75,25127,781,25088.37771,25020.3452
10/17/2025 13:50,25127.25,25136,25124,25136,600,25088.44511,25020.45527
10/17/2025 13:51,25136,25170.75,25131.5,25169,1946,25088.78738,25020.89071
10/17/2025 13:52,25168.5,25170.5,25155.75,25164.25,888,25088.95699,25021.09781
10/17/2025 13:53,25165.25,25176.5,25160.75,25164.75,747,25089.10639,25021.27624
10/17/2025 13:54,25166,25190.75,25163.25,25186.75,1240,25089.39388,25021.59757
10/17/2025 13:55,25186.25,25201,25185,25194,1113,25089.68731,25021.90859
10/17/2025 13:56,25193.25,25203,25184.75,25188.75,1214,25090.00192,25022.24424
10/17/2025 13:57,25189.75,25201.25,25164.5,25190.5,1693,25090.40866,25022.69162
10/17/2025 13:58,25191,25195.5,25170.5,25177.5,920,25090.61842,25022.92738
10/17/2025 13:59,25176.75,25187,25173,25183.75,635,25090.76276,25023.08979
10/17/2025 14:00,25185,25197,25185,25193,711,25090.94238,25023.28318
10/17/2025 14:01,25191.75,25213.25,25191.5,25205.25,1772,25091.4388,25023.79651
10/17/2025 14:02,25205.75,25206.75,25193,25199.75,724,25091.63407,25024.00134
10/17/2025 14:03,25199.5,25218.5,25199,25203.25,1345,25092.01858,25024.39586
10/17/2025 14:04,25204.25,25214.5,25201.5,25202,648,25092.20144,25024.58437
10/17/2025 14:05,25201.5,25209,25198.5,25200,422,25092.31656,25024.70457
10/17/2025 14:06,25200.25,25222,25200.25,25222,1230,25092.68789,25025.07804
10/17/2025 14:07,25221.75,25222.75,25208,25219.25,1117,25093.02842,25025.41935
10/17/2025 14:08,25220,25230,25215.25,25219.75,784,25093.27594,25025.66443
10/17/2025 14:09,25220,25233,25219.25,25228.5,801,25093.53814,25025.92088
10/17/2025 14:10,25228.5,25229.25,25218.25,25224,619,25093.7354,25026.11558
10/17/2025 14:11,25223.25,25236.25,25222.5,25232.25,692,25093.96619,25026.33993
10/17/2025 14:12,25231.75,25233,25225.5,25232,505,25094.13392,25026.5032
10/17/2025 14:13,25232,25238.25,25230.5,25231,640,25094.3507,25026.71288
10/17/2025 14:14,25230.75,25231.75,25207,25209.75,1142,25094.68848,25027.05511
10/17/2025 14:15,25209.75,25226.75,25209.25,25223.75,754,25094.91732,25027.28486
10/17/2025 14:16,25223.5,25239.25,25222,25229,1024,25095.25194,25027.61242
10/17/2025 14:17,25228,25243.5,25227.75,25238.25,733,25095.5018,25027.85366
10/17/2025 14:18,25238.5,25243.25,25234.5,25237.75,1151,25095.89792,25028.23496
10/17/2025 14:19,25238.75,25245.5,25235.25,25245.25,756,25096.16325,25028.48882
10/17/2025 14:20,25245,25263.75,25243.25,25263.5,1665,25096.80334,25029.08447
10/17/2025 14:21,25262.5,25281.75,25262.25,25281.5,1715,25097.53226,25029.7439
10/17/2025 14:22,25281.5,25281.5,25271.25,25277,1222,25098.05213,25030.21432
10/17/2025 14:23,25277,25281,25272.75,25277.75,622,25098.31645,25030.45364
10/17/2025 14:24,25278.75,25286.5,25275.75,25278.75,1193,25098.83018,25030.91724
10/17/2025 14:25,25278,25279,25269.25,25271.5,1021,25099.25047,25031.3014
10/17/2025 14:26,25271.75,25273.25,25258.75,25269.25,1033,25099.65865,25031.67897
10/17/2025 14:27,25269,25276.5,25266.5,25274,768,25099.97031,25031.96514
10/17/2025 14:28,25273.75,25274.75,25267.25,25271.5,510,25100.17525,25032.15388
10/17/2025 14:29,25271.75,25284.5,25263.5,25278.5,763,25100.4887,25032.4408
10/17/2025 14:30,25278.25,25281.25,25269.25,25272.25,697,25100.77201,25032.70097
10/17/2025 14:31,25272.75,25282.25,25271,25275.5,868,25101.1276,25033.02685
10/17/2025 14:32,25274.25,25275.25,25264.75,25274.5,687,25101.40041,25033.27914
10/17/2025 14:33,25273,25276.5,25269,25271.75,487,25101.59431,25033.45835
10/17/2025 14:34,25271,25272,25253.5,25253.5,825,25101.89734,25033.74516
10/17/2025 14:35,25254.5,25269.25,25250.5,25265.25,757,25102.17789,25034.01001
10/17/2025 14:36,25265.75,25274,25264.5,25272.75,560,25102.39615,25034.21306
10/17/2025 14:37,25272.25,25279.75,25266.25,25277.5,608,25102.63821,25034.43692
10/17/2025 14:38,25276.75,25284.75,25270.5,25271,708,25102.92074,25034.69807
10/17/2025 14:39,25271,25276.75,25265.75,25270.75,560,25103.13795,25034.90051
10/17/2025 14:40,25270.25,25270.5,25257.75,25259.5,516,25103.3275,25035.08004
10/17/2025 14:41,25258.75,25269.75,25257,25263,633,25103.56038,25035.30054
10/17/2025 14:42,25263.25,25265,25242.5,25242.75,802,25103.83021,25035.56319
10/17/2025 14:43,25243,25252.75,25240.5,25252.25,552,25104.01335,25035.74227
10/17/2025 14:44,25253,25254.75,25243.75,25249.25,518,25104.18568,25035.91063
10/17/2025 14:45,25249.75,25250.75,25240.5,25245.75,418,25104.32102,25036.04401
10/17/2025 14:46,25245.75,25257,25245,25255.75,449,25104.4732,25036.19183
10/17/2025 14:47,25256,25264,25255,25259.5,503,25104.65126,25036.36246
10/17/2025 14:48,25259.75,25261,25236.75,25238.75,650,25104.86001,25036.56877
10/17/2025 14:49,25239.75,25246.5,25234.5,25242.5,639,25105.05831,25036.76699
10/17/2025 14:50,25243,25250.5,25242,25248.75,291,25105.15235,25036.85974
10/17/2025 14:51,25249.75,25260.75,25245.75,25257.5,570,25105.346,25037.04772
10/17/2025 14:52,25256.5,25258,25246.75,25246.75,349,25105.46102,25037.16046
10/17/2025 14:53,25247,25253,25237,25246.25,461,25105.60736,25037.30566
10/17/2025 14:54,25248.75,25256.75,25244.25,25250.5,305,25105.70753,25037.40395
10/17/2025 14:55,25251,25254.25,25246.25,25248.25,263,25105.79324,25037.48827
10/17/2025 14:56,25249,25256.25,25245,25253.25,388,25105.92119,25037.61367
10/17/2025 14:57,25253.75,25253.75,25244.5,25249.25,292,25106.01579,25037.70691
10/17/2025 14:58,25249.5,25253,25244.75,25250.5,248,25106.09618,25037.78614
10/17/2025 14:59,25251.5,25258.5,25250,25253,415,25106.23464,25037.92134
10/17/2025 15:00,25253.75,25257,25249.5,25253.5,385,25106.36243,25038.04633
10/17/2025 15:01,25253.25,25269,25252,25256.75,937,25106.68499,25038.35826
10/17/2025 15:02,25256.75,25274.75,25254.75,25273.25,690,25106.93457,25038.59605
10/17/2025 15:03,25273.25,25278.25,25261.5,25266,1117,25107.33948,25038.98162
10/17/2025 15:04,25267,25270.75,25256.75,25259,584,25107.54198,25039.17707
10/17/2025 15:05,25259.75,25275.5,25259.5,25274,441,25107.70194,25039.3294
10/17/2025 15:06,25274.5,25281.25,25272,25281.25,576,25107.92134,25039.53538
10/17/2025 15:07,25281,25281,25264,25269.25,615,25108.14571,25039.74871
10/17/2025 15:08,25269,25271.75,25262.25,25266.5,426,25108.29641,25039.89333
10/17/2025 15:09,25267,25268.75,25259,25262.75,634,25108.51546,25040.10506
10/17/2025 15:10,25263.5,25280.25,25261.5,25280,525,25108.70854,25040.28825
10/17/2025 15:11,25280.5,25284.75,25276.5,25278.5,839,25109.02735,25040.58792
10/17/2025 15:12,25279.5,25309,25279.25,25304.75,1735,25109.75095,25041.25102
10/17/2025 15:13,25304.5,25312.25,25297.5,25302.5,1234,25110.27969,25041.73231
10/17/2025 15:14,25301,25304.25,25297,25299.75,529,25110.5011,25041.93516
10/17/2025 15:15,25299.5,25307.5,25297.5,25303,724,25110.80702,25042.21476
10/17/2025 15:16,25303.25,25308.5,25292.75,25294.25,914,25111.18347,25042.56125
10/17/2025 15:17,25294.5,25300.25,25288.5,25299.25,591,25111.42284,25042.78261
10/17/2025 15:18,25298.5,25298.5,25287.5,25294,407,25111.58496,25042.93323
10/17/2025 15:19,25293.25,25295,25281.5,25282.25,492,25111.77292,25043.10991
10/17/2025 15:20,25282.25,25296.25,25282,25293.25,477,25111.95919,25043.28396
10/17/2025 15:21,25293,25300,25291.75,25297.75,362,25112.10504,25043.41908
10/17/2025 15:22,25297.25,25309,25296.5,25304.75,770,25112.42611,25043.71386
10/17/2025 15:23,25305.75,25305.75,25298.5,25298.75,436,25112.60514,25043.87893
10/17/2025 15:24,25298.75,25302.25,25295.5,25296.25,314,25112.73181,25043.99629
10/17/2025 15:25,25297,25305.25,25296,25304.25,314,25112.86093,25044.11531
10/17/2025 15:26,25304,25305,25285.75,25286.5,793,25113.17002,25044.40445
10/17/2025 15:27,25287,25294.5,25281.25,25281.5,575,25113.38517,25044.60806
10/17/2025 15:28,25281.5,25286,25277.25,25281.75,797,25113.67545,25044.88494
10/17/2025 15:29,25282,25286.75,25279.5,25283,386,25113.81686,25045.0196
10/17/2025 15:30,25282.5,25286.25,25280.75,25281.5,336,25113.93958,25045.13658
10/17/2025 15:31,25281.75,25282.25,25262.25,25264.75,1574,25114.46775,25045.65294
10/17/2025 15:32,25265.25,25268.75,25250.5,25254.75,1029,25114.78513,25045.9716
10/17/2025 15:33,25255.5,25260.25,25244.5,25248.75,958,25115.06531,25046.25788
10/17/2025 15:34,25248.5,25261.5,25240.5,25258.25,975,25115.35397,25046.55161
10/17/2025 15:35,25258.5,25265.25,25254.25,25262.5,797,25115.60139,25046.7995
10/17/2025 15:36,25263,25275.5,25262,25271.75,739,25115.84437,25047.03857
10/17/2025 15:37,25271.75,25271.75,25256,25260,691,25116.06033,25047.25447
10/17/2025 15:38,25259.25,25265.5,25257,25259.25,487,25116.21008,25047.40496
10/17/2025 15:39,25259.25,25277.75,25259,25277,553,25116.39228,25047.58412
10/17/2025 15:40,25277,25277.5,25268.75,25273.5,460,25116.54547,25047.73427
10/17/2025 15:41,25273.75,25278,25260.5,25263.25,585,25116.73241,25047.91986
10/17/2025 15:42,25263.5,25274.25,25262.25,25268.75,413,25116.86512,25048.05139
10/17/2025 15:43,25269.25,25271,25262.25,25264,438,25117.00315,25048.18902
10/17/2025 15:44,25263.75,25266,25258.5,25261.75,634,25117.19758,25048.38458
10/17/2025 15:45,25262,25262.25,25255.25,25260.25,704,25117.40865,25048.59845
10/17/2025 15:46,25259.75,25266.75,25250.75,25251.25,845,25117.65583,25048.85092
10/17/2025 15:47,25251.75,25257.25,25247.5,25248.75,809,25117.883,25049.08616
10/17/2025 15:48,25248.75,25250.75,25244.5,25248.5,666,25118.0649,25049.27629
10/17/2025 15:49,25247.75,25262,25247.25,25257.5,777,25118.28896,25049.5062
10/17/2025 15:50,25257.25,25264,25251.25,25263.25,611,25118.46965,25049.69006
10/17/2025 15:51,25263,25266,25250.5,25255.5,1745,25118.97526,25050.20799
10/17/2025 15:52,25256,25257.5,25248.5,25250.5,875,25119.218,25050.46027
10/17/2025 15:53,25249.75,25253.25,25240.75,25242,1096,25119.50523,25050.76471
10/17/2025 15:54,25242.25,25259.75,25241.75,25246.75,768,25119.71223,25050.98194
10/17/2025 15:55,25246.75,25266,25245.25,25256.25,1352,25120.09299,25051.37553
10/17/2025 15:56,25256.75,25262,25238.5,25246.5,1984,25120.61997,25051.93116
10/17/2025 15:57,25246.5,25250.75,25236.5,25241.75,1161,25120.91203,25052.245
10/17/2025 15:58,25241,25252.75,25238.75,25252.25,1277,25121.24454,25052.59788
10/17/2025 15:59,25251.5,25264.25,25247,25262.5,1915,25121.77903,25053.15165
10/17/2025 16:00,25262,25265.75,25235.75,25244,7821,25123.77117,25055.28001
10/17/2025 16:01,25244.25,25248.75,25232.5,25240.75,3054,25124.48438,25056.06539
10/17/2025 16:02,25240.5,25250.25,25240.5,25247.5,912,25124.70553,25056.30548
10/17/2025 16:03,25246.5,25252.5,25246.25,25251.25,464,25124.82136,25056.42991
10/17/2025 16:04,25251.75,25263,25250.25,25260,574,25124.9732,25056.58978
10/17/2025 16:05,25261,25263,25257.75,25261.25,334,25125.06333,25056.68403
10/17/2025 16:06,25262,25272.5,25260.5,25269.75,738,25125.2722,25056.89903
10/17/2025 16:07,25269.75,25271.75,25266.5,25269.5,376,25125.37962,25057.00927
10/17/2025 16:08,25269.5,25271.5,25264.5,25268,341,25125.47606,25057.10856
10/17/2025 16:09,25268.5,25268.75,25262.25,25263.5,274,25125.55174,25057.18707
10/17/2025 16:10,25263.5,25266.75,25263,25265.75,233,25125.61618,25057.2539
10/17/2025 16:11,25265.25,25267.25,25263.75,25265,185,25125.66737,25057.30697
10/17/2025 16:12,25265.25,25267.75,25263,25263.75,152,25125.70924,25057.35046
10/17/2025 16:13,25263.75,25268.5,25262.25,25265.25,254,25125.77941,25057.42325
10/17/2025 16:14,25264.75,25270,25264.25,25269.75,190,25125.83286,25057.47836
10/17/2025 16:15,25269.75,25270.75,25266.5,25267.25,272,25125.9094,25057.55728
10/17/2025 16:16,25266.25,25267.25,25263.25,25264.75,101,25125.93718,25057.58614
10/17/2025 16:17,25264.5,25264.5,25262.25,25263.75,115,25125.96844,25057.61874
10/17/2025 16:18,25264.25,25267.5,25263.75,25265,208,25126.02573,25057.67822
10/17/2025 16:19,25265.25,25265.5,25263.25,25263.5,97,25126.05218,25057.70577
10/17/2025 16:20,25263.25,25267.75,25256.75,25265.25,578,25126.2086,25057.86912
10/17/2025 16:21,25265.5,25271,25264.5,25270.5,137,25126.24709,25057.90882
10/17/2025 16:22,25270.75,25287,25268.75,25279.75,765,25126.47644,25058.14057
10/17/2025 16:23,25279,25279,25268.75,25268.75,126,25126.51257,25058.17759
10/17/2025 16:24,25269,25284.25,25268.75,25282,430,25126.64098,25058.3075
10/17/2025 16:25,25281.75,25285,25277,25280.25,514,25126.79663,25058.46428
10/17/2025 16:26,25280.5,25284.25,25277.5,25278.75,218,25126.8623,25058.53053
10/17/2025 16:27,25279.25,25282,25278.25,25281.25,98,25126.89186,25058.56035
10/17/2025 16:28,25280.75,25286,25279,25279,198,25126.95189,25058.62079
10/17/2025 16:29,25279.25,25292.75,25277.75,25290.5,1046,25127.27984,25058.94766
10/17/2025 16:30,25289.75,25295,25287.75,25287.75,179,25127.33693,25059.00428
10/17/2025 16:31,25287.25,25299.5,25286,25293.5,804,25127.59735,25059.26136
10/17/2025 16:32,25293.25,25295.75,25288.75,25290.75,178,25127.65446,25059.3179
10/17/2025 16:33,25290.25,25292.25,25289.5,25289.75,91,25127.68342,25059.34664
10/17/2025 16:34,25289.5,25289.5,25285.5,25288,81,25127.70873,25059.37189
10/17/2025 16:35,25287.25,25299.25,25286.75,25292.75,921,25128.00549,25059.66531
10/17/2025 16:36,25292.5,25292.75,25288.5,25288.75,112,25128.04087,25059.70049
10/17/2025 16:37,25287.75,25289.5,25286.75,25287.75,55,25128.05802,25059.71762
10/17/2025 16:38,25288,25288.75,25283.75,25284.75,76,25128.08138,25059.74104
10/17/2025 16:39,25285,25286.25,25284,25285.75,60,25128.09977,25059.7595
10/17/2025 16:40,25285.5,25285.5,25282.25,25282.75,84,25128.12521,25059.78513
10/17/2025 16:41,25282.75,25286.25,25282.5,25286,89,25128.1524,25059.81244
10/17/2025 16:42,25285.75,25286.5,25284.25,25286,64,25128.17203,25059.83214
10/17/2025 16:43,25286,25287.75,25284.5,25287.25,77,25128.19578,25059.85592
10/17/2025 16:44,25287.5,25287.5,25285,25285,64,25128.21543,25059.87563
10/17/2025 16:45,25285.25,25286.5,25282.5,25286.25,93,25128.24384,25059.90418
10/17/2025 16:46,25285.25,25287.75,25284.75,25287.25,68,25128.26481,25059.92518
10/17/2025 16:47,25287.5,25289.5,25285.25,25285.25,101,25128.29595,25059.95638
10/17/2025 16:48,25285,25285.75,25283.5,25285.75,68,25128.31669,25059.97722
10/17/2025 16:49,25286.25,25286.75,25284.5,25286.75,66,25128.33695,25059.99754
10/17/2025 16:50,25286.5,25288,25285.5,25286.25,35,25128.34773,25060.00834
10/17/2025 16:51,25286.25,25293,25286,25288.5,116,25128.38402,25060.04455
10/17/2025 16:52,25288.75,25290.5,25286.75,25289.25,89,25128.4118,25060.07227
10/17/2025 16:53,25289.25,25289.75,25287.75,25287.75,39,25128.42394,25060.0844
10/17/2025 16:54,25287.5,25290.5,25287.25,25289.5,38,25128.43582,25060.09625
10/17/2025 16:55,25289.25,25289.5,25287.5,25288.25,43,25128.44919,25060.10961
10/17/2025 16:56,25288.5,25290,25287,25287.25,165,25128.50041,25060.16081
10/17/2025 16:57,25287,25289.25,25286.5,25287.75,80,25128.52518,25060.1856
10/17/2025 16:58,25287.5,25288,25287,25287.5,79,25128.54959,25060.21004
10/17/2025 16:59,25287.25,25289.5,25286,25287.5,179,25128.60493,25060.26543
10/17/2025 17:00,25288,25290.5,25287.75,25290,157,25128.65397,25060.31437
10/19/2025 18:01,25322.25,25355.75,25322.25,25334.5,599,0,25337.5
10/19/2025 18:02,25335.5,25337,25325.5,25325.5,229,0,25335.24134
10/19/2025 18:03,25325.5,25337.5,25320,25323.75,329,0,25332.92156
10/19/2025 18:04,25324.5,25327.5,25309,25312.5,181,0,25330.67757
10/19/2025 18:05,25313.75,25324.5,25313,25314.75,130,0,25329.50324
10/19/2025 18:06,25316.5,25331.25,25306.5,25330,180,0,25328.74742
10/19/2025 18:07,25330.75,25331,25318.25,25327.25,98,0,25328.56515
10/19/2025 18:08,25325.25,25325.25,25317.75,25322,60,0,25328.33596
10/19/2025 18:09,25320,25322.5,25314.75,25319.5,138,0,25327.66731
10/19/2025 18:10,25321,25331.75,25320.5,25325.5,170,0,25327.52653
10/19/2025 18:11,25322.5,25327.75,25321.5,25325.25,60,0,25327.4522
10/19/2025 18:12,25326,25334,25323.75,25332,111,0,25327.57192
10/19/2025 18:13,25331,25331,25320.25,25321.5,66,0,25327.47866
10/19/2025 18:14,25322.25,25330.5,25321.5,25329.5,63,0,25327.47052
10/19/2025 18:15,25329.25,25335.5,25329,25330.5,98,0,25327.63422
10/19/2025 18:16,25329.25,25329.25,25319.5,25322.75,92,0,25327.49994
10/19/2025 18:17,25322,25330.5,25321.5,25328,82,0,25327.4745
10/19/2025 18:18,25327.25,25330.25,25318.75,25320,87,0,25327.33411
10/19/2025 18:19,25320.5,25330.75,25320.5,25321.5,164,0,25327.1619
10/19/2025 18:20,25322,25325.5,25318.75,25321,74,0,25327.02889
10/19/2025 18:21,25320.5,25320.5,25313,25317.5,144,0,25326.57116
10/19/2025 18:22,25317.75,25320,25312,25312,89,0,25326.24455
10/19/2025 18:23,25312.75,25315,25302,25304.5,234,0,25324.96099
10/19/2025 18:24,25304.75,25314,25303.25,25312.75,123,0,25324.44997
10/19/2025 18:25,25314,25317.75,25310.5,25314.75,76,0,25324.24087
10/19/2025 18:26,25315,25316,25308.5,25312.25,83,0,25323.97617
10/19/2025 18:27,25313.25,25319.75,25312.25,25318.75,116,0,25323.7649
10/19/2025 18:28,25318.75,25319.75,25310.5,25312,85,0,25323.55714
10/19/2025 18:29,25313,25313,25303.5,25305.75,97,0,25323.17133
10/19/2025 18:30,25306.5,25308.75,25303.25,25305.5,69,0,25322.88145
10/19/2025 18:31,25305,25310.5,25304.25,25306.75,90,0,25322.54606
10/19/2025 18:32,25306.25,25310.25,25298.75,25301.25,120,0,25322.01677
10/19/2025 18:33,25300.75,25303.5,25298.5,25299.75,82,0,25321.61905
10/19/2025 18:34,25300.75,25305.75,25296.25,25305,124,0,25321.09265
10/19/2025 18:35,25305.25,25306.25,25299.75,25302.5,103,0,25320.68785
10/19/2025 18:36,25303.25,25311.5,25303.25,25311.5,99,0,25320.43878
10/19/2025 18:37,25310.5,25313.75,25308.5,25309.75,165,0,25320.11039
10/19/2025 18:38,25312.25,25312.5,25307.75,25310.5,62,0,25319.98743
10/19/2025 18:39,25311.25,25313.25,25309.5,25310.5,39,0,25319.91813
10/19/2025 18:40,25310.5,25310.5,25306.75,25306.75,32,0,25319.8425
10/19/2025 18:41,25306.75,25313,25303.75,25309,81,0,25319.66452
10/19/2025 18:42,25308.5,25317.5,25308.25,25315.25,92,0,25319.55873
10/19/2025 18:43,25314.75,25320.5,25313.75,25318.5,97,0,25319.52266
10/19/2025 18:44,25318.5,25319.5,25314,25315.5,43,0,25319.49706
10/19/2025 18:45,25314.75,25316.75,25314.25,25316.5,30,0,25319.47665
10/19/2025 18:46,25315.5,25319.5,25315.5,25318.25,23,0,25319.46931
10/19/2025 18:47,25317.75,25321.5,25317.75,25320.5,32,0,25319.47194
10/19/2025 18:48,25320,25320,25316.5,25319.25,43,0,25319.46497
10/19/2025 18:49,25318.25,25319.5,25314.5,25319.5,29,0,25319.45639
10/19/2025 18:50,25318.5,25318.75,25315.25,25317,22,0,25319.44663
10/19/2025 18:51,25316.5,25317.25,25312.75,25316.75,35,0,25319.42235
10/19/2025 18:52,25316.25,25317.75,25313.5,25317,24,0,25319.40803
10/19/2025 18:53,25314.75,25314.75,25312.75,25313.25,14,0,25319.39349
10/19/2025 18:54,25314,25317.25,25314,25316.75,15,0,25319.38443
10/19/2025 18:55,25318.25,25319.5,25317,25318.75,30,0,25319.3793
10/19/2025 18:56,25318,25320.5,25318,25319.25,27,0,25319.37868
10/19/2025 18:57,25319.75,25322.25,25315.75,25316.5,60,0,25319.36601
10/19/2025 18:58,25314.75,25316.75,25313,25316.75,22,0,25319.35125
10/19/2025 18:59,25316.5,25320.25,25315.5,25315.5,53,0,25319.33058
10/19/2025 19:00,25316.25,25318,25316.25,25316.75,8,0,25319.32738
10/19/2025 19:01,25318,25320.5,25308.75,25314,148,0,25319.20566
10/19/2025 19:02,25313.25,25316,25309,25309,82,0,25319.09901
10/19/2025 19:03,25308.5,25308.5,25299.75,25302.75,151,0,25318.7234
10/19/2025 19:04,25302.5,25303.5,25298.75,25300.5,71,0,25318.52193
10/19/2025 19:05,25301.25,25309.5,25300.5,25307,61,0,25318.39816
10/19/2025 19:06,25309.5,25310,25297.75,25299.25,96,0,25318.15839
10/19/2025 19:07,25300.25,25303.25,25293.25,25297.5,157,0,25317.67806
10/19/2025 19:08,25297.75,25298.5,25291.25,25294.25,82,0,25317.39521
10/19/2025 19:09,25294.5,25296.75,25291,25295.75,54,0,25317.21136
10/19/2025 19:10,25296.5,25300.25,25294.75,25296.75,93,0,25316.93908
10/19/2025 19:11,25297.5,25302,25297.5,25301.25,126,0,25316.63626
10/19/2025 19:12,25301.5,25301.5,25297.75,25298.75,38,0,25316.54208
10/19/2025 19:13,25299.25,25300.5,25295.75,25300.5,76,0,25316.3523
10/19/2025 19:14,25301.5,25302.5,25295.5,25298.25,42,0,25316.24817
10/19/2025 19:15,25298.5,25298.5,25291,25292.25,108,0,25315.91357
10/19/2025 19:16,25292.5,25295.5,25288.75,25295.25,83,0,25315.65462
10/19/2025 19:17,25295.25,25296,25290,25290.25,25,0,25315.57407
10/19/2025 19:18,25292,25299.5,25292,25295.5,99,0,25315.30828
10/19/2025 19:19,25294.25,25296,25292.75,25294.25,22,0,25315.24624
10/19/2025 19:20,25295,25299,25293,25293,38,0,25315.14331
10/19/2025 19:21,25293,25293.25,25288,25289.25,106,0,25314.79408
10/19/2025 19:22,25290.25,25290.25,25278,25282.75,224,0,25313.90074
10/19/2025 19:23,25282,25284.5,25273.25,25275.5,159,0,25313.17899
10/19/2025 19:24,25276.75,25278,25271.25,25272.75,110,0,25312.64522
10/19/2025 19:25,25273,25274.5,25259,25263.5,311,0,25310.90278
10/19/2025 19:26,25262.75,25264,25252.5,25254.25,287,0,25309.11611
10/19/2025 19:27,25253.5,25263.25,25249,25261,179,0,25308.0773
10/19/2025 19:28,25261,25261,25252.25,25252.25,65,0,25307.69157
10/19/2025 19:29,25252.5,25253.5,25243.75,25247,219,0,25306.26253
10/19/2025 19:30,25247.5,25253.25,25247.5,25251.25,65,0,25305.86974
10/19/2025 19:31,25250.75,25257.5,25250.25,25253.25,133,0,25305.12582
10/19/2025 19:32,25255.25,25257.25,25248.5,25255.75,99,0,25304.58744
10/19/2025 19:33,25256.25,25256.25,25249,25252.5,52,0,25304.30231
10/19/2025 19:34,25251.25,25254,25248.5,25251.5,49,0,25304.03004
10/19/2025 19:35,25253.5,25264,25252.25,25263.75,147,0,25303.36141
10/19/2025 19:36,25264,25266,25259.25,25261.75,69,0,25303.07102
10/19/2025 19:37,25262.25,25262.25,25256.25,25260,46,0,25302.8664
10/19/2025 19:38,25263.75,25266.5,25261.25,25266.25,66,0,25302.61073
10/19/2025 19:39,25265.25,25266.5,25259.5,25259.5,45,0,25302.42549
10/19/2025 19:40,25258.75,25260,25256.5,25259.5,48,0,25302.21448
10/19/2025 19:41,25260.5,25262.75,25256.75,25261.5,59,0,25301.9677
10/19/2025 19:42,25263,25263,25255.5,25257.5,93,0,25301.56922
10/19/2025 19:43,25257.25,25259.25,25255,25255,69,0,25301.26303
10/19/2025 19:44,25254.5,25256.5,25251,25252.5,53,0,25301.01467
10/19/2025 19:45,25252.25,25255.75,25250,25252.5,110,0,25300.50111
10/19/2025 19:46,25250.75,25255.25,25246.5,25253,122,0,25299.93056
10/19/2025 19:47,25253.25,25257.75,25250.25,25256,72,0,25299.62112
10/19/2025 19:48,25255,25260.5,25254,25258,79,0,25299.30753
10/19/2025 19:49,25260,25265.75,25259.75,25265.25,78,0,25299.04684
10/19/2025 19:50,25265,25265.25,25259,25259.75,82,0,25298.75973
10/19/2025 19:51,25260.5,25261.25,25252.5,25253.5,85,0,25298.42297
10/19/2025 19:52,25255,25260.5,25255,25256.5,59,0,25298.20086
10/19/2025 19:53,25257.75,25264.5,25257.75,25264.5,39,0,25298.07287
10/19/2025 19:54,25264.5,25264.5,25261.5,25262.25,47,0,25297.92195
10/19/2025 19:55,25262.25,25265.25,25259.75,25259.75,47,0,25297.76736
10/19/2025 19:56,25259.75,25261.5,25257.25,25260.5,102,0,25297.41958
10/19/2025 19:57,25260.25,25261.25,25259.25,25260.25,15,0,25297.36964
10/19/2025 19:58,25259.25,25262.75,25259,25261.25,34,0,25297.25923
10/19/2025 19:59,25261.75,25265.5,25260,25265.5,81,0,25297.018
10/19/2025 20:00,25265.75,25272.5,25264.75,25268.5,146,0,25296.65467
10/19/2025 20:01,25268.25,25271.5,25261.75,25265.5,220,0,25296.08031
10/19/2025 20:02,25265,25273,25264,25272.5,284,0,25295.45548
10/19/2025 20:03,25271.25,25271.75,25266,25269,92,0,25295.25239
10/19/2025 20:04,25269,25271.25,25262.5,25262.5,103,0,25294.99894
10/19/2025 20:05,25263.5,25266,25258,25260.75,135,0,25294.63099
10/19/2025 20:06,25260.25,25262.75,25257.5,25259.25,71,0,25294.43063
10/19/2025 20:07,25259.25,25262.5,25257.25,25261.75,157,0,25294.00405
10/19/2025 20:08,25260.75,25261.25,25256.75,25258,39,0,25293.89404
10/19/2025 20:09,25257.25,25259,25251.75,25255.5,113,0,25293.55005
10/19/2025 20:10,25255,25261.5,25253.25,25258.25,63,0,25293.37209
10/19/2025 20:11,25257.25,25261.5,25254.25,25256,75,0,25293.16007
10/19/2025 20:12,25255,25260,25252.75,25256,84,0,25292.91902
10/19/2025 20:13,25255.5,25255.5,25245,25248.5,177,0,25292.33188
10/19/2025 20:14,25247.5,25251,25246.25,25249,78,0,25292.07272
10/19/2025 20:15,25249.5,25249.5,25244.5,25248,83,0,25291.79141
10/19/2025 20:16,25247.75,25249.5,25240.5,25242,203,0,25291.06757
10/19/2025 20:17,25242.75,25246.75,25240.75,25242,120,0,25290.6425
10/19/2025 20:18,25239.75,25240.5,25234.5,25237.75,172,0,25289.97612
10/19/2025 20:19,25238.5,25241.5,25232,25233.75,179,0,25289.2765
10/19/2025 20:20,25235.25,25239.25,25223.25,25227.25,298,0,25288.02832
10/19/2025 20:21,25228.25,25236.25,25222.5,25223.5,258,0,25286.94462
10/19/2025 20:22,25223.75,25228.25,25220.5,25222.5,208,0,25286.04665
10/19/2025 20:23,25222.25,25227.5,25220.75,25221.25,116,0,25285.55227
10/19/2025 20:24,25221.75,25222.5,25212.25,25217.5,242,0,25284.45272
10/19/2025 20:25,25216.75,25246.5,25214,25242.75,992,0,25281.34816
10/19/2025 20:26,25241.5,25254,25229.75,25240.75,428,0,25280.30923
10/19/2025 20:27,25241,25243.75,25234,25235.5,166,0,25279.88318
10/19/2025 20:28,25235.75,25240.25,25231,25239.75,243,0,25279.26382
10/19/2025 20:29,25240,25246.5,25230.5,25236.75,194,0,25278.79251
10/19/2025 20:30,25237.5,25238,25229.25,25233.25,100,0,25278.52793
10/19/2025 20:31,25234,25239,25222.5,25223.25,193,0,25277.96742
10/19/2025 20:32,25223.75,25232,25221.5,25231.25,112,0,25277.64784
10/19/2025 20:33,25231.5,25233.25,25225.5,25226.75,63,0,25277.47077
10/19/2025 20:34,25226.25,25235,25226,25235,65,0,25277.30238
10/19/2025 20:35,25233.5,25240.25,25226,25227.25,195,0,25276.79545
10/19/2025 20:36,25227.75,25239.25,25226.75,25231.75,185,0,25276.33933
10/19/2025 20:37,25231.25,25235.75,25231,25235,79,0,25276.15325
10/19/2025 20:38,25234.5,25243.25,25234.5,25243.25,129,0,25275.89853
10/19/2025 20:39,25243.5,25253,25242.5,25252.5,174,0,25275.64613
10/19/2025 20:40,25253,25260.5,25251,25260.5,231,0,25275.41802
10/19/2025 20:41,25258.75,25269.75,25258.25,25261.5,267,0,25275.24414
10/19/2025 20:42,25261.25,25265.25,25254.75,25255.75,102,0,25275.15429
10/19/2025 20:43,25256.75,25264.5,25255.75,25261.75,87,0,25275.08796
10/19/2025 20:44,25264.5,25268.25,25261.75,25267.25,93,0,25275.04247
10/19/2025 20:45,25267.75,25276.25,25266,25275,253,0,25275.00814
10/19/2025 20:46,25274.5,25280.25,25272.5,25273.75,202,0,25275.01322
10/19/2025 20:47,25274.25,25277,25273.5,25276.75,71,0,25275.01589
10/19/2025 20:48,25278.75,25293.5,25278.75,25289.25,305,0,25275.20188
10/19/2025 20:49,25290.5,25299,25287.5,25292.25,318,0,25275.48017
10/19/2025 20:50,25292.25,25292.25,25284.5,25288.25,137,0,25275.56657
10/19/2025 20:51,25288,25293,25288,25291,71,0,25275.61899
10/19/2025 20:52,25291,25300.25,25290.25,25300.25,151,0,25275.77509
10/19/2025 20:53,25300.25,25308.75,25296.75,25303,534,0,25276.45872
10/19/2025 20:54,25303.75,25304.25,25295.5,25297,121,0,25276.58655
10/19/2025 20:55,25295.5,25299,25291,25293.75,161,0,25276.72183
10/19/2025 20:56,25295.5,25302.75,25295.5,25301.75,85,0,25276.81385
10/19/2025 20:57,25301.5,25304.75,25296.25,25303,119,0,25276.9488
10/19/2025 20:58,25303.25,25308.25,25301,25305.5,104,0,25277.08268
10/19/2025 20:59,25306,25312.5,25306,25310.5,125,0,25277.26908
10/19/2025 21:00,25310.5,25311.25,25302.5,25303.5,184,0,25277.5069
10/19/2025 21:01,25304.25,25312.75,25303.5,25304.5,142,0,25277.69521
10/19/2025 21:02,25305.75,25308.25,25302.5,25306.75,161,0,25277.89802
10/19/2025 21:03,25306.25,25308.5,25302.75,25303.25,121,0,25278.04313
10/19/2025 21:04,25304.25,25309.5,25304.25,25307.75,79,0,25278.14522
10/19/2025 21:05,25307.5,25313,25304.25,25313,109,0,25278.29894
10/19/2025 21:06,25313.25,25313.5,25305.5,25306.25,127,0,25278.46689
10/19/2025 21:07,25306,25316.25,25304.75,25309,180,0,25278.71416
10/19/2025 21:08,25309.25,25310.5,25305.5,25309.75,117,0,25278.86564
10/19/2025 21:09,25308.75,25310.25,25305.75,25308.75,83,0,25278.97097
10/19/2025 21:10,25309.25,25318.75,25309.25,25313.5,156,0,25279.20429
10/19/2025 21:11,25313,25314.5,25304,25307.75,156,0,25279.4007
10/19/2025 21:12,25306.75,25309.5,25300.5,25300.5,109,0,25279.51213
10/19/2025 21:13,25300.5,25304.25,25299,25303,79,0,25279.58751
10/19/2025 21:14,25302.5,25307.25,25301.5,25306.75,87,0,25279.68125
10/19/2025 21:15,25307.75,25310,25301.5,25302.5,104,0,25279.79022
10/19/2025 21:16,25301.75,25304,25301,25302.5,56,0,25279.84343
10/19/2025 21:17,25302.75,25305.75,25299.75,25304.75,62,0,25279.90442
10/19/2025 21:18,25305.75,25317.5,25305,25312.5,179,0,25280.13992
10/19/2025 21:19,25312.25,25320.25,25311,25319,118,0,25280.31799
10/19/2025 21:20,25319.75,25324.5,25317.5,25324.5,195,0,25280.65169
10/19/2025 21:21,25323.75,25326.25,25317.75,25322.25,126,0,25280.86406
10/19/2025 21:22,25322.5,25326.25,25321.25,25325,84,0,25281.01153
10/19/2025 21:23,25323.75,25332.5,25321,25332.5,132,0,25281.26521
10/19/2025 21:24,25333,25333,25324.5,25326,164,0,25281.57118
10/19/2025 21:25,25326.25,25329,25325.5,25326.25,69,0,25281.69618
10/19/2025 21:26,25325.25,25328,25321.25,25322.5,189,0,25282.0126
10/19/2025 21:27,25322,25322,25318.5,25319.5,71,0,25282.11924
10/19/2025 21:28,25318.75,25323.5,25318.5,25322,67,0,25282.22286
10/19/2025 21:29,25322.5,25325,25320.5,25320.5,135,0,25282.43351
10/19/2025 21:30,25319.75,25321,25318.5,25318.5,45,0,25282.49853
10/19/2025 21:31,25319,25320.75,25310.25,25312.25,198,0,25282.7441
10/19/2025 21:32,25311.75,25315.5,25309.25,25313.75,91,0,25282.85013
10/19/2025 21:33,25313.75,25320,25313.75,25316.5,111,0,25282.9952
10/19/2025 21:34,25315.75,25316.75,25309.75,25314,131,0,25283.1485
10/19/2025 21:35,25314.25,25314.5,25307.75,25308.75,63,0,25283.21404
10/19/2025 21:36,25308.75,25311.75,25306,25309,81,0,25283.29347
10/19/2025 21:37,25309.5,25311.25,25304.25,25310.25,100,0,25283.38958
10/19/2025 21:38,25311.25,25313,25305.5,25306,90,0,25283.47404
10/19/2025 21:39,25306,25310.75,25303,25309.75,121,0,25283.58517
10/19/2025 21:40,25310.5,25320.25,25310.5,25313.5,192,0,25283.80915
10/19/2025 21:41,25314.25,25318,25311,25317.5,123,0,25283.95439
10/19/2025 21:42,25316.25,25320.5,25314,25316,157,0,25284.14561
10/19/2025 21:43,25316,25316.5,25311,25313,80,0,25284.23235
10/19/2025 21:44,25313.5,25322.5,25313.5,25320.25,86,0,25284.34164
10/19/2025 21:45,25320.5,25324.5,25319.5,25320.75,171,0,25284.57464
10/19/2025 21:46,25322,25322,25314.75,25315.5,63,0,25284.65017
10/19/2025 21:47,25316.5,25319.25,25315.5,25315.5,66,0,25284.72732
10/19/2025 21:48,25316,25316,25307,25307,92,0,25284.8117
10/19/2025 21:49,25308,25308.5,25302.5,25303,93,0,25284.87849
10/19/2025 21:50,25303.25,25307,25301.75,25306,51,0,25284.91539
10/19/2025 21:51,25305.25,25305.25,25301,25303.25,38,0,25284.9404
10/19/2025 21:52,25303,25304.75,25300.75,25301.75,68,0,25284.98314
10/19/2025 21:53,25301.75,25302.25,25291.5,25293.75,181,0,25285.05332
10/19/2025 21:54,25293,25293,25287.25,25289.5,139,0,25285.07736
10/19/2025 21:55,25289,25293.75,25287.25,25290,92,0,25285.09449
10/19/2025 21:56,25290.5,25300.5,25290.5,25299,125,0,25285.14554
10/19/2025 21:57,25299.75,25308,25298.75,25301.5,144,0,25285.23454
10/19/2025 21:58,25302.25,25304.75,25302.25,25304.25,25,0,25285.25077
10/19/2025 21:59,25305,25306,25297.75,25300,73,0,25285.29163
10/19/2025 22:00,25298.75,25305.5,25298.5,25303.25,54,0,25285.32393
10/19/2025 22:01,25302.75,25305.25,25295.25,25297.75,110,0,25285.37786
10/19/2025 22:02,25298.75,25301.5,25290.25,25301.5,130,0,25285.43355
10/19/2025 22:03,25301.5,25301.75,25295.75,25297.5,63,0,25285.46164
10/19/2025 22:04,25296.75,25302.5,25296.75,25301,40,0,25285.48182
10/19/2025 22:05,25302.75,25304,25302,25302.75,25,0,25285.49685
10/19/2025 22:06,25303.5,25303.5,25293,25293.25,93,0,25285.53228
10/19/2025 22:07,25293.75,25302.25,25293.75,25301.5,62,0,25285.56127
10/19/2025 22:08,25301.75,25301.75,25290.5,25290.5,63,0,25285.58001
10/19/2025 22:09,25290.5,25291.25,25286.5,25288,94,0,25285.58964
10/19/2025 22:10,25286.5,25293,25286.5,25291.75,56,0,25285.59884
10/19/2025 22:11,25292.5,25294,25289,25290.75,41,0,25285.60672
10/19/2025 22:12,25290.5,25291.25,25287,25289,74,0,25285.61544
10/19/2025 22:13,25288.5,25289,25285.75,25287.5,96,0,25285.62129
10/19/2025 22:14,25288.5,25291.5,25285,25287.5,63,0,25285.62634
10/19/2025 22:15,25287.5,25289.75,25286.75,25289.5,52,0,25285.63166
10/19/2025 22:16,25290,25292,25289.5,25289.5,79,0,25285.64414
10/19/2025 22:17,25289.5,25294,25289.25,25294,47,0,25285.65481
10/19/2025 22:18,25295.25,25301.5,25295,25300.25,134,0,25285.71413
10/19/2025 22:19,25300.5,25303.5,25295.5,25295.75,71,0,25285.74377
10/19/2025 22:20,25296.25,25298.5,25294.5,25294.75,33,0,25285.75494
10/19/2025 22:21,25294.5,25297,25289.25,25289.75,86,0,25285.77275
10/19/2025 22:22,25290.5,25292.75,25290.25,25292.75,33,0,25285.77947
10/19/2025 22:23,25292.75,25294,25285.25,25288.25,67,0,25285.78697
10/19/2025 22:24,25288.75,25294.75,25288.75,25294.5,65,0,25285.80172
10/19/2025 22:25,25294.75,25298.5,25290.5,25291.75,65,0,25285.81837
10/19/2025 22:26,25292,25293.5,25288.75,25288.75,37,0,25285.82387
10/19/2025 22:27,25288.75,25289.25,25283.25,25286.75,93,0,25285.82567
10/19/2025 22:28,25287.5,25288.75,25284,25286.75,57,0,25285.82693
10/19/2025 22:29,25287,25291.75,25287,25291.75,16,0,25285.8292
10/19/2025 22:30,25291.25,25297,25291.25,25294.25,53,0,25285.84363
10/19/2025 22:31,25294.5,25295,25291.5,25294.5,50,0,25285.85637
10/19/2025 22:32,25295.5,25297.75,25291,25291.25,54,0,25285.86951
10/19/2025 22:33,25291.5,25299.5,25291.25,25298.75,41,0,25285.88367
10/19/2025 22:34,25298.25,25301.5,25296.5,25301.5,52,0,25285.9072
10/19/2025 22:35,25301.25,25305.5,25300,25304.5,70,0,25285.94667
10/19/2025 22:36,25305.25,25308,25302.75,25306.25,75,0,25285.99442
10/19/2025 22:37,25306,25307,25297,25297,99,0,25286.0401
10/19/2025 22:38,25298,25300.75,25297.25,25300.25,28,0,25286.05214
10/19/2025 22:39,25299.25,25304.75,25298.75,25301.75,41,0,25286.07281
10/19/2025 22:40,25302,25305,25300,25303.25,46,0,25286.09741
10/19/2025 22:41,25303.5,25306.5,25302,25305.5,71,0,25286.13958
10/19/2025 22:42,25305,25307.5,25302.5,25305.25,50,0,25286.16983
10/19/2025 22:43,25305,25307.5,25302.25,25303.5,45,0,25286.19602
10/19/2025 22:44,25302.75,25309.75,25302.25,25309.25,57,0,25286.23392
10/19/2025 22:45,25309.25,25309.25,25304.25,25305.75,55,0,25286.26919
10/19/2025 22:46,25305.5,25308,25304.75,25306.5,66,0,25286.31136
10/19/2025 22:47,25306.5,25307.25,25304.5,25306.5,34,0,25286.33266
10/19/2025 22:48,25306.75,25309.25,25305.75,25307.5,40,0,25286.35944
10/19/2025 22:49,25307.5,25311,25306.75,25310.25,64,0,25286.40587
10/19/2025 22:50,25310.75,25314.5,25308.25,25311.25,99,0,25286.48354
10/19/2025 22:51,25311,25315.5,25308.75,25310,110,0,25286.56957
10/19/2025 22:52,25310,25311.5,25307.25,25309,49,0,25286.60438
10/19/2025 22:53,25308.25,25309.25,25304,25307.5,95,0,25286.66463
10/19/2025 22:54,25307.75,25309.5,25303.25,25309.5,65,0,25286.70667
10/19/2025 22:55,25309.25,25310.25,25307,25308.75,33,0,25286.72923
10/19/2025 22:56,25309.25,25311.25,25308.25,25308.75,20,0,25286.74334
10/19/2025 22:57,25308.5,25310.75,25308.5,25309.5,22,0,25286.75896
10/19/2025 22:58,25307.75,25309.25,25306.75,25309.25,18,0,25286.77108
10/19/2025 22:59,25311,25311.25,25309,25310.75,29,0,25286.79229
10/19/2025 23:00,25311.5,25311.5,25308.25,25308.25,15,0,25286.80278
10/19/2025 23:01,25310,25312.25,25309.5,25311.5,36,0,25286.82987
10/19/2025 23:02,25310.75,25312.5,25310.5,25311.75,25,0,25286.84904
10/19/2025 23:03,25311.75,25311.75,25308,25309.5,28,0,25286.86888
10/19/2025 23:04,25309.75,25312.75,25309.75,25312.75,19,0,25286.8835
10/19/2025 23:05,25311,25313.75,25311,25312.75,14,0,25286.89459
10/19/2025 23:06,25311.75,25313.25,25311.5,25312.25,69,0,25286.94873
10/19/2025 23:07,25311.5,25316,25311.5,25315.25,38,0,25286.9807
10/19/2025 23:08,25314,25319.5,25311.25,25318.75,70,0,25287.04423
10/19/2025 23:09,25317.75,25317.75,25314.5,25314.5,26,0,25287.06702
10/19/2025 23:10,25314.5,25317,25313.5,25314.25,43,0,25287.10376
10/19/2025 23:11,25314,25316,25313.25,25314.5,28,0,25287.12735
10/19/2025 23:12,25315.75,25316.75,25315.25,25316.25,24,0,25287.14864
10/19/2025 23:13,25315.75,25317.75,25315.75,25317.5,30,0,25287.17604
10/19/2025 23:14,25317.25,25317.5,25316.5,25317,16,0,25287.19064
10/19/2025 23:15,25316.75,25319.5,25316.75,25317.75,50,0,25287.23768
10/19/2025 23:16,25317,25320.5,25317,25320.25,46,0,25287.28259
10/19/2025 23:17,25320,25320.25,25316,25319.5,40,0,25287.32073
10/19/2025 23:18,25319.25,25320.25,25318.75,25319.5,15,0,25287.33543
10/19/2025 23:19,25319.75,25321.5,25319,25320.75,34,0,25287.36964
10/19/2025 23:20,25320.25,25321.5,25320,25320.5,23,0,25287.39292
10/19/2025 23:21,25321.25,25322,25319.75,25322,44,0,25287.43813
10/19/2025 23:22,25321.5,25321.5,25319.25,25319.5,30,0,25287.46783
10/19/2025 23:23,25319.25,25322,25319.25,25321.75,31,0,25287.49933
10/19/2025 23:24,25322,25322.25,25320.25,25321.5,21,0,25287.52084
10/19/2025 23:25,25321.75,25322,25320,25320.5,17,0,25287.53798
10/19/2025 23:26,25321.25,25321.25,25318.5,25320,37,0,25287.57419
10/19/2025 23:27,25319.5,25321.75,25319.5,25321.75,17,0,25287.59136
10/19/2025 23:28,25320,25320.5,25319.75,25320.5,7,0,25287.59827
10/19/2025 23:29,25320.25,25322.75,25319.75,25322.25,24,0,25287.62289
10/19/2025 23:30,25321.25,25322,25321.25,25321.5,6,0,25287.62904
10/19/2025 23:31,25321,25325,25321,25323.75,64,0,25287.69771
10/19/2025 23:32,25323,25323,25316.5,25320.5,61,0,25287.75695
10/19/2025 23:33,25321.25,25324,25320.75,25324,32,0,25287.79075
10/19/2025 23:34,25324.5,25324.75,25321.5,25321.5,37,0,25287.82937
10/19/2025 23:35,25321.5,25323,25321,25321.75,11,0,25287.84062
10/19/2025 23:36,25322,25324.75,25321.5,25321.75,30,0,25287.87193
10/19/2025 23:37,25321.5,25328,25321.5,25326,86,0,25287.96779
10/19/2025 23:38,25327,25330,25325.75,25327.5,98,0,25288.08398
10/19/2025 23:39,25327.5,25331.25,25326.25,25330.5,45,0,25288.13923
10/19/2025 23:40,25330.75,25331,25326.75,25327.5,34,0,25288.17995
10/19/2025 23:41,25328.25,25330.75,25328.25,25329.5,42,0,25288.23148
10/19/2025 23:42,25329.25,25330.25,25327,25329.25,45,0,25288.28567
10/19/2025 23:43,25329,25332,25329,25331.75,28,0,25288.32104
10/19/2025 23:44,25331.5,25331.75,25328.25,25329.5,39,0,25288.36895
10/19/2025 23:45,25329.25,25330.75,25328.75,25330,14,0,25288.38613
10/19/2025 23:46,25330.25,25333.5,25330,25332.25,57,0,25288.45941
10/19/2025 23:47,25332,25333.75,25332,25332.75,47,0,25288.52092
10/19/2025 23:48,25332.75,25336,25332.5,25335,54,0,25288.59404
10/19/2025 23:49,25335.75,25341.75,25335.75,25341,176,0,25288.85651
10/19/2025 23:50,25340,25342.5,25338.25,25341.25,49,0,25288.93077
10/19/2025 23:51,25341.5,25355.5,25341,25350.25,367,0,25289.56794
10/19/2025 23:52,25350,25353,25347.75,25348.5,93,0,25289.7295
10/19/2025 23:53,25348.25,25349,25346.5,25347,84,0,25289.86923
10/19/2025 23:54,25345.5,25346.75,25337.25,25339,257,0,25290.24484
10/19/2025 23:55,25341,25344.75,25341,25343.5,80,0,25290.36539
10/19/2025 23:56,25343.75,25347,25342,25342.5,89,0,25290.50076
10/19/2025 23:57,25343,25346.75,25341.5,25345.75,51,0,25290.57922
10/19/2025 23:58,25345.5,25346,25342,25345.5,47,0,25290.65111
10/19/2025 23:59,25345.25,25352.25,25343,25352,154,0,25290.90527
10/20/2025 0:00,25351.75,25354.5,25351.25,25351.75,119,0,25291.1116
10/20/2025 0:01,25352.25,25361.25,25349.75,25354.75,252,0,25291.56336
10/20/2025 0:02,25355.5,25356,25352.5,25353.75,60,0,25291.66804
10/20/2025 0:03,25354.5,25356.5,25353.25,25355.75,55,0,25291.76534
10/20/2025 0:04,25355.75,25355.75,25353.5,25354.5,22,0,25291.80382
10/20/2025 0:05,25355.5,25360.25,25355.25,25359.5,73,0,25291.93878
10/20/2025 0:06,25359.75,25365,25359.25,25362.75,170,0,25292.26975
10/20/2025 0:07,25363.75,25370.75,25362.75,25369.25,140,0,25292.56024
10/20/2025 0:08,25370,25370.75,25360.25,25361.25,133,0,25292.82136
10/20/2025 0:09,25360.75,25360.75,25353.75,25354.75,81,0,25292.96245
10/20/2025 0:10,25355,25358.25,25354.75,25356.75,66,0,25293.07725
10/20/2025 0:11,25356.75,25357.5,25351.75,25352.25,142,0,25293.3122
10/20/2025 0:12,25353.5,25355.25,25352.25,25353,22,0,25293.34824
10/20/2025 0:13,25353,25354,25350.5,25354,42,0,25293.41616
10/20/2025 0:14,25354.25,25358.5,25354,25356.75,105,0,25293.59549
10/20/2025 0:15,25358,25361.5,25358,25361.5,41,0,25293.66959
10/20/2025 0:16,25361.5,25365.75,25359.25,25360.25,78,0,25293.81308
10/20/2025 0:17,25359.75,25361.5,25354.5,25361.5,76,0,25293.94702
10/20/2025 0:18,25361.25,25361.75,25359.75,25359.75,26,0,25293.99359
10/20/2025 0:19,25359.75,25364.25,25359.75,25363.5,30,0,25294.04893
10/20/2025 0:20,25363.5,25364.5,25360.5,25362.5,48,0,25294.13728
10/20/2025 0:21,25363.5,25368.5,25363.25,25366,100,0,25294.32979
10/20/2025 0:22,25366.25,25368.25,25364.5,25366.75,60,0,25294.44573
10/20/2025 0:23,25366,25367,25363.5,25366.5,33,0,25294.50861
10/20/2025 0:24,25367.25,25367.25,25363,25363,47,0,25294.5964
10/20/2025 0:25,25362.75,25364.5,25362.5,25364.25,25,0,25294.64256
10/20/2025 0:26,25364,25366.75,25363.25,25364.25,45,0,25294.7267
10/20/2025 0:27,25364.5,25369,25364.25,25368,42,0,25294.80765
10/20/2025 0:28,25367.75,25373.5,25367.75,25373,117,0,25295.04568
10/20/2025 0:29,25373,25376.25,25371.75,25374.75,130,0,25295.31818
10/20/2025 0:30,25374.5,25376,25371.75,25371.75,95,0,25295.51341
10/20/2025 0:31,25372.5,25374.25,25370.5,25374.25,64,0,25295.6441
10/20/2025 0:32,25373.75,25375,25371.25,25373.5,73,0,25295.79312
10/20/2025 0:33,25373.5,25373.5,25369.5,25371.25,82,0,25295.95588
10/20/2025 0:34,25371.25,25372,25365.75,25368,150,0,25296.24069
10/20/2025 0:35,25369.5,25372.5,25361.75,25361.75,147,0,25296.50521
10/20/2025 0:36,25361.5,25364.25,25358.75,25363.25,97,0,25296.67046
10/20/2025 0:37,25363,25363,25353.75,25356.75,218,0,25297.01488
10/20/2025 0:38,25357.25,25358,25352.5,25353,124,0,25297.19843
10/20/2025 0:39,25353.25,25356.75,25352.75,25353,78,0,25297.31262
10/20/2025 0:40,25352.75,25355.25,25347,25347.75,141,0,25297.50283
10/20/2025 0:41,25347.75,25353.25,25341.5,25346,279,0,25297.85333
10/20/2025 0:42,25345.5,25352.75,25345,25349.5,141,0,25298.03632
10/20/2025 0:43,25349.75,25350,25343.5,25347.5,73,0,25298.1267
10/20/2025 0:44,25348.75,25354.75,25348.75,25354.25,72,0,25298.22566
10/20/2025 0:45,25354.75,25362,25354.75,25358.5,99,0,25298.37569
10/20/2025 0:46,25358.75,25359.75,25358.25,25359.75,15,0,25298.39867
10/20/2025 0:47,25360,25360,25353.25,25355,36,0,25298.45088
10/20/2025 0:48,25355.5,25357.5,25355,25357.25,27,0,25298.49032
10/20/2025 0:49,25357.5,25358,25355.25,25355.25,23,0,25298.52364
10/20/2025 0:50,25354.5,25354.5,25351,25354,30,0,25298.56477
10/20/2025 0:51,25354,25358.75,25353.25,25357.75,27,0,25298.60406
10/20/2025 0:52,25358,25361.25,25357.75,25360,21,0,25298.6362
10/20/2025 0:53,25359.5,25362.5,25358.75,25362.5,37,0,25298.69421
10/20/2025 0:54,25362.75,25364.5,25362.5,25363.25,42,0,25298.76221
10/20/2025 0:55,25364,25366,25364,25365.75,27,0,25298.80708
10/20/2025 0:56,25365,25365.75,25361.25,25365.75,80,0,25298.93769
10/20/2025 0:57,25365.75,25367.5,25364.75,25367,41,0,25299.00664
10/20/2025 0:58,25367.25,25371.25,25367.25,25369.75,62,0,25299.11527
10/20/2025 0:59,25369,25369.75,25367,25368.75,36,0,25299.17737
10/20/2025 1:00,25369.25,25370,25368.25,25368.25,17,0,25299.2068
10/20/2025 1:01,25368.5,25368.75,25364.25,25366,63,0,25299.31173
10/20/2025 1:02,25367.75,25370.25,25366.5,25370.25,46,0,25299.39118
10/20/2025 1:03,25370.5,25372,25366.5,25369.5,35,0,25299.45179
10/20/2025 1:04,25369.25,25369.25,25367,25367.5,14,0,25299.47552
10/20/2025 1:05,25366.5,25369,25366.5,25369,25,0,25299.518
10/20/2025 1:06,25367.25,25368.5,25363.75,25366.5,52,0,25299.60374
10/20/2025 1:07,25365.75,25368,25365.75,25366.75,20,0,25299.63694
10/20/2025 1:08,25366.25,25367.5,25365.25,25366,14,0,25299.65996
10/20/2025 1:09,25366.25,25369,25366.25,25368.25,17,0,25299.68856
10/20/2025 1:10,25367.75,25371.5,25367.25,25369.75,42,0,25299.76084
10/20/2025 1:11,25370.5,25371.5,25364.5,25364.5,49,0,25299.84175
10/20/2025 1:12,25364.5,25367.75,25364.5,25367,47,0,25299.9187
10/20/2025 1:13,25367.5,25369.75,25366.5,25369.25,25,0,25299.96084
10/20/2025 1:14,25369.75,25370.75,25368.25,25368.5,15,0,25299.98634
10/20/2025 1:15,25367.75,25368,25365.5,25368,35,0,25300.04406
10/20/2025 1:16,25367,25367.75,25364.75,25366.5,30,0,25300.09284
10/20/2025 1:17,25365,25366.5,25363.5,25364,37,0,25300.15139
10/20/2025 1:18,25364.75,25364.75,25360.5,25362,52,0,25300.23063
10/20/2025 1:19,25361.25,25361.5,25356.5,25356.75,60,0,25300.31571
10/20/2025 1:20,25356,25357,25351.75,25353.75,97,0,25300.44307
10/20/2025 1:21,25353.75,25360.5,25352.5,25360.25,121,0,25300.61163
10/20/2025 1:22,25361,25372.5,25361,25372,161,0,25300.8763
10/20/2025 1:23,25371.25,25377.5,25369.5,25375,120,0,25301.08817
10/20/2025 1:24,25374.75,25376.5,25373,25375.75,104,0,25301.27351
10/20/2025 1:25,25375,25377,25370.5,25373,90,0,25301.42972
10/20/2025 1:26,25373.5,25378.25,25373.5,25378,75,0,25301.56494
10/20/2025 1:27,25378,25378.25,25367.75,25376.5,111,0,25301.75775
10/20/2025 1:28,25376.5,25378,25374.25,25375.5,52,0,25301.84989
10/20/2025 1:29,25375,25375,25372.25,25373,36,0,25301.9114
10/20/2025 1:30,25372.25,25375.25,25372.25,25374,17,0,25301.94058
10/20/2025 1:31,25374.75,25375,25370,25371.5,50,0,25302.02428
10/20/2025 1:32,25371,25371.25,25369,25369,13,0,25302.04526
10/20/2025 1:33,25369.25,25374.5,25363.5,25374.5,139,0,25302.27236
10/20/2025 1:34,25373.5,25373.5,25369,25369,46,0,25302.34681
10/20/2025 1:35,25369.5,25373,25367.5,25367.5,98,0,25302.5022
10/20/2025 1:36,25367.25,25369.25,25367.25,25368.5,19,0,25302.53179
10/20/2025 1:37,25369.5,25376.75,25369.5,25374,79,0,25302.66403
10/20/2025 1:38,25375,25377.75,25373.5,25374.25,77,0,25302.79563
10/20/2025 1:39,25374.75,25377.25,25373.75,25373.75,49,0,25302.87884
10/20/2025 1:40,25374.5,25374.5,25366.75,25367.25,85,0,25303.0119
10/20/2025 1:41,25367.25,25368,25363.5,25366,65,0,25303.1077
10/20/2025 1:42,25366.75,25366.75,25362,25364.75,70,0,25303.20837
10/20/2025 1:43,25365,25365.5,25361.5,25362.75,44,0,25303.27018
10/20/2025 1:44,25362,25365.5,25357.25,25363.75,163,0,25303.49397
10/20/2025 1:45,25363.25,25379.5,25362.25,25378,239,0,25303.88044
10/20/2025 1:46,25377,25382.5,25376.25,25382.25,154,0,25304.1524
10/20/2025 1:47,25381.5,25383.5,25371,25371.25,218,0,25304.50863
10/20/2025 1:48,25371.25,25372.75,25361.5,25364.5,155,0,25304.72779
10/20/2025 1:49,25363.5,25374.25,25363.25,25373.75,86,0,25304.85692
10/20/2025 1:50,25373.75,25379.25,25373,25375.5,68,0,25304.96719
10/20/2025 1:51,25375.5,25382.5,25375.25,25382,111,0,25305.15657
10/20/2025 1:52,25382.5,25382.5,25380,25381.25,57,0,25305.25517
10/20/2025 1:53,25381.5,25384.25,25381.5,25382.5,44,0,25305.33261
10/20/2025 1:54,25382.75,25383,25375.5,25375.5,64,0,25305.43808
10/20/2025 1:55,25376,25376.75,25372.75,25375.75,39,0,25305.49963
10/20/2025 1:56,25376,25376,25372,25372.5,31,0,25305.54736
10/20/2025 1:57,25372.75,25374,25367,25367.5,63,0,25305.63845
10/20/2025 1:58,25367.75,25370,25366.75,25366.75,24,0,25305.67218
10/20/2025 1:59,25366.5,25371.25,25363,25369.75,113,0,25305.83094
10/20/2025 2:00,25369.75,25371.5,25367.5,25369.5,69,0,25305.92981
10/20/2025 2:01,25368.75,25369.25,25359,25359,125,0,25306.08827
10/20/2025 2:02,25358.5,25358.5,25347.5,25351.25,231,0,25306.3272
10/20/2025 2:03,25350.5,25357.25,25347.75,25355,175,0,25306.51014
10/20/2025 2:04,25354.25,25354.25,25346.5,25348.5,111,0,25306.61662
10/20/2025 2:05,25347.75,25352.75,25344.5,25352.75,96,0,25306.70882
10/20/2025 2:06,25352.25,25353.5,25348,25348,35,0,25306.74221
10/20/2025 2:07,25347.5,25349.25,25344.75,25348.5,47,0,25306.78454
10/20/2025 2:08,25348.25,25354.5,25347,25350,66,0,25306.8482
10/20/2025 2:09,25350.75,25355.25,25349.75,25350,95,0,25306.94196
10/20/2025 2:10,25350.25,25354,25349.25,25354,66,0,25307.00795
10/20/2025 2:11,25352.25,25354.5,25351.5,25354.5,38,0,25307.04676
10/20/2025 2:12,25354.5,25361,25353.75,25357,107,0,25307.16449
10/20/2025 2:13,25357.5,25359.5,25354.5,25357.25,85,0,25307.25732
10/20/2025 2:14,25356.5,25356.5,25346.75,25349.75,83,0,25307.3366
10/20/2025 2:15,25349,25353.25,25348,25350.25,95,0,25307.42596
10/20/2025 2:16,25350,25350.75,25346.75,25349.75,56,0,25307.47673
10/20/2025 2:17,25349.5,25349.75,25346,25347.75,46,0,25307.5171
10/20/2025 2:18,25348,25355,25346.5,25346.75,40,0,25307.55351
10/20/2025 2:19,25347,25352.5,25343.75,25349.75,97,0,25307.63996
10/20/2025 2:20,25349.5,25352.5,25347.5,25348.5,59,0,25307.69343
10/20/2025 2:21,25349.25,25353.5,25349.25,25353.5,40,0,25307.73184
10/20/2025 2:22,25351.75,25353.75,25349.75,25353,43,0,25307.77314
10/20/2025 2:23,25353,25360.25,25351.75,25359.5,95,0,25307.87434
10/20/2025 2:24,25359.5,25363,25358,25362.5,97,0,25307.9856
10/20/2025 2:25,25362,25364.25,25361.25,25363.5,59,0,25308.05537
10/20/2025 2:26,25364,25367.75,25362.25,25364.25,114,0,25308.19397
10/20/2025 2:27,25365.25,25370,25364.75,25367.25,76,0,25308.29019
10/20/2025 2:28,25367.5,25369.5,25364,25365.25,51,0,25308.3534
10/20/2025 2:29,25366.25,25368.75,25362.25,25364.75,57,0,25308.42267
10/20/2025 2:30,25365.25,25366.25,25362.25,25363.75,32,0,25308.46069
10/20/2025 2:31,25364,25374.25,25363,25373.5,166,0,25308.67884
10/20/2025 2:32,25373.5,25374.5,25368.5,25368.75,76,0,25308.77874
10/20/2025 2:33,25367.5,25371.5,25367.5,25368.5,43,0,25308.83383
10/20/2025 2:34,25369.25,25370.25,25367,25369.5,40,0,25308.88478
10/20/2025 2:35,25369.25,25373.75,25365.25,25373.75,164,0,25309.09967
10/20/2025 2:36,25373.75,25378,25372.25,25376.5,108,0,25309.251
10/20/2025 2:37,25375.75,25377.75,25374.25,25376,81,0,25309.36476
10/20/2025 2:38,25375.5,25380.25,25374.5,25379.25,90,0,25309.49448
10/20/2025 2:39,25380,25380.25,25376,25376,49,0,25309.5643
10/20/2025 2:40,25376.5,25380,25376.5,25379.25,58,0,25309.64818
10/20/2025 2:41,25380,25380.5,25372.5,25374.75,68,0,25309.74246
10/20/2025 2:42,25376.25,25381.25,25376.25,25378.5,63,0,25309.83319
10/20/2025 2:43,25378.25,25380.5,25378,25380,42,0,25309.89428
10/20/2025 2:44,25379.5,25381.5,25378.75,25380,33,0,25309.9426
10/20/2025 2:45,25379.25,25382.25,25375.5,25375.75,108,0,25310.09523
10/20/2025 2:46,25375.75,25376.5,25363.5,25363.5,134,0,25310.25583
10/20/2025 2:47,25363.5,25365.75,25356.5,25357.75,102,0,25310.36094
10/20/2025 2:48,25357.75,25363.25,25354,25363.25,97,0,25310.46081
10/20/2025 2:49,25364,25367.25,25362.5,25362.5,70,0,25310.53829
10/20/2025 2:50,25362.5,25364,25359.5,25359.5,24,0,25310.56328
10/20/2025 2:51,25361.75,25371,25360.75,25369,101,0,25310.68047
10/20/2025 2:52,25369,25373.25,25367.25,25371.5,49,0,25310.74093
10/20/2025 2:53,25372,25376.75,25371.25,25375.75,77,0,25310.84189
10/20/2025 2:54,25376,25381.5,25375.5,25379.75,146,0,25311.04538
10/20/2025 2:55,25380,25381,25376.75,25379,40,0,25311.10093
10/20/2025 2:56,25379.5,25380.5,25374,25374.5,69,0,25311.19288
10/20/2025 2:57,25373.25,25377.75,25371,25377.75,74,0,25311.28995
10/20/2025 2:58,25378,25380.5,25378,25378.5,47,0,25311.3548
10/20/2025 2:59,25378.75,25378.75,25372.5,25373.25,60,0,25311.43233
10/20/2025 3:00,25374.75,25374.75,25367,25367.75,92,0,25311.54148
10/20/2025 3:01,25367.75,25369.75,25360.25,25362.25,271,0,25311.82918
10/20/2025 3:02,25362.25,25363.5,25355,25363.5,110,0,25311.93748
10/20/2025 3:03,25363.25,25372.5,25359.25,25370,142,0,25312.09537
10/20/2025 3:04,25369,25371.75,25368,25370.25,45,0,25312.14771
10/20/2025 3:05,25369.5,25373.25,25369.5,25372.5,82,0,25312.24571
10/20/2025 3:06,25372,25375.5,25361.5,25363.25,205,0,25312.46883
10/20/2025 3:07,25363.75,25367,25362.25,25366.5,66,0,25312.5383
10/20/2025 3:08,25365.75,25370.75,25363.5,25368.75,57,0,25312.6009
10/20/2025 3:09,25366.5,25372.5,25365.5,25371,41,0,25312.64747
10/20/2025 3:10,25372.5,25374,25370.75,25372.75,75,0,25312.73668
10/20/2025 3:11,25371.5,25380.5,25370.5,25379.75,195,0,25312.98445
10/20/2025 3:12,25380.25,25385.75,25376.25,25384.5,236,0,25313.30619
10/20/2025 3:13,25384.75,25388.5,25381.5,25381.75,169,0,25313.54056
10/20/2025 3:14,25380.75,25383,25376.5,25381,111,0,25313.68549
10/20/2025 3:15,25381,25381,25369,25374,169,0,25313.88679
10/20/2025 3:16,25375,25381.75,25375,25378,107,0,25314.02103
10/20/2025 3:17,25378.5,25382.75,25373.25,25376.5,129,0,25314.18024
10/20/2025 3:18,25377.5,25380.75,25376.5,25378.5,93,0,25314.29649
10/20/2025 3:19,25378.5,25383.5,25378.5,25381.5,89,0,25314.4118
10/20/2025 3:20,25382.5,25382.75,25380,25380,69,0,25314.50058
10/20/2025 3:21,25380.75,25384.5,25380.75,25383,60,0,25314.57972
10/20/2025 3:22,25383.5,25387.25,25382.5,25386.75,80,0,25314.6892
10/20/2025 3:23,25387.5,25389.75,25382,25384.5,100,0,25314.82542
10/20/2025 3:24,25385,25387.5,25382.75,25382.75,60,0,25314.90565
10/20/2025 3:25,25383,25384,25381.5,25381.5,48,0,25314.96785
10/20/2025 3:26,25381.25,25384,25374,25377.25,140,0,25315.13812
10/20/2025 3:27,25375.75,25381.5,25375.75,25380,53,0,25315.20301
10/20/2025 3:28,25382.25,25390.75,25381,25390.75,82,0,25315.31635
10/20/2025 3:29,25391,25391.5,25386.75,25389,70,0,25315.41494
10/20/2025 3:30,25390.25,25391.5,25389,25389.5,42,0,25315.4747
10/20/2025 3:31,25389.5,25389.5,25383,25386.25,102,0,25315.61216
10/20/2025 3:32,25385.5,25388.25,25383,25384.25,54,0,25315.6836
10/20/2025 3:33,25384,25390.5,25384,25389.5,51,0,25315.75368
10/20/2025 3:34,25390.5,25392.5,25388.5,25391.5,68,0,25315.85057
10/20/2025 3:35,25392,25392,25387.25,25391,68,0,25315.94624
10/20/2025 3:36,25390.25,25397.25,25390.25,25394.25,198,0,25316.23775
10/20/2025 3:37,25395,25402.25,25391.5,25400.5,225,0,25316.58401
10/20/2025 3:38,25401.25,25405.25,25394.5,25396.75,307,0,25317.05606
10/20/2025 3:39,25397.5,25403,25395.25,25402.5,136,0,25317.26705
10/20/2025 3:40,25403.25,25409,25402.75,25403.5,329,0,25317.80251
10/20/2025 3:41,25402,25404.5,25397,25398.25,138,0,25318.01199
10/20/2025 3:42,25397.5,25401.75,25396.25,25396.75,78,0,25318.12752
10/20/2025 3:43,25396.5,25396.5,25391.5,25393.5,78,0,25318.23637
10/20/2025 3:44,25395.25,25396,25389.25,25391,72,0,25318.33425
10/20/2025 3:45,25390.5,25394.75,25390,25394.75,67,0,25318.42644
10/20/2025 3:46,25395.25,25395.5,25389.75,25391.25,85,0,25318.5415
10/20/2025 3:47,25391,25391.5,25383.5,25384.5,151,0,25318.72936
10/20/2025 3:48,25384,25390.75,25383,25390.75,113,0,25318.8727
10/20/2025 3:49,25389.75,25390.5,25383.5,25388,44,0,25318.92769
10/20/2025 3:50,25387.75,25390,25385,25385,45,0,25318.98329
10/20/2025 3:51,25385.5,25386.5,25383.5,25386.25,76,0,25319.07525
10/20/2025 3:52,25384.75,25394.25,25383.75,25392.25,88,0,25319.18888
10/20/2025 3:53,25392.25,25392.25,25386.25,25386.5,56,0,25319.25922
10/20/2025 3:54,25385,25386.25,25381.25,25381.25,51,0,25319.31814
10/20/2025 3:55,25381,25383.25,25378.25,25379,126,0,25319.45698
10/20/2025 3:56,25377.75,25378.5,25367.5,25372.5,176,0,25319.62655
10/20/2025 3:57,25373,25376.5,25372.25,25373.75,76,0,25319.70126
10/20/2025 3:58,25375.75,25375.75,25372,25375.25,36,0,25319.73669
10/20/2025 3:59,25376.75,25382.5,25376.75,25379.5,152,0,25319.90011
10/20/2025 4:00,25379,25380.75,25377.25,25377.75,44,0,25319.94646
10/20/2025 4:01,25378.25,25381,25372.75,25372.75,163,0,25320.10854
10/20/2025 4:02,25372.75,25373.25,25363.25,25373,184,0,25320.27176
10/20/2025 4:03,25372.75,25382.75,25372.75,25379.75,203,0,25320.48157
10/20/2025 4:04,25379.5,25389.5,25378.75,25387.5,162,0,25320.66754
10/20/2025 4:05,25387,25388.5,25382.25,25383.75,113,0,25320.7958
10/20/2025 4:06,25382.75,25388,25382.25,25388,90,0,25320.89957
10/20/2025 4:07,25387.25,25389.75,25383.75,25384,78,0,25320.98889
10/20/2025 4:08,25382.25,25382.75,25375.75,25378.5,148,0,25321.13992
10/20/2025 4:09,25378.25,25383.75,25373,25383.5,157,0,25321.30225
10/20/2025 4:10,25383.75,25385,25374.25,25374.75,68,0,25321.36981
10/20/2025 4:11,25374.75,25375.75,25358.75,25364,289,0,25321.5955
10/20/2025 4:12,25364.5,25373.5,25361.25,25370,161,0,25321.72608
10/20/2025 4:13,25369.75,25372.75,25364.25,25369.25,99,0,25321.80687
10/20/2025 4:14,25368.25,25371.5,25363.75,25371.25,94,0,25321.88345
10/20/2025 4:15,25372,25375.5,25371,25374.75,54,0,25321.93194
10/20/2025 4:16,25374.5,25377.5,25371.5,25375.75,75,0,25322.00063
10/20/2025 4:17,25374.25,25374.25,25365.25,25370.25,105,0,25322.08745
10/20/2025 4:18,25369,25370,25364,25365.5,75,0,25322.14485
10/20/2025 4:19,25365.5,25369.5,25363,25366.5,97,0,25322.2186
10/20/2025 4:20,25367,25367,25349.5,25354.5,325,0,25322.412
10/20/2025 4:21,25355.25,25355.75,25349,25350.25,110,0,25322.46696
10/20/2025 4:22,25349,25355,25346.25,25353.5,190,0,25322.56112
10/20/2025 4:23,25353.75,25354.25,25348,25353.25,98,0,25322.60987
10/20/2025 4:24,25352.5,25355.75,25352,25353,85,0,25322.65455
10/20/2025 4:25,25353.5,25356.5,25350.5,25352.5,120,0,25322.71655
10/20/2025 4:26,25352.25,25356.75,25351.75,25356.75,125,0,25322.78492
10/20/2025 4:27,25357.5,25357.5,25351,25353.5,48,0,25322.81022
10/20/2025 4:28,25353.75,25355.5,25350.75,25352.75,51,0,25322.8362
10/20/2025 4:29,25354.25,25355,25351.75,25354.25,69,0,25322.87204
10/20/2025 4:30,25354.5,25358.5,25353.5,25357.5,84,0,25322.91957
10/20/2025 4:31,25357,25360.25,25354.25,25359.75,66,0,25322.95858
10/20/2025 4:32,25358.75,25364.5,25355.5,25364.5,100,0,25323.02326
10/20/2025 4:33,25363.75,25367.25,25362.75,25365,93,0,25323.08866
10/20/2025 4:34,25365,25365,25359.5,25360.5,43,0,25323.11644
10/20/2025 4:35,25361.25,25363.25,25352.25,25352.75,112,0,25323.17814
10/20/2025 4:36,25352.25,25360.75,25350.5,25353.75,131,0,25323.24764
10/20/2025 4:37,25355.25,25365,25354.5,25361,104,0,25323.31156
10/20/2025 4:38,25360.25,25361.25,25350.75,25354,125,0,25323.37804
10/20/2025 4:39,25352.75,25353.25,25347.5,25352,120,0,25323.43283
10/20/2025 4:40,25351.5,25354.25,25348,25353.5,111,0,25323.48514
10/20/2025 4:41,25353.5,25353.5,25347.5,25349,76,0,25323.51845
10/20/2025 4:42,25350,25355.75,25350,25355.25,69,0,25323.55279
10/20/2025 4:43,25355.75,25359.75,25353,25353,75,0,25323.59198
10/20/2025 4:44,25353,25355.75,25351,25354.25,36,0,25323.60982
10/20/2025 4:45,25354.25,25354.25,25339.5,25344.75,192,0,25323.68096
10/20/2025 4:46,25345.75,25355.25,25342.75,25355,95,0,25323.72352
10/20/2025 4:47,25354.75,25354.75,25340.5,25340.75,112,0,25323.76314
10/20/2025 4:48,25342.25,25347.5,25338,25344.75,193,0,25323.82504
10/20/2025 4:49,25345.25,25345.5,25335.25,25339.25,196,0,25323.87661
10/20/2025 4:50,25338.25,25338.75,25328.5,25329.5,278,0,25323.9143
10/20/2025 4:51,25330.5,25332,25323.5,25323.75,193,0,25323.9221
10/20/2025 4:52,25324.75,25337.25,25323,25335,264,0,25323.95532
10/20/2025 4:53,25335.25,25338.5,25334.75,25336.75,93,0,25323.97429
10/20/2025 4:54,25336,25336,25331.5,25332,104,0,25323.98961
10/20/2025 4:55,25331.25,25335,25330.5,25333.25,75,0,25324.00032
10/20/2025 4:56,25332.5,25336.5,25331.5,25335.75,43,0,25324.0076
10/20/2025 4:57,25334.75,25335.25,25324,25330,121,0,25324.01869
10/20/2025 4:58,25330.25,25338.25,25329.75,25334.5,69,0,25324.02986
10/20/2025 4:59,25332.75,25335,25331.75,25331.75,43,0,25324.03589
10/20/2025 5:00,25331.5,25333.75,25329,25331,113,0,25324.04886
10/20/2025 5:01,25331.25,25331.25,25318.25,25323.5,331,0,25324.05034
10/20/2025 5:02,25324,25325.5,25318.75,25320.75,131,0,25324.04541
10/20/2025 5:03,25321.25,25335.75,25320.25,25332.75,199,0,25324.06276
10/20/2025 5:04,25333.5,25338.25,25332.25,25336.75,128,0,25324.08626
10/20/2025 5:05,25337.25,25341.25,25336,25338.5,52,0,25324.09809
10/20/2025 5:06,25339.25,25339.25,25332.5,25334.5,88,0,25324.1137
10/20/2025 5:07,25334.25,25338.75,25328.25,25331,77,0,25324.12401
10/20/2025 5:08,25332.25,25335.5,25328.75,25330.75,70,0,25324.13227
10/20/2025 5:09,25332.25,25335.5,25324.75,25325.25,139,0,25324.14174
10/20/2025 5:10,25325.5,25337,25325.5,25333.75,78,0,25324.1514
10/20/2025 5:11,25334,25341.75,25334,25336.75,97,0,25324.17154
10/20/2025 5:12,25338,25344,25337,25342.25,112,0,25324.20097
10/20/2025 5:13,25340.75,25341.5,25336,25340,97,0,25324.22348
10/20/2025 5:14,25339.25,25341.75,25336,25337,60,0,25324.23652
10/20/2025 5:15,25336.25,25340,25336.25,25340,34,0,25324.24417
10/20/2025 5:16,25339.75,25346.75,25339.75,25343.5,137,0,25324.28459
10/20/2025 5:17,25343.5,25346,25340.5,25340.75,142,0,25324.32429
10/20/2025 5:18,25341.5,25345.5,25341.5,25344.5,97,0,25324.35343
10/20/2025 5:19,25344.75,25349,25344,25347.25,116,0,25324.39337
10/20/2025 5:20,25347.75,25355.5,25347.75,25354.5,118,0,25324.4444
10/20/2025 5:21,25354.25,25355.5,25348.75,25349.75,101,0,25324.48601
10/20/2025 5:22,25349.75,25353.75,25348.5,25348.5,45,0,25324.50376
10/20/2025 5:23,25347.5,25349.25,25342.5,25346.5,88,0,25324.53279
10/20/2025 5:24,25347.5,25351,25344.75,25351,124,0,25324.57893
10/20/2025 5:25,25349,25354.5,25348,25353.5,103,0,25324.62196
10/20/2025 5:26,25353.25,25356,25350.25,25354.5,76,0,25324.65545
10/20/2025 5:27,25354.5,25355.75,25350,25352.75,115,0,25324.70468
10/20/2025 5:28,25352.5,25355,25347,25355,164,0,25324.77334
10/20/2025 5:29,25354,25354,25348.25,25350.5,35,0,25324.7872
10/20/2025 5:30,25350.25,25351.5,25347.5,25348.75,88,0,25324.81976
10/20/2025 5:31,25348.25,25349.25,25343.5,25346.75,75,0,25324.84432
10/20/2025 5:32,25345.5,25348.5,25343.5,25346,67,0,25324.86572
10/20/2025 5:33,25346.25,25353,25344.75,25349,67,0,25324.89001
10/20/2025 5:34,25349.5,25352.25,25349.25,25349.25,43,0,25324.90644
10/20/2025 5:35,25349.25,25349.5,25344.25,25344.75,63,0,25324.92661
10/20/2025 5:36,25343.5,25345.5,25337.5,25339.5,93,0,25324.94884
10/20/2025 5:37,25339,25339.5,25333.5,25333.5,147,0,25324.97211
10/20/2025 5:38,25334.5,25339.5,25331.75,25339.5,97,0,25324.98946
10/20/2025 5:39,25339.5,25343.5,25334.75,25334.75,132,0,25325.01447
10/20/2025 5:40,25334.5,25340.25,25333.25,25340.25,52,0,25325.0245
10/20/2025 5:41,25341,25349.75,25341,25345,135,0,25325.0652
10/20/2025 5:42,25344.75,25345,25336,25336.5,82,0,25325.08241
10/20/2025 5:43,25336,25338,25333.5,25333.5,62,0,25325.09156
10/20/2025 5:44,25333.5,25335.25,25328.75,25333.25,71,0,25325.09929
10/20/2025 5:45,25331,25336.75,25328.5,25333.75,43,0,25325.10433
10/20/2025 5:46,25333.25,25335.5,25332.5,25334.25,32,0,25325.10859
10/20/2025 5:47,25333.75,25335.25,25327.75,25327.75,49,0,25325.11233
10/20/2025 5:48,25328,25332.75,25326.5,25331,76,0,25325.11793
10/20/2025 5:49,25331,25333.75,25324,25332.75,96,0,25325.1251
10/20/2025 5:50,25333.5,25336.5,25330.5,25331,137,0,25325.14035
10/20/2025 5:51,25331.5,25336,25328.75,25336,41,0,25325.14546
10/20/2025 5:52,25336,25336.5,25328.75,25330.25,50,0,25325.15039
10/20/2025 5:53,25330.25,25330.5,25326,25329.5,23,0,25325.15158
10/20/2025 5:54,25328.25,25332.75,25327.25,25330,41,0,25325.15451
10/20/2025 5:55,25328.75,25333.5,25328.75,25332.75,38,0,25325.15815
10/20/2025 5:56,25332.75,25334.25,25331.5,25332,35,0,25325.16198
10/20/2025 5:57,25332.75,25340.75,25332.75,25339.25,72,0,25325.17512
10/20/2025 5:58,25339,25342.25,25337.25,25340.5,96,0,25325.19601
10/20/2025 5:59,25340.5,25343.25,25339,25341,60,0,25325.20999
10/20/2025 6:00,25341.75,25344.5,25340.25,25343.5,74,0,25325.229
10/20/2025 6:01,25343.75,25348.25,25342.75,25346.75,153,0,25325.27527
10/20/2025 6:02,25347,25351.75,25345.5,25347.5,132,0,25325.31951
10/20/2025 6:03,25347.75,25348,25338,25340,116,0,25325.34769
10/20/2025 6:04,25340.5,25343,25334.25,25336,84,0,25325.36284
10/20/2025 6:05,25336,25336.5,25327.5,25330.5,144,0,25325.37567
10/20/2025 6:06,25330.5,25331.75,25329,25329.75,49,0,25325.37907
10/20/2025 6:07,25328.5,25330.25,25326.25,25327.75,87,0,25325.38248
10/20/2025 6:08,25327.75,25331,25325.5,25327,103,0,25325.38613
10/20/2025 6:09,25325.75,25330.25,25324,25329.5,68,0,25325.38862
10/20/2025 6:10,25328.5,25332,25323.5,25329.75,195,0,25325.39713
10/20/2025 6:11,25329.5,25331.25,25327.75,25331,62,0,25325.40124
10/20/2025 6:12,25330,25332.75,25328.5,25331.25,74,0,25325.40702
10/20/2025 6:13,25331.5,25331.5,25324.25,25324.75,84,0,25325.40874
10/20/2025 6:14,25325.25,25331,25323,25330,82,0,25325.41179
10/20/2025 6:15,25330.75,25331,25327,25330.25,62,0,25325.41535
10/20/2025 6:16,25329.25,25338,25328.75,25338,129,0,25325.43289
10/20/2025 6:17,25338.25,25338.25,25327.75,25328.25,95,0,25325.44101
10/20/2025 6:18,25328.5,25335.5,25326.5,25335.5,91,0,25325.45018
10/20/2025 6:19,25336.75,25336.75,25328.25,25331.75,52,0,25325.45522
10/20/2025 6:20,25330,25332.5,25327.25,25330.25,60,0,25325.4591
10/20/2025 6:21,25329.75,25331,25324.25,25326,68,0,25325.46068
10/20/2025 6:22,25326,25331.75,25324.25,25331,82,0,25325.4648
10/20/2025 6:23,25330.75,25332,25325.75,25327.5,51,0,25325.46694
10/20/2025 6:24,25327.5,25328.75,25324.75,25327.5,59,0,25325.46823
10/20/2025 6:25,25326.75,25327.25,25322.75,25326.5,107,0,25325.46827
10/20/2025 6:26,25326.5,25326.5,25319.5,25320,90,0,25325.46385
10/20/2025 6:27,25321.25,25328.75,25319.25,25326.5,77,0,25325.46317
10/20/2025 6:28,25326.5,25327,25323,25325,39,0,25325.46291
10/20/2025 6:29,25325,25325,25321.75,25323,55,0,25325.46119
10/20/2025 6:30,25323.5,25328,25321,25328,76,0,25325.46141
10/20/2025 6:31,25327.5,25331.75,25326.5,25331.75,95,0,25325.46749
10/20/2025 6:32,25330.5,25333.25,25330.25,25333.25,61,0,25325.47331
10/20/2025 6:33,25333.75,25340.25,25333.75,25337.75,97,0,25325.48937
10/20/2025 6:34,25338,25343.5,25338,25341.25,110,0,25325.51319
10/20/2025 6:35,25341.5,25348.25,25341,25345,148,0,25325.55306
10/20/2025 6:36,25346,25349.75,25344.5,25348.5,99,0,25325.58356
10/20/2025 6:37,25349,25352.5,25347.5,25347.5,115,0,25325.62143
10/20/2025 6:38,25347.75,25348.75,25345.75,25348.25,50,0,25325.63676
10/20/2025 6:39,25348,25349.5,25345,25348.25,61,0,25325.65542
10/20/2025 6:40,25348.25,25351.25,25348.25,25351.25,27,0,25325.66467
10/20/2025 6:41,25351.75,25358.25,25351,25356.5,176,0,25325.73707
10/20/2025 6:42,25357,25359.25,25356,25357.75,92,0,25325.77785
10/20/2025 6:43,25357.75,25358,25342.5,25344.25,146,0,25325.82332
10/20/2025 6:44,25344.25,25345,25334,25335,143,0,25325.8474
10/20/2025 6:45,25334,25334,25326.25,25328,231,0,25325.85876
10/20/2025 6:46,25327,25330.75,25322.5,25323.5,133,0,25325.85826
10/20/2025 6:47,25323.5,25324.25,25308.75,25312.75,307,0,25325.81363
10/20/2025 6:48,25313.5,25316,25298.5,25302.75,321,0,25325.72577
10/20/2025 6:49,25302.75,25312.25,25302.25,25310.25,277,0,25325.65998
10/20/2025 6:50,25311,25318.75,25310.25,25314,167,0,25325.63433
10/20/2025 6:51,25314.5,25316.75,25304.75,25307,170,0,25325.59723
10/20/2025 6:52,25308.5,25314.5,25296.75,25312.75,393,0,25325.50416
10/20/2025 6:53,25313.5,25314.25,25302.25,25308.5,161,0,25325.46704
10/20/2025 6:54,25307.75,25313.75,25305.25,25313.5,106,0,25325.44624
10/20/2025 6:55,25314.25,25316,25309,25315.25,74,0,25325.43431
10/20/2025 6:56,25315.75,25317,25311.25,25311.75,90,0,25325.41974
10/20/2025 6:57,25312.5,25313.25,25306.5,25308,83,0,25325.4018
10/20/2025 6:58,25309.5,25310.5,25304,25305,51,0,25325.38893
10/20/2025 6:59,25304.75,25308.25,25301.5,25301.75,101,0,25325.35989
10/20/2025 7:00,25301.5,25302.25,25296.5,25298,115,0,25325.31939
10/20/2025 7:01,25297.25,25305.5,25294.5,25304,222,0,25325.24869
10/20/2025 7:02,25304.75,25311.25,25302.75,25308.25,114,0,25325.22174
10/20/2025 7:03,25307.75,25314.5,25306,25313.75,89,0,25325.20547
10/20/2025 7:04,25314.5,25315.5,25312.25,25313.75,76,0,25325.19403
10/20/2025 7:05,25312.75,25315,25307.75,25310,70,0,25325.18082
10/20/2025 7:06,25310.75,25312.5,25306,25312.5,67,0,25325.16769
10/20/2025 7:07,25312.5,25317.25,25308.75,25309.75,80,0,25325.1537
10/20/2025 7:08,25310,25316.75,25307.75,25315.5,60,0,25325.14435
10/20/2025 7:09,25316.25,25317,25314.75,25315.75,55,0,25325.13761
10/20/2025 7:10,25316.25,25322.25,25314.5,25320.75,168,0,25325.12443
10/20/2025 7:11,25321.5,25323.5,25319,25320.25,60,0,25325.12111
10/20/2025 7:12,25319.5,25323,25314.25,25317.5,88,0,25325.11318
10/20/2025 7:13,25318.75,25327.75,25315.75,25327,165,0,25325.1097
10/20/2025 7:14,25327.5,25331.25,25324.5,25327.25,93,0,25325.11281
10/20/2025 7:15,25326.5,25328.5,25325.5,25327.25,35,0,25325.11371
10/20/2025 7:16,25327.25,25333.5,25325.75,25333.5,121,0,25325.12287
10/20/2025 7:17,25333.25,25337.25,25332.75,25335,130,0,25325.13959
10/20/2025 7:18,25334,25338,25332.75,25334.5,97,0,25325.15214
10/20/2025 7:19,25334,25335.25,25328.5,25329.25,173,0,25325.16527
10/20/2025 7:20,25329.25,25330.75,25326.5,25328.25,81,0,25325.16877
10/20/2025 7:21,25328.75,25330.75,25327.5,25329,46,0,25325.1711
10/20/2025 7:22,25328.75,25330.75,25325,25327,86,0,25325.17378
10/20/2025 7:23,25326.5,25330,25326.25,25328.5,39,0,25325.17534
10/20/2025 7:24,25328.75,25330,25328.75,25329,14,0,25325.17607
10/20/2025 7:25,25329.25,25330.75,25328.25,25328.25,32,0,25325.17769
10/20/2025 7:26,25329,25335.25,25329,25334.25,74,0,25325.18501
10/20/2025 7:27,25334.5,25335.25,25330.25,25335,48,0,25325.19016
10/20/2025 7:28,25336.25,25339.75,25335.75,25337.75,66,0,25325.20085
10/20/2025 7:29,25337.5,25340.5,25334.75,25337.75,124,0,25325.22075
10/20/2025 7:30,25337.5,25340.25,25337.25,25337.25,58,0,25325.23048
10/20/2025 7:31,25336.25,25337.25,25331,25331.5,115,0,25325.24233
10/20/2025 7:32,25332,25334.5,25326.5,25328.75,126,0,25325.24988
10/20/2025 7:33,25330,25330.75,25326,25329.75,88,0,25325.25392
10/20/2025 7:34,25329.75,25334,25329.25,25333.5,78,0,25325.26091
10/20/2025 7:35,25333.25,25335,25329.5,25330.75,75,0,25325.26713
10/20/2025 7:36,25333,25333.25,25327,25330,58,0,25325.2707
10/20/2025 7:37,25330.75,25334.25,25328.25,25328.25,69,0,25325.27508
10/20/2025 7:38,25328.25,25333,25325.5,25330.5,99,0,25325.28063
10/20/2025 7:39,25331.5,25333.5,25330,25333.25,48,0,25325.28489
10/20/2025 7:40,25333.75,25336.25,25327,25328.75,103,0,25325.29194
10/20/2025 7:41,25330.25,25334.75,25330.25,25330.5,40,0,25325.29527
10/20/2025 7:42,25330.75,25330.75,25323.5,25323.75,68,0,25325.29588
10/20/2025 7:43,25324,25327.5,25321.5,25322.5,95,0,25325.29412
10/20/2025 7:44,25323.5,25325,25321.75,25324,39,0,25325.29327
10/20/2025 7:45,25324,25325.5,25321.5,25324.25,40,0,25325.29249
10/20/2025 7:46,25323.5,25327.25,25322,25322,98,0,25325.29057
10/20/2025 7:47,25322.5,25326,25322.5,25324.5,17,0,25325.29037
10/20/2025 7:48,25323.25,25324.5,25318.25,25319,68,0,25325.28632
10/20/2025 7:49,25320,25329.5,25320,25326.5,80,0,25325.28637
10/20/2025 7:50,25325.75,25326,25320,25321.25,131,0,25325.28162
10/20/2025 7:51,25321.25,25330.75,25320.5,25329.75,68,0,25325.2831
10/20/2025 7:52,25330.5,25336.5,25329.25,25336,108,0,25325.29483
10/20/2025 7:53,25335.5,25336.5,25333.5,25336,47,0,25325.30077
10/20/2025 7:54,25336,25343.25,25336,25343.25,240,0,25325.34753
10/20/2025 7:55,25342.5,25345.25,25342,25344.5,104,0,25325.37173
10/20/2025 7:56,25345.25,25345.25,25342.25,25343.75,47,0,25325.38254
10/20/2025 7:57,25343.25,25344,25341.5,25342.25,27,0,25325.38835
10/20/2025 7:58,25342.25,25346.5,25342,25343.75,96,0,25325.41079
10/20/2025 7:59,25343.5,25343.5,25341,25342.25,71,0,25325.42572
10/20/2025 8:00,25342.5,25343.25,25338.75,25341,82,0,25325.44166
10/20/2025 8:01,25340,25344.25,25337,25342.25,235,0,25325.48763
10/20/2025 8:02,25342.75,25342.75,25332.75,25339,122,0,25325.50685
10/20/2025 8:03,25338.75,25341.25,25336.75,25338.25,74,0,25325.51901
10/20/2025 8:04,25338.75,25341.25,25338.25,25339,41,0,25325.52612
10/20/2025 8:05,25339.75,25341,25335,25338.5,74,0,25325.53771
10/20/2025 8:06,25338.25,25339.25,25332.5,25333.75,85,0,25325.54784
10/20/2025 8:07,25334.75,25338,25333.5,25335.25,69,0,25325.55641
10/20/2025 8:08,25334.25,25337.75,25333,25337.25,51,0,25325.56299
10/20/2025 8:09,25337.5,25337.75,25334.25,25337.25,25,0,25325.56634
10/20/2025 8:10,25337.5,25341.25,25336,25340.5,80,0,25325.57986
10/20/2025 8:11,25341,25346,25340.5,25345.75,122,0,25325.60769
10/20/2025 8:12,25345.75,25349.5,25344,25346.75,98,0,25325.6332
10/20/2025 8:13,25346.75,25347,25342,25344.5,83,0,25325.65246
10/20/2025 8:14,25344.5,25345.5,25341,25345.5,42,0,25325.66193
10/20/2025 8:15,25344.25,25346.75,25344,25346,22,0,25325.66731
10/20/2025 8:16,25344.5,25346.25,25342.25,25345.25,73,0,25325.68427
10/20/2025 8:17,25344.75,25346.75,25344.25,25344.25,53,0,25325.69689
10/20/2025 8:18,25344.5,25344.5,25334.75,25336.5,172,0,25325.72403
10/20/2025 8:19,25336,25341.25,25334.5,25340.25,163,0,25325.74981
10/20/2025 8:20,25339.75,25340.25,25333.5,25340.25,78,0,25325.76147
10/20/2025 8:21,25339.5,25344.5,25338,25341.5,174,0,25325.79448
10/20/2025 8:22,25341.75,25347.5,25339,25346.5,177,0,25325.83437
10/20/2025 8:23,25345.75,25349.75,25345,25349.5,122,0,25325.86732
10/20/2025 8:24,25348.25,25351.5,25347,25350.25,95,0,25325.89464
10/20/2025 8:25,25350.75,25352.25,25345.75,25347.5,76,0,25325.91545
10/20/2025 8:26,25348.75,25351.25,25346,25347.5,72,0,25325.93491
10/20/2025 8:27,25347.5,25349.5,25341.25,25341.25,75,0,25325.9513
10/20/2025 8:28,25341,25344.25,25340.5,25343,216,0,25325.99463
10/20/2025 8:29,25342.5,25346.75,25342.5,25344.75,90,0,25326.01487
10/20/2025 8:30,25344.25,25346.5,25343,25343,106,0,25326.03802
10/20/2025 8:31,25343.5,25352.5,25343.5,25351,140,0,25326.07664
10/20/2025 8:32,25351.5,25354.25,25350.25,25352.25,121,0,25326.11462
10/20/2025 8:33,25353.25,25353.25,25346.75,25347.75,91,0,25326.13985
10/20/2025 8:34,25348,25355.5,25348,25353.75,85,0,25326.16658
10/20/2025 8:35,25353.75,25353.75,25350.25,25350.25,110,0,25326.19978
10/20/2025 8:36,25350.75,25354.25,25349.5,25353.25,100,0,25326.23098
10/20/2025 8:37,25353.5,25354.25,25352,25352.75,58,0,25326.24951
10/20/2025 8:38,25352.75,25353.5,25349,25351.75,74,0,25326.27171
10/20/2025 8:39,25352,25353.25,25350.25,25351.75,84,0,25326.29719
10/20/2025 8:40,25352.75,25355.75,25352.5,25355.75,110,0,25326.33431
10/20/2025 8:41,25355.75,25362.75,25355.5,25357.5,338,0,25326.46342
10/20/2025 8:42,25358.5,25359.25,25355,25356.5,143,0,25326.51492
10/20/2025 8:43,25357.5,25358.75,25354.75,25357,128,0,25326.56074
10/20/2025 8:44,25356.25,25358.75,25355.75,25358.5,76,0,25326.58863
10/20/2025 8:45,25358.75,25359.75,25357,25358,134,0,25326.6386
10/20/2025 8:46,25357.5,25361.75,25357.5,25361.75,119,0,25326.68576
10/20/2025 8:47,25361.25,25373.25,25361.25,25371.25,510,0,25326.93558
10/20/2025 8:48,25371.25,25378.5,25369.5,25377,408,0,25327.16377
10/20/2025 8:49,25376.75,25381.5,25372,25378.75,496,0,25327.45213
10/20/2025 8:50,25379,25380,25366.5,25366.5,276,0,25327.59074
10/20/2025 8:51,25366.5,25375.75,25365.75,25371.5,249,0,25327.71504
10/20/2025 8:52,25371.25,25377.25,25370.75,25377,223,0,25327.83599
10/20/2025 8:53,25376.5,25382.25,25375.75,25379,290,0,25328.00561
10/20/2025 8:54,25379,25379.25,25376.25,25377,96,0,25328.05987
10/20/2025 8:55,25376.5,25376.75,25371.25,25372.25,238,0,25328.18281
10/20/2025 8:56,25372.5,25376.5,25371.5,25375,123,0,25328.24736
10/20/2025 8:57,25374.25,25380.75,25374.25,25378,152,0,25328.33264
10/20/2025 8:58,25378.25,25385.5,25378.25,25381.75,266,0,25328.49372
10/20/2025 8:59,25382,25384.5,25381.5,25384.25,164,0,25328.59549
10/20/2025 9:00,25384,25388.75,25382.25,25386,222,0,25328.73827
10/20/2025 9:01,25386,25390.5,25385.75,25389,305,0,25328.94269
10/20/2025 9:02,25389,25396.75,25389,25396.5,310,0,25329.1687
10/20/2025 9:03,25396.5,25399.75,25395.5,25398.5,288,0,25329.38958
10/20/2025 9:04,25398.5,25401.25,25394.25,25397.5,346,0,25329.65211
10/20/2025 9:05,25398.25,25400.75,25397.5,25398.5,180,0,25329.79039
10/20/2025 9:06,25398.75,25401.25,25395.25,25397.25,283,0,25330.00355
10/20/2025 9:07,25396.5,25397.5,25391.75,25395.5,339,0,25330.24594
10/20/2025 9:08,25395.5,25395.75,25391,25391.75,170,0,25330.36292
10/20/2025 9:09,25391.5,25401,25391.5,25398.25,255,0,25330.54898
10/20/2025 9:10,25397.5,25401.5,25397.25,25398,161,0,25330.66945
10/20/2025 9:11,25398.5,25400,25393.25,25393.75,170,0,25330.79015
10/20/2025 9:12,25393.25,25395.5,25391.5,25394.25,130,0,25330.87944
10/20/2025 9:13,25394.5,25395.75,25387.5,25390.75,553,0,25331.24193
10/20/2025 9:14,25390.75,25391.25,25386.75,25388.75,215,0,25331.37607
10/20/2025 9:15,25388.75,25391.75,25388.25,25389.25,120,0,25331.45175
10/20/2025 9:16,25389.75,25389.75,25383.75,25389,433,0,25331.71273
10/20/2025 9:17,25388,25392.25,25387.25,25388.75,207,0,25331.84089
10/20/2025 9:18,25389.5,25391.5,25386.75,25391,166,0,25331.94385
10/20/2025 9:19,25390.5,25398.25,25388.75,25395,402,0,25332.20989
10/20/2025 9:20,25395.25,25397.25,25393.75,25394.75,185,0,25332.33403
10/20/2025 9:21,25394.75,25400.25,25392.75,25397.5,303,0,25332.54137
10/20/2025 9:22,25398.25,25406.25,25397.25,25406,383,0,25332.82719
10/20/2025 9:23,25406,25408.5,25399.75,25401,481,0,25333.18245
10/20/2025 9:24,25401.5,25405.25,25401.5,25401.5,188,0,25333.31968
10/20/2025 9:25,25402.25,25402.75,25394.5,25395.5,370,0,25333.5682
10/20/2025 9:26,25395.25,25398.25,25390.25,25390.5,581,0,25333.92692
10/20/2025 9:27,25390.75,25392,25385,25385.5,489,0,25334.19769
10/20/2025 9:28,25385.25,25389.25,25381,25382,852,0,25334.63317
10/20/2025 9:29,25382,25385.75,25378.5,25379.75,638,0,25334.93646
10/20/2025 9:30,25379.75,25381.75,25374.5,25374.5,932,0,25335.33099
10/20/2025 9:31,25374.75,25432.5,25371.25,25429.5,5513,25411.08333,25339.32039
10/20/2025 9:32,25429.25,25444.5,25424.25,25431.25,3243,25419.32417,25342.14533
10/20/2025 9:33,25431.5,25458,25428.5,25442.25,2930,25425.23945,25344.80878
10/20/2025 9:34,25442.75,25456.25,25437.25,25444.75,1715,25427.90696,25346.35169
10/20/2025 9:35,25444,25453.5,25439,25442.5,1344,25429.46498,25347.51556
10/20/2025 9:36,25443,25466.25,25434.75,25464.75,1996,25432.53928,25349.37076
10/20/2025 9:37,25465.25,25475.5,25462,25475.25,2330,25437.22804,25351.76589
10/20/2025 9:38,25475.25,25481.5,25465.75,25470.25,1709,25440.1289,25353.48606
10/20/2025 9:39,25470.5,25478.5,25465.75,25470,1551,25442.30199,25354.99148
10/20/2025 9:40,25470,25477.25,25461.25,25465.25,1603,25444.01756,25356.46194
10/20/2025 9:41,25465.75,25473.25,25453.25,25465.25,2113,25445.63182,25358.27521
10/20/2025 9:42,25465.25,25467.5,25442.25,25465.75,1985,25446.54304,25359.83922
10/20/2025 9:43,25466,25471.5,25455.25,25456.5,1626,25447.34021,25361.11707
10/20/2025 9:44,25456.5,25463,25444.25,25455.25,1319,25447.63088,25362.0601
10/20/2025 9:45,25454.5,25458.5,25444.25,25445.5,1129,25447.69368,25362.81139
10/20/2025 9:46,25445,25460.25,25438.25,25455.25,2415,25447.94247,25364.40895
10/20/2025 9:47,25454.75,25468,25453.25,25464.5,1031,25448.34772,25365.15515
10/20/2025 9:48,25464.5,25469.5,25454.25,25467.75,1122,25448.82149,25365.97018
10/20/2025 9:49,25468.25,25472.25,25461.25,25466.5,936,25449.2656,25366.65926
10/20/2025 9:50,25467.25,25488.25,25463,25476,2103,25450.66808,25368.31114
10/20/2025 9:51,25477,25481.25,25470.25,25478.5,1349,25451.5222,25369.35349
10/20/2025 9:52,25479.25,25491.5,25474.25,25482.25,1300,25452.47796,25370.3943
10/20/2025 9:53,25481.75,25483.25,25471.5,25478.75,1231,25453.19396,25371.32071
10/20/2025 9:54,25478.5,25487.75,25475.75,25485.75,829,25453.75175,25371.96595
10/20/2025 9:55,25486,25491.5,25476.75,25486.5,1113,25454.51351,25372.83471
10/20/2025 9:56,25487,25496.5,25463.75,25468.5,1993,25455.42499,25374.23968
10/20/2025 9:57,25468.25,25477.75,25459.75,25474.75,1468,25455.88415,25375.19589
10/20/2025 9:58,25474.75,25475.5,25458.75,25464.5,1273,25456.14665,25375.97154
10/20/2025 9:59,25465,25481,25463.5,25478.75,1010,25456.5065,25376.63242
10/20/2025 10:00,25479,25484.25,25471.5,25478.5,1180,25456.99185,25377.42193
10/20/2025 10:01,25479,25491,25478.75,25484.75,1730,25457.88069,25378.63361
10/20/2025 10:02,25484.75,25491.75,25480,25483.75,1028,25458.38869,25379.34297
10/20/2025 10:03,25484.5,25490.75,25468.25,25474.5,1363,25458.85711,25380.20488
10/20/2025 10:04,25475,25494,25472,25491.75,1674,25459.6347,25381.32898
10/20/2025 10:05,25492,25502.75,25489.25,25495.75,1836,25460.74326,25382.64999
10/20/2025 10:06,25495.5,25500,25489.75,25492,1284,25461.43728,25383.53988
10/20/2025 10:07,25492,25507.5,25489.5,25497.75,1627,25462.38797,25384.69072
10/20/2025 10:08,25498.25,25507.25,25495.25,25505.5,1418,25463.27459,25385.71334
10/20/2025 10:09,25505.5,25509.5,25500.5,25502.25,1718,25464.33465,25386.94354
10/20/2025 10:10,25502.25,25506.25,25495.5,25505.5,1293,25465.06489,25387.83974
10/20/2025 10:11,25505,25509.25,25501,25506.75,967,25465.63892,25388.51969
10/20/2025 10:12,25506.5,25507.25,25489.25,25497.25,1333,25466.25596,25389.38308
10/20/2025 10:13,25497.5,25505.5,25493.75,25502.75,1358,25466.91331,25390.27069
10/20/2025 10:14,25502.75,25507.75,25502.75,25504.75,675,25467.27234,25390.72408
10/20/2025 10:15,25505.25,25505.25,25490.5,25494.25,1055,25467.69821,25391.37395
10/20/2025 10:16,25494.5,25495.25,25475.75,25484.25,1850,25468.12895,25392.37121
10/20/2025 10:17,25484.75,25494.5,25482,25493,987,25468.4121,25392.92145
10/20/2025 10:18,25493,25494.5,25471.75,25474.5,1725,25468.676,25393.7747
10/20/2025 10:19,25475.25,25486.25,25471.75,25485.5,1499,25468.91337,25394.51046
10/20/2025 10:20,25485,25488.25,25478.75,25481.75,1013,25469.09093,25395.01059
10/20/2025 10:21,25481.75,25490.5,25478,25479.25,1051,25469.26612,25395.5216
10/20/2025 10:22,25479.5,25491,25474.25,25488,1119,25469.47271,25396.07047
10/20/2025 10:23,25487.25,25506.25,25486.25,25504.25,1631,25470.04651,25396.98778
10/20/2025 10:24,25504.25,25505.5,25495.5,25502.25,1049,25470.43071,25397.58153
10/20/2025 10:25,25501.5,25506.5,25500.75,25504.25,709,25470.70786,25397.98957
10/20/2025 10:26,25505,25518,25502.75,25516,1696,25471.51632,25399.02965
10/20/2025 10:27,25515.5,25524,25513.75,25522.5,1355,25472.2599,25399.90366
10/20/2025 10:28,25522.25,25536.25,25520.25,25534.5,1786,25473.40866,25401.13321
10/20/2025 10:29,25534.5,25539,25529.75,25531.25,1828,25474.59784,25402.39656
10/20/2025 10:30,25531.25,25540,25531.25,25538.25,1276,25475.4436,25403.28519
10/20/2025 10:31,25538.25,25541.25,25531,25531.75,1512,25476.38714,25404.30876
10/20/2025 10:32,25532,25538.25,25522.75,25535.75,1943,25477.50789,25405.57697
10/20/2025 10:33,25535.75,25544,25533.25,25535.75,1362,25478.34219,25406.48845
10/20/2025 10:34,25535.5,25537.5,25531.25,25534,804,25478.79617,25407.00676
10/20/2025 10:35,25534,25538.25,25525.75,25527.25,851,25479.23606,25407.53441
10/20/2025 10:36,25527,25535.75,25522.25,25535,976,25479.73707,25408.1369
10/20/2025 10:37,25534.75,25536.5,25523.75,25533.25,850,25480.16696,25408.65753
10/20/2025 10:38,25533.25,25537.5,25531.5,25535.25,687,25480.53323,25409.08734
10/20/2025 10:39,25535.25,25536.5,25528.75,25531.75,787,25480.9284,25409.56671
10/20/2025 10:40,25531.75,25544,25530.75,25542.25,924,25481.44391,25410.15511
10/20/2025 10:41,25542.75,25550.5,25540,25546.25,1670,25482.45672,25411.25874
10/20/2025 10:42,25546.25,25554,25543.75,25552,1168,25483.19361,25412.04455
10/20/2025 10:43,25552,25553.75,25540.25,25542,1164,25483.86278,25412.79312
10/20/2025 10:44,25542.25,25561,25541,25555,2727,25485.54771,25414.60526
10/20/2025 10:45,25555.5,25556.5,25549.5,25553.25,813,25486.03958,25415.13934
10/20/2025 10:46,25552.75,25566,25551.25,25561.75,1533,25487.03699,25416.18279
10/20/2025 10:47,25562,25569.75,25559.25,25564.25,1629,25488.13508,25417.31137
10/20/2025 10:48,25564.25,25564.75,25557.5,25562.5,872,25488.68881,25417.89697
10/20/2025 10:49,25563,25566.25,25558.5,25559.75,561,25489.04026,25418.27098
10/20/2025 10:50,25560,25567.25,25559.25,25565.25,693,25489.48407,25418.73807
10/20/2025 10:51,25565.25,25565.5,25554.25,25560.75,1454,25490.35228,25419.68335
10/20/2025 10:52,25560.25,25566.75,25558,25566,1256,25491.12115,25420.5094
10/20/2025 10:53,25565.75,25570,25565,25568,820,25491.64227,25421.05885
10/20/2025 10:54,25568.5,25577.5,25566.5,25573,1453,25492.60406,25422.05311
10/20/2025 10:55,25573.25,25576.75,25570.25,25575,676,25493.05295,25422.51632
10/20/2025 10:56,25575.5,25578.5,25570.25,25576.75,793,25493.58077,25423.06027
10/20/2025 10:57,25577.25,25577.25,25567.25,25568.75,938,25494.16558,25423.68157
10/20/2025 10:58,25568.75,25572.75,25566.25,25569.25,958,25494.74108,25424.30364
10/20/2025 10:59,25569.5,25573.75,25568,25573.25,712,25495.17585,25424.76965
10/20/2025 11:00,25573.75,25576.5,25568.75,25570.75,960,25495.75685,25425.39476
10/20/2025 11:01,25570.75,25574.75,25557.75,25561,1815,25496.72591,25426.50248
10/20/2025 11:02,25560.75,25569.25,25559.75,25566.25,793,25497.14435,25426.98297
10/20/2025 11:03,25565.75,25573,25563.25,25570.5,618,25497.48511,25427.36544
10/20/2025 11:04,25570.75,25571.5,25564.75,25566.25,465,25497.73434,25427.64901
10/20/2025 11:05,25566.25,25570,25561.5,25566.25,637,25498.06522,25428.03122
10/20/2025 11:06,25566.5,25568.25,25559.75,25560.5,618,25498.36872,25428.39178
10/20/2025 11:07,25561,25572,25558.5,25571.25,983,25498.87833,25428.98004
10/20/2025 11:08,25571.25,25577,25569,25576.75,789,25499.32326,25429.47233
10/20/2025 11:09,25576.75,25577,25571.25,25574,536,25499.62187,25429.80448
10/20/2025 11:10,25574,25576,25569,25571.5,587,25499.93783,25430.16168
10/20/2025 11:11,25572.25,25576.25,25571.25,25573.5,610,25500.27001,25430.53488
10/20/2025 11:12,25573.25,25579,25569.75,25570,719,25500.65377,25430.96999
10/20/2025 11:13,25570.5,25571.75,25562.5,25566.75,1074,25501.1732,25431.58812
10/20/2025 11:14,25566.75,25568.5,25555,25557.5,1318,25501.73618,25432.30208
10/20/2025 11:15,25557.75,25558.75,25547.75,25547.75,1559,25502.28918,25433.07832
10/20/2025 11:16,25547.75,25559.25,25545.75,25556.75,1020,25502.66244,25433.59135
10/20/2025 11:17,25557.25,25565.25,25553.25,25558.25,1100,25503.09767,25434.16255
10/20/2025 11:18,25558.5,25566.75,25557,25565.5,672,25503.37985,25434.52052
10/20/2025 11:19,25565.5,25575,25565.5,25574.5,877,25503.79652,25435.01569
10/20/2025 11:20,25574,25576.5,25569.5,25574.25,785,25504.1747,25435.46154
10/20/2025 11:21,25573.75,25581,25573,25575,1111,25504.72522,25436.10088
10/20/2025 11:22,25574.5,25579.5,25569.75,25577,802,25505.11241,25436.55582
10/20/2025 11:23,25576.75,25578.5,25572.5,25575.5,524,25505.3634,25436.85164
10/20/2025 11:24,25576,25576.75,25570.75,25574.75,416,25505.55739,25437.0832
10/20/2025 11:25,25575,25579.75,25573.25,25576,424,25505.76044,25437.32228
10/20/2025 11:26,25576.75,25584.25,25573.5,25583.25,987,25506.25516,25437.89156
10/20/2025 11:27,25582.75,25583.75,25578.5,25578.5,479,25506.49263,25438.16605
10/20/2025 11:28,25578.25,25580.25,25569.75,25569.75,1014,25506.9431,25438.71518
10/20/2025 11:29,25569.75,25574,25566.5,25573.25,688,25507.23618,25439.07973
10/20/2025 11:30,25573.5,25579,25571.75,25577.25,489,25507.45821,25439.34688
10/20/2025 11:31,25578,25583.25,25573,25579.75,874,25507.8668,25439.83106
10/20/2025 11:32,25579.25,25580,25568.25,25572.25,654,25508.14739,25440.17776
10/20/2025 11:33,25572,25581.5,25568.25,25576.25,761,25508.47997,25440.58445
10/20/2025 11:34,25575.75,25583.25,25573.5,25579.5,676,25508.7876,25440.95277
10/20/2025 11:35,25579.25,25581,25574.25,25575.75,448,25508.98493,25441.1927
10/20/2025 11:36,25575.75,25579.5,25571.75,25579,505,25509.2052,25441.46165
10/20/2025 11:37,25579.25,25580.75,25568.75,25571.5,576,25509.4433,25441.76014
10/20/2025 11:38,25571.25,25574.75,25568.25,25571.75,628,25509.69255,25442.07894
10/20/2025 11:39,25572,25574.25,25564,25570.25,780,25509.98902,25442.46639
10/20/2025 11:40,25570,25574,25570,25573,315,25510.11358,25442.62567
10/20/2025 11:41,25573.5,25581,25571.5,25572.5,712,25510.40528,25442.99163
10/20/2025 11:42,25572.25,25573.25,25565,25569,701,25510.66386,25443.3339
10/20/2025 11:43,25569.5,25576.25,25565.5,25576,628,25510.90734,25443.64744
10/20/2025 11:44,25576,25579.75,25570,25570,775,25511.20841,25444.03428
10/20/2025 11:45,25570.25,25573,25569.75,25570,359,25511.34168,25444.20947
10/20/2025 11:46,25569.5,25572,25567.75,25569.75,355,25511.4705,25444.38075
10/20/2025 11:47,25570,25571.75,25563.5,25567.75,542,25511.65882,25444.63686
10/20/2025 11:48,25568,25577.75,25564,25577.25,738,25511.93745,25444.99893
10/20/2025 11:49,25577.5,25592.25,25575.75,25588,1949,25512.80745,25446.03656
10/20/2025 11:50,25587.75,25591.75,25583.5,25591,746,25513.15045,25446.43931
10/20/2025 11:51,25591,25597.75,25588.25,25595.25,1390,25513.82309,25447.20988
10/20/2025 11:52,25595.5,25602,25588,25594,1549,25514.568,25448.06446
10/20/2025 11:53,25594,25599.25,25559.75,25583,4251,25516.19824,25450.14045
10/20/2025 11:54,25582.75,25587,25566.75,25575.25,1874,25516.84503,25451.00542
10/20/2025 11:55,25575.25,25586.25,25574,25583.5,957,25517.19686,25451.45973
10/20/2025 11:56,25583.5,25583.5,25554.5,25556.5,1498,25517.60073,25452.07539
10/20/2025 11:57,25556.75,25576.75,25556.75,25571.25,1675,25518.07637,25452.77654
10/20/2025 11:58,25571.75,25576.25,25561.25,25574.75,1014,25518.37413,25453.206
10/20/2025 11:59,25574.5,25584.5,25573,25582.5,1050,25518.73277,25453.68216
10/20/2025 12:00,25583,25583.5,25565.75,25573.25,1572,25519.21157,25454.35578
10/20/2025 12:01,25575.25,25579,25569.5,25575,756,25519.44028,25454.67796
10/20/2025 12:02,25576,25577.5,25563.5,25567,782,25519.65286,25454.99511
10/20/2025 12:03,25567.25,25574.5,25563.25,25571.5,492,25519.7868,25455.19447
10/20/2025 12:04,25571.25,25574.5,25565,25568.5,327,25519.87468,25455.32611
10/20/2025 12:05,25568.25,25574,25566.25,25571.25,363,25519.97417,25455.47338
10/20/2025 12:06,25571.25,25580.25,25571,25578,706,25520.18907,25455.77341
10/20/2025 12:07,25578.5,25582,25576.5,25580.5,459,25520.33594,25455.9729
10/20/2025 12:08,25580.25,25584.25,25573.5,25576.75,731,25520.56247,25456.28546
10/20/2025 12:09,25577.25,25579.25,25565.5,25570.25,655,25520.74121,25456.5493
10/20/2025 12:10,25569.75,25571.75,25566.5,25567.75,370,25520.83571,25456.69394
10/20/2025 12:11,25567.25,25572.25,25560.25,25570.25,733,25521.01762,25456.97661
10/20/2025 12:12,25570.75,25572.75,25558.25,25560,615,25521.15641,25457.20432
10/20/2025 12:13,25560,25565,25554.5,25561,1127,25521.38766,25457.60544
10/20/2025 12:14,25560.75,25561,25553.5,25555.75,664,25521.51074,25457.83248
10/20/2025 12:15,25555.75,25559.5,25554,25557.5,645,25521.63032,25458.0526
10/20/2025 12:16,25557,25564.25,25552.75,25559.5,1109,25521.84461,25458.43575
10/20/2025 12:17,25559.25,25566.25,25557,25558.75,848,25522.01485,25458.73208
10/20/2025 12:18,25559.5,25564,25555.25,25558.5,598,25522.12964,25458.93712
10/20/2025 12:19,25557.75,25570.25,25554.25,25570,1097,25522.36978,25459.33192
10/20/2025 12:20,25570,25576.5,25567.25,25574,907,25522.60216,25459.67994
10/20/2025 12:21,25573.75,25573.75,25560.25,25561.25,1102,25522.8397,25460.07202
10/20/2025 12:22,25561.5,25569.25,25558.75,25564.75,602,25522.9658,25460.28328
10/20/2025 12:23,25564.5,25566.25,25556.5,25558,726,25523.10222,25460.52717
10/20/2025 12:24,25558.25,25563.25,25558.25,25562.5,420,25523.18298,25460.66924
10/20/2025 12:25,25561.75,25563.5,25556.5,25557.25,483,25523.26998,25460.82849
10/20/2025 12:26,25557.25,25565.75,25556,25562.75,895,25523.44088,25461.12945
10/20/2025 12:27,25562.5,25571,25560.75,25568.75,712,25523.59464,25461.38024
10/20/2025 12:28,25569,25574.5,25565.25,25571.25,617,25523.73773,25461.60379
10/20/2025 12:29,25570.75,25575,25565.75,25566,733,25523.90145,25461.86474
10/20/2025 12:30,25566,25568.5,25563.25,25568,380,25523.98149,25461.99658
10/20/2025 12:31,25568.25,25570.25,25562.25,25563.75,544,25524.09242,25462.18265
10/20/2025 12:32,25563,25570,25563,25568.75,363,25524.16938,25462.30863
10/20/2025 12:33,25569.25,25569.75,25563,25564.25,308,25524.23207,25462.41368
10/20/2025 12:34,25564.25,25564.5,25555,25556.75,868,25524.37841,25462.68884
10/20/2025 12:35,25556.75,25561,25554,25559.75,464,25524.455,25462.83451
10/20/2025 12:36,25560.25,25560.25,25552.75,25558.75,411,25524.52056,25462.96183
10/20/2025 12:37,25559,25560.75,25547.25,25553.75,666,25524.61547,25463.16015
10/20/2025 12:38,25553.75,25560,25549.5,25556.75,824,25524.73802,25463.40836
10/20/2025 12:39,25557.25,25562.5,25553.25,25561.5,423,25524.80803,25463.54032
10/20/2025 12:40,25561.25,25564.5,25559.5,25562.75,417,25524.88311,25463.67435
10/20/2025 12:41,25562.5,25564.25,25558.5,25561.5,430,25524.9585,25463.81101
10/20/2025 12:42,25560.75,25570.25,25560.75,25565.75,552,25525.06584,25463.99335
10/20/2025 12:43,25565.75,25572,25564.5,25569.75,384,25525.14598,25464.12376
10/20/2025 12:44,25570,25570.25,25561.75,25563.25,451,25525.23185,25464.27115
10/20/2025 12:45,25563.5,25564.5,25558.75,25561.75,454,25525.31054,25464.41407
10/20/2025 12:46,25562,25562.75,25555.75,25560,522,25525.39523,25464.57423
10/20/2025 12:47,25559.5,25560.5,25553.5,25557,413,25525.45705,25464.69724
10/20/2025 12:48,25557.25,25562.25,25555.75,25559.5,377,25525.51713,25464.81187
10/20/2025 12:49,25559.5,25563,25556.75,25560.75,283,25525.56342,25464.89865
10/20/2025 12:50,25560.5,25569.75,25560,25568.75,435,25525.64664,25465.0401
10/20/2025 12:51,25568.5,25570.75,25564.75,25569.75,719,25525.79104,25465.27823
10/20/2025 12:52,25570,25570.75,25563.75,25566.5,343,25525.85731,25465.38989
10/20/2025 12:53,25566.5,25566.75,25563,25564,212,25525.89576,25465.45715
10/20/2025 12:54,25564,25567.75,25562.25,25566.75,287,25525.94903,25465.54896
10/20/2025 12:55,25567,25569.75,25564.75,25568.25,265,25526.00057,25465.63529
10/20/2025 12:56,25568.5,25568.75,25565,25567.5,207,25526.04026,25465.70228
10/20/2025 12:57,25567.75,25570,25566.25,25569,178,25526.07544,25465.76058
10/20/2025 12:58,25569,25570.25,25565.75,25569.5,249,25526.12464,25465.84208
10/20/2025 12:59,25569.25,25576,25569.25,25572,669,25526.26843,25466.06876
10/20/2025 13:00,25571.75,25574.5,25569.75,25571,401,25526.35296,25466.20332
10/20/2025 13:01,25570.75,25574.5,25568,25572.25,483,25526.45398,25466.36468
10/20/2025 13:02,25572.25,25580.5,25572.25,25573.75,897,25526.65658,25466.67416
10/20/2025 13:03,25573.75,25579.5,25573,25577.5,419,25526.75289,25466.81966
10/20/2025 13:04,25577.75,25589.75,25577.5,25586.75,1358,25527.11212,25467.32276
10/20/2025 13:05,25586.5,25593.5,25585,25592.75,994,25527.39824,25467.70621
10/20/2025 13:06,25592.25,25594.5,25588.25,25590,793,25527.62645,25468.01165
10/20/2025 13:07,25590.25,25597,25589.25,25594.75,595,25527.804,25468.24494
10/20/2025 13:08,25594.25,25594.75,25590.25,25592.5,333,25527.9012,25468.37391
10/20/2025 13:09,25592.25,25592.25,25584.25,25586.25,711,25528.09204,25468.63753
10/20/2025 13:10,25586.5,25591.5,25585.25,25591,290,25528.1717,25468.74622
10/20/2025 13:11,25590.75,25593.25,25587,25588,389,25528.27852,25468.8919
10/20/2025 13:12,25588,25592.25,25588,25591.25,220,25528.33984,25468.97488
10/20/2025 13:13,25591.25,25594,25589,25589,262,25528.41289,25469.07368
10/20/2025 13:14,25589,25590.75,25586,25586.25,300,25528.49232,25469.18384
10/20/2025 13:15,25586,25590,25584.5,25588.5,290,25528.56889,25469.29012
10/20/2025 13:16,25588.5,25590.5,25587.25,25588.5,213,25528.62604,25469.36878
10/20/2025 13:17,25589,25593.5,25588,25591.25,307,25528.71117,25469.48403
10/20/2025 13:18,25591,25592.75,25589.25,25592.5,301,25528.79519,25469.59735
10/20/2025 13:19,25593,25600,25590.5,25599.25,808,25529.03784,25469.91314
10/20/2025 13:20,25598.75,25606.5,25598.25,25603,1934,25529.66259,25470.69819
10/20/2025 13:21,25602.75,25602.75,25594,25598.5,781,25529.89764,25471.00266
10/20/2025 13:22,25598.5,25599.25,25594.25,25594.25,313,25529.98797,25471.12188
10/20/2025 13:23,25594.75,25598.5,25593,25598.25,346,25530.08854,25471.25412
10/20/2025 13:24,25597.75,25598.75,25595.5,25596.5,208,25530.14916,25471.33369
10/20/2025 13:25,25597.25,25601.5,25596,25600.75,215,25530.21404,25471.41746
10/20/2025 13:26,25601.5,25602.25,25593.5,25596,494,25530.358,25471.60629
10/20/2025 13:27,25596.5,25599.5,25595.75,25596,248,25530.42986,25471.70075
10/20/2025 13:28,25595.25,25595.75,25588.5,25594.5,538,25530.57552,25471.89838
10/20/2025 13:29,25595,25596.75,25592.75,25594,265,25530.64882,25471.99676
10/20/2025 13:30,25594,25595.5,25590.75,25592.25,308,25530.7316,25472.10935
10/20/2025 13:31,25592.25,25594.75,25589.75,25593,454,25530.85256,25472.27447
10/20/2025 13:32,25593.25,25598.5,25592.25,25597.25,379,25530.95888,25472.41597
10/20/2025 13:33,25597,25599.75,25595.25,25598.5,336,25531.05551,25472.54301
10/20/2025 13:34,25598.75,25599.75,25595.25,25597.25,298,25531.14043,25472.65508
10/20/2025 13:35,25596.75,25597.75,25593,25594.75,190,25531.19263,25472.72515
10/20/2025 13:36,25594.5,25597.5,25593.75,25596.75,223,25531.25459,25472.80785
10/20/2025 13:37,25596.25,25602,25596,25601,335,25531.3527,25472.93555
10/20/2025 13:38,25601,25602.5,25598.5,25601,396,25531.47,25473.08738
10/20/2025 13:39,25601,25602.75,25600.25,25602.25,267,25531.5501,25473.1904
10/20/2025 13:40,25602.5,25602.5,25598.75,25599.75,161,25531.59734,25473.25177
10/20/2025 13:41,25600,25602.5,25598.25,25599.75,289,25531.68177,25473.36162
10/20/2025 13:42,25600,25603.75,25599.5,25602.75,385,25531.79692,25473.50978
10/20/2025 13:43,25602.5,25611,25602.5,25606.75,997,25532.11344,25473.90601
10/20/2025 13:44,25606.5,25608,25603,25604.25,367,25532.22669,25474.04944
10/20/2025 13:45,25604.5,25605.5,25603.25,25604.25,233,25532.29768,25474.13983
10/20/2025 13:46,25603.75,25606.5,25600.25,25605.25,558,25532.46631,25474.35522
10/20/2025 13:47,25605.25,25606.25,25602.25,25603.25,196,25532.52529,25474.43065
10/20/2025 13:48,25603,25605.5,25601.5,25604.75,241,25532.59768,25474.52329
10/20/2025 13:49,25604.75,25609.25,25604,25608.5,344,25532.70556,25474.65869
10/20/2025 13:50,25608.5,25610,25607.5,25608,334,25532.81177,25474.79113
10/20/2025 13:51,25607.75,25608.25,25604.75,25604.75,363,25532.92292,25474.932
10/20/2025 13:52,25604.75,25605,25597.75,25599.5,651,25533.10738,25475.17393
10/20/2025 13:53,25599.75,25600.75,25597.25,25599.75,292,25533.18796,25475.28086
10/20/2025 13:54,25600,25600.25,25596.5,25597.75,285,25533.26514,25475.38413
10/20/2025 13:55,25598.25,25598.25,25594.5,25594.5,289,25533.3403,25475.48661
10/20/2025 13:56,25594.5,25597.5,25589.75,25595.75,645,25533.50361,25475.71203
10/20/2025 13:57,25595.75,25596.75,25591.75,25593.5,302,25533.57936,25475.81699
10/20/2025 13:58,25593.75,25594.75,25592.5,25594,367,25533.67078,25475.94401
10/20/2025 13:59,25594,25595.25,25589.25,25590,291,25533.74036,25476.04262
10/20/2025 14:00,25589.75,25593.25,25587.25,25593.25,562,25533.87368,25476.23216
10/20/2025 14:01,25592.75,25597.75,25590.5,25595,636,25534.03211,25476.4518
10/20/2025 14:02,25594.75,25600,25594.25,25597.25,361,25534.12574,25476.57901
10/20/2025 14:03,25596.75,25601,25596.25,25600.75,329,25534.21376,25476.69678
10/20/2025 14:04,25600.75,25602.25,25599,25600.75,316,25534.2998,25476.81092
10/20/2025 14:05,25601,25601.75,25599.5,25601.5,271,25534.37369,25476.90883
10/20/2025 14:06,25601,25605,25600.5,25600.5,549,25534.52531,25477.10844
10/20/2025 14:07,25600.75,25605,25599,25604.25,368,25534.62768,25477.24269
10/20/2025 14:08,25604.25,25607,25603.5,25606.5,375,25534.73614,25477.38236
10/20/2025 14:09,25606,25607.75,25604.5,25605.5,319,25534.82846,25477.50117
10/20/2025 14:10,25605.25,25608,25604.75,25607.25,296,25534.91482,25477.61186
10/20/2025 14:11,25607.25,25608.5,25600.5,25603.25,509,25535.05751,25477.79796
10/20/2025 14:12,25603.25,25608,25603,25603.25,337,25535.15256,25477.92152
10/20/2025 14:13,25603,25608.25,25602.5,25607.75,351,25535.2533,25478.05139
10/20/2025 14:14,25608.25,25609.5,25606,25607.75,315,25535.34548,25478.16916
10/20/2025 14:15,25607.75,25608.75,25605.75,25606.25,232,25535.41244,25478.2552
10/20/2025 14:16,25606.5,25609.75,25605.5,25607,396,25535.52724,25478.40237
10/20/2025 14:17,25607.5,25607.75,25603.75,25604,272,25535.60342,25478.5015
10/20/2025 14:18,25603.5,25604,25598,25600.25,508,25535.73624,25478.67979
10/20/2025 14:19,25600,25600.75,25592.75,25595.5,676,25535.90021,25478.90768
10/20/2025 14:20,25595.5,25599.25,25592.75,25599.25,350,25535.9858,25479.02608
10/20/2025 14:21,25599.25,25599.75,25596.25,25597.5,340,25536.06974,25479.14159
10/20/2025 14:22,25596.5,25597.5,25594.5,25595,196,25536.11633,25479.20687
10/20/2025 14:23,25594.75,25595.5,25588.75,25593,580,25536.24627,25479.39422
10/20/2025 14:24,25593.5,25599.75,25592.5,25598,506,25536.36786,25479.56341
10/20/2025 14:25,25598.25,25598.5,25594,25595.75,418,25536.46682,25479.70202
10/20/2025 14:26,25595.75,25595.75,25592,25594,312,25536.5378,25479.80334
10/20/2025 14:27,25593.75,25596.5,25591,25593,284,25536.60179,25479.89508
10/20/2025 14:28,25592.75,25593,25588.25,25590.25,378,25536.68225,25480.01373
10/20/2025 14:29,25589.75,25594.25,25588.75,25594,302,25536.74855,25480.10991
10/20/2025 14:30,25593.75,25595.25,25592.25,25593.75,256,25536.80606,25480.19234
10/20/2025 14:31,25593.75,25595.75,25589.5,25590.75,451,25536.90398,25480.33504
10/20/2025 14:32,25590.5,25590.5,25585.75,25587.75,594,25537.0231,25480.51571
10/20/2025 14:33,25588.25,25593.5,25588,25590.75,477,25537.12349,25480.66406
10/20/2025 14:34,25590.75,25595.5,25590.25,25594.5,364,25537.20365,25480.77974
10/20/2025 14:35,25594.75,25595,25592.25,25594.25,309,25537.27202,25480.87811
10/20/2025 14:36,25595.5,25595.75,25590.75,25591,481,25537.37561,25481.02909
10/20/2025 14:37,25590.75,25591.75,25587.75,25589.25,395,25537.45591,25481.14954
10/20/2025 14:38,25589.75,25590,25587,25588,313,25537.51784,25481.2437
10/20/2025 14:39,25587.75,25592,25586.75,25588,447,25537.60703,25481.37861
10/20/2025 14:40,25588,25588.5,25582.75,25584.25,652,25537.72711,25481.56795
10/20/2025 14:41,25583.75,25585.25,25579.5,25581,733,25537.85219,25481.77333
10/20/2025 14:42,25581,25584.5,25580.25,25580.75,403,25537.92053,25481.8858
10/20/2025 14:43,25580.25,25583.75,25576.75,25577.5,451,25537.99241,25482.00822
10/20/2025 14:44,25577.5,25581,25576.5,25578.5,493,25538.06944,25482.14078
10/20/2025 14:45,25578.25,25583,25578,25581,453,25538.14344,25482.26477
10/20/2025 14:46,25580.75,25581.25,25573,25573.25,674,25538.2406,25482.43966
10/20/2025 14:47,25573.5,25575.75,25564.75,25565.75,928,25538.34851,25482.6612
10/20/2025 14:48,25566,25569.75,25563,25568.5,782,25538.4339,25482.84341
10/20/2025 14:49,25569,25572.5,25567,25569.25,418,25538.4833,25482.94336
10/20/2025 14:50,25569.5,25575.75,25568,25573.75,551,25538.55427,25483.07919
10/20/2025 14:51,25574.25,25579.25,25569.25,25570.25,672,25538.64147,25483.24506
10/20/2025 14:52,25569.75,25571.5,25566.5,25569.25,445,25538.69255,25483.34988
10/20/2025 14:53,25569.5,25571.75,25568,25569.5,255,25538.72238,25483.4103
10/20/2025 14:54,25569,25571.25,25567,25569.5,220,25538.74765,25483.46205
10/20/2025 14:55,25570,25575.25,25569.75,25573.25,527,25538.81496,25483.59083
10/20/2025 14:56,25573.75,25582,25573.25,25581.5,775,25538.93135,25483.79258
10/20/2025 14:57,25581,25584.75,25580.5,25583,642,25539.03645,25483.96576
10/20/2025 14:58,25583.25,25586.5,25580.75,25585.5,464,25539.1147,25484.09245
10/20/2025 14:59,25585.5,25589.25,25583,25588.75,495,25539.20294,25484.23096
10/20/2025 15:00,25588.75,25589,25583,25583.75,576,25539.30147,25484.38892
10/20/2025 15:01,25584,25587.5,25582,25586.75,474,25539.38253,25484.51875
10/20/2025 15:02,25586.75,25590.5,25585,25589,455,25539.4647,25484.64645
10/20/2025 15:03,25589,25591.5,25586.5,25590.75,475,25539.55268,25484.78125
10/20/2025 15:04,25591.25,25592.25,25587.25,25589.25,471,25539.63961,25484.91458
10/20/2025 15:05,25589.5,25591,25588.25,25588.75,263,25539.68778,25484.9887
10/20/2025 15:06,25589.25,25589.75,25585.75,25585.75,445,25539.76538,25485.11118
10/20/2025 15:07,25586.75,25588.75,25586,25587.75,207,25539.80171,25485.16828
10/20/2025 15:08,25588,25593,25587,25591.5,338,25539.86464,25485.26412
10/20/2025 15:09,25591.5,25592,25588.75,25589.25,300,25539.91981,25485.34863
10/20/2025 15:10,25589.75,25590.25,25586,25589,225,25539.9598,25485.41097
10/20/2025 15:11,25589,25589,25581,25581.5,502,25540.04037,25485.5436
10/20/2025 15:12,25581.75,25581.75,25574.25,25574.75,929,25540.16528,25485.7709
10/20/2025 15:13,25575.5,25580.25,25575.5,25577.25,378,25540.21689,25485.86382
10/20/2025 15:14,25577,25579.75,25575.25,25577.75,316,25540.25983,25485.94129
10/20/2025 15:15,25578.25,25578.25,25574.25,25575,283,25540.2964,25486.00923
10/20/2025 15:16,25575.5,25575.75,25562.5,25563.75,853,25540.37993,25486.19408
10/20/2025 15:17,25563.5,25567.75,25557.25,25566.25,1127,25540.47493,25486.42629
10/20/2025 15:18,25566,25569.5,25565.5,25569.25,397,25540.51441,25486.51233
10/20/2025 15:19,25569.25,25571,25560.75,25561.5,719,25540.57615,25486.6607
10/20/2025 15:20,25562,25566.5,25560,25563.75,395,25540.60852,25486.74092
10/20/2025 15:21,25563.75,25565,25559.5,25559.5,382,25540.63688,25486.81625
10/20/2025 15:22,25559.25,25562,25554.5,25559.5,688,25540.68121,25486.94668
10/20/2025 15:23,25560,25561.75,25553.5,25555.25,490,25540.70945,25487.03692
10/20/2025 15:24,25555.25,25558.5,25553.5,25555.75,595,25540.74166,25487.14476
10/20/2025 15:25,25555.5,25562.75,25554.25,25560.25,602,25540.78089,25487.25852
10/20/2025 15:26,25560.5,25570,25560.25,25569.25,795,25540.85332,25487.42366
10/20/2025 15:27,25569,25571.25,25566,25568,463,25540.89845,25487.52185
10/20/2025 15:28,25568.5,25579,25568.25,25577.75,762,25540.9901,25487.69603
10/20/2025 15:29,25577.75,25580,25577,25578.5,344,25541.03556,25487.77758
10/20/2025 15:30,25578.5,25582.5,25577,25577.75,766,25541.13795,25487.95981
10/20/2025 15:31,25578.25,25579,25572,25574,764,25541.2286,25488.13273
10/20/2025 15:32,25574.25,25577.5,25572.25,25575.25,367,25541.27197,25488.21555
10/20/2025 15:33,25575.5,25576.5,25572.25,25576.25,360,25541.31441,25488.29664
10/20/2025 15:34,25576.5,25578.5,25574.25,25576.5,353,25541.35766,25488.3773
10/20/2025 15:35,25576.25,25577.75,25575,25576.25,202,25541.38231,25488.42335
10/20/2025 15:36,25576,25577.5,25572.25,25577,395,25541.42937,25488.51248
10/20/2025 15:37,25577.25,25587,25575.75,25584,1156,25541.59308,25488.7922
10/20/2025 15:38,25584.5,25584.75,25582,25582.5,210,25541.62329,25488.84328
10/20/2025 15:39,25582,25582.25,25577.25,25579.25,370,25541.67192,25488.92982
10/20/2025 15:40,25579.5,25582.25,25577.5,25581.75,279,25541.7094,25488.99562
10/20/2025 15:41,25581.75,25583.25,25575.75,25576.5,413,25541.76188,25489.09072
10/20/2025 15:42,25577,25578,25573.75,25575.25,379,25541.80621,25489.17506
10/20/2025 15:43,25575.5,25577.75,25572.25,25572.5,566,25541.86927,25489.29853
10/20/2025 15:44,25572,25573.25,25569,25569,518,25541.92009,25489.40624
10/20/2025 15:45,25569.25,25570.5,25565.5,25568.25,576,25541.97179,25489.52223
10/20/2025 15:46,25568.5,25575.5,25567,25574.25,672,25542.04142,25489.66427
10/20/2025 15:47,25573.75,25578.5,25573.25,25576.5,580,25542.10885,25489.79215
10/20/2025 15:48,25577,25577.25,25572.5,25574.5,599,25542.17549,25489.92178
10/20/2025 15:49,25575,25584.5,25573.75,25582,864,25542.2868,25490.11978
10/20/2025 15:50,25581.5,25583.25,25576.5,25581.75,610,25542.36585,25490.2597
10/20/2025 15:51,25582.25,25590.75,25580.25,25582,1584,25542.59009,25490.63636
10/20/2025 15:52,25582.25,25591.75,25577.25,25587.5,1231,25542.76754,25490.93062
10/20/2025 15:53,25587.25,25588.5,25581.5,25585.5,902,25542.89563,25491.14432
10/20/2025 15:54,25584.75,25588.75,25583.25,25583.25,736,25542.99936,25491.31783
10/20/2025 15:55,25583.75,25591.5,25583.25,25584.75,1522,25543.21944,25491.67998
10/20/2025 15:56,25584.5,25584.5,25571.5,25575.5,1658,25543.4055,25492.03286
10/20/2025 15:57,25575.5,25576,25570.5,25574.5,1155,25543.52061,25492.26692
10/20/2025 15:58,25574.25,25574.25,25567.75,25569,1510,25543.65328,25492.55846
10/20/2025 15:59,25568.75,25576,25563.75,25569,2345,25543.85102,25493.00261
10/20/2025 16:00,25568.75,25577.75,25554.75,25556.75,8264,25544.35435,25494.39834
10/20/2025 16:01,25556.75,25562.25,25546.25,25557.75,4268,25544.50187,25495.01957
10/20/2025 16:02,25557.5,25565.25,25554.75,25562.25,1237,25544.56443,25495.21295
10/20/2025 16:03,25562,25565.25,25561.5,25563.25,594,25544.59907,25495.30906
10/20/2025 16:04,25563.25,25563.25,25559,25560.75,588,25544.62897,25495.40067
10/20/2025 16:05,25561,25564.25,25560.5,25563.25,531,25544.65863,25495.48528
10/20/2025 16:06,25562.75,25563,25558.25,25562.5,396,25544.67895,25495.54691
10/20/2025 16:07,25562.5,25564.75,25560,25561.5,410,25544.70098,25495.61141
10/20/2025 16:08,25561.25,25561.75,25558,25558.5,284,25544.71388,25495.65422
10/20/2025 16:09,25558.25,25560.75,25558.25,25559.25,236,25544.72458,25495.68975
10/20/2025 16:10,25559,25564.5,25558.75,25563.75,277,25544.7396,25495.73332
10/20/2025 16:11,25563.75,25566.75,25561.25,25566.75,342,25544.76084,25495.78911
10/20/2025 16:12,25566.75,25581,25566.25,25571.75,781,25544.82855,25495.93103
10/20/2025 16:13,25571.5,25572.25,25568.25,25569.75,238,25544.84699,25495.97254
10/20/2025 16:14,25570,25576.75,25570,25575.75,497,25544.89163,25496.06385
10/20/2025 16:15,25575.25,25575.25,25571.25,25573,241,25544.91249,25496.10748
10/20/2025 16:16,25573,25575,25572.25,25572.25,408,25544.94773,25496.18124
10/20/2025 16:17,25572.25,25573.25,25570,25573,140,25544.95934,25496.20616
10/20/2025 16:18,25572.75,25575.5,25570.5,25574,117,25544.96948,25496.22732
10/20/2025 16:19,25574,25575,25572,25572,118,25544.97958,25496.24855
10/20/2025 16:20,25572.5,25573.75,25572.25,25573,47,25544.9836,25496.25701
10/20/2025 16:21,25572.75,25573.25,25571.25,25572.25,77,25544.99001,25496.27072
10/20/2025 16:22,25572.5,25573.25,25571.75,25572,67,25544.9956,25496.28266
10/20/2025 16:23,25572,25573.75,25571.25,25573,81,25545.00244,25496.29715
10/20/2025 16:24,25572.75,25574.25,25571.5,25573.25,82,25545.00944,25496.31188
10/20/2025 16:25,25573.25,25577.25,25573.25,25575.5,83,25545.01712,25496.32724
10/20/2025 16:26,25575.25,25577.75,25575.25,25577.75,57,25545.02266,25496.33799
10/20/2025 16:27,25577.75,25578.5,25576.25,25577.25,95,25545.03202,25496.356
10/20/2025 16:28,25577,25577,25575.25,25575.75,32,25545.03504,25496.36196
10/20/2025 16:29,25575.75,25576.75,25575.5,25575.5,26,25545.03749,25496.36681
10/20/2025 16:30,25576.25,25577.75,25576,25577.25,44,25545.04177,25496.37511
10/20/2025 16:31,25577,25577.75,25576,25576.25,29,25545.04457,25496.38056
10/20/2025 16:32,25576.5,25576.75,25574.5,25575.75,66,25545.05072,25496.3928
10/20/2025 16:33,25575.5,25578,25575.25,25578,42,25545.05482,25496.40073
10/20/2025 16:34,25578.25,25578.5,25577.5,25578.25,27,25545.05754,25496.40589
10/20/2025 16:35,25577.5,25577.5,25576,25576.75,37,25545.06111,25496.41284
10/20/2025 16:36,25576.25,25577.25,25575.75,25577.25,52,25545.06613,25496.42261
10/20/2025 16:37,25577.25,25578.5,25577,25578,37,25545.06982,25496.42965
10/20/2025 16:38,25578,25578,25576,25576.5,46,25545.07427,25496.4383
10/20/2025 16:39,25575.75,25577,25575.5,25576.75,60,25545.07999,25496.44952
10/20/2025 16:40,25576.75,25577.5,25575,25575.25,135,25545.09265,25496.47459
10/20/2025 16:41,25575.5,25576.25,25575,25575.25,140,25545.1056,25496.50044
10/20/2025 16:42,25575,25575.75,25572.5,25573.25,109,25545.11512,25496.52013
10/20/2025 16:43,25573.5,25575.25,25573.5,25574.75,49,25545.1195,25496.52906
10/20/2025 16:44,25574.25,25574.5,25573.25,25573.75,44,25545.12334,25496.537
10/20/2025 16:45,25573.5,25574.75,25573.25,25574,94,25545.13158,25496.554
10/20/2025 16:46,25574,25575.75,25572.75,25575.25,147,25545.14473,25496.58077
10/20/2025 16:47,25574.5,25576,25574.5,25575.25,36,25545.14802,25496.58738
10/20/2025 16:48,25575.75,25577,25574.75,25576,75,25545.15503,25496.60126
10/20/2025 16:49,25575.75,25577.75,25575.75,25577.5,72,25545.16199,25496.61477
10/20/2025 16:50,25577.25,25578.25,25577,25578.25,75,25545.16942,25496.62898
10/20/2025 16:51,25578,25578,25574.25,25574.25,139,25545.18221,25496.65454
10/20/2025 16:52,25574,25576.5,25573.5,25576.5,58,25545.18754,25496.6652
10/20/2025 16:53,25576.5,25578.5,25576.5,25578,50,25545.19247,25496.67465
10/20/2025 16:54,25578.25,25578.5,25577.5,25578.25,32,25545.19566,25496.68072
10/20/2025 16:55,25578.25,25578.5,25577.75,25578.5,53,25545.20097,25496.69079
10/20/2025 16:56,25578.5,25580.5,25578.25,25580,116,25545.21306,25496.7132
10/20/2025 16:57,25579.75,25580.5,25574.25,25575.75,180,25545.2303,25496.74679
10/20/2025 16:58,25575.75,25577.5,25575.5,25575.5,63,25545.2362,25496.75844
10/20/2025 16:59,25575.5,25578,25575,25577.5,64,25545.24232,25496.77038
10/20/2025 17:00,25577.5,25584.25,25577.25,25583.25,422,25545.28869,25496.85363
10/20/2025 18:01,25583.25,25586.5,25578.25,25581,209,0,25581.91667
10/20/2025 18:02,25580.75,25583.75,25578.5,25579.75,85,0,25581.55527
10/20/2025 18:03,25579.5,25580.5,25575,25577,90,0,25580.60482
10/20/2025 18:04,25575.75,25579.25,25575,25579,48,0,25580.28762
10/20/2025 18:05,25579,25579,25574.75,25575.5,49,0,25579.89328
10/20/2025 18:06,25575.25,25577.75,25573,25574.25,109,0,25578.98927
10/20/2025 18:07,25573.75,25573.75,25568.25,25571.25,133,0,25577.53492
10/20/2025 18:08,25570.75,25570.75,25564.75,25568.25,140,0,25575.9746
10/20/2025 18:09,25567.75,25569.75,25566.5,25566.5,38,0,25575.6207
10/20/2025 18:10,25567,25570.75,25566.25,25569.75,44,0,25575.30855
10/20/2025 18:11,25570.25,25570.25,25567.5,25568.75,56,0,25574.9463
10/20/2025 18:12,25568.75,25570.25,25567.75,25568.75,46,0,25574.68139
10/20/2025 18:13,25568.25,25571.5,25566.75,25567.5,81,0,25574.2435
10/20/2025 18:14,25567,25568,25566.5,25567,22,0,25574.10812
10/20/2025 18:15,25566.75,25567.5,25564.5,25566.25,60,0,25573.71019
10/20/2025 18:16,25565.75,25570.5,25564.75,25568,74,0,25573.36669
10/20/2025 18:17,25568,25572.5,25568,25571.75,35,0,25573.29726
10/20/2025 18:18,25572,25572.5,25569.5,25570.75,35,0,25573.23572
10/20/2025 18:19,25572,25576,25572,25575,95,0,25573.30768
10/20/2025 18:20,25574.25,25575.25,25573.5,25574.25,13,0,25573.3168
10/20/2025 18:21,25574.5,25574.5,25570.75,25573.25,28,0,25573.30772
10/20/2025 18:22,25573.25,25574.5,25571.75,25572.75,34,0,25573.30085
10/20/2025 18:23,25573,25573.5,25570.5,25570.5,34,0,25573.26155
10/20/2025 18:24,25568.5,25574.25,25567.25,25572.5,95,0,25573.15074
10/20/2025 18:25,25573.5,25576,25573.5,25575.75,49,0,25573.20637
10/20/2025 18:26,25576,25579.5,25575.25,25578.5,112,0,25573.48691
10/20/2025 18:27,25579.25,25581,25577.75,25580.25,61,0,25573.68796
10/20/2025 18:28,25579.5,25585.75,25579.25,25582,143,0,25574.30059
10/20/2025 18:29,25583.5,25583.75,25580.5,25583,37,0,25574.44672
10/20/2025 18:30,25582.25,25582.25,25579,25579,36,0,25574.54376
10/20/2025 18:31,25579.5,25582.5,25578,25581.25,38,0,25574.65156
10/20/2025 18:32,25582,25582,25577,25577,28,0,25574.70368
10/20/2025 18:33,25577.25,25578.75,25575,25576.5,40,0,25574.74093
10/20/2025 18:34,25575.75,25576.5,25574,25574.5,68,0,25574.74871
10/20/2025 18:35,25573.5,25574,25569.75,25570.75,124,0,25574.58009
10/20/2025 18:36,25573.5,25574.25,25571.75,25572,19,0,25574.56499
10/20/2025 18:37,25572.5,25573.75,25569.75,25570.75,48,0,25574.50346
10/20/2025 18:38,25571,25571,25568.5,25569.75,54,0,25574.4012
10/20/2025 18:39,25570.25,25570.75,25569,25570.25,20,0,25574.3664
10/20/2025 18:40,25570.25,25572.25,25570.25,25572,8,0,25574.35737
10/20/2025 18:41,25572.5,25577.5,25572.5,25576,52,0,25574.37696
10/20/2025 18:42,25576,25578.5,25574.25,25577.5,52,0,25574.42367
10/20/2025 18:43,25577.25,25581.25,25576.75,25579.75,70,0,25574.54824
10/20/2025 18:44,25580.5,25580.5,25579.25,25580.25,23,0,25574.59409
10/20/2025 18:45,25580.25,25580.75,25578,25578,34,0,25574.64717
10/20/2025 18:46,25579,25580.75,25576.25,25577.25,60,0,25574.72004
10/20/2025 18:47,25577.5,25577.5,25573.75,25573.75,35,0,25574.72346
10/20/2025 18:48,25574,25576,25573.25,25575.5,22,0,25574.72494
10/20/2025 18:49,25575.75,25576,25574.5,25574.5,17,0,25574.72655
10/20/2025 18:50,25575.25,25575.25,25574,25575,14,0,25574.72666
10/20/2025 18:51,25574.75,25577.75,25574,25577.75,48,0,25574.75537
10/20/2025 18:52,25576.5,25578.75,25576.5,25578.75,15,0,25574.7717
10/20/2025 18:53,25579.75,25581.25,25577,25577.5,79,0,25574.87014
10/20/2025 18:54,25576.5,25578.5,25575.5,25577,19,0,25574.88328
10/20/2025 18:55,25576,25578,25576,25578,11,0,25574.89201
10/20/2025 18:56,25577.25,25577.5,25575.75,25575.75,14,0,25574.89851
10/20/2025 18:57,25576.25,25577,25576,25577,10,0,25574.90419
10/20/2025 18:58,25577,25578,25577,25578,23,0,25574.92445
10/20/2025 18:59,25577,25577,25575.5,25577,24,0,25574.93642
10/20/2025 19:00,25577,25579,25575,25577,42,0,25574.96349
10/20/2025 19:01,25577.5,25580.75,25576.75,25578.5,89,0,25575.06363
10/20/2025 19:02,25578.75,25588.25,25577.5,25586,187,0,25575.53963
10/20/2025 19:03,25585.5,25587.75,25583,25586.25,69,0,25575.73663
10/20/2025 19:04,25587,25590.25,25586.25,25589.25,88,0,25576.04764
10/20/2025 19:05,25588.25,25588.5,25584.75,25587.25,118,0,25576.38676
10/20/2025 19:06,25587.5,25590.5,25585.75,25585.75,36,0,25576.49076
10/20/2025 19:07,25585.5,25590.75,25585.5,25588.75,73,0,25576.71461
10/20/2025 19:08,25588.5,25590,25587.25,25587.25,42,0,25576.83782
10/20/2025 19:09,25588,25590,25587.25,25590,28,0,25576.92502
10/20/2025 19:10,25589.5,25591,25589,25590,29,0,25577.02074
10/20/2025 19:11,25590.5,25601.5,25590.5,25596.75,350,0,25578.58192
10/20/2025 19:12,25597.25,25600,25595.25,25599.25,79,0,25578.93436
10/20/2025 19:13,25599.75,25600.75,25597.5,25597.5,128,0,25579.49104
10/20/2025 19:14,25597.5,25598.5,25596,25596.75,51,0,25579.6874
10/20/2025 19:15,25597.5,25597.5,25592.5,25593,87,0,25579.96107
10/20/2025 19:16,25593.25,25593.25,25583,25584.25,161,0,25580.19077
10/20/2025 19:17,25583.5,25584.5,25580.75,25584.5,100,0,25580.25298
10/20/2025 19:18,25585,25589,25581.5,25588,128,0,25580.40302
10/20/2025 19:19,25587.5,25589.5,25583.5,25584.75,53,0,25580.46034
10/20/2025 19:20,25583.25,25584,25581,25581.5,50,0,25580.47692
10/20/2025 19:21,25582.5,25585.25,25582.5,25584.75,23,0,25580.49333
10/20/2025 19:22,25584.5,25588.25,25584.5,25586.5,31,0,25580.52863
10/20/2025 19:23,25587.5,25588.5,25587.5,25588,12,0,25580.54582
10/20/2025 19:24,25588.25,25588.5,25586.5,25588.5,41,0,25580.60268
10/20/2025 19:25,25589.25,25590,25586,25586.75,111,0,25580.74708
10/20/2025 19:26,25586.75,25590.75,25586.75,25588.5,28,0,25580.78819
10/20/2025 19:27,25588.5,25590.75,25587,25590,38,0,25580.84739
10/20/2025 19:28,25591,25591,25588,25590.25,39,0,25580.91085
10/20/2025 19:29,25590.75,25592.75,25590.75,25591.75,33,0,25580.97584
10/20/2025 19:30,25592,25595.5,25591.5,25595.5,77,0,25581.15783
10/20/2025 19:31,25595.75,25597.5,25593.5,25593.5,48,0,25581.27444
10/20/2025 19:32,25593.25,25595.5,25591.5,25593.75,77,0,25581.44055
10/20/2025 19:33,25593.25,25594.5,25592.25,25594.5,28,0,25581.50065
10/20/2025 19:34,25593.5,25594.75,25592.5,25593.75,15,0,25581.5324
10/20/2025 19:35,25593.75,25599.5,25593.25,25599.5,59,0,25581.69376
10/20/2025 19:36,25599.25,25599.5,25596,25596.75,45,0,25581.81464
10/20/2025 19:37,25596.5,25598,25593.75,25597.25,47,0,25581.9303
10/20/2025 19:38,25596.75,25597.75,25595.25,25595.25,23,0,25581.98526
10/20/2025 19:39,25595.5,25595.5,25590.5,25591.25,64,0,25582.09677
10/20/2025 19:40,25591,25591.5,25590,25590.5,20,0,25582.1253
10/20/2025 19:41,25590.25,25591.25,25586.25,25587,52,0,25582.17715
10/20/2025 19:42,25586,25588,25585.25,25587,38,0,25582.20565
10/20/2025 19:43,25587,25587.75,25582.75,25585.25,67,0,25582.23874
10/20/2025 19:44,25584.5,25587.5,25583.5,25583.5,37,0,25582.25422
10/20/2025 19:45,25583.25,25586.25,25583.25,25585.5,17,0,25582.26173
10/20/2025 19:46,25583.25,25583.25,25580.25,25581,71,0,25582.25313
10/20/2025 19:47,25581.25,25582.5,25579.25,25581.5,81,0,25582.23825
10/20/2025 19:48,25581,25581,25577.75,25578.75,46,0,25582.21623
10/20/2025 19:49,25578.75,25581.25,25578.75,25581.25,21,0,25582.21036
10/20/2025 19:50,25580,25580,25575.5,25578.25,76,0,25582.16026
10/20/2025 19:51,25577.25,25577.25,25574.25,25576,83,0,25582.08064
10/20/2025 19:52,25576,25577.25,25575.5,25576.5,24,0,25582.06011
10/20/2025 19:53,25576.5,25578.75,25575.25,25578.75,31,0,25582.03924
10/20/2025 19:54,25577.75,25579.5,25574.5,25574.75,60,0,25581.98748
10/20/2025 19:55,25575.25,25576,25573.75,25574.5,42,0,25581.94247
10/20/2025 19:56,25574,25577.25,25573,25576.75,58,0,25581.88903
10/20/2025 19:57,25576.75,25576.75,25574,25574.5,55,0,25581.83451
10/20/2025 19:58,25574.25,25576.75,25574.25,25576.5,45,0,25581.79543
10/20/2025 19:59,25576.25,25578.5,25575.75,25576.75,40,0,25581.76784
10/20/2025 20:00,25577.25,25581.5,25577.25,25579.75,95,0,25581.73726
10/20/2025 20:01,25580,25588.5,25577.5,25585.75,197,0,25581.79654
10/20/2025 20:02,25585.25,25586.75,25576,25580.75,106,0,25581.78745
10/20/2025 20:03,25581,25584.25,25579,25580.75,54,0,25581.78414
10/20/2025 20:04,25581.5,25581.75,25575.5,25576.25,54,0,25581.75553
10/20/2025 20:05,25575.5,25575.5,25568,25568.5,179,0,25581.49559
10/20/2025 20:06,25568,25574,25567.25,25570.25,201,0,25581.21358
10/20/2025 20:07,25570,25574.5,25570,25573.75,35,0,25581.17595
10/20/2025 20:08,25574.75,25575.5,25571.5,25574,36,0,25581.14177
10/20/2025 20:09,25572.5,25573.5,25569.25,25569.75,45,0,25581.08344
10/20/2025 20:10,25570.25,25570.5,25568.75,25569.75,36,0,25581.03199
10/20/2025 20:11,25570.5,25578.5,25570,25577.75,113,0,25580.95367
10/20/2025 20:12,25578.5,25580.25,25577,25578.25,47,0,25580.93952
10/20/2025 20:13,25578.5,25578.5,25576.5,25577,37,0,25580.92322
10/20/2025 20:14,25576.25,25583,25576,25582.75,73,0,25580.92022
10/20/2025 20:15,25583.75,25587,25577.5,25578.75,108,0,25580.92232
10/20/2025 20:16,25578.75,25587.75,25577.75,25584.75,91,0,25580.94916
10/20/2025 20:17,25585.5,25587.25,25583,25585.75,79,0,25580.98973
10/20/2025 20:18,25587,25590,25584.5,25585.75,83,0,25581.0452
10/20/2025 20:19,25585.5,25586,25583.5,25585.5,27,0,25581.05754
10/20/2025 20:20,25585,25588,25585,25586.75,33,0,25581.07855
10/20/2025 20:21,25586.75,25588,25584,25584.75,35,0,25581.09664
10/20/2025 20:22,25585.25,25585.5,25582.5,25582.5,50,0,25581.11035
10/20/2025 20:23,25582,25583.5,25580.75,25583.25,39,0,25581.11651
10/20/2025 20:24,25583,25583.25,25580.25,25582,27,0,25581.1187
10/20/2025 20:25,25582.5,25583,25581,25581.25,48,0,25581.12211
10/20/2025 20:26,25581.25,25584.75,25579.5,25584,147,0,25581.14863
10/20/2025 20:27,25584.75,25587.25,25584.75,25587.25,61,0,25581.18399
10/20/2025 20:28,25587.5,25595.5,25586.25,25595.5,195,0,25581.41997
10/20/2025 20:29,25595.5,25595.75,25592.5,25592.5,35,0,25581.46566
10/20/2025 20:30,25592.5,25593.75,25589.5,25590.75,50,0,25581.51834
10/20/2025 20:31,25591.5,25593.25,25587.5,25591,108,0,25581.62166
10/20/2025 20:32,25590.25,25592,25588.5,25590.25,34,0,25581.65251
10/20/2025 20:33,25590.5,25593.75,25590.5,25592.5,37,0,25581.69359
10/20/2025 20:34,25591.25,25593.25,25589.25,25592,37,0,25581.73145
10/20/2025 20:35,25592,25594.75,25589.5,25594.25,50,0,25581.78908
10/20/2025 20:36,25593.25,25594.5,25591.5,25593.5,62,0,25581.86184
10/20/2025 20:37,25593,25593.75,25592.25,25592.5,11,0,25581.87427
10/20/2025 20:38,25592.75,25595.5,25591.5,25594.5,49,0,25581.93434
10/20/2025 20:39,25594.5,25595,25593,25594.5,29,0,25581.9706
10/20/2025 20:40,25594,25596.5,25594,25596,29,0,25582.01058
10/20/2025 20:41,25596.25,25598.5,25595.5,25598,72,0,25582.12219
10/20/2025 20:42,25598,25598.25,25595.75,25597.75,20,0,25582.15273
10/20/2025 20:43,25597.25,25597.25,25595.25,25595.75,43,0,25582.21295
10/20/2025 20:44,25595.5,25598.5,25595.5,25596,40,0,25582.27083
10/20/2025 20:45,25596.75,25598.75,25595.75,25595.75,30,0,25582.31419
10/20/2025 20:46,25596,25598,25596,25596.75,15,0,25582.33602
10/20/2025 20:47,25596.25,25596.5,25593.25,25594.25,49,0,25582.39595
10/20/2025 20:48,25594,25598.75,25594,25596.75,36,0,25582.44614
10/20/2025 20:49,25595.5,25597.5,25595.5,25596.75,22,0,25582.47681
10/20/2025 20:50,25596.5,25597.75,25595.5,25595.5,9,0,25582.48902
10/20/2025 20:51,25595,25597.25,25595,25595.75,29,0,25582.52752
10/20/2025 20:52,25596.5,25597.5,25595.75,25596.25,16,0,25582.54945
10/20/2025 20:53,25596.5,25598.75,25595,25597.25,67,0,25582.64381
10/20/2025 20:54,25597,25597.5,25595.25,25596.5,19,0,25582.66926
10/20/2025 20:55,25595.5,25598.25,25595.25,25597,36,0,25582.71869
10/20/2025 20:56,25597.25,25597.25,25596.25,25597,15,0,25582.73918
10/20/2025 20:57,25597,25598.75,25595.5,25595.5,22,0,25582.7686
10/20/2025 20:58,25595.5,25599.5,25594.25,25599.25,64,0,25582.86013
10/20/2025 20:59,25599.25,25599.75,25597.5,25597.5,46,0,25582.92779
10/20/2025 21:00,25598.25,25599.25,25598,25598.25,25,0,25582.96491
10/20/2025 21:01,25598.5,25603.75,25596.5,25603.25,155,0,25583.22999
10/20/2025 21:02,25602.75,25605.25,25602.25,25605.25,99,0,25583.42372
10/20/2025 21:03,25605.5,25606,25599.75,25604,109,0,25583.62288
10/20/2025 21:04,25603.5,25603.75,25601,25603,17,0,25583.65253
10/20/2025 21:05,25603.5,25604,25601,25603.5,34,0,25583.71235
10/20/2025 21:06,25604,25605,25601.5,25603.75,45,0,25583.79335
10/20/2025 21:07,25603.5,25605.75,25602.75,25602.75,31,0,25583.84971
10/20/2025 21:08,25602.5,25604.5,25601.5,25603.75,28,0,25583.89906
10/20/2025 21:09,25602.5,25603,25600,25602.5,49,0,25583.97855
10/20/2025 21:10,25602.25,25602.75,25601,25601.75,23,0,25584.01562
10/20/2025 21:11,25601.25,25602.75,25600,25602,55,0,25584.10241
10/20/2025 21:12,25601.75,25605.25,25601.75,25603.5,39,0,25584.17013
10/20/2025 21:13,25603,25603.75,25602,25603.25,29,0,25584.21888
10/20/2025 21:14,25603,25603.5,25602,25602.75,33,0,25584.27331
10/20/2025 21:15,25602.75,25603,25601.5,25601.75,30,0,25584.32075
10/20/2025 21:16,25602.75,25602.75,25599.75,25602,40,0,25584.38154
10/20/2025 21:17,25603.25,25603.25,25601.25,25601.25,16,0,25584.40632
10/20/2025 21:18,25602,25603.5,25601.75,25601.75,11,0,25584.42373
10/20/2025 21:19,25601.25,25604,25601,25603.75,18,0,25584.45306
10/20/2025 21:20,25602.75,25603.5,25602.25,25602.5,24,0,25584.49167
10/20/2025 21:21,25603.25,25612.25,25602.75,25612.25,195,0,25584.90621
10/20/2025 21:22,25612.5,25615.75,25603.75,25604.5,223,0,25585.34297
10/20/2025 21:23,25604,25607.25,25602,25607.25,77,0,25585.47375
10/20/2025 21:24,25606.5,25608.25,25605.5,25606.5,57,0,25585.57545
10/20/2025 21:25,25605.75,25606.25,25601.5,25603.5,50,0,25585.65134
10/20/2025 21:26,25603,25604.75,25601.5,25603,43,0,25585.71371
10/20/2025 21:27,25602.5,25602.5,25597.5,25599.25,99,0,25585.82839
10/20/2025 21:28,25598.5,25598.75,25595,25596.25,85,0,25585.90389
10/20/2025 21:29,25596,25597,25594,25596,76,0,25585.96432
10/20/2025 21:30,25596,25598,25593,25597,109,0,25586.05263
10/20/2025 21:31,25596.75,25598.5,25594,25594.75,56,0,25586.09627
10/20/2025 21:32,25595.25,25596,25592.5,25595.25,60,0,25586.137
10/20/2025 21:33,25594,25595,25591.25,25591.5,38,0,25586.15653
10/20/2025 21:34,25592,25593,25589.75,25589.75,43,0,25586.17251
10/20/2025 21:35,25591,25591,25588.75,25590.5,33,0,25586.18274
10/20/2025 21:36,25590.5,25590.75,25588,25589.5,52,0,25586.19602
10/20/2025 21:37,25588.75,25589,25586.5,25587.25,54,0,25586.2019
10/20/2025 21:38,25587.5,25589.25,25587,25589.25,21,0,25586.20569
10/20/2025 21:39,25590,25591.5,25589.5,25590.25,39,0,25586.21854
10/20/2025 21:40,25590.5,25591.25,25589.75,25590.75,23,0,25586.22638
10/20/2025 21:41,25591,25594.25,25590.75,25594,57,0,25586.25639
10/20/2025 21:42,25594.25,25596.5,25593.75,25596.5,28,0,25586.27665
10/20/2025 21:43,25596.75,25598,25594.25,25594.25,56,0,25586.31655
10/20/2025 21:44,25595.25,25599.25,25595.25,25595.75,61,0,25586.36547
10/20/2025 21:45,25595.75,25595.75,25593.5,25595,27,0,25586.38284
10/20/2025 21:46,25594.25,25596.75,25593.5,25596.75,44,0,25586.41407
10/20/2025 21:47,25597,25599.25,25596,25598.5,44,0,25586.45264
10/20/2025 21:48,25599,25601,25597.75,25600.75,47,0,25586.50039
10/20/2025 21:49,25600.5,25601.25,25597.5,25597.75,61,0,25586.55725
10/20/2025 21:50,25597.5,25598,25596.5,25597.25,24,0,25586.57661
10/20/2025 21:51,25597.5,25602.25,25597.5,25601.5,43,0,25586.62137
10/20/2025 21:52,25601.5,25605.5,25601.5,25603.75,61,0,25586.69882
10/20/2025 21:53,25603.25,25603.25,25600.25,25600.25,30,0,25586.73142
10/20/2025 21:54,25601,25601.75,25599.5,25600.25,46,0,25586.77856
10/20/2025 21:55,25601.5,25602.5,25599.25,25602,18,0,25586.79793
10/20/2025 21:56,25601.5,25606.5,25601.5,25604.75,68,0,25586.8857
10/20/2025 21:57,25604.75,25607.5,25602,25602.5,89,0,25586.99761
10/20/2025 21:58,25601.75,25602,25599.5,25600.5,27,0,25587.02468
10/20/2025 21:59,25599.75,25601.5,25599.75,25600.25,26,0,25587.05032
10/20/2025 22:00,25600.25,25601,25600,25601,18,0,25587.06823
10/20/2025 22:01,25600.75,25606.5,25598.75,25602.5,95,0,25587.17523
10/20/2025 22:02,25602.75,25604.75,25601,25604.75,32,0,25587.21306
10/20/2025 22:03,25605.25,25605.25,25603,25605,31,0,25587.2516
10/20/2025 22:04,25604.5,25607.5,25604.5,25606,40,0,25587.30563
10/20/2025 22:05,25605.5,25605.75,25603.25,25603.75,32,0,25587.34461
10/20/2025 22:06,25603.25,25604.75,25602.5,25603.75,34,0,25587.3844
10/20/2025 22:07,25603.5,25605.5,25601,25604,28,0,25587.4167
10/20/2025 22:08,25604.75,25607.75,25604.75,25607.75,97,0,25587.54998
10/20/2025 22:09,25608,25611.5,25607.25,25610,85,0,25587.68229
10/20/2025 22:10,25610,25611.5,25606.75,25607.5,73,0,25587.78953
10/20/2025 22:11,25607.25,25611.25,25607,25610.25,85,0,25587.91846
10/20/2025 22:12,25610.25,25613,25610.25,25611,67,0,25588.02794
10/20/2025 22:13,25610.75,25610.75,25608.25,25609.75,31,0,25588.07431
10/20/2025 22:14,25610,25611,25609.75,25611,33,0,25588.12574
10/20/2025 22:15,25610.75,25612.75,25610.5,25612,49,0,25588.20561
10/20/2025 22:16,25612,25613,25611,25611.5,28,0,25588.25117
10/20/2025 22:17,25613,25613,25611.25,25612.25,63,0,25588.35448
10/20/2025 22:18,25612.5,25615,25612,25612.25,59,0,25588.45412
10/20/2025 22:19,25613,25613.75,25611.75,25613.25,29,0,25588.50247
10/20/2025 22:20,25613.5,25614.75,25611.25,25612.25,36,0,25588.56182
10/20/2025 22:21,25611.5,25614.25,25611.5,25613,35,0,25588.61964
10/20/2025 22:22,25613.5,25616.5,25613.5,25614.75,61,0,25588.728
10/20/2025 22:23,25615.25,25616.5,25614.25,25615,65,0,25588.84394
10/20/2025 22:24,25615.75,25617.75,25615.75,25617.75,37,0,25588.91403
10/20/2025 22:25,25617.5,25617.75,25616.5,25616.5,54,0,25589.01511
10/20/2025 22:26,25616.75,25618.75,25615.25,25618,78,0,25589.162
10/20/2025 22:27,25617.5,25618.25,25616,25616.25,29,0,25589.21526
10/20/2025 22:28,25617.25,25618.5,25615.75,25618.25,43,0,25589.29575
10/20/2025 22:29,25619,25620.25,25617.5,25620.25,81,0,25589.45591
10/20/2025 22:30,25620.25,25621.75,25620.25,25621.25,103,0,25589.66891
10/20/2025 22:31,25621.5,25624.5,25621,25623.75,125,0,25589.9398
10/20/2025 22:32,25623,25623.5,25622,25623.25,44,0,25590.03363
10/20/2025 22:33,25622.5,25623.75,25621.25,25621.75,67,0,25590.17262
10/20/2025 22:34,25620.75,25621,25618.5,25620.5,69,0,25590.30456
10/20/2025 22:35,25620.25,25620.5,25619,25620,42,0,25590.38385
10/20/2025 22:36,25620,25620.5,25618,25618.25,59,0,25590.49108
10/20/2025 22:37,25618,25619,25616.75,25618.5,39,0,25590.55945
10/20/2025 22:38,25618.25,25619,25615,25615.25,47,0,25590.63643
10/20/2025 22:39,25615.75,25616.75,25613.25,25616.75,48,0,25590.71206
10/20/2025 22:40,25616.25,25617,25615.75,25615.75,31,0,25590.7618
10/20/2025 22:41,25615.5,25617.75,25615,25616.75,28,0,25590.80714
10/20/2025 22:42,25616.25,25616.25,25613.25,25614,31,0,25590.85327
10/20/2025 22:43,25613.5,25614.75,25610.75,25610.75,47,0,25590.91574
10/20/2025 22:44,25611.25,25611.25,25606.75,25609,113,0,25591.0428
10/20/2025 22:45,25608.5,25609.5,25604.75,25604.75,95,0,25591.13258
10/20/2025 22:46,25604.75,25605.5,25602.5,25604.75,120,0,25591.22916
10/20/2025 22:47,25604,25605,25602.5,25604,29,0,25591.25154
10/20/2025 22:48,25603.25,25605.5,25601,25605.5,46,0,25591.28736
10/20/2025 22:49,25605.75,25608,25604.25,25607.5,74,0,25591.35617
10/20/2025 22:50,25607.5,25609.5,25607.25,25608,36,0,25591.39307
10/20/2025 22:51,25607.5,25607.5,25604,25604.25,44,0,25591.42996
10/20/2025 22:52,25604.5,25605.75,25603,25604,47,0,25591.46631
10/20/2025 22:53,25603.75,25603.75,25600.75,25602.5,50,0,25591.49899
10/20/2025 22:54,25602.5,25603.25,25602.25,25602.75,23,0,25591.51454
10/20/2025 22:55,25602.5,25604.25,25602.5,25602.75,22,0,25591.52991
10/20/2025 22:56,25603,25603.5,25601.25,25601.25,31,0,25591.54935
10/20/2025 22:57,25601,25601.75,25599.5,25601.75,50,0,25591.57756
10/20/2025 22:58,25601.25,25601.75,25601,25601.25,9,0,25591.5828
10/20/2025 22:59,25600.75,25604.5,25600.75,25603.5,38,0,25591.60844
10/20/2025 23:00,25603.25,25604.25,25602.25,25604,21,0,25591.62328
10/20/2025 23:01,25603.25,25606.75,25603,25606,73,0,25591.68217
10/20/2025 23:02,25605.75,25608.5,25605.75,25608.25,51,0,25591.72979
10/20/2025 23:03,25607.5,25608,25605.5,25606.75,42,0,25591.76693
10/20/2025 23:04,25606.75,25609,25606.75,25608.5,20,0,25591.78612
10/20/2025 23:05,25608.5,25609.75,25608,25608.25,32,0,25591.81782
10/20/2025 23:06,25608.75,25610.75,25608,25609,45,0,25591.86375
10/20/2025 23:07,25608.75,25609.5,25607.5,25609,22,0,25591.88536
10/20/2025 23:08,25609,25610.75,25608.75,25609.75,43,0,25591.93016
10/20/2025 23:09,25610.25,25610.75,25607.75,25608.5,32,0,25591.96195
10/20/2025 23:10,25608.75,25610.25,25608.75,25609.5,24,0,25591.98642
10/20/2025 23:11,25609.5,25611.25,25609.5,25610.75,22,0,25592.01007
10/20/2025 23:12,25610.25,25611.25,25609.25,25611,29,0,25592.04115
10/20/2025 23:13,25611.25,25612,25610.5,25611.25,29,0,25592.07338
10/20/2025 23:14,25611.75,25612.25,25608.5,25609.25,82,0,25592.15803
10/20/2025 23:15,25609.25,25610.75,25608.5,25610.75,44,0,25592.20312
10/20/2025 23:16,25611,25612.25,25610.5,25611.5,27,0,25592.23288
10/20/2025 23:17,25611.5,25612,25609,25611.5,44,0,25592.2797
10/20/2025 23:18,25610.75,25611.25,25610,25610,15,0,25592.29525
10/20/2025 23:19,25610.5,25610.5,25608.75,25609,7,0,25592.30209
10/20/2025 23:20,25608.75,25609.5,25607.25,25609,36,0,25592.33551
10/20/2025 23:21,25609.25,25609.5,25609,25609.5,6,0,25592.34133
10/20/2025 23:22,25609,25609.5,25607.5,25608,27,0,25592.3659
10/20/2025 23:23,25608.5,25610,25608.25,25608.5,26,0,25592.39036
10/20/2025 23:24,25608.5,25609.5,25608.25,25608.5,18,0,25592.40707
10/20/2025 23:25,25608.75,25609.25,25608,25608.5,9,0,25592.41533
10/20/2025 23:26,25608.5,25609.5,25606.25,25606.5,51,0,25592.45862
10/20/2025 23:27,25607.5,25610,25607.25,25608.25,34,0,25592.48942
10/20/2025 23:28,25608.5,25608.5,25606.75,25607,14,0,25592.50121
10/20/2025 23:29,25607,25607.25,25602.25,25605.25,86,0,25592.56116
10/20/2025 23:30,25605,25605,25601.5,25602,39,0,25592.58361
10/20/2025 23:31,25602,25602,25597.5,25598.5,105,0,25592.62309
10/20/2025 23:32,25599,25602.25,25599,25602,66,0,25592.65407
10/20/2025 23:33,25601.75,25605.5,25601.75,25604.5,52,0,25592.68648
10/20/2025 23:34,25605,25605.25,25604.25,25604.25,5,0,25592.68977
10/20/2025 23:35,25604.75,25607.25,25604.25,25607.25,24,0,25592.70775
10/20/2025 23:36,25607,25607.5,25603.75,25604.75,59,0,25592.74877
10/20/2025 23:37,25604.25,25605.25,25602,25602,52,0,25592.77828
10/20/2025 23:38,25600.25,25602.75,25599.25,25599.5,80,0,25592.81206
10/20/2025 23:39,25599.5,25600,25597.25,25599.25,37,0,25592.82421
10/20/2025 23:40,25600.5,25600.75,25599.5,25599.75,19,0,25592.83164
10/20/2025 23:41,25599.75,25599.75,25594.5,25594.5,53,0,25592.84149
10/20/2025 23:42,25595,25595.75,25591.5,25594.25,90,0,25592.84632
10/20/2025 23:43,25594.75,25595.75,25593.25,25595.75,36,0,25592.85034
10/20/2025 23:44,25594.25,25594.25,25591,25591.5,56,0,25592.84853
10/20/2025 23:45,25591.75,25595.25,25590.25,25595,51,0,25592.85031
10/20/2025 23:46,25595.25,25595.25,25590.25,25591,30,0,25592.84922
10/20/2025 23:47,25591.25,25591.75,25586.75,25587.75,96,0,25592.82824
10/20/2025 23:48,25587,25587.25,25581.75,25582.75,127,0,25592.76831
10/20/2025 23:49,25582.5,25586,25579.75,25583.25,132,0,25592.70051
10/20/2025 23:50,25582.75,25584,25581,25581,69,0,25592.66183
10/20/2025 23:51,25583,25584.5,25578.75,25580.25,80,0,25592.61385
10/20/2025 23:52,25579.25,25581.25,25579.25,25579.5,39,0,25592.58824
10/20/2025 23:53,25580.5,25580.5,25574.75,25576.75,142,0,25592.47628
10/20/2025 23:54,25577.5,25583.25,25576,25583.25,60,0,25592.44028
10/20/2025 23:55,25582.25,25583.5,25581,25583.5,44,0,25592.41817
10/20/2025 23:56,25584.5,25589.5,25584.5,25587.75,143,0,25592.38046
10/20/2025 23:57,25588.25,25589.25,25587,25587,31,0,25592.37314
10/20/2025 23:58,25587.25,25589.75,25587.25,25588.25,28,0,25592.36751
10/20/2025 23:59,25588.5,25589,25584,25586.5,58,0,25592.35024
10/21/2025 0:00,25587.25,25588,25585.25,25585.25,28,0,25592.34147
10/21/2025 0:01,25585.75,25588,25582.75,25583.5,44,0,25592.32459
10/21/2025 0:02,25583.5,25584.5,25581.25,25582.75,45,0,25592.30305
10/21/2025 0:03,25582.75,25583,25578.5,25580,46,0,25592.27573
10/21/2025 0:04,25579,25581.25,25576.5,25579.75,87,0,25592.2186
10/21/2025 0:05,25579.5,25586,25579.5,25585,73,0,25592.18683
10/21/2025 0:06,25582.75,25585.5,25582.5,25585.5,34,0,25592.17381
10/21/2025 0:07,25584.75,25585,25581.25,25582.25,39,0,25592.15569
10/21/2025 0:08,25583,25585,25582.25,25583.25,46,0,25592.13594
10/21/2025 0:09,25582.75,25582.75,25580.5,25580.5,25,0,25592.12245
10/21/2025 0:10,25581,25582.25,25580.75,25581.25,20,0,25592.11185
10/21/2025 0:11,25580.75,25580.75,25576.75,25576.75,43,0,25592.08205
10/21/2025 0:12,25577.25,25578.75,25572.75,25573,98,0,25591.99894
10/21/2025 0:13,25573.25,25576.5,25572,25574.25,77,0,25591.93201
10/21/2025 0:14,25573.25,25577,25572.5,25577,43,0,25591.89747
10/21/2025 0:15,25576.75,25579.75,25575.25,25579,48,0,25591.86494
10/21/2025 0:16,25579.5,25582,25577,25577.5,46,0,25591.83578
10/21/2025 0:17,25578.5,25579.75,25577.75,25579,55,0,25591.80108
10/21/2025 0:18,25578.75,25578.75,25577.5,25578.5,13,0,25591.79254
10/21/2025 0:19,25578,25579.25,25577.5,25579.25,19,0,25591.78045
10/21/2025 0:20,25578.5,25580.25,25578,25579.75,34,0,25591.75998
10/21/2025 0:21,25579.25,25580,25578.5,25580,16,0,25591.7505
10/21/2025 0:22,25580.25,25580.5,25578,25578,19,0,25591.73865
10/21/2025 0:23,25577.75,25578,25575.75,25575.75,25,0,25591.72028
10/21/2025 0:24,25575.25,25577.25,25575,25577.25,72,0,25591.66761
10/21/2025 0:25,25576.75,25578.75,25576.5,25578.75,22,0,25591.65318
10/21/2025 0:26,25578.5,25584.25,25578.25,25583.75,71,0,25591.62067
10/21/2025 0:27,25583.75,25584,25581,25581.5,44,0,25591.6008
10/21/2025 0:28,25582,25582.75,25581,25581.5,10,0,25591.5961
10/21/2025 0:29,25580.75,25582,25580.25,25581,25,0,25591.58358
10/21/2025 0:30,25581.5,25582.25,25580.25,25582.25,16,0,25591.57595
10/21/2025 0:31,25582.5,25583,25579.5,25580.75,24,0,25591.56397
10/21/2025 0:32,25580.25,25581.25,25580.25,25580.25,13,0,25591.55719
10/21/2025 0:33,25579.75,25580.5,25577.5,25577.5,30,0,25591.53859
10/21/2025 0:34,25577,25577.5,25569.75,25571.5,188,0,25591.37384
10/21/2025 0:35,25571,25574,25570.75,25573.25,62,0,25591.31942
10/21/2025 0:36,25574.25,25574.5,25573.5,25574.25,27,0,25591.29761
10/21/2025 0:37,25575,25578.25,25575,25576.75,58,0,25591.25795
10/21/2025 0:38,25576.5,25576.5,25573.25,25574.75,34,0,25591.23189
10/21/2025 0:39,25574.75,25576.25,25573.75,25573.75,16,0,25591.21947
10/21/2025 0:40,25574,25577.25,25574,25577.25,13,0,25591.21035
10/21/2025 0:41,25577.25,25578,25576,25578,26,0,25591.19356
10/21/2025 0:42,25577.75,25578.75,25576.5,25578.75,10,0,25591.18742
10/21/2025 0:43,25579,25579.25,25576.75,25576.75,18,0,25591.17604
10/21/2025 0:44,25576.5,25576.5,25574,25575.75,25,0,25591.15775
10/21/2025 0:45,25576,25577.75,25575.75,25576.5,25,0,25591.14095
10/21/2025 0:46,25577.25,25578.75,25577.25,25578,22,0,25591.12756
10/21/2025 0:47,25576.5,25578,25573.75,25574.75,28,0,25591.10731
10/21/2025 0:48,25573.5,25577.5,25569.75,25572.25,101,0,25591.02387
10/21/2025 0:49,25570.5,25575,25568.75,25573,83,0,25590.95238
10/21/2025 0:50,25574,25575.25,25573.75,25574,26,0,25590.93258
10/21/2025 0:51,25574.75,25576.75,25572,25573,39,0,25590.90223
10/21/2025 0:52,25573.25,25576,25573.25,25575,25,0,25590.88378
10/21/2025 0:53,25575.75,25579.25,25574.5,25575.5,81,0,25590.83044
10/21/2025 0:54,25575,25576.25,25572.25,25572.25,61,0,25590.78268
10/21/2025 0:55,25572.5,25572.75,25571.5,25571.5,18,0,25590.76728
10/21/2025 0:56,25571.5,25571.5,25561.75,25563.25,272,0,25590.45936
10/21/2025 0:57,25563.25,25563.75,25551.75,25557,443,0,25589.81793
10/21/2025 0:58,25557.25,25563,25557,25559.75,99,0,25589.68845
10/21/2025 0:59,25560.75,25564.25,25560.75,25562.5,59,0,25589.61846
10/21/2025 1:00,25562.5,25564.5,25560.75,25564.5,71,0,25589.53703
10/21/2025 1:01,25565,25567,25559.75,25559.75,131,0,25589.38197
10/21/2025 1:02,25559.5,25559.5,25552.75,25554,133,0,25589.18773
10/21/2025 1:03,25554.25,25557,25550,25557,121,0,25589.00904
10/21/2025 1:04,25558.25,25559.25,25547,25551.5,203,0,25588.69546
10/21/2025 1:05,25550.75,25554.75,25549.25,25554.25,112,0,25588.52553
10/21/2025 1:06,25552.75,25554.25,25549,25554.25,123,0,25588.33946
10/21/2025 1:07,25554.75,25562.5,25554.75,25562,110,0,25588.20802
10/21/2025 1:08,25561.25,25563.5,25558.25,25561.25,68,0,25588.13091
10/21/2025 1:09,25562,25565.75,25561.5,25564.75,71,0,25588.05971
10/21/2025 1:10,25564.75,25564.75,25561.25,25563.75,37,0,25588.02162
10/21/2025 1:11,25563,25570.5,25562.5,25569,100,0,25587.93614
10/21/2025 1:12,25569.75,25569.75,25565.5,25566,47,0,25587.89572
10/21/2025 1:13,25566.5,25567.25,25562,25562.75,48,0,25587.84851
10/21/2025 1:14,25563,25563.75,25560.25,25560.25,50,0,25587.79422
10/21/2025 1:15,25561.25,25563,25560,25561.25,48,0,25587.74232
10/21/2025 1:16,25561,25565,25561,25564,36,0,25587.70635
10/21/2025 1:17,25564.5,25568.5,25564,25568.5,61,0,25587.65478
10/21/2025 1:18,25569,25571,25566,25567.25,48,0,25587.61649
10/21/2025 1:19,25566.75,25570.25,25566.75,25570.25,25,0,25587.59763
10/21/2025 1:20,25570.25,25571,25569,25570,58,0,25587.55618
10/21/2025 1:21,25570.5,25574,25569.5,25570.25,93,0,25587.49482
10/21/2025 1:22,25571.25,25571.75,25568.5,25570.5,43,0,25587.46487
10/21/2025 1:23,25571.25,25572.25,25569.75,25571,41,0,25587.43765
10/21/2025 1:24,25569.75,25570.25,25563.75,25563.75,45,0,25587.39867
10/21/2025 1:25,25564.5,25565.25,25561.25,25563,41,0,25587.35874
10/21/2025 1:26,25562.25,25562.25,25557,25557.75,40,0,25587.31323
10/21/2025 1:27,25557.75,25557.75,25552.75,25553.75,97,0,25587.187
10/21/2025 1:28,25553.5,25554.5,25550.25,25552,64,0,25587.09787
10/21/2025 1:29,25551.5,25558.5,25551.5,25556.5,83,0,25586.99367
10/21/2025 1:30,25556.25,25557.25,25553.25,25554.25,44,0,25586.93769
10/21/2025 1:31,25553.75,25555.25,25551,25552.75,55,0,25586.86382
10/21/2025 1:32,25553,25553.75,25551.25,25553.75,37,0,25586.81418
10/21/2025 1:33,25553.75,25561.25,25552.25,25561.25,76,0,25586.72865
10/21/2025 1:34,25560.25,25560.5,25557,25560,51,0,25586.67338
10/21/2025 1:35,25560,25562.75,25558.25,25558.5,69,0,25586.60075
10/21/2025 1:36,25558.75,25559.5,25557,25558,25,0,25586.57291
10/21/2025 1:37,25557.5,25559.5,25556.5,25558.25,35,0,25586.5339
10/21/2025 1:38,25558.5,25559.25,25558,25558.25,21,0,25586.51088
10/21/2025 1:39,25557.75,25559.25,25555.75,25556.5,24,0,25586.48338
10/21/2025 1:40,25556,25557.25,25553.5,25554.5,42,0,25586.43196
10/21/2025 1:41,25554.75,25555,25551.75,25555,57,0,25586.35986
10/21/2025 1:42,25554.5,25556.5,25553.25,25553.25,33,0,25586.3188
10/21/2025 1:43,25552.75,25554.25,25550.5,25550.5,27,0,25586.28257
10/21/2025 1:44,25550.5,25554,25548.75,25551.75,54,0,25586.20982
10/21/2025 1:45,25551.25,25551.25,25548.75,25549,72,0,25586.1082
10/21/2025 1:46,25549.5,25551.75,25547.75,25548.75,68,0,25586.01209
10/21/2025 1:47,25548.75,25550,25548.25,25549.25,24,0,25585.97805
10/21/2025 1:48,25547.75,25549.25,25545.75,25549,147,0,25585.7644
10/21/2025 1:49,25548.75,25549.25,25544.75,25545.5,41,0,25585.70289
10/21/2025 1:50,25545.5,25548.25,25545,25545,43,0,25585.6379
10/21/2025 1:51,25545.75,25547,25535.5,25536.75,288,0,25585.13923
10/21/2025 1:52,25537,25539.75,25532.25,25539.25,207,0,25584.76679
10/21/2025 1:53,25538.25,25538.25,25533,25536.75,71,0,25584.63749
10/21/2025 1:54,25539,25542.75,25537.75,25542.25,108,0,25584.46188
10/21/2025 1:55,25542.25,25543.5,25539.25,25543.5,35,0,25584.40679
10/21/2025 1:56,25543.25,25548.5,25541.75,25547,103,0,25584.25946
10/21/2025 1:57,25547.25,25547.25,25541.5,25547.25,64,0,25584.1675
10/21/2025 1:58,25546.75,25551.5,25546.25,25551.5,93,0,25584.04975
10/21/2025 1:59,25550.75,25554,25550.75,25554,85,0,25583.9527
10/21/2025 2:00,25554,25555,25550.75,25553.5,51,0,25583.89507
10/21/2025 2:01,25554.25,25554.5,25549.75,25551.25,140,0,25583.73161
10/21/2025 2:02,25552.25,25552.75,25544,25544,112,0,25583.58205
10/21/2025 2:03,25544,25546.5,25538.75,25542.25,93,0,25583.44395
10/21/2025 2:04,25541,25544.75,25538.5,25538.5,116,0,25583.26497
10/21/2025 2:05,25538.25,25539,25534.75,25534.75,81,0,25583.12805
10/21/2025 2:06,25536,25537.5,25526.5,25527,401,0,25582.37896
10/21/2025 2:07,25526.5,25530,25525.75,25528,187,0,25582.02097
10/21/2025 2:08,25528.25,25532.25,25522.75,25528,290,0,25581.47249
10/21/2025 2:09,25528,25535,25527.75,25529,154,0,25581.20125
10/21/2025 2:10,25530.25,25534.75,25530.25,25534,51,0,25581.11632
10/21/2025 2:11,25532.5,25533.25,25530.75,25531.75,53,0,25581.02639
10/21/2025 2:12,25531.25,25533.5,25530,25530.75,42,0,25580.95464
10/21/2025 2:13,25531.25,25531.75,25528,25529.5,44,0,25580.87717
10/21/2025 2:14,25529.5,25530.5,25526.75,25528.25,35,0,25580.81422
10/21/2025 2:15,25528.75,25528.75,25526.5,25527.25,35,0,25580.75021
10/21/2025 2:16,25526.75,25532.25,25522.75,25532.25,179,0,25580.43491
10/21/2025 2:17,25531.25,25536.5,25531.25,25534,115,0,25580.25324
10/21/2025 2:18,25533.75,25536.25,25533.25,25533.25,80,0,25580.1286
10/21/2025 2:19,25532.5,25533,25529.75,25531.5,43,0,25580.05776
10/21/2025 2:20,25530.5,25533.75,25530.5,25533.75,35,0,25580.00174
10/21/2025 2:21,25534.25,25545.25,25534,25544.5,156,0,25579.79861
10/21/2025 2:22,25543.75,25547.25,25539.25,25545,147,0,25579.62184
10/21/2025 2:23,25544.25,25544.75,25541.5,25543.75,69,0,25579.53831
10/21/2025 2:24,25543.75,25546.5,25540.75,25542.75,102,0,25579.41554
10/21/2025 2:25,25542.25,25543.5,25540.5,25542.25,35,0,25579.37215
10/21/2025 2:26,25542,25543.25,25538.5,25541.25,103,0,25579.24135
10/21/2025 2:27,25540.75,25542,25537,25538,35,0,25579.19479
10/21/2025 2:28,25538,25539.25,25536.5,25536.75,29,0,25579.15486
10/21/2025 2:29,25536.5,25538.25,25534.5,25535,43,0,25579.09355
10/21/2025 2:30,25535.75,25539.25,25534.75,25535.5,69,0,25578.99685
10/21/2025 2:31,25535,25543.5,25534.75,25540.75,132,0,25578.82677
10/21/2025 2:32,25540,25540,25534,25534.25,62,0,25578.74013
10/21/2025 2:33,25534.75,25537.25,25531.5,25534.25,104,0,25578.58965
10/21/2025 2:34,25535.25,25538.25,25534.5,25535.75,58,0,25578.50963
10/21/2025 2:35,25536.75,25537.5,25531.5,25532.25,47,0,25578.44132
10/21/2025 2:36,25532.75,25537.75,25532.5,25535.5,31,0,25578.39789
10/21/2025 2:37,25536.25,25536.25,25532.5,25534,37,0,25578.34497
10/21/2025 2:38,25533.75,25537,25529.25,25536.75,75,0,25578.23828
10/21/2025 2:39,25538.75,25541.75,25535,25535,72,0,25578.14311
10/21/2025 2:40,25534.75,25540.5,25534.75,25540,47,0,25578.08299
10/21/2025 2:41,25538.75,25541.75,25537.25,25540.75,37,0,25578.03758
10/21/2025 2:42,25541.25,25542.75,25539,25542,45,0,25577.98442
10/21/2025 2:43,25542.25,25542.5,25534.75,25535.5,64,0,25577.90155
10/21/2025 2:44,25536.75,25538.75,25536,25537.5,34,0,25577.85749
10/21/2025 2:45,25536.5,25536.5,25533,25536.25,45,0,25577.7962
10/21/2025 2:46,25536.25,25536.25,25533.25,25534.5,19,0,25577.77002
10/21/2025 2:47,25535,25541,25534.5,25541,36,0,25577.72529
10/21/2025 2:48,25541.25,25545.5,25540.75,25544.75,50,0,25577.67104
10/21/2025 2:49,25544.25,25550.75,25543.75,25547,178,0,25577.49902
10/21/2025 2:50,25548.5,25550.25,25544.25,25546.25,86,0,25577.41593
10/21/2025 2:51,25545.5,25546,25538.75,25538.75,65,0,25577.34164
10/21/2025 2:52,25539.25,25543.5,25539.25,25541,56,0,25577.27803
10/21/2025 2:53,25540.25,25543.25,25539.5,25540,41,0,25577.23117
10/21/2025 2:54,25540,25544,25540,25543.75,51,0,25577.17572
10/21/2025 2:55,25543.25,25543.75,25535,25535.75,77,0,25577.08168
10/21/2025 2:56,25534.5,25536,25532.5,25535,83,0,25576.97132
10/21/2025 2:57,25535,25535.75,25533.25,25534,38,0,25576.92079
10/21/2025 2:58,25535,25536,25533,25535,54,0,25576.84974
10/21/2025 2:59,25534.5,25537.5,25534.25,25536.5,51,0,25576.78511
10/21/2025 3:00,25536.75,25537.75,25534.25,25535.25,39,0,25576.73542
10/21/2025 3:01,25535.25,25537,25526.5,25532.5,266,0,25576.36897
10/21/2025 3:02,25532,25536.75,25531,25536.5,107,0,25576.23229
10/21/2025 3:03,25536.25,25537,25528,25528.75,100,0,25576.09464
10/21/2025 3:04,25529.5,25531,25528.25,25529.5,76,0,25575.98673
10/21/2025 3:05,25530,25531,25526,25529.5,111,0,25575.82748
10/21/2025 3:06,25528,25534,25524,25529.75,214,0,25575.52617
10/21/2025 3:07,25529.25,25529.5,25520.75,25521.25,237,0,25575.15847
10/21/2025 3:08,25522,25522.75,25518.75,25522.25,118,0,25574.96822
10/21/2025 3:09,25522.5,25532.25,25522,25529.5,121,0,25574.79856
10/21/2025 3:10,25529.5,25532.5,25524.75,25527.75,148,0,25574.59453
10/21/2025 3:11,25527.75,25530.25,25525.75,25528,95,0,25574.46357
10/21/2025 3:12,25528,25532,25525.75,25527.25,75,0,25574.36143
10/21/2025 3:13,25527.75,25531.25,25525.25,25525.25,36,0,25574.31142
10/21/2025 3:14,25524.5,25525.5,25517.75,25522.25,129,0,25574.11254
10/21/2025 3:15,25523.5,25525.25,25518.5,25518.75,54,0,25574.02816
10/21/2025 3:16,25518.5,25525.75,25518.5,25525,78,0,25573.91187
10/21/2025 3:17,25526.5,25531.75,25525.25,25531.25,71,0,25573.81962
10/21/2025 3:18,25531.5,25536.25,25530.75,25532.5,147,0,25573.64584
10/21/2025 3:19,25533.75,25537.25,25532.75,25535.75,65,0,25573.57341
10/21/2025 3:20,25535,25538,25531.75,25535,57,0,25573.50956
10/21/2025 3:21,25535.75,25542,25533.25,25540.75,126,0,25573.38282
10/21/2025 3:22,25541,25541.5,25532.5,25535,89,0,25573.28787
10/21/2025 3:23,25535.5,25537.75,25530.25,25532,90,0,25573.18459
10/21/2025 3:24,25534,25537.25,25530.5,25533,144,0,25573.02147
10/21/2025 3:25,25532.5,25534.5,25531,25531,31,0,25572.98528
10/21/2025 3:26,25531.75,25539.75,25531.25,25539.75,47,0,25572.9369
10/21/2025 3:27,25540,25540.25,25533.25,25535.25,91,0,25572.84187
10/21/2025 3:28,25536,25539.25,25533.5,25538.25,53,0,25572.78787
10/21/2025 3:29,25539.5,25542.75,25536,25541.5,104,0,25572.69148
10/21/2025 3:30,25541.75,25545.25,25541.5,25543,82,0,25572.62323
10/21/2025 3:31,25543.75,25545.75,25537.5,25539.5,133,0,25572.50445
10/21/2025 3:32,25538.25,25541.25,25533.75,25541.25,67,0,25572.44086
10/21/2025 3:33,25541.25,25543,25535.5,25536.25,64,0,25572.37945
10/21/2025 3:34,25535,25535.75,25531.5,25535.75,76,0,25572.29848
10/21/2025 3:35,25536.25,25538.25,25533.25,25534.25,51,0,25572.24564
10/21/2025 3:36,25535,25542.75,25534,25539.25,67,0,25572.18285
10/21/2025 3:37,25539.75,25542.5,25533.5,25541.25,93,0,25572.09715
10/21/2025 3:38,25540.75,25547.5,25537.5,25538.25,197,0,25571.92798
10/21/2025 3:39,25539,25540,25534.25,25539.75,106,0,25571.8287
10/21/2025 3:40,25538,25538,25532.25,25532.75,61,0,25571.76566
10/21/2025 3:41,25532.25,25536.25,25532.25,25534.75,48,0,25571.71632
10/21/2025 3:42,25535.75,25539,25534.75,25536,70,0,25571.64876
10/21/2025 3:43,25536,25536.75,25533.25,25534.5,83,0,25571.56501
10/21/2025 3:44,25532.75,25534.25,25529.25,25532.25,100,0,25571.45664
10/21/2025 3:45,25531.75,25531.75,25527,25527,66,0,25571.37943
10/21/2025 3:46,25526.75,25527.25,25521.75,25525.5,89,0,25571.26668
10/21/2025 3:47,25525,25527.25,25520.5,25520.75,79,0,25571.16276
10/21/2025 3:48,25521.25,25523.75,25519.5,25519.5,127,0,25570.99004
10/21/2025 3:49,25519.5,25532,25519,25530.25,157,0,25570.80425
10/21/2025 3:50,25529.5,25531,25524.25,25530.25,78,0,25570.7155
10/21/2025 3:51,25530.5,25530.5,25524.5,25524.5,62,0,25570.64189
10/21/2025 3:52,25524.75,25535,25524.75,25534.5,101,0,25570.5358
10/21/2025 3:53,25534.5,25535,25524.75,25526,81,0,25570.44501
10/21/2025 3:54,25526,25532.5,25526,25530.25,81,0,25570.35676
10/21/2025 3:55,25531.5,25535,25531.5,25534.25,33,0,25570.32443
10/21/2025 3:56,25534.25,25535.25,25531,25534.75,94,0,25570.23287
10/21/2025 3:57,25534.5,25534.75,25530.5,25533.5,55,0,25570.17841
10/21/2025 3:58,25532.5,25533.5,25528.75,25533.5,81,0,25570.09635
10/21/2025 3:59,25533.5,25536,25532,25533,56,0,25570.04242
10/21/2025 4:00,25532.75,25533.5,25528.25,25533.5,37,0,25570.005
10/21/2025 4:01,25534.5,25536.75,25530.5,25533.5,122,0,25569.88802
10/21/2025 4:02,25534,25539,25533.5,25535,68,0,25569.82716
10/21/2025 4:03,25534.5,25535.25,25532.25,25534.75,52,0,25569.77838
10/21/2025 4:04,25534.5,25538.5,25533,25536,68,0,25569.71791
10/21/2025 4:05,25536.5,25536.5,25533.75,25533.75,34,0,25569.68672
10/21/2025 4:06,25535.5,25538.5,25534.25,25536.5,68,0,25569.62761
10/21/2025 4:07,25537,25541,25537,25539.25,61,0,25569.57901
10/21/2025 4:08,25538.25,25539.5,25533.25,25533.25,87,0,25569.50146
10/21/2025 4:09,25534.75,25537.75,25530.5,25535.75,116,0,25569.39661
10/21/2025 4:10,25536.5,25538,25534.25,25534.25,45,0,25569.35707
10/21/2025 4:11,25535,25535,25530,25531.75,45,0,25569.31385
10/21/2025 4:12,25531.75,25535.75,25529.5,25535.25,76,0,25569.24352
10/21/2025 4:13,25535.5,25537,25529.5,25536.5,130,0,25569.12666
10/21/2025 4:14,25537.25,25539,25531,25531.75,120,0,25569.01819
10/21/2025 4:15,25531,25532.75,25527,25531.75,107,0,25568.91268
10/21/2025 4:16,25531.25,25531.25,25525.75,25526.25,54,0,25568.85585
10/21/2025 4:17,25525,25527.75,25519.5,25521.25,99,0,25568.73966
10/21/2025 4:18,25520.5,25525.5,25513.25,25523.25,382,0,25568.27588
10/21/2025 4:19,25524.25,25531.25,25521,25521,112,0,25568.15217
10/21/2025 4:20,25521.75,25521.75,25514.5,25516,89,0,25568.03871
10/21/2025 4:21,25516,25517.5,25509.5,25516.75,180,0,25567.79802
10/21/2025 4:22,25517.25,25523,25517.25,25522.25,111,0,25567.66798
10/21/2025 4:23,25522,25523.5,25515,25516.25,61,0,25567.5929
10/21/2025 4:24,25515.25,25517.75,25511.5,25517.5,118,0,25567.44049
10/21/2025 4:25,25516.75,25522.5,25515.5,25521.25,100,0,25567.32234
10/21/2025 4:26,25521,25524.25,25519.5,25520.5,67,0,25567.24628
10/21/2025 4:27,25520.75,25522,25518.25,25521.75,41,0,25567.19909
10/21/2025 4:28,25521.75,25522.5,25520,25520.5,38,0,25567.15576
10/21/2025 4:29,25520.5,25520.5,25516,25518.5,101,0,25567.03435
10/21/2025 4:30,25518,25520.25,25513.25,25520.25,64,0,25566.95707
10/21/2025 4:31,25520.5,25522,25518.5,25518.5,68,0,25566.87815
10/21/2025 4:32,25517,25519.75,25513.25,25519.75,106,0,25566.75024
10/21/2025 4:33,25519.75,25520.5,25517,25517.25,40,0,25566.7028
10/21/2025 4:34,25517.5,25525,25517.5,25524.25,44,0,25566.65502
10/21/2025 4:35,25523.75,25526.5,25521.25,25523.5,111,0,25566.53899
10/21/2025 4:36,25523,25526,25521,25524.75,48,0,25566.48921
10/21/2025 4:37,25525,25526.5,25523,25526.5,23,0,25566.46619
10/21/2025 4:38,25526.5,25528,25524.75,25524.75,53,0,25566.41388
10/21/2025 4:39,25525,25527.25,25523,25527.25,67,0,25566.34795
10/21/2025 4:40,25527.25,25530.5,25525.25,25525.75,105,0,25566.24844
10/21/2025 4:41,25526,25526.75,25519.25,25520.75,94,0,25566.14863
10/21/2025 4:42,25521.25,25523,25519.25,25519.75,76,0,25566.06536
10/21/2025 4:43,25519.5,25521,25516,25521,107,0,25565.94522
10/21/2025 4:44,25520.5,25525,25518.5,25523,70,0,25565.87171
10/21/2025 4:45,25524.5,25525.5,25522,25524.75,69,0,25565.80267
10/21/2025 4:46,25525.75,25525.75,25521.75,25524.5,41,0,25565.76166
10/21/2025 4:47,25524.25,25525.5,25521.5,25521.5,32,0,25565.72882
10/21/2025 4:48,25522.5,25528.5,25522.5,25528,59,0,25565.67334
10/21/2025 4:49,25527,25530.25,25527,25527.5,28,0,25565.64834
10/21/2025 4:50,25528,25529.5,25527.5,25528.5,25,0,25565.6262
10/21/2025 4:51,25528.75,25531,25527.5,25531,41,0,25565.59125
10/21/2025 4:52,25530.5,25531.25,25526,25526,35,0,25565.55973
10/21/2025 4:53,25525.5,25527,25524,25525,21,0,25565.53963
10/21/2025 4:54,25524.75,25524.75,25523.25,25523.25,14,0,25565.52572
10/21/2025 4:55,25523.5,25524.25,25522,25523,29,0,25565.49648
10/21/2025 4:56,25524.5,25525.5,25523.75,25524.5,14,0,25565.48287
10/21/2025 4:57,25524.5,25525,25520.75,25521,50,0,25565.43158
10/21/2025 4:58,25520.75,25523.25,25520.75,25521.75,40,0,25565.39032
10/21/2025 4:59,25521.5,25526.5,25520.5,25525.25,108,0,25565.28485
10/21/2025 5:00,25525,25525.25,25523,25524.25,32,0,25565.25376
10/21/2025 5:01,25524,25527,25522.75,25526.5,280,0,25564.99197
10/21/2025 5:02,25527,25530,25526,25526.75,135,0,25564.87382
10/21/2025 5:03,25528.25,25529,25524.75,25524.75,59,0,25564.82047
10/21/2025 5:04,25524,25525.25,25522.25,25524.75,64,0,25564.75964
10/21/2025 5:05,25524.5,25528.75,25524.5,25527.5,37,0,25564.72701
10/21/2025 5:06,25526,25529.25,25525,25529.25,52,0,25564.68235
10/21/2025 5:07,25529,25530.25,25528.25,25530,22,0,25564.66434
10/21/2025 5:08,25529.5,25529.5,25527.75,25529.5,21,0,25564.64688
10/21/2025 5:09,25529,25529,25527.25,25527.25,14,0,25564.63489
10/21/2025 5:10,25528.5,25535.5,25528.5,25534.75,134,0,25564.53639
10/21/2025 5:11,25535.5,25536.75,25531,25536.75,74,0,25564.48553
10/21/2025 5:12,25537,25542.25,25537,25541,131,0,25564.41179
10/21/2025 5:13,25541.25,25544.25,25540.25,25543,84,0,25564.36941
10/21/2025 5:14,25542.75,25544.25,25541.5,25543.25,64,0,25564.33797
10/21/2025 5:15,25543,25543.25,25539.5,25541,70,0,25564.30088
10/21/2025 5:16,25540.25,25541.25,25536,25536.75,81,0,25564.25207
10/21/2025 5:17,25536.75,25540,25536.5,25539,53,0,25564.22084
10/21/2025 5:18,25539.25,25541.5,25537,25538.25,52,0,25564.19077
10/21/2025 5:19,25537.25,25540.5,25537.25,25540.5,37,0,25564.16984
10/21/2025 5:20,25540.25,25541.5,25537,25537,43,0,25564.14466
10/21/2025 5:21,25536.5,25540.25,25536.5,25539.25,36,0,25564.12375
10/21/2025 5:22,25538.75,25538.75,25531.5,25532.25,82,0,25564.06786
10/21/2025 5:23,25531.5,25534.5,25531.5,25534.25,38,0,25564.04139
10/21/2025 5:24,25533.25,25537,25532.75,25534,44,0,25564.01195
10/21/2025 5:25,25534.5,25535.5,25533.75,25534.25,19,0,25563.99922
10/21/2025 5:26,25535.25,25538.5,25535.25,25537.25,48,0,25563.96984
10/21/2025 5:27,25538.25,25539.75,25537.5,25538.25,48,0,25563.94215
10/21/2025 5:28,25537.5,25545,25537.5,25543.75,114,0,25563.88585
10/21/2025 5:29,25543.25,25543.75,25538.5,25542.75,122,0,25563.82478
10/21/2025 5:30,25542.75,25546.5,25542.75,25544.75,67,0,25563.7959
10/21/2025 5:31,25543.75,25547.25,25541.25,25547,68,0,25563.76745
10/21/2025 5:32,25546.75,25549.25,25546.25,25548,79,0,25563.73922
10/21/2025 5:33,25547.5,25552.5,25546.25,25550.5,104,0,25563.70668
10/21/2025 5:34,25550.25,25551.25,25548,25550.25,102,0,25563.6751
10/21/2025 5:35,25549.75,25550.75,25547.25,25548.25,41,0,25563.66145
10/21/2025 5:36,25548.5,25548.5,25544.75,25547.5,132,0,25563.61231
10/21/2025 5:37,25546.5,25546.75,25543,25543,41,0,25563.59468
10/21/2025 5:38,25542.75,25544,25540.25,25541.5,76,0,25563.55814
10/21/2025 5:39,25540.75,25546.75,25538.25,25538.5,175,0,25563.47159
10/21/2025 5:40,25538.75,25540.5,25537.25,25540,86,0,25563.42566
10/21/2025 5:41,25539.5,25541.25,25538.25,25539,28,0,25563.4109
10/21/2025 5:42,25538.5,25542.25,25538,25541.5,42,0,25563.3898
10/21/2025 5:43,25541,25543.75,25540.5,25542.75,109,0,25563.33939
10/21/2025 5:44,25542.75,25542.75,25538.75,25540.25,59,0,25563.30995
10/21/2025 5:45,25540.25,25544.5,25540.25,25543,34,0,25563.2945
10/21/2025 5:46,25543,25550.5,25542.5,25549.75,62,0,25563.27318
10/21/2025 5:47,25550.25,25552.5,25549.25,25550.25,110,0,25563.24291
10/21/2025 5:48,25550.25,25551.75,25547.75,25548.5,55,0,25563.22622
10/21/2025 5:49,25547.75,25548.5,25543.75,25545.75,64,0,25563.20221
10/21/2025 5:50,25545.5,25545.5,25541.5,25542.25,44,0,25563.18295
10/21/2025 5:51,25543,25547.5,25543,25544.75,38,0,25563.168
10/21/2025 5:52,25545.25,25545.5,25543,25545,35,0,25563.15381
10/21/2025 5:53,25544.5,25545.25,25542.25,25543.5,40,0,25563.13689
10/21/2025 5:54,25543.25,25545,25542.25,25542.5,28,0,25563.12482
10/21/2025 5:55,25543,25544.75,25541.75,25542.25,47,0,25563.10424
10/21/2025 5:56,25542,25542,25538,25541,97,0,25563.05648
10/21/2025 5:57,25540.75,25540.75,25536,25539,93,0,25563.00737
10/21/2025 5:58,25538.5,25540,25537.5,25537.5,73,0,25562.96856
10/21/2025 5:59,25538.75,25539,25536.75,25538.5,40,0,25562.94713
10/21/2025 6:00,25537.75,25538.75,25537,25538,31,0,25562.93044
10/21/2025 6:01,25538.5,25542.25,25534.75,25542,113,0,25562.87403
10/21/2025 6:02,25541.75,25543.5,25539.75,25539.75,38,0,25562.8562
10/21/2025 6:03,25541,25542,25539,25539.5,25,0,25562.84405
10/21/2025 6:04,25538.75,25539.75,25535.5,25539.75,73,0,25562.80576
10/21/2025 6:05,25539.75,25540.75,25535.5,25536.75,85,0,25562.76012
10/21/2025 6:06,25535.5,25538.5,25535.25,25537.25,41,0,25562.73758
10/21/2025 6:07,25537.75,25538,25537.5,25538,5,0,25562.73493
10/21/2025 6:08,25537.75,25539.75,25534.75,25539,60,0,25562.70309
10/21/2025 6:09,25539,25541.5,25538.75,25540.75,22,0,25562.6926
10/21/2025 6:10,25540.75,25540.75,25535.25,25536.25,38,0,25562.67216
10/21/2025 6:11,25535.75,25536.5,25533.5,25536.5,89,0,25562.62079
10/21/2025 6:12,25536,25536.25,25534,25535.5,28,0,25562.60452
10/21/2025 6:13,25536.25,25537.25,25535.25,25536.25,24,0,25562.5911
10/21/2025 6:14,25536,25536,25534,25535.25,22,0,25562.57826
10/21/2025 6:15,25535.25,25536.25,25528.75,25529.5,172,0,25562.4653
10/21/2025 6:16,25529.25,25530.75,25529.25,25529.5,29,0,25562.44532
10/21/2025 6:17,25529.5,25529.75,25527,25527.75,78,0,25562.38894
10/21/2025 6:18,25528.5,25530.5,25526.75,25528.5,37,0,25562.36259
10/21/2025 6:19,25528,25528,25522.75,25525,102,0,25562.28301
10/21/2025 6:20,25524.75,25524.75,25520.5,25523,117,0,25562.18601
10/21/2025 6:21,25523,25524,25520.25,25520.75,83,0,25562.1156
10/21/2025 6:22,25520.75,25522.25,25518.25,25521.25,59,0,25562.06437
10/21/2025 6:23,25523.25,25526.5,25523.25,25525.25,79,0,25562.00324
10/21/2025 6:24,25525.25,25525.5,25515.25,25516.5,213,0,25561.81325
10/21/2025 6:25,25516.25,25524,25515.75,25523.75,104,0,25561.72559
10/21/2025 6:26,25524.25,25527.5,25522.5,25526.5,76,0,25561.66859
10/21/2025 6:27,25526.5,25527.25,25522.5,25524.5,60,0,25561.62278
10/21/2025 6:28,25525.5,25531.25,25525.5,25527.5,85,0,25561.56393
10/21/2025 6:29,25527.5,25529.5,25526,25526,64,0,25561.51855
10/21/2025 6:30,25525.75,25531.75,25525.5,25531,62,0,25561.47757
10/21/2025 6:31,25531.75,25538.5,25530.5,25537,198,0,25561.37142
10/21/2025 6:32,25536.75,25536.75,25532.25,25533,107,0,25561.31149
10/21/2025 6:33,25533.5,25533.5,25529.75,25530,48,0,25561.28184
10/21/2025 6:34,25530,25531.5,25528.5,25530.5,74,0,25561.23484
10/21/2025 6:35,25530.25,25531.5,25528.25,25529.25,49,0,25561.2033
10/21/2025 6:36,25529.25,25529.75,25526.5,25527,46,0,25561.17196
10/21/2025 6:37,25526.25,25536.5,25523.75,25536.25,88,0,25561.12005
10/21/2025 6:38,25536.5,25537.75,25532.5,25532.5,77,0,25561.07805
10/21/2025 6:39,25532.5,25536.75,25532.25,25535.25,78,0,25561.03642
10/21/2025 6:40,25535.5,25535.75,25531.5,25533,65,0,25561.00008
10/21/2025 6:41,25532.5,25534,25531.25,25532.5,66,0,25560.96217
10/21/2025 6:42,25532.25,25533.5,25529.75,25530.5,37,0,25560.93996
10/21/2025 6:43,25532,25534.25,25531.75,25532.5,28,0,25560.92407
10/21/2025 6:44,25533,25533.75,25532.75,25533,38,0,25560.90279
10/21/2025 6:45,25533,25534,25530.5,25534,40,0,25560.88016
10/21/2025 6:46,25533.5,25534.25,25532,25532.5,69,0,25560.84131
10/21/2025 6:47,25533.5,25535.25,25529.5,25530.25,33,0,25560.82195
10/21/2025 6:48,25531.75,25533.25,25530,25533,38,0,25560.8
10/21/2025 6:49,25533.25,25535.5,25532.5,25535.25,22,0,25560.78833
10/21/2025 6:50,25535.75,25537.75,25535.25,25535.75,38,0,25560.76961
10/21/2025 6:51,25536.5,25538.5,25536.25,25538,39,0,25560.75147
10/21/2025 6:52,25538,25539.5,25537,25537.5,90,0,25560.71047
10/21/2025 6:53,25537.25,25541.75,25537.25,25541.75,85,0,25560.6757
10/21/2025 6:54,25541.75,25544.75,25539.75,25542.5,106,0,25560.63691
10/21/2025 6:55,25543,25543.75,25540.5,25542.5,70,0,25560.61127
10/21/2025 6:56,25543,25543.75,25536.5,25538.25,207,0,25560.52457
10/21/2025 6:57,25539,25542.5,25538,25540.5,31,0,25560.51216
10/21/2025 6:58,25540,25543.5,25537.5,25538,94,0,25560.47339
10/21/2025 6:59,25538,25540.75,25536.5,25537.25,51,0,25560.45089
10/21/2025 7:00,25537.75,25538.25,25535,25535.75,65,0,25560.41994
10/21/2025 7:01,25536,25539.5,25535.75,25537.75,84,0,25560.38227
10/21/2025 7:02,25537.5,25537.5,25533.25,25535.5,85,0,25560.3405
10/21/2025 7:03,25534.5,25535.5,25530.5,25531.75,49,0,25560.31376
10/21/2025 7:04,25531.5,25534,25530.5,25533.75,44,0,25560.28994
10/21/2025 7:05,25534,25541.75,25533.75,25539.5,168,0,25560.21772
10/21/2025 7:06,25539,25539.75,25536,25538.5,73,0,25560.18613
10/21/2025 7:07,25537.75,25545.75,25537.75,25544.25,171,0,25560.12748
10/21/2025 7:08,25544,25548,25542,25542,183,0,25560.07017
10/21/2025 7:09,25541.25,25541.25,25533.25,25535.25,134,0,25560.00922
10/21/2025 7:10,25535.25,25535.75,25532.5,25534.25,44,0,25559.98722
10/21/2025 7:11,25534.5,25537.5,25531.75,25537,54,0,25559.96158
10/21/2025 7:12,25535.75,25539.75,25535.5,25538.5,37,0,25559.94582
10/21/2025 7:13,25538,25546.5,25537.25,25545,100,0,25559.91299
10/21/2025 7:14,25546,25552,25545.75,25549.5,157,0,25559.88031
10/21/2025 7:15,25549,25552,25548.25,25551,98,0,25559.86252
10/21/2025 7:16,25550.75,25555.5,25550.75,25555.5,346,0,25559.82332
10/21/2025 7:17,25554.75,25556,25552.5,25554.75,109,0,25559.81211
10/21/2025 7:18,25554.75,25558.5,25554.25,25557.75,159,0,25559.80313
10/21/2025 7:19,25558,25560,25556.5,25557.75,118,0,25559.79929
10/21/2025 7:20,25557.5,25558,25551.25,25553.5,178,0,25559.78066
10/21/2025 7:21,25553,25554.25,25551.75,25553.25,65,0,25559.77247
10/21/2025 7:22,25553.5,25556.5,25552.5,25555,108,0,25559.7621
10/21/2025 7:23,25555,25558.25,25553.25,25556.75,116,0,25559.7541
10/21/2025 7:24,25556,25556,25553,25555.25,69,0,25559.74763
10/21/2025 7:25,25555.75,25556.5,25553.25,25555,80,0,25559.74041
10/21/2025 7:26,25555.25,25555.5,25552.25,25553,81,0,25559.73109
10/21/2025 7:27,25553.25,25556,25552.75,25554.75,61,0,25559.72514
10/21/2025 7:28,25554.5,25559.75,25554.5,25558.5,93,0,25559.72143
10/21/2025 7:29,25558.25,25562,25557.75,25560.25,153,0,25559.72223
10/21/2025 7:30,25560,25561.75,25559,25560.5,117,0,25559.72373
10/21/2025 7:31,25561.25,25561.25,25548.5,25557,391,0,25559.69396
10/21/2025 7:32,25557.25,25560.5,25541.75,25559,826,0,25559.60501
10/21/2025 7:33,25559,25561.25,25550,25553,178,0,25559.5894
10/21/2025 7:34,25554,25555.75,25551.5,25552.75,92,0,25559.57902
10/21/2025 7:35,25553.25,25556,25551.5,25555.5,75,0,25559.57194
10/21/2025 7:36,25555.75,25556.5,25553,25556,39,0,25559.56885
10/21/2025 7:37,25556.25,25557.75,25550.5,25553.25,125,0,25559.55598
10/21/2025 7:38,25552.5,25553,25545,25549.25,121,0,25559.53328
10/21/2025 7:39,25549.75,25555.75,25548.5,25555.25,164,0,25559.51463
10/21/2025 7:40,25553.5,25557.5,25552,25556,98,0,25559.50704
10/21/2025 7:41,25555.25,25557.75,25554.25,25557,72,0,25559.50297
10/21/2025 7:42,25557,25559.75,25555,25559.5,92,0,25559.50065
10/21/2025 7:43,25560.25,25561.75,25557.25,25561,87,0,25559.50142
10/21/2025 7:44,25560.5,25561,25558,25559,72,0,25559.5012
10/21/2025 7:45,25557.5,25557.5,25552.25,25553,87,0,25559.49312
10/21/2025 7:46,25552.75,25556.5,25551.75,25555.75,72,0,25559.48697
10/21/2025 7:47,25555.75,25555.75,25552,25555,46,0,25559.48272
10/21/2025 7:48,25556,25558.25,25553.5,25557.25,50,0,25559.47994
10/21/2025 7:49,25557,25562.25,25555.75,25561.5,99,0,25559.48056
10/21/2025 7:50,25561.25,25561.75,25558.25,25559,50,0,25559.48072
10/21/2025 7:51,25558.5,25563.25,25557.75,25562.5,110,0,25559.48398
10/21/2025 7:52,25562.25,25562.25,25559,25559.25,58,0,25559.48467
10/21/2025 7:53,25559,25559.5,25553.5,25554.25,161,0,25559.47415
10/21/2025 7:54,25554.5,25554.5,25551.75,25553,99,0,25559.4631
10/21/2025 7:55,25554.25,25555.25,25553.25,25553.5,39,0,25559.45938
10/21/2025 7:56,25554.25,25559.5,25554.25,25558.5,95,0,25559.456
10/21/2025 7:57,25559,25559.75,25557.5,25558,20,0,25559.45563
10/21/2025 7:58,25558.25,25560.75,25555,25558.75,127,0,25559.45279
10/21/2025 7:59,25559.25,25565,25559.25,25565,98,0,25559.45896
10/21/2025 8:00,25564.25,25564.75,25562.75,25564,65,0,25559.46389
10/21/2025 8:01,25563.25,25567.75,25562.5,25567.75,200,0,25559.48647
10/21/2025 8:02,25568,25570.5,25567.25,25568.5,180,0,25559.51519
10/21/2025 8:03,25568,25568,25562,25563.75,145,0,25559.52781
10/21/2025 8:04,25564.25,25564.25,25558,25558.75,138,0,25559.52972
10/21/2025 8:05,25558.25,25559.75,25556.5,25559.25,95,0,25559.52804
10/21/2025 8:06,25559.25,25561,25556,25561,78,0,25559.52778
10/21/2025 8:07,25560.5,25563.75,25556.75,25556.75,143,0,25559.5267
10/21/2025 8:08,25557,25559.75,25555.75,25558.5,51,0,25559.52538
10/21/2025 8:09,25558.25,25561,25558,25560.25,34,0,25559.52551
10/21/2025 8:10,25561,25562.75,25558.75,25561.75,57,0,25559.52702
10/21/2025 8:11,25562.25,25568.25,25562.25,25565.5,187,0,25559.54542
10/21/2025 8:12,25566.75,25570.75,25565.5,25570.5,174,0,25559.57298
10/21/2025 8:13,25570.5,25570.5,25567,25568.25,86,0,25559.58605
10/21/2025 8:14,25567.75,25570,25565.75,25568.75,164,0,25559.60974
10/21/2025 8:15,25568.75,25569.25,25563,25563.5,118,0,25559.62092
10/21/2025 8:16,25563.5,25563.75,25559.5,25562.75,196,0,25559.62872
10/21/2025 8:17,25562.75,25563,25557.25,25558.25,161,0,25559.62838
10/21/2025 8:18,25558.5,25562.5,25558,25561.5,141,0,25559.63081
10/21/2025 8:19,25562.25,25565.75,25561.5,25565.25,73,0,25559.63632
10/21/2025 8:20,25565.5,25566,25563.75,25565.5,73,0,25559.64293
10/21/2025 8:21,25565.25,25569,25562.75,25568.25,110,0,25559.65574
10/21/2025 8:22,25567.75,25571,25567.25,25570.25,114,0,25559.67432
10/21/2025 8:23,25570,25571.5,25569.25,25571,89,0,25559.69037
10/21/2025 8:24,25570.75,25571.75,25568.75,25570.5,109,0,25559.70951
10/21/2025 8:25,25570,25571.25,25569,25571.25,78,0,25559.72338
10/21/2025 8:26,25571.5,25571.75,25569.5,25569.75,114,0,25559.74328
10/21/2025 8:27,25569,25570.75,25568,25569.75,80,0,25559.7561
10/21/2025 8:28,25570.25,25570.75,25567,25569.25,66,0,25559.76611
10/21/2025 8:29,25569.25,25569.5,25564.75,25564.75,128,0,25559.77988
10/21/2025 8:30,25565,25565.75,25560.25,25564.5,166,0,25559.78996
10/21/2025 8:31,25564,25567.5,25561.75,25561.75,359,0,25559.81256
10/21/2025 8:32,25561.75,25563,25556.25,25556.25,322,0,25559.80573
10/21/2025 8:33,25556.25,25556.25,25550.75,25551,397,0,25559.76025
10/21/2025 8:34,25551,25553.75,25548.5,25553.25,183,0,25559.73704
10/21/2025 8:35,25552.75,25553.25,25547.5,25547.5,164,0,25559.71003
10/21/2025 8:36,25547.5,25551.75,25547.5,25549.75,145,0,25559.68684
10/21/2025 8:37,25549.5,25555.25,25549.5,25551,109,0,25559.67338
10/21/2025 8:38,25551,25556.25,25549.75,25554.5,120,0,25559.66162
10/21/2025 8:39,25554.25,25556.5,25553.75,25554,136,0,25559.65105
10/21/2025 8:40,25554.25,25554.25,25548,25548.5,165,0,25559.62656
10/21/2025 8:41,25549,25552,25548,25551.75,130,0,25559.60804
10/21/2025 8:42,25552,25559.75,25551.25,25559.25,207,0,25559.59874
10/21/2025 8:43,25559.25,25562.5,25558,25561,199,0,25559.60155
10/21/2025 8:44,25561.5,25563,25559.75,25561.5,78,0,25559.60377
10/21/2025 8:45,25562.25,25563.5,25558.75,25561.75,138,0,25559.60749
10/21/2025 8:46,25562.25,25565.25,25561.75,25563,119,0,25559.6144
10/21/2025 8:47,25562.75,25563.5,25562,25563.25,66,0,25559.61779
10/21/2025 8:48,25563.25,25567,25563,25564.75,140,0,25559.6293
10/21/2025 8:49,25564.25,25564.75,25562,25563,142,0,25559.63727
10/21/2025 8:50,25563.5,25565,25562.5,25562.5,85,0,25559.64213
10/21/2025 8:51,25563.25,25564.5,25556.25,25557.75,245,0,25559.64159
10/21/2025 8:52,25557.25,25559.5,25556.75,25557.5,85,0,25559.63933
10/21/2025 8:53,25557.75,25557.75,25551.5,25553.5,198,0,25559.62296
10/21/2025 8:54,25553.5,25558.75,25553.5,25557.25,93,0,25559.61851
10/21/2025 8:55,25557.5,25557.5,25554.75,25555.5,74,0,25559.61432
10/21/2025 8:56,25555.25,25557.75,25555.25,25555.75,75,0,25559.61046
10/21/2025 8:57,25555.75,25556,25551.5,25551.5,93,0,25559.60107
10/21/2025 8:58,25551.75,25555,25551,25552,146,0,25559.58565
10/21/2025 8:59,25552,25553.25,25549.75,25550.75,88,0,25559.57449
10/21/2025 9:00,25551.5,25555.75,25550.5,25554.75,101,0,25559.56543
10/21/2025 9:01,25555,25558,25553.5,25556.25,153,0,25559.55697
10/21/2025 9:02,25556.25,25559,25555.5,25558,119,0,25559.55327
10/21/2025 9:03,25558.5,25560.5,25557.5,25559,133,0,25559.55216
10/21/2025 9:04,25558.25,25562.25,25556,25556.75,144,0,25559.54951
10/21/2025 9:05,25556.5,25559.25,25556,25557.25,65,0,25559.54751
10/21/2025 9:06,25558.25,25558.5,25556.5,25558,87,0,25559.54505
10/21/2025 9:07,25557.5,25558.25,25555.25,25556.5,265,0,25559.53363
10/21/2025 9:08,25556,25559.25,25554,25555.5,132,0,25559.52716
10/21/2025 9:09,25554.75,25555.5,25548.5,25553,245,0,25559.50092
10/21/2025 9:10,25553.75,25555,25544.25,25546,376,0,25559.43923
10/21/2025 9:11,25545.5,25547.5,25536.5,25539.25,749,0,25559.23795
10/21/2025 9:12,25540,25544,25536.5,25542.75,391,0,25559.13462
10/21/2025 9:13,25542.75,25547.25,25541,25542.25,281,0,25559.07093
10/21/2025 9:14,25542,25543.5,25528,25534.25,700,0,25558.83162
10/21/2025 9:15,25534.75,25546,25532.25,25545,296,0,25558.75654
10/21/2025 9:16,25545.5,25551.25,25541.5,25542,447,0,25558.66869
10/21/2025 9:17,25543.5,25544.5,25538,25540.5,373,0,25558.5756
10/21/2025 9:18,25542,25544.75,25538,25540.75,291,0,25558.50433
10/21/2025 9:19,25540.5,25542.5,25536.5,25541,257,0,25558.43767
10/21/2025 9:20,25541,25542.75,25535,25536,290,0,25558.35459
10/21/2025 9:21,25536.5,25541.5,25535.75,25539.5,375,0,25558.25337
10/21/2025 9:22,25539.25,25539.75,25535.75,25536.25,210,0,25558.19229
10/21/2025 9:23,25536.25,25536.5,25532,25535.75,274,0,25558.10368
10/21/2025 9:24,25536.25,25536.5,25532.5,25533,144,0,25558.0559
10/21/2025 9:25,25533,25542.25,25532.75,25534.75,1041,0,25557.7525
10/21/2025 9:26,25535.25,25542.25,25533.75,25540.75,698,0,25557.57573
10/21/2025 9:27,25541,25544.75,25540.5,25543.75,305,0,25557.5162
10/21/2025 9:28,25543.25,25549,25542.25,25548,429,0,25557.4528
10/21/2025 9:29,25548,25552.25,25545.5,25549.25,334,0,25557.41538
10/21/2025 9:30,25549.75,25558,25549.75,25558,815,0,25557.39224
10/21/2025 9:31,25557.5,25561,25543.25,25543.25,3434,25549.16667,25557.03778
10/21/2025 9:32,25543.5,25551.75,25526.25,25527.75,2616,25543.14915,25556.34529
10/21/2025 9:33,25527.25,25531.5,25513.25,25514.75,2635,25536.07521,25555.21265
10/21/2025 9:34,25515.25,25530.75,25512.5,25530,1708,25534.15923,25554.60561
10/21/2025 9:35,25530.5,25544.5,25523.5,25537.25,1992,25534.30786,25554.1669
10/21/2025 9:36,25537.5,25544,25525.5,25544,1933,25534.78382,25553.81832
10/21/2025 9:37,25543.75,25550.5,25536,25540.25,1686,25535.57037,25553.60692
10/21/2025 9:38,25539.75,25541,25531.5,25540,1345,25535.71996,25553.37548
10/21/2025 9:39,25540.25,25546.5,25533,25533.25,1323,25535.85199,25553.15539
10/21/2025 9:40,25532.75,25541.75,25531,25534,1341,25535.83399,25552.91062
10/21/2025 9:41,25535.25,25539.25,25524.5,25537.25,1742,25535.66045,25552.56859
10/21/2025 9:42,25537.5,25539.75,25508,25508.5,2324,25534.02832,25551.78528
10/21/2025 9:43,25509.5,25510.75,25490.5,25503,3283,25530.11545,25550.18943
10/21/2025 9:44,25503.5,25510,25489.5,25508.25,1713,25528.49335,25549.41522
10/21/2025 9:45,25508.25,25521.75,25503,25513,2339,25527.30873,25548.6151
10/21/2025 9:46,25512.5,25513.5,25490.75,25494.5,2696,25525.11736,25547.41737
10/21/2025 9:47,25494.25,25519,25484.5,25514.25,2281,25523.91386,25546.57703
10/21/2025 9:48,25514,25518,25494,25495,1562,25523.02569,25545.97192
10/21/2025 9:49,25495.75,25500.25,25474.5,25482.5,2062,25521.10484,25544.90393
10/21/2025 9:50,25482.75,25499.25,25476,25497.75,2408,25519.39604,25543.81023
10/21/2025 9:51,25497.5,25523.25,25495,25517.25,2315,25519.00471,25543.19841
10/21/2025 9:52,25517.5,25519.25,25505.75,25514.75,1456,25518.82332,25542.84231
10/21/2025 9:53,25515,25522.75,25508,25517.75,1320,25518.74952,25542.55782
10/21/2025 9:54,25517.25,25527.25,25516.5,25517,1511,25518.79576,25542.28877
10/21/2025 9:55,25517.25,25519.25,25505.25,25510,1044,25518.64364,25542.03432
10/21/2025 9:56,25510.5,25511.25,25480.5,25484.75,2248,25517.50595,25541.16243
10/21/2025 9:57,25484.75,25492,25480.25,25483.75,1353,25516.69489,25540.58105
10/21/2025 9:58,25484,25488.5,25468,25477.25,2278,25515.11598,25539.5013
10/21/2025 9:59,25477.75,25496,25474.25,25495.25,1636,25514.35981,25538.87788
10/21/2025 10:00,25494.75,25496.5,25485.5,25491.25,977,25513.97147,25538.53153
10/21/2025 10:01,25491.5,25499,25471.5,25479.25,2007,25512.95348,25537.72064
10/21/2025 10:02,25479,25482.75,25471,25481.75,1196,25512.28632,25537.20747
10/21/2025 10:03,25482,25487.25,25468.5,25478.75,1261,25511.60366,25536.67294
10/21/2025 10:04,25479.25,25492,25476.5,25489.25,1418,25511.03844,25536.16141
10/21/2025 10:05,25489.75,25491.5,25478,25482,1052,25510.60146,25535.77306
10/21/2025 10:06,25482.5,25498.25,25477.25,25496.5,1159,25510.25483,25535.40725
10/21/2025 10:07,25496.5,25505.5,25494,25500,1350,25510.04795,25535.07435
10/21/2025 10:08,25500,25509.25,25498.25,25503.75,1314,25509.92856,25534.7916
10/21/2025 10:09,25503.75,25504.5,25485,25494.5,1260,25509.6561,25534.44729
10/21/2025 10:10,25495.25,25495.75,25483.75,25485,826,25509.40751,25534.1884
10/21/2025 10:11,25485.25,25498.25,25474,25496,1768,25508.92449,25533.65867
10/21/2025 10:12,25496,25497,25486.5,25493.25,881,25508.72611,25533.41597
10/21/2025 10:13,25493.25,25500.5,25488.5,25494.25,1171,25508.50336,25533.11449
10/21/2025 10:14,25495,25500.5,25485.5,25498.25,920,25508.33718,25532.8829
10/21/2025 10:15,25498.5,25510.5,25494.75,25505,1329,25508.25278,25532.62816
10/21/2025 10:16,25504.75,25508.75,25499,25506.75,1203,25508.20049,25532.41234
10/21/2025 10:17,25506.5,25507.25,25494.75,25505.5,1078,25508.12344,25532.20566
10/21/2025 10:18,25505,25521.5,25503.75,25514.25,1853,25508.23795,25531.98218
10/21/2025 10:19,25514.25,25523.75,25508.25,25523.75,1218,25508.39009,25531.87959
10/21/2025 10:20,25523.75,25533.25,25518.5,25528.75,1758,25508.77342,25531.82443
10/21/2025 10:21,25528.75,25542.5,25528,25536.25,1956,25509.37939,25531.8696
10/21/2025 10:22,25537,25542,25534,25536.25,1360,25509.81319,25531.91555
10/21/2025 10:23,25536.5,25540.5,25531.75,25538,1107,25510.14822,25531.94794
10/21/2025 10:24,25537.25,25537.25,25516.75,25518.25,1541,25510.38537,25531.87528
10/21/2025 10:25,25517.5,25529.5,25515.25,25524,1025,25510.52564,25531.82057
10/21/2025 10:26,25524.25,25524.5,25510,25517.75,1070,25510.60523,25531.72932
10/21/2025 10:27,25517,25518.25,25484.75,25491.75,2431,25510.28931,25531.25428
10/21/2025 10:28,25492.25,25505.25,25486.5,25491,1443,25510.04951,25530.94522
10/21/2025 10:29,25491.25,25496.5,25462.5,25465,2486,25509.16102,25530.14692
10/21/2025 10:30,25465.5,25482,25461.75,25477.75,1721,25508.5574,25529.59931
10/21/2025 10:31,25477.25,25488.75,25470.5,25480.75,1827,25508.04863,25529.09252
10/21/2025 10:32,25480.5,25486.5,25475.5,25476,1108,25507.74169,25528.78608
10/21/2025 10:33,25476.5,25482.5,25459.75,25463.25,1309,25507.25232,25528.35063
10/21/2025 10:34,25463.25,25482.5,25462,25479.25,1671,25506.74041,25527.85939
10/21/2025 10:35,25478.5,25489.75,25477.5,25488.75,941,25506.55316,25527.64171
10/21/2025 10:36,25488.25,25499,25486.5,25497.75,1663,25506.3684,25527.34385
10/21/2025 10:37,25497.25,25508.5,25496.5,25503.25,1447,25506.3211,25527.15349
10/21/2025 10:38,25501.75,25517.25,25500.5,25515.5,1215,25506.37281,25527.04972
10/21/2025 10:39,25515.75,25518.5,25506.25,25508.75,932,25506.4124,25526.97144
10/21/2025 10:40,25508.5,25509.5,25504,25507.5,613,25506.41558,25526.9069
10/21/2025 10:41,25507.75,25523.5,25507.75,25517,1504,25506.54207,25526.82177
10/21/2025 10:42,25518,25519,25508.25,25515.75,777,25506.59438,25526.77122
10/21/2025 10:43,25515.5,25519.5,25512.75,25518.75,522,25506.6411,25526.74473
10/21/2025 10:44,25519.5,25522.25,25498.5,25503.25,1693,25506.66061,25526.58132
10/21/2025 10:45,25503,25507.75,25498.25,25503.75,809,25506.63737,25526.48453
10/21/2025 10:46,25503.75,25504.25,25486.75,25497.25,1227,25506.52944,25526.29444
10/21/2025 10:47,25497.5,25505.25,25494.5,25502.75,808,25506.49134,25526.19004
10/21/2025 10:48,25502,25509.5,25497.75,25508.5,704,25506.48414,25526.11549
10/21/2025 10:49,25508.5,25517,25503.25,25514.25,1024,25506.52607,25526.0402
10/21/2025 10:50,25514.75,25524.5,25513.25,25516,936,25506.61243,25526.00212
10/21/2025 10:51,25515.5,25520.75,25511,25514.75,800,25506.66965,25525.96022
10/21/2025 10:52,25514.25,25523.75,25512.25,25518,920,25506.75293,25525.92386
10/21/2025 10:53,25518.25,25527.75,25515,25526.75,942,25506.87553,25525.91103
10/21/2025 10:54,25527,25533.25,25522.75,25531.75,1175,25507.08206,25525.9303
10/21/2025 10:55,25531.25,25539,25529.5,25534,1159,25507.32645,25525.97694
10/21/2025 10:56,25533.5,25552.25,25532.5,25546.25,1766,25507.8193,25526.12824
10/21/2025 10:57,25546,25550,25541.25,25548.25,1009,25508.11672,25526.22731
10/21/2025 10:58,25548.75,25552.25,25545,25549.25,895,25508.39255,25526.32441
10/21/2025 10:59,25549.5,25557.75,25549,25553.5,1414,25508.86931,25526.50701
10/21/2025 11:00,25553.25,25558.5,25552.25,25554.5,738,25509.12332,25526.60718
10/21/2025 11:01,25554.25,25560.25,25538.5,25542.5,2192,25509.73307,25526.81818
10/21/2025 11:02,25542.5,25544.75,25537,25542.75,1189,25510.00746,25526.89979
10/21/2025 11:03,25542.5,25545.25,25537.75,25540.75,657,25510.15587,25526.94373
10/21/2025 11:04,25541,25544,25528.5,25540,1349,25510.42,25527.00968
10/21/2025 11:05,25539.5,25543.5,25532.25,25532.75,687,25510.54603,25527.03873
10/21/2025 11:06,25533.25,25539.5,25526,25539,1471,25510.79795,25527.09131
10/21/2025 11:07,25538.75,25545.25,25532.75,25544,900,25510.98631,25527.1471
10/21/2025 11:08,25544.5,25549,25537,25544.25,1114,25511.23749,25527.22945
10/21/2025 11:09,25544.25,25545.5,25531.5,25539.25,1002,25511.42784,25527.28166
10/21/2025 11:10,25539.25,25544.25,25538,25542,594,25511.55033,25527.31954
10/21/2025 11:11,25543.25,25548.5,25543.25,25544.5,923,25511.76392,25527.39458
10/21/2025 11:12,25545.25,25553,25542.25,25552,843,25511.97765,25527.4764
10/21/2025 11:13,25551.75,25557,25545,25547.75,1068,25512.25095,25527.58315
10/21/2025 11:14,25548,25555.25,25543.75,25544,700,25512.41738,25527.64557
10/21/2025 11:15,25544,25547.75,25537,25542.75,865,25512.59105,25527.7024
10/21/2025 11:16,25542.25,25542.25,25528.75,25533,1114,25512.75398,25527.73655
10/21/2025 11:17,25533.25,25535.75,25521,25523.25,1301,25512.87288,25527.73046
10/21/2025 11:18,25523.5,25526.25,25498.25,25523,2628,25512.92311,25527.59518
10/21/2025 11:19,25522.75,25525.25,25513.25,25521,925,25512.96414,25527.56424
10/21/2025 11:20,25521,25528.5,25518.25,25527.25,863,25513.02861,25527.55351
10/21/2025 11:21,25528,25531.5,25520.5,25528.5,1016,25513.11756,25527.55038
10/21/2025 11:22,25528,25530,25522,25524,710,25513.17233,25527.54367
10/21/2025 11:23,25524,25531.25,25513.5,25528.25,816,25513.22953,25527.53254
10/21/2025 11:24,25527.75,25530,25518.5,25523.5,610,25513.27065,25527.52341
10/21/2025 11:25,25523.5,25530.75,25520.75,25524,542,25513.31085,25527.51802
10/21/2025 11:26,25523.25,25528,25519.75,25520,599,25513.34536,25527.50555
10/21/2025 11:27,25520.75,25528.25,25519,25520.75,446,25513.37112,25527.49647
10/21/2025 11:28,25520.5,25531.25,25520.25,25530,534,25513.41662,25527.49573
10/21/2025 11:29,25530.75,25539.25,25530.5,25536.75,1318,25513.59491,25527.53978
10/21/2025 11:30,25536.75,25537.25,25528.75,25532,520,25513.65547,25527.55089
10/21/2025 11:31,25532,25545.5,25531.5,25540,1088,25513.82274,25527.60255
10/21/2025 11:32,25540.25,25550,25538,25546.5,800,25513.9725,25527.65953
10/21/2025 11:33,25546.25,25549.5,25539.75,25548.5,702,25514.10729,25527.71236
10/21/2025 11:34,25547.75,25550.25,25542,25545.25,543,25514.21051,25527.75283
10/21/2025 11:35,25545.75,25549,25541.75,25546,576,25514.31841,25527.79497
10/21/2025 11:36,25546,25548.75,25540,25545.5,767,25514.45715,25527.84815
10/21/2025 11:37,25545.5,25547.5,25541.75,25545,442,25514.53652,25527.87865
10/21/2025 11:38,25545.25,25545.25,25514,25515.75,2073,25514.66355,25527.8545
10/21/2025 11:39,25516.5,25526.5,25514.5,25526.25,1074,25514.71201,25527.83095
10/21/2025 11:40,25525.5,25533,25520.5,25533,666,25514.76653,25527.83364
10/21/2025 11:41,25533,25545.25,25530.25,25542,1169,25514.93077,25527.88665
10/21/2025 11:42,25542.5,25548,25538.75,25546,622,25515.03541,25527.92727
10/21/2025 11:43,25546,25548.75,25544,25544.75,575,25515.13668,25527.96827
10/21/2025 11:44,25545,25548.25,25537.25,25540.5,667,25515.23876,25528.00544
10/21/2025 11:45,25540,25542,25533.5,25538,713,25515.33016,25528.03319
10/21/2025 11:46,25537.75,25555.75,25537.5,25549.75,1782,25515.65385,25528.17078
10/21/2025 11:47,25549.5,25560,25549,25554.25,1377,25515.95137,25528.31215
10/21/2025 11:48,25554,25570.5,25553,25567.75,1773,25516.41913,25528.55621
10/21/2025 11:49,25567.75,25577.25,25566.75,25570,1251,25516.79571,25528.76308
10/21/2025 11:50,25570.25,25570.25,25560.25,25565,1159,25517.10108,25528.92546
10/21/2025 11:51,25565.25,25573.25,25564,25570.75,1049,25517.39783,25529.08793
10/21/2025 11:52,25571.25,25578.25,25570.75,25575,1078,25517.73026,25529.27549
10/21/2025 11:53,25575.25,25579.25,25572,25578,786,25517.97759,25529.4165
10/21/2025 11:54,25578,25580.5,25574.5,25579.75,976,25518.29137,25529.59722
10/21/2025 11:55,25580,25583.25,25575.5,25577.25,1224,25518.683,25529.82391
10/21/2025 11:56,25577.25,25580.25,25574,25579.5,768,25518.9231,25529.9629
10/21/2025 11:57,25579.5,25581,25568.25,25570.5,1007,25519.21032,25530.12633
10/21/2025 11:58,25571,25575.75,25569.25,25572,766,25519.4231,25530.24719
10/21/2025 11:59,25572.25,25577.25,25570.25,25575.5,671,25519.61509,25530.3575
10/21/2025 12:00,25575.5,25580,25575.5,25578.75,709,25519.8303,25530.48335
10/21/2025 12:01,25579.25,25583.25,25572.5,25582.75,1287,25520.22634,25530.71685
10/21/2025 12:02,25582.25,25600.5,25580.5,25589.5,1850,25520.88731,25531.12118
10/21/2025 12:03,25590.25,25597.5,25589.5,25596.75,650,25521.1312,25531.27247
10/21/2025 12:04,25596.5,25598.5,25590.5,25592.25,793,25521.42322,25531.45364
10/21/2025 12:05,25592.25,25592.5,25585,25588.25,702,25521.66145,25531.59993
10/21/2025 12:06,25588,25591.5,25584.75,25585.5,552,25521.84389,25531.71175
10/21/2025 12:07,25585,25585.25,25575,25580.25,865,25522.097,25531.86385
10/21/2025 12:08,25580.25,25584.75,25576,25576.5,469,25522.23077,25531.94407
10/21/2025 12:09,25576.25,25582,25575,25581.25,465,25522.36356,25532.0239
10/21/2025 12:10,25581,25582,25577.5,25581.5,270,25522.44162,25532.07103
10/21/2025 12:11,25581,25583.25,25576.25,25576.5,531,25522.59011,25532.16025
10/21/2025 12:12,25576.5,25584.75,25574.25,25584.5,563,25522.75368,25532.25954
10/21/2025 12:13,25584.25,25586.25,25580.25,25583.75,431,25522.88309,25532.33877
10/21/2025 12:14,25583.25,25588,25580.75,25584.75,381,25522.99906,25532.41008
10/21/2025 12:15,25584.25,25586.25,25581.25,25584.5,328,25523.09774,25532.47073
10/21/2025 12:16,25584.5,25590.75,25583.75,25587,633,25523.29714,25532.59454
10/21/2025 12:17,25587.25,25593,25582.25,25583.25,671,25523.50387,25532.72277
10/21/2025 12:18,25583.5,25583.5,25576.25,25582.75,538,25523.65462,25532.81493
10/21/2025 12:19,25582.5,25583.75,25580.25,25582.75,196,25523.71069,25532.84941
10/21/2025 12:20,25582.75,25584.25,25577.25,25577.25,367,25523.81064,25532.91035
10/21/2025 12:21,25577,25582.5,25574.5,25580.25,413,25523.92168,25532.97801
10/21/2025 12:22,25580,25580.25,25572.25,25573,476,25524.04007,25533.04915
10/21/2025 12:23,25573,25580.75,25573,25580,600,25524.19649,25533.14431
10/21/2025 12:24,25580.25,25590.5,25580.25,25589.25,693,25524.40529,25533.27509
10/21/2025 12:25,25589.25,25592,25586.75,25588.25,635,25524.60251,25533.39958
10/21/2025 12:26,25588.25,25589.75,25582,25582,343,25524.70126,25533.46128
10/21/2025 12:27,25582.25,25585,25580.5,25584,378,25524.80716,25533.52721
10/21/2025 12:28,25583.5,25589.5,25583.5,25587.25,407,25524.92772,25533.60312
10/21/2025 12:29,25587.75,25594,25587.25,25594,473,25525.07853,25533.69934
10/21/2025 12:30,25594,25594,25587.25,25592.75,431,25525.2145,25533.78611
10/21/2025 12:31,25592.75,25598,25591,25597.5,714,25525.45265,25533.93965
10/21/2025 12:32,25597,25597.25,25592,25596,475,25525.60926,25534.04069
10/21/2025 12:33,25596.25,25598.75,25590,25592.5,512,25525.77405,25534.14685
10/21/2025 12:34,25592,25596.5,25591.75,25593,320,25525.87664,25534.21301
10/21/2025 12:35,25593.25,25597.75,25592.75,25596.75,345,25525.99014,25534.28656
10/21/2025 12:36,25596.25,25597.75,25594,25596.5,331,25526.09922,25534.35735
10/21/2025 12:37,25596,25597.25,25591,25591.25,383,25526.21976,25534.43519
10/21/2025 12:38,25591.75,25598.5,25591.5,25593,324,25526.32317,25534.50219
10/21/2025 12:39,25593,25595,25584.75,25588,996,25526.61548,25534.68979
10/21/2025 12:40,25587.5,25594,25587.5,25589.5,355,25526.72081,25534.75767
10/21/2025 12:41,25589,25590,25585.5,25586.25,250,25526.79118,25534.80272
10/21/2025 12:42,25586.25,25587,25578.75,25585.75,818,25527.00737,25534.94003
10/21/2025 12:43,25585.75,25588.25,25583.25,25587.25,415,25527.12106,25535.01283
10/21/2025 12:44,25587.25,25591,25585.25,25590.5,365,25527.22519,25535.08001
10/21/2025 12:45,25591,25594.25,25588.5,25589.5,509,25527.37411,25535.17659
10/21/2025 12:46,25589.25,25592.75,25589.25,25592.5,285,25527.45817,25535.23125
10/21/2025 12:47,25593,25597.5,25590.25,25594,647,25527.65536,25535.36026
10/21/2025 12:48,25593.75,25597.5,25593.75,25595.75,382,25527.7743,25535.43844
10/21/2025 12:49,25595.25,25596,25590.5,25592.25,296,25527.86245,25535.49611
10/21/2025 12:50,25592.25,25595.5,25591,25594,304,25527.95355,25535.55583
10/21/2025 12:51,25594,25605,25593.75,25597.5,1051,25528.29163,25535.77995
10/21/2025 12:52,25598.25,25599.75,25585.5,25587.5,815,25528.52268,25535.93117
10/21/2025 12:53,25587.75,25589.75,25562.25,25567.25,2967,25529.11325,25536.29845
10/21/2025 12:54,25566.25,25569.25,25552.5,25565,2236,25529.44095,25536.49036
10/21/2025 12:55,25565,25567,25546.5,25549.5,2019,25529.66126,25536.60871
10/21/2025 12:56,25550,25557.25,25540.25,25551,1478,25529.78896,25536.67101
10/21/2025 12:57,25551,25559,25546.75,25551.25,998,25529.88653,25536.72195
10/21/2025 12:58,25551,25559.5,25540.75,25546,846,25529.95548,25536.75502
10/21/2025 12:59,25546.25,25553.25,25543.5,25549.75,823,25530.02237,25536.78724
10/21/2025 13:00,25549.75,25549.75,25534,25542,1059,25530.07635,25536.80478
10/21/2025 13:01,25542.25,25546,25530.25,25533.5,1139,25530.10796,25536.80397
10/21/2025 13:02,25533.5,25534,25514.75,25525.5,1715,25530.06906,25536.73781
10/21/2025 13:03,25525.5,25530,25509.25,25515.5,1261,25530.00629,25536.66349
10/21/2025 13:04,25515.5,25522,25508.25,25509.75,1136,25529.9269,25536.57931
10/21/2025 13:05,25509.75,25526.75,25506.5,25525.75,1089,25529.88028,25536.52101
10/21/2025 13:06,25525.5,25529.25,25516.5,25523.5,966,25529.853,25536.48005
10/21/2025 13:07,25523.75,25538.5,25521.25,25532.25,1159,25529.8569,25536.45886
10/21/2025 13:08,25532,25545.5,25530.25,25542.75,1186,25529.90396,25536.47016
10/21/2025 13:09,25543.25,25554,25537.5,25541,1197,25529.97388,25536.49891
10/21/2025 13:10,25541,25545.5,25539.5,25544.5,370,25529.99384,25536.5066
10/21/2025 13:11,25544.25,25555.75,25542.25,25553.5,890,25530.0682,25536.54532
10/21/2025 13:12,25552.75,25558,25549.25,25555.5,536,25530.1209,25536.57477
10/21/2025 13:13,25555.5,25566.25,25555.5,25561.25,901,25530.23359,25536.64287
10/21/2025 13:14,25562.25,25564,25558,25562.25,436,25530.28857,25536.67626
10/21/2025 13:15,25562,25566,25560.75,25563.25,397,25530.34153,25536.70892
10/21/2025 13:16,25562.75,25565.5,25545.25,25553,957,25530.43483,25536.76157
10/21/2025 13:17,25554,25560.75,25551.75,25560,466,25530.48545,25536.79127
10/21/2025 13:18,25560,25562.25,25544.75,25548.25,897,25530.56174,25536.83239
10/21/2025 13:19,25549.5,25551,25535.75,25536,811,25530.59522,25536.84252
10/21/2025 13:20,25536.5,25539.5,25525.5,25533.25,981,25530.60361,25536.83028
10/21/2025 13:21,25534,25542.25,25528.25,25535.25,906,25530.62027,25536.82593
10/21/2025 13:22,25535.5,25539.75,25522,25527.5,767,25530.61764,25536.80947
10/21/2025 13:23,25526.75,25529.5,25517.75,25519.5,761,25530.59259,25536.77595
10/21/2025 13:24,25519.5,25537,25514.75,25535,848,25530.58702,25536.75583
10/21/2025 13:25,25535.5,25543,25530.75,25539.75,566,25530.60306,25536.75767
10/21/2025 13:26,25539.75,25541.25,25520.75,25523.75,1014,25530.59509,25536.73278
10/21/2025 13:27,25523.5,25524.5,25514.5,25523,600,25530.57193,25536.70387
10/21/2025 13:28,25522.5,25531.75,25519.5,25530.25,498,25530.56535,25536.68966
10/21/2025 13:29,25530.25,25532.25,25523.75,25529.25,334,25530.56257,25536.68139
10/21/2025 13:30,25527.75,25542,25526.5,25540.25,595,25530.57565,25536.68063
10/21/2025 13:31,25540.25,25550.25,25538.5,25545,961,25530.62749,25536.70323
10/21/2025 13:32,25545.5,25549,25542,25544.5,431,25530.65159,25536.71408
10/21/2025 13:33,25545.25,25546.75,25530,25535.25,789,25530.67179,25536.71553
10/21/2025 13:34,25536,25541.25,25534.25,25535,361,25530.68031,25536.71565
10/21/2025 13:35,25534.75,25543.25,25534.75,25541,329,25530.69161,25536.71853
10/21/2025 13:36,25542,25543,25535.25,25538,358,25530.70262,25536.72068
10/21/2025 13:37,25537,25538,25529.25,25537.25,549,25530.71126,25536.71762
10/21/2025 13:38,25536.25,25537.5,25531,25534,298,25530.71518,25536.71538
10/21/2025 13:39,25534.5,25544.25,25530,25540,642,25530.73314,25536.71796
10/21/2025 13:40,25539.5,25542.5,25531,25533,670,25530.74523,25536.71556
10/21/2025 13:41,25534.25,25549,25533.5,25546.25,598,25530.77273,25536.72644
10/21/2025 13:42,25546.25,25558.75,25546,25556,895,25530.8496,25536.77057
10/21/2025 13:43,25556.25,25560.5,25553.5,25559,550,25530.90502,25536.80414
10/21/2025 13:44,25558.75,25560,25554,25555.5,468,25530.94995,25536.83102
10/21/2025 13:45,25555.25,25555.25,25545.5,25547,593,25530.99056,25536.85247
10/21/2025 13:46,25547,25551,25541.5,25546.25,475,25531.01764,25536.86545
10/21/2025 13:47,25547.25,25549.5,25544,25545,276,25531.03324,25536.8729
10/21/2025 13:48,25545.5,25557.5,25544.25,25555,518,25531.07418,25536.89601
10/21/2025 13:49,25555,25557.5,25551.25,25555,369,25531.10645,25536.91492
10/21/2025 13:50,25555,25556.5,25550.75,25556.5,312,25531.13366,25536.93088
10/21/2025 13:51,25557,25561.5,25553.75,25554,573,25531.18737,25536.96315
10/21/2025 13:52,25554,25557.75,25551.25,25557.25,316,25531.21573,25536.97999
10/21/2025 13:53,25557,25558.5,25553.5,25557.25,216,25531.23587,25536.99211
10/21/2025 13:54,25557.25,25563.75,25555.75,25563.25,411,25531.28094,25537.02045
10/21/2025 13:55,25563,25564.25,25556.25,25557.5,320,25531.31407,25537.04101
10/21/2025 13:56,25557.75,25574,25557.75,25568.5,949,25531.43773,25537.12199
10/21/2025 13:57,25568.25,25571.25,25564.5,25565.25,465,25531.49844,25537.16183
10/21/2025 13:58,25565.5,25568.25,25562.5,25563.75,446,25531.55293,25537.19719
10/21/2025 13:59,25564,25569,25561.25,25568,361,25531.59855,25537.22703
10/21/2025 14:00,25567.5,25570.5,25566.75,25569.75,304,25531.64012,25537.25464
10/21/2025 14:01,25570,25572.25,25567.25,25570,508,25531.71093,25537.30189
10/21/2025 14:02,25570.25,25573.25,25569.25,25572,355,25531.76241,25537.33651
10/21/2025 14:03,25571.75,25573.25,25563.5,25568,447,25531.82176,25537.37587
10/21/2025 14:04,25567.5,25570,25565,25565.25,281,25531.85744,25537.39937
10/21/2025 14:05,25566,25571.25,25565.25,25568.75,322,25531.90018,25537.42777
10/21/2025 14:06,25569.5,25573.75,25568,25570.25,302,25531.94264,25537.45628
10/21/2025 14:07,25570.5,25572,25566.25,25568,229,25531.97318,25537.47663
10/21/2025 14:08,25568.25,25575,25568.25,25573.75,366,25532.02664,25537.51281
10/21/2025 14:09,25573.25,25574.75,25569.75,25571.25,329,25532.07408,25537.54489
10/21/2025 14:10,25572,25573.75,25571.25,25572,239,25532.10883,25537.56843
10/21/2025 14:11,25572.75,25574.5,25569,25570.75,350,25532.15845,25537.60195
10/21/2025 14:12,25571,25573.25,25565.75,25569.5,370,25532.20822,25537.6353
10/21/2025 14:13,25569.75,25574.5,25569.75,25571.75,254,25532.2446,25537.65995
10/21/2025 14:14,25571.5,25572.25,25563,25565.25,406,25532.29506,25537.69336
10/21/2025 14:15,25565.5,25569,25565.25,25567.5,203,25532.32054,25537.71027
10/21/2025 14:16,25567.5,25568.25,25562,25563.75,386,25532.36532,25537.73957
10/21/2025 14:17,25563.25,25565.75,25560.25,25563.5,424,25532.41208,25537.76989
10/21/2025 14:18,25563.75,25565,25553.75,25558.75,649,25532.47411,25537.80888
10/21/2025 14:19,25559.5,25561.5,25550.75,25554.25,518,25532.51664,25537.83457
10/21/2025 14:20,25554.25,25554.25,25546.5,25554,598,25532.55721,25537.85758
10/21/2025 14:21,25553.75,25558,25549.75,25556.25,416,25532.58989,25537.87713
10/21/2025 14:22,25555.75,25561.5,25548.25,25558,1023,25532.67436,25537.92857
10/21/2025 14:23,25558,25566.75,25554.5,25565.75,566,25532.73367,25537.96701
10/21/2025 14:24,25566,25573.5,25565.75,25571.5,798,25532.83914,25538.03855
10/21/2025 14:25,25572,25573.5,25569.75,25570.25,357,25532.88728,25538.07136
10/21/2025 14:26,25570,25574,25569.75,25571.25,352,25532.93525,25538.10414
10/21/2025 14:27,25571,25583.5,25570.25,25576,842,25533.06403,25538.19372
10/21/2025 14:28,25576,25577,25572.25,25573.25,403,25533.12198,25538.23376
10/21/2025 14:29,25573.5,25574.75,25566,25570.25,775,25533.22261,25538.30233
10/21/2025 14:30,25570,25572.75,25569.5,25572.75,255,25533.25679,25538.32576
10/21/2025 14:31,25572.5,25573.5,25569.75,25572,345,25533.30304,25538.35749
10/21/2025 14:32,25572.75,25577.75,25572.5,25576.25,408,25533.3629,25538.39914
10/21/2025 14:33,25576,25576,25566,25570.75,578,25533.43823,25538.45071
10/21/2025 14:34,25570.75,25573.25,25568.25,25572.75,264,25533.47299,25538.47458
10/21/2025 14:35,25572.5,25576.75,25572.25,25574.75,267,25533.51101,25538.501
10/21/2025 14:36,25574.75,25577.25,25571.5,25573,266,25533.5482,25538.52679
10/21/2025 14:37,25573.25,25574,25570.5,25573.75,226,25533.57884,25538.54795
10/21/2025 14:38,25573.75,25574.75,25571.75,25573,168,25533.60182,25538.56386
10/21/2025 14:39,25573,25573,25566.5,25568,409,25533.65202,25538.59806
10/21/2025 14:40,25568,25570,25563.75,25569.25,436,25533.70313,25538.63264
10/21/2025 14:41,25569.75,25570.25,25562.25,25563.75,501,25533.75778,25538.66921
10/21/2025 14:42,25563.75,25564.25,25558,25562,503,25533.80556,25538.70035
10/21/2025 14:43,25562.25,25566.25,25561.5,25562.75,434,25533.84975,25538.7296
10/21/2025 14:44,25563,25563,25555.5,25558.25,442,25533.88768,25538.75383
10/21/2025 14:45,25558.5,25559.5,25555.25,25556,266,25533.90863,25538.76693
10/21/2025 14:46,25556.5,25563.5,25553.5,25560.75,599,25533.96045,25538.80017
10/21/2025 14:47,25561,25566.25,25556.5,25563.5,565,25534.01459,25538.83574
10/21/2025 14:48,25563.5,25565,25560.75,25564.75,267,25534.04138,25538.85354
10/21/2025 14:49,25565,25568.25,25564.75,25566,338,25534.07849,25538.87862
10/21/2025 14:50,25565.5,25567,25563.5,25565.25,282,25534.10835,25538.89868
10/21/2025 14:51,25565.75,25570,25565.75,25569.25,313,25534.1447,25538.92352
10/21/2025 14:52,25569.25,25572.5,25565.75,25566.75,558,25534.20931,25538.96769
10/21/2025 14:53,25567.25,25569.25,25562,25567,422,25534.2548,25538.99845
10/21/2025 14:54,25566.25,25566.75,25561,25564.25,224,25534.27732,25539.0135
10/21/2025 14:55,25564.25,25564.25,25559,25561.5,416,25534.31565,25539.0387
10/21/2025 14:56,25561.75,25568.5,25560.25,25566.75,446,25534.36201,25539.06994
10/21/2025 14:57,25566.75,25569,25565.25,25567.25,306,25534.3958,25539.09297
10/21/2025 14:58,25567.75,25569.5,25566.75,25567.25,234,25534.42212,25539.11097
10/21/2025 14:59,25567.25,25570.75,25567.25,25570.25,331,25534.46104,25539.1378
10/21/2025 15:00,25569.75,25569.75,25565.5,25566.25,325,25534.49671,25539.16214
10/21/2025 15:01,25565.75,25567.25,25560.25,25564.5,461,25534.54228,25539.1927
10/21/2025 15:02,25564.25,25568.25,25563.75,25566.75,278,25534.57179,25539.21276
10/21/2025 15:03,25566.75,25567,25560,25564.5,388,25534.60975,25539.23821
10/21/2025 15:04,25564.5,25565.5,25562.25,25564.25,210,25534.63037,25539.25205
10/21/2025 15:05,25563.5,25566.5,25562.25,25562.25,334,25534.66274,25539.27375
10/21/2025 15:06,25561.75,25563.5,25556.5,25562.25,672,25534.72111,25539.31207
10/21/2025 15:07,25562.5,25565.25,25561.25,25564.25,253,25534.74541,25539.32837
10/21/2025 15:08,25564.75,25569.5,25563,25567.5,375,25534.78518,25539.35555
10/21/2025 15:09,25567.75,25570.5,25566.5,25567,496,25534.83983,25539.39316
10/21/2025 15:10,25567.5,25570,25566.5,25568.25,239,25534.8663,25539.41141
10/21/2025 15:11,25569,25571.5,25566.25,25569.75,245,25534.89414,25539.43069
10/21/2025 15:12,25569.75,25569.75,25563.75,25564,297,25534.92454,25539.45141
10/21/2025 15:13,25564.25,25568.75,25564,25568,268,25534.95289,25539.47084
10/21/2025 15:14,25569,25570.5,25565.5,25567.5,345,25534.99034,25539.49665
10/21/2025 15:15,25567.5,25571.5,25567,25569.5,217,25535.01494,25539.51372
10/21/2025 15:16,25569.5,25570,25567.25,25568,214,25535.03851,25539.53002
10/21/2025 15:17,25568,25568.5,25561.5,25563,267,25535.06427,25539.54746
10/21/2025 15:18,25562.75,25565,25562.25,25563.75,181,25535.08132,25539.55895
10/21/2025 15:19,25564.25,25568.5,25562.25,25567.5,242,25535.106,25539.57583
10/21/2025 15:20,25567.5,25574.75,25567.5,25572.75,526,25535.16916,25539.62016
10/21/2025 15:21,25572.5,25574.5,25570.75,25574,306,25535.20723,25539.64704
10/21/2025 15:22,25574.5,25578.5,25573.5,25577,470,25535.27055,25539.69223
10/21/2025 15:23,25577,25580.75,25575.75,25578.5,341,25535.3186,25539.72674
10/21/2025 15:24,25578,25578.5,25573,25573.25,365,25535.36584,25539.76034
10/21/2025 15:25,25573.75,25574.25,25571.25,25572.25,249,25535.3961,25539.78171
10/21/2025 15:26,25571.5,25575.75,25571.5,25573.5,233,25535.42514,25539.80229
10/21/2025 15:27,25573.75,25575.5,25570.25,25570.5,253,25535.45538,25539.82362
10/21/2025 15:28,25570.5,25570.5,25564.25,25566,784,25535.5356,25539.87897
10/21/2025 15:29,25566.25,25570,25565.25,25566,363,25535.5728,25539.90468
10/21/2025 15:30,25566.25,25566.75,25563,25565.25,234,25535.59515,25539.91996
10/21/2025 15:31,25565,25565.25,25558.25,25558.75,863,25535.66542,25539.96663
10/21/2025 15:32,25558.25,25560.25,25555.25,25560.25,561,25535.70696,25539.9937
10/21/2025 15:33,25560.5,25565.75,25557.5,25562.75,368,25535.73818,25540.01467
10/21/2025 15:34,25563,25563.75,25560.75,25561,241,25535.75846,25540.02828
10/21/2025 15:35,25561,25563.5,25558,25561.75,326,25535.78506,25540.04603
10/21/2025 15:36,25562,25564.5,25561,25563.5,313,25535.81247,25540.0646
10/21/2025 15:37,25564,25566.5,25562.5,25564.75,252,25535.83578,25540.08055
10/21/2025 15:38,25565.25,25566.5,25556.75,25558,329,25535.86176,25540.09781
10/21/2025 15:39,25558.25,25566.75,25558,25563.5,425,25535.89841,25540.12263
10/21/2025 15:40,25563.25,25564.75,25560.5,25562.75,225,25535.91772,25540.13569
10/21/2025 15:41,25562.75,25565,25561.5,25564.75,199,25535.93546,25540.14779
10/21/2025 15:42,25565,25567.5,25563.75,25565,222,25535.95641,25540.16222
10/21/2025 15:43,25564.5,25564.5,25558.75,25562.5,399,25535.98952,25540.18453
10/21/2025 15:44,25563,25563.75,25559,25563,306,25536.01486,25540.20161
10/21/2025 15:45,25563.5,25568.5,25563,25568.5,372,25536.05123,25540.22687
10/21/2025 15:46,25568,25573.75,25565,25567.5,771,25536.13146,25540.28319
10/21/2025 15:47,25567.5,25569.75,25565.75,25568.5,483,25536.18037,25540.31743
10/21/2025 15:48,25568,25571.5,25567.25,25570.5,330,25536.21553,25540.34225
10/21/2025 15:49,25570.75,25573.5,25569.5,25571.5,450,25536.26585,25540.37804
10/21/2025 15:50,25571.5,25572.5,25569,25571.5,315,25536.30049,25540.40264
10/21/2025 15:51,25571.75,25586.5,25568,25582,1911,25536.5563,25540.58904
10/21/2025 15:52,25581.75,25588,25579,25586.25,1153,25536.72935,25540.71692
10/21/2025 15:53,25585.75,25588.75,25582.25,25587.25,669,25536.83267,25540.7936
10/21/2025 15:54,25587.25,25587.5,25581.5,25585.75,693,25536.93672,25540.87071
10/21/2025 15:55,25585.5,25590.75,25581.75,25586.75,1297,25537.1363,25541.01921
10/21/2025 15:56,25586.25,25586.25,25571,25576.5,1590,25537.33696,25541.1661
10/21/2025 15:57,25576.5,25576.75,25568.75,25573.5,728,25537.41712,25541.22402
10/21/2025 15:58,25573.5,25576.25,25571.25,25572.5,821,25537.50794,25541.28977
10/21/2025 15:59,25572.25,25573.75,25565.25,25566.75,1272,25537.6292,25541.37608
10/21/2025 16:00,25566.75,25569.75,25543.25,25547.75,6299,25537.93166,25541.5643
10/21/2025 16:01,25547.5,25555.75,25543,25546,2649,25538.01327,25541.60738
10/21/2025 16:02,25546.25,25546.5,25512.5,25517.25,3282,25537.89103,25541.47916
10/21/2025 16:03,25518,25523,25489.5,25496.75,2277,25537.65824,25541.26937
10/21/2025 16:04,25497.25,25512.25,25488.25,25490.75,1514,25537.47861,25541.10942
10/21/2025 16:05,25490.75,25507,25486.5,25506,1208,25537.3461,25540.99055
10/21/2025 16:06,25505.75,25506,25498,25503,1009,25537.24347,25540.89778
10/21/2025 16:07,25502.5,25505.25,25495.75,25498.5,488,25537.1905,25540.85017
10/21/2025 16:08,25498.25,25499.25,25492,25494.5,533,25537.12575,25540.79251
10/21/2025 16:09,25495.25,25499.75,25493.5,25496.75,500,25537.06723,25540.74022
10/21/2025 16:10,25497.25,25498,25489.25,25494.5,659,25536.98514,25540.66721
10/21/2025 16:11,25495,25496.5,25486.5,25488,734,25536.88649,25540.57995
10/21/2025 16:12,25488.25,25493.5,25485.25,25489.75,492,25536.81942,25540.52066
10/21/2025 16:13,25490.25,25495,25489.5,25494.5,350,25536.77534,25540.48145
10/21/2025 16:14,25495.75,25500.25,25493.75,25496.25,511,25536.71665,25540.42884
10/21/2025 16:15,25496.25,25503,25496,25501.25,433,25536.67119,25540.38775
10/21/2025 16:16,25501.5,25512.75,25501.25,25511.75,478,25536.63276,25540.35203
10/21/2025 16:17,25511.5,25513.75,25505.75,25512.25,403,25536.60275,25540.32387
10/21/2025 16:18,25512,25518,25511.25,25517,349,25536.58163,25540.30348
10/21/2025 16:19,25516.75,25516.75,25509,25509,254,25536.56351,25540.28638
10/21/2025 16:20,25509.25,25513.5,25508.25,25508.25,250,25536.54457,25540.26865
10/21/2025 16:21,25508.75,25511,25503.75,25507,241,25536.52445,25540.25002
10/21/2025 16:22,25506.75,25512,25506.5,25510.5,171,25536.51136,25540.23778
10/21/2025 16:23,25510.5,25510.5,25506.25,25508,97,25536.50356,25540.23052
10/21/2025 16:24,25508,25508.75,25505.75,25506.75,63,25536.49828,25540.22563
10/21/2025 16:25,25507.25,25509,25505.5,25507.75,120,25536.48834,25540.21643
10/21/2025 16:26,25508.5,25510.75,25506.5,25506.5,153,25536.47591,25540.20487
10/21/2025 16:27,25505.75,25510.75,25505.75,25509.5,170,25536.46246,25540.19234
10/21/2025 16:28,25509.75,25512.75,25509.75,25511,122,25536.45369,25540.18407
10/21/2025 16:29,25511.25,25513,25508.75,25509.25,202,25536.4387,25540.16999
10/21/2025 16:30,25509.75,25514.75,25508.75,25514.75,134,25536.42968,25540.16141
10/21/2025 16:31,25514,25514.5,25512,25513.5,106,25536.42273,25540.15477
10/21/2025 16:32,25512.5,25521.25,25511.5,25520,394,25536.40168,25540.13404
10/21/2025 16:33,25519.75,25520,25517,25519.25,176,25536.39288,25540.12527
10/21/2025 16:34,25519.25,25519.5,25516.25,25518,136,25536.38576,25540.11823
10/21/2025 16:35,25518.75,25519,25514.75,25515.5,114,25536.37931,25540.11193
10/21/2025 16:36,25515.75,25518.5,25515.25,25518.5,73,25536.37539,25540.10808
10/21/2025 16:37,25518,25518.25,25514.75,25518,129,25536.36831,25540.10114
10/21/2025 16:38,25518.25,25522.75,25517,25521.5,151,25536.3615,25540.09422
10/21/2025 16:39,25521.75,25523,25520,25520,121,25536.35624,25540.08884
10/21/2025 16:40,25520.5,25524.25,25520,25523.75,161,25536.35001,25540.08232
10/21/2025 16:41,25523.75,25529,25522,25522.5,255,25536.34147,25540.07308
10/21/2025 16:42,25523.25,25526.5,25521.75,25522.25,117,25536.33723,25540.06857
10/21/2025 16:43,25522,25524,25521.75,25523.25,48,25536.33542,25540.06667
10/21/2025 16:44,25523.75,25526.5,25523.5,25525,150,25536.33062,25540.06142
10/21/2025 16:45,25525.25,25525.25,25520.75,25522.5,138,25536.32536,25540.0559
10/21/2025 16:46,25523,25525.25,25522.25,25524.25,120,25536.32116,25540.0514
10/21/2025 16:47,25524,25525.75,25523,25523.75,108,25536.31746,25540.04742
10/21/2025 16:48,25524.25,25524.75,25519,25521.75,219,25536.30852,25540.03817
10/21/2025 16:49,25521.25,25522,25517.25,25519,144,25536.30167,25540.03128
10/21/2025 16:50,25518.5,25521,25518,25518.75,73,25536.29816,25540.02776
10/21/2025 16:51,25519,25519.25,25516.25,25516.25,103,25536.29264,25540.02233
10/21/2025 16:52,25516.75,25517,25513,25516,183,25536.28184,25540.01186
10/21/2025 16:53,25516.5,25517.75,25514.75,25517,102,25536.27616,25540.0063
10/21/2025 16:54,25516.5,25520,25516,25519.75,78,25536.27228,25540.00243
10/21/2025 16:55,25519.75,25525.75,25519,25525.5,111,25536.26827,25539.99817
10/21/2025 16:56,25525.5,25525.5,25521.5,25523.5,127,25536.26371,25539.99332
10/21/2025 16:57,25524.5,25524.5,25522.75,25523.5,53,25536.26182,25539.99131
10/21/2025 16:58,25523.75,25523.75,25521.5,25522.75,99,25536.25804,25539.98734
10/21/2025 16:59,25523.25,25523.5,25521.5,25523.5,85,25536.25484,25539.98396
10/21/2025 17:00,25523.25,25523.25,25520.5,25521.75,114,25536.25022,25539.97918
10/21/2025 18:01,25540.25,25542,25520.75,25536.75,519,0,25533.16667
10/21/2025 18:02,25537.25,25539.5,25532,25533.75,167,0,25533.63326
10/21/2025 18:03,25532.75,25533.5,25527.25,25530.75,100,0,25533.23463
10/21/2025 18:04,25529.5,25530.5,25523.75,25525,179,0,25531.96995
10/21/2025 18:05,25524,25526.5,25519.5,25524,161,0,25530.73505
10/21/2025 18:06,25524.25,25525.75,25519.5,25519.5,179,0,25529.47976
10/21/2025 18:07,25519.75,25520,25515.5,25517,123,0,25528.44789
10/21/2025 18:08,25518,25520.5,25514.5,25514.75,78,0,25527.83339
10/21/2025 18:09,25515.5,25518,25514.5,25517.25,69,0,25527.34053
10/21/2025 18:10,25517.5,25518.25,25515.25,25516.75,54,0,25526.98946
10/21/2025 18:11,25517,25521,25516.75,25518,60,0,25526.69084
10/21/2025 18:12,25518.25,25520,25514.25,25518.75,54,0,25526.41126
10/21/2025 18:13,25518.25,25520.5,25517,25517,41,0,25526.22179
10/21/2025 18:14,25516.75,25519.25,25516,25517.25,26,0,25526.0965
10/21/2025 18:15,25516.75,25518.75,25516.75,25518.5,29,0,25525.96882
10/21/2025 18:16,25518.25,25522.5,25518.25,25522.25,55,0,25525.82453
10/21/2025 18:17,25521.25,25524.5,25520.25,25523.25,58,0,25525.7307
10/21/2025 18:18,25524.25,25531.5,25524.25,25527.25,158,0,25525.87567
10/21/2025 18:19,25526.75,25529.25,25525.75,25529,97,0,25525.96904
10/21/2025 18:20,25529.25,25529.25,25527.5,25527.75,17,0,25525.98584
10/21/2025 18:21,25528.25,25529.25,25527,25527,48,0,25526.02311
10/21/2025 18:22,25527.25,25528.5,25527,25528,43,0,25526.05673
10/21/2025 18:23,25528.5,25529,25522.5,25523.5,59,0,25526.03047
10/21/2025 18:24,25523.25,25527.25,25520.5,25521.75,107,0,25525.90696
10/21/2025 18:25,25522.75,25524.5,25522.5,25522.5,31,0,25525.87314
10/21/2025 18:26,25522.75,25526.75,25521.75,25526.75,29,0,25525.86413
10/21/2025 18:27,25527,25532.75,25526.25,25531,87,0,25526.00105
10/21/2025 18:28,25530.5,25531.5,25527.5,25529.5,47,0,25526.06252
10/21/2025 18:29,25528.75,25531.5,25528.5,25529.5,27,0,25526.1002
10/21/2025 18:30,25530.25,25533.25,25529.5,25531.25,62,0,25526.21759
10/21/2025 18:31,25532,25535.5,25531.5,25534.75,90,0,25526.46038
10/21/2025 18:32,25534.25,25534.5,25521.25,25521.25,81,0,25526.43847
10/21/2025 18:33,25522.25,25528.5,25520.25,25527.5,86,0,25526.40938
10/21/2025 18:34,25526.5,25530.75,25526.5,25528.75,26,0,25526.42865
10/21/2025 18:35,25528.75,25530.5,25527.5,25528.5,24,0,25526.44744
10/21/2025 18:36,25529,25530,25527,25527.25,16,0,25526.45592
10/21/2025 18:37,25528,25530,25524.75,25525,54,0,25526.45811
10/21/2025 18:38,25524.75,25525.5,25523,25524.5,116,0,25526.38243
10/21/2025 18:39,25524,25528,25524,25528,18,0,25526.38399
10/21/2025 18:40,25528,25529,25524.75,25525,24,0,25526.38302
10/21/2025 18:41,25524.75,25526.75,25523.5,25526.5,50,0,25526.37108
10/21/2025 18:42,25527,25528.25,25525.75,25528.25,13,0,25526.37512
10/21/2025 18:43,25527.75,25529,25525.5,25525.5,19,0,25526.37676
10/21/2025 18:44,25525.75,25526.75,25524.5,25526.5,20,0,25526.37406
10/21/2025 18:45,25525.75,25525.75,25524.5,25524.5,10,0,25526.36978
10/21/2025 18:46,25524.5,25526,25524,25525,10,0,25526.36578
10/21/2025 18:47,25524.5,25525,25521,25521.25,30,0,25526.33145
10/21/2025 18:48,25523.75,25525.25,25523.25,25523.5,32,0,25526.31003
10/21/2025 18:49,25523,25524.75,25522.25,25522.25,11,0,25526.29987
10/21/2025 18:50,25522,25527.25,25520.5,25527.25,55,0,25526.27973
10/21/2025 18:51,25527.25,25527.25,25522.25,25522.25,31,0,25526.25926
10/21/2025 18:52,25521.5,25522.5,25520.5,25522.5,25,0,25526.22857
10/21/2025 18:53,25523,25523.75,25521.5,25523,19,0,25526.21033
10/21/2025 18:54,25522.25,25525,25521.5,25522.5,19,0,25526.19359
10/21/2025 18:55,25523,25523.75,25521.25,25522,22,0,25526.17042
10/21/2025 18:56,25521,25522.75,25518.75,25522.75,50,0,25526.10644
10/21/2025 18:57,25523.5,25525.75,25523.25,25525,39,0,25526.09148
10/21/2025 18:58,25525.25,25529.25,25525.25,25526,44,0,25526.10007
10/21/2025 18:59,25526.25,25528.75,25525.5,25525.5,32,0,25526.10411
10/21/2025 19:00,25525.25,25527.5,25525,25527,6,0,25526.10473
10/21/2025 19:01,25527.5,25528.25,25520,25523.25,88,0,25526.05379
10/21/2025 19:02,25523.5,25523.75,25515.25,25516.75,90,0,25525.88629
10/21/2025 19:03,25515.25,25516.25,25509.25,25513.5,236,0,25525.17073
10/21/2025 19:04,25514.5,25514.75,25509,25510.75,59,0,25524.98354
10/21/2025 19:05,25510,25512.75,25509,25510.25,42,0,25524.84534
10/21/2025 19:06,25511,25511,25506.75,25509,65,0,25524.61088
10/21/2025 19:07,25508.75,25512.75,25508.75,25509.25,63,0,25524.40889
10/21/2025 19:08,25509.25,25509.25,25503.25,25504.25,85,0,25524.05828
10/21/2025 19:09,25504.75,25508,25503.5,25505,45,0,25523.87709
10/21/2025 19:10,25505.25,25507,25504.25,25506,34,0,25523.74435
10/21/2025 19:11,25506.5,25507,25505,25505,14,0,25523.69
10/21/2025 19:12,25505.5,25507.75,25505.25,25506.75,27,0,25523.59139
10/21/2025 19:13,25508.25,25508.5,25507.75,25508,6,0,25523.57155
10/21/2025 19:14,25508.75,25512,25508.5,25509.25,38,0,25523.46181
10/21/2025 19:15,25509.25,25513,25509.25,25509.25,39,0,25523.35576
10/21/2025 19:16,25510.25,25513.75,25510.25,25513.25,53,0,25523.23548
10/21/2025 19:17,25513.25,25513.25,25510.75,25513.25,21,0,25523.18855
10/21/2025 19:18,25513,25513.75,25511.5,25513.75,22,0,25523.14245
10/21/2025 19:19,25514,25515,25508.5,25509.5,99,0,25522.90019
10/21/2025 19:20,25508.75,25509.25,25507.75,25509.25,22,0,25522.83773
10/21/2025 19:21,25509.25,25510.5,25509,25509.25,19,0,25522.78739
10/21/2025 19:22,25509.5,25509.5,25507,25507.75,28,0,25522.70556
10/21/2025 19:23,25508,25518.25,25505.5,25517.75,149,0,25522.45035
10/21/2025 19:24,25517.5,25523.25,25516,25518.5,170,0,25522.34866
10/21/2025 19:25,25518.75,25523,25517.25,25521,61,0,25522.32688
10/21/2025 19:26,25520.25,25525,25520,25520,55,0,25522.32024
10/21/2025 19:27,25520.25,25521,25518.5,25519.75,36,0,25522.30342
10/21/2025 19:28,25520.5,25520.75,25514.75,25515,40,0,25522.26394
10/21/2025 19:29,25515.25,25515.25,25511,25512.5,37,0,25522.20195
10/21/2025 19:30,25513,25515,25511.75,25511.75,28,0,25522.15516
10/21/2025 19:31,25511.75,25513.5,25509.5,25513,42,0,25522.07966
10/21/2025 19:32,25511.25,25511.25,25508.75,25508.75,24,0,25522.02679
10/21/2025 19:33,25509.25,25509.75,25506.25,25506.5,38,0,25521.93013
10/21/2025 19:34,25506.5,25508.75,25506.5,25507.25,38,0,25521.83475
10/21/2025 19:35,25508.5,25511,25507.25,25507.5,49,0,25521.72276
10/21/2025 19:36,25508.75,25510.5,25507,25509.75,27,0,25521.66418
10/21/2025 19:37,25510.5,25511,25508.5,25511,28,0,25521.60917
10/21/2025 19:38,25510.25,25511.5,25508,25508.75,39,0,25521.52847
10/21/2025 19:39,25509.25,25510.5,25508.25,25509.25,23,0,25521.48105
10/21/2025 19:40,25509,25510.5,25506.5,25506.5,34,0,25521.40305
10/21/2025 19:41,25507.5,25508.5,25504,25507,61,0,25521.25179
10/21/2025 19:42,25507.25,25508.5,25506,25506,32,0,25521.17542
10/21/2025 19:43,25506.75,25506.75,25505.5,25505.5,12,0,25521.14518
10/21/2025 19:44,25505.5,25506.75,25505.25,25506.75,17,0,25521.10347
10/21/2025 19:45,25506,25507,25504.75,25506.25,16,0,25521.06377
10/21/2025 19:46,25507.5,25510.25,25506.25,25509.75,53,0,25520.95748
10/21/2025 19:47,25508.75,25508.75,25502.75,25504.25,47,0,25520.83816
10/21/2025 19:48,25504,25504,25497.25,25499.5,217,0,25520.14052
10/21/2025 19:49,25500,25502.25,25496.75,25499,84,0,25519.87113
10/21/2025 19:50,25499.75,25501.75,25498.5,25500,29,0,25519.78308
10/21/2025 19:51,25501.5,25501.75,25499.25,25500.25,25,0,25519.70907
10/21/2025 19:52,25499.25,25501.5,25498,25500.5,33,0,25519.61015
10/21/2025 19:53,25500.75,25501.25,25498,25500.5,16,0,25519.56235
10/21/2025 19:54,25500.5,25501,25499.5,25500,24,0,25519.49198
10/21/2025 19:55,25499.75,25502.5,25498.75,25501.5,26,0,25519.41925
10/21/2025 19:56,25502,25505.5,25502,25505.5,47,0,25519.31324
10/21/2025 19:57,25505.5,25507,25502.5,25503.5,32,0,25519.2419
10/21/2025 19:58,25503.75,25505.5,25503.5,25504.75,35,0,25519.16595
10/21/2025 19:59,25505,25507.5,25504,25504.5,60,0,25519.04417
10/21/2025 20:00,25505.25,25505.75,25501,25502.25,48,0,25518.93195
10/21/2025 20:01,25503,25505.75,25494.5,25502.5,200,0,25518.42182
10/21/2025 20:02,25500.75,25504,25497.25,25502.75,76,0,25518.2399
10/21/2025 20:03,25504.25,25510.5,25504.25,25509.25,100,0,25518.09845
10/21/2025 20:04,25509,25512.25,25508.75,25510.5,114,0,25517.98064
10/21/2025 20:05,25510.5,25511.75,25507.5,25510,24,0,25517.95387
10/21/2025 20:06,25510,25511.5,25507,25507.5,46,0,25517.89631
10/21/2025 20:07,25507.25,25510.75,25506.25,25509,72,0,25517.80765
10/21/2025 20:08,25508.25,25508.25,25498,25498.75,96,0,25517.60352
10/21/2025 20:09,25499.25,25499.75,25485.75,25487,346,0,25516.43652
10/21/2025 20:10,25487.75,25493.25,25486.75,25493.25,113,0,25516.08063
10/21/2025 20:11,25492.25,25497.5,25491.25,25497.5,108,0,25515.80707
10/21/2025 20:12,25497.5,25498.25,25493.75,25495,48,0,25515.68926
10/21/2025 20:13,25494.25,25505.25,25494,25505,100,0,25515.51743
10/21/2025 20:14,25505.5,25510,25504.75,25509.25,101,0,25515.42711
10/21/2025 20:15,25508.75,25509.75,25502,25503.5,99,0,25515.30672
10/21/2025 20:16,25503.25,25504,25496,25498,77,0,25515.16342
10/21/2025 20:17,25497.25,25500.75,25492.25,25492.25,132,0,25514.85928
10/21/2025 20:18,25491.75,25492,25487,25488.5,137,0,25514.46165
10/21/2025 20:19,25487.75,25492,25485.5,25486.75,125,0,25514.09434
10/21/2025 20:20,25487.25,25489,25485.5,25489,94,0,25513.82221
10/21/2025 20:21,25489,25492.25,25486.75,25488.25,123,0,25513.49124
10/21/2025 20:22,25488.5,25494,25488.25,25489.25,73,0,25513.31013
10/21/2025 20:23,25489.5,25493,25489.5,25490.75,42,0,25513.20985
10/21/2025 20:24,25491,25491.75,25486,25487,66,0,25513.03413
10/21/2025 20:25,25486.5,25493.5,25483.25,25493,87,0,25512.82158
10/21/2025 20:26,25492.5,25495,25489.25,25494,71,0,25512.67209
10/21/2025 20:27,25495.25,25496.5,25493.75,25495.25,80,0,25512.52641
10/21/2025 20:28,25495.5,25499.5,25495,25496.25,90,0,25512.38162
10/21/2025 20:29,25495.75,25496.75,25491,25491,90,0,25512.20273
10/21/2025 20:30,25492,25497.5,25492,25495.5,44,0,25512.12578
10/21/2025 20:31,25496.75,25499.25,25495.25,25496.25,68,0,25512.02137
10/21/2025 20:32,25496.25,25496.5,25490.5,25494.75,98,0,25511.844
10/21/2025 20:33,25494.25,25500,25492.75,25492.75,80,0,25511.71168
10/21/2025 20:34,25492.75,25498.5,25492.75,25496.5,56,0,25511.62444
10/21/2025 20:35,25497.75,25501.25,25493.5,25494.25,96,0,25511.48101
10/21/2025 20:36,25495.25,25499,25493.5,25494.75,64,0,25511.38326
10/21/2025 20:37,25495.75,25496.5,25494.5,25495.5,40,0,25511.32181
10/21/2025 20:38,25494.75,25495.25,25491,25492.25,39,0,25511.25233
10/21/2025 20:39,25492.25,25495.25,25488,25494.5,104,0,25511.0671
10/21/2025 20:40,25494,25494,25488,25490,110,0,25510.85524
10/21/2025 20:41,25489.75,25489.75,25482.75,25484.25,166,0,25510.46528
10/21/2025 20:42,25484.25,25486,25482,25486,95,0,25510.23946
10/21/2025 20:43,25484.75,25486.5,25482.75,25483.25,93,0,25510.01794
10/21/2025 20:44,25482.5,25485.75,25482.25,25482.5,55,0,25509.88536
10/21/2025 20:45,25483.75,25484.75,25479.5,25479.5,96,0,25509.63763
10/21/2025 20:46,25480.75,25485.25,25479.75,25485.25,126,0,25509.34325
10/21/2025 20:47,25484.5,25485.25,25481.25,25482.25,76,0,25509.1655
10/21/2025 20:48,25482.75,25486.5,25482.75,25484,45,0,25509.06733
10/21/2025 20:49,25484.25,25486.75,25483.75,25485,61,0,25508.93949
10/21/2025 20:50,25485,25487.25,25484,25485.25,40,0,25508.85757
10/21/2025 20:51,25486.75,25486.75,25481.5,25482.5,84,0,25508.67342
10/21/2025 20:52,25482.5,25484.25,25481.5,25483,39,0,25508.58659
10/21/2025 20:53,25482.5,25482.75,25478.75,25478.75,37,0,25508.49571
10/21/2025 20:54,25479.25,25486.5,25477.5,25485.75,87,0,25508.30786
10/21/2025 20:55,25485.25,25486.25,25483.25,25484.75,93,0,25508.12196
10/21/2025 20:56,25484,25485,25483,25483.25,34,0,25508.05184
10/21/2025 20:57,25484.5,25486.75,25479.25,25485,101,0,25507.84523
10/21/2025 20:58,25485.25,25486.25,25483,25484.75,78,0,25507.69454
10/21/2025 20:59,25485,25486.25,25483.25,25485,37,0,25507.62426
10/21/2025 21:00,25484.25,25484.5,25481.5,25482,25,0,25507.57252
10/21/2025 21:01,25482,25483.5,25478,25478.25,107,0,25507.32931
10/21/2025 21:02,25477.5,25479.25,25471,25477,205,0,25506.80605
10/21/2025 21:03,25478,25480.25,25475,25478.5,65,0,25506.65506
10/21/2025 21:04,25479.5,25483,25477.75,25481.25,56,0,25506.53857
10/21/2025 21:05,25482.25,25487.5,25482.25,25484,114,0,25506.34004
10/21/2025 21:06,25484.75,25486.75,25484.5,25484.75,43,0,25506.26863
10/21/2025 21:07,25486.25,25488,25484,25485.25,79,0,25506.14128
10/21/2025 21:08,25485,25491.5,25484.5,25490.25,182,0,25505.89613
10/21/2025 21:09,25490.75,25495,25488.25,25490,117,0,25505.7631
10/21/2025 21:10,25490.25,25491.25,25489,25489.75,26,0,25505.7317
10/21/2025 21:11,25490.5,25497,25490.5,25495.25,96,0,25505.64788
10/21/2025 21:12,25496.75,25500,25496.75,25499,83,0,25505.60357
10/21/2025 21:13,25497.5,25499,25496.5,25497.25,23,0,25505.58966
10/21/2025 21:14,25497.5,25500.5,25496.75,25499.5,40,0,25505.56958
10/21/2025 21:15,25499,25501.5,25498.5,25498.5,78,0,25505.53418
10/21/2025 21:16,25497.75,25499.5,25496.75,25498.5,32,0,25505.5168
10/21/2025 21:17,25498.5,25501,25497.5,25498.75,26,0,25505.50434
10/21/2025 21:18,25500.25,25501.75,25498.75,25501,109,0,25505.46406
10/21/2025 21:19,25500.25,25500.75,25495,25496.25,126,0,25505.3891
10/21/2025 21:20,25496.25,25497.25,25492.5,25493.5,47,0,25505.3515
10/21/2025 21:21,25494,25497,25492.5,25495.25,37,0,25505.32342
10/21/2025 21:22,25496,25498.5,25495.5,25498.5,37,0,25505.30242
10/21/2025 21:23,25498,25503.5,25497.75,25501.25,126,0,25505.26195
10/21/2025 21:24,25501.25,25501.75,25500,25500.5,18,0,25505.25612
10/21/2025 21:25,25501,25502.5,25499,25499,41,0,25505.24119
10/21/2025 21:26,25498.75,25501.5,25498.5,25500.5,43,0,25505.22562
10/21/2025 21:27,25501.25,25504.75,25501,25503.75,75,0,25505.21466
10/21/2025 21:28,25504,25505.25,25500.75,25505.25,43,0,25505.21021
10/21/2025 21:29,25503.75,25503.75,25501.75,25502.25,30,0,25505.20464
10/21/2025 21:30,25502,25504.25,25501.75,25501.75,15,0,25505.20187
10/21/2025 21:31,25501.25,25502,25498.25,25499.25,80,0,25505.17175
10/21/2025 21:32,25498.5,25502.75,25498.5,25501.5,17,0,25505.16668
10/21/2025 21:33,25501.25,25503.75,25500.25,25502.5,24,0,25505.16165
10/21/2025 21:34,25502.25,25502.75,25499.25,25499.25,69,0,25505.13886
10/21/2025 21:35,25499.75,25505.25,25497.5,25503.5,104,0,25505.11691
10/21/2025 21:36,25504,25506.5,25503.25,25505.75,61,0,25505.11712
10/21/2025 21:37,25505.75,25506,25499.75,25504.25,38,0,25505.11246
10/21/2025 21:38,25503.5,25504,25499.5,25499.5,24,0,25505.1057
10/21/2025 21:39,25499.25,25499.75,25496,25498,37,0,25505.08752
10/21/2025 21:40,25497.25,25501,25496.5,25501,24,0,25505.07838
10/21/2025 21:41,25499.5,25499.75,25497.25,25498.25,25,0,25505.06703
10/21/2025 21:42,25499.5,25500.25,25499,25500.25,13,0,25505.0624
10/21/2025 21:43,25501.25,25502.25,25501,25501,13,0,25505.05918
10/21/2025 21:44,25499.5,25501.25,25498.25,25501.25,23,0,25505.05167
10/21/2025 21:45,25501.25,25501.75,25500.5,25501.75,19,0,25505.04688
10/21/2025 21:46,25501.5,25501.5,25498.5,25500,23,0,25505.03902
10/21/2025 21:47,25500.25,25505,25500,25505,27,0,25505.03591
10/21/2025 21:48,25505,25509.5,25503,25508.75,74,0,25505.0461
10/21/2025 21:49,25508.75,25508.75,25503.75,25507,39,0,25505.0499
10/21/2025 21:50,25506.75,25508.25,25506.75,25507,18,0,25505.05265
10/21/2025 21:51,25507.25,25509.75,25506.25,25509.5,39,0,25505.06163
10/21/2025 21:52,25508.75,25509.25,25506.75,25508,23,0,25505.06614
10/21/2025 21:53,25509.25,25509.5,25507.5,25507.5,34,0,25505.07316
10/21/2025 21:54,25507.5,25510,25507.25,25510,34,0,25505.08221
10/21/2025 21:55,25509,25511.5,25509,25511.25,52,0,25505.10114
10/21/2025 21:56,25510.5,25518.5,25509.75,25517.5,250,0,25505.26629
10/21/2025 21:57,25517.5,25521.75,25517.5,25520.5,143,0,25505.4014
10/21/2025 21:58,25521.25,25525.25,25520.75,25525.25,108,0,25505.52831
10/21/2025 21:59,25524.5,25524.5,25521.75,25523.25,52,0,25505.58686
10/21/2025 22:00,25523.5,25524,25520.5,25522.5,49,0,25505.63908
10/21/2025 22:01,25522.5,25523.5,25516.75,25518.25,87,0,25505.71539
10/21/2025 22:02,25517.5,25518.25,25513,25514.25,83,0,25505.76477
10/21/2025 22:03,25514.5,25516.75,25513.75,25515,41,0,25505.78898
10/21/2025 22:04,25514.75,25515.25,25511,25513.75,56,0,25505.81541
10/21/2025 22:05,25515.25,25516.25,25511,25512,27,0,25505.82767
10/21/2025 22:06,25511.5,25513.25,25509.5,25513,63,0,25505.85154
10/21/2025 22:07,25513.25,25514.75,25511,25513.75,31,0,25505.86562
10/21/2025 22:08,25515,25518.75,25515,25518.25,47,0,25505.89899
10/21/2025 22:09,25518.75,25523.25,25517.25,25521.5,90,0,25505.98083
10/21/2025 22:10,25521.25,25529,25521.25,25523.75,134,0,25506.13375
10/21/2025 22:11,25524.25,25526.5,25523.25,25524.25,50,0,25506.19017
10/21/2025 22:12,25524.5,25526.25,25524.25,25524.5,17,0,25506.20962
10/21/2025 22:13,25524.25,25528.75,25524.25,25528.5,57,0,25506.28203
10/21/2025 22:14,25529,25530.5,25528.5,25529.25,39,0,25506.33659
10/21/2025 22:15,25528.25,25530,25528.25,25529.5,30,0,25506.37808
10/21/2025 22:16,25528.75,25532.5,25527.75,25532,139,0,25506.58086
10/21/2025 22:17,25531,25532.75,25528.75,25529.5,70,0,25506.67997
10/21/2025 22:18,25529.5,25530,25526.5,25527.75,57,0,25506.75245
10/21/2025 22:19,25528.5,25532,25527.75,25532,29,0,25506.79344
10/21/2025 22:20,25532,25532.25,25528.75,25530.75,39,0,25506.84833
10/21/2025 22:21,25530.75,25531.25,25529,25530,34,0,25506.89498
10/21/2025 22:22,25530.5,25531.5,25530,25531.25,25,0,25506.93039
10/21/2025 22:23,25531.75,25535.5,25531,25533.75,69,0,25507.03771
10/21/2025 22:24,25533,25535.5,25533,25534,30,0,25507.08542
10/21/2025 22:25,25532.75,25537.25,25532.75,25535.75,41,0,25507.15295
10/21/2025 22:26,25536,25536.5,25532.25,25534.25,58,0,25507.24483
10/21/2025 22:27,25535,25536.5,25534,25534.75,31,0,25507.29503
10/21/2025 22:28,25534,25538,25533.25,25536.25,108,0,25507.47322
10/21/2025 22:29,25536.5,25538.75,25534,25536.5,105,0,25507.64786
10/21/2025 22:30,25536,25538.75,25536,25538.25,87,0,25507.79719
10/21/2025 22:31,25538.5,25538.75,25535,25537.25,53,0,25507.88542
10/21/2025 22:32,25537.75,25538.25,25533.5,25533.5,43,0,25507.95193
10/21/2025 22:33,25534,25535.75,25534,25535.75,23,0,25507.98748
10/21/2025 22:34,25534.75,25536.5,25534,25535.75,22,0,25508.02171
10/21/2025 22:35,25536.25,25536.5,25535.5,25535.5,10,0,25508.03747
10/21/2025 22:36,25535.75,25535.75,25532.5,25533.5,25,0,25508.0741
10/21/2025 22:37,25533.5,25533.75,25529.75,25531.25,56,0,25508.14839
10/21/2025 22:38,25531.25,25531.75,25529.75,25531,25,0,25508.18035
10/21/2025 22:39,25531.25,25531.25,25528.75,25530,39,0,25508.22819
10/21/2025 22:40,25529.5,25530.25,25528.25,25528.5,45,0,25508.28062
10/21/2025 22:41,25528.75,25529.75,25527.5,25528.5,47,0,25508.334
10/21/2025 22:42,25528.5,25530.25,25528.5,25529,28,0,25508.3667
10/21/2025 22:43,25528.75,25531.25,25528.5,25530.75,33,0,25508.40681
10/21/2025 22:44,25531.25,25531.5,25529.5,25531,20,0,25508.4316
10/21/2025 22:45,25531.25,25531.75,25531,25531.75,16,0,25508.45213
10/21/2025 22:46,25531.75,25531.75,25528.25,25529.5,24,0,25508.48065
10/21/2025 22:47,25530.5,25530.75,25528.75,25529.25,19,0,25508.5029
10/21/2025 22:48,25530.5,25532.5,25530.5,25531.75,35,0,25508.54765
10/21/2025 22:49,25532.25,25532.25,25530.5,25530.5,11,0,25508.56137
10/21/2025 22:50,25530.25,25530.5,25527.25,25529.25,32,0,25508.59752
10/21/2025 22:51,25529.5,25529.75,25529,25529.25,9,0,25508.60783
10/21/2025 22:52,25529,25529,25526.75,25528.75,38,0,25508.64879
10/21/2025 22:53,25529,25529.25,25528,25529.25,15,0,25508.66547
10/21/2025 22:54,25529.5,25529.5,25528,25528.25,12,0,25508.67862
10/21/2025 22:55,25528.5,25528.5,25527.25,25527.75,10,0,25508.68916
10/21/2025 22:56,25527.25,25528.5,25526,25528.5,40,0,25508.73083
10/21/2025 22:57,25528.5,25530,25527.75,25529.75,23,0,25508.75659
10/21/2025 22:58,25529.75,25531,25529.25,25530.25,15,0,25508.77418
10/21/2025 22:59,25530.5,25530.5,25530.25,25530.25,3,0,25508.77772
10/21/2025 23:00,25529.5,25530,25529.5,25530,7,0,25508.78579
10/21/2025 23:01,25529.5,25530.5,25528.25,25529.25,41,0,25508.83181
10/21/2025 23:02,25529.75,25530.75,25529,25529,14,0,25508.84766
10/21/2025 23:03,25528.75,25529.5,25528.5,25528.75,10,0,25508.85861
10/21/2025 23:04,25527.75,25527.75,25525.5,25526,31,0,25508.88825
10/21/2025 23:05,25525.5,25525.5,25518.5,25521.25,130,0,25508.97867
10/21/2025 23:06,25520.5,25522.75,25519.75,25520.25,39,0,25509.00379
10/21/2025 23:07,25520.25,25520.25,25517.25,25517.25,44,0,25509.02569
10/21/2025 23:08,25517,25517.5,25515,25517.5,50,0,25509.0462
10/21/2025 23:09,25518,25520,25517,25517.5,28,0,25509.05989
10/21/2025 23:10,25517.5,25518,25515.5,25517.25,31,0,25509.07293
10/21/2025 23:11,25516.75,25516.75,25515.25,25515.75,30,0,25509.0839
10/21/2025 23:12,25516.5,25518.75,25513.75,25518,39,0,25509.10001
10/21/2025 23:13,25518.25,25519,25516,25517.75,48,0,25509.12167
10/21/2025 23:14,25518.5,25519,25517,25517.75,22,0,25509.13195
10/21/2025 23:15,25518,25518.25,25516,25516,19,0,25509.13963
10/21/2025 23:16,25515.75,25519,25515.75,25518,22,0,25509.14948
10/21/2025 23:17,25517.75,25518.25,25515.75,25516.75,26,0,25509.16017
10/21/2025 23:18,25517.25,25517.25,25512.5,25514.5,27,0,25509.16815
10/21/2025 23:19,25514.75,25516.25,25511.5,25511.75,49,0,25509.17848
10/21/2025 23:20,25512,25512.75,25505.5,25505.5,87,0,25509.17272
10/21/2025 23:21,25506,25509.75,25502.5,25509.75,153,0,25509.15806
10/21/2025 23:22,25509.5,25511.75,25507.25,25511.75,65,0,25509.16175
10/21/2025 23:23,25511.5,25514.5,25511.5,25514.5,48,0,25509.17252
10/21/2025 23:24,25513.25,25514.5,25512.5,25513.25,21,0,25509.17713
10/21/2025 23:25,25512.25,25517,25512.25,25516,40,0,25509.18932
10/21/2025 23:26,25515.75,25516,25513,25515.75,25,0,25509.1967
10/21/2025 23:27,25515.25,25515.25,25512.75,25512.75,18,0,25509.20077
10/21/2025 23:28,25512.75,25513,25511.5,25512.5,24,0,25509.20463
10/21/2025 23:29,25512,25513.25,25510.5,25510.75,31,0,25509.20828
10/21/2025 23:30,25509.75,25509.75,25506.75,25508.75,58,0,25509.20593
10/21/2025 23:31,25508.75,25512,25508.75,25511.75,36,0,25509.20893
10/21/2025 23:32,25511.5,25513,25510,25510.5,23,0,25509.21123
10/21/2025 23:33,25509.25,25510.25,25507,25508.75,36,0,25509.21023
10/21/2025 23:34,25507.5,25508,25505,25506,62,0,25509.20117
10/21/2025 23:35,25506.5,25506.5,25503.75,25503.75,35,0,25509.19313
10/21/2025 23:36,25501.75,25505.75,25500.5,25504,76,0,25509.17096
10/21/2025 23:37,25504,25505.25,25501,25505.25,44,0,25509.15913
10/21/2025 23:38,25504.25,25506.5,25504,25505.75,18,0,25509.15574
10/21/2025 23:39,25504.75,25504.75,25500.5,25502.5,52,0,25509.13858
10/21/2025 23:40,25502.75,25505,25502.75,25505,27,0,25509.13196
10/21/2025 23:41,25505.75,25506.5,25504.5,25505,71,0,25509.11849
10/21/2025 23:42,25505.5,25506.5,25505.25,25505.25,11,0,25509.11659
10/21/2025 23:43,25505,25507.25,25505,25506.25,20,0,25509.11365
10/21/2025 23:44,25506.25,25507.25,25504.75,25505.75,39,0,25509.10744
10/21/2025 23:45,25504.75,25506.5,25502.25,25506.5,43,0,25509.09885
10/21/2025 23:46,25507.25,25510,25506.5,25509,52,0,25509.0973
10/21/2025 23:47,25509,25511.75,25509,25510.5,42,0,25509.10004
10/21/2025 23:48,25509.75,25511.75,25509.25,25511.25,27,0,25509.10224
10/21/2025 23:49,25511,25514,25510.5,25513.25,63,0,25509.11304
10/21/2025 23:50,25513,25515,25512.5,25513.75,40,0,25509.12215
10/21/2025 23:51,25513.75,25516.75,25513.5,25515.75,72,0,25509.14404
10/21/2025 23:52,25516.25,25517.5,25514.5,25516.75,37,0,25509.15689
10/21/2025 23:53,25516.5,25518.25,25516.5,25518,27,0,25509.168
10/21/2025 23:54,25518,25521.25,25517.5,25518,98,0,25509.2144
10/21/2025 23:55,25518.5,25521.5,25518.5,25521.25,38,0,25509.23504
10/21/2025 23:56,25521.5,25532,25521.5,25530.75,219,0,25509.43306
10/21/2025 23:57,25531,25532.75,25529.25,25532.75,71,0,25509.50825
10/21/2025 23:58,25532.75,25535.25,25528.75,25534,114,0,25509.63379
10/21/2025 23:59,25535,25546.5,25534.75,25546.5,265,0,25510.04382
10/22/2025 0:00,25546.25,25549.25,25543,25547.25,192,0,25510.36958
10/22/2025 0:01,25547.25,25553,25545.5,25552.75,213,0,25510.76267
10/22/2025 0:02,25552.75,25556.5,25550.25,25550.75,305,0,25511.34117
10/22/2025 0:03,25551.25,25556.5,25551.25,25554.75,108,0,25511.55033
10/22/2025 0:04,25555.25,25559,25554.75,25556.5,155,0,25511.86495
10/22/2025 0:05,25557.25,25569.5,25557.25,25565.75,329,0,25512.62643
10/22/2025 0:06,25566.5,25571.5,25564,25569.5,115,0,25512.9085
10/22/2025 0:07,25569.25,25572.5,25567.5,25572.5,98,0,25513.15737
10/22/2025 0:08,25573,25581.5,25573,25578.75,334,0,25514.08953
10/22/2025 0:09,25578.5,25579,25572.5,25572.5,85,0,25514.31119
10/22/2025 0:10,25573.25,25580,25573.25,25579.5,109,0,25514.6067
10/22/2025 0:11,25578.75,25581.25,25577.75,25581.25,68,0,25514.79693
10/22/2025 0:12,25581.5,25588.25,25581.5,25583,251,0,25515.53382
10/22/2025 0:13,25582.75,25583,25575.25,25577.5,120,0,25515.85203
10/22/2025 0:14,25576.75,25578.75,25575.75,25578,74,0,25516.0433
10/22/2025 0:15,25578.75,25578.75,25576.25,25576.5,53,0,25516.17882
10/22/2025 0:16,25577,25579,25575,25577.75,30,0,25516.25537
10/22/2025 0:17,25577.75,25583.25,25576.5,25582.5,72,0,25516.4488
10/22/2025 0:18,25582.5,25582.75,25577,25577,57,0,25516.59678
10/22/2025 0:19,25578.25,25581.25,25578,25581.25,27,0,25516.66803
10/22/2025 0:20,25581.5,25584,25581.25,25584,43,0,25516.78636
10/22/2025 0:21,25584.75,25589.5,25584,25586,164,0,25517.25692
10/22/2025 0:22,25586.25,25587,25582,25583.5,86,0,25517.49291
10/22/2025 0:23,25583,25588.5,25582.75,25586.75,41,0,25517.60791
10/22/2025 0:24,25587,25588.25,25582.5,25583.5,50,0,25517.74508
10/22/2025 0:25,25582.5,25583.75,25581.5,25582.5,70,0,25517.93
10/22/2025 0:26,25581,25581,25577.5,25580.25,72,0,25518.11033
10/22/2025 0:27,25579.75,25580.25,25575.75,25575.75,40,0,25518.20628
10/22/2025 0:28,25575.75,25580.5,25575.75,25578.75,27,0,25518.27205
10/22/2025 0:29,25579.5,25580.25,25576.75,25577.75,19,0,25518.31818
10/22/2025 0:30,25577.75,25578.5,25576.25,25576.5,12,0,25518.34672
10/22/2025 0:31,25575.75,25580,25574.5,25579.25,69,0,25518.51257
10/22/2025 0:32,25578.25,25578.75,25576,25578.75,14,0,25518.54606
10/22/2025 0:33,25579,25579.5,25575.75,25576,18,0,25518.58852
10/22/2025 0:34,25575.75,25578.5,25575.75,25578.25,23,0,25518.64307
10/22/2025 0:35,25577.75,25577.75,25576.75,25576.75,10,0,25518.66659
10/22/2025 0:36,25577.25,25578,25576.75,25577.5,16,0,25518.7044
10/22/2025 0:37,25578,25579,25577,25578,43,0,25518.80677
10/22/2025 0:38,25577.5,25578,25576.5,25576.5,12,0,25518.83479
10/22/2025 0:39,25577,25578.75,25576.5,25578.25,22,0,25518.88683
10/22/2025 0:40,25578.75,25579.25,25575,25575,23,0,25518.93984
10/22/2025 0:41,25574.5,25576.5,25574,25576.5,28,0,25519.00339
10/22/2025 0:42,25576,25579.25,25574.25,25578.75,35,0,25519.08508
10/22/2025 0:43,25578.75,25582,25578.5,25580.25,61,0,25519.2338
10/22/2025 0:44,25580.25,25580.25,25578.25,25579.25,20,0,25519.28161
10/22/2025 0:45,25579.25,25580,25579,25580,16,0,25519.32006
10/22/2025 0:46,25579.25,25580.5,25579,25579.25,18,0,25519.36321
10/22/2025 0:47,25579.5,25579.5,25575.75,25579.25,45,0,25519.46827
10/22/2025 0:48,25580,25580.5,25576.25,25576.25,32,0,25519.54211
10/22/2025 0:49,25577,25577.75,25571,25576.75,78,0,25519.71363
10/22/2025 0:50,25574.75,25575,25568.25,25570.25,134,0,25519.98474
10/22/2025 0:51,25569.75,25574.25,25569.25,25570.75,99,0,25520.18418
10/22/2025 0:52,25571.75,25578.25,25569.25,25577.5,78,0,25520.35115
10/22/2025 0:53,25577.75,25577.75,25567.75,25571.5,114,0,25520.58153
10/22/2025 0:54,25571.25,25571.25,25567.25,25568.5,34,0,25520.64545
10/22/2025 0:55,25568.25,25570.25,25567.75,25569.5,31,0,25520.70378
10/22/2025 0:56,25569.25,25579,25569.25,25576,114,0,25520.94166
10/22/2025 0:57,25575.25,25576.5,25573,25573.5,46,0,25521.03631
10/22/2025 0:58,25573.75,25576.25,25573.5,25573.5,28,0,25521.09385
10/22/2025 0:59,25574.25,25575.75,25574.25,25575.5,22,0,25521.13961
10/22/2025 1:00,25574.5,25575,25573.5,25573.5,15,0,25521.17009
10/22/2025 1:01,25574,25576.25,25570.75,25576.25,57,0,25521.28652
10/22/2025 1:02,25576.5,25577.5,25575.75,25576.25,29,0,25521.34787
10/22/2025 1:03,25576.25,25580.25,25576.25,25578.5,49,0,25521.45466
10/22/2025 1:04,25578.75,25579.75,25576.25,25577,30,0,25521.51908
10/22/2025 1:05,25577.25,25578.75,25576.25,25578.75,18,0,25521.55784
10/22/2025 1:06,25578,25578.5,25576.5,25576.5,26,0,25521.61298
10/22/2025 1:07,25577.5,25581,25577,25580,41,0,25521.70309
10/22/2025 1:08,25579.5,25581.5,25579.5,25579.5,34,0,25521.77868
10/22/2025 1:09,25579.5,25579.75,25578.5,25579,14,0,25521.80918
10/22/2025 1:10,25578.25,25579,25574.5,25578.25,36,0,25521.88493
10/22/2025 1:11,25578.25,25579.5,25577.5,25578.5,30,0,25521.94933
10/22/2025 1:12,25578.25,25582.25,25578.25,25582,43,0,25522.04517
10/22/2025 1:13,25582.25,25582.5,25577.5,25578,78,0,25522.21381
10/22/2025 1:14,25578,25580,25578,25579.25,10,0,25522.23526
10/22/2025 1:15,25578.75,25579.75,25577.75,25578.5,14,0,25522.26505
10/22/2025 1:16,25579.25,25580,25578.25,25579,32,0,25522.33352
10/22/2025 1:17,25579.25,25579.25,25576.5,25577,29,0,25522.3938
10/22/2025 1:18,25577,25577.25,25573.25,25573.5,45,0,25522.48214
10/22/2025 1:19,25573,25574.5,25569.25,25573,134,0,25522.73134
10/22/2025 1:20,25573.75,25574.25,25572.25,25573,30,0,25522.78782
10/22/2025 1:21,25573.5,25578.5,25572.5,25576.5,107,0,25522.99884
10/22/2025 1:22,25576,25576.5,25569.75,25573.5,82,0,25523.15156
10/22/2025 1:23,25574.25,25578.5,25573,25575.5,46,0,25523.24095
10/22/2025 1:24,25575.25,25577,25572.75,25573,48,0,25523.33138
10/22/2025 1:25,25572.5,25574.25,25572.25,25573.75,16,0,25523.36096
10/22/2025 1:26,25573.5,25574.25,25569.25,25570.25,112,0,25523.55814
10/22/2025 1:27,25570,25570,25559.75,25563,197,0,25523.85072
10/22/2025 1:28,25563,25565.5,25562.5,25564,51,0,25523.92531
10/22/2025 1:29,25563.25,25567,25562.75,25564.75,37,0,25523.98038
10/22/2025 1:30,25566.75,25568.5,25564.5,25568.25,43,0,25524.0477
10/22/2025 1:31,25568,25570.25,25566.25,25569.25,76,0,25524.17031
10/22/2025 1:32,25570,25573,25569,25571.75,52,0,25524.25882
10/22/2025 1:33,25571.5,25571.5,25570,25571.5,20,0,25524.2926
10/22/2025 1:34,25570.75,25571.75,25570,25571.25,22,0,25524.32969
10/22/2025 1:35,25571.75,25571.75,25569.5,25570.25,19,0,25524.36134
10/22/2025 1:36,25569.75,25570.75,25568.25,25570.5,51,0,25524.44485
10/22/2025 1:37,25569.25,25569.5,25566.25,25567.75,24,0,25524.48232
10/22/2025 1:38,25567.5,25568,25563.5,25565.75,39,0,25524.54014
10/22/2025 1:39,25566,25566,25562.75,25562.75,27,0,25524.57822
10/22/2025 1:40,25563.25,25563.25,25559.25,25560.5,72,0,25524.67211
10/22/2025 1:41,25560.25,25563.5,25558,25559,62,0,25524.75072
10/22/2025 1:42,25558.5,25560.25,25557.5,25558.5,19,0,25524.77378
10/22/2025 1:43,25558,25559.5,25556.5,25559.25,45,0,25524.82773
10/22/2025 1:44,25558.75,25559,25555,25557.5,53,0,25524.88871
10/22/2025 1:45,25556.5,25557,25554.25,25555.5,35,0,25524.92688
10/22/2025 1:46,25555.25,25559.25,25555.25,25558,41,0,25524.97426
10/22/2025 1:47,25558.25,25559.75,25557.25,25559,24,0,25525.00292
10/22/2025 1:48,25559.5,25559.5,25557.5,25559.25,26,0,25525.03399
10/22/2025 1:49,25560,25561.5,25559.25,25559.5,43,0,25525.08728
10/22/2025 1:50,25560.25,25567.25,25560.25,25567,92,0,25525.21617
10/22/2025 1:51,25567.75,25569.5,25565,25566.25,73,0,25525.32319
10/22/2025 1:52,25565.25,25566.25,25562.75,25565.5,60,0,25525.40635
10/22/2025 1:53,25565.5,25568,25562,25562.75,31,0,25525.44855
10/22/2025 1:54,25563.75,25565.5,25562.25,25562.5,19,0,25525.47381
10/22/2025 1:55,25562.75,25564.25,25562.75,25563.75,8,0,25525.48448
10/22/2025 1:56,25563.75,25564,25556,25558.75,77,0,25525.57616
10/22/2025 1:57,25559,25569.25,25559,25566.5,104,0,25525.7185
10/22/2025 1:58,25566,25567.5,25563.75,25567.5,45,0,25525.78186
10/22/2025 1:59,25567.5,25568.25,25563,25564,44,0,25525.84183
10/22/2025 2:00,25564.5,25565.25,25564,25564,18,0,25525.8659
10/22/2025 2:01,25565.5,25566,25550.5,25555.25,207,0,25526.08947
10/22/2025 2:02,25555.5,25557,25551.25,25556.5,76,0,25526.16467
10/22/2025 2:03,25557,25560.25,25553.5,25560.25,65,0,25526.23554
10/22/2025 2:04,25560,25561.75,25557.75,25560.75,60,0,25526.30495
10/22/2025 2:05,25561.5,25562,25559.75,25560.75,20,0,25526.32853
10/22/2025 2:06,25562,25567,25562,25566,91,0,25526.44835
10/22/2025 2:07,25566.5,25567.75,25564.5,25566.5,29,0,25526.48761
10/22/2025 2:08,25566.5,25570.5,25566.5,25568.5,47,0,25526.55467
10/22/2025 2:09,25569.75,25570.5,25566.75,25566.75,22,0,25526.58561
10/22/2025 2:10,25566,25568.25,25563.25,25568.25,41,0,25526.64119
10/22/2025 2:11,25568.25,25570.25,25566.75,25568.25,49,0,25526.71044
10/22/2025 2:12,25568.75,25575,25568.75,25574.75,89,0,25526.8489
10/22/2025 2:13,25575,25579.25,25574.75,25577,107,0,25527.02925
10/22/2025 2:14,25576.25,25580,25574.75,25578.75,92,0,25527.18585
10/22/2025 2:15,25580,25581,25576.5,25577.75,65,0,25527.29718
10/22/2025 2:16,25578.25,25579.5,25574.5,25575.75,69,0,25527.41062
10/22/2025 2:17,25575.5,25580.75,25575,25580.5,58,0,25527.50975
10/22/2025 2:18,25580.25,25580.75,25577.25,25578.25,49,0,25527.5932
10/22/2025 2:19,25578.5,25578.5,25575.25,25577.5,32,0,25527.64578
10/22/2025 2:20,25577,25578.5,25577,25577.25,21,0,25527.68057
10/22/2025 2:21,25577.5,25578.75,25573.5,25578.75,48,0,25527.75899
10/22/2025 2:22,25579,25581.5,25578.25,25578.25,40,0,25527.82724
10/22/2025 2:23,25577.25,25580,25575.75,25578,88,0,25527.97264
10/22/2025 2:24,25577.25,25578.25,25575.25,25577.25,37,0,25528.0323
10/22/2025 2:25,25577.25,25578.5,25576,25576,30,0,25528.08049
10/22/2025 2:26,25575.25,25587,25573,25582.75,218,0,25528.45689
10/22/2025 2:27,25582.75,25584.5,25576.25,25582.5,232,0,25528.85287
10/22/2025 2:28,25583.5,25585.25,25581,25584,37,0,25528.91827
10/22/2025 2:29,25583,25583.25,25580,25580.25,21,0,25528.95379
10/22/2025 2:30,25579.5,25579.5,25573.5,25573.5,196,0,25529.24726
10/22/2025 2:31,25574,25575,25566.5,25567.75,193,0,25529.49716
10/22/2025 2:32,25567.75,25573.5,25563.25,25571.75,129,0,25529.66146
10/22/2025 2:33,25570.5,25570.5,25563.75,25564.75,41,0,25529.70927
10/22/2025 2:34,25565.25,25568.75,25563.75,25568.75,46,0,25529.76385
10/22/2025 2:35,25568.75,25571.75,25566.75,25569,118,0,25529.91092
10/22/2025 2:36,25569.5,25573.75,25568,25573.75,105,0,25530.0497
10/22/2025 2:37,25574,25580.25,25573.75,25578,69,0,25530.15233
10/22/2025 2:38,25578.25,25578.25,25575.5,25578,28,0,25530.19378
10/22/2025 2:39,25579.25,25583.5,25579,25582.5,61,0,25530.29228
10/22/2025 2:40,25583.5,25585,25581.5,25583.25,46,0,25530.36859
10/22/2025 2:41,25583,25586.75,25583,25584.75,79,0,25530.50304
10/22/2025 2:42,25584.75,25585.5,25583.75,25583.75,13,0,25530.5249
10/22/2025 2:43,25584.5,25593.75,25584.5,25590.75,127,0,25530.75858
10/22/2025 2:44,25591.25,25593.25,25590.5,25591.5,69,0,25530.88924
10/22/2025 2:45,25591,25591.75,25588,25590,49,0,25530.97889
10/22/2025 2:46,25590,25590.5,25585.5,25586.5,66,0,25531.09429
10/22/2025 2:47,25585.75,25594.5,25584.5,25593.5,227,0,25531.51087
10/22/2025 2:48,25593.5,25594.75,25584.5,25584.5,71,0,25531.63362
10/22/2025 2:49,25583.75,25585.75,25580.5,25582.75,96,0,25531.78433
10/22/2025 2:50,25583.25,25585,25582.25,25584.25,32,0,25531.83519
10/22/2025 2:51,25585.5,25589.25,25584.25,25586.5,60,0,25531.93545
10/22/2025 2:52,25587,25587,25579.75,25581.75,88,0,25532.07159
10/22/2025 2:53,25582,25584.5,25581.5,25583.75,29,0,25532.11666
10/22/2025 2:54,25583,25583,25579.5,25580.5,21,0,25532.14782
10/22/2025 2:55,25579.75,25584,25579.75,25582.75,50,0,25532.2236
10/22/2025 2:56,25583.5,25586.5,25582,25582,45,0,25532.29343
10/22/2025 2:57,25582.25,25582.75,25579.75,25582.25,29,0,25532.33665
10/22/2025 2:58,25582.25,25583.5,25578.5,25579.75,26,0,25532.37455
10/22/2025 2:59,25579.25,25579.25,25574.75,25576.75,54,0,25532.4471
10/22/2025 3:00,25577,25578.5,25574,25574.5,82,0,25532.55373
10/22/2025 3:01,25575,25577.5,25562.5,25566,358,0,25532.93857
10/22/2025 3:02,25566.25,25568.25,25561.25,25562,166,0,25533.09048
10/22/2025 3:03,25561.75,25562.5,25553.75,25554,167,0,25533.20694
10/22/2025 3:04,25554.25,25555,25546.75,25548.25,269,0,25533.33904
10/22/2025 3:05,25547.75,25549.25,25541.5,25548.75,250,0,25533.43456
10/22/2025 3:06,25548.25,25548.25,25540.5,25541.5,204,0,25533.49333
10/22/2025 3:07,25541,25541.75,25537,25538.25,217,0,25533.5276
10/22/2025 3:08,25537.75,25544,25534,25544,224,0,25533.57317
10/22/2025 3:09,25544.5,25546,25539.5,25545.25,116,0,25533.60616
10/22/2025 3:10,25544.75,25547.25,25542.75,25544.75,118,0,25533.64394
10/22/2025 3:11,25546,25550.75,25544,25550,137,0,25533.70036
10/22/2025 3:12,25549.5,25551,25544.75,25546,84,0,25533.73238
10/22/2025 3:13,25545.5,25545.5,25533.5,25534.25,176,0,25533.75218
10/22/2025 3:14,25535.25,25537.5,25532.25,25535.5,152,0,25533.75782
10/22/2025 3:15,25534.75,25537.25,25533.25,25536.25,82,0,25533.76198
10/22/2025 3:16,25535.75,25540.25,25531.75,25533.75,136,0,25533.76759
10/22/2025 3:17,25534,25540.5,25526.5,25540.25,319,0,25533.78496
10/22/2025 3:18,25540.75,25544,25538,25539.25,139,0,25533.81018
10/22/2025 3:19,25538.5,25538.5,25533.5,25537.25,90,0,25533.81658
10/22/2025 3:20,25538.25,25547.5,25538.25,25546.25,154,0,25533.8592
10/22/2025 3:21,25544.5,25548,25543.5,25547.5,76,0,25533.88492
10/22/2025 3:22,25547.5,25550,25539,25539.75,142,0,25533.91957
10/22/2025 3:23,25540.75,25547,25540.75,25545.5,66,0,25533.93825
10/22/2025 3:24,25545.5,25547.75,25542.25,25547.25,35,0,25533.94939
10/22/2025 3:25,25546.75,25549.5,25545,25549.5,54,0,25533.96981
10/22/2025 3:26,25549.5,25557.5,25549.25,25555,163,0,25534.0569
10/22/2025 3:27,25554.5,25557.5,25552.25,25554,72,0,25534.09642
10/22/2025 3:28,25554.25,25555,25552,25554,54,0,25534.12463
10/22/2025 3:29,25553.5,25556.75,25552.5,25555,71,0,25534.16365
10/22/2025 3:30,25556.25,25559.25,25555.75,25558.75,98,0,25534.22552
10/22/2025 3:31,25559.25,25560,25557.25,25559.25,79,0,25534.27708
10/22/2025 3:32,25559.75,25560.75,25557,25559,72,0,25534.32404
10/22/2025 3:33,25558.5,25561,25558.5,25559.5,29,0,25534.34348
10/22/2025 3:34,25559.5,25560.25,25553.75,25554,100,0,25534.40062
10/22/2025 3:35,25554,25556.5,25551.5,25553.25,114,0,25534.45864
10/22/2025 3:36,25553.25,25556.5,25553,25553,38,0,25534.47832
10/22/2025 3:37,25553.25,25555.75,25553.25,25555.75,29,0,25534.49388
10/22/2025 3:38,25556.75,25560.25,25556.75,25558.25,47,0,25534.52336
10/22/2025 3:39,25558.25,25560.5,25556.25,25557.25,60,0,25534.56024
10/22/2025 3:40,25558,25559.25,25557.75,25558.5,44,0,25534.58779
10/22/2025 3:41,25557.5,25562.75,25555.75,25556.25,105,0,25534.65259
10/22/2025 3:42,25557,25561,25555.75,25561,71,0,25534.69806
10/22/2025 3:43,25560.75,25560.75,25556.25,25557,58,0,25534.73319
10/22/2025 3:44,25556.75,25557,25549.75,25553,121,0,25534.79124
10/22/2025 3:45,25553.5,25556.5,25551,25552.25,59,0,25534.81942
10/22/2025 3:46,25552.25,25554.75,25551.25,25554,82,0,25534.85862
10/22/2025 3:47,25554.25,25557.25,25549.75,25551,116,0,25534.91179
10/22/2025 3:48,25550.75,25552.5,25549.75,25552.5,38,0,25534.92808
10/22/2025 3:49,25552.5,25553.75,25551,25552.25,56,0,25534.95311
10/22/2025 3:50,25551.5,25553.5,25550.75,25553.25,50,0,25534.97561
10/22/2025 3:51,25553.75,25556.25,25552.75,25553.25,64,0,25535.00692
10/22/2025 3:52,25552.75,25556,25552,25555.75,60,0,25535.03695
10/22/2025 3:53,25555.25,25560.5,25553.25,25554.75,94,0,25535.0876
10/22/2025 3:54,25554,25558,25553.75,25556.5,52,0,25535.11541
10/22/2025 3:55,25555.75,25559.75,25555.5,25555.5,62,0,25535.14978
10/22/2025 3:56,25555.5,25555.75,25553,25553.5,71,0,25535.1839
10/22/2025 3:57,25553,25557,25552.75,25555.75,54,0,25535.21125
10/22/2025 3:58,25554.25,25556.75,25552.75,25553.75,70,0,25535.24527
10/22/2025 3:59,25553.25,25555.5,25552.75,25555.5,23,0,25535.25652
10/22/2025 4:00,25555.75,25556,25553,25554.25,45,0,25535.2783
10/22/2025 4:01,25554,25555.5,25549,25553.25,147,0,25535.34232
10/22/2025 4:02,25553.75,25553.75,25544.75,25544.75,118,0,25535.37906
10/22/2025 4:03,25545.5,25550.5,25542.25,25548.25,135,0,25535.41829
10/22/2025 4:04,25549.75,25554,25547,25549.75,64,0,25535.44199
10/22/2025 4:05,25550.5,25550.5,25545.5,25547.75,57,0,25535.45972
10/22/2025 4:06,25547.25,25548.5,25541,25547.75,118,0,25535.4899
10/22/2025 4:07,25549,25549.75,25545.75,25549.25,70,0,25535.51207
10/22/2025 4:08,25549.25,25549.75,25545.75,25545.75,67,0,25535.53128
10/22/2025 4:09,25545.5,25546.25,25538.25,25539,96,0,25535.54465
10/22/2025 4:10,25539,25540.75,25535.75,25537.75,64,0,25535.54866
10/22/2025 4:11,25537.5,25537.75,25535.25,25535.75,61,0,25535.54971
10/22/2025 4:12,25535.25,25535.75,25530.5,25534,94,0,25535.54478
10/22/2025 4:13,25535,25535,25522.5,25522.5,190,0,25535.50351
10/22/2025 4:14,25523.5,25525.25,25519.25,25523.5,130,0,25535.4628
10/22/2025 4:15,25524,25525.75,25522.5,25524,54,0,25535.44784
10/22/2025 4:16,25525.5,25525.75,25515.75,25515.75,170,0,25535.38035
10/22/2025 4:17,25516,25521.5,25511.75,25521.5,222,0,25535.28859
10/22/2025 4:18,25520.75,25525,25519.5,25522.75,103,0,25535.25668
10/22/2025 4:19,25521,25523.5,25518,25523.25,68,0,25535.23434
10/22/2025 4:20,25522.5,25523.75,25519.75,25522,72,0,25535.21119
10/22/2025 4:21,25521.25,25521.25,25512.25,25512.5,143,0,25535.14324
10/22/2025 4:22,25513.5,25520.5,25512.5,25519.75,101,0,25535.10095
10/22/2025 4:23,25519.5,25519.5,25515.5,25517.75,73,0,25535.0705
10/22/2025 4:24,25517.25,25524,25515.5,25522.25,113,0,25535.03163
10/22/2025 4:25,25520.75,25524.75,25519.25,25524.5,59,0,25535.01457
10/22/2025 4:26,25523,25524,25521.75,25522.75,27,0,25535.00678
10/22/2025 4:27,25521.5,25523,25517.25,25520,64,0,25534.98418
10/22/2025 4:28,25520.25,25525,25520.25,25523.75,36,0,25534.97398
10/22/2025 4:29,25522.75,25525.75,25521.75,25523.75,89,0,25534.95042
10/22/2025 4:30,25524.25,25524.5,25522.5,25523.5,33,0,25534.94151
10/22/2025 4:31,25524.25,25529.5,25523.5,25528.25,111,0,25534.92101
10/22/2025 4:32,25528.25,25532,25526.25,25529.5,164,0,25534.89923
10/22/2025 4:33,25529.25,25530,25524.5,25529,78,0,25534.88634
10/22/2025 4:34,25529,25530.25,25521.75,25521.75,101,0,25534.86207
10/22/2025 4:35,25521,25525,25517.75,25524.75,76,0,25534.8402
10/22/2025 4:36,25524,25529.25,25524,25527.75,96,0,25534.82272
10/22/2025 4:37,25528,25529.5,25526.5,25527.25,42,0,25534.81583
10/22/2025 4:38,25526.75,25529.5,25525.5,25526.5,58,0,25534.80555
10/22/2025 4:39,25525.5,25528.75,25525.25,25527.25,29,0,25534.80036
10/22/2025 4:40,25527,25529,25522.25,25522.25,89,0,25534.77917
10/22/2025 4:41,25522.25,25523.25,25520.75,25521.5,26,0,25534.7714
10/22/2025 4:42,25521.75,25521.75,25517.75,25520,30,0,25534.76106
10/22/2025 4:43,25519.25,25520,25514.5,25519,69,0,25534.73414
10/22/2025 4:44,25518.5,25519.5,25511.5,25516.25,88,0,25534.69572
10/22/2025 4:45,25516,25519.75,25515.5,25517.25,62,0,25534.67124
10/22/2025 4:46,25516.5,25524.5,25515.75,25524.25,66,0,25534.6513
10/22/2025 4:47,25525,25525,25521,25521.25,29,0,25534.64317
10/22/2025 4:48,25521,25522.25,25517.25,25521.5,38,0,25534.63072
10/22/2025 4:49,25521.5,25521.5,25516.5,25519.75,45,0,25534.61489
10/22/2025 4:50,25520.25,25524.25,25519.25,25523.25,37,0,25534.60444
10/22/2025 4:51,25522.25,25523.25,25520.25,25521.5,36,0,25534.5938
10/22/2025 4:52,25521.5,25521.75,25519.75,25520.5,26,0,25534.58554
10/22/2025 4:53,25519.5,25519.5,25515,25516,50,0,25534.56531
10/22/2025 4:54,25516.75,25517.75,25507.5,25509.25,107,0,25534.50919
10/22/2025 4:55,25508.5,25516.25,25507.75,25515.5,84,0,25534.46851
10/22/2025 4:56,25516,25521.5,25515,25520.75,78,0,25534.44132
10/22/2025 4:57,25520.25,25524.5,25520.25,25524.5,60,0,25534.4259
10/22/2025 4:58,25524.75,25526,25520.5,25526,70,0,25534.40968
10/22/2025 4:59,25526.5,25530.75,25525.5,25529,136,0,25534.39133
10/22/2025 5:00,25528.25,25528.25,25522.75,25523.75,98,0,25534.37046
10/22/2025 5:01,25523.25,25523.75,25517.5,25518.75,75,0,25534.34629
10/22/2025 5:02,25517.75,25522.75,25516,25516,71,0,25534.32069
10/22/2025 5:03,25515.5,25515.75,25509.75,25509.75,122,0,25534.25919
10/22/2025 5:04,25510.5,25514.5,25510,25512,43,0,25534.23799
10/22/2025 5:05,25511.5,25515,25511,25514.75,48,0,25534.21589
10/22/2025 5:06,25514.5,25514.5,25502.25,25503.5,140,0,25534.13045
10/22/2025 5:07,25502.5,25507,25502.5,25506.5,80,0,25534.07935
10/22/2025 5:08,25506,25509.75,25506,25509.75,55,0,25534.04818
10/22/2025 5:09,25508.5,25510.25,25506.5,25509,28,0,25534.0324
10/22/2025 5:10,25508.5,25510.5,25506.75,25508.75,62,0,25533.99763
10/22/2025 5:11,25508.25,25509.25,25505.5,25505.5,95,0,25533.94052
10/22/2025 5:12,25506.25,25506.25,25503.25,25504.5,85,0,25533.88572
10/22/2025 5:13,25503.75,25504,25496.25,25498.25,252,0,25533.69595
10/22/2025 5:14,25498.5,25501.75,25494,25501.5,173,0,25533.5653
10/22/2025 5:15,25502,25504.5,25498.5,25503,115,0,25533.4863
10/22/2025 5:16,25503.25,25503.25,25496.5,25498.25,113,0,25533.40252
10/22/2025 5:17,25498.75,25499.5,25494,25497.5,123,0,25533.30557
10/22/2025 5:18,25496.5,25496.75,25491.5,25491.5,79,0,25533.23717
10/22/2025 5:19,25491.5,25495.75,25488,25494,148,0,25533.10753
10/22/2025 5:20,25494.25,25496.75,25493,25496.25,43,0,25533.07257
10/22/2025 5:21,25495.5,25501.5,25495.5,25501.5,94,0,25533.00477
10/22/2025 5:22,25501,25507.5,25499.5,25504.75,120,0,25532.92998
10/22/2025 5:23,25504.5,25509.25,25504.5,25507,88,0,25532.88102
10/22/2025 5:24,25507.5,25512,25507.5,25511,73,0,25532.84561
10/22/2025 5:25,25511,25513,25509.75,25510.75,122,0,25532.78928
10/22/2025 5:26,25511.25,25513.25,25511,25512,57,0,25532.76417
10/22/2025 5:27,25512.75,25513.5,25509.25,25511.5,84,0,25532.7261
10/22/2025 5:28,25511.5,25514.25,25507.5,25511.25,139,0,25532.66216
10/22/2025 5:29,25512.25,25514,25509.75,25513.5,100,0,25532.61938
10/22/2025 5:30,25513.5,25518.75,25508.25,25514.25,203,0,25532.5388
10/22/2025 5:31,25514.25,25514.25,25502.25,25511.5,271,0,25532.40726
10/22/2025 5:32,25512.25,25513,25508,25509.25,88,0,25532.36624
10/22/2025 5:33,25510.25,25514.5,25508.75,25513.5,107,0,25532.3214
10/22/2025 5:34,25514.25,25515.5,25512.5,25514.25,53,0,25532.30128
10/22/2025 5:35,25513.25,25516.5,25511.5,25515.75,48,0,25532.2836
10/22/2025 5:36,25515.5,25518.5,25514.75,25515.25,97,0,25532.25117
10/22/2025 5:37,25516.5,25519.5,25516,25518.75,78,0,25532.22827
10/22/2025 5:38,25518.25,25524.5,25518.25,25523,103,0,25532.20632
10/22/2025 5:39,25523.5,25523.5,25517.75,25520,94,0,25532.18346
10/22/2025 5:40,25520,25520,25515.25,25516.5,47,0,25532.16899
10/22/2025 5:41,25516.5,25519.5,25515.25,25519.5,54,0,25532.15334
10/22/2025 5:42,25519,25522,25519,25521,52,0,25532.14105
10/22/2025 5:43,25521.25,25521.25,25518,25518,20,0,25532.13568
10/22/2025 5:44,25518.25,25519,25509.75,25512.75,107,0,25532.09552
10/22/2025 5:45,25514.25,25515.25,25509.25,25509.25,53,0,25532.07288
10/22/2025 5:46,25510,25512.75,25507,25507.75,50,0,25532.04944
10/22/2025 5:47,25508.75,25509.75,25504.75,25506.25,47,0,25532.02528
10/22/2025 5:48,25505.75,25507.5,25503,25503.75,82,0,25531.97963
10/22/2025 5:49,25503.75,25507.25,25503.75,25506.25,43,0,25531.95662
10/22/2025 5:50,25507.25,25508,25503,25506.25,77,0,25531.91553
10/22/2025 5:51,25506.5,25511.5,25506.5,25510.5,52,0,25531.89182
10/22/2025 5:52,25510.75,25511.5,25509.25,25510,30,0,25531.87862
10/22/2025 5:53,25511.25,25518,25511.25,25513.25,66,0,25531.85488
10/22/2025 5:54,25513.5,25515.25,25512.25,25515.25,24,0,25531.84631
10/22/2025 5:55,25515.5,25516.25,25513.75,25516.25,12,0,25531.84231
10/22/2025 5:56,25517,25526.5,25516.25,25525.5,101,0,25531.82372
10/22/2025 5:57,25526,25527.5,25518.25,25520,221,0,25531.77958
10/22/2025 5:58,25520.5,25528.75,25520.5,25528,74,0,25531.7706
10/22/2025 5:59,25528.75,25530,25526.75,25528.25,175,0,25531.75854
10/22/2025 6:00,25528.25,25530.5,25526.5,25528,144,0,25531.74868
10/22/2025 6:01,25528.5,25530,25522.25,25527,123,0,25531.73559
10/22/2025 6:02,25527.25,25527.5,25521.75,25522,65,0,25531.72525
10/22/2025 6:03,25521.5,25526,25520.5,25525,49,0,25531.71756
10/22/2025 6:04,25524.75,25529.25,25522.25,25529,77,0,25531.71008
10/22/2025 6:05,25528.75,25529.25,25524.5,25526.5,73,0,25531.7029
10/22/2025 6:06,25526.5,25527.75,25525.5,25526,31,0,25531.69965
10/22/2025 6:07,25526,25527.25,25524.25,25525,54,0,25531.69301
10/22/2025 6:08,25524.5,25527,25523.75,25525,127,0,25531.67684
10/22/2025 6:09,25525.5,25525.5,25520,25523.25,61,0,25531.6663
10/22/2025 6:10,25524,25525.25,25523.5,25525.25,11,0,25531.66478
10/22/2025 6:11,25527,25528.5,25524,25526.75,33,0,25531.66136
10/22/2025 6:12,25527.5,25529,25526.25,25529,44,0,25531.65826
10/22/2025 6:13,25528.75,25530.5,25528.25,25529.25,14,0,25531.65762
10/22/2025 6:14,25529.25,25529.25,25526.75,25527.75,36,0,25531.65497
10/22/2025 6:15,25528,25528,25526,25527.5,44,0,25531.65108
10/22/2025 6:16,25527.5,25531.5,25526.5,25531,84,0,25531.64781
10/22/2025 6:17,25531.25,25535.5,25529.75,25535,262,0,25531.65686
10/22/2025 6:18,25534.75,25539.5,25534.75,25537.5,120,0,25531.66994
10/22/2025 6:19,25537,25540.5,25534.75,25538.25,104,0,25531.68241
10/22/2025 6:20,25537.75,25538.75,25532.75,25533,50,0,25531.68547
10/22/2025 6:21,25534,25541.5,25533.5,25541,70,0,25531.69495
10/22/2025 6:22,25539.75,25542.75,25538.5,25538.5,85,0,25531.70849
10/22/2025 6:23,25538.25,25541,25538.25,25540.75,34,0,25531.71395
10/22/2025 6:24,25540.75,25545.75,25540.75,25544.25,97,0,25531.7362
10/22/2025 6:25,25544.75,25545,25539.75,25543.25,68,0,25531.75054
10/22/2025 6:26,25543.75,25545.5,25542.25,25543.75,67,0,25531.76614
10/22/2025 6:27,25543.25,25543.75,25541,25542,22,0,25531.77058
10/22/2025 6:28,25541,25542.75,25540,25541.25,22,0,25531.77463
10/22/2025 6:29,25541,25542.5,25538.5,25538.75,64,0,25531.78466
10/22/2025 6:30,25539,25543.25,25539,25542.25,41,0,25531.79231
10/22/2025 6:31,25541.75,25545.25,25540.75,25545.25,74,0,25531.80929
10/22/2025 6:32,25545.5,25546.25,25541.25,25544.25,58,0,25531.82275
10/22/2025 6:33,25544.5,25546,25541.25,25545.75,88,0,25531.84382
10/22/2025 6:34,25546,25546,25539,25545.75,296,0,25531.90994
10/22/2025 6:35,25546.25,25547,25543,25543.75,94,0,25531.93257
10/22/2025 6:36,25544.25,25545.25,25540.75,25545,65,0,25531.94704
10/22/2025 6:37,25545.25,25545.5,25543.5,25543.75,18,0,25531.95124
10/22/2025 6:38,25543.75,25543.75,25539,25540.5,52,0,25531.96024
10/22/2025 6:39,25541,25543.5,25541,25542.5,37,0,25531.9675
10/22/2025 6:40,25543.5,25547.5,25543.25,25546.25,49,0,25531.9802
10/22/2025 6:41,25545.75,25551.5,25545.75,25551.5,116,0,25532.01874
10/22/2025 6:42,25551.5,25554.75,25549.75,25552,271,0,25532.12127
10/22/2025 6:43,25552.25,25554.5,25551.75,25553.25,127,0,25532.17133
10/22/2025 6:44,25553.25,25559.25,25551.75,25557.5,208,0,25532.26447
10/22/2025 6:45,25557.5,25562,25556.5,25560.75,189,0,25532.36106
10/22/2025 6:46,25561.25,25561.5,25559,25560.5,112,0,25532.4192
10/22/2025 6:47,25560,25560,25554.25,25557,144,0,25532.48492
10/22/2025 6:48,25557,25560.5,25556.75,25559.5,83,0,25532.52546
10/22/2025 6:49,25559.25,25560.5,25556.5,25556.5,128,0,25532.58518
10/22/2025 6:50,25556.25,25559.5,25555.25,25557.75,65,0,25532.615
10/22/2025 6:51,25558.25,25559.25,25553.25,25553.75,135,0,25532.67154
10/22/2025 6:52,25553,25555.5,25552.5,25553.75,53,0,25532.6922
10/22/2025 6:53,25554,25554.75,25548,25549.75,82,0,25532.71945
10/22/2025 6:54,25549.75,25553.5,25549.5,25553,52,0,25532.7378
10/22/2025 6:55,25553,25554.5,25552,25553.5,27,0,25532.74798
10/22/2025 6:56,25553.75,25555,25549.5,25549.5,123,0,25532.7897
10/22/2025 6:57,25549.75,25552.5,25548,25552,61,0,25532.80977
10/22/2025 6:58,25551.75,25551.75,25544,25545.5,152,0,25532.84922
10/22/2025 6:59,25544.25,25547.25,25541.75,25541.75,141,0,25532.87667
10/22/2025 7:00,25542.25,25543.75,25540.5,25542.75,107,0,25532.89499
10/22/2025 7:01,25543,25547,25540,25543.75,191,0,25532.93182
10/22/2025 7:02,25543.25,25543.25,25535.5,25536,116,0,25532.94292
10/22/2025 7:03,25536,25536.75,25528.75,25530.75,354,0,25532.93748
10/22/2025 7:04,25530.5,25531.25,25522,25522,280,0,25532.89834
10/22/2025 7:05,25521.75,25524.75,25517.25,25521.75,284,0,25532.83975
10/22/2025 7:06,25522,25523.5,25518.25,25520.75,175,0,25532.80266
10/22/2025 7:07,25519.75,25520.25,25512.25,25514.5,140,0,25532.76041
10/22/2025 7:08,25516,25517,25506.75,25509,190,0,25532.68757
10/22/2025 7:09,25508.25,25512.25,25500.5,25501.75,249,0,25532.56636
10/22/2025 7:10,25501.75,25503.5,25493.25,25494.25,279,0,25532.39379
10/22/2025 7:11,25494.5,25496.5,25484,25495.25,607,0,25531.97097
10/22/2025 7:12,25496.25,25503,25494.5,25502.25,292,0,25531.8107
10/22/2025 7:13,25503,25504.75,25497.25,25501.5,189,0,25531.71185
10/22/2025 7:14,25501.75,25503.5,25499.25,25499.25,130,0,25531.64312
10/22/2025 7:15,25500,25509,25498,25506.75,139,0,25531.57922
10/22/2025 7:16,25505,25505,25486,25490.75,391,0,25531.33068
10/22/2025 7:17,25490,25498.75,25486.75,25497.5,218,0,25531.19505
10/22/2025 7:18,25497.25,25505.25,25496.25,25504.5,221,0,25531.08695
10/22/2025 7:19,25503,25512.25,25501,25512.25,159,0,25531.02695
10/22/2025 7:20,25511,25511.75,25504.75,25508.75,210,0,25530.94789
10/22/2025 7:21,25508.25,25514,25506,25513,170,0,25530.89158
10/22/2025 7:22,25513.75,25513.75,25509.75,25510.75,79,0,25530.86607
10/22/2025 7:23,25510.75,25515,25500.75,25513.5,248,0,25530.77959
10/22/2025 7:24,25512.5,25516,25508.25,25514.5,128,0,25530.74191
10/22/2025 7:25,25515,25517.5,25512.5,25516.75,64,0,25530.72594
10/22/2025 7:26,25517,25517.25,25513,25514,89,0,25530.70257
10/22/2025 7:27,25514,25514,25503.25,25507.25,104,0,25530.66411
10/22/2025 7:28,25507.25,25510.25,25504.5,25506.75,158,0,25530.60335
10/22/2025 7:29,25506.75,25508,25499.5,25500.5,163,0,25530.52901
10/22/2025 7:30,25500.25,25503.25,25492.5,25492.75,392,0,25530.31053
10/22/2025 7:31,25493.5,25503.75,25492.75,25502.5,150,0,25530.23616
10/22/2025 7:32,25500.75,25501,25481.5,25485.75,392,0,25529.97888
10/22/2025 7:33,25486.5,25490.5,25485.75,25489.5,188,0,25529.85413
10/22/2025 7:34,25490,25494.5,25488.25,25494.25,221,0,25529.72168
10/22/2025 7:35,25494.75,25495.5,25490.75,25492.75,85,0,25529.67189
10/22/2025 7:36,25492,25492,25485.25,25487.25,176,0,25529.55569
10/22/2025 7:37,25487,25488,25481.5,25484.75,223,0,25529.39731
10/22/2025 7:38,25483.5,25484.75,25478.5,25483,198,0,25529.24928
10/22/2025 7:39,25483.5,25484.75,25478.75,25481.25,89,0,25529.18234
10/22/2025 7:40,25481.75,25482.25,25473.25,25474.75,224,0,25528.99767
10/22/2025 7:41,25473.75,25476.75,25469,25476,288,0,25528.74937
10/22/2025 7:42,25475.25,25483.5,25467.5,25480,296,0,25528.51071
10/22/2025 7:43,25480.25,25481.25,25470.25,25471.25,121,0,25528.40861
10/22/2025 7:44,25470.75,25471.5,25464,25465.75,181,0,25528.23648
10/22/2025 7:45,25466.75,25475,25466.5,25472.5,106,0,25528.14309
10/22/2025 7:46,25472.25,25478.75,25469.5,25477.25,126,0,25528.03995
10/22/2025 7:47,25476.5,25477.75,25473.25,25476.5,108,0,25527.95297
10/22/2025 7:48,25474.5,25474.5,25463.5,25464.75,159,0,25527.80526
10/22/2025 7:49,25464.25,25469.5,25463,25467.75,244,0,25527.57687
10/22/2025 7:50,25467.25,25473.5,25465.25,25473,231,0,25527.37575
10/22/2025 7:51,25472.75,25477.75,25470,25474.25,202,0,25527.21154
10/22/2025 7:52,25473.25,25481.75,25471.5,25476.5,167,0,25527.0831
10/22/2025 7:53,25474.75,25486.5,25473,25485.25,142,0,25526.98516
10/22/2025 7:54,25485.75,25490.5,25484.75,25489,191,0,25526.87286
10/22/2025 7:55,25490.5,25493.75,25489.25,25492.5,151,0,25526.79307
10/22/2025 7:56,25492.75,25497.25,25491,25496,226,0,25526.68423
10/22/2025 7:57,25495.75,25496,25490.25,25493,142,0,25526.61268
10/22/2025 7:58,25493.25,25493.75,25481,25482.5,199,0,25526.49109
10/22/2025 7:59,25482.25,25486,25476.25,25480.75,147,0,25526.39132
10/22/2025 8:00,25480,25483.25,25478.5,25481.5,65,0,25526.34742
10/22/2025 8:01,25481.25,25487,25478.5,25481.75,182,0,25526.22857
10/22/2025 8:02,25482,25508.75,25474.75,25499,848,0,25525.82945
10/22/2025 8:03,25497,25500,25484.5,25498.75,435,0,25525.63013
10/22/2025 8:04,25499.25,25500.5,25485,25491.75,213,0,25525.52726
10/22/2025 8:05,25491.25,25496,25491.25,25495.5,129,0,25525.4687
10/22/2025 8:06,25493.75,25497,25489.75,25493.75,163,0,25525.39325
10/22/2025 8:07,25493.5,25498.75,25492.25,25498,125,0,25525.34074
10/22/2025 8:08,25498.25,25505.5,25496.25,25504.75,138,0,25525.29461
10/22/2025 8:09,25505,25508.25,25501.75,25504.5,199,0,25525.23604
10/22/2025 8:10,25504.5,25506.5,25501.5,25502.25,69,0,25525.21441
10/22/2025 8:11,25502.5,25504,25500.25,25502,92,0,25525.18387
10/22/2025 8:12,25502.75,25506,25502.5,25505.75,91,0,25525.15722
10/22/2025 8:13,25506,25507.75,25504.25,25505,80,0,25525.1349
10/22/2025 8:14,25506,25509.25,25506,25509.25,94,0,25525.1121
10/22/2025 8:15,25508.75,25513.25,25503,25508,233,0,25525.05556
10/22/2025 8:16,25508.5,25512.75,25506.5,25509.25,242,0,25525.00211
10/22/2025 8:17,25510,25516.5,25509,25511.75,208,0,25524.96505
10/22/2025 8:18,25512.5,25512.5,25504.75,25509.25,150,0,25524.93086
10/22/2025 8:19,25508.75,25519.75,25508.75,25516.5,212,0,25524.90121
10/22/2025 8:20,25516.25,25518.5,25515,25516.25,109,0,25524.88846
10/22/2025 8:21,25516.5,25516.75,25514.5,25516,69,0,25524.8796
10/22/2025 8:22,25515,25519.5,25513.75,25517.5,112,0,25524.86708
10/22/2025 8:23,25518.25,25519,25514.5,25514.75,43,0,25524.86179
10/22/2025 8:24,25515,25515,25508.5,25509,95,0,25524.84313
10/22/2025 8:25,25509,25513,25508,25511.5,104,0,25524.82276
10/22/2025 8:26,25510.5,25510.5,25504,25505.5,139,0,25524.78754
10/22/2025 8:27,25505.5,25512.5,25505.5,25510,82,0,25524.76988
10/22/2025 8:28,25510.75,25511.5,25509,25510,45,0,25524.76073
10/22/2025 8:29,25509,25511.5,25508.75,25510.75,13,0,25524.75812
10/22/2025 8:30,25511,25511.5,25509,25510,55,0,25524.74695
10/22/2025 8:31,25510.5,25511.5,25499.25,25501.25,249,0,25524.67531
10/22/2025 8:32,25501.25,25510.5,25501.25,25509.25,164,0,25524.6352
10/22/2025 8:33,25509.75,25521.25,25509.5,25519.5,356,0,25524.59655
10/22/2025 8:34,25519.5,25519.5,25507.5,25510.75,159,0,25524.57031
10/22/2025 8:35,25511,25513.5,25510.25,25513.5,51,0,25524.5618
10/22/2025 8:36,25514,25516.5,25513.25,25514.5,74,0,25524.55184
10/22/2025 8:37,25514,25515.25,25505.5,25505.75,148,0,25524.52
10/22/2025 8:38,25505.75,25508.25,25504.5,25505.75,67,0,25524.50318
10/22/2025 8:39,25506,25509.5,25502.5,25503.25,118,0,25524.4719
10/22/2025 8:40,25502.75,25504.5,25500.75,25502,131,0,25524.43252
10/22/2025 8:41,25502.25,25507.75,25501,25505.75,209,0,25524.37685
10/22/2025 8:42,25505.75,25509.5,25505,25508.5,130,0,25524.34739
10/22/2025 8:43,25508.25,25514,25506.5,25513.75,208,0,25524.311
10/22/2025 8:44,25514.5,25516.75,25511.75,25514.75,166,0,25524.28883
10/22/2025 8:45,25514.5,25519.75,25514.25,25518.5,112,0,25524.27859
10/22/2025 8:46,25519.25,25522,25514.25,25515.25,284,0,25524.25147
10/22/2025 8:47,25515.25,25517.75,25513.75,25514.5,91,0,25524.24059
10/22/2025 8:48,25513.75,25516.25,25513.5,25516.25,44,0,25524.23534
10/22/2025 8:49,25516.5,25518,25514,25515.75,86,0,25524.22576
10/22/2025 8:50,25516.25,25518,25515,25515.25,76,0,25524.21749
10/22/2025 8:51,25515,25519.5,25514.75,25518,120,0,25524.20659
10/22/2025 8:52,25517.75,25520.5,25517.5,25519.25,86,0,25524.20071
10/22/2025 8:53,25520.25,25524,25519.25,25520,154,0,25524.19433
10/22/2025 8:54,25520.25,25521,25517.5,25520.75,71,0,25524.19013
10/22/2025 8:55,25521.25,25522.75,25520,25522.25,73,0,25524.18768
10/22/2025 8:56,25522,25524.75,25517.25,25518.25,180,0,25524.17789
10/22/2025 8:57,25518.5,25519.5,25516.25,25518.75,95,0,25524.17034
10/22/2025 8:58,25519,25519.75,25517.5,25518.25,87,0,25524.16382
10/22/2025 8:59,25518.75,25519,25516,25518.25,82,0,25524.15687
10/22/2025 9:00,25517.5,25518.25,25514.5,25517,122,0,25524.14469
10/22/2025 9:01,25517.25,25521.75,25516,25516.5,210,0,25524.12796
10/22/2025 9:02,25517,25517,25510,25510.25,187,0,25524.09923
10/22/2025 9:03,25510.75,25513.25,25509.25,25511.25,132,0,25524.07703
10/22/2025 9:04,25511,25512.25,25509.25,25512.25,159,0,25524.05038
10/22/2025 9:05,25512.25,25512.5,25510,25511.25,108,0,25524.03235
10/22/2025 9:06,25510.75,25510.75,25506.5,25508.25,152,0,25524.00161
10/22/2025 9:07,25507.5,25514.25,25507.25,25514,153,0,25523.97741
10/22/2025 9:08,25513.5,25516,25511,25513.25,245,0,25523.9439
10/22/2025 9:09,25513.5,25515.75,25512.25,25513,73,0,25523.93419
10/22/2025 9:10,25513.5,25516.5,25513,25515.25,80,0,25523.92486
10/22/2025 9:11,25515.5,25518.25,25514.25,25518.25,86,0,25523.91708
10/22/2025 9:12,25518.25,25520.5,25516.75,25518,115,0,25523.90892
10/22/2025 9:13,25518.5,25526.5,25518.5,25525.75,226,0,25523.90798
10/22/2025 9:14,25526,25532.25,25526,25528.5,399,0,25523.93354
10/22/2025 9:15,25528.5,25531.75,25528.5,25529.25,213,0,25523.94957
10/22/2025 9:16,25529.75,25531.5,25527.5,25529.75,235,0,25523.96641
10/22/2025 9:17,25529.75,25534,25528,25531.25,215,0,25523.98582
10/22/2025 9:18,25530.75,25531.5,25527,25527.75,140,0,25523.99426
10/22/2025 9:19,25528,25535,25528,25532.25,123,0,25524.00632
10/22/2025 9:20,25532.25,25534,25528.25,25532.75,155,0,25524.0213
10/22/2025 9:21,25532.5,25532.75,25528,25529.5,235,0,25524.03922
10/22/2025 9:22,25530,25530.75,25526,25527.75,180,0,25524.04855
10/22/2025 9:23,25527.25,25531.5,25525,25527.5,283,0,25524.06253
10/22/2025 9:24,25528,25530.5,25527.5,25527.5,95,0,25524.0678
10/22/2025 9:25,25527.5,25531,25527.5,25527.75,145,0,25524.07626
10/22/2025 9:26,25528.5,25529.75,25523.75,25525,450,0,25524.08793
10/22/2025 9:27,25525,25527,25522.75,25523.75,213,0,25524.08901
10/22/2025 9:28,25523,25524.75,25518,25521,391,0,25524.07535
10/22/2025 9:29,25520.75,25526.25,25520.75,25522.75,345,0,25524.07186
10/22/2025 9:30,25523,25524.25,25518.5,25521.5,367,0,25524.05997
10/22/2025 9:31,25522,25528,25470,25473,5120,25490.33333,25522.07703
10/22/2025 9:32,25473.25,25481.5,25468.25,25479.75,2878,25485.35555,25520.61895
10/22/2025 9:33,25479.75,25485.25,25466.25,25473,2463,25482.87813,25519.39881
10/22/2025 9:34,25474,25481.5,25449.75,25452.25,3113,25477.89892,25517.50136
10/22/2025 9:35,25452.5,25454.75,25435.75,25441,3479,25470.94917,25514.91298
10/22/2025 9:36,25441.25,25446.5,25428.75,25444.25,2914,25466.4081,25512.76659
10/22/2025 9:37,25444.75,25458.5,25438.5,25443.75,2437,25464.28791,25511.22897
10/22/2025 9:38,25443.5,25458.25,25434,25448,2237,25462.69576,25509.87593
10/22/2025 9:39,25448.25,25461.5,25447.25,25458.25,1639,25462.25738,25509.0551
10/22/2025 9:40,25458.25,25483,25456.5,25481.75,2668,25463.3166,25508.20583
10/22/2025 9:41,25482.25,25490.75,25479.5,25481,2731,25465.07813,25507.61811
10/22/2025 9:42,25481.5,25503.25,25481,25501.75,2246,25467.08117,25507.38002
10/22/2025 9:43,25501.25,25503,25480.5,25490.25,2136,25468.51276,25507.0881
10/22/2025 9:44,25489.25,25511,25488.75,25508.25,1765,25470.10642,25507.02296
10/22/2025 9:45,25508.25,25521,25504.25,25516,1930,25472.22515,25507.12962
10/22/2025 9:46,25516.5,25518,25509.25,25510.75,1327,25473.53143,25507.18934
10/22/2025 9:47,25510.5,25513.5,25498.5,25509.25,1960,25475.05924,25507.18767
10/22/2025 9:48,25509.25,25509.25,25497.5,25503.5,1336,25475.91292,25507.1478
10/22/2025 9:49,25503.25,25503.5,25492.75,25498,1392,25476.58717,25507.04902
10/22/2025 9:50,25497.75,25516.25,25494.5,25512.5,1488,25477.56837,25507.05709
10/22/2025 9:51,25511.75,25519.5,25504.5,25512.5,1648,25478.73421,25507.12143
10/22/2025 9:52,25512.75,25531,25510,25529.75,1948,25480.45216,25507.36287
10/22/2025 9:53,25529.75,25535,25525.25,25528,1406,25481.76947,25507.59389
10/22/2025 9:54,25528.25,25532.5,25524,25529,931,25482.58738,25507.7379
10/22/2025 9:55,25528.5,25545.75,25528.5,25536.75,1998,25484.55724,25508.16418
10/22/2025 9:56,25537,25539,25520.25,25525,1991,25486.07278,25508.4492
10/22/2025 9:57,25525.25,25528.75,25514.25,25515.75,1324,25486.83115,25508.55415
10/22/2025 9:58,25516,25526.75,25509,25524.5,1653,25487.74484,25508.68824
10/22/2025 9:59,25524.25,25528.25,25511.25,25517,1125,25488.31554,25508.76792
10/22/2025 10:00,25516.25,25516.75,25507.5,25514.5,1118,25488.75631,25508.80005
10/22/2025 10:01,25514.5,25528,25511.25,25525.5,1624,25489.58897,25508.94225
10/22/2025 10:02,25526.5,25537.25,25523,25528.75,1590,25490.56014,25509.16553
10/22/2025 10:03,25529,25534.25,25507.75,25510,1766,25491.26184,25509.26212
10/22/2025 10:04,25509.75,25518,25504.75,25517,1442,25491.72255,25509.30026
10/22/2025 10:05,25517.25,25517.75,25506,25506.75,759,25491.92373,25509.30459
10/22/2025 10:06,25507.25,25516.25,25499,25512.25,1626,25492.31747,25509.30313
10/22/2025 10:07,25512,25517.75,25503.5,25510.5,1110,25492.59783,25509.31234
10/22/2025 10:08,25510.75,25519.75,25510.75,25517.75,806,25492.85669,25509.34753
10/22/2025 10:09,25517.5,25525.75,25512.5,25524.25,1108,25493.27428,25509.42901
10/22/2025 10:10,25523.75,25526,25508.25,25510.5,981,25493.55656,25509.46326
10/22/2025 10:11,25509.75,25513.25,25496.5,25500.25,2294,25493.84593,25509.37508
10/22/2025 10:12,25500.25,25503.25,25494.5,25497,1124,25493.90888,25509.29721
10/22/2025 10:13,25497.25,25499.5,25485.25,25497.5,1731,25493.91264,25509.13498
10/22/2025 10:14,25497.25,25498.25,25474,25480.25,2441,25493.62533,25508.76507
10/22/2025 10:15,25480.25,25483.25,25466.25,25467.75,1939,25493.14005,25508.34229
10/22/2025 10:16,25467.5,25478.25,25446.5,25472,3018,25492.1924,25507.58196
10/22/2025 10:17,25472.25,25487.5,25470.25,25482,2617,25491.83693,25507.16186
10/22/2025 10:18,25481.5,25492.75,25479.25,25487.5,1532,25491.74797,25506.9798
10/22/2025 10:19,25487,25497.5,25483.25,25487.75,1476,25491.71244,25506.83267
10/22/2025 10:20,25488,25501.5,25487.75,25493.75,1389,25491.75086,25506.73443
10/22/2025 10:21,25494.5,25496.75,25482,25483.5,1393,25491.68807,25506.58336
10/22/2025 10:22,25483.75,25484.25,25472.75,25479,1749,25491.45548,25506.31192
10/22/2025 10:23,25478.75,25484.25,25468.5,25471.5,1635,25491.18112,25506.02763
10/22/2025 10:24,25471,25472.5,25448,25450.75,2367,25490.38921,25505.39759
10/22/2025 10:25,25450.75,25456,25444,25450.5,2175,25489.54877,25504.75194
10/22/2025 10:26,25451.25,25463.75,25448,25459.75,1803,25488.99743,25504.29524
10/22/2025 10:27,25458.5,25459.5,25432.25,25434,2483,25487.91879,25503.48151
10/22/2025 10:28,25433.5,25436.75,25401.75,25407.75,4518,25485.01734,25501.43965
10/22/2025 10:29,25406.75,25407.25,25392.5,25395.75,2315,25483.27892,25500.23105
10/22/2025 10:30,25395.75,25395.75,25370.75,25381.75,3432,25480.37093,25498.22118
10/22/2025 10:31,25381.75,25398.75,25358.75,25367.5,4318,25476.67067,25495.62477
10/22/2025 10:32,25367.5,25368.25,25349.75,25359,3688,25473.24414,25493.20943
10/22/2025 10:33,25358.75,25365.5,25345.25,25362.5,3082,25470.50039,25491.23732
10/22/2025 10:34,25362.75,25385.75,25353.5,25369.5,3262,25468.02515,25489.3912
10/22/2025 10:35,25369.5,25378.75,25365.5,25374,1871,25466.70339,25488.38471
10/22/2025 10:36,25375,25376.25,25343.25,25353.75,2285,25464.88816,25487.0224
10/22/2025 10:37,25354,25387.75,25349.75,25386,2848,25463.04938,25485.57861
10/22/2025 10:38,25386,25387.75,25367.25,25378.75,2050,25461.82077,25484.59336
10/22/2025 10:39,25379,25380.5,25355,25362,2003,25460.48608,25483.54088
10/22/2025 10:40,25361.75,25373.5,25347,25349.5,2058,25459.02374,25482.39603
10/22/2025 10:41,25350,25375.25,25341.5,25369.75,2642,25457.30344,25481.01924
10/22/2025 10:42,25370,25371.5,25354.25,25357.75,1313,25456.46229,25480.34101
10/22/2025 10:43,25357.5,25358,25333,25340,2278,25454.77563,25479.01221
10/22/2025 10:44,25339.5,25344.25,25327.75,25338,2255,25453.05286,25477.65531
10/22/2025 10:45,25338,25342.75,25328.5,25330.25,1625,25451.81275,25476.67409
10/22/2025 10:46,25330.75,25353.25,25323.75,25336.75,3219,25449.51327,25474.82383
10/22/2025 10:47,25336.5,25337,25307,25310.75,3006,25447.08431,25472.89813
10/22/2025 10:48,25310.5,25336.25,25307.5,25327.25,1848,25445.6961,25471.77825
10/22/2025 10:49,25327,25352,25316.25,25352,2051,25444.39392,25470.69047
10/22/2025 10:50,25352,25368.75,25346,25364.25,2549,25443.1152,25469.56234
10/22/2025 10:51,25365.25,25384.25,25365,25379.5,2919,25441.97921,25468.48904
10/22/2025 10:52,25379,25392.75,25368.25,25385.5,2814,25441.01537,25467.54236
10/22/2025 10:53,25386.25,25393.25,25382.5,25385.25,1623,25440.51798,25467.03611
10/22/2025 10:54,25385.5,25395.5,25371.25,25387,1697,25439.98456,25466.49776
10/22/2025 10:55,25387.5,25392.5,25383.25,25389.25,1210,25439.63571,25466.13556
10/22/2025 10:56,25389,25394.75,25368.25,25376.5,1455,25439.15395,25465.65733
10/22/2025 10:57,25376.5,25413,25375.25,25405.5,2553,25438.57918,25465.00504
10/22/2025 10:58,25405.5,25420,25402.75,25405.75,2000,25438.26509,25464.58947
10/22/2025 10:59,25406,25424.5,25406,25421,1701,25438.07304,25464.28941
10/22/2025 11:00,25420.5,25433,25420,25429.5,1696,25437.97794,25464.05877
10/22/2025 11:01,25430.25,25434.25,25418.25,25431.25,2566,25437.84286,25463.71917
10/22/2025 11:02,25431.25,25448.75,25430,25443,2497,25437.8782,25463.50955
10/22/2025 11:03,25442.75,25445.5,25425.25,25430.5,1539,25437.84565,25463.34428
10/22/2025 11:04,25431,25438.5,25424.75,25433.5,1246,25437.81015,25463.2051
10/22/2025 11:05,25433.75,25440,25428.5,25435,836,25437.79612,25463.11916
10/22/2025 11:06,25435.25,25440.5,25429.5,25436.25,790,25437.78663,25463.04099
10/22/2025 11:07,25435.75,25442.25,25428.5,25437.25,911,25437.77845,25462.9533
10/22/2025 11:08,25437.5,25441.25,25415.25,25416.5,1234,25437.69557,25462.78439
10/22/2025 11:09,25417.25,25430.5,25409.75,25424.75,1511,25437.57549,25462.56536
10/22/2025 11:10,25423.75,25424.25,25412.75,25417,868,25437.4916,25462.42941
10/22/2025 11:11,25417,25417,25402.5,25408.5,1375,25437.30175,25462.17405
10/22/2025 11:12,25408.5,25411.25,25398,25402.75,1348,25437.08308,25461.90105
10/22/2025 11:13,25402.25,25406,25377.25,25386.25,1991,25436.62921,25461.40496
10/22/2025 11:14,25386.75,25404.5,25378.75,25401,1487,25436.33091,25461.06403
10/22/2025 11:15,25400.75,25408.25,25390.5,25398.5,1235,25436.11186,25460.80185
10/22/2025 11:16,25397.75,25410.75,25392.75,25401,1292,25435.90021,25460.54058
10/22/2025 11:17,25401,25404.75,25379.5,25380.5,1177,25435.63624,25460.2516
10/22/2025 11:18,25381,25388.75,25372,25381.5,1289,25435.30526,25459.90506
10/22/2025 11:19,25381.25,25390.5,25380,25381.75,805,25435.11308,25459.69922
10/22/2025 11:20,25381,25385.5,25375.75,25377.25,845,25434.89492,25459.47132
10/22/2025 11:21,25376.75,25382,25364.5,25365.25,1619,25434.41516,25458.99
10/22/2025 11:22,25365.5,25365.75,25335.25,25336.75,2454,25433.42565,25458.06948
10/22/2025 11:23,25336,25336,25312.75,25316.5,2776,25432.0308,25456.82556
10/22/2025 11:24,25315.75,25319.5,25286.75,25300,3918,25429.7797,25454.85798
10/22/2025 11:25,25299.5,25317.5,25284.25,25315,2828,25428.24596,25453.50042
10/22/2025 11:26,25314.5,25323,25297,25310,1943,25427.25112,25452.60935
10/22/2025 11:27,25310.5,25328.25,25302.5,25312.75,1682,25426.43587,25451.87093
10/22/2025 11:28,25312,25313.75,25303.5,25306.5,888,25425.98517,25451.46573
10/22/2025 11:29,25305.75,25319.5,25298.5,25305.5,1260,25425.35106,25450.89435
10/22/2025 11:30,25304.75,25304.75,25280,25284.5,1868,25424.28065,25449.94954
10/22/2025 11:31,25284.5,25291.75,25259.75,25270.25,3230,25422.25591,25448.18284
10/22/2025 11:32,25268.75,25279,25259.75,25276,1657,25421.22222,25447.27825
10/22/2025 11:33,25275.5,25297.25,25273.5,25295.75,1750,25420.2699,25446.42572
10/22/2025 11:34,25296,25309.25,25293.25,25307,1644,25419.48386,25445.70523
10/22/2025 11:35,25306,25315.5,25285.75,25288.75,2073,25418.45307,25444.76603
10/22/2025 11:36,25288.25,25293.75,25265.5,25283.25,1875,25417.41623,25443.83694
10/22/2025 11:37,25283.5,25300.25,25269.75,25293.75,1886,25416.44224,25442.95311
10/22/2025 11:38,25293.75,25293.75,25271,25280,1480,25415.65095,25442.23849
10/22/2025 11:39,25280,25299.75,25280,25292.5,1037,25415.13955,25441.76988
10/22/2025 11:40,25291.75,25299.75,25280.75,25295,980,25414.66428,25441.33285
10/22/2025 11:41,25294,25320.25,25283.5,25305.25,1986,25413.79882,25440.52052
10/22/2025 11:42,25306.25,25324.5,25302,25312.5,1953,25413.03636,25439.78837
10/22/2025 11:43,25312,25321.75,25304.25,25320.25,946,25412.67999,25439.44344
10/22/2025 11:44,25321.25,25323.25,25304.5,25316.5,855,25412.35795,25439.13166
10/22/2025 11:45,25317.25,25330.5,25313.5,25317.75,1179,25411.94365,25438.72433
10/22/2025 11:46,25318,25344.5,25316.75,25342.75,2036,25411.34589,25438.11055
10/22/2025 11:47,25342.75,25354.25,25341.75,25353.25,1034,25411.10486,25437.84664
10/22/2025 11:48,25353.5,25361.75,25345.5,25350.25,1223,25410.83486,25437.54621
10/22/2025 11:49,25351.5,25359.5,25344,25355.25,949,25410.62855,25437.31567
10/22/2025 11:50,25355.5,25361.5,25354.25,25358.75,625,25410.50577,25437.17393
10/22/2025 11:51,25359,25371,25353.75,25365.25,1841,25410.18278,25436.78646
10/22/2025 11:52,25366,25380,25366,25377.75,1212,25410.02303,25436.57232
10/22/2025 11:53,25377.75,25382.5,25372.75,25373.75,1177,25409.87686,25436.3716
10/22/2025 11:54,25374.5,25382.25,25359,25367.25,2030,25409.57695,25435.98949
10/22/2025 11:55,25367.25,25375,25366.25,25373.25,906,25409.45114,25435.82544
10/22/2025 11:56,25374.25,25388.25,25372,25372.5,1430,25409.28581,25435.59254
10/22/2025 11:57,25373.5,25379.5,25368,25377,1010,25409.16003,25435.42142
10/22/2025 11:58,25376.25,25377.75,25349.75,25365,1690,25408.88683,25435.08719
10/22/2025 11:59,25365.25,25369.25,25357.75,25360.25,934,25408.73142,25434.89929
10/22/2025 12:00,25360.5,25362.5,25351.75,25357.25,1012,25408.54523,25434.68213
10/22/2025 12:01,25357.5,25366.5,25343,25345.5,1708,25408.20072,25434.29255
10/22/2025 12:02,25345.5,25353,25334.75,25342.5,1094,25407.95036,25434.0202
10/22/2025 12:03,25343.5,25343.5,25325,25326.25,1432,25407.56599,25433.61993
10/22/2025 12:04,25326.5,25330.75,25313.5,25326.75,1229,25407.20514,25433.25243
10/22/2025 12:05,25327.25,25337.25,25324.75,25330,893,25406.96669,25433.0039
10/22/2025 12:06,25329.75,25336.5,25320,25329.25,742,25406.7643,25432.79412
10/22/2025 12:07,25328.75,25353,25322,25343.25,1143,25406.4975,25432.50604
10/22/2025 12:08,25343.25,25347,25331.25,25339.75,943,25406.2787,25432.26949
10/22/2025 12:09,25339.5,25343,25331.75,25334.75,771,25406.09333,25432.0711
10/22/2025 12:10,25335.25,25338,25322.25,25329,864,25405.86674,25431.83413
10/22/2025 12:11,25328.25,25331.5,25314.25,25315.75,1040,25405.56284,25431.52462
10/22/2025 12:12,25315.75,25326.5,25301.75,25321.25,1515,25405.10336,25431.06069
10/22/2025 12:13,25321.25,25333,25318.25,25326,1070,25404.81527,25430.76155
10/22/2025 12:14,25326.25,25333,25321.5,25325.5,559,25404.66732,25430.6073
10/22/2025 12:15,25325,25332.25,25319.25,25321.75,668,25404.48619,25430.4196
10/22/2025 12:16,25322.75,25327,25318.25,25322.5,674,25404.30009,25430.22762
10/22/2025 12:17,25323,25345.5,25322.5,25344.5,1220,25404.02647,25429.92977
10/22/2025 12:18,25344.5,25346.75,25329.75,25332.75,979,25403.80497,25429.68935
10/22/2025 12:19,25332,25336,25319.5,25329.5,1029,25403.54597,25429.41619
10/22/2025 12:20,25329.5,25332.5,25322.5,25322.5,555,25403.4024,25429.26584
10/22/2025 12:21,25323,25325.25,25296.75,25298,1489,25402.92529,25428.79028
10/22/2025 12:22,25299.25,25301.25,25288,25291.25,1449,25402.40259,25428.28151
10/22/2025 12:23,25291.25,25295.75,25284.75,25290.5,966,25402.04685,25427.93653
10/22/2025 12:24,25289.75,25292.5,25276.5,25277,1095,25401.61643,25427.524
10/22/2025 12:25,25277,25283.75,25263.75,25279.25,1568,25400.97267,25426.91145
10/22/2025 12:26,25279.75,25307,25275.25,25306.5,1530,25400.45331,25426.39948
10/22/2025 12:27,25306,25306.5,25295.75,25298.5,959,25400.14279,25426.09041
10/22/2025 12:28,25299.25,25303.75,25284.25,25286.75,945,25399.8123,25425.76646
10/22/2025 12:29,25286.75,25292.5,25278.25,25292,766,25399.53603,25425.49722
10/22/2025 12:30,25292,25292.75,25283.5,25285.25,700,25399.28382,25425.25135
10/22/2025 12:31,25284.75,25309,25166.5,25193.5,8996,25394.34151,25420.73473
10/22/2025 12:32,25194.5,25223.5,25165.5,25180.25,5565,25390.85369,25417.58725
10/22/2025 12:33,25179.75,25180.25,25134.75,25137,5057,25387.1896,25414.32254
10/22/2025 12:34,25136.5,25222,25123.5,25214,5776,25383.75264,25411.18371
10/22/2025 12:35,25214.75,25259,25197.75,25256.5,4175,25381.9674,25409.47357
10/22/2025 12:36,25256.25,25268.5,25240.5,25259,2880,25380.91378,25408.43671
10/22/2025 12:37,25260.25,25265,25229.75,25258.75,2364,25380.02907,25407.56937
10/22/2025 12:38,25259,25271,25230.5,25241.5,2347,25379.13903,25406.69862
10/22/2025 12:39,25243.25,25258.75,25236.5,25241,1328,25378.63218,25406.2032
10/22/2025 12:40,25242.25,25273.25,25240.25,25253.5,1676,25378.04676,25405.62187
10/22/2025 12:41,25256.25,25262.5,25239,25245,1151,25377.62567,25405.20716
10/22/2025 12:42,25243.5,25278,25240.5,25270.75,1751,25377.06061,25404.63756
10/22/2025 12:43,25270.75,25276.5,25238.5,25240.5,1350,25376.58612,25404.16687
10/22/2025 12:44,25241,25243,25226.25,25233,1225,25376.09785,25403.69278
10/22/2025 12:45,25233,25255.5,25230.5,25246.75,893,25375.76934,25403.36946
10/22/2025 12:46,25247.75,25280.25,25243.75,25269,1952,25375.16572,25402.75588
10/22/2025 12:47,25269.25,25269.25,25247,25252.75,1403,25374.70486,25402.29292
10/22/2025 12:48,25253,25264,25242.5,25249.5,734,25374.4564,25402.04472
10/22/2025 12:49,25251,25252.5,25227,25228,885,25374.1188,25401.71442
10/22/2025 12:50,25228.5,25239.5,25218.25,25228,1302,25373.59921,25401.20974
10/22/2025 12:51,25228.5,25244,25208,25244,2412,25372.66884,25400.30088
10/22/2025 12:52,25242.5,25243.75,25211.5,25216.5,989,25372.26916,25399.91327
10/22/2025 12:53,25217.75,25251.5,25216.5,25251.25,1120,25371.86716,25399.51567
10/22/2025 12:54,25250.75,25257.25,25245,25253.5,949,25371.55963,25399.20586
10/22/2025 12:55,25255.25,25270.75,25253.25,25267.25,1143,25371.22775,25398.86428
10/22/2025 12:56,25266.5,25293,25254.25,25266.25,2431,25370.57688,25398.18305
10/22/2025 12:57,25267.25,25277,25249.5,25261.5,1811,25370.0565,25397.64661
10/22/2025 12:58,25262.5,25281.5,25259.25,25277.5,1078,25369.77798,25397.35302
10/22/2025 12:59,25277.5,25285.5,25269.5,25280.75,957,25369.54684,25397.10567
10/22/2025 13:00,25280.5,25281.25,25240.75,25249.25,1811,25369.00999,25396.55603
10/22/2025 13:01,25248,25256.5,25235.5,25247.75,1109,25368.65317,25396.19638
10/22/2025 13:02,25248.5,25267.75,25237.5,25238.25,745,25368.41707,25395.95776
10/22/2025 13:03,25239.25,25241.75,25225.5,25235.25,1091,25368.03398,25395.57759
10/22/2025 13:04,25234,25244.5,25229.5,25231,884,25367.7271,25395.27243
10/22/2025 13:05,25231.25,25232.5,25216.75,25225.5,1213,25367.27648,25394.82937
10/22/2025 13:06,25225,25227.25,25211.5,25221.75,825,25366.96146,25394.52095
10/22/2025 13:07,25221,25223,25208.5,25211.75,1160,25366.50352,25394.0749
10/22/2025 13:08,25212.25,25217.75,25207,25213.75,654,25366.24388,25393.82218
10/22/2025 13:09,25214.25,25233.25,25212.75,25219,1099,25365.83454,25393.41974
10/22/2025 13:10,25219.25,25243,25203.75,25240.75,1260,25365.39235,25392.9807
10/22/2025 13:11,25240.5,25246,25216.5,25235.75,947,25365.07058,25392.65945
10/22/2025 13:12,25235,25244.5,25231.75,25234.75,844,25364.79428,25392.38181
10/22/2025 13:13,25235,25246,25211.25,25217.75,1838,25364.14058,25391.73416
10/22/2025 13:14,25218.75,25219,25202.25,25203,1089,25363.7094,25391.31409
10/22/2025 13:15,25204.25,25209.25,25188.5,25190,1827,25362.93521,25390.56715
10/22/2025 13:16,25189.5,25198.5,25179.75,25181.25,1663,25362.19732,25389.85955
10/22/2025 13:17,25182,25184.75,25169.75,25180,2110,25361.22594,25388.93228
10/22/2025 13:18,25180,25197.5,25178,25192.75,1147,25360.73437,25388.45834
10/22/2025 13:19,25193,25194.25,25171.75,25177,1825,25359.91987,25387.67718
10/22/2025 13:20,25178,25184.5,25170.5,25176.5,786,25359.56387,25387.33635
10/22/2025 13:21,25176.25,25179,25156.5,25165.5,1361,25358.91655,25386.72037
10/22/2025 13:22,25165.25,25174.75,25160.25,25162.25,828,25358.5223,25386.34518
10/22/2025 13:23,25163,25170,25156,25165,657,25358.20725,25386.04557
10/22/2025 13:24,25166.25,25168.75,25154.5,25159.5,772,25357.83314,25385.69022
10/22/2025 13:25,25159.5,25160,25140,25144.75,1482,25357.07299,25384.97291
10/22/2025 13:26,25145.5,25149,25135,25141.25,1133,25356.47757,25384.41246
10/22/2025 13:27,25141.5,25148.5,25132.25,25135,1067,25355.91163,25383.88016
10/22/2025 13:28,25135.25,25167.5,25134.5,25163.75,1513,25355.1753,25383.18032
10/22/2025 13:29,25163,25163.5,25138.75,25139.25,1054,25354.64492,25382.67811
10/22/2025 13:30,25139.5,25172,25139.25,25165.75,1107,25354.12239,25382.17934
10/22/2025 13:31,25165.75,25166,25142.75,25146.5,1075,25353.59886,25381.68144
10/22/2025 13:32,25147,25159.5,25145.75,25154.5,733,25353.24609,25381.34538
10/22/2025 13:33,25154.25,25158.75,25147.25,25154.75,663,25352.9286,25381.04271
10/22/2025 13:34,25155,25177.25,25155,25169.5,1191,25352.39972,25380.53356
10/22/2025 13:35,25169.5,25180,25165.5,25177.25,1131,25351.91916,25380.0681
10/22/2025 13:36,25176.25,25184,25165.75,25171.5,1121,25351.44406,25379.6077
10/22/2025 13:37,25172.25,25175.5,25159.5,25160.25,833,25351.07552,25379.25257
10/22/2025 13:38,25160.75,25161,25133.75,25135.5,2220,25349.98682,25378.21666
10/22/2025 13:39,25135.5,25144,25132.5,25133.25,860,25349.55428,25377.80619
10/22/2025 13:40,25133.75,25134.25,25109.75,25112.25,1925,25348.51189,25376.8249
10/22/2025 13:41,25112.25,25119.75,25105.5,25114.75,1476,25347.70029,25376.06183
10/22/2025 13:42,25113.75,25116.5,25082.5,25090,1629,25346.74654,25375.17061
10/22/2025 13:43,25090.5,25092.5,25078.5,25080.75,1569,25345.78953,25374.27958
10/22/2025 13:44,25080.75,25096.5,25079,25086,1475,25344.90727,25373.45622
10/22/2025 13:45,25086.75,25093.5,25077,25086.25,915,25344.35965,25372.94501
10/22/2025 13:46,25087,25107.75,25083.25,25099,1566,25343.46766,25372.10787
10/22/2025 13:47,25098.75,25114.25,25091.5,25095.75,1264,25342.76348,25371.44521
10/22/2025 13:48,25095.75,25118.5,25094.5,25113.75,936,25342.26268,25370.97177
10/22/2025 13:49,25113.5,25129.5,25110.5,25124.75,1749,25341.38309,25370.1342
10/22/2025 13:50,25125.25,25126,25111.75,25124,938,25340.91212,25369.68553
10/22/2025 13:51,25123.5,25126.75,25100.75,25105,1510,25340.12478,25368.93849
10/22/2025 13:52,25105.5,25107.75,25091.5,25094,1014,25339.56908,25368.41394
10/22/2025 13:53,25093.75,25097.75,25088.25,25092,870,25339.08434,25367.95708
10/22/2025 13:54,25091.5,25092.75,25072,25089.25,1337,25338.31905,25367.2376
10/22/2025 13:55,25089.5,25090.25,25061.25,25067,1561,25337.38993,25366.36722
10/22/2025 13:56,25067,25085.75,25066.75,25077.25,1049,25336.778,25365.79263
10/22/2025 13:57,25078,25088.25,25072.25,25081,699,25336.37794,25365.41619
10/22/2025 13:58,25081.5,25108.5,25079.5,25105,1589,25335.53386,25364.61547
10/22/2025 13:59,25104.75,25116.5,25098.5,25111.25,1073,25334.99364,25364.09981
10/22/2025 14:00,25111.5,25130.75,25107.25,25130.5,1101,25334.47633,25363.60191
10/22/2025 14:01,25130.25,25155.5,25125.5,25152,2255,25333.53149,25362.67903
10/22/2025 14:02,25153,25162,25147.5,25157.25,1504,25332.94369,25362.0993
10/22/2025 14:03,25156.75,25164.25,25152.25,25158.25,1212,25332.4799,25361.64048
10/22/2025 14:04,25158,25167.75,25135,25136.25,1880,25331.71647,25360.89139
10/22/2025 14:05,25136.5,25147,25133.25,25140.75,875,25331.35185,25360.53483
10/22/2025 14:06,25140.25,25160.25,25139.75,25159,941,25330.98718,25360.17463
10/22/2025 14:07,25158.25,25161.25,25149.25,25160.5,538,25330.78402,25359.97322
10/22/2025 14:08,25161.25,25165,25146,25151.25,1139,25330.34829,25359.54203
10/22/2025 14:09,25151.25,25159.75,25143.5,25147,899,25329.99811,25359.19636
10/22/2025 14:10,25148,25148.75,25135,25140,856,25329.64964,25358.85443
10/22/2025 14:11,25140,25152.5,25136.25,25149.5,913,25329.28888,25358.49898
10/22/2025 14:12,25148.5,25152.75,25136.5,25151.5,500,25329.0928,25358.30559
10/22/2025 14:13,25151.25,25155.5,25134,25139.5,546,25328.87458,25358.0909
10/22/2025 14:14,25140.5,25145.75,25127,25134.75,938,25328.48647,25357.71082
10/22/2025 14:15,25135.75,25143,25110.25,25115,1501,25327.82668,25357.0696
10/22/2025 14:16,25114.75,25119.25,25106.75,25117,1124,25327.31521,25356.57455
10/22/2025 14:17,25118,25119,25099.5,25107.5,1258,25326.73051,25356.00998
10/22/2025 14:18,25107,25112,25094.5,25099.5,716,25326.38898,25355.68116
10/22/2025 14:19,25098,25099,25083.5,25094.25,987,25325.89951,25355.21191
10/22/2025 14:20,25094.25,25117,25090.75,25112,1250,25325.32039,25354.65228
10/22/2025 14:21,25112,25151.5,25110.75,25143.25,1502,25324.71895,25354.06026
10/22/2025 14:22,25142.75,25181,25141.5,25178.5,1913,25324.08615,25353.41983
10/22/2025 14:23,25178.25,25187.25,25167.75,25173.5,1513,25323.61825,25352.94116
10/22/2025 14:24,25171.5,25184,25170,25183.5,836,25323.36622,25352.68225
10/22/2025 14:25,25182.75,25194,25175.75,25190.75,1342,25322.98488,25352.28654
10/22/2025 14:26,25191.25,25200.5,25186.5,25188.75,1122,25322.67953,25351.96726
10/22/2025 14:27,25188.5,25191.25,25163,25164.75,1278,25322.28339,25351.56234
10/22/2025 14:28,25165.25,25176,25161.75,25169.25,894,25322.00013,25351.27385
10/22/2025 14:29,25171.5,25176.5,25159.5,25169.5,860,25321.72775,25350.99644
10/22/2025 14:30,25169.5,25177.75,25166.25,25172.75,474,25321.58169,25350.84703
10/22/2025 14:31,25172.5,25179.75,25167.75,25176.5,794,25321.34163,25350.60069
10/22/2025 14:32,25177,25177.5,25155.25,25161.75,1402,25320.89135,25350.14319
10/22/2025 14:33,25161.75,25163.25,25145.75,25162.5,1295,25320.45741,25349.70519
10/22/2025 14:34,25163.25,25177.25,25162,25168.25,907,25320.17709,25349.41866
10/22/2025 14:35,25169,25176.75,25164.25,25168.75,642,25319.98028,25349.21723
10/22/2025 14:36,25169.5,25176,25164.5,25171.25,589,25319.80098,25349.03352
10/22/2025 14:37,25170.75,25177.75,25158,25176.75,800,25319.55853,25348.78494
10/22/2025 14:38,25177.75,25184.25,25172.75,25180.75,828,25319.32258,25348.54053
10/22/2025 14:39,25180,25190.5,25169.5,25184.25,977,25319.04948,25348.25671
10/22/2025 14:40,25185,25188.25,25178,25185.5,608,25318.88314,25348.08322
10/22/2025 14:41,25184,25186,25159.25,25160.5,921,25318.60343,25347.79663
10/22/2025 14:42,25160.75,25180,25151.75,25179.75,1193,25318.24725,25347.43071
10/22/2025 14:43,25179.75,25194.25,25177.75,25194,1266,25317.9174,25347.08374
10/22/2025 14:44,25193.25,25203.75,25188.25,25196.5,1167,25317.63238,25346.78033
10/22/2025 14:45,25196,25200,25182,25188.25,828,25317.42087,25346.55713
10/22/2025 14:46,25187.5,25200.5,25186.25,25193.25,907,25317.19589,25346.31843
10/22/2025 14:47,25192.5,25202,25192,25196,855,25316.99023,25346.09898
10/22/2025 14:48,25196.5,25202.5,25179.25,25191.5,1164,25316.69844,25345.79012
10/22/2025 14:49,25192.25,25196,25189.5,25190.5,445,25316.58805,25345.67307
10/22/2025 14:50,25191.5,25199.75,25184.5,25194.5,813,25316.38837,25345.46095
10/22/2025 14:51,25193.5,25194.5,25161.75,25163.75,2062,25315.80492,25344.85686
10/22/2025 14:52,25164.75,25172,25159.5,25169.75,1031,25315.50226,25344.54546
10/22/2025 14:53,25170.5,25185.25,25163.75,25166.5,1261,25315.14554,25344.17622
10/22/2025 14:54,25166.25,25180.5,25166.25,25174.75,773,25314.93078,25343.95327
10/22/2025 14:55,25175,25182.5,25171.5,25182.25,795,25314.71826,25343.73119
10/22/2025 14:56,25182.25,25201.5,25177.25,25195.75,1659,25314.3183,25343.30535
10/22/2025 14:57,25195.25,25195.25,25181.5,25193.25,864,25314.1085,25343.08233
10/22/2025 14:58,25193.25,25205.75,25193.25,25205,1311,25313.82045,25342.77013
10/22/2025 14:59,25205.5,25213.5,25198,25205.25,1114,25313.58604,25342.51386
10/22/2025 15:00,25205.5,25216.5,25204.75,25214,1076,25313.37346,25342.27834
10/22/2025 15:01,25214.25,25225,25211,25218.25,1498,25313.09734,25341.96771
10/22/2025 15:02,25219,25219.75,25179.75,25211.75,2525,25312.56585,25341.38745
10/22/2025 15:03,25212.5,25212.5,25180.75,25196.25,1562,25312.21791,25341.01214
10/22/2025 15:04,25195.5,25215.5,25193.5,25214.25,1081,25312.00162,25340.77367
10/22/2025 15:05,25213.75,25218,25204.75,25210.25,624,25311.88105,25340.63976
10/22/2025 15:06,25209.5,25225.5,25204.25,25224.25,1031,25311.69626,25340.43102
10/22/2025 15:07,25224.75,25237.25,25221,25231.75,1500,25311.46297,25340.15824
10/22/2025 15:08,25231.25,25243.5,25229.5,25237.75,1404,25311.26425,25339.92009
10/22/2025 15:09,25238,25255,25237.5,25247.5,1876,25311.03498,25339.63354
10/22/2025 15:10,25247.5,25260.25,25242.5,25251.5,1214,25310.89836,25339.45848
10/22/2025 15:11,25251.75,25258.25,25242,25257.5,1025,25310.78575,25339.31316
10/22/2025 15:12,25256.5,25266.25,25252,25259.5,877,25310.70074,25339.19873
10/22/2025 15:13,25259.75,25265.25,25237.75,25243.25,1484,25310.52831,25338.98052
10/22/2025 15:14,25243.5,25247.75,25236,25239.25,723,25310.43415,25338.86549
10/22/2025 15:15,25238.75,25246,25231.5,25237.5,996,25310.2999,25338.70317
10/22/2025 15:16,25237,25260,25236.75,25253.75,1124,25310.1738,25338.54213
10/22/2025 15:17,25253.25,25260.75,25242,25245.5,744,25310.08958,25338.43496
10/22/2025 15:18,25245.25,25251.5,25237.5,25243.75,453,25310.03406,25338.36605
10/22/2025 15:19,25243.75,25252,25237.25,25252,614,25309.96219,25338.27562
10/22/2025 15:20,25252.75,25260,25248,25259.75,510,25309.91099,25338.2079
10/22/2025 15:21,25260,25269.25,25247.75,25262.75,1501,25309.77198,25338.01891
10/22/2025 15:22,25261.75,25272.5,25254,25266.25,1157,25309.67462,25337.8819
10/22/2025 15:23,25267,25269.5,25250,25252.75,717,25309.60545,25337.78939
10/22/2025 15:24,25253.25,25254.75,25241.5,25245,861,25309.50624,25337.66434
10/22/2025 15:25,25245.25,25252,25240.5,25251,605,25309.43754,25337.5774
10/22/2025 15:26,25251,25256,25248.75,25253.75,582,25309.37696,25337.49858
10/22/2025 15:27,25254,25260.5,25247,25249.5,619,25309.31209,25337.41441
10/22/2025 15:28,25250.5,25259.75,25248.75,25258.75,359,25309.27679,25337.36763
10/22/2025 15:29,25257.75,25274,25257,25273.25,847,25309.21284,25337.27411
10/22/2025 15:30,25273,25273.25,25261.75,25265.75,675,25309.16058,25337.19852
10/22/2025 15:31,25266,25274.5,25264.5,25272,947,25309.09338,25337.09787
10/22/2025 15:32,25272,25279.75,25267.75,25268,736,25309.04333,25337.02161
10/22/2025 15:33,25269,25291.25,25268.25,25289.25,978,25308.99678,25336.93774
10/22/2025 15:34,25288.75,25290.25,25278.75,25283,859,25308.95772,25336.86576
10/22/2025 15:35,25282.75,25287.25,25278.75,25279.75,650,25308.92579,25336.80928
10/22/2025 15:36,25279.75,25283.25,25269.25,25278.75,1059,25308.86464,25336.70943
10/22/2025 15:37,25279.75,25290.5,25277.75,25288,954,25308.82415,25336.63229
10/22/2025 15:38,25287.75,25298.5,25282.75,25297,957,25308.79635,25336.5662
10/22/2025 15:39,25296.25,25308,25293.5,25307,1046,25308.7851,25336.51075
10/22/2025 15:40,25307.25,25310.75,25302.5,25307.5,1042,25308.7816,25336.46237
10/22/2025 15:41,25307.75,25314.75,25294.75,25300.5,1824,25308.76377,25336.36785
10/22/2025 15:42,25300.75,25309.5,25293.5,25296.25,784,25308.7511,25336.323
10/22/2025 15:43,25296.5,25299.75,25291,25298.75,813,25308.73328,25336.27248
10/22/2025 15:44,25299,25301.5,25290.25,25294,467,25308.72203,25336.2426
10/22/2025 15:45,25294.25,25295.25,25279.75,25282.5,1004,25308.68102,25336.16381
10/22/2025 15:46,25282.75,25285.25,25270.5,25271.5,932,25308.62634,25336.07628
10/22/2025 15:47,25272,25280,25267,25279.5,917,25308.57231,25335.99005
10/22/2025 15:48,25279.5,25288.5,25274.5,25276.5,1099,25308.51624,25335.89441
10/22/2025 15:49,25276.75,25284.5,25270,25281.75,805,25308.47376,25335.82321
10/22/2025 15:50,25282,25292.75,25280.5,25286.25,884,25308.43938,25335.75581
10/22/2025 15:51,25286.25,25304.25,25273.75,25278.5,2011,25308.35803,25335.60009
10/22/2025 15:52,25278,25293,25277,25291,995,25308.32061,25335.52569
10/22/2025 15:53,25290.25,25293,25275.5,25278.75,933,25308.27813,25335.44956
10/22/2025 15:54,25278.75,25287.5,25275,25286.25,1028,25308.23239,25335.36673
10/22/2025 15:55,25286,25294.25,25283,25284.75,1186,25308.189,25335.2795
10/22/2025 15:56,25285,25294,25278,25280,1523,25308.12467,25335.1602
10/22/2025 15:57,25280,25303.5,25279,25295.5,1350,25308.08831,25335.07275
10/22/2025 15:58,25295,25295.5,25280.75,25285,1449,25308.03543,25334.96699
10/22/2025 15:59,25285,25291,25280.25,25288,1713,25307.97127,25334.84082
10/22/2025 16:00,25288,25302.25,25275.5,25296.75,6813,25307.77911,25334.39743
10/22/2025 16:01,25296.75,25309.25,25296.25,25301.75,2428,25307.75691,25334.28126
10/22/2025 16:02,25302.25,25304.25,25287.5,25301.75,935,25307.74111,25334.23034
10/22/2025 16:03,25300,25330.25,25297,25319.75,1088,25307.75577,25334.20022
10/22/2025 16:04,25318,25323.5,25307.5,25313.75,1012,25307.76806,25334.17115
10/22/2025 16:05,25313.5,25315.25,25298.5,25307,725,25307.76702,25334.14176
10/22/2025 16:06,25308.75,25319.5,25299.75,25310.75,1016,25307.77085,25334.10532
10/22/2025 16:07,25309.75,25317,25303,25316,607,25307.77519,25334.08541
10/22/2025 16:08,25315.25,25318.75,25308.75,25314.5,619,25307.78169,25334.06697
10/22/2025 16:09,25315.25,25333,25313,25329.75,637,25307.80046,25334.05865
10/22/2025 16:10,25329,25332,25323,25324.25,538,25307.81733,25334.05256
10/22/2025 16:11,25323.75,25330.5,25316.5,25325,481,25307.83043,25334.04541
10/22/2025 16:12,25324,25325.75,25313.25,25318,323,25307.8365,25334.03823
10/22/2025 16:13,25318,25318.75,25310.25,25311.75,292,25307.83932,25334.0294
10/22/2025 16:14,25312.25,25313.5,25305.75,25305.75,328,25307.83959,25334.01695
10/22/2025 16:15,25305.75,25314.5,25305.75,25311,281,25307.84081,25334.00716
10/22/2025 16:16,25310.5,25312.25,25307.25,25309,167,25307.84128,25334.00112
10/22/2025 16:17,25310.25,25312.5,25307.25,25309.25,177,25307.84182,25333.99476
10/22/2025 16:18,25308.25,25308.5,25296.75,25301,351,25307.83843,25333.97824
10/22/2025 16:19,25301.75,25302.25,25295,25296.25,251,25307.83422,25333.96486
10/22/2025 16:20,25297.25,25299.5,25294.5,25295.5,249,25307.82948,25333.95111
10/22/2025 16:21,25295.75,25302.25,25294.75,25300.75,157,25307.82723,25333.94309
10/22/2025 16:22,25301,25301.5,25296,25300,252,25307.82357,25333.93018
10/22/2025 16:23,25300.25,25300.5,25287.75,25289.25,215,25307.81805,25333.91706
10/22/2025 16:24,25289.75,25290.5,25284.25,25286.5,234,25307.80993,25333.90093
10/22/2025 16:25,25286.75,25288,25283,25285.5,227,25307.80146,25333.88476
10/22/2025 16:26,25285.5,25293,25285.25,25290.5,221,25307.79472,25333.87036
10/22/2025 16:27,25291.25,25296.25,25291.25,25291.5,207,25307.7896,25333.85792
10/22/2025 16:28,25292.25,25293,25281,25281.5,204,25307.78189,25333.84331
10/22/2025 16:29,25281.5,25286.5,25280.5,25286,180,25307.77483,25333.83022
10/22/2025 16:30,25285.5,25286.5,25282.25,25286.25,118,25307.77034,25333.82175
10/22/2025 16:31,25286.5,25287,25280.75,25282,122,25307.76535,25333.81268
10/22/2025 16:32,25281.75,25287.5,25280,25287.5,135,25307.76021,25333.803
10/22/2025 16:33,25287.75,25298.75,25287.75,25297,232,25307.75508,25333.78961
10/22/2025 16:34,25296.25,25297.5,25292.75,25296.5,120,25307.75264,25333.78288
10/22/2025 16:35,25296.25,25296.75,25292,25293.25,81,25307.75078,25333.77815
10/22/2025 16:36,25293,25295,25290,25290,59,25307.7492,25333.7745
10/22/2025 16:37,25290.25,25291.5,25288,25290,107,25307.746,25333.7676
10/22/2025 16:38,25291.25,25296.25,25291.25,25296.25,81,25307.74422,25333.76295
10/22/2025 16:39,25296,25299,25294.75,25297.25,123,25307.74202,25333.75631
10/22/2025 16:40,25297.75,25300.25,25296.25,25296.75,107,25307.74023,25333.75066
10/22/2025 16:41,25296,25297.5,25291,25291.5,106,25307.73769,25333.74438
10/22/2025 16:42,25292,25295,25291.25,25294.25,91,25307.73553,25333.739
10/22/2025 16:43,25294.75,25299.25,25294.75,25298.25,71,25307.73431,25333.73522
10/22/2025 16:44,25298,25301.25,25291.5,25294.5,203,25307.73025,25333.72392
10/22/2025 16:45,25294.75,25302.5,25294.5,25300.5,168,25307.72786,25333.71541
10/22/2025 16:46,25301,25302.25,25295.5,25299.25,123,25307.72607,25333.70915
10/22/2025 16:47,25299,25299.75,25295.75,25298,114,25307.72419,25333.70316
10/22/2025 16:48,25298,25301.5,25294.75,25295.75,78,25307.72284,25333.699
10/22/2025 16:49,25295.25,25296,25294.25,25295.75,87,25307.72105,25333.69411
10/22/2025 16:50,25295.5,25299.25,25293.75,25298.5,131,25307.71875,25333.68711
10/22/2025 16:51,25298.25,25304.5,25297.75,25304.5,132,25307.71754,25333.68103
10/22/2025 16:52,25304.5,25304.5,25299.5,25299.75,62,25307.71688,25333.67809
10/22/2025 16:53,25299.5,25299.75,25294.75,25296.5,73,25307.71558,25333.67417
10/22/2025 16:54,25296.75,25297.25,25294.75,25294.75,39,25307.71479,25333.67199
10/22/2025 16:55,25295,25296,25291.5,25292.75,50,25307.7136,25333.66905
10/22/2025 16:56,25292.5,25296,25290,25291.75,165,25307.70945,25333.65913
10/22/2025 16:57,25292.5,25294.25,25291.75,25293.25,70,25307.70775,25333.65497
10/22/2025 16:58,25293.25,25293.75,25290.25,25292.5,141,25307.7041,25333.64641
10/22/2025 16:59,25292.75,25293,25290.5,25293,78,25307.70209,25333.64168
10/22/2025 17:00,25293.25,25297,25293.25,25296.5,172,25307.69863,25333.63211
10/22/2025 18:01,25268.75,25276.5,25256.75,25259,507,0,25264.08333
10/22/2025 18:02,25257,25271.5,25257,25271.25,207,0,25264.80812
10/22/2025 18:03,25271.25,25281.5,25268.25,25281.5,228,0,25267.77919
10/22/2025 18:04,25280.25,25282.25,25276.75,25280,121,0,25269.13233
10/22/2025 18:05,25281.75,25283.25,25274,25278.25,119,0,25270.07544
10/22/2025 18:06,25278,25281.5,25278,25281.5,77,0,25270.70281
10/22/2025 18:07,25281.5,25284.25,25279.75,25280.5,113,0,25271.59208
10/22/2025 18:08,25279.5,25281.5,25276.5,25278.25,105,0,25272.10094
10/22/2025 18:09,25277.25,25277.25,25271,25271,67,0,25272.14357
10/22/2025 18:10,25270.75,25275,25270.75,25272.5,82,0,25272.17415
10/22/2025 18:11,25273.75,25276.5,25271.5,25275.5,94,0,25272.30126
10/22/2025 18:12,25275.25,25276.5,25274,25274.75,28,0,25272.34582
10/22/2025 18:13,25273.5,25283,25272.5,25282.5,94,0,25272.70241
10/22/2025 18:14,25282,25289,25282,25287.25,94,0,25273.3521
10/22/2025 18:15,25288.5,25297,25288,25297,147,0,25274.80925
10/22/2025 18:16,25297.25,25307.5,25296.25,25304,252,0,25277.80671
10/22/2025 18:17,25303,25306.5,25300.75,25303.25,91,0,25278.77047
10/22/2025 18:18,25302.25,25312,25302.25,25309.25,127,0,25280.21622
10/22/2025 18:19,25308.25,25315,25306.5,25306.5,199,0,25282.32171
10/22/2025 18:20,25306.75,25311.75,25306.75,25309.25,81,0,25283.09163
10/22/2025 18:21,25308.5,25316,25307,25314.75,71,0,25283.81267
10/22/2025 18:22,25314.25,25314.25,25306.5,25307.75,134,0,25284.94569
10/22/2025 18:23,25307.75,25309,25298.5,25302,69,0,25285.35034
10/22/2025 18:24,25302.75,25303.5,25298.25,25299.5,48,0,25285.57956
10/22/2025 18:25,25299.25,25300.25,25293.5,25294.75,96,0,25285.89219
10/22/2025 18:26,25294,25298.5,25293.25,25297.5,95,0,25286.191
10/22/2025 18:27,25296,25300.25,25294.5,25296.25,51,0,25286.35328
10/22/2025 18:28,25296.5,25296.5,25290.5,25291.25,46,0,25286.43874
10/22/2025 18:29,25291.25,25294,25290.75,25294,26,0,25286.48729
10/22/2025 18:30,25294,25297.25,25293,25296.5,20,0,25286.53943
10/22/2025 18:31,25296.25,25298,25292,25295.75,65,0,25286.69874
10/22/2025 18:32,25295,25295,25290.75,25294.5,27,0,25286.74939
10/22/2025 18:33,25294.75,25301.75,25293.75,25298,61,0,25286.93504
10/22/2025 18:34,25299.25,25301.5,25293.5,25296.25,69,0,25287.12373
10/22/2025 18:35,25297.5,25303.25,25296.25,25301.75,45,0,25287.28299
10/22/2025 18:36,25301,25305.5,25297.75,25305.5,110,0,25287.72782
10/22/2025 18:37,25305.75,25306,25301.5,25301.75,138,0,25288.25706
10/22/2025 18:38,25301,25302.5,25299.25,25299.25,33,0,25288.35577
10/22/2025 18:39,25298.75,25301.25,25294.75,25295.75,73,0,25288.51375
10/22/2025 18:40,25295,25298,25294,25296.25,38,0,25288.58309
10/22/2025 18:41,25296,25298.5,25295,25297.5,46,0,25288.67541
10/22/2025 18:42,25297,25297,25294.5,25295.75,33,0,25288.73064
10/22/2025 18:43,25296.25,25300.75,25296,25298.75,60,0,25288.86737
10/22/2025 18:44,25298.5,25302.75,25298.5,25302.75,30,0,25288.954
10/22/2025 18:45,25302.75,25302.75,25298.75,25300.5,35,0,25289.0482
10/22/2025 18:46,25299.75,25304,25299,25304,30,0,25289.13915
10/22/2025 18:47,25304,25312.75,25303.75,25312.25,186,0,25289.9716
10/22/2025 18:48,25312.5,25312.5,25306.5,25310,81,0,25290.31475
10/22/2025 18:49,25309.25,25311.25,25309.25,25310.25,26,0,25290.42561
10/22/2025 18:50,25310.25,25310.25,25306.25,25309,55,0,25290.63578
10/22/2025 18:51,25308,25310,25300,25303,120,0,25290.97469
10/22/2025 18:52,25302.75,25303,25299,25299.75,37,0,25291.04744
10/22/2025 18:53,25299.5,25301.25,25296,25297.25,60,0,25291.13378
10/22/2025 18:54,25297.25,25297.5,25295,25297.5,36,0,25291.17376
10/22/2025 18:55,25297.25,25302.75,25296.5,25302.75,38,0,25291.2456
10/22/2025 18:56,25302.75,25302.75,25298.75,25299,22,0,25291.28452
10/22/2025 18:57,25299,25300.25,25298.75,25299,34,0,25291.33842
10/22/2025 18:58,25299.25,25302.25,25299.25,25302.25,35,0,25291.40628
10/22/2025 18:59,25302.25,25305.25,25301.5,25304.25,37,0,25291.49438
10/22/2025 19:00,25303.75,25305,25300.75,25301,35,0,25291.567
10/22/2025 19:01,25300.75,25302.5,25298,25298,46,0,25291.63678
10/22/2025 19:02,25298,25306.75,25295.5,25305.25,57,0,25291.75389
10/22/2025 19:03,25306.25,25309.5,25304.25,25304.25,53,0,25291.89529
10/22/2025 19:04,25303.25,25305.25,25302.75,25305.25,17,0,25291.93502
10/22/2025 19:05,25306.5,25309.5,25304.5,25308.5,69,0,25292.13296
10/22/2025 19:06,25309.25,25320.75,25309.25,25318.5,235,0,25293.13065
10/22/2025 19:07,25317.5,25321,25315.75,25317.25,113,0,25293.61735
10/22/2025 19:08,25317.75,25319.75,25315,25319.25,78,0,25293.94234
10/22/2025 19:09,25318.75,25319.75,25317.25,25317.75,37,0,25294.09506
10/22/2025 19:10,25318.75,25319.75,25317.5,25319,24,0,25294.19514
10/22/2025 19:11,25319.75,25319.75,25316.25,25317.75,35,0,25294.33472
10/22/2025 19:12,25317,25319,25316.5,25319,16,0,25294.39866
10/22/2025 19:13,25318.25,25318.5,25313.5,25316.5,87,0,25294.71163
10/22/2025 19:14,25316.25,25318,25314.75,25314.75,28,0,25294.80892
10/22/2025 19:15,25314.25,25314.75,25311.5,25313.25,41,0,25294.9319
10/22/2025 19:16,25312.5,25314.25,25311.5,25312.25,41,0,25295.04992
10/22/2025 19:17,25312.75,25314.25,25311,25311.5,24,0,25295.11667
10/22/2025 19:18,25311.75,25313.75,25310.5,25311.25,22,0,25295.17592
10/22/2025 19:19,25311.5,25311.5,25301.75,25307.25,171,0,25295.48846
10/22/2025 19:20,25306.75,25308.25,25300.5,25302.25,87,0,25295.59852
10/22/2025 19:21,25301,25305.25,25301,25302.75,66,0,25295.67331
10/22/2025 19:22,25304.75,25305,25298.75,25302.5,83,0,25295.75375
10/22/2025 19:23,25301.5,25303,25300.5,25301.5,25,0,25295.77602
10/22/2025 19:24,25301.5,25310,25300.75,25309.5,125,0,25295.97882
10/22/2025 19:25,25310.5,25311.5,25307.25,25308,34,0,25296.04353
10/22/2025 19:26,25308.25,25308.5,25303,25305.5,21,0,25296.07317
10/22/2025 19:27,25305.5,25306.5,25302.25,25302.75,22,0,25296.09812
10/22/2025 19:28,25303,25304.25,25302.25,25302.75,21,0,25296.1195
10/22/2025 19:29,25302.75,25303.75,25300.5,25302.5,18,0,25296.13554
10/22/2025 19:30,25302.25,25302.25,25300.75,25300.75,13,0,25296.14518
10/22/2025 19:31,25301.25,25302.5,25301.25,25302.25,12,0,25296.15536
10/22/2025 19:32,25301.5,25302.5,25299.5,25301.25,44,0,25296.18656
10/22/2025 19:33,25301.25,25306.5,25298.5,25302.5,114,0,25296.28846
10/22/2025 19:34,25302.5,25305.75,25301.25,25305.75,40,0,25296.3333
10/22/2025 19:35,25304.5,25304.75,25300.25,25300.25,16,0,25296.34547
10/22/2025 19:36,25300,25301.25,25294.25,25297.5,76,0,25296.35943
10/22/2025 19:37,25297.75,25299.5,25293.25,25299,45,0,25296.36496
10/22/2025 19:38,25298.5,25298.5,25290.75,25292.25,76,0,25296.33866
10/22/2025 19:39,25291,25294,25282.5,25292.25,266,0,25296.10167
10/22/2025 19:40,25292.5,25294,25288.5,25289.25,63,0,25296.05619
10/22/2025 19:41,25289.5,25289.75,25284.75,25286.5,53,0,25295.99384
10/22/2025 19:42,25287.75,25290.25,25286,25286.75,47,0,25295.94331
10/22/2025 19:43,25287.5,25288.5,25283.25,25287.5,85,0,25295.83989
10/22/2025 19:44,25288.75,25290.5,25287.25,25288.25,38,0,25295.80524
10/22/2025 19:45,25288.75,25289.25,25286,25286.25,33,0,25295.76916
10/22/2025 19:46,25285,25288.75,25277.25,25278.25,137,0,25295.52454
10/22/2025 19:47,25278.75,25286.75,25278.75,25285.5,49,0,25295.45269
10/22/2025 19:48,25285.5,25285.5,25280.75,25284.25,75,0,25295.34286
10/22/2025 19:49,25284.25,25285,25281,25281,34,0,25295.28889
10/22/2025 19:50,25280.75,25284.25,25280.75,25282.5,26,0,25295.24845
10/22/2025 19:51,25282.25,25284.25,25275.75,25278.5,95,0,25295.06856
10/22/2025 19:52,25279,25280,25273.75,25274.75,74,0,25294.90187
10/22/2025 19:53,25276,25277,25269.75,25275.75,90,0,25294.68183
10/22/2025 19:54,25275,25275,25267.25,25270.25,89,0,25294.43416
10/22/2025 19:55,25270.75,25271,25267.75,25267.75,29,0,25294.34782
10/22/2025 19:56,25267.5,25269.25,25264,25267.25,118,0,25293.97536
10/22/2025 19:57,25266.75,25267.75,25261.5,25262.75,92,0,25293.66231
10/22/2025 19:58,25262.25,25263.25,25251,25256.5,253,0,25292.63641
10/22/2025 19:59,25257,25262.25,25253.75,25255.5,159,0,25292.0248
10/22/2025 20:00,25255.5,25255.5,25248.5,25253.5,157,0,25291.3631
10/22/2025 20:01,25252.5,25253,25234.5,25234.5,348,0,25289.54916
10/22/2025 20:02,25235.5,25241.25,25230,25230.75,376,0,25287.4816
10/22/2025 20:03,25230.5,25231.25,25221,25224.75,318,0,25285.59512
10/22/2025 20:04,25226.25,25229.25,25212.25,25214.5,282,0,25283.83154
10/22/2025 20:05,25214.5,25225.5,25207.75,25222.25,277,0,25282.18323
10/22/2025 20:06,25222.5,25240.5,25221.75,25237.75,289,0,25280.93033
10/22/2025 20:07,25237,25246.75,25235.5,25244.25,208,0,25280.22775
10/22/2025 20:08,25244,25251,25244,25248.75,151,0,25279.80813
10/22/2025 20:09,25248.5,25248.5,25239.75,25244.5,195,0,25279.22161
10/22/2025 20:10,25246.25,25252,25246.25,25249.5,147,0,25278.8535
10/22/2025 20:11,25249.5,25252.5,25247.75,25251,104,0,25278.60854
10/22/2025 20:12,25250.75,25254.25,25249.25,25254.25,87,0,25278.42234
10/22/2025 20:13,25253.75,25263,25253.5,25259.75,244,0,25278.03536
10/22/2025 20:14,25258,25259.5,25254.75,25257.75,135,0,25277.81248
10/22/2025 20:15,25257,25261.5,25254.5,25260,78,0,25277.69412
10/22/2025 20:16,25259,25267,25259,25266.5,102,0,25277.58563
10/22/2025 20:17,25266.5,25276,25266.25,25273.75,206,0,25277.49661
10/22/2025 20:18,25273.75,25276.25,25272.75,25273,139,0,25277.4594
10/22/2025 20:19,25273.25,25276.5,25271.5,25274.25,106,0,25277.43223
10/22/2025 20:20,25274.75,25283,25272.5,25281.75,197,0,25277.45657
10/22/2025 20:21,25282.5,25284.5,25279.25,25279.25,214,0,25277.5124
10/22/2025 20:22,25280.25,25282.25,25277.5,25279,89,0,25277.52588
10/22/2025 20:23,25279,25280.25,25271.75,25276.75,155,0,25277.51158
10/22/2025 20:24,25277.75,25282,25276.5,25281,66,0,25277.52261
10/22/2025 20:25,25281.5,25284,25278.75,25283.25,82,0,25277.54889
10/22/2025 20:26,25283.75,25284.5,25273,25276.5,109,0,25277.55238
10/22/2025 20:27,25276.75,25279,25275.5,25275.75,34,0,25277.55045
10/22/2025 20:28,25276.5,25279,25273.75,25279,53,0,25277.54932
10/22/2025 20:29,25279.5,25286.25,25279.5,25283.5,131,0,25277.60002
10/22/2025 20:30,25283.25,25287.25,25281.25,25284,128,0,25277.65827
10/22/2025 20:31,25283.25,25295.75,25283.25,25295,170,0,25277.81753
10/22/2025 20:32,25295.5,25302,25291.75,25299.75,204,0,25278.09338
10/22/2025 20:33,25299.25,25299.5,25290.5,25293.5,105,0,25278.20895
10/22/2025 20:34,25292.5,25293.75,25286.5,25286.5,137,0,25278.30646
10/22/2025 20:35,25286,25287,25279.5,25285.25,202,0,25278.38079
10/22/2025 20:36,25286.25,25291.5,25283.5,25283.5,108,0,25278.43555
10/22/2025 20:37,25283.25,25288.75,25282,25285,54,0,25278.45944
10/22/2025 20:38,25284.75,25284.75,25280.5,25284.25,47,0,25278.47375
10/22/2025 20:39,25283,25284,25277.75,25283.5,92,0,25278.49314
10/22/2025 20:40,25283,25287.25,25282.75,25283.5,52,0,25278.51316
10/22/2025 20:41,25284,25287,25283,25283.75,28,0,25278.52404
10/22/2025 20:42,25283.75,25283.75,25277.25,25278.5,65,0,25278.52946
10/22/2025 20:43,25278.75,25278.75,25270.5,25273.5,139,0,25278.49189
10/22/2025 20:44,25274.25,25284,25274.25,25283.25,82,0,25278.50224
10/22/2025 20:45,25284,25284.25,25279,25279.25,47,0,25278.5091
