datetime,open,high,low,close,volume
2026-07-16T15:21:00+00:00,29373.25,29382.25,29358,29368.5,771
2026-07-16T15:22:00+00:00,29368.75,29372.25,29348.5,29369,991
2026-07-16T15:23:00+00:00,29369.5,29379.5,29366.25,29370.25,483
2026-07-16T15:24:00+00:00,29369,29389,29362,29387.5,581
2026-07-16T15:25:00+00:00,29387.5,29432.5,29386.75,29426.25,1907
2026-07-16T15:26:00+00:00,29426.75,29450.75,29421.5,29444.75,1436
2026-07-16T15:27:00+00:00,29445.25,29451.5,29421.25,29423.75,1079
2026-07-16T15:28:00+00:00,29423.75,29427.25,29384,29388.25,1326
2026-07-16T15:29:00+00:00,29389,29408.75,29386.25,29406.75,744
2026-07-16T15:30:00+00:00,29406.5,29408.5,29370,29390,1322
2026-07-16T15:31:00+00:00,29391,29426,29388.5,29424.25,929
2026-07-16T15:32:00+00:00,29423.5,29438.25,29417,29424,827
2026-07-16T15:33:00+00:00,29424.5,29425.75,29408.75,29423.75,695
2026-07-16T15:34:00+00:00,29423.75,29441.75,29420,29438.5,727
2026-07-16T15:35:00+00:00,29438,29439.25,29425.25,29430.5,561
2026-07-16T15:36:00+00:00,29430.5,29435.5,29412.75,29435.25,537
2026-07-16T15:37:00+00:00,29435.25,29444.5,29421.5,29421.75,648
2026-07-16T15:38:00+00:00,29422.5,29447.5,29421.75,29441.5,628
2026-07-16T15:39:00+00:00,29441,29468,29440.5,29455.5,1080
2026-07-16T15:40:00+00:00,29454.5,29461,29428,29428.25,613
2026-07-16T15:41:00+00:00,29427.25,29431,29390,29390.75,1178
2026-07-16T15:42:00+00:00,29393.75,29405.5,29381.75,29405.5,825
2026-07-16T15:43:00+00:00,29405,29410,29383.75,29388.5,832
2026-07-16T15:44:00+00:00,29389,29400.5,29380.25,29397.75,570
2026-07-16T15:45:00+00:00,29397.5,29397.5,29369,29373.25,927
2026-07-16T15:46:00+00:00,29372.5,29381.75,29356,29362.5,802
2026-07-16T15:47:00+00:00,29362.5,29378,29360.5,29366.25,652
2026-07-16T15:48:00+00:00,29366.5,29377.25,29363,29377.25,472
2026-07-16T15:49:00+00:00,29375.5,29394.25,29354.5,29391,905
2026-07-16T15:50:00+00:00,29390.75,29416.75,29389.75,29414.5,1098
2026-07-16T15:51:00+00:00,29415.25,29429.5,29413.75,29422,833
2026-07-16T15:52:00+00:00,29421.5,29435,29411,29420.5,737
2026-07-16T15:53:00+00:00,29420.75,29429.25,29406.75,29411.25,585
2026-07-16T15:54:00+00:00,29412,29422.75,29404,29419,613
2026-07-16T15:55:00+00:00,29418.75,29419.75,29382.25,29387.75,826
2026-07-16T15:56:00+00:00,29388.75,29391.25,29373.5,29389,710
2026-07-16T15:57:00+00:00,29391.75,29412.5,29391.75,29400,546
2026-07-16T15:58:00+00:00,29401,29410.5,29393.25,29393.75,472
2026-07-16T15:59:00+00:00,29392.25,29398.5,29385.5,29392.5,544
2026-07-16T16:00:00+00:00,29392.5,29395.25,29366,29377,846
2026-07-16T16:01:00+00:00,29377.75,29382.25,29362,29368,761
2026-07-16T16:02:00+00:00,29369,29371,29350.25,29356.5,924
2026-07-16T16:03:00+00:00,29355.25,29367,29350.75,29366.5,580
2026-07-16T16:04:00+00:00,29365.25,29374,29336.5,29339.5,945
2026-07-16T16:05:00+00:00,29338.75,29340.5,29312.75,29320,1328
2026-07-16T16:06:00+00:00,29320,29340,29316.25,29333,951
2026-07-16T16:07:00+00:00,29334.5,29350,29329.75,29337.5,807
2026-07-16T16:08:00+00:00,29338,29355.5,29337,29340.5,603
2026-07-16T16:09:00+00:00,29340.25,29352.25,29338.25,29338.75,448
2026-07-16T16:10:00+00:00,29337.75,29339.75,29317,29319.75,789
2026-07-16T16:11:00+00:00,29321.25,29325.75,29307.25,29314.25,761
2026-07-16T16:12:00+00:00,29313.75,29314.25,29301.5,29301.5,797
2026-07-16T16:13:00+00:00,29303,29316,29289.25,29310.5,1259
2026-07-16T16:14:00+00:00,29309.5,29314,29292,29293.25,510
2026-07-16T16:15:00+00:00,29293.5,29300,29279,29299.75,944
2026-07-16T16:16:00+00:00,29298.5,29303.5,29285.75,29302,576
2026-07-16T16:17:00+00:00,29302,29303,29283.5,29287.5,599
2026-07-16T16:18:00+00:00,29287.5,29313.75,29285.25,29310,844
2026-07-16T16:19:00+00:00,29312,29313.25,29290,29299,943
2026-07-16T16:20:00+00:00,29298.75,29299.5,29268,29273,1373
2026-07-16T16:21:00+00:00,29273.25,29292.75,29272.25,29282,878
2026-07-16T16:22:00+00:00,29281.25,29288,29260.75,29271.5,1032
2026-07-16T16:23:00+00:00,29272,29281.5,29262.75,29273.75,866
2026-07-16T16:24:00+00:00,29273,29287,29266.25,29279.75,1003
2026-07-16T16:25:00+00:00,29279.75,29286.75,29268.5,29286.25,753
2026-07-16T16:26:00+00:00,29286.25,29303,29285,29285.75,909
2026-07-16T16:27:00+00:00,29286.75,29315,29286.25,29313,975
2026-07-16T16:28:00+00:00,29313.5,29313.75,29300.25,29307,577
2026-07-16T16:29:00+00:00,29308.5,29309,29284.5,29299.25,586
2026-07-16T16:30:00+00:00,29300.5,29312.75,29294.25,29307,631
2026-07-16T16:31:00+00:00,29307,29327.75,29298.75,29323.75,1046
2026-07-16T16:32:00+00:00,29322.5,29339.5,29317.75,29337,814
2026-07-16T16:33:00+00:00,29336.25,29337.25,29315.25,29319.75,699
2026-07-16T16:34:00+00:00,29319.75,29321.5,29312.5,29313.75,369
2026-07-16T16:35:00+00:00,29313.5,29318.75,29290.75,29299.75,821
2026-07-16T16:36:00+00:00,29298.75,29305.5,29288.75,29300.75,521
2026-07-16T16:37:00+00:00,29300.5,29314.75,29297.25,29313.75,444
2026-07-16T16:38:00+00:00,29314.5,29321.5,29289.75,29306.75,715
2026-07-16T16:39:00+00:00,29305,29307.75,29289.5,29292.75,585
2026-07-16T16:40:00+00:00,29294,29306.5,29286.25,29302.75,472
2026-07-16T16:41:00+00:00,29302.75,29323.75,29300,29304.75,561
2026-07-16T16:42:00+00:00,29303.75,29303.75,29286,29291.5,407
2026-07-16T16:43:00+00:00,29291.5,29300,29289.5,29295,374
2026-07-16T16:44:00+00:00,29294.75,29300,29290.75,29292.75,368
2026-07-16T16:45:00+00:00,29294.75,29307,29281.25,29285.5,715
2026-07-16T16:46:00+00:00,29285.75,29288.5,29270.75,29285,826
2026-07-16T16:47:00+00:00,29285.25,29287.25,29273.5,29277.5,431
2026-07-16T16:48:00+00:00,29277.25,29287.5,29273.75,29284.75,490
2026-07-16T16:49:00+00:00,29284.25,29291.25,29276,29284.5,506
2026-07-16T16:50:00+00:00,29284.5,29306,29273.25,29301,743
2026-07-16T16:51:00+00:00,29300.25,29321.5,29300,29308.75,749
2026-07-16T16:52:00+00:00,29309.75,29319,29302.75,29306.5,384
2026-07-16T16:53:00+00:00,29307,29319.25,29302,29317.5,418
2026-07-16T16:54:00+00:00,29317.75,29327.25,29312.5,29322,622
2026-07-16T16:55:00+00:00,29321.25,29351,29320.5,29343.5,1165
2026-07-16T16:56:00+00:00,29344.25,29352.5,29332.75,29341,660
2026-07-16T16:57:00+00:00,29340,29343.75,29329,29331.5,395
2026-07-16T16:58:00+00:00,29330.5,29350,29323,29337.5,698
2026-07-16T16:59:00+00:00,29337.5,29341,29331.75,29338.25,260
2026-07-16T17:00:00+00:00,29339,29342,29294.5,29297.25,1088
2026-07-16T17:01:00+00:00,29297.75,29317,29296.5,29305,572
2026-07-16T17:02:00+00:00,29305,29307.25,29285,29292.25,480
2026-07-16T17:03:00+00:00,29291.25,29314.25,29290,29302.25,634
2026-07-16T17:04:00+00:00,29301.75,29322.5,29300.25,29316.5,421
2026-07-16T17:05:00+00:00,29315.75,29317.75,29293.5,29301.75,570
2026-07-16T17:06:00+00:00,29302.75,29304,29286.25,29302.5,409
2026-07-16T17:07:00+00:00,29301.25,29316.5,29300,29307.25,373
2026-07-16T17:08:00+00:00,29308.5,29333.25,29305.25,29327.75,448
2026-07-16T17:09:00+00:00,29327.75,29333.25,29319.25,29324.25,336
2026-07-16T17:10:00+00:00,29324.5,29334.25,29322.75,29324.5,361
2026-07-16T17:11:00+00:00,29324.25,29330,29306.75,29311.5,353
2026-07-16T17:12:00+00:00,29311.75,29313.25,29302.75,29308.5,357
2026-07-16T17:13:00+00:00,29306.75,29315.75,29295,29299.75,395
2026-07-16T17:14:00+00:00,29298.25,29298.25,29284.5,29288,478
2026-07-16T17:15:00+00:00,29288.5,29310.5,29283,29304.75,488
2026-07-16T17:16:00+00:00,29303.25,29303.5,29280.5,29293.25,486
2026-07-16T17:17:00+00:00,29294,29294.25,29277.5,29281.75,571
2026-07-16T17:18:00+00:00,29281,29293.5,29280.5,29291.5,360
2026-07-16T17:19:00+00:00,29292,29302.75,29290.5,29298.25,324
2026-07-16T17:20:00+00:00,29298.25,29306.25,29286.5,29289.75,516
2026-07-16T17:21:00+00:00,29289.25,29292.5,29282.25,29286.5,531
2026-07-16T17:22:00+00:00,29286,29288.25,29278.5,29281.5,612
2026-07-16T17:23:00+00:00,29281.75,29290,29279.5,29284.25,452
2026-07-16T17:24:00+00:00,29284,29294,29278.75,29278.75,380
2026-07-16T17:25:00+00:00,29279.5,29286.75,29275,29286,506
2026-07-16T17:26:00+00:00,29286.5,29310,29280.5,29301.5,700
2026-07-16T17:27:00+00:00,29301.25,29320.25,29296.25,29316,410
2026-07-16T17:28:00+00:00,29316,29343,29316,29335.5,1056
2026-07-16T17:29:00+00:00,29335.75,29340,29323,29333,766
2026-07-16T17:30:00+00:00,29334,29345,29328.5,29329.75,697
2026-07-16T17:31:00+00:00,29329.75,29332.25,29315.75,29319.25,708
2026-07-16T17:32:00+00:00,29318.75,29330.75,29318,29320,388
2026-07-16T17:33:00+00:00,29319.25,29323,29293.5,29295.5,663
2026-07-16T17:34:00+00:00,29295.5,29297.25,29280.5,29287.5,655
2026-07-16T17:35:00+00:00,29288.25,29292,29281.75,29284.5,386
2026-07-16T17:36:00+00:00,29284.25,29297.25,29282.5,29288,542
2026-07-16T17:37:00+00:00,29289,29291.5,29272.75,29274.75,591
2026-07-16T17:38:00+00:00,29275.25,29288.5,29271.25,29279,772
2026-07-16T17:39:00+00:00,29280,29280,29266.5,29270,757
2026-07-16T17:40:00+00:00,29269.75,29271.25,29246.75,29251.25,1615
2026-07-16T17:41:00+00:00,29251.75,29257.25,29238.5,29243.25,753
2026-07-16T17:42:00+00:00,29243.5,29253,29237.25,29242.75,1025
2026-07-16T17:43:00+00:00,29242.5,29243,29230,29236.75,886
2026-07-16T17:44:00+00:00,29235.75,29244.25,29232.75,29243.75,500
2026-07-16T17:45:00+00:00,29244.25,29245.25,29219.25,29226.5,1255
2026-07-16T17:46:00+00:00,29226.25,29240.25,29219,29238.5,1001
2026-07-16T17:47:00+00:00,29239.5,29255.75,29238.75,29247.75,713
2026-07-16T17:48:00+00:00,29247,29259,29238,29259,570
2026-07-16T17:49:00+00:00,29259.25,29268,29253.5,29257.25,624
2026-07-16T17:50:00+00:00,29257.5,29264.25,29250.5,29257,414
2026-07-16T17:51:00+00:00,29257.5,29258.5,29245.5,29245.5,436
2026-07-16T17:52:00+00:00,29245.25,29246,29235,29244.25,636
2026-07-16T17:53:00+00:00,29244.25,29269,29242,29262,695
2026-07-16T17:54:00+00:00,29262.75,29268,29250,29250.75,335
2026-07-16T17:55:00+00:00,29251.75,29253.25,29232.25,29237.5,749
2026-07-16T17:56:00+00:00,29238,29239.5,29224,29236.75,603
2026-07-16T17:57:00+00:00,29236.5,29238,29225.75,29228.75,335
2026-07-16T17:58:00+00:00,29228.5,29245,29226,29242.5,477
2026-07-16T17:59:00+00:00,29243,29251.5,29236.25,29244.5,473
2026-07-16T18:00:00+00:00,29244.25,29259.5,29233,29256.5,798
2026-07-16T18:01:00+00:00,29255.75,29260.5,29249.25,29253.25,507
2026-07-16T18:02:00+00:00,29252.5,29254.25,29236,29243.25,449
2026-07-16T18:03:00+00:00,29242.25,29245.25,29234.25,29240.25,478
2026-07-16T18:04:00+00:00,29240.5,29251.25,29231.75,29234.25,451
2026-07-16T18:05:00+00:00,29235.25,29240.5,29230.25,29236,410
2026-07-16T18:06:00+00:00,29235,29243,29231.25,29239,371
2026-07-16T18:07:00+00:00,29239.75,29250,29226.25,29236.5,918
2026-07-16T18:08:00+00:00,29235.75,29240.5,29223.5,29236,614
2026-07-16T18:09:00+00:00,29235.25,29248.5,29224.75,29236.5,632
2026-07-16T18:10:00+00:00,29235.75,29263.75,29235.75,29250,855
2026-07-16T18:11:00+00:00,29251.25,29279.5,29249.25,29264.75,1158
2026-07-16T18:12:00+00:00,29264.75,29278,29251.25,29251.75,607
2026-07-16T18:13:00+00:00,29252.75,29262,29246.25,29260.75,461
2026-07-16T18:14:00+00:00,29260.25,29266,29233,29233,664
2026-07-16T18:15:00+00:00,29232.75,29234.75,29217.25,29228.5,1203
2026-07-16T18:16:00+00:00,29228.5,29272.25,29228,29269.25,983
2026-07-16T18:17:00+00:00,29270,29277,29266.25,29270,518
2026-07-16T18:18:00+00:00,29269.5,29272.75,29260,29261.75,334
2026-07-16T18:19:00+00:00,29261.75,29275.75,29258,29268,351
2026-07-16T18:20:00+00:00,29268.5,29290.75,29264.25,29281.25,662
2026-07-16T18:21:00+00:00,29281,29299.25,29281,29295,885
2026-07-16T18:22:00+00:00,29295.25,29304,29289.5,29293.5,666
2026-07-16T18:23:00+00:00,29292.75,29294.25,29273,29287,1109
2026-07-16T18:24:00+00:00,29285.5,29295.75,29282.5,29289.5,507
2026-07-16T18:25:00+00:00,29290.5,29299.75,29273,29273.5,576
2026-07-16T18:26:00+00:00,29274.5,29298.5,29266.5,29293.5,764
2026-07-16T18:27:00+00:00,29295,29303.25,29281.25,29281.5,442
2026-07-16T18:28:00+00:00,29281.75,29295.25,29274.5,29276.5,517
2026-07-16T18:29:00+00:00,29276.75,29277.75,29257,29269.75,609
2026-07-16T18:30:00+00:00,29269,29269.25,29243.25,29250.75,774
2026-07-16T18:31:00+00:00,29251.75,29255.5,29244.25,29248.25,464
2026-07-16T18:32:00+00:00,29249,29261,29246.75,29247.75,485
2026-07-16T18:33:00+00:00,29248,29257.75,29243.25,29249.5,369
2026-07-16T18:34:00+00:00,29249.5,29254.5,29238,29245.5,574
2026-07-16T18:35:00+00:00,29245.5,29245.5,29231.5,29239.25,520
2026-07-16T18:36:00+00:00,29237.75,29239,29221.75,29228,499
2026-07-16T18:37:00+00:00,29227.25,29241.75,29223.75,29233.75,421
2026-07-16T18:38:00+00:00,29234.5,29240,29230.25,29239.25,442
2026-07-16T18:39:00+00:00,29237.75,29239.25,29225,29226,391
2026-07-16T18:40:00+00:00,29225.75,29229.5,29198.5,29205.25,1374
2026-07-16T18:41:00+00:00,29205.75,29217.5,29204.25,29214.75,550
2026-07-16T18:42:00+00:00,29215.25,29227.25,29206.5,29226.25,634
2026-07-16T18:43:00+00:00,29226.75,29244.75,29226,29238.75,880
2026-07-16T18:44:00+00:00,29238.5,29249.5,29232,29237.75,575
2026-07-16T18:45:00+00:00,29237.5,29250,29222.5,29234.75,601
2026-07-16T18:46:00+00:00,29235.5,29242.5,29233,29236,372
2026-07-16T18:47:00+00:00,29236.5,29245.5,29228.75,29236,337
2026-07-16T18:48:00+00:00,29236.25,29252.25,29234.75,29249.75,374
2026-07-16T18:49:00+00:00,29250.25,29253.25,29241.5,29244.25,279
2026-07-16T18:50:00+00:00,29244.75,29251,29238,29249.25,438
2026-07-16T18:51:00+00:00,29249,29250,29238.25,29238.75,473
2026-07-16T18:52:00+00:00,29239.5,29240,29223.25,29225,532
2026-07-16T18:53:00+00:00,29225,29227,29213.75,29217.75,625
2026-07-16T18:54:00+00:00,29218.75,29220.75,29210,29212.25,351
2026-07-16T18:55:00+00:00,29213,29213.75,29202,29204.5,612
2026-07-16T18:56:00+00:00,29205.25,29216.25,29204.25,29214,525
2026-07-16T18:57:00+00:00,29214.5,29223.5,29202,29204,795
2026-07-16T18:58:00+00:00,29203,29217.5,29200.25,29216.75,366
2026-07-16T18:59:00+00:00,29216.25,29218.75,29206.75,29210.5,492
2026-07-16T19:00:00+00:00,29210,29228.75,29202.75,29228.25,667
2026-07-16T19:01:00+00:00,29227.75,29229,29208,29215.25,568
2026-07-16T19:02:00+00:00,29215,29242,29213.5,29235,695
2026-07-16T19:03:00+00:00,29234.75,29237,29220,29233,648
2026-07-16T19:04:00+00:00,29233.5,29240.75,29221.75,29228.25,636
2026-07-16T19:05:00+00:00,29227,29240.75,29217,29238.25,581
2026-07-16T19:06:00+00:00,29237.75,29238.75,29202.25,29206,706
2026-07-16T19:07:00+00:00,29206,29209,29185,29192.5,1629
2026-07-16T19:08:00+00:00,29192.25,29196,29176.25,29189.5,889
2026-07-16T19:09:00+00:00,29189.75,29190.5,29182.75,29184.75,721
2026-07-16T19:10:00+00:00,29184.5,29195.25,29178,29188.5,891
2026-07-16T19:11:00+00:00,29188.5,29197.25,29183.5,29188.25,510
2026-07-16T19:12:00+00:00,29188.75,29189.25,29176,29183.5,578
2026-07-16T19:13:00+00:00,29183,29188.5,29176.25,29178.5,534
2026-07-16T19:14:00+00:00,29178.5,29185,29177,29183.75,462
2026-07-16T19:15:00+00:00,29183.25,29184,29165,29174.75,942
2026-07-16T19:16:00+00:00,29174,29186.25,29172.75,29173.75,541
2026-07-16T19:17:00+00:00,29174.5,29176,29150.25,29152.25,1119
2026-07-16T19:18:00+00:00,29151,29166.5,29145.5,29164,1192
2026-07-16T19:19:00+00:00,29164.25,29169,29157.25,29162.5,761
2026-07-16T19:20:00+00:00,29162,29170,29157.25,29161,655
2026-07-16T19:21:00+00:00,29161.25,29182.25,29157.5,29180,901
2026-07-16T19:22:00+00:00,29179.75,29180.5,29157.25,29160,870
2026-07-16T19:23:00+00:00,29160.5,29163.25,29149,29149.75,600
2026-07-16T19:24:00+00:00,29150,29156.5,29145.25,29148.75,810
2026-07-16T19:25:00+00:00,29149.75,29157.75,29141.25,29141.75,627
2026-07-16T19:26:00+00:00,29142,29142,29121.5,29121.75,987
2026-07-16T19:27:00+00:00,29121.75,29135,29119,29130,884
2026-07-16T19:28:00+00:00,29131,29145.75,29130.75,29144.25,720
2026-07-16T19:29:00+00:00,29143,29160.25,29142.75,29148.5,1099
2026-07-16T19:30:00+00:00,29147.5,29170.25,29127.25,29148.25,1963
2026-07-16T19:31:00+00:00,29148.5,29152.5,29124.5,29125.25,847
2026-07-16T19:32:00+00:00,29126.25,29142.25,29118.25,29139,915
2026-07-16T19:33:00+00:00,29139,29139.5,29131,29138.25,474
2026-07-16T19:34:00+00:00,29138.5,29154.25,29137.25,29149.5,1101
2026-07-16T19:35:00+00:00,29149,29154.25,29132.5,29134.25,1172
2026-07-16T19:36:00+00:00,29134,29141.5,29120.25,29122,1000
2026-07-16T19:37:00+00:00,29122.5,29137.25,29117.25,29136.5,676
2026-07-16T19:38:00+00:00,29136.5,29158,29135,29155.75,933
2026-07-16T19:39:00+00:00,29155.5,29162.75,29149.5,29151.5,699
2026-07-16T19:40:00+00:00,29151.25,29151.25,29132.5,29144,775
2026-07-16T19:41:00+00:00,29143,29160.75,29143,29156.75,673
2026-07-16T19:42:00+00:00,29156.75,29160.25,29144,29156,654
2026-07-16T19:43:00+00:00,29156,29160.5,29134.25,29136,622
2026-07-16T19:44:00+00:00,29136,29138.5,29118.5,29121.5,752
2026-07-16T19:45:00+00:00,29121.25,29124.75,29102.75,29120.75,1153
2026-07-16T19:46:00+00:00,29121.25,29123.5,29100.75,29104.5,823
2026-07-16T19:47:00+00:00,29105,29110,29095,29095.5,1129
2026-07-16T19:48:00+00:00,29095,29095,29078.5,29085.5,1394
2026-07-16T19:49:00+00:00,29086,29095.75,29079.5,29094.25,898
2026-07-16T19:50:00+00:00,29094,29142.75,29094,29133.75,2610
2026-07-16T19:51:00+00:00,29135.5,29157,29126.75,29154.75,1750
2026-07-16T19:52:00+00:00,29154.75,29168,29147.75,29162,1480
2026-07-16T19:53:00+00:00,29161.5,29172.5,29151.5,29168.25,1173
2026-07-16T19:54:00+00:00,29167.5,29175.5,29154.25,29174,2468
2026-07-16T19:55:00+00:00,29174.25,29210.5,29174.25,29202,2514
2026-07-16T19:56:00+00:00,29202.5,29203.5,29185.75,29202.75,1099
2026-07-16T19:57:00+00:00,29202.5,29205.25,29192,29199.75,1182
2026-07-16T19:58:00+00:00,29200,29204.25,29193.5,29200.75,1821
2026-07-16T19:59:00+00:00,29201,29238.25,29200.25,29217,10086
2026-07-16T20:00:00+00:00,29216.75,29226,29201.75,29220.5,2993
2026-07-16T20:01:00+00:00,29220.5,29231.25,29197.25,29200.5,2572
2026-07-16T20:02:00+00:00,29201.5,29226,29197.5,29209.25,828
2026-07-16T20:03:00+00:00,29207.75,29224.5,29205.75,29206,843
2026-07-16T20:04:00+00:00,29206,29206.5,29191,29199,1137
2026-07-16T20:05:00+00:00,29198.75,29199.25,29180,29189,526
2026-07-16T20:06:00+00:00,29188.75,29192.75,29185,29190,336
2026-07-16T20:07:00+00:00,29190.75,29202,29187.25,29188.75,498
2026-07-16T20:08:00+00:00,29190.25,29195,29188.75,29191.5,326
2026-07-16T20:09:00+00:00,29192,29194.75,29175.75,29183,503
2026-07-16T20:10:00+00:00,29182,29186,29177.25,29182,291
2026-07-16T20:11:00+00:00,29181.5,29185,29175.75,29181.25,200
2026-07-16T20:12:00+00:00,29181.75,29185,29177.5,29181.25,158
2026-07-16T20:13:00+00:00,29181.25,29185.25,29171.75,29171.75,254
2026-07-16T20:14:00+00:00,29171.75,29174.5,29166,29167.75,620
2026-07-17T13:30:00+00:00,28607.75,28659,28599.5,28644.25,4950
2026-07-17T13:31:00+00:00,28644.25,28682.75,28643.75,28681.75,3115
2026-07-17T13:32:00+00:00,28680,28686,28623,28628.25,2422
2026-07-17T13:33:00+00:00,28630.5,28638.75,28569.75,28577.5,2917
2026-07-17T13:34:00+00:00,28576.5,28578.75,28539.75,28553.25,3351
2026-07-17T13:35:00+00:00,28554.75,28571.25,28530.75,28540.25,1994
2026-07-17T13:36:00+00:00,28540.75,28570.5,28514.5,28523.25,2370
2026-07-17T13:37:00+00:00,28523.75,28535,28501.25,28509.25,1952
2026-07-17T13:38:00+00:00,28507.75,28512,28477.5,28479.5,2682
2026-07-17T13:39:00+00:00,28480.5,28489.25,28457.75,28463.5,3142
2026-07-17T13:40:00+00:00,28463,28506.25,28456,28476.5,3084
2026-07-17T13:41:00+00:00,28476.5,28512,28468.5,28478.25,2626
2026-07-17T13:42:00+00:00,28478.5,28482.25,28435,28435.75,2599
2026-07-17T13:43:00+00:00,28435.25,28444.25,28417.5,28422.5,2121
2026-07-17T13:44:00+00:00,28422.25,28450,28408.25,28420,2383
2026-07-17T13:45:00+00:00,28419.5,28461.5,28412,28448.25,2617
2026-07-17T13:46:00+00:00,28448,28480,28436,28438.75,2339
2026-07-17T13:47:00+00:00,28438.25,28487.5,28423,28483.5,1904
2026-07-17T13:48:00+00:00,28485.25,28517.5,28481,28505,2235
2026-07-17T13:49:00+00:00,28505.25,28519,28472.75,28499.25,1703
2026-07-17T13:50:00+00:00,28498.5,28538,28486.25,28520.75,1988
2026-07-17T13:51:00+00:00,28520.75,28545,28512.25,28523.5,1762
2026-07-17T13:52:00+00:00,28523.5,28569.5,28517.5,28550.75,2186
2026-07-17T13:53:00+00:00,28550.75,28592.25,28548.25,28589.5,2292
2026-07-17T13:54:00+00:00,28589,28614.5,28584.75,28601.25,2397
2026-07-17T13:55:00+00:00,28601.5,28631.25,28578.25,28612,2703
2026-07-17T13:56:00+00:00,28612,28640,28602.25,28623.25,1959
2026-07-17T13:57:00+00:00,28622.75,28656.25,28609,28647,1702
2026-07-17T13:58:00+00:00,28646.75,28675.5,28644.75,28671.75,1569
2026-07-17T13:59:00+00:00,28672.25,28681.75,28660,28676,1625
2026-07-17T14:00:00+00:00,28676,28740,28665.25,28738,3499
2026-07-17T14:01:00+00:00,28737,28748,28719,28723,3168
2026-07-17T14:02:00+00:00,28723,28767.25,28717.25,28762.25,2539
2026-07-17T14:03:00+00:00,28762.5,28783.75,28744.75,28748.25,2715
2026-07-17T14:04:00+00:00,28748.5,28761.5,28710.5,28718.25,2386
2026-07-17T14:05:00+00:00,28718,28780.75,28718,28767.25,2707
2026-07-17T14:06:00+00:00,28766.5,28813,28762.5,28799.5,2493
2026-07-17T14:07:00+00:00,28801.5,28807,28783.5,28794.25,1741
2026-07-17T14:08:00+00:00,28794.5,28814,28782,28799.5,1598
2026-07-17T14:09:00+00:00,28799.25,28817,28785,28810,1408
2026-07-17T14:10:00+00:00,28810,28862.25,28805,28859,2635
2026-07-17T14:11:00+00:00,28858.75,28860.25,28834.5,28844.25,2157
2026-07-17T14:12:00+00:00,28845.5,28850.25,28803,28815.5,2100
2026-07-17T14:13:00+00:00,28813.5,28835.5,28793,28810.5,2076
2026-07-17T14:14:00+00:00,28812,28813.25,28783,28803.5,1764
2026-07-17T14:15:00+00:00,28804,28851.25,28779.75,28844,2447
2026-07-17T14:16:00+00:00,28843.75,28853,28819,28852.5,1699
2026-07-17T14:17:00+00:00,28852.75,28885.5,28847,28853.5,2722
2026-07-17T14:18:00+00:00,28854.75,28864,28839,28855.5,1779
2026-07-17T14:19:00+00:00,28855.5,28870.75,28842,28848.75,1222
2026-07-17T14:20:00+00:00,28850,28864.75,28830,28830.25,1355
2026-07-17T14:21:00+00:00,28830.75,28858,28815.5,28851.75,2026
2026-07-17T14:22:00+00:00,28854,28870,28820.75,28842,1815
2026-07-17T14:23:00+00:00,28842.75,28857,28821.75,28837.5,1426
2026-07-17T14:24:00+00:00,28839.75,28879,28839.75,28866,1462
2026-07-17T14:25:00+00:00,28865.5,28887.5,28855.5,28859.75,1411
2026-07-17T14:26:00+00:00,28858.75,28863.25,28841.25,28845.75,945
2026-07-17T14:27:00+00:00,28848.25,28882,28836.5,28853.75,1576
2026-07-17T14:28:00+00:00,28855.75,28858.75,28830,28837.25,1151
2026-07-17T14:29:00+00:00,28837.75,28840.25,28816.5,28832,1481
2026-07-17T14:30:00+00:00,28832,28843.75,28807.5,28834.5,2118
2026-07-17T14:31:00+00:00,28835.25,28850.25,28800,28802.25,1813
2026-07-17T14:32:00+00:00,28801.5,28815.25,28773.25,28774.75,1829
2026-07-17T14:33:00+00:00,28774.75,28792,28760.25,28778.75,2075
2026-07-17T14:34:00+00:00,28778.75,28815,28778.75,28790.5,1425
2026-07-17T14:35:00+00:00,28791.5,28845,28788,28841,1893
2026-07-17T14:36:00+00:00,28840.5,28867.75,28838.5,28849,1490
2026-07-17T14:37:00+00:00,28848.25,28873,28829,28851.5,1324
2026-07-17T14:38:00+00:00,28852,28886.25,28846.25,28860,2614
2026-07-17T14:39:00+00:00,28860.25,28894.75,28856.5,28892.75,2325
2026-07-17T14:40:00+00:00,28892,28896,28865.25,28870.75,1801
2026-07-17T14:41:00+00:00,28872,28877.5,28853.5,28859.75,1277
2026-07-17T14:42:00+00:00,28860,28875.5,28830.5,28840,1440
2026-07-17T14:43:00+00:00,28840.5,28841.75,28806,28813.25,1388
2026-07-17T14:44:00+00:00,28813.25,28832.75,28811,28825.5,788
2026-07-17T14:45:00+00:00,28824.5,28826.75,28800.5,28811,1097
2026-07-17T14:46:00+00:00,28811.5,28811.75,28768.25,28798.25,1554
2026-07-17T14:47:00+00:00,28799.5,28857.75,28796,28840.5,2077
2026-07-17T14:48:00+00:00,28839,28846,28799.75,28810.5,1311
2026-07-17T14:49:00+00:00,28811.5,28819.75,28788,28788.25,849
2026-07-17T14:50:00+00:00,28789.5,28805.75,28778.25,28797.75,843
2026-07-17T14:51:00+00:00,28799.5,28800,28762,28762,1207
2026-07-17T14:52:00+00:00,28762.25,28814,28760.5,28783,1285
2026-07-17T14:53:00+00:00,28781,28781.75,28761,28763.5,920
2026-07-17T14:54:00+00:00,28762.5,28771.25,28748.25,28762.5,1421
2026-07-17T14:55:00+00:00,28762.5,28808.75,28754.5,28802,1403
2026-07-17T14:56:00+00:00,28801.75,28803,28751,28761,1414
2026-07-17T14:57:00+00:00,28761,28784,28755,28764.25,840
2026-07-17T14:58:00+00:00,28764.75,28767,28723,28728.5,1423
2026-07-17T14:59:00+00:00,28729.25,28741,28721,28727,917
2026-07-17T15:00:00+00:00,28727,28742.25,28706,28709.25,1527
2026-07-17T15:01:00+00:00,28710.25,28715.75,28685.75,28708.5,1536
2026-07-17T15:02:00+00:00,28709,28726.5,28702,28717,1037
2026-07-17T15:03:00+00:00,28716.5,28722,28695.25,28699.25,730
2026-07-17T15:04:00+00:00,28699.25,28710,28685,28690,1091
2026-07-17T15:05:00+00:00,28689.75,28709.25,28682.5,28697,1367
2026-07-17T15:06:00+00:00,28696.75,28707.25,28681,28698.5,847
2026-07-17T15:07:00+00:00,28697.5,28715,28676.75,28688,1178
2026-07-17T15:08:00+00:00,28690,28725.5,28690,28723.25,920
2026-07-17T15:09:00+00:00,28722.5,28733,28705.5,28730.75,1058
2026-07-17T15:10:00+00:00,28729.75,28755.75,28700,28712,1739
2026-07-17T15:11:00+00:00,28711.25,28719.75,28688,28700,1141
2026-07-17T15:12:00+00:00,28701.25,28729,28692.25,28710.5,889
2026-07-17T15:13:00+00:00,28711.25,28717.75,28690,28696.5,619
2026-07-17T15:14:00+00:00,28696.5,28710.25,28692.25,28706.5,596
2026-07-17T15:15:00+00:00,28707.25,28710,28686,28690.75,908
2026-07-17T15:16:00+00:00,28692.25,28711,28689.5,28696.25,737
2026-07-17T15:17:00+00:00,28695,28709.5,28691.5,28699.25,658
2026-07-17T15:18:00+00:00,28698,28725,28689.75,28719.75,836
2026-07-17T15:19:00+00:00,28721,28747.25,28715.5,28725.25,1307
2026-07-17T15:20:00+00:00,28726,28728.75,28688,28723,1187
2026-07-17T15:21:00+00:00,28722.5,28732.5,28710,28722.75,698
2026-07-17T15:22:00+00:00,28722,28742.75,28705,28730.25,965
2026-07-17T15:23:00+00:00,28729.75,28742.75,28692.5,28695.25,1338
2026-07-17T15:24:00+00:00,28695.5,28695.5,28672.25,28691.5,1258
2026-07-17T15:25:00+00:00,28692.25,28720,28688.25,28712.75,1126
2026-07-17T15:26:00+00:00,28712.5,28729.5,28709.5,28725.5,583
2026-07-17T15:27:00+00:00,28725.5,28738,28712.25,28717.75,855
2026-07-17T15:28:00+00:00,28718.75,28744.75,28714.25,28735,1051
2026-07-17T15:29:00+00:00,28735.25,28760,28732.25,28753.5,1125
2026-07-17T15:30:00+00:00,28753.25,28778.75,28740.5,28772,1612
2026-07-17T15:31:00+00:00,28771,28774.25,28749,28755,1076
2026-07-17T15:32:00+00:00,28755.75,28773.5,28718,28772.75,2303
2026-07-17T15:33:00+00:00,28771.25,28790.75,28770.75,28776.25,1083
2026-07-17T15:34:00+00:00,28775.5,28781.25,28745.75,28753.5,1007
2026-07-17T15:35:00+00:00,28753.75,28756.25,28725,28751.75,1072
2026-07-17T15:36:00+00:00,28751.75,28781.5,28747,28778.5,1051
2026-07-17T15:37:00+00:00,28777.25,28808.75,28771.5,28800,1355
2026-07-17T15:38:00+00:00,28799.25,28830.75,28778.75,28825.5,1255
2026-07-17T15:39:00+00:00,28825.75,28832.5,28812.5,28822.5,824
2026-07-17T15:40:00+00:00,28823,28843.5,28821.5,28824.25,1315
2026-07-17T15:41:00+00:00,28823.75,28825,28785.5,28796.25,1448
2026-07-17T15:42:00+00:00,28795.25,28804,28772.25,28786.25,844
2026-07-17T15:43:00+00:00,28786.5,28800,28766.25,28779.25,808
2026-07-17T15:44:00+00:00,28779.75,28807,28773.75,28799,814
2026-07-17T15:45:00+00:00,28797,28810.75,28781.5,28784.75,1027
2026-07-17T15:46:00+00:00,28784.75,28813,28783.75,28812.25,706
2026-07-17T15:47:00+00:00,28811.25,28820.75,28809.25,28819.25,860
2026-07-17T15:48:00+00:00,28820.25,28828,28803.5,28805.5,729
2026-07-17T15:49:00+00:00,28805.25,28826.75,28804,28826,534
2026-07-17T15:50:00+00:00,28824.5,28832.5,28800.75,28803.5,689
2026-07-17T15:51:00+00:00,28804,28835,28802.75,28822.5,756
2026-07-17T15:52:00+00:00,28824,28839,28818.75,28836.5,804
2026-07-17T15:53:00+00:00,28836.25,28851.25,28830.25,28845.75,876
2026-07-17T15:54:00+00:00,28845.25,28885.25,28842.75,28884,1784
2026-07-17T15:55:00+00:00,28884,28913,28879.25,28909.75,1657
2026-07-17T15:56:00+00:00,28909.5,28924.5,28907.5,28920.75,1421
2026-07-17T15:57:00+00:00,28920.25,28925.75,28907.75,28912.25,1276
2026-07-17T15:58:00+00:00,28912.5,28930,28908,28929.5,1125
2026-07-17T15:59:00+00:00,28929.25,28948.5,28928,28933.5,1540
2026-07-17T16:00:00+00:00,28934,28955.75,28928.25,28947.5,1625
2026-07-17T16:01:00+00:00,28947.25,28954.25,28884.75,28889.5,3366
2026-07-17T16:02:00+00:00,28891.75,28906.5,28877,28883.75,1472
2026-07-17T16:03:00+00:00,28883.25,28886.75,28856.75,28873.5,1416
2026-07-17T16:04:00+00:00,28874,28885.75,28860.75,28885.75,1009
2026-07-17T16:05:00+00:00,28885.25,28886,28860,28868.25,1021
2026-07-17T16:06:00+00:00,28868.25,28874.75,28851,28864,629
2026-07-17T16:07:00+00:00,28863.75,28882.75,28846,28859.25,956
2026-07-17T16:08:00+00:00,28859.75,28876.75,28853.75,28873.75,543
2026-07-17T16:09:00+00:00,28873.5,28918,28869,28918,1270
2026-07-17T16:10:00+00:00,28916.75,28944.5,28916.25,28938,1244
2026-07-17T16:11:00+00:00,28936.75,28942.5,28903,28903.25,933
2026-07-17T16:12:00+00:00,28903.5,28924.25,28897.5,28920.5,1201
2026-07-17T16:13:00+00:00,28920.5,28936.5,28916.5,28926.75,682
2026-07-17T16:14:00+00:00,28927.5,28942.75,28926,28939,900
2026-07-17T16:15:00+00:00,28939.75,28948.5,28925.5,28946,906
2026-07-17T16:16:00+00:00,28947,28952.25,28929,28929.25,1252
2026-07-17T16:17:00+00:00,28928.5,28956,28925.25,28939.25,1248
2026-07-17T16:18:00+00:00,28939.25,28956,28935,28937.75,647
2026-07-17T16:19:00+00:00,28940.75,28953.75,28936.5,28941.25,788
2026-07-17T16:20:00+00:00,28941.25,28949.5,28929.5,28931,606
2026-07-17T16:21:00+00:00,28931,28933,28891.25,28896.25,1194
2026-07-17T16:22:00+00:00,28895.25,28901.75,28876.25,28877,1117
2026-07-17T16:23:00+00:00,28877,28877.5,28866.5,28872.75,857
2026-07-17T16:24:00+00:00,28873,28888.5,28864.75,28868.75,872
2026-07-17T16:25:00+00:00,28867.75,28892,28858,28887.25,1149
2026-07-17T16:26:00+00:00,28888.25,28897.5,28870.75,28895.75,622
2026-07-17T16:27:00+00:00,28895.25,28942.75,28894.25,28931.75,1463
2026-07-17T16:28:00+00:00,28931.5,28938.75,28923.75,28924.25,817
2026-07-17T16:29:00+00:00,28924.5,28931.5,28913,28913.5,561
2026-07-17T16:30:00+00:00,28914.25,28930.25,28888.25,28891.25,1056
2026-07-17T16:31:00+00:00,28891.5,28903.5,28885.75,28895.75,624
2026-07-17T16:32:00+00:00,28896.25,28911,28886.5,28907.75,502
2026-07-17T16:33:00+00:00,28909.75,28919,28897.25,28914.5,508
2026-07-17T16:34:00+00:00,28912.75,28917.75,28900.75,28903.75,343
2026-07-17T16:35:00+00:00,28904.75,28926.25,28903.25,28917,546
2026-07-17T16:36:00+00:00,28916.75,28935,28907.5,28929.5,670
2026-07-17T16:37:00+00:00,28930.5,28933.75,28912.75,28914.5,435
2026-07-17T16:38:00+00:00,28913.25,28929,28910.75,28925.75,560
2026-07-17T16:39:00+00:00,28927,28941,28921.75,28927,722
2026-07-17T16:40:00+00:00,28926.75,28932.75,28902,28912.25,678
2026-07-17T16:41:00+00:00,28913.25,28927,28909.5,28923.25,520
2026-07-17T16:42:00+00:00,28924.25,28938.5,28923.5,28935,553
2026-07-17T16:43:00+00:00,28936,28969.75,28934.75,28953.5,1520
2026-07-17T16:44:00+00:00,28953,28972.25,28939,28971,879
2026-07-17T16:45:00+00:00,28971,28975,28964.75,28967.5,975
2026-07-17T16:46:00+00:00,28967.75,28976,28962.5,28971.25,531
2026-07-17T16:47:00+00:00,28971,28993.5,28969.5,28988.75,1334
2026-07-17T16:48:00+00:00,28988.75,29001.75,28986.25,28998.5,1421
2026-07-17T16:49:00+00:00,28999.25,29002.75,28990.5,28997.25,815
2026-07-17T16:50:00+00:00,28998,29007.75,28983.25,28989.25,1051
2026-07-17T16:51:00+00:00,28989.5,29026,28989.25,29020.75,1435
2026-07-17T16:52:00+00:00,29019.75,29028,29003.5,29013.5,1070
2026-07-17T16:53:00+00:00,29012.75,29018.25,29001.75,29002.5,662
2026-07-17T16:54:00+00:00,29002.25,29015.25,28994.75,29010.25,671
2026-07-17T16:55:00+00:00,29010.75,29019.5,28988.25,28989.75,786
2026-07-17T16:56:00+00:00,28990,28993.75,28969,28983.75,1314
2026-07-17T16:57:00+00:00,28985,28985.5,28965.25,28970.75,740
2026-07-17T16:58:00+00:00,28971,28982,28960.5,28976.5,790
2026-07-17T16:59:00+00:00,28975.5,28985,28970.75,28974.25,508
2026-07-17T17:00:00+00:00,28974.75,29016,28966.25,29014.75,1191
2026-07-17T17:01:00+00:00,29015.5,29033.5,29012.5,29019,1537
2026-07-17T17:02:00+00:00,29019.25,29020.5,28993.5,29004.25,944
2026-07-17T17:03:00+00:00,29005.25,29014.75,28998.5,29011.25,460
2026-07-17T17:04:00+00:00,29011.75,29018.25,29004.25,29010.75,604
2026-07-17T17:05:00+00:00,29010.25,29015,29001,29009.5,589
2026-07-17T17:06:00+00:00,29009,29027.75,29004,29023,609
2026-07-17T17:07:00+00:00,29024,29035.5,29023.5,29028,792
2026-07-17T17:08:00+00:00,29028,29039.5,29025,29026.5,595
2026-07-17T17:09:00+00:00,29026.25,29037.5,29017.5,29034,680
2026-07-17T17:10:00+00:00,29034,29043,29026.5,29038.25,663
2026-07-17T17:11:00+00:00,29038.25,29050.25,29023.75,29024.25,814
2026-07-17T17:12:00+00:00,29024,29034.75,29019.25,29023.5,612
2026-07-17T17:13:00+00:00,29023.75,29026.75,29010,29013,641
2026-07-17T17:14:00+00:00,29013.5,29014.75,28994.75,28995.75,860
2026-07-17T17:15:00+00:00,28995.5,29017.75,28987,29016.75,1037
2026-07-17T17:16:00+00:00,29017.5,29036,29014,29034,561
2026-07-17T17:17:00+00:00,29033.5,29042.75,29028.5,29032.75,671
2026-07-17T17:18:00+00:00,29033.25,29035,29016,29017,521
2026-07-17T17:19:00+00:00,29016.75,29019.5,29000,29003.25,615
2026-07-17T17:20:00+00:00,29000.5,29001.25,28979.25,28992.25,1037
2026-07-17T17:21:00+00:00,28993.25,28998,28979.25,28984.75,704
2026-07-17T17:22:00+00:00,28985.25,29001.25,28981.25,29000.5,794
2026-07-17T17:23:00+00:00,29001,29005,28984.25,28995.25,698
2026-07-17T17:24:00+00:00,28995.75,28997.5,28982.25,28989.5,600
2026-07-17T17:25:00+00:00,28990.5,29009.75,28988.25,29009.75,619
2026-07-17T17:26:00+00:00,29010,29035,29009.75,29032.5,1329
2026-07-17T17:27:00+00:00,29032.5,29035.25,29024,29031,899
2026-07-17T17:28:00+00:00,29031.5,29041,29025.75,29027.5,534
2026-07-17T17:29:00+00:00,29027.25,29040.5,29027,29035.5,485
2026-07-17T17:30:00+00:00,29035.75,29042.25,29028,29038.75,936
2026-07-17T17:31:00+00:00,29039.25,29041,29021.25,29026,630
2026-07-17T17:32:00+00:00,29026.5,29030,29018.5,29022.25,449
2026-07-17T17:33:00+00:00,29023,29037,29020.75,29027.75,489
2026-07-17T17:34:00+00:00,29028,29032,29014,29017.5,481
2026-07-17T17:35:00+00:00,29019,29023.75,28980.75,28984,827
2026-07-17T17:36:00+00:00,28984.5,28989,28976.25,28982,703
2026-07-17T17:37:00+00:00,28983,28998.25,28978.25,28988.5,739
2026-07-17T17:38:00+00:00,28988.75,28988.75,28972,28975.25,556
2026-07-17T17:39:00+00:00,28975.5,28985.75,28972,28980.5,555
2026-07-17T17:40:00+00:00,28981.25,28983.5,28955.75,28962.5,885
2026-07-17T17:41:00+00:00,28962.5,28963.75,28948.25,28963.5,845
2026-07-17T17:42:00+00:00,28963,28970.5,28948.5,28950.5,616
2026-07-17T17:43:00+00:00,28950.5,28958,28943,28954.25,883
2026-07-17T17:44:00+00:00,28954.25,28955.25,28944,28950.25,494
2026-07-17T17:45:00+00:00,28949.75,28969.75,28940,28964.25,768
2026-07-17T17:46:00+00:00,28965.75,28966,28941.75,28945.25,548
2026-07-17T17:47:00+00:00,28944.5,28957,28942,28953.75,409
2026-07-17T17:48:00+00:00,28954.5,28966.25,28952.5,28957,443
2026-07-17T17:49:00+00:00,28957.5,28961.75,28951,28961.25,251
2026-07-17T17:50:00+00:00,28961.5,28967.25,28932.5,28938,778
2026-07-17T17:51:00+00:00,28938.25,28942,28925.75,28933,553
2026-07-17T17:52:00+00:00,28934.25,28945.25,28924.75,28932.25,575
2026-07-17T17:53:00+00:00,28931.5,28933,28914.5,28922.5,706
2026-07-17T17:54:00+00:00,28923,28940.25,28919.75,28919.75,536
2026-07-17T17:55:00+00:00,28920,28925.5,28906.75,28912,600
2026-07-17T17:56:00+00:00,28912.25,28914.5,28897,28898.5,616
2026-07-17T17:57:00+00:00,28899.5,28907.25,28890.5,28900,790
2026-07-17T17:58:00+00:00,28898,28903,28883.75,28895.75,726
2026-07-17T17:59:00+00:00,28896.25,28905.25,28894.75,28895.75,713
2026-07-17T18:00:00+00:00,28896.25,28912.25,28882,28887.75,990
2026-07-17T18:01:00+00:00,28888.25,28909.5,28886.5,28891.75,568
2026-07-17T18:02:00+00:00,28891.5,28914,28891,28913.75,571
2026-07-17T18:03:00+00:00,28912.75,28934.75,28910.75,28931.75,931
2026-07-17T18:04:00+00:00,28932,28937,28905.25,28906.75,602
2026-07-17T18:05:00+00:00,28906.25,28906.25,28886.5,28898.25,811
2026-07-17T18:06:00+00:00,28896,28900.5,28872.25,28882.75,921
2026-07-17T18:07:00+00:00,28883,28889.25,28872,28887,680
2026-07-17T18:08:00+00:00,28887,28896.5,28872.5,28879.25,555
2026-07-17T18:09:00+00:00,28880.25,28887.5,28870.25,28873.5,615
2026-07-17T18:10:00+00:00,28873.75,28881.75,28865.5,28868.5,585
2026-07-17T18:11:00+00:00,28869.25,28870,28858.25,28865.25,551
2026-07-17T18:12:00+00:00,28866.25,28873.5,28859.25,28865.5,395
2026-07-17T18:13:00+00:00,28864.5,28873.75,28856.25,28870,495
2026-07-17T18:14:00+00:00,28870.5,28875.5,28858.5,28862.25,453
2026-07-17T18:15:00+00:00,28863.25,28870.75,28842,28846.5,1066
2026-07-17T18:16:00+00:00,28846,28850.25,28839,28842.5,826
2026-07-17T18:17:00+00:00,28844.25,28852.5,28833.5,28839.75,845
2026-07-17T18:18:00+00:00,28839.25,28847.25,28831.25,28835,600
2026-07-17T18:19:00+00:00,28835,28848.75,28831.25,28848,599
2026-07-17T18:20:00+00:00,28847.75,28850,28826,28831,776
2026-07-17T18:21:00+00:00,28831.25,28839.75,28825.25,28832.25,571
2026-07-17T18:22:00+00:00,28833,28847.5,28833,28847.25,684
2026-07-17T18:23:00+00:00,28846.5,28862.5,28838.5,28856,873
2026-07-17T18:24:00+00:00,28856.75,28857.5,28831.25,28838.25,760
2026-07-17T18:25:00+00:00,28837.5,28839.75,28824.5,28827.25,540
2026-07-17T18:26:00+00:00,28827.25,28839.5,28827.25,28829.25,457
2026-07-17T18:27:00+00:00,28829.25,28832.5,28822.5,28825.75,463
2026-07-17T18:28:00+00:00,28827.25,28843.5,28823,28837.25,491
2026-07-17T18:29:00+00:00,28837.75,28856.25,28837.75,28851.75,692
2026-07-17T18:30:00+00:00,28852,28891.75,28845.75,28879.25,1647
2026-07-17T18:31:00+00:00,28876.5,28886,28864,28865,632
2026-07-17T18:32:00+00:00,28863.25,28870,28844,28848,852
2026-07-17T18:33:00+00:00,28848.5,28858,28830.25,28831.5,749
2026-07-17T18:34:00+00:00,28832.5,28844.25,28825,28841.5,535
2026-07-17T18:35:00+00:00,28842,28850.75,28833.75,28838.75,510
2026-07-17T18:36:00+00:00,28839.5,28855,28836,28846.75,452
2026-07-17T18:37:00+00:00,28845.5,28851.25,28832.5,28837.75,404
2026-07-17T18:38:00+00:00,28837.5,28846.75,28832,28842.5,395
2026-07-17T18:39:00+00:00,28842.25,28844,28830.75,28837.75,363
2026-07-17T18:40:00+00:00,28839,28843.25,28814.75,28817.75,882
2026-07-17T18:41:00+00:00,28818,28823,28807,28813.75,1108
2026-07-17T18:42:00+00:00,28814,28828.25,28803.25,28808.75,1214
2026-07-17T18:43:00+00:00,28807.75,28813,28798.5,28799,879
2026-07-17T18:44:00+00:00,28798.75,28813,28797,28808.75,1082
2026-07-17T18:45:00+00:00,28808.25,28821.25,28797,28812.25,1103
2026-07-17T18:46:00+00:00,28813,28829.75,28804.25,28827.5,492
2026-07-17T18:47:00+00:00,28828.25,28847.75,28821.75,28846,789
2026-07-17T18:48:00+00:00,28846.5,28863,28840.75,28858.75,1071
2026-07-17T18:49:00+00:00,28859.25,28869.75,28842.25,28847.75,626
2026-07-17T18:50:00+00:00,28846.75,28851.75,28832,28840,672
2026-07-17T18:51:00+00:00,28842.5,28857.75,28840.5,28850,833
2026-07-17T18:52:00+00:00,28850.75,28858.25,28844.5,28849.75,727
2026-07-17T18:53:00+00:00,28851.25,28872,28850.75,28866.25,540
2026-07-17T18:54:00+00:00,28867.25,28881.25,28857,28880.25,622
2026-07-17T18:55:00+00:00,28880.75,28886,28872,28873,702
2026-07-17T18:56:00+00:00,28873.75,28875,28863.75,28866.75,542
2026-07-17T18:57:00+00:00,28867,28876.5,28852.25,28873.75,606
2026-07-17T18:58:00+00:00,28873.25,28877.75,28868.25,28872.75,463
2026-07-17T18:59:00+00:00,28872.5,28879.5,28861,28861.25,488
2026-07-17T19:00:00+00:00,28861,28869.25,28850.25,28853.25,844
2026-07-17T19:01:00+00:00,28853,28856,28838.5,28845,979
2026-07-17T19:02:00+00:00,28845,28853.5,28835.25,28836,520
2026-07-17T19:03:00+00:00,28835.25,28848.75,28830.5,28847.75,550
2026-07-17T19:04:00+00:00,28848.25,28861.5,28842,28850.5,571
2026-07-17T19:05:00+00:00,28850.75,28856.75,28840.25,28852.5,424
2026-07-17T19:06:00+00:00,28851.25,28858.25,28825,28827.75,550
2026-07-17T19:07:00+00:00,28826.75,28828.5,28815,28817.25,622
2026-07-17T19:08:00+00:00,28816.5,28825,28810.5,28813.75,427
2026-07-17T19:09:00+00:00,28813.25,28820.75,28809.75,28816.25,435
2026-07-17T19:10:00+00:00,28815,28820.5,28801.75,28805,679
2026-07-17T19:11:00+00:00,28805.25,28805.75,28786.25,28794.75,802
2026-07-17T19:12:00+00:00,28794.25,28798.75,28779,28781,870
2026-07-17T19:13:00+00:00,28781.5,28786.75,28772.5,28772.5,621
2026-07-17T19:14:00+00:00,28773,28775.25,28757.75,28760,944
2026-07-17T19:15:00+00:00,28759.25,28768,28746.5,28751.5,1175
2026-07-17T19:16:00+00:00,28752,28762.5,28737.25,28739.5,887
2026-07-17T19:17:00+00:00,28740.5,28753,28734.5,28748,652
2026-07-17T19:18:00+00:00,28748,28769.75,28747.25,28750.25,1140
2026-07-17T19:19:00+00:00,28750,28775.25,28747.75,28767.25,763
2026-07-17T19:20:00+00:00,28767.25,28767.75,28750.25,28762,585
2026-07-17T19:21:00+00:00,28761.75,28763.25,28752,28753.75,441
2026-07-17T19:22:00+00:00,28754.5,28756.25,28743.5,28747,504
2026-07-17T19:23:00+00:00,28748.5,28753.25,28742.5,28746.5,489
2026-07-17T19:24:00+00:00,28747,28753.75,28734,28734.75,605
2026-07-17T19:25:00+00:00,28735.25,28737.75,28718.5,28723.5,977
2026-07-17T19:26:00+00:00,28723.5,28744,28721,28742.5,637
2026-07-17T19:27:00+00:00,28742.75,28771,28738,28767.25,957
2026-07-17T19:28:00+00:00,28767.25,28797.25,28767,28791,1046
2026-07-17T19:29:00+00:00,28791.25,28807,28785.75,28795.5,764
2026-07-17T19:30:00+00:00,28795.75,28846.5,28794.75,28809,3243
2026-07-17T19:31:00+00:00,28807,28826,28791.75,28820.75,1242
2026-07-17T19:32:00+00:00,28820.75,28820.75,28794.5,28806,825
2026-07-17T19:33:00+00:00,28805.25,28816.75,28799.5,28813.5,744
2026-07-17T19:34:00+00:00,28814.5,28826,28796.75,28801.75,702
2026-07-17T19:35:00+00:00,28802.25,28810.25,28788.5,28795.75,856
2026-07-17T19:36:00+00:00,28794.5,28804,28784.5,28801,545
2026-07-17T19:37:00+00:00,28800.5,28825.25,28794.75,28815,678
2026-07-17T19:38:00+00:00,28814.25,28816.5,28791.75,28793.25,540
2026-07-17T19:39:00+00:00,28791.75,28793.75,28766.5,28767.25,888
2026-07-17T19:40:00+00:00,28767.75,28784,28753.75,28765.75,963
2026-07-17T19:41:00+00:00,28765.25,28795.75,28764.75,28791.5,827
2026-07-17T19:42:00+00:00,28791,28798,28769.5,28791.75,729
2026-07-17T19:43:00+00:00,28791.25,28799.25,28788,28796,486
2026-07-17T19:44:00+00:00,28796,28809,28794.25,28795.5,893
2026-07-17T19:45:00+00:00,28795.5,28819.25,28788.5,28805,1277
2026-07-17T19:46:00+00:00,28805.25,28807.75,28788,28799.25,738
2026-07-17T19:47:00+00:00,28800,28820.5,28799.25,28817.75,780
2026-07-17T19:48:00+00:00,28819,28827.25,28816,28822,696
2026-07-17T19:49:00+00:00,28824,28830.75,28805.75,28827.25,861
2026-07-17T19:50:00+00:00,28827.25,28848.25,28817.25,28821,1886
2026-07-17T19:51:00+00:00,28820,28853.5,28816.75,28846.5,995
2026-07-17T19:52:00+00:00,28845.25,28848.5,28818,28828,1093
2026-07-17T19:53:00+00:00,28826.75,28834.75,28818.5,28827.25,913
2026-07-17T19:54:00+00:00,28827.25,28844.5,28806.75,28838,1737
2026-07-17T19:55:00+00:00,28836.75,28846.25,28817.5,28831.75,1552
2026-07-17T19:56:00+00:00,28832,28848.5,28829.5,28838,946
2026-07-17T19:57:00+00:00,28837.75,28840,28813.25,28816.5,1170
2026-07-17T19:58:00+00:00,28816.25,28820.5,28809.75,28817.75,1385
2026-07-17T19:59:00+00:00,28818.25,28818.25,28756,28764.25,7583
2026-07-17T20:00:00+00:00,28764.5,28768,28738.75,28744.5,3608
2026-07-17T20:01:00+00:00,28743.5,28762.25,28737.75,28745.75,1307
2026-07-17T20:02:00+00:00,28746.25,28754,28725.75,28740.5,1285
2026-07-17T20:03:00+00:00,28740.5,28741.5,28716.75,28717.75,1046
2026-07-17T20:04:00+00:00,28716.25,28728.5,28712.5,28728.5,560
2026-07-17T20:05:00+00:00,28727,28741.75,28721.5,28733.5,832
2026-07-17T20:06:00+00:00,28733.5,28739.75,28723.5,28729.25,471
2026-07-17T20:07:00+00:00,28726.5,28729,28717,28724.5,478
2026-07-17T20:08:00+00:00,28724.25,28731.75,28724,28729,295
2026-07-17T20:09:00+00:00,28729.5,28736.25,28727.75,28736,327
2026-07-17T20:10:00+00:00,28736.25,28737.5,28716.5,28723,574
2026-07-17T20:11:00+00:00,28722.75,28735.75,28721,28732.25,442
2026-07-17T20:12:00+00:00,28732.25,28737.25,28723.5,28732.75,317
2026-07-17T20:13:00+00:00,28732.75,28748.5,28732.25,28743.5,455
2026-07-17T20:14:00+00:00,28743,28745.25,28737.5,28738.5,459
2026-07-20T13:30:00+00:00,29045,29068.25,29025.75,29059.25,3674
2026-07-20T13:31:00+00:00,29058.5,29084.25,29047.75,29061.25,2456
2026-07-20T13:32:00+00:00,29062.75,29113.25,29058.25,29109,2894
2026-07-20T13:33:00+00:00,29108.25,29123.75,29098.75,29123,1736
2026-07-20T13:34:00+00:00,29122.5,29137.75,29115.25,29136.5,1708
2026-07-20T13:35:00+00:00,29136.75,29149.5,29127,29130.5,2175
2026-07-20T13:36:00+00:00,29130.25,29149,29126.25,29148.25,2293
2026-07-20T13:37:00+00:00,29148.25,29167.25,29145.75,29158,1913
2026-07-20T13:38:00+00:00,29158.5,29166,29145.5,29153.5,1536
2026-07-20T13:39:00+00:00,29150.75,29153,29119.5,29125,2353
2026-07-20T13:40:00+00:00,29127,29146.5,29121.25,29126,1310
2026-07-20T13:41:00+00:00,29127.5,29158.25,29126.75,29147.25,1341
2026-07-20T13:42:00+00:00,29146.5,29162.75,29144,29160,1289
2026-07-20T13:43:00+00:00,29159.25,29181.75,29156.75,29177,2219
2026-07-20T13:44:00+00:00,29176.5,29179.75,29166.25,29178.25,1269
2026-07-20T13:45:00+00:00,29177.75,29192.5,29169.25,29170.5,3399
2026-07-20T13:46:00+00:00,29169.5,29179.25,29148.75,29161.25,2070
2026-07-20T13:47:00+00:00,29159.5,29160.75,29141,29143.25,1464
2026-07-20T13:48:00+00:00,29143.5,29149.5,29133,29141.75,1319
2026-07-20T13:49:00+00:00,29140,29147,29115.75,29117.75,1597
2026-07-20T13:50:00+00:00,29117.5,29131.25,29097.25,29104.5,2067
2026-07-20T13:51:00+00:00,29105.75,29107,29069,29074,2327
2026-07-20T13:52:00+00:00,29073.25,29081.75,29031.75,29057,3057
2026-07-20T13:53:00+00:00,29056.75,29062.25,29027.5,29052,1917
2026-07-20T13:54:00+00:00,29053,29072.75,29045.25,29064.5,1696
2026-07-20T13:55:00+00:00,29065.25,29066.75,29042,29047.75,1730
2026-07-20T13:56:00+00:00,29048.5,29049.5,29018.5,29039.75,2197
2026-07-20T13:57:00+00:00,29040,29040.5,28996,28999.25,1945
2026-07-20T13:58:00+00:00,28999.25,29016.25,28981.75,28984.75,1726
2026-07-20T13:59:00+00:00,28983.25,29006.25,28979.75,28994.75,1862
2026-07-20T14:00:00+00:00,28996,29005.25,28975,28998,2703
2026-07-20T14:01:00+00:00,28998.75,29004,28961,28986.5,2240
2026-07-20T14:02:00+00:00,28985.5,29021,28984.75,29014.75,2154
2026-07-20T14:03:00+00:00,29015.75,29035.75,29013.5,29034.25,1814
2026-07-20T14:04:00+00:00,29034.5,29049,29014.5,29019,1523
2026-07-20T14:05:00+00:00,29020,29027.75,29006,29006,1590
2026-07-20T14:06:00+00:00,29006,29017.25,28991.25,29002.25,1418
2026-07-20T14:07:00+00:00,29001.75,29019.75,28983.5,29014.5,1354
2026-07-20T14:08:00+00:00,29015.25,29023.5,28991.75,28996,1086
2026-07-20T14:09:00+00:00,28997,29013.5,28988,29008.5,928
2026-07-20T14:10:00+00:00,29007,29007.5,28957.75,28963.25,1611
2026-07-20T14:11:00+00:00,28962.5,28980.25,28943,28954.25,1723
2026-07-20T14:12:00+00:00,28953.25,28962.75,28939,28947,1342
2026-07-20T14:13:00+00:00,28946.5,28969.75,28938,28967.5,1360
2026-07-20T14:14:00+00:00,28967.5,28991,28963.25,28973.5,1599
2026-07-20T14:15:00+00:00,28971.75,28998.25,28955.25,28997,1600
2026-07-20T14:16:00+00:00,28997,29005.5,28957,28966.25,1392
2026-07-20T14:17:00+00:00,28966.75,28967.75,28949.25,28952.25,974
2026-07-20T14:18:00+00:00,28951,28966.5,28938.5,28965.75,1520
2026-07-20T14:19:00+00:00,28965,28977.75,28940.5,28959.75,1071
2026-07-20T14:20:00+00:00,28959.75,28964.75,28924.5,28931.5,1565
2026-07-20T14:21:00+00:00,28930.5,28932.75,28910.25,28924.5,1486
2026-07-20T14:22:00+00:00,28923.75,28947.75,28908,28946.5,1276
2026-07-20T14:23:00+00:00,28946,28976.75,28936.5,28970.25,1358
2026-07-20T14:24:00+00:00,28970.75,28985.75,28967.75,28968,1038
2026-07-20T14:25:00+00:00,28967.5,29000.25,28963,28994.75,1370
2026-07-20T14:26:00+00:00,28994.75,29012.5,28981,29005.75,1036
2026-07-20T14:27:00+00:00,29005.5,29015.5,28992.75,28995.25,870
2026-07-20T14:28:00+00:00,28995,29004.5,28976.5,29000.75,907
2026-07-20T14:29:00+00:00,29002,29032.75,28999.25,29030.75,1232
2026-07-20T14:30:00+00:00,29030.75,29053.75,29022.75,29044.5,1515
2026-07-20T14:31:00+00:00,29043.75,29045.75,29012.5,29030.5,1184
2026-07-20T14:32:00+00:00,29027.75,29033.5,28990,29010.25,1351
2026-07-20T14:33:00+00:00,29008.5,29009.25,28992.5,28998.75,546
2026-07-20T14:34:00+00:00,28999.25,29012,28980.75,29002.25,1036
2026-07-20T14:35:00+00:00,29002,29025.75,28990.25,29020,1064
2026-07-20T14:36:00+00:00,29020.75,29023.25,28991.5,28993.5,738
2026-07-20T14:37:00+00:00,28994.25,29002.5,28978,28994.5,833
2026-07-20T14:38:00+00:00,28993,28993.75,28972.5,28987.25,907
2026-07-20T14:39:00+00:00,28988.75,29003,28982.75,28992,706
2026-07-20T14:40:00+00:00,28992.25,29016,28987.5,29011.5,850
2026-07-20T14:41:00+00:00,29010.25,29015,28975,28977,813
2026-07-20T14:42:00+00:00,28978,28997.25,28973.25,28979.5,737
2026-07-20T14:43:00+00:00,28979.5,28989.5,28953,28959.5,987
2026-07-20T14:44:00+00:00,28958,28976.5,28952.75,28964.5,824
2026-07-20T14:45:00+00:00,28965.5,28979.25,28932,28975.75,2022
2026-07-20T14:46:00+00:00,28974.25,29004.25,28973.5,28991.25,1183
2026-07-20T14:47:00+00:00,28993,29002.75,28953.5,28956.5,979
2026-07-20T14:48:00+00:00,28955.75,28961,28926.5,28942,1209
2026-07-20T14:49:00+00:00,28943.75,28950.25,28925.25,28927.25,1023
2026-07-20T14:50:00+00:00,28928.5,28946.75,28919,28932.25,1070
2026-07-20T14:51:00+00:00,28930.75,28941.25,28918.5,28928.5,892
2026-07-20T14:52:00+00:00,28929,28941.25,28910,28914,1002
2026-07-20T14:53:00+00:00,28912.75,28916.75,28895.75,28903.25,1394
2026-07-20T14:54:00+00:00,28902.75,28920.25,28902.25,28912.5,1155
2026-07-20T14:55:00+00:00,28909.5,28923.5,28901,28922.75,876
2026-07-20T14:56:00+00:00,28921.25,28929,28884.25,28888.5,1538
2026-07-20T14:57:00+00:00,28888.75,28897,28880.75,28896,1175
2026-07-20T14:58:00+00:00,28895.75,28910,28876.75,28879,1452
2026-07-20T14:59:00+00:00,28879.5,28902.5,28874,28891.5,1208
2026-07-20T15:00:00+00:00,28891.75,28914.25,28873.25,28911.75,1765
2026-07-20T15:01:00+00:00,28913,28922.5,28905,28920.25,1174
2026-07-20T15:02:00+00:00,28920.75,28943.25,28918.5,28942,1189
2026-07-20T15:03:00+00:00,28941,28957,28925,28928.25,1298
2026-07-20T15:04:00+00:00,28929,28937.75,28913,28927,1030
2026-07-20T15:05:00+00:00,28927,28939.75,28883.5,28891.5,1940
2026-07-20T15:06:00+00:00,28892,28918,28890.75,28913.75,973
2026-07-20T15:07:00+00:00,28915.5,28947.25,28913.5,28941.5,929
2026-07-20T15:08:00+00:00,28942.5,28985.25,28938.5,28965.5,1617
2026-07-20T15:09:00+00:00,28965.5,28988.25,28957.75,28987.5,1574
2026-07-20T15:10:00+00:00,28985.5,28989.5,28954,28954,1176
2026-07-20T15:11:00+00:00,28953.5,28960,28935.5,28947.25,938
2026-07-20T15:12:00+00:00,28948,28963.5,28940.5,28944.25,753
2026-07-20T15:13:00+00:00,28943.5,28965.25,28943,28958,844
2026-07-20T15:14:00+00:00,28958,28961.5,28933.25,28945,1012
2026-07-20T15:15:00+00:00,28946,28966.5,28928.75,28963,968
2026-07-20T15:16:00+00:00,28963.25,28979.25,28957,28977.5,738
2026-07-20T15:17:00+00:00,28978.75,28996.5,28978,28991.75,772
2026-07-20T15:18:00+00:00,28991.75,28997.5,28984,28989.25,585
2026-07-20T15:19:00+00:00,28990.25,28991.75,28966.25,28972.25,725
2026-07-20T15:20:00+00:00,28973,28983.75,28957.75,28983.5,756
2026-07-20T15:21:00+00:00,28983,29002.25,28982.5,28996.5,869
2026-07-20T15:22:00+00:00,28995.75,29007,28991.75,29003.75,623
2026-07-20T15:23:00+00:00,29003.5,29024.5,29000.25,29002.25,1101
2026-07-20T15:24:00+00:00,29002.75,29013.5,28997,29001.5,582
2026-07-20T15:25:00+00:00,29001.5,29014.75,28993.5,29002.5,587
2026-07-20T15:26:00+00:00,29005.5,29020.75,28998.75,28999.75,687
2026-07-20T15:27:00+00:00,29000,29012.5,28992.75,28994.5,653
2026-07-20T15:28:00+00:00,28994.25,28995.5,28970.25,28974,880
2026-07-20T15:29:00+00:00,28973.75,29016.5,28969.75,29015.5,1090
2026-07-20T15:30:00+00:00,29015.75,29025.5,29014.5,29023.75,1089
2026-07-20T15:31:00+00:00,29024.5,29031,29021.25,29028.25,845
2026-07-20T15:32:00+00:00,29027.5,29029.5,29017.5,29019,530
2026-07-20T15:33:00+00:00,29018.25,29023.75,29012.75,29021.25,528
2026-07-20T15:34:00+00:00,29021.75,29027.5,29010,29020.5,749
2026-07-20T15:35:00+00:00,29021,29028,29010.75,29020.5,602
2026-07-20T15:36:00+00:00,29020.75,29025.5,29012.25,29022,333
2026-07-20T15:37:00+00:00,29022,29025.5,29005,29006.25,764
2026-07-20T15:38:00+00:00,29007.25,29013.25,29001.25,29011,518
2026-07-20T15:39:00+00:00,29011.75,29020.25,28998.75,29000.25,607
2026-07-20T15:40:00+00:00,29000.25,29001.5,28986.25,28993.5,741
2026-07-20T15:41:00+00:00,28994,29013.25,28993.25,29006.5,756
2026-07-20T15:42:00+00:00,29006.75,29029.75,29006.75,29020.5,809
2026-07-20T15:43:00+00:00,29021.25,29034.75,29010,29012,774
2026-07-20T15:44:00+00:00,29011,29028.75,29005,29027.5,448
2026-07-20T15:45:00+00:00,29028.5,29031.5,29009.25,29017,654
2026-07-20T15:46:00+00:00,29016.5,29025,29011.25,29018,489
2026-07-20T15:47:00+00:00,29018.75,29026.25,28991.5,29000.75,794
2026-07-20T15:48:00+00:00,28999.75,28999.75,28980.5,28985.75,613
2026-07-20T15:49:00+00:00,28985.75,28997.5,28978,28985,676
2026-07-20T15:50:00+00:00,28984.5,28994.75,28974,28993.75,766
2026-07-20T15:51:00+00:00,28994.5,29022.5,28992.75,29016.5,960
2026-07-20T15:52:00+00:00,29016.5,29024.5,29011,29019.75,765
2026-07-20T15:53:00+00:00,29019.5,29040,29018,29037.25,752
2026-07-20T15:54:00+00:00,29038,29055.25,29037,29043.75,1010
2026-07-20T15:55:00+00:00,29044.25,29058.5,29044.25,29056.25,709
2026-07-20T15:56:00+00:00,29055.5,29064,29052,29062,665
2026-07-20T15:57:00+00:00,29062.5,29066.75,29047,29053.5,786
2026-07-20T15:58:00+00:00,29053,29062.75,29043,29055.25,600
2026-07-20T15:59:00+00:00,29055.75,29060.25,29047,29050.75,449
2026-07-20T16:00:00+00:00,29050.75,29067.75,29044.75,29060,767
2026-07-20T16:01:00+00:00,29060.25,29069,29048.5,29049.25,827
2026-07-20T16:02:00+00:00,29048.25,29050.25,29028.75,29035,1045
2026-07-20T16:03:00+00:00,29034.5,29060,29029,29059.5,878
2026-07-20T16:04:00+00:00,29059.75,29067.25,29058,29063,818
2026-07-20T16:05:00+00:00,29063.75,29098.75,29062.75,29091.5,1429
2026-07-20T16:06:00+00:00,29091,29099.75,29082.75,29097.5,790
2026-07-20T16:07:00+00:00,29097,29103.75,29093,29102,727
2026-07-20T16:08:00+00:00,29101.75,29105.25,29098.75,29100.75,639
2026-07-20T16:09:00+00:00,29100.5,29105.75,29097,29103.25,626
2026-07-20T16:10:00+00:00,29103.75,29115.25,29101.5,29109.75,867
2026-07-20T16:11:00+00:00,29109.5,29116.5,29102,29108.75,840
2026-07-20T16:12:00+00:00,29108.5,29119,29107.25,29108,541
2026-07-20T16:13:00+00:00,29109,29115,29097,29100.5,732
2026-07-20T16:14:00+00:00,29100.75,29107.75,29095,29107,662
2026-07-20T16:15:00+00:00,29107,29109.5,29088.75,29089.25,759
2026-07-20T16:16:00+00:00,29090,29093.25,29084,29088.5,874
2026-07-20T16:17:00+00:00,29088.5,29100.25,29085.5,29099.75,677
2026-07-20T16:18:00+00:00,29100,29106.5,29092,29105,604
2026-07-20T16:19:00+00:00,29104.25,29105.75,29097.25,29104.25,371
2026-07-20T16:20:00+00:00,29104.75,29111.75,29099.75,29111,494
2026-07-20T16:21:00+00:00,29111.5,29112.75,29099.25,29102.75,463
2026-07-20T16:22:00+00:00,29104,29108.5,29100,29104.25,396
2026-07-20T16:23:00+00:00,29102.25,29109.75,29100.75,29106.75,250
2026-07-20T16:24:00+00:00,29106.5,29110.75,29094.25,29101,559
2026-07-20T16:25:00+00:00,29101.25,29105.5,29076.75,29082,849
2026-07-20T16:26:00+00:00,29082,29082,29069.75,29079,672
2026-07-20T16:27:00+00:00,29079.75,29087.75,29074.25,29079.75,453
2026-07-20T16:28:00+00:00,29079.25,29081.25,29071.5,29075.5,342
2026-07-20T16:29:00+00:00,29074.5,29085.75,29073,29084.5,473
2026-07-20T16:30:00+00:00,29085,29101.25,29079.25,29083,781
2026-07-20T16:31:00+00:00,29083,29087,29074.75,29082,457
2026-07-20T16:32:00+00:00,29081.75,29081.75,29064.5,29066.75,630
2026-07-20T16:33:00+00:00,29066.25,29068.25,29047,29047,894
2026-07-20T16:34:00+00:00,29048,29057.5,29043.5,29045.75,612
2026-07-20T16:35:00+00:00,29046.25,29058.5,29044.25,29052.75,523
2026-07-20T16:36:00+00:00,29053.5,29056.75,29047.75,29052.75,391
2026-07-20T16:37:00+00:00,29053.25,29064.75,29042.75,29064.25,811
2026-07-20T16:38:00+00:00,29063.25,29067.5,29050.25,29057.5,596
2026-07-20T16:39:00+00:00,29056.75,29075.75,29052.75,29074.75,587
2026-07-20T16:40:00+00:00,29074,29083.25,29064.5,29069.5,581
2026-07-20T16:41:00+00:00,29067,29074.75,28962,29014,3518
2026-07-20T16:42:00+00:00,29015.25,29030.25,29000.75,29017,1160
2026-07-20T16:43:00+00:00,29016.5,29027.5,29011.75,29022,614
2026-07-20T16:44:00+00:00,29022,29025.5,28995.5,29004.25,848
2026-07-20T16:45:00+00:00,29005,29008.5,28995,29001.5,959
2026-07-20T16:46:00+00:00,29002.25,29025.25,28991.75,29023.25,1063
2026-07-20T16:47:00+00:00,29023,29041.75,29023,29036.5,743
2026-07-20T16:48:00+00:00,29037.75,29042.75,29032,29036.75,362
2026-07-20T16:49:00+00:00,29036.5,29051.75,29035.25,29049.75,448
2026-07-20T16:50:00+00:00,29050.5,29051,29019.25,29030.5,835
2026-07-20T16:51:00+00:00,29031.25,29036.75,29007.75,29012,808
2026-07-20T16:52:00+00:00,29011.5,29016.5,28998.75,29005,1256
2026-07-20T16:53:00+00:00,29005,29007.5,28994.75,29004.5,588
2026-07-20T16:54:00+00:00,29004.5,29006,28975,28977,1556
2026-07-20T16:55:00+00:00,28976.5,28985,28966.5,28981,944
2026-07-20T16:56:00+00:00,28980.75,28983,28957.75,28959,971
2026-07-20T16:57:00+00:00,28958.5,28973.75,28956,28970.25,785
2026-07-20T16:58:00+00:00,28971,28983.75,28970.25,28972,749
2026-07-20T16:59:00+00:00,28972,28989,28968,28983.75,601
2026-07-20T17:00:00+00:00,28983,28999.75,28979.75,28992.5,923
2026-07-20T17:01:00+00:00,28994.5,28996.25,28956.75,28963,1087
2026-07-20T17:02:00+00:00,28963,28969.25,28954.75,28967,909
2026-07-20T17:03:00+00:00,28967,28973,28959,28969,490
2026-07-20T17:04:00+00:00,28969,28972,28960,28961,454
2026-07-20T17:05:00+00:00,28961.75,28964.75,28946.75,28954,625
2026-07-20T17:06:00+00:00,28954.5,28959,28942.5,28957.5,562
2026-07-20T17:07:00+00:00,28958.25,28960,28947.75,28949,380
2026-07-20T17:08:00+00:00,28949.25,28951,28937.5,28947.75,546
2026-07-20T17:09:00+00:00,28947.75,28970.25,28947.25,28967.5,572
2026-07-20T17:10:00+00:00,28967.5,28970.5,28939.5,28944.5,686
2026-07-20T17:11:00+00:00,28943.75,28947.25,28939,28943.5,393
2026-07-20T17:12:00+00:00,28944.25,28946.75,28936.25,28941.75,493
2026-07-20T17:13:00+00:00,28941,28948,28930.75,28937.75,579
2026-07-20T17:14:00+00:00,28937.5,28938.5,28922,28926.5,739
2026-07-20T17:15:00+00:00,28926.25,28926.25,28910.25,28912.75,823
2026-07-20T17:16:00+00:00,28913.75,28922.75,28911.5,28918,499
2026-07-20T17:17:00+00:00,28918.5,28942.25,28916.75,28940,894
2026-07-20T17:18:00+00:00,28940.75,28954.75,28940.5,28954,562
2026-07-20T17:19:00+00:00,28954.25,28960.25,28947,28956.75,682
2026-07-20T17:20:00+00:00,28955,28958.5,28941.5,28952.25,438
2026-07-20T17:21:00+00:00,28953,28964.25,28950,28960.75,539
2026-07-20T17:22:00+00:00,28962.25,28975.75,28962,28967,735
2026-07-20T17:23:00+00:00,28967.5,28973.5,28960,28971,621
2026-07-20T17:24:00+00:00,28971,28972,28951.5,28958.25,578
2026-07-20T17:25:00+00:00,28957.5,28969.75,28952,28968,422
2026-07-20T17:26:00+00:00,28969.25,28974.5,28957.5,28973.25,389
2026-07-20T17:27:00+00:00,28973.75,28974.5,28945.75,28949.5,513
2026-07-20T17:28:00+00:00,28950.5,28953,28944.75,28952.5,347
2026-07-20T17:29:00+00:00,28952.25,28962.75,28949,28957.25,412
2026-07-20T17:30:00+00:00,28958.25,28966.5,28946.5,28955.25,786
2026-07-20T17:31:00+00:00,28955.5,28956.5,28945.75,28949.5,247
2026-07-20T17:32:00+00:00,28949.5,28962.75,28946.5,28960.25,435
2026-07-20T17:33:00+00:00,28960.25,28966,28952.25,28955.25,379
2026-07-20T17:34:00+00:00,28954.75,28968.25,28953.75,28957.75,336
2026-07-20T17:35:00+00:00,28956.5,28973.25,28952,28965.25,450
2026-07-20T17:36:00+00:00,28968,28969.25,28945.5,28949.5,403
2026-07-20T17:37:00+00:00,28948.25,28953.25,28943.25,28947.75,331
2026-07-20T17:38:00+00:00,28948,28952,28940.5,28946.5,303
2026-07-20T17:39:00+00:00,28945.75,28957.5,28943,28945,512
2026-07-20T17:40:00+00:00,28946,28947.25,28927.25,28931,733
2026-07-20T17:41:00+00:00,28931.5,28933.25,28918,28928,616
2026-07-20T17:42:00+00:00,28927.5,28929.25,28915,28922.75,477
2026-07-20T17:43:00+00:00,28922.25,28926.5,28900.75,28906.25,956
2026-07-20T17:44:00+00:00,28906,28912.75,28902.5,28910,570
2026-07-20T17:45:00+00:00,28910.75,28941.5,28908.75,28939.25,808
2026-07-20T17:46:00+00:00,28939.25,28949.5,28927.25,28935.75,732
2026-07-20T17:47:00+00:00,28936,28944.5,28931.75,28943,385
2026-07-20T17:48:00+00:00,28943.5,28956.5,28943.25,28952.25,484
2026-07-20T17:49:00+00:00,28952.25,28954.25,28939.75,28946.25,343
2026-07-20T17:50:00+00:00,28945.25,28959,28943.25,28951.75,392
2026-07-20T17:51:00+00:00,28952,28967.25,28943,28965,417
2026-07-20T17:52:00+00:00,28964.5,28979,28963.5,28976.25,615
2026-07-20T17:53:00+00:00,28975.25,28978.5,28967.25,28974,400
2026-07-20T17:54:00+00:00,28974.5,28982.75,28969.5,28969.5,520
2026-07-20T17:55:00+00:00,28970,28971.25,28957.5,28966.5,413
2026-07-20T17:56:00+00:00,28965.5,28967,28941,28949.25,612
2026-07-20T17:57:00+00:00,28949.75,28966,28949.75,28960.75,542
2026-07-20T17:58:00+00:00,28961.5,28968.5,28951.75,28955.5,321
2026-07-20T17:59:00+00:00,28954.75,28957,28948,28956.5,276
2026-07-20T18:00:00+00:00,28957,28976.75,28956.5,28975.75,530
2026-07-20T18:01:00+00:00,28976,28990.25,28975.5,28989,950
2026-07-20T18:02:00+00:00,28988,28989.5,28977,28987.5,534
2026-07-20T18:03:00+00:00,28988.5,28992.25,28968.75,28973,635
2026-07-20T18:04:00+00:00,28973.75,28974,28963.5,28970.75,397
2026-07-20T18:05:00+00:00,28970,28979.75,28966,28973.5,457
2026-07-20T18:06:00+00:00,28974.25,28975.75,28961,28975.75,305
2026-07-20T18:07:00+00:00,28975.25,28978.5,28965.75,28967.5,214
2026-07-20T18:08:00+00:00,28966.5,28971.25,28956.75,28970,309
2026-07-20T18:09:00+00:00,28969.25,28989,28969.25,28988.5,336
2026-07-20T18:10:00+00:00,28989,28993,28980,28987.5,473
2026-07-20T18:11:00+00:00,28986.5,28989.75,28975,28985,406
2026-07-20T18:12:00+00:00,28985,29002,28982.75,28994.5,620
2026-07-20T18:13:00+00:00,28995.25,29001.25,28993,28997.75,399
2026-07-20T18:14:00+00:00,28998.25,28998.25,28990.25,28992.5,172
2026-07-20T18:15:00+00:00,28993,28994.25,28985,28987,467
2026-07-20T18:16:00+00:00,28988.25,28996,28979,28992.25,499
2026-07-20T18:17:00+00:00,28991.25,29009.75,28991.25,28997,708
2026-07-20T18:18:00+00:00,28997.5,29001.5,28981.75,28990.75,392
2026-07-20T18:19:00+00:00,28989.75,28994,28982.5,28993.75,233
2026-07-20T18:20:00+00:00,28993.25,28996.25,28980.75,28980.75,312
2026-07-20T18:21:00+00:00,28981,28985.5,28963.25,28974.25,1328
2026-07-20T18:22:00+00:00,28974.25,28974.25,28959,28963.5,569
2026-07-20T18:23:00+00:00,28963.5,28966.25,28947.75,28955.75,797
2026-07-20T18:24:00+00:00,28956,28957,28938.25,28940.75,536
2026-07-20T18:25:00+00:00,28941.5,28961.75,28932,28960,820
2026-07-20T18:26:00+00:00,28958.75,28964,28955.25,28960.5,563
2026-07-20T18:27:00+00:00,28960.25,28962,28953,28956.25,292
2026-07-20T18:28:00+00:00,28955,28965.5,28949,28963.5,415
2026-07-20T18:29:00+00:00,28964,28971.75,28947.25,28949,443
2026-07-20T18:30:00+00:00,28949,28949,28922.5,28923.75,722
2026-07-20T18:31:00+00:00,28925,28930.25,28918,28930,563
2026-07-20T18:32:00+00:00,28930.25,28933.5,28920.5,28929.5,380
2026-07-20T18:33:00+00:00,28927.25,28928,28912,28917.25,436
2026-07-20T18:34:00+00:00,28917.25,28917.75,28895,28907.5,1001
2026-07-20T18:35:00+00:00,28906.25,28930.25,28904.25,28923.25,769
2026-07-20T18:36:00+00:00,28924.25,28945.25,28923.75,28940.25,593
2026-07-20T18:37:00+00:00,28941.75,28945.75,28925,28925.75,442
2026-07-20T18:38:00+00:00,28925.75,28935.75,28914.75,28916.25,519
2026-07-20T18:39:00+00:00,28917.25,28917.5,28897.25,28906.25,523
2026-07-20T18:40:00+00:00,28905.75,28913.75,28891.25,28892.25,669
2026-07-20T18:41:00+00:00,28892.75,28893,28876,28888.75,1149
2026-07-20T18:42:00+00:00,28888,28890.25,28877.25,28883.75,561
2026-07-20T18:43:00+00:00,28886,28889,28868.75,28875.5,895
2026-07-20T18:44:00+00:00,28876,28882,28858.75,28859.25,927
2026-07-20T18:45:00+00:00,28860.5,28870.5,28855.75,28864.75,914
2026-07-20T18:46:00+00:00,28864.75,28886,28860.75,28885.25,1002
2026-07-20T18:47:00+00:00,28886,28891.25,28876.75,28882.25,539
2026-07-20T18:48:00+00:00,28880.75,28885.25,28876,28878.75,438
2026-07-20T18:49:00+00:00,28878.5,28886,28868.25,28872,812
2026-07-20T18:50:00+00:00,28870.5,28886.25,28861.5,28881.75,1064
2026-07-20T18:51:00+00:00,28881.25,28883,28870,28876.25,518
2026-07-20T18:52:00+00:00,28877,28885.25,28871.75,28881.75,505
2026-07-20T18:53:00+00:00,28881.5,28892.25,28879,28890,720
2026-07-20T18:54:00+00:00,28890.5,28901.25,28886.25,28893.25,586
2026-07-20T18:55:00+00:00,28892,28895,28887.25,28894.25,434
2026-07-20T18:56:00+00:00,28893.75,28897.5,28884.25,28886,422
2026-07-20T18:57:00+00:00,28885.5,28886.5,28869.75,28871.25,678
2026-07-20T18:58:00+00:00,28871.5,28871.5,28855.75,28867.75,669
2026-07-20T18:59:00+00:00,28868,28879.75,28867.75,28870,507
2026-07-20T19:00:00+00:00,28871,28894.75,28868.75,28893.25,679
2026-07-20T19:01:00+00:00,28893.5,28896,28882.5,28889.75,570
2026-07-20T19:02:00+00:00,28889.25,28891.25,28857.75,28857.75,684
2026-07-20T19:03:00+00:00,28858,28860.5,28844.75,28845.5,982
2026-07-20T19:04:00+00:00,28845,28852,28836.75,28845.5,824
2026-07-20T19:05:00+00:00,28845.75,28853.5,28835,28838,778
2026-07-20T19:06:00+00:00,28838.25,28855,28832.25,28853,1089
2026-07-20T19:07:00+00:00,28854.25,28855,28842.25,28853,523
2026-07-20T19:08:00+00:00,28853.5,28854,28843.75,28845.5,551
2026-07-20T19:09:00+00:00,28845.25,28858.5,28845,28849,555
2026-07-20T19:10:00+00:00,28848.5,28878,28846,28870.75,898
2026-07-20T19:11:00+00:00,28871.75,28871.75,28837.25,28846.5,968
2026-07-20T19:12:00+00:00,28845.75,28849.5,28834.25,28834.75,763
2026-07-20T19:13:00+00:00,28835,28835.25,28812.5,28814.25,1353
2026-07-20T19:14:00+00:00,28814.25,28819.75,28807.75,28807.75,837
2026-07-20T19:15:00+00:00,28808.5,28821.75,28796.5,28815.5,1565
2026-07-20T19:16:00+00:00,28815,28824.25,28808.25,28823,738
2026-07-20T19:17:00+00:00,28824,28836,28801.5,28818.25,999
2026-07-20T19:18:00+00:00,28818.25,28822.25,28809.75,28820.5,464
2026-07-20T19:19:00+00:00,28820.75,28827.75,28813.75,28814.75,445
2026-07-20T19:20:00+00:00,28814.25,28828,28803.5,28805.75,661
2026-07-20T19:21:00+00:00,28806,28816.75,28803,28806.5,451
2026-07-20T19:22:00+00:00,28806.75,28818.5,28806.75,28808.25,525
2026-07-20T19:23:00+00:00,28809,28823.25,28797.25,28822.5,715
2026-07-20T19:24:00+00:00,28822.75,28832.5,28817.25,28825.5,596
2026-07-20T19:25:00+00:00,28825.25,28828.5,28809.5,28810.25,509
2026-07-20T19:26:00+00:00,28810.25,28811.75,28800,28808.5,452
2026-07-20T19:27:00+00:00,28809.25,28813.25,28799,28812.75,381
2026-07-20T19:28:00+00:00,28812.25,28819.75,28804.25,28807.5,454
2026-07-20T19:29:00+00:00,28808.25,28869,28806.25,28855.5,2407
2026-07-20T19:30:00+00:00,28855.75,28874.25,28838.25,28841,1528
2026-07-20T19:31:00+00:00,28839.25,28868.25,28834.25,28865.25,930
2026-07-20T19:32:00+00:00,28866,28881,28861.25,28879.75,962
2026-07-20T19:33:00+00:00,28879.25,28883,28865.25,28867.75,687
2026-07-20T19:34:00+00:00,28867.5,28878.75,28862.5,28867.5,553
2026-07-20T19:35:00+00:00,28866,28869.5,28848,28849.5,633
2026-07-20T19:36:00+00:00,28850.5,28860,28843,28848.5,462
2026-07-20T19:37:00+00:00,28849,28853.75,28838.75,28842.75,530
2026-07-20T19:38:00+00:00,28842,28861.75,28837.25,28855.25,609
2026-07-20T19:39:00+00:00,28854,28873.75,28850.75,28862.75,617
2026-07-20T19:40:00+00:00,28862,28882,28854,28880,707
2026-07-20T19:41:00+00:00,28878.25,28893,28875.5,28886.75,820
2026-07-20T19:42:00+00:00,28887.25,28894.25,28858.25,28865,1603
2026-07-20T19:43:00+00:00,28865.5,28873,28858,28872,626
2026-07-20T19:44:00+00:00,28871.25,28873.5,28864.25,28866.5,292
2026-07-20T19:45:00+00:00,28866.5,28880,28846,28850,1302
2026-07-20T19:46:00+00:00,28849.75,28864,28841.75,28860,685
2026-07-20T19:47:00+00:00,28860.5,28862,28845,28848.75,516
2026-07-20T19:48:00+00:00,28847.75,28854.25,28842.5,28853.75,411
2026-07-20T19:49:00+00:00,28853.75,28870,28852.5,28868,684
2026-07-20T19:50:00+00:00,28866.25,28866.25,28818,28835.25,1573
2026-07-20T19:51:00+00:00,28835.25,28835.75,28810.25,28813.75,819
2026-07-20T19:52:00+00:00,28814,28820.75,28804,28812.25,1603
2026-07-20T19:53:00+00:00,28812,28812,28798,28799.5,683
2026-07-20T19:54:00+00:00,28799,28806.5,28793,28804.75,1401
2026-07-20T19:55:00+00:00,28805.25,28809,28768.25,28777.25,2292
2026-07-20T19:56:00+00:00,28777,28791.75,28772.25,28791.75,1169
2026-07-20T19:57:00+00:00,28791.5,28795.5,28779,28780.75,1103
2026-07-20T19:58:00+00:00,28780.75,28794,28779.5,28789,1540
2026-07-20T19:59:00+00:00,28789.75,28795.5,28767.75,28785.25,7481
2026-07-20T20:00:00+00:00,28785,28831.5,28782.25,28823.25,3439
2026-07-20T20:01:00+00:00,28823.25,28823.25,28800.5,28801.25,1147
2026-07-20T20:02:00+00:00,28801.25,28810,28792.75,28799.5,648
2026-07-20T20:03:00+00:00,28798.75,28801.5,28792.75,28795,253
2026-07-20T20:04:00+00:00,28793.75,28802.25,28789.5,28794.25,391
2026-07-20T20:05:00+00:00,28794.25,28801.25,28792,28796.75,281
2026-07-20T20:06:00+00:00,28797.25,28803,28794.5,28794.5,194
2026-07-20T20:07:00+00:00,28793.25,28793.25,28768.5,28778.5,531
2026-07-20T20:08:00+00:00,28778.75,28780.75,28773,28778.5,220
2026-07-20T20:09:00+00:00,28777.75,28778,28767,28772,227
2026-07-20T20:10:00+00:00,28772,28774.25,28768.25,28770.75,260
2026-07-20T20:11:00+00:00,28772,28775.75,28769.75,28772.5,196
2026-07-20T20:12:00+00:00,28772.25,28779.5,28772,28776.75,154
2026-07-20T20:13:00+00:00,28776.75,28783.75,28776.5,28780.75,200
2026-07-20T20:14:00+00:00,28780,28782.25,28771.5,28773,248
2026-07-21T13:30:00+00:00,29222.5,29246.25,29184.25,29185,6870
2026-07-21T13:31:00+00:00,29185.5,29198.5,29151.75,29170.5,3898
2026-07-21T13:32:00+00:00,29170.25,29173,29152.75,29167.75,2212
2026-07-21T13:33:00+00:00,29168.25,29183.25,29137.5,29139.25,2256
2026-07-21T13:34:00+00:00,29139.75,29157,29133,29147.25,2095
2026-07-21T13:35:00+00:00,29147,29189,29138,29187.25,2096
2026-07-21T13:36:00+00:00,29188.25,29226,29186.75,29199.5,2674
2026-07-21T13:37:00+00:00,29198.5,29198.5,29156.75,29173.25,2173
2026-07-21T13:38:00+00:00,29173,29206.75,29163.75,29200,1846
2026-07-21T13:39:00+00:00,29200,29214.5,29188,29191,1940
2026-07-21T13:40:00+00:00,29189.75,29193.25,29150.25,29164.25,2584
2026-07-21T13:41:00+00:00,29165.25,29166.75,29133.25,29145.5,1549
2026-07-21T13:42:00+00:00,29146,29167.75,29137.75,29142,1477
2026-07-21T13:43:00+00:00,29142.5,29179.75,29142.5,29152.25,1740
2026-07-21T13:44:00+00:00,29152,29169,29129.5,29144.5,1640
2026-07-21T13:45:00+00:00,29144.5,29153.5,29126,29136.25,2028
2026-07-21T13:46:00+00:00,29135.25,29144,29113,29114.75,1755
2026-07-21T13:47:00+00:00,29114.5,29126.75,29095.5,29116.5,2137
2026-07-21T13:48:00+00:00,29115.75,29135,29105,29123.75,1567
2026-07-21T13:49:00+00:00,29122.25,29144.25,29118.75,29143.25,1423
2026-07-21T13:50:00+00:00,29143,29171.5,29139.5,29158.25,2270
2026-07-21T13:51:00+00:00,29157.25,29178,29138.5,29141.5,1704
2026-07-21T13:52:00+00:00,29141.75,29163.25,29118.25,29162,1540
2026-07-21T13:53:00+00:00,29160,29172.25,29140.25,29161,1279
2026-07-21T13:54:00+00:00,29159,29166.25,29132.5,29140.5,1055
2026-07-21T13:55:00+00:00,29142.25,29163.75,29129.75,29139.5,1386
2026-07-21T13:56:00+00:00,29138.5,29138.5,29103.25,29108.75,1503
2026-07-21T13:57:00+00:00,29108,29114.75,29092.5,29114.75,1462
2026-07-21T13:58:00+00:00,29113.25,29119.75,29099.75,29115,1112
2026-07-21T13:59:00+00:00,29113.25,29153.5,29110.75,29152.75,1265
2026-07-21T14:00:00+00:00,29153.5,29188.5,29146,29170,2281
2026-07-21T14:01:00+00:00,29169.25,29181.25,29149,29155.75,1355
2026-07-21T14:02:00+00:00,29155.75,29166.5,29131.25,29131.25,1222
2026-07-21T14:03:00+00:00,29132,29133,29087.25,29111.75,2557
2026-07-21T14:04:00+00:00,29112,29117.25,29094.25,29113.25,1171
2026-07-21T14:05:00+00:00,29113,29115.75,29082.5,29101.25,1637
2026-07-21T14:06:00+00:00,29101.5,29138.5,29100.5,29134,1626
2026-07-21T14:07:00+00:00,29133.5,29135,29097.25,29101,1240
2026-07-21T14:08:00+00:00,29100.75,29106.75,29080.25,29094.25,1464
2026-07-21T14:09:00+00:00,29093.5,29104.25,29073.5,29080,1381
2026-07-21T14:10:00+00:00,29080.25,29093,29064.25,29080.75,1657
2026-07-21T14:11:00+00:00,29081,29096.75,29067.5,29084.25,1098
2026-07-21T14:12:00+00:00,29085.25,29101,29084,29091,959
2026-07-21T14:13:00+00:00,29089.75,29120.5,29088.5,29119,1232
2026-07-21T14:14:00+00:00,29119,29137.25,29117,29131.5,1470
2026-07-21T14:15:00+00:00,29129.5,29129.5,29073.25,29086,1892
2026-07-21T14:16:00+00:00,29085.5,29088.75,29067,29085.75,1243
2026-07-21T14:17:00+00:00,29085.25,29105.25,29072.75,29103,1071
2026-07-21T14:18:00+00:00,29102.25,29162.25,29101,29152.5,2103
2026-07-21T14:19:00+00:00,29152.75,29162.5,29147,29157,1003
2026-07-21T14:20:00+00:00,29157,29173,29138.75,29140,1526
2026-07-21T14:21:00+00:00,29140.75,29143.75,29112.5,29118.25,1495
2026-07-21T14:22:00+00:00,29118.25,29153.25,29117.5,29146,1260
2026-07-21T14:23:00+00:00,29145.5,29152.25,29131.5,29146.75,947
2026-07-21T14:24:00+00:00,29147.25,29156.5,29136.75,29147.75,741
2026-07-21T14:25:00+00:00,29148,29182.5,29141,29177.5,1405
2026-07-21T14:26:00+00:00,29177.25,29185.5,29168.5,29182.5,931
2026-07-21T14:27:00+00:00,29181.5,29211.5,29179,29207.25,1717
2026-07-21T14:28:00+00:00,29206.5,29218.25,29195.75,29199.5,1585
2026-07-21T14:29:00+00:00,29199.5,29210.25,29192.75,29207.25,841
2026-07-21T14:30:00+00:00,29207.25,29219.5,29202,29217.25,1277
2026-07-21T14:31:00+00:00,29216.5,29230,29203,29228.25,1304
2026-07-21T14:32:00+00:00,29227.75,29228.75,29210.5,29216,883
2026-07-21T14:33:00+00:00,29216.25,29222,29208,29211.5,757
2026-07-21T14:34:00+00:00,29211.75,29229.75,29206.75,29218.5,837
2026-07-21T14:35:00+00:00,29218.5,29236,29216.75,29226,1064
2026-07-21T14:36:00+00:00,29225.75,29231.5,29208.25,29220.75,937
2026-07-21T14:37:00+00:00,29220.25,29222.5,29208.75,29217.75,560
2026-07-21T14:38:00+00:00,29217.25,29219.25,29185.5,29198,1583
2026-07-21T14:39:00+00:00,29199.25,29205,29187,29202.75,798
2026-07-21T14:40:00+00:00,29203.75,29208,29188.75,29200.75,809
2026-07-21T14:41:00+00:00,29200.75,29201.5,29175,29175.75,1374
2026-07-21T14:42:00+00:00,29175.25,29189,29162,29188.5,1213
2026-07-21T14:43:00+00:00,29188,29222,29187,29216,1532
2026-07-21T14:44:00+00:00,29216.75,29225.75,29215.5,29224.5,902
2026-07-21T14:45:00+00:00,29224.75,29254,29224,29240.25,2385
2026-07-21T14:46:00+00:00,29239.5,29249.25,29230.5,29234,991
2026-07-21T14:47:00+00:00,29233.25,29235.25,29212.25,29223.25,1017
2026-07-21T14:48:00+00:00,29224,29256.5,29220.25,29237.5,1778
2026-07-21T14:49:00+00:00,29237.25,29240.5,29225.25,29227.5,741
2026-07-21T14:50:00+00:00,29227.75,29232.5,29214.5,29228.5,974
2026-07-21T14:51:00+00:00,29227.25,29233.25,29209.75,29231.25,959
2026-07-21T14:52:00+00:00,29230.75,29236,29217,29219,616
2026-07-21T14:53:00+00:00,29218.25,29224.5,29213.75,29223.25,542
2026-07-21T14:54:00+00:00,29223.5,29233.25,29218.5,29230.25,552
2026-07-21T14:55:00+00:00,29230,29237,29225,29233.25,539
2026-07-21T14:56:00+00:00,29232.5,29234.75,29211.5,29214.5,807
2026-07-21T14:57:00+00:00,29215,29232,29214,29224.75,555
2026-07-21T14:58:00+00:00,29224.75,29240.25,29219.25,29237.75,834
2026-07-21T14:59:00+00:00,29237.5,29242,29231.5,29237.5,626
2026-07-21T15:00:00+00:00,29237.25,29245.25,29229.25,29242.25,953
2026-07-21T15:01:00+00:00,29242.5,29245,29224.25,29229.5,858
2026-07-21T15:02:00+00:00,29228.75,29229,29196,29200,2348
2026-07-21T15:03:00+00:00,29200,29205.25,29191,29203,1074
2026-07-21T15:04:00+00:00,29203,29207,29193.75,29199.25,551
2026-07-21T15:05:00+00:00,29198.75,29208.25,29181,29207.5,997
2026-07-21T15:06:00+00:00,29206.5,29235.5,29206.5,29231.5,980
2026-07-21T15:07:00+00:00,29230.75,29259,29229.75,29257,1312
2026-07-21T15:08:00+00:00,29256.25,29263.75,29253.25,29262,1005
2026-07-21T15:09:00+00:00,29262.75,29282,29260,29273.5,1592
2026-07-21T15:10:00+00:00,29274.25,29284,29269.5,29275,915
2026-07-21T15:11:00+00:00,29274.5,29278,29269.25,29274,515
2026-07-21T15:12:00+00:00,29274.5,29294.25,29272.5,29292.25,1195
2026-07-21T15:13:00+00:00,29292.5,29297.5,29285.25,29287.5,1089
2026-07-21T15:14:00+00:00,29286.25,29296.5,29285,29291.75,676
2026-07-21T15:15:00+00:00,29292,29298.25,29286,29287,728
2026-07-21T15:16:00+00:00,29287.75,29291.25,29280,29288.25,886
2026-07-21T15:17:00+00:00,29287.5,29296,29284.5,29296,726
2026-07-21T15:18:00+00:00,29295,29295.75,29287.75,29292.5,460
2026-07-21T15:19:00+00:00,29292,29296.25,29281,29284.25,675
2026-07-21T15:20:00+00:00,29283.75,29286.5,29271.75,29275.25,1008
2026-07-21T15:21:00+00:00,29275,29310.25,29272.75,29295.5,1837
2026-07-21T15:22:00+00:00,29297,29301.25,29290,29294.25,731
2026-07-21T15:23:00+00:00,29294.25,29296.5,29284,29293.5,708
2026-07-21T15:24:00+00:00,29292.75,29302.75,29290.75,29301,696
2026-07-21T15:25:00+00:00,29300.25,29307.75,29297,29307,708
2026-07-21T15:26:00+00:00,29307.5,29320,29304.75,29316.25,1305
2026-07-21T15:27:00+00:00,29315.25,29319.75,29312,29315.25,570
2026-07-21T15:28:00+00:00,29314.5,29317.75,29307,29309,618
2026-07-21T15:29:00+00:00,29309.25,29309.5,29297.75,29307.5,749
2026-07-21T15:30:00+00:00,29307,29308.5,29296,29297.5,832
2026-07-21T15:31:00+00:00,29298.75,29304.25,29286.5,29288.5,778
2026-07-21T15:32:00+00:00,29288.25,29294,29287.25,29289.5,531
2026-07-21T15:33:00+00:00,29289,29293.25,29268.25,29282.5,1551
2026-07-21T15:34:00+00:00,29281.5,29298.5,29280.5,29296.5,731
2026-07-21T15:35:00+00:00,29296.5,29306.25,29274.75,29286.25,2567
2026-07-21T15:36:00+00:00,29286.25,29299.5,29281.5,29293.75,765
2026-07-21T15:37:00+00:00,29293.25,29296.5,29284.5,29289,425
2026-07-21T15:38:00+00:00,29288,29290,29275.25,29279,404
2026-07-21T15:39:00+00:00,29278,29287,29276.25,29276.25,362
2026-07-21T15:40:00+00:00,29275.25,29281.75,29265.5,29269.75,863
2026-07-21T15:41:00+00:00,29270.75,29283.5,29269.25,29276.75,806
2026-07-21T15:42:00+00:00,29276,29280.5,29273,29278.5,337
2026-07-21T15:43:00+00:00,29278.75,29280.75,29269.5,29276.5,356
2026-07-21T15:44:00+00:00,29276.25,29279.25,29257,29261.5,830
2026-07-21T15:45:00+00:00,29260.5,29270,29258.5,29263.75,493
2026-07-21T15:46:00+00:00,29264,29270,29261.25,29267,386
2026-07-21T15:47:00+00:00,29267,29278.25,29262.75,29276.25,575
2026-07-21T15:48:00+00:00,29276.5,29288,29276.25,29280,821
2026-07-21T15:49:00+00:00,29281.25,29292,29280.75,29288.5,482
2026-07-21T15:50:00+00:00,29289.5,29301.25,29287.25,29289.5,733
2026-07-21T15:51:00+00:00,29289.75,29297,29287.25,29291.75,427
2026-07-21T15:52:00+00:00,29291.5,29295.75,29278,29281.75,541
2026-07-21T15:53:00+00:00,29280.5,29291,29278.25,29289,432
2026-07-21T15:54:00+00:00,29289.25,29289.25,29273.5,29275.5,458
2026-07-21T15:55:00+00:00,29275.75,29284,29268,29269.75,515
2026-07-21T15:56:00+00:00,29269.75,29283.25,29265,29279.75,519
2026-07-21T15:57:00+00:00,29280.75,29281.25,29270.75,29275,346
2026-07-21T15:58:00+00:00,29276,29279,29271.75,29272.75,350
2026-07-21T15:59:00+00:00,29272.75,29273.75,29256.25,29259.25,803
2026-07-21T16:00:00+00:00,29259.25,29277.75,29254.25,29272.25,966
2026-07-21T16:01:00+00:00,29273.25,29281.25,29272.5,29279.5,468
2026-07-21T16:02:00+00:00,29279.25,29287.5,29275.5,29277.75,544
2026-07-21T16:03:00+00:00,29277.25,29290.5,29277.25,29289.75,486
2026-07-21T16:04:00+00:00,29290.5,29304.25,29290.5,29302.5,874
2026-07-21T16:05:00+00:00,29302.5,29310.75,29298.5,29307.5,903
2026-07-21T16:06:00+00:00,29307.75,29312.25,29305.5,29308.75,706
2026-07-21T16:07:00+00:00,29309,29313,29304,29310,584
2026-07-21T16:08:00+00:00,29310.25,29324.75,29309.5,29310,1044
2026-07-21T16:09:00+00:00,29309.75,29314.25,29306.5,29309,431
2026-07-21T16:10:00+00:00,29309.5,29312,29306,29308,435
2026-07-21T16:11:00+00:00,29308.75,29314.25,29306.75,29310.75,364
2026-07-21T16:12:00+00:00,29311.25,29312.25,29302.25,29306.25,432
2026-07-21T16:13:00+00:00,29305.5,29306.75,29296,29299.75,679
2026-07-21T16:14:00+00:00,29300,29306.5,29296.75,29301.75,422
2026-07-21T16:15:00+00:00,29302,29319.75,29301.25,29313.75,985
2026-07-21T16:16:00+00:00,29314.25,29317.5,29310.75,29313.5,336
2026-07-21T16:17:00+00:00,29313.25,29319.5,29313.25,29315.75,380
2026-07-21T16:18:00+00:00,29314.75,29317,29303.25,29307.25,635
2026-07-21T16:19:00+00:00,29307,29316,29303.75,29315.5,606
2026-07-21T16:20:00+00:00,29315,29319.5,29313,29317.75,413
2026-07-21T16:21:00+00:00,29317.75,29323.5,29313.5,29322.5,507
2026-07-21T16:22:00+00:00,29322.25,29330,29319.5,29326.5,915
2026-07-21T16:23:00+00:00,29326,29337.75,29325.75,29331.5,962
2026-07-21T16:24:00+00:00,29331.5,29335.5,29322.25,29326,639
2026-07-21T16:25:00+00:00,29325.5,29330.25,29320.5,29321,461
2026-07-21T16:26:00+00:00,29321,29321.5,29312,29313.25,606
2026-07-21T16:27:00+00:00,29313,29317.5,29304.75,29313,707
2026-07-21T16:28:00+00:00,29313.25,29317.75,29309.25,29315.75,374
2026-07-21T16:29:00+00:00,29315.75,29316.5,29310,29312.5,314
2026-07-21T16:30:00+00:00,29313,29318,29305.75,29316.5,609
2026-07-21T16:31:00+00:00,29317,29325.25,29306.25,29310,862
2026-07-21T16:32:00+00:00,29309.5,29310.25,29303.75,29308,325
2026-07-21T16:33:00+00:00,29307.5,29312,29302,29307.75,335
2026-07-21T16:34:00+00:00,29307.25,29315.25,29305.5,29314.5,351
2026-07-21T16:35:00+00:00,29314,29317.5,29308.5,29315,374
2026-07-21T16:36:00+00:00,29314.25,29323,29308.25,29318.75,492
2026-07-21T16:37:00+00:00,29318.5,29326,29316,29325.75,429
2026-07-21T16:38:00+00:00,29325.5,29331,29324.75,29331,452
2026-07-21T16:39:00+00:00,29331.25,29331.5,29325.75,29330.75,476
2026-07-21T16:40:00+00:00,29330.25,29336,29327.5,29328.75,622
2026-07-21T16:41:00+00:00,29328.25,29330.25,29318,29319.75,511
2026-07-21T16:42:00+00:00,29319.5,29325.25,29312.25,29315,462
2026-07-21T16:43:00+00:00,29315.25,29323,29313.25,29321.5,317
2026-07-21T16:44:00+00:00,29321,29322,29313,29318.75,343
2026-07-21T16:45:00+00:00,29318.5,29324.5,29318,29319.5,406
2026-07-21T16:46:00+00:00,29318.75,29321,29311.25,29320,436
2026-07-21T16:47:00+00:00,29319.5,29328,29319.5,29323.75,427
2026-07-21T16:48:00+00:00,29323.75,29325.75,29320.75,29321.25,286
2026-07-21T16:49:00+00:00,29320.75,29328.5,29320.75,29323.5,458
2026-07-21T16:50:00+00:00,29323.25,29334.75,29322,29334.25,487
2026-07-21T16:51:00+00:00,29334.5,29344.75,29333,29343.5,998
2026-07-21T16:52:00+00:00,29343,29345,29340.75,29342.75,511
2026-07-21T16:53:00+00:00,29342.25,29345.5,29340.5,29342.75,435
2026-07-21T16:54:00+00:00,29342.5,29347.75,29341.25,29347.5,368
2026-07-21T16:55:00+00:00,29347,29352.5,29339.75,29350.75,1118
2026-07-21T16:56:00+00:00,29350.75,29351.25,29339,29339.75,448
2026-07-21T16:57:00+00:00,29339.75,29349.75,29337.75,29344.5,446
2026-07-21T16:58:00+00:00,29345,29346,29336.75,29338.25,356
2026-07-21T16:59:00+00:00,29338.5,29339,29330.75,29331.75,516
2026-07-21T17:00:00+00:00,29331.5,29348.5,29330.75,29343.25,783
2026-07-21T17:01:00+00:00,29343,29349.25,29340,29346.5,438
2026-07-21T17:02:00+00:00,29347.5,29347.5,29341.25,29346.75,356
2026-07-21T17:03:00+00:00,29346.25,29350.25,29344.25,29347,388
2026-07-21T17:04:00+00:00,29347,29350.25,29345,29348.75,268
2026-07-21T17:05:00+00:00,29349,29354.25,29346,29353.5,510
2026-07-21T17:06:00+00:00,29352.75,29355,29348.75,29352.25,387
2026-07-21T17:07:00+00:00,29351.75,29355.5,29347.25,29348.25,425
2026-07-21T17:08:00+00:00,29347.75,29348.25,29343.75,29346,373
2026-07-21T17:09:00+00:00,29345.75,29354.75,29345.5,29347,365
2026-07-21T17:10:00+00:00,29347,29350.25,29336.5,29337.75,614
2026-07-21T17:11:00+00:00,29338.5,29339,29333.25,29338.25,634
2026-07-21T17:12:00+00:00,29338.25,29342.25,29334.25,29334.75,325
2026-07-21T17:13:00+00:00,29334.75,29343.5,29333,29336.75,417
2026-07-21T17:14:00+00:00,29336.5,29340,29333,29334.75,418
2026-07-21T17:15:00+00:00,29335,29340.75,29332.5,29334.5,563
2026-07-21T17:16:00+00:00,29334.75,29341,29332.5,29336.5,401
2026-07-21T17:17:00+00:00,29337,29343,29335.5,29339.5,282
2026-07-21T17:18:00+00:00,29339.75,29345.75,29337.75,29341.25,281
2026-07-21T17:19:00+00:00,29341.5,29343,29328.5,29330.5,460
2026-07-21T17:20:00+00:00,29330.25,29332,29328,29331,362
2026-07-21T17:21:00+00:00,29331.25,29340.5,29325,29329.5,634
2026-07-21T17:22:00+00:00,29328.75,29335.75,29328.25,29331.25,320
2026-07-21T17:23:00+00:00,29331.25,29336.25,29326.25,29327.5,328
2026-07-21T17:24:00+00:00,29327.75,29334.5,29326.5,29328.75,289
2026-07-21T17:25:00+00:00,29329.25,29336,29327.5,29331.25,321
2026-07-21T17:26:00+00:00,29331.5,29333.5,29326.5,29330,236
2026-07-21T17:27:00+00:00,29329,29331.5,29326.5,29328.5,196
2026-07-21T17:28:00+00:00,29328.25,29329.25,29323,29328,371
2026-07-21T17:29:00+00:00,29328.25,29334.5,29325.5,29333,303
2026-07-21T17:30:00+00:00,29333.25,29345.25,29333,29343,864
2026-07-21T17:31:00+00:00,29343,29351.5,29340.25,29348.75,469
2026-07-21T17:32:00+00:00,29349.75,29350.5,29344.75,29348.5,421
2026-07-21T17:33:00+00:00,29348.75,29350,29336.75,29338,353
2026-07-21T17:34:00+00:00,29338.25,29340.25,29327.25,29337.5,611
2026-07-21T17:35:00+00:00,29336.5,29342.75,29332.5,29342.5,382
2026-07-21T17:36:00+00:00,29342.5,29350.5,29342.5,29350.25,547
2026-07-21T17:37:00+00:00,29350.25,29350.75,29344.25,29345,324
2026-07-21T17:38:00+00:00,29345.75,29348.25,29341.75,29346,315
2026-07-21T17:39:00+00:00,29345.75,29348,29341.75,29346.5,272
2026-07-21T17:40:00+00:00,29347,29347.5,29338.5,29344,391
2026-07-21T17:41:00+00:00,29343.75,29344,29337.5,29339,278
2026-07-21T17:42:00+00:00,29338.25,29341.25,29334.5,29336.75,302
2026-07-21T17:43:00+00:00,29336,29342.25,29334,29340.5,322
2026-07-21T17:44:00+00:00,29341.25,29344,29337.25,29341.5,320
2026-07-21T17:45:00+00:00,29341.75,29345.25,29333.25,29334,423
2026-07-21T17:46:00+00:00,29334,29344.5,29333.5,29338,457
2026-07-21T17:47:00+00:00,29337.5,29349.75,29337.25,29345.25,414
2026-07-21T17:48:00+00:00,29345.25,29348.5,29344.5,29346,202
2026-07-21T17:49:00+00:00,29346.5,29357.75,29346.25,29357,666
2026-07-21T17:50:00+00:00,29357.25,29364.75,29356.25,29360.75,927
2026-07-21T17:51:00+00:00,29360.5,29361.5,29353.5,29355.5,427
2026-07-21T17:52:00+00:00,29355.5,29356,29348.25,29351.25,319
2026-07-21T17:53:00+00:00,29351.25,29353,29348,29348,247
2026-07-21T17:54:00+00:00,29348.5,29350.5,29342.75,29344,359
2026-07-21T17:55:00+00:00,29344.25,29347.75,29341.75,29342,272
2026-07-21T17:56:00+00:00,29341.75,29345.25,29337.75,29342.25,362
2026-07-21T17:57:00+00:00,29341.25,29345.25,29338.25,29339.75,358
2026-07-21T17:58:00+00:00,29340.5,29341,29332.25,29338.5,411
2026-07-21T17:59:00+00:00,29339.25,29343.5,29336.5,29341.25,328
2026-07-21T18:00:00+00:00,29341.5,29355.75,29338.5,29348.5,659
2026-07-21T18:01:00+00:00,29348.75,29355,29342.75,29345.75,440
2026-07-21T18:02:00+00:00,29345.75,29351.75,29339.5,29346.5,467
2026-07-21T18:03:00+00:00,29345.75,29347.75,29338.25,29340.75,561
2026-07-21T18:04:00+00:00,29341.5,29349.75,29341.5,29344,407
2026-07-21T18:05:00+00:00,29342.75,29353,29341.5,29349.25,307
2026-07-21T18:06:00+00:00,29350.5,29358,29346.75,29354.25,320
2026-07-21T18:07:00+00:00,29354.5,29357,29352.75,29354,279
2026-07-21T18:08:00+00:00,29353.75,29361.75,29353.75,29354.5,403
2026-07-21T18:09:00+00:00,29354.5,29355,29349.25,29350.75,360
2026-07-21T18:10:00+00:00,29350.25,29352,29344,29351.25,360
2026-07-21T18:11:00+00:00,29350.75,29351.75,29345,29351,287
2026-07-21T18:12:00+00:00,29351.5,29353,29343.5,29343.75,253
2026-07-21T18:13:00+00:00,29343.5,29348.25,29340.75,29346.5,432
2026-07-21T18:14:00+00:00,29346.5,29346.75,29337.5,29337.75,436
2026-07-21T18:15:00+00:00,29338,29342.75,29337.5,29339.5,346
2026-07-21T18:16:00+00:00,29339,29341.75,29335.5,29337.25,306
2026-07-21T18:17:00+00:00,29337,29342.5,29337,29341,270
2026-07-21T18:18:00+00:00,29341.5,29341.75,29335.25,29337.5,313
2026-07-21T18:19:00+00:00,29337,29340,29334.25,29339.25,285
2026-07-21T18:20:00+00:00,29339.5,29340,29331,29334.5,378
2026-07-21T18:21:00+00:00,29334.25,29335.25,29330.25,29333.5,292
2026-07-21T18:22:00+00:00,29334,29343.25,29333,29340.75,425
2026-07-21T18:23:00+00:00,29340.25,29343.25,29336,29340.75,315
2026-07-21T18:24:00+00:00,29341.25,29344.75,29334.5,29340,420
2026-07-21T18:25:00+00:00,29339.5,29340.5,29331.5,29333.5,403
2026-07-21T18:26:00+00:00,29334,29334,29325.5,29326.75,351
2026-07-21T18:27:00+00:00,29326.25,29329.75,29318.5,29321.5,538
2026-07-21T18:28:00+00:00,29322,29326.25,29321,29323.5,308
2026-07-21T18:29:00+00:00,29323.5,29327.75,29323.25,29325,316
2026-07-21T18:30:00+00:00,29325.25,29329.25,29322.75,29323.75,425
2026-07-21T18:31:00+00:00,29324,29324,29313,29315.25,525
2026-07-21T18:32:00+00:00,29315.5,29316.5,29310.5,29314.75,443
2026-07-21T18:33:00+00:00,29314.75,29317.75,29312.5,29317.5,401
2026-07-21T18:34:00+00:00,29317.5,29327,29316,29316.25,542
2026-07-21T18:35:00+00:00,29316.25,29333,29316,29332.25,545
2026-07-21T18:36:00+00:00,29332.75,29335.5,29326.5,29329.25,408
2026-07-21T18:37:00+00:00,29328.5,29331.5,29327,29330.5,193
2026-07-21T18:38:00+00:00,29330.5,29335.75,29328,29330.75,284
2026-07-21T18:39:00+00:00,29330.5,29332,29326.75,29327,232
2026-07-21T18:40:00+00:00,29327.25,29328.75,29319.25,29327.75,510
2026-07-21T18:41:00+00:00,29327.5,29334,29326.25,29329.5,472
2026-07-21T18:42:00+00:00,29330.25,29341.5,29330,29339,526
2026-07-21T18:43:00+00:00,29338.5,29344.25,29335,29343.75,427
2026-07-21T18:44:00+00:00,29343.5,29349,29342.5,29347.25,643
2026-07-21T18:45:00+00:00,29347.75,29354,29347.25,29352.5,790
2026-07-21T18:46:00+00:00,29352.75,29355.75,29348.25,29353.25,462
2026-07-21T18:47:00+00:00,29353.25,29353.5,29342,29346,667
2026-07-21T18:48:00+00:00,29345.5,29347.5,29339,29341.75,323
2026-07-21T18:49:00+00:00,29340.75,29343.25,29333.75,29339.5,306
2026-07-21T18:50:00+00:00,29339.75,29342.25,29337.5,29337.5,325
2026-07-21T18:51:00+00:00,29337.25,29339.5,29335,29337,236
2026-07-21T18:52:00+00:00,29337.5,29341.25,29336,29338.5,235
2026-07-21T18:53:00+00:00,29337.25,29338.25,29325.5,29330,589
2026-07-21T18:54:00+00:00,29329.25,29330.25,29323.5,29324,277
2026-07-21T18:55:00+00:00,29323.25,29333.25,29322.25,29328.25,606
2026-07-21T18:56:00+00:00,29327.5,29330,29316.75,29322.5,473
2026-07-21T18:57:00+00:00,29322.25,29323,29317,29318.5,269
2026-07-21T18:58:00+00:00,29319,29321,29316.75,29319.75,272
2026-07-21T18:59:00+00:00,29320,29330,29319.75,29328.5,482
2026-07-21T19:00:00+00:00,29328.25,29335.5,29325,29329.75,739
2026-07-21T19:01:00+00:00,29329.5,29329.5,29313.25,29316.25,579
2026-07-21T19:02:00+00:00,29316.25,29318.5,29313,29313.75,446
2026-07-21T19:03:00+00:00,29314.75,29316.75,29311.5,29315.5,491
2026-07-21T19:04:00+00:00,29316,29326.5,29315.25,29318.5,468
2026-07-21T19:05:00+00:00,29317.75,29324.5,29310,29319.5,583
2026-07-21T19:06:00+00:00,29319.5,29327,29317.75,29323.5,430
2026-07-21T19:07:00+00:00,29323.75,29327.25,29312.75,29315.25,423
2026-07-21T19:08:00+00:00,29315.25,29316.5,29305.25,29312.75,803
2026-07-21T19:09:00+00:00,29313.5,29319,29309,29310.25,519
2026-07-21T19:10:00+00:00,29311,29315.75,29304.25,29307,417
2026-07-21T19:11:00+00:00,29307.75,29313.75,29307.25,29311.75,320
2026-07-21T19:12:00+00:00,29312.75,29319.75,29309.25,29313.25,418
2026-07-21T19:13:00+00:00,29313.5,29314.5,29308.75,29309.5,376
2026-07-21T19:14:00+00:00,29310.25,29315.5,29305.75,29309.25,464
2026-07-21T19:15:00+00:00,29308.5,29316.75,29305,29310.75,465
2026-07-21T19:16:00+00:00,29311,29319,29307.25,29317.25,439
2026-07-21T19:17:00+00:00,29317.75,29320.5,29311.5,29315,408
2026-07-21T19:18:00+00:00,29314.25,29320,29312.75,29314,461
2026-07-21T19:19:00+00:00,29313.25,29320,29313.25,29317,258
2026-07-21T19:20:00+00:00,29316.75,29320,29310.5,29318.25,512
2026-07-21T19:21:00+00:00,29317.5,29319.25,29306.75,29309.5,422
2026-07-21T19:22:00+00:00,29309,29313.25,29306.75,29312.25,312
2026-07-21T19:23:00+00:00,29312.25,29316.75,29310,29311.75,435
2026-07-21T19:24:00+00:00,29312.5,29313.75,29308.75,29310.5,346
2026-07-21T19:25:00+00:00,29310.25,29312.5,29306.25,29307.5,408
2026-07-21T19:26:00+00:00,29307,29308.5,29298.5,29305.25,978
2026-07-21T19:27:00+00:00,29304.75,29313,29299,29300,549
2026-07-21T19:28:00+00:00,29299.75,29303.5,29297,29297.25,450
2026-07-21T19:29:00+00:00,29297.25,29302,29290.75,29293.75,935
2026-07-21T19:30:00+00:00,29293.25,29303.25,29290.75,29298.5,1089
2026-07-21T19:31:00+00:00,29298.75,29308,29297.25,29306,734
2026-07-21T19:32:00+00:00,29306,29311,29304.75,29307.5,572
2026-07-21T19:33:00+00:00,29307,29311,29305,29307.5,503
2026-07-21T19:34:00+00:00,29307,29310,29304.75,29305.75,402
2026-07-21T19:35:00+00:00,29305.75,29323.75,29304.5,29322,847
2026-07-21T19:36:00+00:00,29321.5,29329.75,29320.25,29323.25,836
2026-07-21T19:37:00+00:00,29324,29330.5,29323.5,29329,473
2026-07-21T19:38:00+00:00,29329,29331.5,29324,29325.25,522
2026-07-21T19:39:00+00:00,29325,29327.5,29322,29324.75,449
2026-07-21T19:40:00+00:00,29325,29328.75,29320.5,29324,640
2026-07-21T19:41:00+00:00,29324,29327,29320.75,29322.25,534
2026-07-21T19:42:00+00:00,29322.25,29328,29320.5,29326.5,368
2026-07-21T19:43:00+00:00,29326.25,29337.5,29324.75,29336,698
2026-07-21T19:44:00+00:00,29337,29340.5,29333,29337.75,664
2026-07-21T19:45:00+00:00,29337.75,29340.5,29334,29335,588
2026-07-21T19:46:00+00:00,29335,29337.5,29332.5,29335.25,492
2026-07-21T19:47:00+00:00,29335.25,29335.75,29325.75,29327,517
2026-07-21T19:48:00+00:00,29327.25,29334.75,29325.25,29330.75,450
2026-07-21T19:49:00+00:00,29329.75,29343.25,29329.75,29339.5,654
2026-07-21T19:50:00+00:00,29339.25,29348,29314.75,29334.5,1842
2026-07-21T19:51:00+00:00,29334.5,29341,29328.5,29332.5,965
2026-07-21T19:52:00+00:00,29332.25,29340,29332,29334.75,851
2026-07-21T19:53:00+00:00,29334.5,29340,29329.75,29334,873
2026-07-21T19:54:00+00:00,29334.25,29352,29332.75,29338.5,1776
2026-07-21T19:55:00+00:00,29337.75,29348,29334.5,29336,1720
2026-07-21T19:56:00+00:00,29335.5,29346,29333.25,29341,1132
2026-07-21T19:57:00+00:00,29341,29346.75,29340.25,29344.25,1139
2026-07-21T19:58:00+00:00,29344,29344.25,29335,29335.5,1778
2026-07-21T19:59:00+00:00,29335.25,29335.5,29300.25,29310.75,13006
2026-07-21T20:00:00+00:00,29312,29316.75,29291.5,29299.5,3750
2026-07-21T20:01:00+00:00,29299.25,29306,29296.5,29302.75,1010
2026-07-21T20:02:00+00:00,29301.75,29303,29290.75,29295,924
2026-07-21T20:03:00+00:00,29295.25,29295.25,29288,29291.25,559
2026-07-21T20:04:00+00:00,29291,29293,29285.25,29291.5,553
2026-07-21T20:05:00+00:00,29291.25,29302.75,29289.25,29301.25,627
2026-07-21T20:06:00+00:00,29301,29301,29290,29299.5,516
2026-07-21T20:07:00+00:00,29299.5,29302.75,29298.75,29300.5,243
2026-07-21T20:08:00+00:00,29300.5,29302.25,29299.5,29301.25,138
2026-07-21T20:09:00+00:00,29301.25,29305.5,29298,29303.75,263
2026-07-21T20:10:00+00:00,29303,29304.75,29295.25,29296.5,280
2026-07-21T20:11:00+00:00,29296.25,29299,29292.5,29295.75,256
2026-07-21T20:12:00+00:00,29295.5,29305,29295.5,29304.25,194
2026-07-21T20:13:00+00:00,29303.75,29309,29303.5,29303.75,196
2026-07-21T20:14:00+00:00,29303.75,29308.5,29303.25,29306.5,221
2026-07-22T13:30:00+00:00,29090.5,29124,29090,29123,4451
2026-07-22T13:31:00+00:00,29123,29134.75,29101,29129.25,2878
2026-07-22T13:32:00+00:00,29127.5,29150,29111.25,29148.25,2243
2026-07-22T13:33:00+00:00,29148.25,29162.25,29141.75,29143,2029
2026-07-22T13:34:00+00:00,29143.25,29155.25,29131.5,29151,1916
2026-07-22T13:35:00+00:00,29152,29156,29141,29151.5,1482
2026-07-22T13:36:00+00:00,29151.25,29153.25,29121.5,29137.5,1942
2026-07-22T13:37:00+00:00,29137,29164.75,29131.5,29160.25,1773
2026-07-22T13:38:00+00:00,29159.75,29161,29119.5,29122,2042
2026-07-22T13:39:00+00:00,29122,29166.25,29113,29155.75,2505
2026-07-22T13:40:00+00:00,29156,29157.75,29132.5,29139.5,1590
2026-07-22T13:41:00+00:00,29139.5,29165.5,29137.75,29158.25,1466
2026-07-22T13:42:00+00:00,29158,29179.25,29154,29164.5,2015
2026-07-22T13:43:00+00:00,29164.25,29182.25,29161,29178,1296
2026-07-22T13:44:00+00:00,29178.25,29186,29167.25,29178.75,1346
2026-07-22T13:45:00+00:00,29178.5,29218.25,29177.5,29204.5,3524
2026-07-22T13:46:00+00:00,29205,29210.75,29195,29202.75,1432
2026-07-22T13:47:00+00:00,29202.75,29204,29172.25,29175,1600
2026-07-22T13:48:00+00:00,29175.75,29187,29157.25,29177,1906
2026-07-22T13:49:00+00:00,29176.75,29189.25,29168,29172.25,1256
2026-07-22T13:50:00+00:00,29172.25,29178.25,29153,29164.5,1664
2026-07-22T13:51:00+00:00,29165.5,29204,29160,29183.5,1889
2026-07-22T13:52:00+00:00,29183.25,29212.25,29182.5,29201.75,1879
2026-07-22T13:53:00+00:00,29201.75,29227.25,29201.75,29225.25,1668
2026-07-22T13:54:00+00:00,29225,29239.5,29222,29236.25,1476
2026-07-22T13:55:00+00:00,29236.5,29246,29229.25,29242.5,1484
2026-07-22T13:56:00+00:00,29242.25,29255,29234,29253.25,1446
2026-07-22T13:57:00+00:00,29253,29261.5,29237.75,29257,1608
2026-07-22T13:58:00+00:00,29256.75,29259.75,29245,29248,979
2026-07-22T13:59:00+00:00,29247.5,29277.25,29246.75,29276.75,1423
2026-07-22T14:00:00+00:00,29277,29283.75,29260.25,29279,2231
2026-07-22T14:01:00+00:00,29279,29279.25,29261.25,29263.25,1158
2026-07-22T14:02:00+00:00,29262.75,29268.25,29250.25,29259,1307
2026-07-22T14:03:00+00:00,29260.5,29268.75,29238.25,29242.5,2084
2026-07-22T14:04:00+00:00,29242.75,29260.25,29240.25,29258.75,1025
2026-07-22T14:05:00+00:00,29258.25,29277.75,29250.25,29274.25,1368
2026-07-22T14:06:00+00:00,29275,29275.5,29253.5,29255.75,851
2026-07-22T14:07:00+00:00,29256,29259.25,29229.5,29238.5,1556
2026-07-22T14:08:00+00:00,29238.75,29244,29229.75,29233.25,902
2026-07-22T14:09:00+00:00,29234.25,29242.5,29221.25,29223.25,1020
2026-07-22T14:10:00+00:00,29223.25,29243.25,29216.75,29239,1787
2026-07-22T14:11:00+00:00,29238.75,29260.25,29234.25,29253.5,1316
2026-07-22T14:12:00+00:00,29253.5,29263.5,29243,29246.5,1075
2026-07-22T14:13:00+00:00,29246.75,29246.75,29224.25,29230,1294
2026-07-22T14:14:00+00:00,29230.75,29239.75,29223.5,29236.25,838
2026-07-22T14:15:00+00:00,29236.5,29240.75,29196,29207.5,1965
2026-07-22T14:16:00+00:00,29207.25,29223.25,29199.25,29214.5,1150
2026-07-22T14:17:00+00:00,29214.75,29232,29200.5,29228.5,1489
2026-07-22T14:18:00+00:00,29228,29233.75,29208.25,29213.75,984
2026-07-22T14:19:00+00:00,29212,29253.25,29209,29251.5,1212
2026-07-22T14:20:00+00:00,29252,29265.75,29243,29263.5,1579
2026-07-22T14:21:00+00:00,29262.5,29273.75,29256.5,29263.5,1130
2026-07-22T14:22:00+00:00,29262.25,29266.75,29243,29246,1349
2026-07-22T14:23:00+00:00,29246,29246.25,29204.75,29219.75,2003
2026-07-22T14:24:00+00:00,29219,29221.75,29198.75,29217.75,1212
2026-07-22T14:25:00+00:00,29218.25,29232.5,29212,29225.25,1225
2026-07-22T14:26:00+00:00,29226,29231.5,29204.5,29208,859
2026-07-22T14:27:00+00:00,29207,29224.5,29201.5,29214.25,915
2026-07-22T14:28:00+00:00,29214.25,29220.25,29201.75,29213.25,876
2026-07-22T14:29:00+00:00,29214,29227,29206.5,29220,822
2026-07-22T14:30:00+00:00,29219.25,29238,29214,29228.75,1473
2026-07-22T14:31:00+00:00,29229.5,29234.25,29219.5,29231,756
2026-07-22T14:32:00+00:00,29231.5,29259.5,29230.75,29258.25,1338
2026-07-22T14:33:00+00:00,29258.25,29260.25,29234.25,29234.5,844
2026-07-22T14:34:00+00:00,29234.75,29243,29215.75,29217.25,1055
2026-07-22T14:35:00+00:00,29219,29226.5,29207.25,29224.5,1060
2026-07-22T14:36:00+00:00,29224.5,29246.25,29220.75,29239,926
2026-07-22T14:37:00+00:00,29239.25,29245.75,29225,29225,603
2026-07-22T14:38:00+00:00,29224.75,29230,29209,29222.25,698
2026-07-22T14:39:00+00:00,29221,29222.75,29207.25,29220,608
2026-07-22T14:40:00+00:00,29220,29232.75,29212.25,29217.75,860
2026-07-22T14:41:00+00:00,29218.5,29222.75,29183.5,29189,1787
2026-07-22T14:42:00+00:00,29189.25,29204.5,29172.75,29199,1547
2026-07-22T14:43:00+00:00,29199,29201.25,29183.5,29190.75,890
2026-07-22T14:44:00+00:00,29190,29198,29185.25,29185.25,736
2026-07-22T14:45:00+00:00,29186.25,29202,29173.5,29197.75,1627
2026-07-22T14:46:00+00:00,29198.25,29228,29194.25,29223.75,1617
2026-07-22T14:47:00+00:00,29222.5,29223,29205.25,29211.5,984
2026-07-22T14:48:00+00:00,29211.75,29231.25,29209,29221,996
2026-07-22T14:49:00+00:00,29220.75,29227.25,29203,29224.5,942
2026-07-22T14:50:00+00:00,29224.75,29226.5,29206.5,29216,720
2026-07-22T14:51:00+00:00,29216.75,29219.75,29187,29212.25,1017
2026-07-22T14:52:00+00:00,29212.5,29222.75,29194.5,29196,768
2026-07-22T14:53:00+00:00,29196.25,29217.5,29194.25,29199.5,680
2026-07-22T14:54:00+00:00,29200.5,29221,29199.5,29200.25,693
2026-07-22T14:55:00+00:00,29199,29200.75,29183,29198.75,820
2026-07-22T14:56:00+00:00,29198.75,29213.75,29197,29207.25,585
2026-07-22T14:57:00+00:00,29206.75,29227.5,29206.5,29226.75,857
2026-07-22T14:58:00+00:00,29225.75,29245,29225.5,29239.5,1267
2026-07-22T14:59:00+00:00,29239.5,29244,29233.25,29241,688
2026-07-22T15:00:00+00:00,29241.25,29266,29240.25,29264.25,1618
2026-07-22T15:01:00+00:00,29263.75,29266.25,29247,29248.75,985
2026-07-22T15:02:00+00:00,29247.5,29261.75,29242.5,29260,754
2026-07-22T15:03:00+00:00,29260,29272.75,29259.25,29261.5,878
2026-07-22T15:04:00+00:00,29262,29274.75,29261.75,29269.5,731
2026-07-22T15:05:00+00:00,29270.5,29292.25,29262.5,29290.5,1447
2026-07-22T15:06:00+00:00,29290.25,29297.5,29289,29291.75,910
2026-07-22T15:07:00+00:00,29291.25,29298.75,29286.25,29296.75,778
2026-07-22T15:08:00+00:00,29296.25,29303.25,29291.75,29301.5,823
2026-07-22T15:09:00+00:00,29301.5,29302,29291,29293,627
2026-07-22T15:10:00+00:00,29292.5,29309.25,29288.75,29308.5,1171
2026-07-22T15:11:00+00:00,29308.25,29314,29296.25,29298.5,1284
2026-07-22T15:12:00+00:00,29298.75,29305.75,29291.5,29305.75,707
2026-07-22T15:13:00+00:00,29305.5,29305.75,29296.5,29298.5,488
2026-07-22T15:14:00+00:00,29299,29307,29293.5,29306.5,638
2026-07-22T15:15:00+00:00,29306.5,29313.25,29300,29308,720
2026-07-22T15:16:00+00:00,29307.5,29311.75,29300.5,29308,501
2026-07-22T15:17:00+00:00,29308.25,29314,29299.25,29300.25,625
2026-07-22T15:18:00+00:00,29298.75,29305.25,29291.75,29295.25,780
2026-07-22T15:19:00+00:00,29296.75,29309.75,29295.75,29309.75,509
2026-07-22T15:20:00+00:00,29310,29324.25,29307.25,29323.5,1216
2026-07-22T15:21:00+00:00,29323.25,29328.25,29302.5,29302.75,1241
2026-07-22T15:22:00+00:00,29303.25,29311.75,29297,29311,642
2026-07-22T15:23:00+00:00,29310,29312,29299.25,29310,582
2026-07-22T15:24:00+00:00,29310.5,29328,29310.5,29322.5,1030
2026-07-22T15:25:00+00:00,29322.75,29330,29320.75,29330,653
2026-07-22T15:26:00+00:00,29329.5,29336,29327,29333.75,887
2026-07-22T15:27:00+00:00,29334,29342.25,29331.25,29332,902
2026-07-22T15:28:00+00:00,29331.75,29334.75,29325.25,29329.75,529
2026-07-22T15:29:00+00:00,29330.25,29333,29322.25,29324.5,498
2026-07-22T15:30:00+00:00,29324.25,29335.5,29317.5,29332.25,871
2026-07-22T15:31:00+00:00,29333,29334,29324,29325.75,476
2026-07-22T15:32:00+00:00,29326,29327.25,29306.25,29307.25,803
2026-07-22T15:33:00+00:00,29308.25,29311.75,29298,29300,842
2026-07-22T15:34:00+00:00,29299.75,29301,29288.5,29292.25,1163
2026-07-22T15:35:00+00:00,29291,29306.5,29291,29304.75,916
2026-07-22T15:36:00+00:00,29305.25,29310.5,29300.5,29307.5,550
2026-07-22T15:37:00+00:00,29306,29306.75,29282.25,29296.75,962
2026-07-22T15:38:00+00:00,29297,29301,29283.75,29288.25,574
2026-07-22T15:39:00+00:00,29288,29288.25,29278.25,29282.5,552
2026-07-22T15:40:00+00:00,29282,29297.25,29274.25,29296.25,933
2026-07-22T15:41:00+00:00,29296.25,29302.75,29289,29297.25,727
2026-07-22T15:42:00+00:00,29298.25,29302.25,29289,29290.75,398
2026-07-22T15:43:00+00:00,29291.5,29293,29280,29284.5,473
2026-07-22T15:44:00+00:00,29284.5,29294.25,29284,29289,588
2026-07-22T15:45:00+00:00,29289,29304.75,29289,29301.75,804
2026-07-22T15:46:00+00:00,29301.5,29309.5,29291.75,29292.5,610
2026-07-22T15:47:00+00:00,29292.25,29303.25,29290.25,29299,440
2026-07-22T15:48:00+00:00,29298.5,29304,29296.5,29299,303
2026-07-22T15:49:00+00:00,29300.25,29307.5,29294.5,29307.25,368
2026-07-22T15:50:00+00:00,29307.25,29313.75,29305,29306.75,528
2026-07-22T15:51:00+00:00,29306.75,29323.5,29306.5,29320.5,671
2026-07-22T15:52:00+00:00,29320.5,29331.5,29318.75,29331,658
2026-07-22T15:53:00+00:00,29331.25,29332.75,29312.25,29314,640
2026-07-22T15:54:00+00:00,29314,29317.75,29303.5,29307.25,724
2026-07-22T15:55:00+00:00,29307.75,29312.5,29298.5,29311.75,601
2026-07-22T15:56:00+00:00,29310.75,29311.5,29302.5,29310.25,369
2026-07-22T15:57:00+00:00,29310.5,29314.25,29300.75,29311.5,402
2026-07-22T15:58:00+00:00,29312.25,29324,29311.75,29322.5,534
2026-07-22T15:59:00+00:00,29322.25,29332,29319.75,29329.5,721
2026-07-22T16:00:00+00:00,29330.25,29333.5,29324.25,29327,676
2026-07-22T16:01:00+00:00,29325.75,29328.5,29312.75,29316.5,567
2026-07-22T16:02:00+00:00,29316.5,29324.75,29313.25,29322.25,376
2026-07-22T16:03:00+00:00,29322.75,29322.75,29313.5,29319.75,318
2026-07-22T16:04:00+00:00,29319.75,29324.5,29314,29320,242
2026-07-22T16:05:00+00:00,29320,29326.5,29313.5,29324.5,279
2026-07-22T16:06:00+00:00,29324.5,29333.75,29323.25,29327,572
2026-07-22T16:07:00+00:00,29326.5,29330.5,29322,29327.25,300
2026-07-22T16:08:00+00:00,29328.25,29328.5,29323.5,29324.75,217
2026-07-22T16:09:00+00:00,29324.5,29330.25,29323.5,29328.75,285
2026-07-22T16:10:00+00:00,29328.25,29329.75,29323.5,29325.25,328
2026-07-22T16:11:00+00:00,29326.25,29330,29316.5,29317.25,476
2026-07-22T16:12:00+00:00,29316,29327.5,29315.5,29325,453
2026-07-22T16:13:00+00:00,29325.5,29328.75,29321,29325,277
2026-07-22T16:14:00+00:00,29325.5,29333.25,29324.75,29328.5,587
2026-07-22T16:15:00+00:00,29328.25,29335,29326.75,29328.5,597
2026-07-22T16:16:00+00:00,29328.5,29334,29323.5,29327,428
2026-07-22T16:17:00+00:00,29327.5,29333.25,29318.25,29321,498
2026-07-22T16:18:00+00:00,29320.75,29331.25,29318,29329,400
2026-07-22T16:19:00+00:00,29329.75,29332,29328.5,29330,346
2026-07-22T16:20:00+00:00,29329,29329,29313.25,29320.5,533
2026-07-22T16:21:00+00:00,29319.75,29323.5,29315.5,29320.5,362
2026-07-22T16:22:00+00:00,29320.5,29324,29313.75,29316.75,502
2026-07-22T16:23:00+00:00,29316.25,29319,29309.75,29310,383
2026-07-22T16:24:00+00:00,29310,29315.25,29308,29314.75,355
2026-07-22T16:25:00+00:00,29315,29317,29309.5,29315,329
2026-07-22T16:26:00+00:00,29313.5,29313.75,29300.25,29306.25,677
2026-07-22T16:27:00+00:00,29306.25,29313,29305.5,29307.5,353
2026-07-22T16:28:00+00:00,29307.5,29312,29301.75,29311.5,277
2026-07-22T16:29:00+00:00,29312,29316.75,29308,29311,273
2026-07-22T16:30:00+00:00,29311,29316.25,29307.75,29315,400
2026-07-22T16:31:00+00:00,29315.25,29326.5,29313.25,29320.5,532
2026-07-22T16:32:00+00:00,29321,29323.25,29317.25,29322,292
2026-07-22T16:33:00+00:00,29321.75,29327.75,29318.25,29327.5,348
2026-07-22T16:34:00+00:00,29327.75,29328.25,29316.75,29323,404
2026-07-22T16:35:00+00:00,29322.75,29323,29314.25,29316.75,222
2026-07-22T16:36:00+00:00,29316.5,29317.5,29308.75,29310.25,341
2026-07-22T16:37:00+00:00,29310.25,29311.75,29302.75,29303.5,407
2026-07-22T16:38:00+00:00,29303.75,29315,29303.5,29314.25,311
2026-07-22T16:39:00+00:00,29313.5,29315.5,29301.5,29305,308
2026-07-22T16:40:00+00:00,29305.5,29306.25,29290.75,29293.5,696
2026-07-22T16:41:00+00:00,29294,29296.5,29290,29290.5,344
2026-07-22T16:42:00+00:00,29290,29294.75,29287,29287.25,363
2026-07-22T16:43:00+00:00,29287.5,29291.5,29283.75,29284.75,482
2026-07-22T16:44:00+00:00,29285.75,29292.25,29285.25,29290.5,342
2026-07-22T16:45:00+00:00,29290.75,29296.75,29283.25,29285.25,502
2026-07-22T16:46:00+00:00,29285.5,29290.5,29277.75,29280.5,619
2026-07-22T16:47:00+00:00,29280.5,29283.75,29276.75,29282.75,480
2026-07-22T16:48:00+00:00,29283.5,29293,29282.75,29291.25,467
2026-07-22T16:49:00+00:00,29291,29293.5,29286,29288.5,411
2026-07-22T16:50:00+00:00,29288.5,29291.5,29280.25,29291,515
2026-07-22T16:51:00+00:00,29292,29298,29287,29289.25,646
2026-07-22T16:52:00+00:00,29288.5,29295.25,29285.25,29293.5,316
2026-07-22T16:53:00+00:00,29294.25,29296,29283.5,29290.25,390
2026-07-22T16:54:00+00:00,29289.5,29294.5,29288.25,29290.75,261
2026-07-22T16:55:00+00:00,29290.75,29315.75,29289.5,29314.75,657
2026-07-22T16:56:00+00:00,29315,29316.75,29312,29313.5,450
2026-07-22T16:57:00+00:00,29314,29321.75,29314,29315,696
2026-07-22T16:58:00+00:00,29314.75,29318.25,29312,29316.5,287
2026-07-22T16:59:00+00:00,29315.5,29316,29307.5,29310.5,370
2026-07-22T17:00:00+00:00,29310.5,29326.75,29307.25,29325.25,872
2026-07-22T17:01:00+00:00,29325.25,29325.25,29314.5,29318,350
2026-07-22T17:02:00+00:00,29318.25,29320,29308.75,29313.25,400
2026-07-22T17:03:00+00:00,29313.25,29315,29303.25,29310.75,581
2026-07-22T17:04:00+00:00,29309.25,29310,29303,29308.5,329
2026-07-22T17:05:00+00:00,29308.25,29319,29307.25,29315.75,442
2026-07-22T17:06:00+00:00,29315,29322.25,29311.5,29321,379
2026-07-22T17:07:00+00:00,29321.25,29331,29318.5,29330.25,479
2026-07-22T17:08:00+00:00,29330,29331.25,29322.75,29326.75,366
2026-07-22T17:09:00+00:00,29325.75,29326.75,29317.5,29326,334
2026-07-22T17:10:00+00:00,29326,29328.25,29322.75,29326,278
2026-07-22T17:11:00+00:00,29325.75,29327.5,29319.5,29324.25,233
2026-07-22T17:12:00+00:00,29324.5,29326.75,29318.25,29321,226
2026-07-22T17:13:00+00:00,29320.25,29320.5,29311.75,29314.75,410
2026-07-22T17:14:00+00:00,29315,29316.25,29306.25,29309.75,523
2026-07-22T17:15:00+00:00,29310.25,29313.25,29301.25,29305.5,670
2026-07-22T17:16:00+00:00,29304.75,29309.75,29301.75,29304.25,432
2026-07-22T17:17:00+00:00,29303,29313.75,29302.25,29313.5,350
2026-07-22T17:18:00+00:00,29312.75,29318,29311.75,29315,308
2026-07-22T17:19:00+00:00,29314,29318,29309.5,29310,274
2026-07-22T17:20:00+00:00,29309.75,29310.25,29298.75,29302,520
2026-07-22T17:21:00+00:00,29302.75,29308.5,29298.25,29298.25,351
2026-07-22T17:22:00+00:00,29298.75,29306.25,29295,29305.5,666
2026-07-22T17:23:00+00:00,29305.25,29313.75,29304.75,29310.5,453
2026-07-22T17:24:00+00:00,29310.5,29316.5,29307.75,29313.5,411
2026-07-22T17:25:00+00:00,29313,29313,29302.25,29304,307
2026-07-22T17:26:00+00:00,29304,29305.75,29298.75,29303,285
2026-07-22T17:27:00+00:00,29303,29308.25,29301.75,29306.25,197
2026-07-22T17:28:00+00:00,29306,29318,29303,29314.75,650
2026-07-22T17:29:00+00:00,29314.25,29319.25,29304.25,29306,492
2026-07-22T17:30:00+00:00,29304,29312.75,29303.25,29312.75,293
2026-07-22T17:31:00+00:00,29312,29320,29311.75,29314.25,509
2026-07-22T17:32:00+00:00,29314.25,29314.75,29292.25,29296.75,660
2026-07-22T17:33:00+00:00,29296.75,29297.25,29284.75,29290.25,671
2026-07-22T17:34:00+00:00,29290.5,29290.75,29281.5,29283.5,412
2026-07-22T17:35:00+00:00,29283.75,29293.75,29280.75,29290,554
2026-07-22T17:36:00+00:00,29289.25,29297.5,29288.5,29296.5,420
2026-07-22T17:37:00+00:00,29296.75,29307.75,29295,29306.5,619
2026-07-22T17:38:00+00:00,29306.5,29312.5,29302,29304.75,462
2026-07-22T17:39:00+00:00,29304.5,29315.75,29302.75,29314,414
2026-07-22T17:40:00+00:00,29314,29314.25,29302.25,29305.75,505
2026-07-22T17:41:00+00:00,29305.25,29305.5,29297,29297.5,387
2026-07-22T17:42:00+00:00,29296.75,29299.5,29292,29294,350
2026-07-22T17:43:00+00:00,29294.25,29297.25,29289,29291.5,290
2026-07-22T17:44:00+00:00,29291.25,29298.75,29291,29293.75,271
2026-07-22T17:45:00+00:00,29294.75,29298.25,29291.75,29294.75,186
2026-07-22T17:46:00+00:00,29294.5,29297.5,29289.25,29293.25,286
2026-07-22T17:47:00+00:00,29292.75,29294,29285.5,29287.25,354
2026-07-22T17:48:00+00:00,29287.75,29289.75,29281,29282.75,347
2026-07-22T17:49:00+00:00,29283.25,29289.25,29281.5,29282,322
2026-07-22T17:50:00+00:00,29281.75,29284.5,29278.75,29280,435
2026-07-22T17:51:00+00:00,29280.5,29287.75,29280.5,29284.25,313
2026-07-22T17:52:00+00:00,29284.25,29284.75,29268.25,29272.25,823
2026-07-22T17:53:00+00:00,29271.75,29272,29258,29258.75,847
2026-07-22T17:54:00+00:00,29259,29261.25,29250,29250.75,877
2026-07-22T17:55:00+00:00,29251,29254,29234.25,29251.25,1309
2026-07-22T17:56:00+00:00,29251.25,29255.75,29247.75,29251.75,646
2026-07-22T17:57:00+00:00,29251.75,29261.5,29246.25,29249.5,580
2026-07-22T17:58:00+00:00,29250,29255.25,29244.25,29245.5,506
2026-07-22T17:59:00+00:00,29244,29248,29239,29244.25,468
2026-07-22T18:00:00+00:00,29244,29261.75,29243,29257.75,859
2026-07-22T18:01:00+00:00,29258.75,29260.75,29242,29249.25,717
2026-07-22T18:02:00+00:00,29250,29252.25,29231.75,29241.75,1285
2026-07-22T18:03:00+00:00,29242,29249,29239.75,29248.25,569
2026-07-22T18:04:00+00:00,29248.5,29254.75,29243.25,29252,569
2026-07-22T18:05:00+00:00,29252.75,29259.5,29245.25,29254,520
2026-07-22T18:06:00+00:00,29253.75,29259.5,29252.5,29257,449
2026-07-22T18:07:00+00:00,29256.75,29269,29253.75,29268,536
2026-07-22T18:08:00+00:00,29268.75,29271.25,29259.25,29259.25,438
2026-07-22T18:09:00+00:00,29260,29260,29245.25,29246.25,674
2026-07-22T18:10:00+00:00,29246.25,29250.25,29237.25,29249.25,761
2026-07-22T18:11:00+00:00,29249.5,29254.25,29245.25,29245.25,418
2026-07-22T18:12:00+00:00,29246,29247.5,29233,29236,514
2026-07-22T18:13:00+00:00,29236.75,29241.25,29228.5,29233.25,567
2026-07-22T18:14:00+00:00,29233,29235.75,29223.75,29224.5,539
2026-07-22T18:15:00+00:00,29224.5,29230,29222.25,29228,517
2026-07-22T18:16:00+00:00,29227.5,29236.25,29223.25,29230.25,674
2026-07-22T18:17:00+00:00,29230.25,29235.5,29223.75,29227.25,363
2026-07-22T18:18:00+00:00,29228.25,29239.5,29228,29238.75,403
2026-07-22T18:19:00+00:00,29238.75,29241.25,29228.25,29231.75,554
2026-07-22T18:20:00+00:00,29231.75,29242.75,29224,29242.5,507
2026-07-22T18:21:00+00:00,29242.75,29255.75,29238.75,29238.75,910
2026-07-22T18:22:00+00:00,29238,29239,29231.75,29237.25,494
2026-07-22T18:23:00+00:00,29236.75,29238.5,29225.25,29227.25,521
2026-07-22T18:24:00+00:00,29227,29238.5,29226.75,29229.75,510
2026-07-22T18:25:00+00:00,29229.75,29234.5,29227.75,29232.25,275
2026-07-22T18:26:00+00:00,29232.25,29235.5,29227.5,29231,355
2026-07-22T18:27:00+00:00,29231.75,29237,29225.25,29232.75,328
2026-07-22T18:28:00+00:00,29232.25,29246.5,29231,29245.75,648
2026-07-22T18:29:00+00:00,29245.5,29248,29238.75,29239,475
2026-07-22T18:30:00+00:00,29239,29240,29220.25,29229.25,1164
2026-07-22T18:31:00+00:00,29229,29229,29213.25,29216,908
2026-07-22T18:32:00+00:00,29215.5,29216.75,29207.75,29210.75,919
2026-07-22T18:33:00+00:00,29210.5,29220.5,29210.25,29219.25,428
2026-07-22T18:34:00+00:00,29218.75,29220.25,29212.5,29215,343
2026-07-22T18:35:00+00:00,29213.5,29231,29211.5,29230.5,556
2026-07-22T18:36:00+00:00,29231,29237.25,29229.5,29234,753
2026-07-22T18:37:00+00:00,29233.75,29239.5,29230,29233.75,453
2026-07-22T18:38:00+00:00,29233.5,29239.5,29232.25,29233,286
2026-07-22T18:39:00+00:00,29233.25,29234.5,29222.25,29233.25,415
2026-07-22T18:40:00+00:00,29233.5,29236,29223.25,29226.75,416
2026-07-22T18:41:00+00:00,29227.25,29233.25,29224.75,29233.25,227
2026-07-22T18:42:00+00:00,29233.25,29233.25,29223.5,29224,425
2026-07-22T18:43:00+00:00,29224,29231.5,29223,29231.25,318
2026-07-22T18:44:00+00:00,29231.75,29233.75,29228.5,29228.5,311
2026-07-22T18:45:00+00:00,29228.5,29245.75,29226.25,29244,672
2026-07-22T18:46:00+00:00,29244.25,29245.5,29237.75,29244.5,419
2026-07-22T18:47:00+00:00,29244.25,29244.25,29239.5,29242.75,243
2026-07-22T18:48:00+00:00,29242.5,29250,29242,29243.25,534
2026-07-22T18:49:00+00:00,29243,29243.5,29231.25,29233,298
2026-07-22T18:50:00+00:00,29232.25,29234.25,29224.25,29228.75,492
2026-07-22T18:51:00+00:00,29229.25,29238.25,29226.25,29232.75,360
2026-07-22T18:52:00+00:00,29233.5,29236.5,29224.25,29231.75,294
2026-07-22T18:53:00+00:00,29231.5,29243.5,29230.5,29242.5,322
2026-07-22T18:54:00+00:00,29242.75,29254.5,29242,29253.5,787
2026-07-22T18:55:00+00:00,29253,29258,29251.5,29257.25,487
2026-07-22T18:56:00+00:00,29257,29259,29242.5,29248.5,677
2026-07-22T18:57:00+00:00,29248.75,29251.25,29245.75,29251.25,187
2026-07-22T18:58:00+00:00,29250.5,29258,29250.5,29253.25,379
2026-07-22T18:59:00+00:00,29253.25,29256.75,29245.25,29245.25,310
2026-07-22T19:00:00+00:00,29245.75,29250.5,29242,29248.75,547
2026-07-22T19:01:00+00:00,29248.25,29253.75,29234.25,29241.25,869
2026-07-22T19:02:00+00:00,29241.25,29244.75,29238.5,29238.75,309
2026-07-22T19:03:00+00:00,29239.25,29249.5,29238.75,29248.5,304
2026-07-22T19:04:00+00:00,29249,29258,29248.25,29249,456
2026-07-22T19:05:00+00:00,29249.25,29254.25,29245,29245,326
2026-07-22T19:06:00+00:00,29244.75,29253.25,29241,29253.25,396
2026-07-22T19:07:00+00:00,29253,29253.5,29241.5,29242.75,476
2026-07-22T19:08:00+00:00,29242.25,29251.75,29240.25,29246.5,369
2026-07-22T19:09:00+00:00,29246.5,29249.75,29245.5,29246,219
2026-07-22T19:10:00+00:00,29245.75,29245.75,29239,29241.75,396
2026-07-22T19:11:00+00:00,29242,29244,29231.25,29235,603
2026-07-22T19:12:00+00:00,29235.25,29235.5,29223.75,29226,518
2026-07-22T19:13:00+00:00,29225.75,29229,29221.5,29223.25,606
2026-07-22T19:14:00+00:00,29224.5,29226.25,29215.5,29225,815
2026-07-22T19:15:00+00:00,29224.75,29230,29217.25,29226,534
2026-07-22T19:16:00+00:00,29226.25,29240.5,29224.75,29238.75,519
2026-07-22T19:17:00+00:00,29238.75,29241.25,29234.5,29238.25,346
2026-07-22T19:18:00+00:00,29238.5,29243.25,29233,29240.75,315
2026-07-22T19:19:00+00:00,29240.75,29246.25,29239.75,29239.75,304
2026-07-22T19:20:00+00:00,29239.75,29241,29232.5,29233.5,360
2026-07-22T19:21:00+00:00,29232.5,29235.25,29224.75,29231.25,546
2026-07-22T19:22:00+00:00,29231,29245,29227,29244.25,553
2026-07-22T19:23:00+00:00,29244.25,29247.75,29241.75,29244,425
2026-07-22T19:24:00+00:00,29244,29246.5,29237,29237,311
2026-07-22T19:25:00+00:00,29237,29239.5,29228.5,29236.25,455
2026-07-22T19:26:00+00:00,29236.5,29240.75,29227.25,29230.5,313
2026-07-22T19:27:00+00:00,29230.25,29244.75,29228,29244.5,408
2026-07-22T19:28:00+00:00,29244,29260,29243.75,29257.25,880
2026-07-22T19:29:00+00:00,29257.75,29259.5,29251.25,29253,462
2026-07-22T19:30:00+00:00,29253.5,29254.25,29232.5,29233.25,1213
2026-07-22T19:31:00+00:00,29233.75,29239.75,29230,29235,650
2026-07-22T19:32:00+00:00,29234.5,29237.25,29232,29235.5,404
2026-07-22T19:33:00+00:00,29234.75,29240.5,29230.25,29233.25,480
2026-07-22T19:34:00+00:00,29233.25,29235,29225.5,29229,481
2026-07-22T19:35:00+00:00,29229,29235.75,29225,29226.5,414
2026-07-22T19:36:00+00:00,29226.5,29226.5,29213.25,29218.25,723
2026-07-22T19:37:00+00:00,29219.25,29221.75,29211.75,29213.5,432
2026-07-22T19:38:00+00:00,29213.75,29213.75,29193.25,29199,1041
2026-07-22T19:39:00+00:00,29198.5,29202,29192.5,29199.75,585
2026-07-22T19:40:00+00:00,29200,29209.25,29199,29203.25,602
2026-07-22T19:41:00+00:00,29204,29209.25,29195.25,29209.25,652
2026-07-22T19:42:00+00:00,29209,29219.75,29208.5,29216.75,759
2026-07-22T19:43:00+00:00,29217,29221.75,29214.75,29218.5,476
2026-07-22T19:44:00+00:00,29219.25,29223.5,29210,29212.25,506
2026-07-22T19:45:00+00:00,29212.5,29221.5,29211,29213.5,583
2026-07-22T19:46:00+00:00,29212,29220,29208.25,29209.75,505
2026-07-22T19:47:00+00:00,29210.75,29219.5,29209,29214.25,419
2026-07-22T19:48:00+00:00,29213.5,29220,29212.75,29218.25,449
2026-07-22T19:49:00+00:00,29219.5,29228,29219.25,29223.75,808
2026-07-22T19:50:00+00:00,29224.5,29246,29206.5,29207.5,2300
2026-07-22T19:51:00+00:00,29207.5,29212,29204,29209.5,614
2026-07-22T19:52:00+00:00,29208.5,29228,29205,29217,828
2026-07-22T19:53:00+00:00,29217,29222.75,29209.25,29214.25,553
2026-07-22T19:54:00+00:00,29213.25,29217.25,29198.75,29203.75,1538
2026-07-22T19:55:00+00:00,29203.5,29206.75,29178.25,29181.25,1691
2026-07-22T19:56:00+00:00,29181.75,29184.25,29174.75,29176,928
2026-07-22T19:57:00+00:00,29176.25,29194,29176,29188.5,1025
2026-07-22T19:58:00+00:00,29188.5,29200.75,29186.25,29192.75,1789
2026-07-22T19:59:00+00:00,29192.75,29206.25,29158.25,29160.5,6898
2026-07-22T20:00:00+00:00,29161,29204.75,29160.25,29203,2329
2026-07-22T20:01:00+00:00,29204.75,29228.5,29140,29199.5,2531
2026-07-22T20:02:00+00:00,29201.75,29235.5,29142.75,29196.5,3274
2026-07-22T20:03:00+00:00,29199,29227.25,29161,29203.75,1607
2026-07-22T20:04:00+00:00,29203,29212.75,29142,29150.75,1022
2026-07-22T20:05:00+00:00,29150.75,29172.5,29121.5,29129.5,1041
2026-07-22T20:06:00+00:00,29131,29146,29119,29140,1167
2026-07-22T20:07:00+00:00,29143.25,29176.5,29136.75,29157.25,910
2026-07-22T20:08:00+00:00,29154,29169,29148.5,29166.5,482
2026-07-22T20:09:00+00:00,29168.25,29172.75,29155.5,29155.5,371
2026-07-22T20:10:00+00:00,29156.25,29165.75,29141.25,29149.75,372
2026-07-22T20:11:00+00:00,29153,29180,29151.5,29178,375
2026-07-22T20:12:00+00:00,29178,29199.75,29172.5,29180.75,717
2026-07-22T20:13:00+00:00,29179.25,29219.25,29176.25,29212.5,1021
2026-07-22T20:14:00+00:00,29214,29251,29208.75,29249,765
2026-07-23T13:30:00+00:00,28718.25,28725.75,28657,28687.25,5685
2026-07-23T13:31:00+00:00,28686.75,28723.25,28680.5,28719.75,3682
2026-07-23T13:32:00+00:00,28720.25,28748,28710.75,28739.75,3128
2026-07-23T13:33:00+00:00,28739.25,28740.25,28691,28723.5,3111
2026-07-23T13:34:00+00:00,28723.25,28764.5,28722.5,28759.75,2718
2026-07-23T13:35:00+00:00,28759.5,28775,28750,28754,2948
2026-07-23T13:36:00+00:00,28752,28790.25,28736.75,28788.5,2776
2026-07-23T13:37:00+00:00,28788,28808,28777.5,28803,2635
2026-07-23T13:38:00+00:00,28803,28817.5,28777.5,28794.25,2684
2026-07-23T13:39:00+00:00,28793.5,28808,28779.25,28797.5,1882
2026-07-23T13:40:00+00:00,28797,28824.25,28797,28813.5,2462
2026-07-23T13:41:00+00:00,28813.25,28832.5,28808.25,28828.75,1969
2026-07-23T13:42:00+00:00,28829,28867,28819.75,28864.5,2924
2026-07-23T13:43:00+00:00,28866,28883,28863,28872.75,2388
2026-07-23T13:44:00+00:00,28872.75,28878,28851.75,28857,1944
2026-07-23T13:45:00+00:00,28855.25,28868,28823.5,28853.75,3559
2026-07-23T13:46:00+00:00,28853.5,28858,28820.5,28846.25,2069
2026-07-23T13:47:00+00:00,28846.75,28849.5,28824.5,28825.25,1353
2026-07-23T13:48:00+00:00,28826,28833,28792.5,28795.25,3118
2026-07-23T13:49:00+00:00,28795.25,28805.25,28747.75,28760,2416
2026-07-23T13:50:00+00:00,28759.5,28787.25,28750.75,28775.5,2219
2026-07-23T13:51:00+00:00,28776.75,28784,28725,28730.5,2652
2026-07-23T13:52:00+00:00,28730,28749,28717.5,28745.75,2259
2026-07-23T13:53:00+00:00,28745,28775.75,28733,28769.5,2070
2026-07-23T13:54:00+00:00,28769.5,28819.5,28767.5,28815.75,3436
2026-07-23T13:55:00+00:00,28815.25,28834.5,28795,28797.25,2884
2026-07-23T13:56:00+00:00,28797,28800.75,28761,28762,2039
2026-07-23T13:57:00+00:00,28761,28765.5,28726.5,28733,2049
2026-07-23T13:58:00+00:00,28732.75,28732.75,28696,28725,2356
2026-07-23T13:59:00+00:00,28726.25,28736,28706,28707.75,1266
2026-07-23T14:00:00+00:00,28709.25,28769.75,28706.25,28747.75,2855
2026-07-23T14:01:00+00:00,28747.75,28750.25,28709.5,28712.75,2037
2026-07-23T14:02:00+00:00,28713.5,28734.25,28708,28726.75,1249
2026-07-23T14:03:00+00:00,28728,28742.25,28716.5,28727.25,1328
2026-07-23T14:04:00+00:00,28727.25,28766.5,28724.5,28749.25,1776
2026-07-23T14:05:00+00:00,28748.5,28794.25,28738.75,28791.75,2222
2026-07-23T14:06:00+00:00,28792,28801.25,28773.75,28778.25,1649
2026-07-23T14:07:00+00:00,28776,28792,28763.5,28778,1428
2026-07-23T14:08:00+00:00,28777.5,28799.5,28708.25,28712.75,2365
2026-07-23T14:09:00+00:00,28713.75,28719.25,28678.25,28716.75,2868
2026-07-23T14:10:00+00:00,28717.75,28755.25,28714.25,28725,2364
2026-07-23T14:11:00+00:00,28725,28742,28695.5,28737,2011
2026-07-23T14:12:00+00:00,28736.75,28763,28727.75,28755.75,1998
2026-07-23T14:13:00+00:00,28755.5,28770.75,28736,28743.75,1835
2026-07-23T14:14:00+00:00,28747.25,28760.75,28694.5,28704.75,2449
2026-07-23T14:15:00+00:00,28704.75,28727.5,28688.25,28696,1702
2026-07-23T14:16:00+00:00,28696.25,28720.25,28686.5,28715.75,1463
2026-07-23T14:17:00+00:00,28715,28731.75,28697,28728.75,1549
2026-07-23T14:18:00+00:00,28728.5,28743,28717,28718.25,1335
2026-07-23T14:19:00+00:00,28717.25,28721.75,28698,28704,1367
2026-07-23T14:20:00+00:00,28704.5,28728.5,28696,28707.75,1369
2026-07-23T14:21:00+00:00,28708.5,28755.25,28701.75,28752.75,1332
2026-07-23T14:22:00+00:00,28753.25,28780.25,28745.5,28763.25,1846
2026-07-23T14:23:00+00:00,28762.25,28768.25,28730.75,28734.5,1237
2026-07-23T14:24:00+00:00,28735.5,28739.75,28690.5,28709,1961
2026-07-23T14:25:00+00:00,28708,28741.75,28696,28735,1166
2026-07-23T14:26:00+00:00,28736.5,28737.25,28693.75,28714.75,1216
2026-07-23T14:27:00+00:00,28716.25,28720,28696.5,28711.75,994
2026-07-23T14:28:00+00:00,28710.75,28737.5,28701,28703,1355
2026-07-23T14:29:00+00:00,28702.5,28745,28700.75,28731.5,1029
2026-07-23T14:30:00+00:00,28731,28747.75,28718.5,28730.75,1369
2026-07-23T14:31:00+00:00,28730.25,28751.5,28712,28716.5,1294
2026-07-23T14:32:00+00:00,28717,28720.5,28675,28683.25,1786
2026-07-23T14:33:00+00:00,28683,28694.5,28643.5,28649.25,2361
2026-07-23T14:34:00+00:00,28649.25,28680,28640,28669.75,1806
2026-07-23T14:35:00+00:00,28670.5,28678.5,28646,28653.5,1562
2026-07-23T14:36:00+00:00,28655.75,28676.75,28651.75,28666,999
2026-07-23T14:37:00+00:00,28667.75,28762,28667.75,28758,2971
2026-07-23T14:38:00+00:00,28757.5,28762.75,28724.25,28734.5,2062
2026-07-23T14:39:00+00:00,28734.25,28764.5,28730,28755.5,1482
2026-07-23T14:40:00+00:00,28754.5,28773.25,28727.5,28728.5,1733
2026-07-23T14:41:00+00:00,28729.5,28738,28682,28687.75,1696
2026-07-23T14:42:00+00:00,28688.25,28700.75,28654.5,28666,1820
2026-07-23T14:43:00+00:00,28666.5,28672.5,28625.5,28642.75,2202
2026-07-23T14:44:00+00:00,28643.25,28655.25,28627,28645,1217
2026-07-23T14:45:00+00:00,28644.5,28659,28630.25,28633,1731
2026-07-23T14:46:00+00:00,28633.5,28661.75,28626.75,28653.25,1270
2026-07-23T14:47:00+00:00,28654,28670.5,28647.25,28649,1310
2026-07-23T14:48:00+00:00,28649.75,28650.25,28626.5,28634.75,1452
2026-07-23T14:49:00+00:00,28634.5,28645.5,28620.25,28630,1556
2026-07-23T14:50:00+00:00,28630.75,28646.25,28609.75,28614.5,1719
2026-07-23T14:51:00+00:00,28614,28616.25,28587.75,28592.75,1905
2026-07-23T14:52:00+00:00,28593.5,28619.5,28586.75,28612.5,1638
2026-07-23T14:53:00+00:00,28611.5,28611.5,28586.25,28589.25,1086
2026-07-23T14:54:00+00:00,28589,28595.5,28578.75,28582.5,1494
2026-07-23T14:55:00+00:00,28582.75,28598.75,28577.25,28578.5,1370
2026-07-23T14:56:00+00:00,28579,28608.25,28578.5,28607,1290
2026-07-23T14:57:00+00:00,28606.25,28618.5,28599.5,28614,1583
2026-07-23T14:58:00+00:00,28614.25,28615.25,28592.5,28595.25,1260
2026-07-23T14:59:00+00:00,28595.75,28614.5,28589.5,28596.75,1109
2026-07-23T15:00:00+00:00,28597.25,28604.5,28583.75,28586.75,1789
2026-07-23T15:01:00+00:00,28587.25,28589.75,28567,28577,1727
2026-07-23T15:02:00+00:00,28578.25,28590.5,28569.75,28570.5,1071
2026-07-23T15:03:00+00:00,28572.5,28588.25,28568.25,28573,1156
2026-07-23T15:04:00+00:00,28572.75,28572.75,28558.5,28567.75,1353
2026-07-23T15:05:00+00:00,28567.75,28572.25,28554.75,28554.75,1291
2026-07-23T15:06:00+00:00,28555.75,28559.25,28533.5,28534,2312
2026-07-23T15:07:00+00:00,28534.75,28553.5,28529,28542.5,1498
2026-07-23T15:08:00+00:00,28543,28554,28538.5,28547.75,1585
2026-07-23T15:09:00+00:00,28547.75,28560,28525,28529,1948
2026-07-23T15:10:00+00:00,28529,28544.25,28521.75,28529.25,1455
2026-07-23T15:11:00+00:00,28529.5,28530.25,28510,28510.5,1672
2026-07-23T15:12:00+00:00,28510.5,28514.25,28487,28497,2661
2026-07-23T15:13:00+00:00,28496.75,28509.75,28493.25,28502.5,1596
2026-07-23T15:14:00+00:00,28502.5,28507,28483,28494.25,1831
2026-07-23T15:15:00+00:00,28494,28518.75,28492,28510,2023
2026-07-23T15:16:00+00:00,28510,28518,28498.75,28510,1662
2026-07-23T15:17:00+00:00,28511.25,28533.75,28508,28524.5,1713
2026-07-23T15:18:00+00:00,28524.5,28533,28518,28521.5,1086
2026-07-23T15:19:00+00:00,28522.5,28538.25,28518.25,28536.5,1104
2026-07-23T15:20:00+00:00,28538,28569,28537.25,28555.5,2977
2026-07-23T15:21:00+00:00,28556,28560.25,28519,28520.25,1575
2026-07-23T15:22:00+00:00,28521,28534.75,28459,28484,3819
2026-07-23T15:23:00+00:00,28483,28506,28482.25,28490,2040
2026-07-23T15:24:00+00:00,28491,28510,28489.75,28503,1104
2026-07-23T15:25:00+00:00,28503,28507.5,28478.25,28487.75,1135
2026-07-23T15:26:00+00:00,28488,28488,28467.75,28475.5,1388
2026-07-23T15:27:00+00:00,28474.5,28476,28458.75,28459.25,1015
2026-07-23T15:28:00+00:00,28459,28480.75,28449,28450.5,1431
2026-07-23T15:29:00+00:00,28450.25,28473.5,28447.75,28467.25,1302
2026-07-23T15:30:00+00:00,28467.75,28475.75,28446.25,28447.75,1707
2026-07-23T15:31:00+00:00,28447.5,28471.25,28432.5,28466,2033
2026-07-23T15:32:00+00:00,28465.75,28485.75,28465,28479.75,1265
2026-07-23T15:33:00+00:00,28481.25,28488.75,28466.5,28480.75,1016
2026-07-23T15:34:00+00:00,28481.5,28492,28470.5,28488.75,1032
2026-07-23T15:35:00+00:00,28488.5,28518.5,28488,28504.75,1666
2026-07-23T15:36:00+00:00,28505.75,28515,28491.25,28514.75,1073
2026-07-23T15:37:00+00:00,28514.75,28536.75,28500.75,28513.5,2040
2026-07-23T15:38:00+00:00,28514.5,28534.75,28512.75,28532.75,888
2026-07-23T15:39:00+00:00,28532.75,28533.5,28512.75,28526.75,885
2026-07-23T15:40:00+00:00,28526.75,28551,28526,28532.5,1340
2026-07-23T15:41:00+00:00,28532.5,28538.5,28515,28537.25,1152
2026-07-23T15:42:00+00:00,28536.75,28547.5,28506.5,28510.25,1314
2026-07-23T15:43:00+00:00,28510.25,28521.5,28504.5,28506.25,951
2026-07-23T15:44:00+00:00,28506.75,28517.75,28493.75,28494.5,980
2026-07-23T15:45:00+00:00,28493.5,28513.5,28478.25,28507,1665
2026-07-23T15:46:00+00:00,28506.25,28512.75,28488.5,28497.5,927
2026-07-23T15:47:00+00:00,28497.5,28509.75,28491.25,28496.25,597
2026-07-23T15:48:00+00:00,28497.5,28512.25,28494.25,28501.5,700
2026-07-23T15:49:00+00:00,28502.75,28528.75,28498,28522,862
2026-07-23T15:50:00+00:00,28522,28534.5,28504.5,28531.5,890
2026-07-23T15:51:00+00:00,28531.75,28535.75,28513.25,28519.5,755
2026-07-23T15:52:00+00:00,28520.5,28543.25,28519.5,28537,721
2026-07-23T15:53:00+00:00,28537.25,28543,28529.75,28538.5,788
2026-07-23T15:54:00+00:00,28537,28557.5,28537,28556.25,1247
2026-07-23T15:55:00+00:00,28556.5,28569,28552.75,28563.25,976
2026-07-23T15:56:00+00:00,28564,28582.75,28557.75,28571.25,1376
2026-07-23T15:57:00+00:00,28571.5,28574,28550.5,28572,1052
2026-07-23T15:58:00+00:00,28571.75,28588.5,28566.75,28581.25,903
2026-07-23T15:59:00+00:00,28581.5,28590,28581.5,28588.5,894
2026-07-23T16:00:00+00:00,28588.5,28599,28577.75,28597.75,1412
2026-07-23T16:01:00+00:00,28599,28599.5,28573.25,28592,1091
2026-07-23T16:02:00+00:00,28591.25,28620,28585.25,28619,1257
2026-07-23T16:03:00+00:00,28618.75,28628.75,28607.75,28616.75,1317
2026-07-23T16:04:00+00:00,28616.5,28619.75,28603,28616.5,1477
2026-07-23T16:05:00+00:00,28616,28620.75,28579.25,28583.5,1339
2026-07-23T16:06:00+00:00,28583,28597,28577,28580,1077
2026-07-23T16:07:00+00:00,28579.75,28589.75,28576.75,28583.5,685
2026-07-23T16:08:00+00:00,28583,28619.75,28581.25,28616.5,944
2026-07-23T16:09:00+00:00,28616.5,28623.5,28608.75,28622.75,759
2026-07-23T16:10:00+00:00,28622.25,28633.25,28621.25,28630.25,679
2026-07-23T16:11:00+00:00,28630.25,28635.5,28617.25,28631.25,833
2026-07-23T16:12:00+00:00,28630.75,28644.25,28622.75,28622.75,898
2026-07-23T16:13:00+00:00,28623.25,28638,28622.75,28624,665
2026-07-23T16:14:00+00:00,28623.75,28637,28623,28629.75,512
2026-07-23T16:15:00+00:00,28630,28645,28626,28640,708
2026-07-23T16:16:00+00:00,28641,28642.75,28623.25,28624,707
2026-07-23T16:17:00+00:00,28625.5,28640.25,28623.5,28636.5,547
2026-07-23T16:18:00+00:00,28637.25,28639.5,28629,28635.75,442
2026-07-23T16:19:00+00:00,28637.25,28637.25,28609.5,28629.5,962
2026-07-23T16:20:00+00:00,28629.75,28656,28629.75,28655.5,1057
2026-07-23T16:21:00+00:00,28655.5,28659,28648.75,28653,689
2026-07-23T16:22:00+00:00,28653,28672.75,28646,28670.5,1232
2026-07-23T16:23:00+00:00,28671.25,28696.25,28668.25,28690.25,1392
2026-07-23T16:24:00+00:00,28690,28695.5,28684.75,28687.25,934
2026-07-23T16:25:00+00:00,28687,28697.75,28682.5,28691,989
2026-07-23T16:26:00+00:00,28691.75,28692.75,28675.25,28675.75,745
2026-07-23T16:27:00+00:00,28677.25,28699.25,28673.25,28696,985
2026-07-23T16:28:00+00:00,28695.75,28703.5,28693.25,28701,731
2026-07-23T16:29:00+00:00,28701,28715,28699.25,28707.25,1172
2026-07-23T16:30:00+00:00,28707.5,28708.25,28685.75,28696.75,1146
2026-07-23T16:31:00+00:00,28697,28702.5,28690.5,28696.5,653
2026-07-23T16:32:00+00:00,28695,28699.5,28689,28696,669
2026-07-23T16:33:00+00:00,28695.75,28707.5,28691.25,28696.5,779
2026-07-23T16:34:00+00:00,28697.5,28704.5,28686.75,28690.5,876
2026-07-23T16:35:00+00:00,28691,28713.75,28682.25,28707.75,1149
2026-07-23T16:36:00+00:00,28708.25,28709,28694,28704.25,708
2026-07-23T16:37:00+00:00,28704.25,28711.75,28695.75,28708,691
2026-07-23T16:38:00+00:00,28708.5,28733.75,28700.75,28731.75,1235
2026-07-23T16:39:00+00:00,28732,28738.25,28724.25,28731.75,1395
2026-07-23T16:40:00+00:00,28731.25,28734.25,28708.25,28713.5,1110
2026-07-23T16:41:00+00:00,28712.75,28712.75,28696.25,28700.75,921
2026-07-23T16:42:00+00:00,28700.5,28704.25,28691,28701,778
2026-07-23T16:43:00+00:00,28701,28711,28698.75,28705.5,765
2026-07-23T16:44:00+00:00,28706.25,28708.25,28685,28687.75,796
2026-07-23T16:45:00+00:00,28687.5,28687.5,28648,28649,1803
2026-07-23T16:46:00+00:00,28649,28653,28640,28644.75,1109
2026-07-23T16:47:00+00:00,28647,28656,28639.75,28653.75,1100
2026-07-23T16:48:00+00:00,28654.25,28658,28635.25,28640.5,971
2026-07-23T16:49:00+00:00,28640.25,28653.25,28635.75,28636.75,746
2026-07-23T16:50:00+00:00,28638,28641.75,28623.75,28626.75,1052
2026-07-23T16:51:00+00:00,28627.5,28636.5,28616.5,28622,898
2026-07-23T16:52:00+00:00,28622.25,28647,28621,28628.25,1058
2026-07-23T16:53:00+00:00,28628.75,28628.75,28609.5,28614.5,927
2026-07-23T16:54:00+00:00,28614.5,28621.5,28611,28611.75,881
2026-07-23T16:55:00+00:00,28612,28635.75,28610.75,28623.75,1344
2026-07-23T16:56:00+00:00,28623.25,28629,28613,28626,678
2026-07-23T16:57:00+00:00,28627.5,28633,28618.25,28625.5,791
2026-07-23T16:58:00+00:00,28623.75,28633.75,28618.5,28625.5,677
2026-07-23T16:59:00+00:00,28624.25,28646.5,28624.25,28640.75,824
2026-07-23T17:00:00+00:00,28641.25,28663.25,28615.25,28657.25,1520
2026-07-23T17:01:00+00:00,28656,28658.75,28642,28650.75,851
2026-07-23T17:02:00+00:00,28649.5,28650.25,28627,28647.75,759
2026-07-23T17:03:00+00:00,28648.5,28652,28639,28649.25,611
2026-07-23T17:04:00+00:00,28649.5,28651.25,28614.75,28615,807
2026-07-23T17:05:00+00:00,28615.5,28615.5,28588,28602,1592
2026-07-23T17:06:00+00:00,28602.25,28616.5,28590,28595.75,820
2026-07-23T17:07:00+00:00,28594.75,28617.75,28592,28606.25,749
2026-07-23T17:08:00+00:00,28607.5,28628.75,28597.5,28608,783
2026-07-23T17:09:00+00:00,28608.25,28630.25,28597.5,28626.5,858
2026-07-23T17:10:00+00:00,28625.5,28647.75,28624.75,28633.5,989
2026-07-23T17:11:00+00:00,28632.25,28640,28626,28638.25,655
2026-07-23T17:12:00+00:00,28637.5,28653.75,28635.25,28649.25,762
2026-07-23T17:13:00+00:00,28649.5,28658.25,28636,28638,640
2026-07-23T17:14:00+00:00,28638.75,28646.25,28628.5,28642.5,675
2026-07-23T17:15:00+00:00,28642,28649.75,28636,28642.25,653
2026-07-23T17:16:00+00:00,28643.75,28657,28638.25,28646.5,731
2026-07-23T17:17:00+00:00,28646,28651.5,28621.25,28622.5,767
2026-07-23T17:18:00+00:00,28622.25,28641.25,28614.75,28635.25,973
2026-07-23T17:19:00+00:00,28635.5,28641,28627.5,28640.75,577
2026-07-23T17:20:00+00:00,28640.5,28674.25,28640.25,28661.25,1239
2026-07-23T17:21:00+00:00,28661.5,28665.75,28635.75,28637.25,876
2026-07-23T17:22:00+00:00,28637.25,28645.75,28628.25,28634.25,696
2026-07-23T17:23:00+00:00,28634.25,28660.25,28630.75,28660.25,514
2026-07-23T17:24:00+00:00,28659.25,28668.25,28653.25,28664.75,829
2026-07-23T17:25:00+00:00,28664.75,28673.75,28659.25,28670,701
2026-07-23T17:26:00+00:00,28669.5,28676.75,28659.75,28669.75,756
2026-07-23T17:27:00+00:00,28669.25,28670,28653.5,28661.25,615
2026-07-23T17:28:00+00:00,28660.75,28666.75,28655.75,28664.25,472
2026-07-23T17:29:00+00:00,28664,28665.5,28651.5,28652.5,448
2026-07-23T17:30:00+00:00,28653,28657,28637.25,28649.25,1017
2026-07-23T17:31:00+00:00,28648.5,28650,28616.5,28621.5,766
2026-07-23T17:32:00+00:00,28620.5,28621.5,28606,28611.75,698
2026-07-23T17:33:00+00:00,28611.5,28633.5,28607,28620.5,790
2026-07-23T17:34:00+00:00,28619.75,28630.25,28615.75,28620.75,462
2026-07-23T17:35:00+00:00,28620.5,28624.5,28595.75,28598,648
2026-07-23T17:36:00+00:00,28597.75,28608,28592,28594.75,647
2026-07-23T17:37:00+00:00,28595.5,28600.75,28587.5,28594,731
2026-07-23T17:38:00+00:00,28594.25,28602.25,28585.75,28589.25,540
2026-07-23T17:39:00+00:00,28590,28601,28587.75,28590.5,363
2026-07-23T17:40:00+00:00,28589.25,28598.75,28573.25,28578,860
2026-07-23T17:41:00+00:00,28577.25,28587.5,28570.5,28586.25,634
2026-07-23T17:42:00+00:00,28586.25,28593,28580,28589.75,545
2026-07-23T17:43:00+00:00,28588.25,28601.5,28585.75,28598.25,629
2026-07-23T17:44:00+00:00,28598.25,28604.75,28586.25,28594.5,531
2026-07-23T17:45:00+00:00,28594.25,28625.25,28582.25,28618,1132
2026-07-23T17:46:00+00:00,28618,28625,28604,28616.75,736
2026-07-23T17:47:00+00:00,28618.5,28629.25,28614.5,28620,478
2026-07-23T17:48:00+00:00,28619.25,28627.25,28609.5,28621.25,578
2026-07-23T17:49:00+00:00,28620.5,28629,28619.75,28621.5,391
2026-07-23T17:50:00+00:00,28621,28624.5,28609.25,28622.25,509
2026-07-23T17:51:00+00:00,28622.25,28625.25,28604.75,28608.5,488
2026-07-23T17:52:00+00:00,28608.75,28628.5,28605.5,28621.25,496
2026-07-23T17:53:00+00:00,28621.75,28624.75,28602,28607.5,572
2026-07-23T17:54:00+00:00,28607,28611.75,28597,28597,530
2026-07-23T17:55:00+00:00,28596,28597.25,28580.25,28590,689
2026-07-23T17:56:00+00:00,28590,28590,28571,28578.75,523
2026-07-23T17:57:00+00:00,28578.5,28584,28568.25,28571.75,598
2026-07-23T17:58:00+00:00,28571,28579,28565.5,28574.75,600
2026-07-23T17:59:00+00:00,28575,28578.25,28565.75,28568,548
2026-07-23T18:00:00+00:00,28568.25,28579.25,28555.25,28570.75,1131
2026-07-23T18:01:00+00:00,28569.5,28571.75,28551,28566,759
2026-07-23T18:02:00+00:00,28566,28572.75,28561.25,28572.75,385
2026-07-23T18:03:00+00:00,28572,28580.5,28567,28576,557
2026-07-23T18:04:00+00:00,28576.75,28582.25,28558,28561,547
2026-07-23T18:05:00+00:00,28561,28564,28555.25,28561,511
2026-07-23T18:06:00+00:00,28561.75,28571.25,28557.5,28565.5,463
2026-07-23T18:07:00+00:00,28566,28566.25,28543.5,28544.25,746
2026-07-23T18:08:00+00:00,28543.5,28558.25,28542.5,28554,571
2026-07-23T18:09:00+00:00,28553.25,28554.5,28544.5,28547,469
2026-07-23T18:10:00+00:00,28547.25,28556.75,28542.75,28554.5,407
2026-07-23T18:11:00+00:00,28555,28563,28547.5,28559,552
2026-07-23T18:12:00+00:00,28558.75,28578,28558.25,28574.5,884
2026-07-23T18:13:00+00:00,28574.25,28578.25,28568,28571.75,512
2026-07-23T18:14:00+00:00,28572.25,28575,28558,28560,609
2026-07-23T18:15:00+00:00,28560.25,28572.25,28555.25,28569.75,644
2026-07-23T18:16:00+00:00,28569,28578,28563,28568.5,761
2026-07-23T18:17:00+00:00,28568.75,28572.5,28546.75,28552,718
2026-07-23T18:18:00+00:00,28550,28565.5,28547.25,28550.75,701
2026-07-23T18:19:00+00:00,28551.5,28557,28545.25,28556.25,757
2026-07-23T18:20:00+00:00,28556.25,28563,28554,28555.75,535
2026-07-23T18:21:00+00:00,28555.25,28569.5,28549,28569.5,613
2026-07-23T18:22:00+00:00,28569.25,28571.25,28561,28561.5,559
2026-07-23T18:23:00+00:00,28561,28571,28557.25,28570.25,447
2026-07-23T18:24:00+00:00,28570.25,28582,28569.25,28580.25,752
2026-07-23T18:25:00+00:00,28579.5,28584.25,28561.75,28569.5,806
2026-07-23T18:26:00+00:00,28570.25,28573,28560.5,28561.5,335
2026-07-23T18:27:00+00:00,28561.75,28571.25,28555,28556.25,516
2026-07-23T18:28:00+00:00,28556.25,28575.75,28556.25,28567.5,570
2026-07-23T18:29:00+00:00,28567.5,28579.75,28566.5,28575,396
2026-07-23T18:30:00+00:00,28574.75,28587.25,28568,28579.25,847
2026-07-23T18:31:00+00:00,28579.5,28589.25,28578.75,28586.25,517
2026-07-23T18:32:00+00:00,28586.25,28593.5,28577,28580.5,651
2026-07-23T18:33:00+00:00,28580.75,28586.5,28574.75,28585.75,448
2026-07-23T18:34:00+00:00,28586.75,28597.5,28586.5,28596.25,555
2026-07-23T18:35:00+00:00,28596,28603.5,28579.5,28580.75,861
2026-07-23T18:36:00+00:00,28580,28586.5,28567.5,28567.75,767
2026-07-23T18:37:00+00:00,28568.5,28570.75,28556.25,28569.5,723
2026-07-23T18:38:00+00:00,28569.25,28572,28554.25,28558.5,420
2026-07-23T18:39:00+00:00,28559.25,28569,28556,28568,420
2026-07-23T18:40:00+00:00,28567.75,28576,28560.75,28575.5,627
2026-07-23T18:41:00+00:00,28576.25,28576.5,28554.25,28558,608
2026-07-23T18:42:00+00:00,28557.5,28557.5,28545,28554,555
2026-07-23T18:43:00+00:00,28554.5,28555.75,28545.75,28551,430
2026-07-23T18:44:00+00:00,28551.25,28557,28545.5,28550.5,499
2026-07-23T18:45:00+00:00,28549.75,28565.25,28549.25,28560.75,896
2026-07-23T18:46:00+00:00,28561.75,28569.5,28559.25,28563.25,509
2026-07-23T18:47:00+00:00,28564,28575.5,28563.75,28575.25,347
2026-07-23T18:48:00+00:00,28576,28578.5,28568.5,28573.5,447
2026-07-23T18:49:00+00:00,28574,28576,28559.25,28564.25,455
2026-07-23T18:50:00+00:00,28565,28569.25,28554.5,28561.75,555
2026-07-23T18:51:00+00:00,28561.75,28568.75,28557.25,28561.75,401
2026-07-23T18:52:00+00:00,28561.75,28567.75,28556,28562.25,418
2026-07-23T18:53:00+00:00,28561,28564.25,28551,28559,464
2026-07-23T18:54:00+00:00,28559.25,28560.75,28530.5,28533.5,956
2026-07-23T18:55:00+00:00,28533,28539.75,28526.75,28538.75,746
2026-07-23T18:56:00+00:00,28538.5,28541.25,28528.75,28537.25,502
2026-07-23T18:57:00+00:00,28538,28539.5,28531.5,28535.25,339
2026-07-23T18:58:00+00:00,28534.25,28539.5,28525.25,28535.75,790
2026-07-23T18:59:00+00:00,28536.75,28552,28534.25,28550,846
2026-07-23T19:00:00+00:00,28550,28566.75,28549.75,28555.25,1097
2026-07-23T19:01:00+00:00,28554,28554.75,28540.25,28540.75,613
2026-07-23T19:02:00+00:00,28540.5,28548.25,28539.25,28544.25,293
2026-07-23T19:03:00+00:00,28544,28544,28520,28520.75,926
2026-07-23T19:04:00+00:00,28520,28523,28513.25,28515.5,581
2026-07-23T19:05:00+00:00,28516,28526.75,28512,28525,700
2026-07-23T19:06:00+00:00,28525.5,28528.25,28519.25,28526.5,441
2026-07-23T19:07:00+00:00,28526,28527.5,28510.75,28511.75,573
2026-07-23T19:08:00+00:00,28511.25,28516.75,28508,28516,764
2026-07-23T19:09:00+00:00,28516.25,28516.5,28508.5,28509.75,302
2026-07-23T19:10:00+00:00,28508.25,28509.25,28501,28503.75,456
2026-07-23T19:11:00+00:00,28503.25,28513.25,28501.5,28510.25,548
2026-07-23T19:12:00+00:00,28510.5,28523.75,28510.25,28514.25,685
2026-07-23T19:13:00+00:00,28514.5,28518.25,28506.25,28508.5,387
2026-07-23T19:14:00+00:00,28508.5,28511.75,28505.5,28505.75,275
2026-07-23T19:15:00+00:00,28506.5,28523.5,28504.5,28516.25,798
2026-07-23T19:16:00+00:00,28516.25,28529.25,28515.5,28526,487
2026-07-23T19:17:00+00:00,28526,28542,28524.75,28529,792
2026-07-23T19:18:00+00:00,28529.5,28530,28514,28520.5,1065
2026-07-23T19:19:00+00:00,28521,28526.25,28519.75,28525,502
2026-07-23T19:20:00+00:00,28524.75,28542,28523.5,28540.25,784
2026-07-23T19:21:00+00:00,28538.75,28559.5,28538.75,28555,898
2026-07-23T19:22:00+00:00,28555.25,28561.5,28545.5,28550.5,679
2026-07-23T19:23:00+00:00,28550,28564.5,28549.25,28561.25,538
2026-07-23T19:24:00+00:00,28561.5,28573.5,28560.25,28573.5,781
2026-07-23T19:25:00+00:00,28573,28595.25,28573,28588.25,1399
2026-07-23T19:26:00+00:00,28587.5,28591.5,28578.25,28582.75,990
2026-07-23T19:27:00+00:00,28582,28594.25,28575.25,28582.75,724
2026-07-23T19:28:00+00:00,28582.5,28586.75,28561.5,28566.25,948
2026-07-23T19:29:00+00:00,28567.25,28583,28563.5,28583,709
2026-07-23T19:30:00+00:00,28583.5,28595.5,28576.5,28589.25,1472
2026-07-23T19:31:00+00:00,28588.5,28589.25,28554.25,28555,1061
2026-07-23T19:32:00+00:00,28555.25,28561.75,28551.25,28552.25,749
2026-07-23T19:33:00+00:00,28552.25,28556.5,28530.75,28551,1046
2026-07-23T19:34:00+00:00,28551.75,28570,28551.5,28560.25,809
2026-07-23T19:35:00+00:00,28559.25,28565.75,28548.25,28553.5,650
2026-07-23T19:36:00+00:00,28553,28558.5,28539.25,28554.5,604
2026-07-23T19:37:00+00:00,28555.25,28564.5,28549,28557.25,458
2026-07-23T19:38:00+00:00,28556.25,28561.5,28541.75,28543.75,486
2026-07-23T19:39:00+00:00,28544.5,28549.5,28539.5,28539.5,536
2026-07-23T19:40:00+00:00,28538.5,28544.75,28535.25,28538,574
2026-07-23T19:41:00+00:00,28538.5,28538.5,28528.25,28534.25,586
2026-07-23T19:42:00+00:00,28534,28534,28510,28510.75,908
2026-07-23T19:43:00+00:00,28510.25,28518,28504.25,28514.5,802
2026-07-23T19:44:00+00:00,28514,28514,28501.5,28502.25,570
2026-07-23T19:45:00+00:00,28502,28510.5,28501.25,28503.5,872
2026-07-23T19:46:00+00:00,28504.5,28506.5,28490.25,28493.25,997
2026-07-23T19:47:00+00:00,28493.75,28511.25,28486.25,28507,915
2026-07-23T19:48:00+00:00,28507.5,28512,28499.5,28501.5,554
2026-07-23T19:49:00+00:00,28501.5,28502.25,28486.25,28499.5,772
2026-07-23T19:50:00+00:00,28498.25,28546,28498.25,28528.75,2713
2026-07-23T19:51:00+00:00,28528.75,28537.75,28516.5,28536,1394
2026-07-23T19:52:00+00:00,28536.5,28540.75,28511,28523.75,1487
2026-07-23T19:53:00+00:00,28524,28524.25,28509,28517,1310
2026-07-23T19:54:00+00:00,28517.5,28538.5,28505.25,28536,2311
2026-07-23T19:55:00+00:00,28536.5,28579,28536.5,28577.75,2341
2026-07-23T19:56:00+00:00,28577.5,28588,28572.5,28584,1425
2026-07-23T19:57:00+00:00,28583,28606.25,28582.5,28605.5,1633
2026-07-23T19:58:00+00:00,28605.5,28631,28605.5,28623.75,2791
2026-07-23T19:59:00+00:00,28623.75,28633.5,28605.5,28615,10308
2026-07-23T20:00:00+00:00,28615.25,28680.75,28610.5,28676.75,4497
2026-07-23T20:01:00+00:00,28676.25,28694.75,28651.5,28684.5,2629
2026-07-23T20:02:00+00:00,28687,28696,28664,28689.75,2102
2026-07-23T20:03:00+00:00,28691.25,28726.75,28687.5,28721.75,1759
2026-07-23T20:04:00+00:00,28722.75,28726,28707.75,28708.25,1123
2026-07-23T20:05:00+00:00,28708.75,28717.25,28697.5,28707.5,970
2026-07-23T20:06:00+00:00,28707.5,28723.5,28705.5,28722.25,768
2026-07-23T20:07:00+00:00,28723.5,28727,28702,28713.5,739
2026-07-23T20:08:00+00:00,28711.75,28717,28709.25,28714.25,337
2026-07-23T20:09:00+00:00,28714.25,28719.75,28704,28714.25,460
2026-07-23T20:10:00+00:00,28714.75,28728.25,28713.25,28721.25,663
2026-07-23T20:11:00+00:00,28721,28732.5,28719.75,28730.5,415
2026-07-23T20:12:00+00:00,28729.75,28747,28726.5,28728.25,725
2026-07-23T20:13:00+00:00,28728.75,28744.25,28720.25,28740.25,399
2026-07-23T20:14:00+00:00,28739.5,28747.5,28723,28726.75,490
2026-07-24T13:30:00+00:00,28540,28541.75,28504.5,28529.75,5312
2026-07-24T13:31:00+00:00,28530.25,28543,28499.5,28531.75,3099
2026-07-24T13:32:00+00:00,28532,28559.75,28517.5,28559.75,2207
2026-07-24T13:33:00+00:00,28560,28585.75,28550,28558.75,2175
2026-07-24T13:34:00+00:00,28557.75,28606.75,28554.5,28603.25,1824
2026-07-24T13:35:00+00:00,28603.25,28622,28570.75,28578,3143
2026-07-24T13:36:00+00:00,28579.75,28580,28523.5,28524.75,2415
2026-07-24T13:37:00+00:00,28526.25,28554,28518.5,28544.75,2039
2026-07-24T13:38:00+00:00,28544,28564.5,28515,28520,1987
2026-07-24T13:39:00+00:00,28519,28529,28501,28528.25,1957
2026-07-24T13:40:00+00:00,28527.75,28532.25,28488,28492,2476
2026-07-24T13:41:00+00:00,28493,28506.5,28475.25,28482,2337
2026-07-24T13:42:00+00:00,28483.5,28491.25,28458.25,28479.25,2232
2026-07-24T13:43:00+00:00,28480,28487,28469.5,28480,1196
2026-07-24T13:44:00+00:00,28479.5,28500,28471.75,28485,1386
2026-07-24T13:45:00+00:00,28483.25,28498,28463.25,28470.5,1759
2026-07-24T13:46:00+00:00,28471,28476.5,28445,28460.75,2202
2026-07-24T13:47:00+00:00,28460.25,28478.25,28452.5,28466.25,1787
2026-07-24T13:48:00+00:00,28465.75,28474.5,28450,28457.75,1342
2026-07-24T13:49:00+00:00,28458,28511.75,28457.75,28501.25,2397
2026-07-24T13:50:00+00:00,28500,28502,28411,28434.5,3719
2026-07-24T13:51:00+00:00,28435.5,28437.5,28382.25,28396,2940
2026-07-24T13:52:00+00:00,28395.75,28396.5,28355.5,28368.25,2629
2026-07-24T13:53:00+00:00,28368.25,28371.5,28341,28352.5,1944
2026-07-24T13:54:00+00:00,28351.75,28356.75,28335.75,28344.75,1664
2026-07-24T13:55:00+00:00,28344,28349.5,28313.5,28325.5,2528
2026-07-24T13:56:00+00:00,28326,28354.25,28316.25,28325,2388
2026-07-24T13:57:00+00:00,28324.25,28342,28317.75,28326.5,1533
2026-07-24T13:58:00+00:00,28326.75,28368.5,28326.75,28345,2305
2026-07-24T13:59:00+00:00,28344.75,28352.5,28320.5,28322.25,1356
2026-07-24T14:00:00+00:00,28323,28377.25,28304.25,28373.5,3592
2026-07-24T14:01:00+00:00,28374.25,28386.75,28357.75,28366.75,2370
2026-07-24T14:02:00+00:00,28368,28394.75,28366.75,28369,2010
2026-07-24T14:03:00+00:00,28369.5,28369.5,28332.75,28363.25,2072
2026-07-24T14:04:00+00:00,28363.75,28376.75,28328.5,28338.5,1710
2026-07-24T14:05:00+00:00,28339.25,28379,28333.75,28373.25,1708
2026-07-24T14:06:00+00:00,28371.75,28383.5,28349.5,28362.75,1413
2026-07-24T14:07:00+00:00,28363.75,28398,28347.5,28390.25,1478
2026-07-24T14:08:00+00:00,28390.25,28426.75,28382.75,28421.75,2446
2026-07-24T14:09:00+00:00,28423,28440.25,28405.5,28429.25,2075
2026-07-24T14:10:00+00:00,28427.75,28436.25,28406.25,28421.25,2009
2026-07-24T14:11:00+00:00,28422,28439.25,28409,28418.25,1505
2026-07-24T14:12:00+00:00,28419.25,28430,28392.25,28394.25,1642
2026-07-24T14:13:00+00:00,28395.5,28427.25,28386,28419.25,1745
2026-07-24T14:14:00+00:00,28418.5,28451.25,28413.25,28420.75,2420
2026-07-24T14:15:00+00:00,28421,28432.25,28379.5,28381.25,1940
2026-07-24T14:16:00+00:00,28381.75,28387.25,28357.25,28373.25,1895
2026-07-24T14:17:00+00:00,28372.5,28375.75,28326.5,28346,2080
2026-07-24T14:18:00+00:00,28345.25,28364,28315,28316.25,2095
2026-07-24T14:19:00+00:00,28316.25,28336.75,28299,28333.75,2149
2026-07-24T14:20:00+00:00,28333.25,28350.25,28306.25,28341,1807
2026-07-24T14:21:00+00:00,28340.25,28382.5,28333.5,28375.25,1587
2026-07-24T14:22:00+00:00,28375,28396.75,28371,28386,1237
2026-07-24T14:23:00+00:00,28386.25,28423.5,28385.25,28419,1509
2026-07-24T14:24:00+00:00,28420.25,28422.5,28381.75,28392.75,1495
2026-07-24T14:25:00+00:00,28393.25,28401,28365.5,28382.75,1618
2026-07-24T14:26:00+00:00,28381.75,28400.75,28370.75,28390,1344
2026-07-24T14:27:00+00:00,28389.75,28406.75,28363.5,28373.25,1329
2026-07-24T14:28:00+00:00,28372.75,28400.5,28365,28391.5,911
2026-07-24T14:29:00+00:00,28391.5,28407.5,28390.5,28391,929
2026-07-24T14:30:00+00:00,28391.75,28396,28335,28347.25,1976
2026-07-24T14:31:00+00:00,28348,28369.5,28343.25,28365.5,1135
2026-07-24T14:32:00+00:00,28364.75,28366.25,28329.25,28330.75,1217
2026-07-24T14:33:00+00:00,28331,28350,28324,28328.75,1190
2026-07-24T14:34:00+00:00,28329,28338.75,28304,28305.25,1133
2026-07-24T14:35:00+00:00,28306.25,28339.75,28302.25,28336.5,1346
2026-07-24T14:36:00+00:00,28337.5,28344.25,28320.75,28324.75,979
2026-07-24T14:37:00+00:00,28325.5,28333.5,28306.5,28306.5,879
2026-07-24T14:38:00+00:00,28309.25,28322.25,28306.75,28308,828
2026-07-24T14:39:00+00:00,28308,28319,28274.75,28284,2528
2026-07-24T14:40:00+00:00,28283.75,28292.5,28267.75,28285.25,1652
2026-07-24T14:41:00+00:00,28284,28295.75,28266.25,28283.75,1464
2026-07-24T14:42:00+00:00,28282.5,28296.75,28262.75,28270.5,1184
2026-07-24T14:43:00+00:00,28271.25,28290,28267.5,28284.5,1312
2026-07-24T14:44:00+00:00,28285.25,28307.5,28282.75,28287.25,1454
2026-07-24T14:45:00+00:00,28287,28290,28260.5,28262.25,1886
2026-07-24T14:46:00+00:00,28262,28295.25,28254.5,28292,2071
2026-07-24T14:47:00+00:00,28292,28308.25,28261.75,28272.25,1827
2026-07-24T14:48:00+00:00,28273,28286,28272.75,28280.75,778
2026-07-24T14:49:00+00:00,28280.25,28325,28278,28321.5,1782
2026-07-24T14:50:00+00:00,28320,28361.75,28319.5,28359,2091
2026-07-24T14:51:00+00:00,28359.25,28363,28338.5,28346,1224
2026-07-24T14:52:00+00:00,28347,28361,28316.75,28319.25,1172
2026-07-24T14:53:00+00:00,28319.5,28364.25,28311.25,28357.5,1164
2026-07-24T14:54:00+00:00,28358.25,28365.5,28325.75,28350.25,1050
2026-07-24T14:55:00+00:00,28350.5,28381,28350,28377.75,1212
2026-07-24T14:56:00+00:00,28377.25,28385.25,28367,28383.25,1143
2026-07-24T14:57:00+00:00,28383,28421.75,28383,28415.5,1976
2026-07-24T14:58:00+00:00,28415.75,28440.25,28400.75,28438.25,1941
2026-07-24T14:59:00+00:00,28438.25,28461.5,28437.75,28449.25,2156
2026-07-24T15:00:00+00:00,28449,28468.25,28431.75,28467.25,2438
2026-07-24T15:01:00+00:00,28468.25,28478.5,28431,28432.25,2315
2026-07-24T15:02:00+00:00,28432.25,28437,28416,28432.25,1554
2026-07-24T15:03:00+00:00,28431.75,28438.25,28412.5,28417,1274
2026-07-24T15:04:00+00:00,28417.5,28425.5,28403.75,28405.5,1018
2026-07-24T15:05:00+00:00,28405.25,28421,28401.25,28410.25,1018
2026-07-24T15:06:00+00:00,28409.25,28419,28386.75,28387.5,1340
2026-07-24T15:07:00+00:00,28386.75,28399.75,28373,28397.5,1547
2026-07-24T15:08:00+00:00,28398,28423.75,28393.75,28402.5,1282
2026-07-24T15:09:00+00:00,28401.25,28413.25,28361.25,28364.5,1440
2026-07-24T15:10:00+00:00,28364,28435,28355,28420.75,2267
2026-07-24T15:11:00+00:00,28420.5,28486.75,28415.25,28433.5,3661
2026-07-24T15:12:00+00:00,28433.25,28457.75,28423.5,28430.5,1305
2026-07-24T15:13:00+00:00,28430.25,28446.5,28424,28433.75,838
2026-07-24T15:14:00+00:00,28431.75,28510,28430.5,28493.25,2358
2026-07-24T15:15:00+00:00,28494.25,28556,28482.75,28543.25,3735
2026-07-24T15:16:00+00:00,28543,28557.25,28513.75,28514,1696
2026-07-24T15:17:00+00:00,28514.5,28527.5,28487.75,28490.5,1320
2026-07-24T15:18:00+00:00,28489.5,28511.75,28472.5,28485.75,1550
2026-07-24T15:19:00+00:00,28485.75,28498,28453.5,28463.75,1503
2026-07-24T15:20:00+00:00,28466.25,28511.75,28459.25,28499.25,1598
2026-07-24T15:21:00+00:00,28499,28515.75,28494.25,28502.25,1097
2026-07-24T15:22:00+00:00,28501.75,28512,28494,28498.25,1177
2026-07-24T15:23:00+00:00,28498.5,28525,28496.5,28513.25,919
2026-07-24T15:24:00+00:00,28513.75,28517,28497,28501.25,845
2026-07-24T15:25:00+00:00,28502,28530.25,28499,28529.5,1195
2026-07-24T15:26:00+00:00,28528.5,28538,28510.25,28511,1089
2026-07-24T15:27:00+00:00,28511.25,28539.25,28511.25,28533.75,905
2026-07-24T15:28:00+00:00,28534,28551.75,28519.25,28520,1461
2026-07-24T15:29:00+00:00,28520.25,28525.75,28492,28499.75,1784
2026-07-24T15:30:00+00:00,28500.75,28512.5,28484.5,28508.25,1511
2026-07-24T15:31:00+00:00,28510.5,28538.25,28510.5,28532.5,1113
2026-07-24T15:32:00+00:00,28534,28542.25,28505.75,28506,1748
2026-07-24T15:33:00+00:00,28506,28514.5,28493.25,28500.75,1065
2026-07-24T15:34:00+00:00,28501.25,28513.25,28487.5,28487.75,1027
2026-07-24T15:35:00+00:00,28488.75,28518.25,28485,28517,1094
2026-07-24T15:36:00+00:00,28517,28526,28504,28523.25,972
2026-07-24T15:37:00+00:00,28522.75,28534.5,28497.75,28533.25,981
2026-07-24T15:38:00+00:00,28533.75,28556.25,28530.75,28554,1354
2026-07-24T15:39:00+00:00,28553.75,28566.5,28551,28562,1088
2026-07-24T15:40:00+00:00,28562,28577.5,28556.5,28557.75,1110
2026-07-24T15:41:00+00:00,28558.5,28559,28525.75,28533,1823
2026-07-24T15:42:00+00:00,28532.75,28543,28514.25,28516.75,871
2026-07-24T15:43:00+00:00,28517.25,28523.5,28490,28498.25,1127
2026-07-24T15:44:00+00:00,28499.25,28520.25,28498.75,28506,616
2026-07-24T15:45:00+00:00,28507,28530.75,28503.25,28517.5,819
2026-07-24T15:46:00+00:00,28516.5,28526,28508.75,28509,629
2026-07-24T15:47:00+00:00,28509.5,28519.5,28495.5,28500.75,812
2026-07-24T15:48:00+00:00,28501,28517,28491.75,28513.75,1062
2026-07-24T15:49:00+00:00,28513.25,28513.5,28494.5,28503.25,597
2026-07-24T15:50:00+00:00,28503.25,28542,28503.25,28539.5,1692
2026-07-24T15:51:00+00:00,28538.75,28548.25,28525.5,28532.5,1084
2026-07-24T15:52:00+00:00,28533,28544.25,28525.75,28527.5,792
2026-07-24T15:53:00+00:00,28528,28548.5,28515.5,28547,831
2026-07-24T15:54:00+00:00,28545.75,28550,28532.5,28537,752
2026-07-24T15:55:00+00:00,28536,28560.25,28534,28554,917
2026-07-24T15:56:00+00:00,28554.5,28575,28551.25,28571.75,1190
2026-07-24T15:57:00+00:00,28570.75,28579.25,28562.5,28562.5,982
2026-07-24T15:58:00+00:00,28562.25,28578,28556.25,28575.75,834
2026-07-24T15:59:00+00:00,28574.5,28583.75,28573.75,28576,853
2026-07-24T16:00:00+00:00,28576.75,28579.75,28555.75,28558.5,1142
2026-07-24T16:01:00+00:00,28558,28564,28549.5,28563,715
2026-07-24T16:02:00+00:00,28563.25,28568.25,28552.75,28565,560
2026-07-24T16:03:00+00:00,28563.25,28583.5,28561.25,28580.5,585
2026-07-24T16:04:00+00:00,28580,28594.75,28578.25,28590.5,836
2026-07-24T16:05:00+00:00,28590.5,28599,28585,28590.75,802
2026-07-24T16:06:00+00:00,28591,28598.75,28581.75,28582.75,790
2026-07-24T16:07:00+00:00,28583,28615.5,28579.5,28615,1156
2026-07-24T16:08:00+00:00,28615.5,28618,28600.25,28604.75,832
2026-07-24T16:09:00+00:00,28605,28613.5,28601.5,28604.5,755
2026-07-24T16:10:00+00:00,28603.5,28630.75,28601.75,28629.5,1827
2026-07-24T16:11:00+00:00,28629.5,28630.25,28603.5,28608.25,968
2026-07-24T16:12:00+00:00,28608.75,28618,28595.5,28596.25,955
2026-07-24T16:13:00+00:00,28596.5,28599,28577,28577.5,1449
2026-07-24T16:14:00+00:00,28577.75,28587,28572.25,28574.25,1064
2026-07-24T16:15:00+00:00,28574.5,28576.25,28563,28566.75,869
2026-07-24T16:16:00+00:00,28566.75,28571,28558.5,28562.75,656
2026-07-24T16:17:00+00:00,28562.25,28566,28552.5,28557.75,833
2026-07-24T16:18:00+00:00,28558.75,28573,28554.5,28565.25,541
2026-07-24T16:19:00+00:00,28564.5,28576.5,28563,28566.25,691
2026-07-24T16:20:00+00:00,28566.75,28585.5,28565.75,28585,592
2026-07-24T16:21:00+00:00,28584.75,28588.5,28563.5,28575.75,758
2026-07-24T16:22:00+00:00,28574.75,28592.5,28569.25,28590.5,632
2026-07-24T16:23:00+00:00,28590.75,28592.5,28581,28585.5,587
2026-07-24T16:24:00+00:00,28585.5,28588.25,28575.75,28585.25,468
2026-07-24T16:25:00+00:00,28585.5,28591,28572.75,28591,635
2026-07-24T16:26:00+00:00,28589.75,28594,28581.5,28586.75,440
2026-07-24T16:27:00+00:00,28586.75,28589,28573.25,28575,467
2026-07-24T16:28:00+00:00,28575.75,28581,28571,28578,565
2026-07-24T16:29:00+00:00,28578,28580.25,28565.25,28565.75,626
2026-07-24T16:30:00+00:00,28566,28569,28527.5,28539,2458
2026-07-24T16:31:00+00:00,28539.5,28549,28527,28540.25,1188
2026-07-24T16:32:00+00:00,28540.75,28550.75,28529.75,28540.5,854
2026-07-24T16:33:00+00:00,28541.25,28548,28532.5,28536.5,670
2026-07-24T16:34:00+00:00,28536.25,28552.5,28533.75,28542.25,594
2026-07-24T16:35:00+00:00,28541,28549.5,28534.5,28544.5,489
2026-07-24T16:36:00+00:00,28544.25,28555.75,28536.75,28540.75,820
2026-07-24T16:37:00+00:00,28539.5,28542.25,28530,28541.75,580
2026-07-24T16:38:00+00:00,28540.5,28545.5,28516.25,28517.25,821
2026-07-24T16:39:00+00:00,28517,28530.25,28516.25,28525.5,676
2026-07-24T16:40:00+00:00,28524,28524.25,28508.25,28510,760
2026-07-24T16:41:00+00:00,28510.75,28516.5,28505,28515.25,718
2026-07-24T16:42:00+00:00,28514.75,28517.25,28502.25,28510.5,625
2026-07-24T16:43:00+00:00,28510,28514.5,28495,28506.25,850
2026-07-24T16:44:00+00:00,28506.5,28508,28497.5,28499.75,504
2026-07-24T16:45:00+00:00,28499.25,28510.5,28490.75,28506.75,847
2026-07-24T16:46:00+00:00,28506,28509,28491.5,28491.75,548
2026-07-24T16:47:00+00:00,28491.5,28500.25,28477.75,28482.25,679
2026-07-24T16:48:00+00:00,28482,28483.75,28468.5,28475.5,780
2026-07-24T16:49:00+00:00,28477,28485.25,28466,28481.75,846
2026-07-24T16:50:00+00:00,28482.25,28483.5,28470.75,28479.5,590
2026-07-24T16:51:00+00:00,28479.5,28488,28470.25,28478,796
2026-07-24T16:52:00+00:00,28477.25,28481.75,28470.25,28472.5,461
2026-07-24T16:53:00+00:00,28471.75,28478.25,28460.25,28469.75,641
2026-07-24T16:54:00+00:00,28470,28486,28467.75,28473.5,607
2026-07-24T16:55:00+00:00,28473.25,28493.5,28462.5,28486.5,710
2026-07-24T16:56:00+00:00,28486,28494.75,28480,28489,560
2026-07-24T16:57:00+00:00,28489.25,28503.25,28489.25,28502.75,601
2026-07-24T16:58:00+00:00,28502.25,28511,28497,28501.75,485
2026-07-24T16:59:00+00:00,28502,28509,28492.5,28495.75,402
2026-07-24T17:00:00+00:00,28494.75,28502.5,28483.25,28489.5,626
2026-07-24T17:01:00+00:00,28488.25,28488.75,28468,28483.25,735
2026-07-24T17:02:00+00:00,28485,28487.5,28472.5,28478.25,1146
2026-07-24T17:03:00+00:00,28478.75,28485,28469.75,28476.75,809
2026-07-24T17:04:00+00:00,28477,28484.5,28473,28478,831
2026-07-24T17:05:00+00:00,28477.5,28487.5,28472,28481.5,652
2026-07-24T17:06:00+00:00,28481.5,28485.5,28445.5,28462.5,2508
2026-07-24T17:07:00+00:00,28462.25,28466.25,28446.25,28450.25,659
2026-07-24T17:08:00+00:00,28449,28453.25,28435.5,28443,922
2026-07-24T17:09:00+00:00,28444,28453.25,28433.75,28435.5,687
2026-07-24T17:10:00+00:00,28435.75,28448,28427,28438,763
2026-07-24T17:11:00+00:00,28438.5,28457.75,28435.5,28451,783
2026-07-24T17:12:00+00:00,28450.75,28466.25,28450.5,28456.5,597
2026-07-24T17:13:00+00:00,28458.25,28463.75,28451.5,28456,381
2026-07-24T17:14:00+00:00,28456,28471,28455.75,28459.25,1245
2026-07-24T17:15:00+00:00,28458,28465,28449,28450.25,539
2026-07-24T17:16:00+00:00,28451.5,28454,28441,28444.75,436
2026-07-24T17:17:00+00:00,28446.5,28473,28445.25,28471.75,1022
2026-07-24T17:18:00+00:00,28471,28487.75,28461.5,28478.75,772
2026-07-24T17:19:00+00:00,28478,28490.75,28474.75,28487.25,563
2026-07-24T17:20:00+00:00,28487,28494.5,28479,28481.75,605
2026-07-24T17:21:00+00:00,28482.5,28489.5,28476.75,28479.25,630
2026-07-24T17:22:00+00:00,28479.5,28483.5,28462.25,28468.5,768
2026-07-24T17:23:00+00:00,28467.5,28476,28461.75,28468,403
2026-07-24T17:24:00+00:00,28468.25,28490.75,28464.5,28489,575
2026-07-24T17:25:00+00:00,28489.75,28494.25,28472,28491.75,451
2026-07-24T17:26:00+00:00,28492.75,28506.75,28491,28504.75,544
2026-07-24T17:27:00+00:00,28504.75,28518.25,28502.75,28515.5,792
2026-07-24T17:28:00+00:00,28514.75,28521.75,28510,28517.25,700
2026-07-24T17:29:00+00:00,28516.25,28518.75,28506.75,28514.5,820
2026-07-24T17:30:00+00:00,28515.25,28523.5,28504.5,28509.75,1303
2026-07-24T17:31:00+00:00,28509.75,28520.5,28506.75,28516.75,338
2026-07-24T17:32:00+00:00,28517.75,28523,28508,28514.75,393
2026-07-24T17:33:00+00:00,28515.75,28537,28510,28532.75,639
2026-07-24T17:34:00+00:00,28532.5,28544,28529,28540.75,506
2026-07-24T17:35:00+00:00,28541.25,28542.5,28532.25,28536.75,554
2026-07-24T17:36:00+00:00,28536.25,28540.25,28521.5,28523,590
2026-07-24T17:37:00+00:00,28524.5,28524.5,28503.75,28506.25,649
2026-07-24T17:38:00+00:00,28505.5,28510.75,28498,28504,521
2026-07-24T17:39:00+00:00,28504,28505.5,28486.5,28487.5,709
2026-07-24T17:40:00+00:00,28488.5,28489.25,28474.75,28481.25,783
2026-07-24T17:41:00+00:00,28480.5,28482.25,28467.5,28470.5,679
2026-07-24T17:42:00+00:00,28471,28474.5,28463,28471.75,817
2026-07-24T17:43:00+00:00,28471.5,28476,28468.5,28472.75,337
2026-07-24T17:44:00+00:00,28473.5,28482.75,28463.75,28464.75,417
2026-07-24T17:45:00+00:00,28464.75,28464.75,28452,28459.5,1131
2026-07-24T17:46:00+00:00,28459.25,28479.25,28458.75,28475.25,470
2026-07-24T17:47:00+00:00,28475.25,28484.25,28464.5,28467.75,433
2026-07-24T17:48:00+00:00,28468.25,28472.5,28459,28467.5,337
2026-07-24T17:49:00+00:00,28468,28485,28466,28483.75,412
2026-07-24T17:50:00+00:00,28484.5,28495.25,28477,28493.75,566
2026-07-24T17:51:00+00:00,28494.75,28501.75,28470.75,28473.5,769
2026-07-24T17:52:00+00:00,28473,28478.25,28468,28476.75,393
2026-07-24T17:53:00+00:00,28476.75,28483.5,28474.25,28477.25,245
2026-07-24T17:54:00+00:00,28477.75,28486,28472.25,28483.5,334
2026-07-24T17:55:00+00:00,28484,28492,28474.25,28475.5,532
2026-07-24T17:56:00+00:00,28476.25,28490,28474.5,28485.25,386
2026-07-24T17:57:00+00:00,28485.75,28487.5,28472,28473.75,364
2026-07-24T17:58:00+00:00,28472,28481.25,28466.25,28473.75,526
2026-07-24T17:59:00+00:00,28473.5,28477.25,28465.5,28466,248
2026-07-24T18:00:00+00:00,28467,28479.75,28460,28478.5,629
2026-07-24T18:01:00+00:00,28479,28486,28458.75,28459.25,600
2026-07-24T18:02:00+00:00,28459.5,28469.75,28452.5,28465.75,442
2026-07-24T18:03:00+00:00,28465.75,28471,28453.75,28455.25,411
2026-07-24T18:04:00+00:00,28455,28462,28451,28455.75,443
2026-07-24T18:05:00+00:00,28455.5,28457.75,28448,28454.25,529
2026-07-24T18:06:00+00:00,28454.25,28461.5,28443.5,28446.5,433
2026-07-24T18:07:00+00:00,28447.25,28464.5,28446,28462.5,532
2026-07-24T18:08:00+00:00,28462,28467.25,28455.25,28456.75,453
2026-07-24T18:09:00+00:00,28457,28465.25,28448,28450.75,484
2026-07-24T18:10:00+00:00,28450.5,28455,28439.5,28443.25,483
2026-07-24T18:11:00+00:00,28443.25,28445.75,28433,28435,400
2026-07-24T18:12:00+00:00,28435,28437,28424.5,28434.75,536
2026-07-24T18:13:00+00:00,28435.25,28440.5,28424.25,28428,437
2026-07-24T18:14:00+00:00,28427,28434,28420.25,28428.25,379
2026-07-24T18:15:00+00:00,28428.25,28429.5,28419,28425.5,577
2026-07-24T18:16:00+00:00,28425.75,28431,28419,28421.75,446
2026-07-24T18:17:00+00:00,28421.5,28428.75,28416.75,28419.75,410
2026-07-24T18:18:00+00:00,28419.25,28423,28404.75,28414.5,814
2026-07-24T18:19:00+00:00,28414.75,28418.25,28396.25,28399.5,876
2026-07-24T18:20:00+00:00,28399.5,28399.5,28385,28387.25,826
2026-07-24T18:21:00+00:00,28388.25,28391.5,28381.25,28383.75,708
2026-07-24T18:22:00+00:00,28384.25,28391,28379.75,28384.75,524
2026-07-24T18:23:00+00:00,28383.5,28389.25,28374.5,28385.25,590
2026-07-24T18:24:00+00:00,28385,28390,28373.75,28376.5,490
2026-07-24T18:25:00+00:00,28376.5,28380,28357.25,28367,1219
2026-07-24T18:26:00+00:00,28367.25,28368.75,28352,28354.25,752
2026-07-24T18:27:00+00:00,28354.75,28361.75,28347.25,28349.75,984
2026-07-24T18:28:00+00:00,28350.25,28351.5,28339.25,28344,900
2026-07-24T18:29:00+00:00,28344,28354.75,28333,28336.25,985
2026-07-24T18:30:00+00:00,28337.75,28346.75,28331.75,28333.25,954
2026-07-24T18:31:00+00:00,28333,28334.5,28311.5,28316.25,1031
2026-07-24T18:32:00+00:00,28316,28326,28313.75,28318.25,783
2026-07-24T18:33:00+00:00,28319,28327.5,28300.75,28305.5,1164
2026-07-24T18:34:00+00:00,28304.5,28310.75,28291.25,28298,1205
2026-07-24T18:35:00+00:00,28298,28300.25,28278.75,28293.75,1438
2026-07-24T18:36:00+00:00,28293.25,28321.75,28293.25,28302,1676
2026-07-24T18:37:00+00:00,28300.25,28310.25,28294,28296.5,783
2026-07-24T18:38:00+00:00,28296.25,28314.25,28290,28309.5,891
2026-07-24T18:39:00+00:00,28308.75,28310.5,28281.25,28294.75,1798
2026-07-24T18:40:00+00:00,28294.5,28294.5,28274.25,28275,830
2026-07-24T18:41:00+00:00,28275,28284.5,28267.25,28268.5,1151
2026-07-24T18:42:00+00:00,28268.25,28278,28259,28276.25,1369
2026-07-24T18:43:00+00:00,28277,28291,28273.75,28281.5,849
2026-07-24T18:44:00+00:00,28282,28289.5,28275,28276.5,665
2026-07-24T18:45:00+00:00,28275.25,28306.75,28269.75,28305,1239
2026-07-24T18:46:00+00:00,28304.75,28325.5,28304.5,28309,1046
2026-07-24T18:47:00+00:00,28308.75,28323.75,28307.5,28321,570
2026-07-24T18:48:00+00:00,28320.75,28323.75,28301.25,28302.5,865
2026-07-24T18:49:00+00:00,28302.75,28310.5,28300.5,28304.25,504
2026-07-24T18:50:00+00:00,28305.25,28315.25,28288.5,28295.5,803
2026-07-24T18:51:00+00:00,28295.25,28320,28295,28309.5,729
2026-07-24T18:52:00+00:00,28309.75,28319,28304.75,28316.25,580
2026-07-24T18:53:00+00:00,28316.25,28319.25,28303.75,28311,450
2026-07-24T18:54:00+00:00,28310.75,28311.25,28290.25,28299.25,763
2026-07-24T18:55:00+00:00,28297.5,28310.75,28292.5,28310,413
2026-07-24T18:56:00+00:00,28309.5,28326.75,28301.5,28319,619
2026-07-24T18:57:00+00:00,28319.25,28328.5,28313,28314.25,791
2026-07-24T18:58:00+00:00,28314,28317.25,28301,28301.75,628
2026-07-24T18:59:00+00:00,28302.25,28311.75,28300,28302.5,391
2026-07-24T19:00:00+00:00,28301.75,28316.75,28290.75,28304.25,775
2026-07-24T19:01:00+00:00,28304.75,28328.5,28299.75,28307.25,980
2026-07-24T19:02:00+00:00,28307.5,28310.75,28286.5,28287,713
2026-07-24T19:03:00+00:00,28287.75,28292.5,28282.25,28287.75,616
2026-07-24T19:04:00+00:00,28288.5,28294.25,28280.5,28284.5,689
2026-07-24T19:05:00+00:00,28283.25,28305.25,28276.75,28300.75,860
2026-07-24T19:06:00+00:00,28300,28312,28275,28277.75,1024
2026-07-24T19:07:00+00:00,28277.5,28278.5,28238.75,28241.5,1793
2026-07-24T19:08:00+00:00,28242,28250.75,28236.5,28241.75,926
2026-07-24T19:09:00+00:00,28242,28243.75,28226.5,28230.75,1094
2026-07-24T19:10:00+00:00,28230.25,28237.75,28222.25,28226.25,837
2026-07-24T19:11:00+00:00,28226.25,28232,28221.25,28230.5,751
2026-07-24T19:12:00+00:00,28230.25,28259.5,28230,28238.25,1405
2026-07-24T19:13:00+00:00,28238,28241.25,28229.5,28235,638
2026-07-24T19:14:00+00:00,28234.75,28234.75,28219.75,28221.75,602
2026-07-24T19:15:00+00:00,28220.75,28228.75,28213.75,28220,915
2026-07-24T19:16:00+00:00,28219.5,28226.75,28212.5,28225.25,747
2026-07-24T19:17:00+00:00,28226,28241,28224,28232,765
2026-07-24T19:18:00+00:00,28231.5,28237.5,28225,28230.75,780
2026-07-24T19:19:00+00:00,28230.25,28244,28228,28242.75,644
2026-07-24T19:20:00+00:00,28242.5,28245,28227.5,28240.75,745
2026-07-24T19:21:00+00:00,28240.5,28254.5,28235,28249.25,665
2026-07-24T19:22:00+00:00,28248.25,28257,28246.25,28252,601
2026-07-24T19:23:00+00:00,28251,28251.25,28239.5,28245.75,475
2026-07-24T19:24:00+00:00,28245.25,28247.25,28219,28229.75,856
2026-07-24T19:25:00+00:00,28230.5,28233.25,28220.75,28226,655
2026-07-24T19:26:00+00:00,28226,28234.75,28223.5,28231.25,535
2026-07-24T19:27:00+00:00,28232,28253.25,28232,28244.75,672
2026-07-24T19:28:00+00:00,28244.5,28257,28240.25,28256.5,493
2026-07-24T19:29:00+00:00,28257,28266.5,28249.25,28253.5,750
2026-07-24T19:30:00+00:00,28253,28271.5,28253,28256.25,747
2026-07-24T19:31:00+00:00,28258,28275.75,28250.75,28271.25,1794
2026-07-24T19:32:00+00:00,28271.5,28284.25,28269.25,28282,830
2026-07-24T19:33:00+00:00,28281.75,28293.5,28278.5,28286.5,1183
2026-07-24T19:34:00+00:00,28286.5,28298.25,28281.25,28281.25,821
2026-07-24T19:35:00+00:00,28282.25,28302.75,28275.25,28294.25,1370
2026-07-24T19:36:00+00:00,28294.75,28302.5,28278,28278.5,746
2026-07-24T19:37:00+00:00,28278,28304.75,28278,28295.75,1239
2026-07-24T19:38:00+00:00,28296,28301.25,28286.5,28298.25,605
2026-07-24T19:39:00+00:00,28298.5,28303.5,28268.5,28274,981
2026-07-24T19:40:00+00:00,28273,28283.25,28265.5,28270.75,820
2026-07-24T19:41:00+00:00,28270,28270,28251.5,28257.25,1367
2026-07-24T19:42:00+00:00,28257.25,28262,28245.75,28252.25,761
2026-07-24T19:43:00+00:00,28254,28261,28238.75,28259.5,1167
2026-07-24T19:44:00+00:00,28261,28276.25,28257,28274,889
2026-07-24T19:45:00+00:00,28274.25,28283.25,28254,28255.5,1026
2026-07-24T19:46:00+00:00,28256.25,28258,28249.5,28255.5,786
2026-07-24T19:47:00+00:00,28255,28269.25,28251.25,28257.5,786
2026-07-24T19:48:00+00:00,28258,28264.75,28249,28251.75,432
2026-07-24T19:49:00+00:00,28251.75,28277.25,28242.75,28275.5,1010
2026-07-24T19:50:00+00:00,28277,28291,28235,28236.25,2253
2026-07-24T19:51:00+00:00,28236,28243.5,28225.75,28238.25,1256
2026-07-24T19:52:00+00:00,28238.25,28239.25,28228,28234,1150
2026-07-24T19:53:00+00:00,28233.5,28242.75,28224.5,28240.5,1295
2026-07-24T19:54:00+00:00,28240.5,28279.5,28236.25,28272,2186
2026-07-24T19:55:00+00:00,28271.25,28280,28248.75,28249.5,1688
2026-07-24T19:56:00+00:00,28249.5,28263,28247.5,28259.75,823
2026-07-24T19:57:00+00:00,28259.25,28275.5,28257.5,28271.5,2061
2026-07-24T19:58:00+00:00,28272.25,28275.75,28268,28269.25,1563
2026-07-24T19:59:00+00:00,28268.75,28295,28251,28283.25,8297
2026-07-24T20:00:00+00:00,28283.5,28291.25,28266.75,28287,2765
2026-07-24T20:01:00+00:00,28287.5,28303.25,28286.25,28296.5,1161
2026-07-24T20:02:00+00:00,28296.25,28298.5,28274,28279.25,1129
2026-07-24T20:03:00+00:00,28279.5,28283.75,28267.75,28272.25,715
2026-07-24T20:04:00+00:00,28271.25,28277,28263.5,28275.25,643
2026-07-24T20:05:00+00:00,28274.5,28277.75,28259.25,28261,375
2026-07-24T20:06:00+00:00,28261.75,28278,28260.5,28270,529
2026-07-24T20:07:00+00:00,28269.5,28276,28264.25,28265.5,323
2026-07-24T20:08:00+00:00,28266.5,28273,28266,28267.25,160
2026-07-24T20:09:00+00:00,28267,28277,28265.25,28273.5,238
2026-07-24T20:10:00+00:00,28274.75,28276.25,28267,28268.5,291
2026-07-24T20:11:00+00:00,28267.25,28290.75,28267.25,28288.75,431
2026-07-24T20:12:00+00:00,28289.25,28291,28278.75,28289.75,295
2026-07-24T20:13:00+00:00,28289.75,28293.25,28288,28291,228
2026-07-24T20:14:00+00:00,28290.75,28295,28287.75,28291.25,252
2026-07-27T13:30:00+00:00,28590.5,28615.75,28569,28581,4506
2026-07-27T13:31:00+00:00,28580.25,28595.75,28552.5,28565.5,2923
2026-07-27T13:32:00+00:00,28565.5,28597,28519.75,28522,3065
2026-07-27T13:33:00+00:00,28521.5,28530,28487,28506.5,2653
2026-07-27T13:34:00+00:00,28506.5,28538.5,28491.25,28536.5,2240
2026-07-27T13:35:00+00:00,28536.75,28604.25,28532.75,28603.25,2942
2026-07-27T13:36:00+00:00,28603.5,28613.75,28580.25,28590.75,2915
2026-07-27T13:37:00+00:00,28590.5,28608.75,28576.5,28595,1975
2026-07-27T13:38:00+00:00,28594,28602,28547,28548.25,2145
2026-07-27T13:39:00+00:00,28546.75,28557.75,28525.75,28545.25,2468
2026-07-27T13:40:00+00:00,28545.25,28553.75,28502.75,28504.75,2530
2026-07-27T13:41:00+00:00,28505.25,28525.75,28492.75,28504.5,2214
2026-07-27T13:42:00+00:00,28504.25,28517.5,28454.25,28458.25,2697
2026-07-27T13:43:00+00:00,28459,28463,28428,28444,2511
2026-07-27T13:44:00+00:00,28444.75,28459.75,28441.25,28455,1824
2026-07-27T13:45:00+00:00,28455,28474,28437,28472.25,2585
2026-07-27T13:46:00+00:00,28472,28484.75,28423,28435.25,2341
2026-07-27T13:47:00+00:00,28437.5,28458.5,28429.75,28435,1562
2026-07-27T13:48:00+00:00,28435.25,28469.5,28422.75,28465.5,1721
2026-07-27T13:49:00+00:00,28464.5,28489,28454.25,28461,1837
2026-07-27T13:50:00+00:00,28462.5,28492,28446.5,28485.75,2172
2026-07-27T13:51:00+00:00,28483.75,28495.75,28464.5,28495,1571
2026-07-27T13:52:00+00:00,28496,28504,28466,28476.5,1774
2026-07-27T13:53:00+00:00,28476.75,28481,28449,28477.5,1630
2026-07-27T13:54:00+00:00,28477.5,28494.25,28454.75,28459.5,1690
2026-07-27T13:55:00+00:00,28458.25,28464.25,28432.75,28439.5,1724
2026-07-27T13:56:00+00:00,28440.25,28442,28402,28407,2277
2026-07-27T13:57:00+00:00,28405.5,28418.5,28384.5,28386.5,1923
2026-07-27T13:58:00+00:00,28386.25,28387.5,28344.75,28346.5,2120
2026-07-27T13:59:00+00:00,28347,28364.5,28341.25,28347.75,1996
2026-07-27T14:00:00+00:00,28347.75,28369.25,28326.75,28368.5,3418
2026-07-27T14:01:00+00:00,28368.25,28372.75,28311.25,28316.75,2706
2026-07-27T14:02:00+00:00,28315.75,28329.75,28303.25,28325.25,2552
2026-07-27T14:03:00+00:00,28324.75,28333.25,28292,28296.75,2013
2026-07-27T14:04:00+00:00,28296.25,28320.25,28287.5,28319.5,1973
2026-07-27T14:05:00+00:00,28319.75,28341.5,28295,28297.75,2150
2026-07-27T14:06:00+00:00,28297.75,28309.5,28277,28300.5,2099
2026-07-27T14:07:00+00:00,28301.5,28327,28300,28316.25,1595
2026-07-27T14:08:00+00:00,28315.75,28338.25,28311.5,28333.5,1838
2026-07-27T14:09:00+00:00,28333.5,28347.75,28321.75,28322,1720
2026-07-27T14:10:00+00:00,28323,28324.75,28267.75,28270.25,2502
2026-07-27T14:11:00+00:00,28270.75,28272.75,28230.75,28251.75,2985
2026-07-27T14:12:00+00:00,28251.25,28276,28243,28273.5,2025
2026-07-27T14:13:00+00:00,28273.5,28287,28233.25,28244.75,2074
2026-07-27T14:14:00+00:00,28244,28270.25,28239.5,28252,1313
2026-07-27T14:15:00+00:00,28253.25,28299,28247,28266.5,2168
2026-07-27T14:16:00+00:00,28267.5,28286,28255,28268.25,1527
2026-07-27T14:17:00+00:00,28268,28271,28234.75,28242,1304
2026-07-27T14:18:00+00:00,28242.25,28255.75,28224.25,28249.75,1661
2026-07-27T14:19:00+00:00,28249.75,28281.75,28248.5,28258.25,1617
2026-07-27T14:20:00+00:00,28258.25,28261,28218,28218.75,1513
2026-07-27T14:21:00+00:00,28220,28249.75,28211,28247.75,1792
2026-07-27T14:22:00+00:00,28246.5,28249.25,28205.75,28214.75,1520
2026-07-27T14:23:00+00:00,28214.5,28241,28178.75,28186.25,2068
2026-07-27T14:24:00+00:00,28185.25,28200.25,28167,28182,2264
2026-07-27T14:25:00+00:00,28183,28185,28156.25,28171.25,1613
2026-07-27T14:26:00+00:00,28171.5,28177.5,28150,28163,1698
2026-07-27T14:27:00+00:00,28162.25,28167.25,28134.5,28138.5,1943
2026-07-27T14:28:00+00:00,28138.25,28145.5,28114.5,28120,2166
2026-07-27T14:29:00+00:00,28119.25,28123.75,28075.25,28086.25,3142
2026-07-27T14:30:00+00:00,28086.5,28105.25,28051.75,28073.75,3432
2026-07-27T14:31:00+00:00,28075,28094,28061.5,28075.75,1918
2026-07-27T14:32:00+00:00,28075,28085,28055,28079.5,1544
2026-07-27T14:33:00+00:00,28079.25,28090,28059,28062,1486
2026-07-27T14:34:00+00:00,28061.5,28078.5,28041,28050.75,2248
2026-07-27T14:35:00+00:00,28048.75,28066.5,28017.75,28055.75,2739
2026-07-27T14:36:00+00:00,28055,28062,28007.75,28010.75,2219
2026-07-27T14:37:00+00:00,28011,28029,27995.5,28015.5,2540
2026-07-27T14:38:00+00:00,28016.25,28058,28015.25,28039,2388
2026-07-27T14:39:00+00:00,28039.75,28052,28017.75,28031,1771
2026-07-27T14:40:00+00:00,28032.25,28045,27987,28004.75,2655
2026-07-27T14:41:00+00:00,28004.25,28014.5,27943.25,27962.5,3188
2026-07-27T14:42:00+00:00,27961.25,27981.5,27955.5,27961,1876
2026-07-27T14:43:00+00:00,27961,27979.25,27939,27977.5,2360
2026-07-27T14:44:00+00:00,27976.75,28000,27945.5,27959,2145
2026-07-27T14:45:00+00:00,27958.5,28015.25,27957.25,27995.75,2342
2026-07-27T14:46:00+00:00,27996,28030,27986.25,28024.25,2300
2026-07-27T14:47:00+00:00,28023.5,28045,28016,28029.5,2377
2026-07-27T14:48:00+00:00,28030.75,28047.75,28023.25,28030.5,1689
2026-07-27T14:49:00+00:00,28029.5,28071.25,28026.75,28064,1997
2026-07-27T14:50:00+00:00,28063.25,28112,28062.25,28100.5,2641
2026-07-27T14:51:00+00:00,28100.25,28116.25,28083,28084.25,2467
2026-07-27T14:52:00+00:00,28084.75,28124.5,28063.5,28122.5,2808
2026-07-27T14:53:00+00:00,28121,28127.5,28095,28101.5,2081
2026-07-27T14:54:00+00:00,28102,28126,28097.25,28102,1891
2026-07-27T14:55:00+00:00,28102,28135,28086.75,28130,1902
2026-07-27T14:56:00+00:00,28128.5,28146.75,28114.5,28140.5,2073
2026-07-27T14:57:00+00:00,28142,28157.25,28136.75,28137.5,1716
2026-07-27T14:58:00+00:00,28138.5,28160.5,28130.25,28156,1428
2026-07-27T14:59:00+00:00,28155.25,28180.25,28150.5,28169.25,1737
2026-07-27T15:00:00+00:00,28171,28186.75,28146,28175.75,2668
2026-07-27T15:01:00+00:00,28175.5,28176,28153,28154.25,1527
2026-07-27T15:02:00+00:00,28154,28172.25,28138,28149,1930
2026-07-27T15:03:00+00:00,28149.25,28178,28146.75,28154.5,1475
2026-07-27T15:04:00+00:00,28153.5,28168.5,28148.5,28161,1246
2026-07-27T15:05:00+00:00,28160.75,28195.5,28155.25,28190.75,1700
2026-07-27T15:06:00+00:00,28191.25,28198.5,28154.25,28157.25,1500
2026-07-27T15:07:00+00:00,28158,28188.5,28140,28177.75,1591
2026-07-27T15:08:00+00:00,28178.75,28190,28158.25,28166,1095
2026-07-27T15:09:00+00:00,28165.25,28167,28138.25,28150.5,1134
2026-07-27T15:10:00+00:00,28150.75,28181,28141.25,28150.75,1774
2026-07-27T15:11:00+00:00,28151.5,28174.5,28139,28147,1405
2026-07-27T15:12:00+00:00,28147,28173.75,28142,28148,1055
2026-07-27T15:13:00+00:00,28147.25,28157,28121.75,28142.25,1421
2026-07-27T15:14:00+00:00,28142.75,28164,28124.75,28124.75,1349
2026-07-27T15:15:00+00:00,28125.25,28133.75,28094,28098.25,1704
2026-07-27T15:16:00+00:00,28097.75,28107,28082.25,28093,1513
2026-07-27T15:17:00+00:00,28093.75,28095,28073.5,28078.25,1209
2026-07-27T15:18:00+00:00,28078.25,28083.5,28048,28077.75,1760
2026-07-27T15:19:00+00:00,28077,28107.75,28071.5,28106.25,1894
2026-07-27T15:20:00+00:00,28105.5,28144,28102.5,28138.25,2037
2026-07-27T15:21:00+00:00,28138.75,28151.5,28111.5,28113,1442
2026-07-27T15:22:00+00:00,28113.75,28143.25,28103,28127,1207
2026-07-27T15:23:00+00:00,28127.25,28128.75,28071.25,28080.5,1509
2026-07-27T15:24:00+00:00,28079.75,28084.5,28062.25,28076.75,1101
2026-07-27T15:25:00+00:00,28077,28090,28062.25,28072.5,1227
2026-07-27T15:26:00+00:00,28072.25,28091,28067.5,28080.75,1116
2026-07-27T15:27:00+00:00,28080.5,28094,28062,28065.25,979
2026-07-27T15:28:00+00:00,28066,28070.5,28046,28060,1025
2026-07-27T15:29:00+00:00,28058.75,28080.75,28057.25,28072.25,1027
2026-07-27T15:30:00+00:00,28074.25,28077,28053.25,28062.5,916
2026-07-27T15:31:00+00:00,28064.75,28085.75,28040,28042.5,987
2026-07-27T15:32:00+00:00,28043.75,28054,28023,28024,1386
2026-07-27T15:33:00+00:00,28023.5,28033.5,28011.5,28032,1117
2026-07-27T15:34:00+00:00,28031.75,28039.75,28020,28028,1148
2026-07-27T15:35:00+00:00,28028.5,28033.25,28003.5,28014.5,1252
2026-07-27T15:36:00+00:00,28011,28029.25,28005.75,28008.25,840
2026-07-27T15:37:00+00:00,28007.5,28013.75,27987,27990.25,1220
2026-07-27T15:38:00+00:00,27991.25,28009.75,27980.25,28006.5,1257
2026-07-27T15:39:00+00:00,28006.25,28023.25,28006.25,28015.75,1119
2026-07-27T15:40:00+00:00,28016,28030,27994,28011.75,1314
2026-07-27T15:41:00+00:00,28013.5,28028,28003.5,28021.5,1027
2026-07-27T15:42:00+00:00,28021.75,28042.5,28021,28033.5,1123
2026-07-27T15:43:00+00:00,28031.75,28044,28010,28019.25,1064
2026-07-27T15:44:00+00:00,28018.25,28048.5,28016.25,28039.75,938
2026-07-27T15:45:00+00:00,28039,28048.75,28018.5,28021.25,746
2026-07-27T15:46:00+00:00,28019.75,28039.75,28014,28025,855
2026-07-27T15:47:00+00:00,28025.75,28032.25,27996,28008.5,934
2026-07-27T15:48:00+00:00,28008.75,28030.75,28008.25,28008.25,703
2026-07-27T15:49:00+00:00,28008.25,28014,27995.25,28013.5,833
2026-07-27T15:50:00+00:00,28013,28023.25,27996.5,28015.5,847
2026-07-27T15:51:00+00:00,28016.25,28036.75,28015,28026.25,906
2026-07-27T15:52:00+00:00,28027.25,28035.25,28006.5,28009.25,666
2026-07-27T15:53:00+00:00,28008.75,28021.5,27996.75,28017.75,632
2026-07-27T15:54:00+00:00,28018.25,28032.25,28010.5,28021.25,626
2026-07-27T15:55:00+00:00,28019.75,28046.25,28014.25,28041,977
2026-07-27T15:56:00+00:00,28040.5,28058.75,28035,28046,1130
2026-07-27T15:57:00+00:00,28045.5,28068.25,28037.5,28061.25,1082
2026-07-27T15:58:00+00:00,28060,28062,28033.75,28055.25,985
2026-07-27T15:59:00+00:00,28054.5,28074,28054,28062.5,856
2026-07-27T16:00:00+00:00,28062.75,28087.5,28057.75,28068.5,1135
2026-07-27T16:01:00+00:00,28068,28079,28059.75,28070.5,652
2026-07-27T16:02:00+00:00,28069.5,28080.25,28062.5,28070.75,648
2026-07-27T16:03:00+00:00,28071.25,28093.25,28070.25,28089.5,760
2026-07-27T16:04:00+00:00,28090,28120.5,28089.5,28119,1289
2026-07-27T16:05:00+00:00,28119,28134.25,28117.75,28118.75,1116
2026-07-27T16:06:00+00:00,28118.75,28123.5,28090.75,28111.5,1071
2026-07-27T16:07:00+00:00,28111.25,28115,28093.75,28104.75,755
2026-07-27T16:08:00+00:00,28104.25,28122.5,28096.5,28115.5,718
2026-07-27T16:09:00+00:00,28114.5,28126.75,28105.25,28124.25,614
2026-07-27T16:10:00+00:00,28124.5,28150.75,28123.5,28148,1259
2026-07-27T16:11:00+00:00,28148.25,28154.25,28134,28136.25,977
2026-07-27T16:12:00+00:00,28136.25,28148.75,28129.5,28133.25,1003
2026-07-27T16:13:00+00:00,28133.5,28135.75,28095.75,28098.75,1154
2026-07-27T16:14:00+00:00,28098.5,28104.75,28072,28078.75,1184
2026-07-27T16:15:00+00:00,28078.75,28083,28068.25,28082,963
2026-07-27T16:16:00+00:00,28081.5,28085.25,28043.5,28052,1375
2026-07-27T16:17:00+00:00,28051.75,28064.5,28048.25,28059.5,866
2026-07-27T16:18:00+00:00,28060.25,28070,28055.75,28067.25,787
2026-07-27T16:19:00+00:00,28068,28075,28050.25,28063.75,859
2026-07-27T16:20:00+00:00,28064.5,28073.5,28045.75,28066.5,733
2026-07-27T16:21:00+00:00,28067.25,28089.5,28056,28058,908
2026-07-27T16:22:00+00:00,28058.5,28075.25,28049,28073,663
2026-07-27T16:23:00+00:00,28072.25,28076.5,28055.25,28075.75,701
2026-07-27T16:24:00+00:00,28077,28096.75,28074.25,28096,936
2026-07-27T16:25:00+00:00,28094.75,28199.75,28092.5,28192.25,4304
2026-07-27T16:26:00+00:00,28191,28204.5,28152,28159.5,2342
2026-07-27T16:27:00+00:00,28159,28182.5,28156.75,28179.25,1187
2026-07-27T16:28:00+00:00,28179.75,28199.75,28164.75,28171.75,1513
2026-07-27T16:29:00+00:00,28171.5,28174.75,28142.25,28153.75,1102
2026-07-27T16:30:00+00:00,28154.25,28187.5,28148.5,28176.25,1143
2026-07-27T16:31:00+00:00,28175.25,28196.75,28170.5,28188.25,1314
2026-07-27T16:32:00+00:00,28187,28187.25,28153.5,28160.75,1182
2026-07-27T16:33:00+00:00,28160.75,28163.5,28132,28145.5,892
2026-07-27T16:34:00+00:00,28145.5,28150.75,28138,28149.25,738
2026-07-27T16:35:00+00:00,28150.75,28156.25,28127.5,28130.75,794
2026-07-27T16:36:00+00:00,28129.75,28158.5,28112.5,28158.5,991
2026-07-27T16:37:00+00:00,28156.5,28180.5,28146,28146,1017
2026-07-27T16:38:00+00:00,28146,28174.75,28142.75,28166.75,723
2026-07-27T16:39:00+00:00,28167.75,28170.5,28156,28170.5,687
2026-07-27T16:40:00+00:00,28169.75,28178.25,28165,28177.25,700
2026-07-27T16:41:00+00:00,28177,28178.75,28152,28154,669
2026-07-27T16:42:00+00:00,28154.25,28160.25,28143.25,28148.75,630
2026-07-27T16:43:00+00:00,28148.75,28150,28135,28135.75,540
2026-07-27T16:44:00+00:00,28135.25,28140.25,28118.5,28132.75,840
2026-07-27T16:45:00+00:00,28134.25,28141.75,28121.25,28126.75,550
2026-07-27T16:46:00+00:00,28127.25,28146.75,28126.25,28137.5,726
2026-07-27T16:47:00+00:00,28140,28156,28138.25,28142.25,676
2026-07-27T16:48:00+00:00,28142,28151.25,28124,28131.5,591
2026-07-27T16:49:00+00:00,28129.25,28133.5,28115.5,28117.5,597
2026-07-27T16:50:00+00:00,28117,28117,28084.25,28084.75,1178
2026-07-27T16:51:00+00:00,28084.75,28089.75,28070.75,28079.75,1064
2026-07-27T16:52:00+00:00,28078.5,28085.25,28061.5,28070.75,1136
2026-07-27T16:53:00+00:00,28070.25,28071.25,28056.25,28062,741
2026-07-27T16:54:00+00:00,28062.25,28066.25,28050,28059.75,954
2026-07-27T16:55:00+00:00,28058.75,28059.5,28027.75,28036.75,1146
2026-07-27T16:56:00+00:00,28037.5,28054.75,28033,28046.75,938
2026-07-27T16:57:00+00:00,28047.5,28053,28032.5,28040.5,827
2026-07-27T16:58:00+00:00,28040.75,28053,28039.5,28047.25,846
2026-07-27T16:59:00+00:00,28047.75,28051.75,28031.5,28048.5,587
2026-07-27T17:00:00+00:00,28047,28056.25,28033,28049.25,794
2026-07-27T17:01:00+00:00,28047.75,28053.25,28019.25,28024,938
2026-07-27T17:02:00+00:00,28022,28025.25,27995.5,28004.75,1359
2026-07-27T17:03:00+00:00,28004.5,28016,27999.25,28014.75,1081
2026-07-27T17:04:00+00:00,28014.75,28021,28000,28007,869
2026-07-27T17:05:00+00:00,28006.5,28012,27998,28004.25,798
2026-07-27T17:06:00+00:00,28003.25,28014.25,27993.75,28011.5,984
2026-07-27T17:07:00+00:00,28010.5,28026.25,28009.75,28026.25,826
2026-07-27T17:08:00+00:00,28026.25,28029.25,28013,28016.75,612
2026-07-27T17:09:00+00:00,28018.5,28030,28011,28016.25,523
2026-07-27T17:10:00+00:00,28015.25,28023.25,28008,28023.25,659
2026-07-27T17:11:00+00:00,28023,28024.5,28006.75,28009.25,470
2026-07-27T17:12:00+00:00,28009.75,28038.5,28004,28033.75,833
2026-07-27T17:13:00+00:00,28034.5,28040.5,28025.75,28032.25,620
2026-07-27T17:14:00+00:00,28031.5,28044.25,28031.5,28033.75,576
2026-07-27T17:15:00+00:00,28034,28041,28022,28038.25,573
2026-07-27T17:16:00+00:00,28037.75,28043.25,28014.5,28017,711
2026-07-27T17:17:00+00:00,28016.5,28017.25,27986,27997,1004
2026-07-27T17:18:00+00:00,27996.75,27998.5,27986.5,27992.5,620
2026-07-27T17:19:00+00:00,27992.75,28004.25,27987,28001.75,580
2026-07-27T17:20:00+00:00,28001.5,28030.5,27995.25,28028,819
2026-07-27T17:21:00+00:00,28027.25,28032.25,28018.5,28019.75,552
2026-07-27T17:22:00+00:00,28018.25,28034.25,28009.25,28026,449
2026-07-27T17:23:00+00:00,28026.75,28032.5,28005.75,28007,439
2026-07-27T17:24:00+00:00,28007,28012.75,28001.25,28011.25,401
2026-07-27T17:25:00+00:00,28012,28016.75,28000,28001,344
2026-07-27T17:26:00+00:00,28000.5,28010.25,27993.5,28010,587
2026-07-27T17:27:00+00:00,28009.5,28021.25,28008,28008,468
2026-07-27T17:28:00+00:00,28009.5,28019,28009.5,28014.5,281
2026-07-27T17:29:00+00:00,28015.25,28022.75,27996,27998.75,637
2026-07-27T17:30:00+00:00,27998.5,28010.5,27997.5,28009.5,501
2026-07-27T17:31:00+00:00,28008,28022,28007,28013.5,748
2026-07-27T17:32:00+00:00,28014.75,28040.75,28006.75,28039.25,780
2026-07-27T17:33:00+00:00,28039,28053,28037.75,28052.25,760
2026-07-27T17:34:00+00:00,28052.5,28062,28046.5,28059.5,731
2026-07-27T17:35:00+00:00,28058.75,28065,28047.25,28053.75,600
2026-07-27T17:36:00+00:00,28053.25,28063.25,28042.75,28045,731
2026-07-27T17:37:00+00:00,28046.5,28054,28031.75,28032,514
2026-07-27T17:38:00+00:00,28032,28058.75,28026.5,28053.25,572
2026-07-27T17:39:00+00:00,28051.75,28051.75,28030.5,28030.5,494
2026-07-27T17:40:00+00:00,28031,28033.25,28015.5,28017.75,592
2026-07-27T17:41:00+00:00,28017,28041.75,28017,28039,600
2026-07-27T17:42:00+00:00,28037.75,28043,28022.25,28023.75,374
2026-07-27T17:43:00+00:00,28024,28037,28015.75,28034.25,429
2026-07-27T17:44:00+00:00,28035.25,28038.25,28023,28036.25,334
2026-07-27T17:45:00+00:00,28036,28040.5,28013.75,28021.75,548
2026-07-27T17:46:00+00:00,28022.25,28059,28022,28045.5,765
2026-07-27T17:47:00+00:00,28044.5,28054.25,28039.75,28044.5,412
2026-07-27T17:48:00+00:00,28043,28056.5,28033,28035.75,436
2026-07-27T17:49:00+00:00,28036,28045.5,28030,28032.75,358
2026-07-27T17:50:00+00:00,28032.5,28048.5,28026.25,28041.75,515
2026-07-27T17:51:00+00:00,28043.75,28046.25,28034.5,28042.5,361
2026-07-27T17:52:00+00:00,28042.75,28064,28042.75,28062.5,544
2026-07-27T17:53:00+00:00,28062.25,28067,28053.75,28063.5,544
2026-07-27T17:54:00+00:00,28062.5,28088,28061.75,28084.25,1122
2026-07-27T17:55:00+00:00,28085,28097,28072,28081.5,954
2026-07-27T17:56:00+00:00,28081.25,28100.25,28077,28098.25,560
2026-07-27T17:57:00+00:00,28098,28102,28087,28088.25,475
2026-07-27T17:58:00+00:00,28089,28100.25,28087.75,28091.25,485
2026-07-27T17:59:00+00:00,28090.5,28106.25,28089.25,28104.75,520
2026-07-27T18:00:00+00:00,28104.75,28112,28095.25,28097.5,918
2026-07-27T18:01:00+00:00,28097.25,28121.25,28095.75,28104.25,838
2026-07-27T18:02:00+00:00,28104.75,28108.75,28094.25,28097.5,726
2026-07-27T18:03:00+00:00,28096,28108.75,28090,28106.75,500
2026-07-27T18:04:00+00:00,28107,28112.75,28092.5,28092.5,678
2026-07-27T18:05:00+00:00,28092.75,28108,28085.5,28106.5,755
2026-07-27T18:06:00+00:00,28105.25,28115.25,28090.75,28090.75,665
2026-07-27T18:07:00+00:00,28091.75,28107.75,28091.25,28101,392
2026-07-27T18:08:00+00:00,28100.25,28103.75,28090,28092,316
2026-07-27T18:09:00+00:00,28092.5,28103,28091.75,28098.75,339
2026-07-27T18:10:00+00:00,28097.25,28103,28092.5,28097.25,402
2026-07-27T18:11:00+00:00,28096.5,28106.25,28093.5,28095.25,485
2026-07-27T18:12:00+00:00,28095.25,28107,28092.75,28101,529
2026-07-27T18:13:00+00:00,28101.25,28108.5,28098.25,28105.75,448
2026-07-27T18:14:00+00:00,28105,28112.75,28100.5,28100.5,476
2026-07-27T18:15:00+00:00,28100.5,28105.25,28067.75,28072.75,1010
2026-07-27T18:16:00+00:00,28071.75,28078.5,28055.25,28060.25,658
2026-07-27T18:17:00+00:00,28060.5,28068,28049.75,28062.25,744
2026-07-27T18:18:00+00:00,28063,28074.75,28058.25,28073.5,530
2026-07-27T18:19:00+00:00,28072.25,28082.5,28060.75,28063,639
2026-07-27T18:20:00+00:00,28062.5,28069,28053.75,28061.25,451
2026-07-27T18:21:00+00:00,28061.25,28070.5,28057,28064,394
2026-07-27T18:22:00+00:00,28065.75,28069.25,28055.75,28056.75,282
2026-07-27T18:23:00+00:00,28055.75,28075,28052.75,28062.5,621
2026-07-27T18:24:00+00:00,28063,28086.25,28062.75,28079.25,616
2026-07-27T18:25:00+00:00,28080,28091.5,28078.5,28079,518
2026-07-27T18:26:00+00:00,28079.75,28091,28076.75,28081.5,428
2026-07-27T18:27:00+00:00,28080.75,28084.25,28072,28074.25,329
2026-07-27T18:28:00+00:00,28074.5,28080.75,28070,28074.25,458
2026-07-27T18:29:00+00:00,28073.25,28088,28069,28082,392
2026-07-27T18:30:00+00:00,28082.25,28082.75,28050.5,28060.5,675
2026-07-27T18:31:00+00:00,28059.75,28065.25,28043.75,28044.75,506
2026-07-27T18:32:00+00:00,28044.5,28059.25,28037.5,28055.5,556
2026-07-27T18:33:00+00:00,28055.5,28057.75,28047.5,28051,290
2026-07-27T18:34:00+00:00,28050.75,28054.25,28037,28041.5,333
2026-07-27T18:35:00+00:00,28039.5,28048.75,28032.25,28045.75,635
2026-07-27T18:36:00+00:00,28046,28053,28036.5,28049.5,503
2026-07-27T18:37:00+00:00,28049.25,28055,28037.75,28046,505
2026-07-27T18:38:00+00:00,28045.5,28048.75,28032,28032.25,429
2026-07-27T18:39:00+00:00,28032.75,28035.75,28027.25,28032.75,473
2026-07-27T18:40:00+00:00,28032,28032,28019.25,28023,585
2026-07-27T18:41:00+00:00,28023.25,28079,28021.5,28061.5,3055
2026-07-27T18:42:00+00:00,28063,28074.75,28057,28057,800
2026-07-27T18:43:00+00:00,28058,28080.5,28044.5,28078.5,860
2026-07-27T18:44:00+00:00,28077.75,28088.25,28074.25,28083.5,421
2026-07-27T18:45:00+00:00,28083.25,28100.5,28080.5,28088.5,618
2026-07-27T18:46:00+00:00,28087.75,28094.75,28079.5,28081.5,431
2026-07-27T18:47:00+00:00,28081.25,28086.25,28069.5,28082.25,529
2026-07-27T18:48:00+00:00,28083.5,28095,28076.5,28093.5,426
2026-07-27T18:49:00+00:00,28092,28098.75,28073,28073.75,463
2026-07-27T18:50:00+00:00,28073.25,28086.5,28070,28085.75,492
2026-07-27T18:51:00+00:00,28085,28108,28083,28104.25,667
2026-07-27T18:52:00+00:00,28104.75,28142.75,28103,28139,1335
2026-07-27T18:53:00+00:00,28138.75,28160.5,28136.25,28158,1108
2026-07-27T18:54:00+00:00,28157.75,28159.25,28146.25,28151.5,1047
2026-07-27T18:55:00+00:00,28151.5,28189,28151.5,28179.75,1569
2026-07-27T18:56:00+00:00,28179.5,28185.25,28167.25,28169.5,1008
2026-07-27T18:57:00+00:00,28169.5,28177,28159.5,28167.5,972
2026-07-27T18:58:00+00:00,28168,28178.5,28153.75,28177,975
2026-07-27T18:59:00+00:00,28175.75,28191,28174.5,28188.25,722
2026-07-27T19:00:00+00:00,28188.75,28193.25,28172.5,28174.5,1140
2026-07-27T19:01:00+00:00,28173.25,28187.75,28170,28183.5,597
2026-07-27T19:02:00+00:00,28184.5,28197,28182.75,28183.25,558
2026-07-27T19:03:00+00:00,28184.25,28193.75,28178.25,28183.75,661
2026-07-27T19:04:00+00:00,28185.5,28194.25,28171.25,28172.75,614
2026-07-27T19:05:00+00:00,28172.75,28182.75,28165.25,28173,576
2026-07-27T19:06:00+00:00,28172.75,28200.5,28166.75,28200.25,835
2026-07-27T19:07:00+00:00,28200,28218,28198,28217,1096
2026-07-27T19:08:00+00:00,28217.5,28224,28207.75,28211,903
2026-07-27T19:09:00+00:00,28209.75,28224,28209,28214.25,732
2026-07-27T19:10:00+00:00,28214,28232.25,28212.25,28226.25,1169
2026-07-27T19:11:00+00:00,28225.5,28227.25,28213.5,28222.25,558
2026-07-27T19:12:00+00:00,28224,28230,28210,28210.75,579
2026-07-27T19:13:00+00:00,28210.25,28211,28193.25,28197.75,1031
2026-07-27T19:14:00+00:00,28197.5,28205.75,28192.75,28201.25,464
2026-07-27T19:15:00+00:00,28200.75,28206.5,28197.75,28204.25,449
2026-07-27T19:16:00+00:00,28204.25,28216.75,28195.5,28205,757
2026-07-27T19:17:00+00:00,28206,28212.25,28199.75,28211,371
2026-07-27T19:18:00+00:00,28210.75,28217.75,28208.75,28212.25,488
2026-07-27T19:19:00+00:00,28211.75,28215,28204,28215,318
2026-07-27T19:20:00+00:00,28214.25,28225,28213,28219.75,858
2026-07-27T19:21:00+00:00,28219,28223,28205,28205.5,592
2026-07-27T19:22:00+00:00,28206.25,28223,28201.25,28223,535
2026-07-27T19:23:00+00:00,28223,28236,28216,28216,941
2026-07-27T19:24:00+00:00,28216.5,28225.25,28214,28225,505
2026-07-27T19:25:00+00:00,28225.25,28232.25,28203.75,28216.25,919
2026-07-27T19:26:00+00:00,28215.25,28222.25,28213.5,28220.5,458
2026-07-27T19:27:00+00:00,28218.75,28234.5,28213.25,28233,511
2026-07-27T19:28:00+00:00,28232.75,28235.5,28224,28226,617
2026-07-27T19:29:00+00:00,28227.25,28247.5,28227,28243,768
2026-07-27T19:30:00+00:00,28243.75,28249.25,28234.5,28243,1272
2026-07-27T19:31:00+00:00,28243.25,28246.5,28236,28241.5,675
2026-07-27T19:32:00+00:00,28242,28246,28235.5,28241,453
2026-07-27T19:33:00+00:00,28241.75,28255.75,28233,28250,711
2026-07-27T19:34:00+00:00,28249.25,28255,28232.5,28233,590
2026-07-27T19:35:00+00:00,28232.25,28242.5,28226.25,28233.25,676
2026-07-27T19:36:00+00:00,28234.25,28238.75,28223,28224.5,512
2026-07-27T19:37:00+00:00,28224,28225.25,28195.5,28203,1085
2026-07-27T19:38:00+00:00,28204,28207,28192,28197,637
2026-07-27T19:39:00+00:00,28195.25,28198,28180,28185.25,809
2026-07-27T19:40:00+00:00,28185.5,28200,28178.25,28199,848
2026-07-27T19:41:00+00:00,28198.25,28204.5,28181,28187.5,591
2026-07-27T19:42:00+00:00,28188.25,28196.25,28176,28178.5,545
2026-07-27T19:43:00+00:00,28177.25,28189,28172.5,28180,636
2026-07-27T19:44:00+00:00,28180.5,28186,28175,28175.75,399
2026-07-27T19:45:00+00:00,28176,28178.75,28158.5,28174.25,819
2026-07-27T19:46:00+00:00,28174.75,28185,28155.25,28161.25,770
2026-07-27T19:47:00+00:00,28160.75,28174,28159.5,28170.5,609
2026-07-27T19:48:00+00:00,28170,28171,28158.25,28171,654
2026-07-27T19:49:00+00:00,28170.5,28187.5,28169.25,28184.75,730
2026-07-27T19:50:00+00:00,28186.25,28200,28165.25,28178,1476
2026-07-27T19:51:00+00:00,28177.25,28177.25,28164,28174.25,731
2026-07-27T19:52:00+00:00,28173.75,28182.25,28168,28180.75,669
2026-07-27T19:53:00+00:00,28181.75,28188.5,28176.5,28179.5,898
2026-07-27T19:54:00+00:00,28178.75,28194.25,28175.5,28178.75,1388
2026-07-27T19:55:00+00:00,28177.75,28191.75,28159.25,28187.5,1814
2026-07-27T19:56:00+00:00,28187,28205,28182.75,28200.75,1253
2026-07-27T19:57:00+00:00,28200.25,28203,28184.75,28187,995
2026-07-27T19:58:00+00:00,28187.5,28194.75,28179.5,28190.5,1396
2026-07-27T19:59:00+00:00,28190,28198,28177.75,28192.25,7474
2026-07-27T20:00:00+00:00,28192.5,28219.5,28192,28205,2627
2026-07-27T20:01:00+00:00,28205.5,28207.75,28196.75,28200.75,753
2026-07-27T20:02:00+00:00,28200.75,28205,28191.75,28193.75,579
2026-07-27T20:03:00+00:00,28193.25,28194,28182,28185.75,630
2026-07-27T20:04:00+00:00,28185.75,28199.75,28183.25,28197,652
2026-07-27T20:05:00+00:00,28196,28198.5,28191.25,28194.25,470
2026-07-27T20:06:00+00:00,28194.25,28196.75,28175.75,28183.5,649
2026-07-27T20:07:00+00:00,28183.75,28193.75,28182,28192.75,365
2026-07-27T20:08:00+00:00,28192.5,28199.75,28190.5,28198.25,304
2026-07-27T20:09:00+00:00,28198,28198,28191.25,28196.75,136
2026-07-27T20:10:00+00:00,28195.75,28196.75,28183.25,28185.25,275
2026-07-27T20:11:00+00:00,28185.5,28186.75,28171.75,28172.5,347
2026-07-27T20:12:00+00:00,28173,28178,28169.25,28175.25,367
2026-07-27T20:13:00+00:00,28175,28181.5,28171.75,28178.5,246
2026-07-27T20:14:00+00:00,28178.75,28195,28178.5,28190.75,297
2026-07-28T13:30:00+00:00,27950,27992,27928.75,27943.5,5220
2026-07-28T13:31:00+00:00,27945.5,27949,27899.25,27910.5,4091
2026-07-28T13:32:00+00:00,27910.5,27918,27871.25,27898.5,3299
2026-07-28T13:33:00+00:00,27896.75,27918.25,27883.25,27903.75,3273
2026-07-28T13:34:00+00:00,27904.5,27916.75,27875.75,27877,2253
2026-07-28T13:35:00+00:00,27876,27916.75,27876,27913.25,2654
2026-07-28T13:36:00+00:00,27913,27926.25,27852,27860.5,3496
2026-07-28T13:37:00+00:00,27861,27878.5,27822.25,27834.75,3326
2026-07-28T13:38:00+00:00,27834.25,27847.25,27810.75,27811.25,2527
2026-07-28T13:39:00+00:00,27811.75,27817.5,27788.75,27791.25,2518
2026-07-28T13:40:00+00:00,27792,27835,27787.5,27813.25,3628
2026-07-28T13:41:00+00:00,27813.75,27841.5,27799.5,27811.75,2469
2026-07-28T13:42:00+00:00,27812.25,27816,27760.25,27761.5,3414
2026-07-28T13:43:00+00:00,27762.5,27768.25,27728.5,27735.75,3154
2026-07-28T13:44:00+00:00,27736,27771.25,27735.5,27749.75,2470
2026-07-28T13:45:00+00:00,27749.25,27764.5,27706.75,27712,3535
2026-07-28T13:46:00+00:00,27710.5,27712,27673,27683.5,3708
2026-07-28T13:47:00+00:00,27684.25,27687.25,27658.75,27660,2763
2026-07-28T13:48:00+00:00,27660.25,27733.25,27659.25,27727.5,3821
2026-07-28T13:49:00+00:00,27729.25,27758.5,27716.5,27755.5,3305
2026-07-28T13:50:00+00:00,27755.5,27799,27719.25,27722.25,4437
2026-07-28T13:51:00+00:00,27723.75,27748.5,27702.75,27726.5,2571
2026-07-28T13:52:00+00:00,27725,27786.25,27723,27752.75,2533
2026-07-28T13:53:00+00:00,27754,27755.5,27682.25,27716,3294
2026-07-28T13:54:00+00:00,27716.5,27735,27692.5,27696,2023
2026-07-28T13:55:00+00:00,27698,27708.25,27671.25,27676.5,2787
2026-07-28T13:56:00+00:00,27677,27710.25,27662.25,27708.25,2862
2026-07-28T13:57:00+00:00,27707.75,27720.5,27679.25,27688.25,2488
2026-07-28T13:58:00+00:00,27686.75,27690.25,27663,27665.25,1677
2026-07-28T13:59:00+00:00,27664.5,27691.75,27641.75,27665.25,2268
2026-07-28T14:00:00+00:00,27665.5,27731.75,27652,27727,3099
2026-07-28T14:01:00+00:00,27724.5,27734.75,27692,27706,2006
2026-07-28T14:02:00+00:00,27706,27749.5,27705.25,27730.25,2321
2026-07-28T14:03:00+00:00,27730.75,27740,27712.25,27717.5,1468
2026-07-28T14:04:00+00:00,27716.75,27734.25,27695.75,27715.25,1572
2026-07-28T14:05:00+00:00,27714,27771.25,27705.5,27766.25,2300
2026-07-28T14:06:00+00:00,27767,27782,27740.5,27780.5,2323
2026-07-28T14:07:00+00:00,27779,27793.5,27720.5,27724,2386
2026-07-28T14:08:00+00:00,27724.25,27727.5,27666.75,27695.25,2558
2026-07-28T14:09:00+00:00,27694.25,27701.75,27673.75,27673.75,1678
2026-07-28T14:10:00+00:00,27674.5,27719.5,27665.5,27699.25,2195
2026-07-28T14:11:00+00:00,27700.75,27724.25,27690.5,27722.75,1679
2026-07-28T14:12:00+00:00,27723.75,27731,27660.25,27662.25,1925
2026-07-28T14:13:00+00:00,27661.75,27685.5,27647.25,27652.75,2380
2026-07-28T14:14:00+00:00,27652.5,27652.75,27608.75,27630.25,3997
2026-07-28T14:15:00+00:00,27631.75,27655.25,27614.75,27644.25,2897
2026-07-28T14:16:00+00:00,27645,27652,27603.5,27610.5,2238
2026-07-28T14:17:00+00:00,27612,27628.5,27607.25,27623.5,2285
2026-07-28T14:18:00+00:00,27624,27647,27611.25,27636.25,2290
2026-07-28T14:19:00+00:00,27636.25,27641,27613.25,27615.25,1982
2026-07-28T14:20:00+00:00,27614.25,27641.5,27612.75,27618.5,1614
2026-07-28T14:21:00+00:00,27620.25,27677.5,27606,27675.75,2566
2026-07-28T14:22:00+00:00,27675.5,27687.75,27618.75,27630.25,2413
2026-07-28T14:23:00+00:00,27631.5,27699.25,27625,27697.75,3026
2026-07-28T14:24:00+00:00,27697.5,27717.5,27670,27677.25,2795
2026-07-28T14:25:00+00:00,27677.5,27691.5,27660,27682.75,1255
2026-07-28T14:26:00+00:00,27683.5,27700.5,27672.25,27691.75,1349
2026-07-28T14:27:00+00:00,27693.5,27712.75,27680.25,27691,1476
2026-07-28T14:28:00+00:00,27690.5,27708.5,27681.5,27682.75,1184
2026-07-28T14:29:00+00:00,27683.5,27713.5,27677.25,27706.5,1439
2026-07-28T14:30:00+00:00,27706.5,27724,27669,27684.5,1803
2026-07-28T14:31:00+00:00,27686,27720.25,27676.25,27707.5,1646
2026-07-28T14:32:00+00:00,27708.75,27728.5,27688.25,27708,1422
2026-07-28T14:33:00+00:00,27707.5,27715.25,27686,27707.25,1067
2026-07-28T14:34:00+00:00,27707.25,27718.25,27672.5,27679.75,1266
2026-07-28T14:35:00+00:00,27679,27732.5,27672.25,27730.75,1901
2026-07-28T14:36:00+00:00,27731.75,27761.75,27726.75,27744.5,2443
2026-07-28T14:37:00+00:00,27746,27761.75,27734.25,27756,1333
2026-07-28T14:38:00+00:00,27755.5,27763,27713.75,27715,1710
2026-07-28T14:39:00+00:00,27715,27729,27695.25,27723.5,1511
2026-07-28T14:40:00+00:00,27722.5,27756.75,27713.5,27754,1680
2026-07-28T14:41:00+00:00,27754.25,27777.75,27749.5,27770.5,2147
2026-07-28T14:42:00+00:00,27771,27773.75,27753.75,27771,1114
2026-07-28T14:43:00+00:00,27772,27792.5,27762,27782,1930
2026-07-28T14:44:00+00:00,27782.25,27793,27768.25,27772.25,1518
2026-07-28T14:45:00+00:00,27770.75,27784.5,27745.75,27750.5,1694
2026-07-28T14:46:00+00:00,27749.25,27783.25,27745.5,27782,1550
2026-07-28T14:47:00+00:00,27782.25,27811.25,27779.75,27807,2076
2026-07-28T14:48:00+00:00,27805.25,27844.75,27803.75,27840,2743
2026-07-28T14:49:00+00:00,27839.75,27856.5,27834.5,27851.25,1840
2026-07-28T14:50:00+00:00,27850.25,27877.75,27847.75,27862.75,2407
2026-07-28T14:51:00+00:00,27863.25,27888.5,27857.25,27882.75,1895
2026-07-28T14:52:00+00:00,27882.5,27888.5,27852,27858.25,2462
2026-07-28T14:53:00+00:00,27858.75,27890,27858,27875.75,1901
2026-07-28T14:54:00+00:00,27875,27875.25,27850,27853.25,1598
2026-07-28T14:55:00+00:00,27853.25,27876,27838.75,27859.25,2489
2026-07-28T14:56:00+00:00,27860.25,27862.75,27836.25,27844.75,1421
2026-07-28T14:57:00+00:00,27844.5,27844.5,27809.25,27820,1900
2026-07-28T14:58:00+00:00,27819.5,27824.25,27810,27812.5,1225
2026-07-28T14:59:00+00:00,27812.5,27822,27797.25,27801.75,1467
2026-07-28T15:00:00+00:00,27803,27835.25,27799.5,27832.75,1869
2026-07-28T15:01:00+00:00,27832.75,27838,27809,27821.5,1427
2026-07-28T15:02:00+00:00,27821.25,27828.5,27798.75,27812,1469
2026-07-28T15:03:00+00:00,27812,27819.25,27793.5,27796.5,1196
2026-07-28T15:04:00+00:00,27797.75,27807.25,27779.5,27780.25,1534
2026-07-28T15:05:00+00:00,27781,27798,27768,27798,1399
2026-07-28T15:06:00+00:00,27796.75,27837.25,27796.25,27810.75,1869
2026-07-28T15:07:00+00:00,27811,27811,27779,27797,1412
2026-07-28T15:08:00+00:00,27796.5,27811.25,27787.25,27797.75,1076
2026-07-28T15:09:00+00:00,27797.75,27827,27797.5,27825.75,1462
2026-07-28T15:10:00+00:00,27826,27882,27816.5,27822.25,3230
2026-07-28T15:11:00+00:00,27822.75,27836.75,27801.25,27823.25,1443
2026-07-28T15:12:00+00:00,27823.5,27875,27813.25,27863.25,1630
2026-07-28T15:13:00+00:00,27863,27867.25,27839.75,27859.5,1210
2026-07-28T15:14:00+00:00,27860,27877.25,27850.5,27854.25,1397
2026-07-28T15:15:00+00:00,27853.75,27863.5,27836.5,27861.25,1444
2026-07-28T15:16:00+00:00,27861,27882,27858.5,27863.25,1216
2026-07-28T15:17:00+00:00,27863.75,27882.25,27849.5,27878.75,1194
2026-07-28T15:18:00+00:00,27875.75,27917.75,27872.75,27910.5,2108
2026-07-28T15:19:00+00:00,27910.75,27917,27896,27915.25,1201
2026-07-28T15:20:00+00:00,27915.5,27963.25,27914.25,27952,2436
2026-07-28T15:21:00+00:00,27952.25,27959.5,27944,27954,1686
2026-07-28T15:22:00+00:00,27953,27966,27947,27952.75,1982
2026-07-28T15:23:00+00:00,27953,27970.75,27951.25,27960.75,1330
2026-07-28T15:24:00+00:00,27961,27975,27951,27974.5,1298
2026-07-28T15:25:00+00:00,27974,27987.5,27970.75,27979.5,1926
2026-07-28T15:26:00+00:00,27980.25,28010,27977.5,28000,2310
2026-07-28T15:27:00+00:00,27999.75,28001,27973.25,27975.25,1836
2026-07-28T15:28:00+00:00,27975.25,27975.5,27963.5,27971.25,1539
2026-07-28T15:29:00+00:00,27971.75,27977.75,27956.5,27965,1249
2026-07-28T15:30:00+00:00,27965.75,27985.75,27954.5,27957,1580
2026-07-28T15:31:00+00:00,27956.75,27964,27948.75,27962.5,1409
2026-07-28T15:32:00+00:00,27963,27984.75,27960.25,27975.5,1373
2026-07-28T15:33:00+00:00,27973.5,27986.5,27970.75,27985,1125
2026-07-28T15:34:00+00:00,27985.75,27995,27976.75,27979.75,1156
2026-07-28T15:35:00+00:00,27980.25,28003.75,27976.5,28001.75,1293
2026-07-28T15:36:00+00:00,28001.75,28012,28000,28006.75,1021
2026-07-28T15:37:00+00:00,28006.25,28007,27987,28003.75,862
2026-07-28T15:38:00+00:00,28002.75,28019.25,27997.25,28012.5,1315
2026-07-28T15:39:00+00:00,28012.75,28015,28001.75,28006.25,937
2026-07-28T15:40:00+00:00,28005.5,28009.75,27990,27996.75,943
2026-07-28T15:41:00+00:00,27997.75,28012.25,27993,28001,715
2026-07-28T15:42:00+00:00,28001,28006,27991.5,27996,654
2026-07-28T15:43:00+00:00,27996.5,28023.25,27989.25,28022.25,1207
2026-07-28T15:44:00+00:00,28022,28036,28019.25,28031.5,1059
2026-07-28T15:45:00+00:00,28032,28045.5,28029.25,28036,1234
2026-07-28T15:46:00+00:00,28036,28052,28032,28049.5,1281
2026-07-28T15:47:00+00:00,28048.75,28052.5,28043,28045.75,851
2026-07-28T15:48:00+00:00,28045.25,28058.75,28042.25,28058.75,811
2026-07-28T15:49:00+00:00,28058.25,28062.5,28044,28044.75,1037
2026-07-28T15:50:00+00:00,28044.5,28048.75,28021.25,28023.75,1706
2026-07-28T15:51:00+00:00,28024.25,28029.5,28014.75,28026.25,1183
2026-07-28T15:52:00+00:00,28025.5,28031.25,28010.5,28031.25,756
2026-07-28T15:53:00+00:00,28031,28057.75,28028,28054.5,1241
2026-07-28T15:54:00+00:00,28053.25,28055,28032.25,28033.5,976
2026-07-28T15:55:00+00:00,28033,28035.5,28015.5,28019.25,1012
2026-07-28T15:56:00+00:00,28020.25,28045.25,28019,28042.5,987
2026-07-28T15:57:00+00:00,28042.75,28051.75,28038.25,28050,662
2026-07-28T15:58:00+00:00,28051,28062.5,28043,28043.75,1339
2026-07-28T15:59:00+00:00,28043.5,28048.75,28036,28048,883
2026-07-28T16:00:00+00:00,28047.75,28063.5,28033.5,28062.25,1756
2026-07-28T16:01:00+00:00,28063,28068.75,28053.5,28054.5,1132
2026-07-28T16:02:00+00:00,28055.5,28067.5,28046.5,28046.5,887
2026-07-28T16:03:00+00:00,28047,28059,28040,28054.75,1013
2026-07-28T16:04:00+00:00,28054.25,28054.5,28040.25,28051.25,937
2026-07-28T16:05:00+00:00,28050.75,28065,28050.5,28052,898
2026-07-28T16:06:00+00:00,28052.75,28055,28036.25,28051,1214
2026-07-28T16:07:00+00:00,28051.75,28051.75,28014.5,28014.5,1200
2026-07-28T16:08:00+00:00,28014.75,28019.5,28009.5,28016.25,1294
2026-07-28T16:09:00+00:00,28015.5,28024,28007.25,28007.75,1221
2026-07-28T16:10:00+00:00,28007.5,28017.25,28005.5,28010.25,875
2026-07-28T16:11:00+00:00,28011,28028.5,28009.75,28024.75,956
2026-07-28T16:12:00+00:00,28023.75,28026.5,28010.75,28017.75,697
2026-07-28T16:13:00+00:00,28018,28024,28000.5,28003,954
2026-07-28T16:14:00+00:00,28003,28008,27996.75,28007.5,807
2026-07-28T16:15:00+00:00,28007.75,28016.25,27992.25,27998,937
2026-07-28T16:16:00+00:00,27998.5,28003.25,27993.25,27995,639
2026-07-28T16:17:00+00:00,27995.25,28009.5,27994.25,27995.5,813
2026-07-28T16:18:00+00:00,27995.75,28006.5,27992.25,27999.5,516
2026-07-28T16:19:00+00:00,27999.25,28032.5,27998.25,28030.5,1104
2026-07-28T16:20:00+00:00,28029.75,28045.25,28026.5,28032,1509
2026-07-28T16:21:00+00:00,28032.5,28034.25,28013.25,28022.5,692
2026-07-28T16:22:00+00:00,28022.75,28028.25,28008.25,28012,652
2026-07-28T16:23:00+00:00,28011.75,28012.25,27991.75,27995,1117
2026-07-28T16:24:00+00:00,27994.25,28002.25,27988.75,27999,749
2026-07-28T16:25:00+00:00,27999.25,28006.25,27990.75,28005.5,479
2026-07-28T16:26:00+00:00,28004.75,28007.5,27995.25,27996.75,633
2026-07-28T16:27:00+00:00,27997.5,28005.25,27984.75,28000,702
2026-07-28T16:28:00+00:00,28000.5,28009,27995,27998.5,585
2026-07-28T16:29:00+00:00,27998,28007.25,27993,27995.25,512
2026-07-28T16:30:00+00:00,27995.5,27996.5,27962.75,27964.25,1281
2026-07-28T16:31:00+00:00,27964.25,27966.25,27953.5,27965,1211
2026-07-28T16:32:00+00:00,27965.5,27986.75,27959,27985,1214
2026-07-28T16:33:00+00:00,27985.25,27996.25,27974.5,27975.75,796
2026-07-28T16:34:00+00:00,27976.25,27993.75,27973.5,27975.75,595
2026-07-28T16:35:00+00:00,27976.25,27988.5,27974.5,27978.25,490
2026-07-28T16:36:00+00:00,27979,27982,27967.5,27978.5,558
2026-07-28T16:37:00+00:00,27979.25,27984.75,27972.25,27982,521
2026-07-28T16:38:00+00:00,27982.5,28011.75,27979.75,28007.25,838
2026-07-28T16:39:00+00:00,28006,28024.5,27999.5,28023.5,1317
2026-07-28T16:40:00+00:00,28023,28032.5,28018,28022.75,1002
2026-07-28T16:41:00+00:00,28023.25,28037.25,28021.5,28037.25,736
2026-07-28T16:42:00+00:00,28037.5,28040,28013,28017.75,811
2026-07-28T16:43:00+00:00,28018,28041.75,28017.5,28041.25,587
2026-07-28T16:44:00+00:00,28040.5,28043.75,28022.25,28032.75,910
2026-07-28T16:45:00+00:00,28032,28040,28023.75,28026.75,738
2026-07-28T16:46:00+00:00,28027,28030.75,27993,27996.75,1022
2026-07-28T16:47:00+00:00,27996.5,28023,27996,28017,699
2026-07-28T16:48:00+00:00,28017,28022.5,28001,28008.5,1003
2026-07-28T16:49:00+00:00,28008.25,28020.75,28005,28016.25,512
2026-07-28T16:50:00+00:00,28015.75,28047.5,28015.25,28046,1317
2026-07-28T16:51:00+00:00,28045.75,28070.75,28045,28068,1275
2026-07-28T16:52:00+00:00,28067.75,28074,28061.5,28065.5,814
2026-07-28T16:53:00+00:00,28064.25,28080,28063.25,28064.25,796
2026-07-28T16:54:00+00:00,28064.25,28074.75,28063,28068.75,559
2026-07-28T16:55:00+00:00,28067.25,28068.75,28059,28068.5,627
2026-07-28T16:56:00+00:00,28068.75,28078,28060.75,28076.5,617
2026-07-28T16:57:00+00:00,28075.5,28078,28058.5,28065.5,602
2026-07-28T16:58:00+00:00,28065,28065.75,28052.75,28056.75,592
2026-07-28T16:59:00+00:00,28057,28064,28055.25,28057.5,610
2026-07-28T17:00:00+00:00,28057.5,28066.5,28044.75,28055.25,893
2026-07-28T17:01:00+00:00,28054.25,28065,28054.25,28056.25,329
2026-07-28T17:02:00+00:00,28055.5,28060,28027.75,28035.25,1085
2026-07-28T17:03:00+00:00,28036.25,28041,28022.25,28027.5,919
2026-07-28T17:04:00+00:00,28028.25,28029.5,28017,28021,600
2026-07-28T17:05:00+00:00,28021.75,28028,28013.25,28017,694
2026-07-28T17:06:00+00:00,28016.75,28031,28004,28021.75,1230
2026-07-28T17:07:00+00:00,28021.75,28028.25,28015.75,28026.75,649
2026-07-28T17:08:00+00:00,28027,28031.25,27998,27998.75,770
2026-07-28T17:09:00+00:00,27999,28002,27982.5,27986.25,1961
2026-07-28T17:10:00+00:00,27986.25,27988.25,27969,27986,1165
2026-07-28T17:11:00+00:00,27987.25,27994.5,27979.75,27993.75,839
2026-07-28T17:12:00+00:00,27994.5,28008.5,27989.75,27995.75,754
2026-07-28T17:13:00+00:00,27996.75,27998,27974.75,27989,821
2026-07-28T17:14:00+00:00,27989,27992,27982,27988,1135
2026-07-28T17:15:00+00:00,27988,27996.75,27980.75,27992.5,683
2026-07-28T17:16:00+00:00,27991.5,27993,27980.25,27991.5,504
2026-07-28T17:17:00+00:00,27992,27992.5,27973.5,27978,411
2026-07-28T17:18:00+00:00,27976.75,27985,27976,27982.25,405
2026-07-28T17:19:00+00:00,27981.75,27996.5,27976.75,27993.25,1272
2026-07-28T17:20:00+00:00,27993.25,28036.25,27985.25,28026.75,1676
2026-07-28T17:21:00+00:00,28026.5,28045.75,28008.75,28011.5,1167
2026-07-28T17:22:00+00:00,28010.5,28014.25,27996,28007.75,630
2026-07-28T17:23:00+00:00,28007,28018.75,28003.5,28005.75,492
2026-07-28T17:24:00+00:00,28005.75,28013.25,27987,27987,500
2026-07-28T17:25:00+00:00,27987,27991.5,27975,27989.5,812
2026-07-28T17:26:00+00:00,27989.25,28002.5,27989.25,27998,463
2026-07-28T17:27:00+00:00,27998.25,28015.75,27997.75,28011,714
2026-07-28T17:28:00+00:00,28010.5,28020.5,28000.25,28001.25,604
2026-07-28T17:29:00+00:00,28001.5,28013,27995.75,27996.5,662
2026-07-28T17:30:00+00:00,27996,28004,27989,28000.5,618
2026-07-28T17:31:00+00:00,27999.75,28001.5,27990,27993.75,322
2026-07-28T17:32:00+00:00,27994,28001.5,27991,27999.25,354
2026-07-28T17:33:00+00:00,27999.25,28023,27996.5,28016.25,1207
2026-07-28T17:34:00+00:00,28015.75,28032.5,28015.75,28021.75,506
2026-07-28T17:35:00+00:00,28021.5,28043.5,28021.5,28023.5,989
2026-07-28T17:36:00+00:00,28022.5,28023,28008,28008,393
2026-07-28T17:37:00+00:00,28007.75,28015.75,28002.5,28002.5,341
2026-07-28T17:38:00+00:00,28002.75,28013.5,27999.5,28009,369
2026-07-28T17:39:00+00:00,28009.25,28010.75,27992,27994.5,407
2026-07-28T17:40:00+00:00,27993,28010,27986.5,27995.25,1347
2026-07-28T17:41:00+00:00,27995.5,27997.25,27978.25,27979.75,417
2026-07-28T17:42:00+00:00,27980.25,27986,27975.5,27975.75,760
2026-07-28T17:43:00+00:00,27976.25,27978.5,27956.5,27959.5,784
2026-07-28T17:44:00+00:00,27959.75,27959.75,27949,27954.5,664
2026-07-28T17:45:00+00:00,27954.25,27962.75,27943.25,27950,919
2026-07-28T17:46:00+00:00,27950.25,27954.75,27944.25,27952.75,586
2026-07-28T17:47:00+00:00,27952.25,27963,27939,27943.25,656
2026-07-28T17:48:00+00:00,27943.5,27978.5,27942.75,27972.25,1690
2026-07-28T17:49:00+00:00,27973,27987,27966.25,27980,836
2026-07-28T17:50:00+00:00,27979.25,27979.25,27958,27961.75,620
2026-07-28T17:51:00+00:00,27960.75,27961,27949.75,27957,459
2026-07-28T17:52:00+00:00,27956.75,27966.25,27943.5,27944.75,442
2026-07-28T17:53:00+00:00,27945.25,27951.75,27943.75,27950.25,327
2026-07-28T17:54:00+00:00,27950.25,27953.75,27935.75,27941.25,767
2026-07-28T17:55:00+00:00,27940.75,27944,27925,27931.25,740
2026-07-28T17:56:00+00:00,27931.75,27949.75,27929,27949.25,605
2026-07-28T17:57:00+00:00,27948.5,27951,27940,27947.25,388
2026-07-28T17:58:00+00:00,27946.75,27958.75,27941,27957.25,504
2026-07-28T17:59:00+00:00,27958,27974.25,27957.75,27972.5,651
2026-07-28T18:00:00+00:00,27974,27999.5,27966.25,27990.25,1224
2026-07-28T18:01:00+00:00,27990.25,27995.5,27959,27959,901
2026-07-28T18:02:00+00:00,27958.5,27976,27954.25,27965,854
2026-07-28T18:03:00+00:00,27964.25,27969.5,27957.25,27962.5,516
2026-07-28T18:04:00+00:00,27962.5,27971.25,27953,27969,583
2026-07-28T18:05:00+00:00,27968.5,27974,27957.25,27960.75,539
2026-07-28T18:06:00+00:00,27959.25,27962.5,27947.75,27952.5,526
2026-07-28T18:07:00+00:00,27952.25,27953,27938.5,27946.75,651
2026-07-28T18:08:00+00:00,27947,27952,27939.25,27943,381
2026-07-28T18:09:00+00:00,27941.75,27947.5,27939.5,27944.5,411
2026-07-28T18:10:00+00:00,27945,27949,27935,27939,871
2026-07-28T18:11:00+00:00,27938.75,27944,27924.5,27928.5,800
2026-07-28T18:12:00+00:00,27927.5,27938.25,27924.5,27936.75,782
2026-07-28T18:13:00+00:00,27936.75,27939.5,27916,27929,958
2026-07-28T18:14:00+00:00,27928.5,27929.25,27915,27917,650
2026-07-28T18:15:00+00:00,27917.25,27937.75,27914,27934.25,892
2026-07-28T18:16:00+00:00,27935.25,27937.75,27923.5,27934.75,509
2026-07-28T18:17:00+00:00,27936,27936.5,27912.5,27921.75,653
2026-07-28T18:18:00+00:00,27921,27929.25,27920,27924.5,372
2026-07-28T18:19:00+00:00,27925,27933.75,27916.75,27929.25,527
2026-07-28T18:20:00+00:00,27929.25,27944,27924,27943.75,668
2026-07-28T18:21:00+00:00,27942.75,27946,27929.5,27933.75,573
2026-07-28T18:22:00+00:00,27933,27944,27928,27944,571
2026-07-28T18:23:00+00:00,27944.25,27947.75,27922,27928,602
2026-07-28T18:24:00+00:00,27928.75,27935,27924.5,27925.75,386
2026-07-28T18:25:00+00:00,27926.25,27936,27920.75,27930.25,564
2026-07-28T18:26:00+00:00,27930.5,27935.5,27924.5,27926,354
2026-07-28T18:27:00+00:00,27925.5,27926.5,27917,27921.25,586
2026-07-28T18:28:00+00:00,27921.5,27928.25,27914.75,27918.75,600
2026-07-28T18:29:00+00:00,27921,27926.25,27918,27925.25,298
2026-07-28T18:30:00+00:00,27926.75,27943,27920.5,27932.5,908
2026-07-28T18:31:00+00:00,27932,27936.5,27924.5,27928.25,425
2026-07-28T18:32:00+00:00,27928.5,27936,27925.75,27931,454
2026-07-28T18:33:00+00:00,27932,27955.5,27929.75,27953.5,872
2026-07-28T18:34:00+00:00,27954.25,27963.75,27942.25,27947,842
2026-07-28T18:35:00+00:00,27947.75,27953.75,27938.5,27948.25,537
2026-07-28T18:36:00+00:00,27949.25,27952,27936.25,27943.75,523
2026-07-28T18:37:00+00:00,27944.5,27948.25,27940,27947.25,359
2026-07-28T18:38:00+00:00,27948.5,27957.25,27941.75,27951.25,474
2026-07-28T18:39:00+00:00,27951.75,27951.75,27930.25,27933.5,535
2026-07-28T18:40:00+00:00,27932.75,27937,27922,27930.25,710
2026-07-28T18:41:00+00:00,27930.5,27934.5,27924,27927.75,294
2026-07-28T18:42:00+00:00,27928,27933.25,27921.5,27923.75,396
2026-07-28T18:43:00+00:00,27924.75,27937.75,27921.75,27937,382
2026-07-28T18:44:00+00:00,27936,27945.75,27927,27937.75,454
2026-07-28T18:45:00+00:00,27937.5,27952.5,27929,27952,521
2026-07-28T18:46:00+00:00,27951,27969,27946,27969,657
2026-07-28T18:47:00+00:00,27969,27975,27960.5,27963.25,850
2026-07-28T18:48:00+00:00,27963.25,27967,27951,27953.25,472
2026-07-28T18:49:00+00:00,27952.75,27962.75,27949.75,27955,340
2026-07-28T18:50:00+00:00,27954.75,27969.75,27954.75,27967.75,468
2026-07-28T18:51:00+00:00,27967.25,27978,27962.25,27964.25,792
2026-07-28T18:52:00+00:00,27964,27968.75,27950.5,27952.5,472
2026-07-28T18:53:00+00:00,27952,27957.25,27944.25,27946.25,520
2026-07-28T18:54:00+00:00,27945.5,27956,27944.25,27951.75,390
2026-07-28T18:55:00+00:00,27951.75,27967.25,27938.75,27965.25,609
2026-07-28T18:56:00+00:00,27964.5,27969.75,27959.25,27966.25,641
2026-07-28T18:57:00+00:00,27966.5,27975,27962.75,27968.75,484
2026-07-28T18:58:00+00:00,27969,27979.5,27962.75,27974.5,448
2026-07-28T18:59:00+00:00,27974.75,27978.5,27972.25,27972.75,369
2026-07-28T19:00:00+00:00,27972.25,27999,27972.25,27989.25,1000
2026-07-28T19:01:00+00:00,27989,27998.5,27988,27994.75,575
2026-07-28T19:02:00+00:00,27995.5,28000.75,27988,27998,658
2026-07-28T19:03:00+00:00,27998.25,28014,27995,28008.25,1059
2026-07-28T19:04:00+00:00,28009,28020,28005.25,28015.25,736
2026-07-28T19:05:00+00:00,28015.25,28020.25,28003.75,28018.75,712
2026-07-28T19:06:00+00:00,28018,28021.75,27995.25,27999.25,783
2026-07-28T19:07:00+00:00,27999.25,28010.25,27992.25,27992.75,547
2026-07-28T19:08:00+00:00,27993,27993,27975,27977.75,972
2026-07-28T19:09:00+00:00,27979.25,27991,27977,27978.5,641
2026-07-28T19:10:00+00:00,27978.5,27993.5,27974.75,27980.5,665
2026-07-28T19:11:00+00:00,27980.5,27989.75,27975.5,27987,542
2026-07-28T19:12:00+00:00,27987.25,27987.25,27974.75,27975,418
2026-07-28T19:13:00+00:00,27975.5,27988.25,27972,27986.75,585
2026-07-28T19:14:00+00:00,27987,27989.5,27979.25,27987.25,454
2026-07-28T19:15:00+00:00,27986.5,27995.25,27974.25,27976.75,640
2026-07-28T19:16:00+00:00,27975.5,27982.5,27967.75,27971.5,728
2026-07-28T19:17:00+00:00,27971.75,27980.25,27965.25,27971,584
2026-07-28T19:18:00+00:00,27970,27988,27969.5,27983,531
2026-07-28T19:19:00+00:00,27983,27992.25,27983,27990,426
2026-07-28T19:20:00+00:00,27989,27993.25,27982.75,27991.5,397
2026-07-28T19:21:00+00:00,27992.25,27997.5,27982.75,27983.5,528
2026-07-28T19:22:00+00:00,27984.25,28009.5,27983.5,28008.5,829
2026-07-28T19:23:00+00:00,28008.75,28016.25,28007,28007.25,857
2026-07-28T19:24:00+00:00,28008.25,28018.5,28007.75,28017.5,495
2026-07-28T19:25:00+00:00,28017,28020.75,28005.75,28009,652
2026-07-28T19:26:00+00:00,28008.5,28013.5,27991.5,27995,879
2026-07-28T19:27:00+00:00,27994.75,27997.75,27985,27990.75,679
2026-07-28T19:28:00+00:00,27992,28020,27989,28015.75,774
2026-07-28T19:29:00+00:00,28015.5,28021.25,28010.25,28017.75,564
2026-07-28T19:30:00+00:00,28018,28023.75,28007.25,28012,1436
2026-07-28T19:31:00+00:00,28012.25,28021.75,28007.25,28009,859
2026-07-28T19:32:00+00:00,28009.25,28013,27995.5,28003.5,636
2026-07-28T19:33:00+00:00,28003.75,28008,27994.75,27999.75,690
2026-07-28T19:34:00+00:00,27999.25,28009.75,27998.25,28000.5,414
2026-07-28T19:35:00+00:00,28000,28001.25,27969.75,27971.75,1011
2026-07-28T19:36:00+00:00,27972.5,27972.75,27957.75,27959.25,923
2026-07-28T19:37:00+00:00,27959.75,27960.5,27943.75,27950,758
2026-07-28T19:38:00+00:00,27949.75,27955.75,27945.25,27955.25,894
2026-07-28T19:39:00+00:00,27955.5,27958,27941.5,27948,652
2026-07-28T19:40:00+00:00,27947,27956,27944,27948.75,746
2026-07-28T19:41:00+00:00,27949.25,27955,27944.25,27953.5,744
2026-07-28T19:42:00+00:00,27954,27962,27941.75,27948.75,958
2026-07-28T19:43:00+00:00,27949.25,27958.5,27947.5,27952.25,533
2026-07-28T19:44:00+00:00,27952.5,27954.25,27943.5,27954.25,665
2026-07-28T19:45:00+00:00,27954.25,27956.5,27938.25,27940,831
2026-07-28T19:46:00+00:00,27940.5,27940.5,27929,27938.75,613
2026-07-28T19:47:00+00:00,27938.25,27953.5,27938.25,27944.5,776
2026-07-28T19:48:00+00:00,27944.5,27950.5,27940,27942.75,536
2026-07-28T19:49:00+00:00,27942.25,27954.5,27937.25,27954.25,636
2026-07-28T19:50:00+00:00,27953.75,27959,27935.75,27939.5,1535
2026-07-28T19:51:00+00:00,27940,27945.5,27936,27939.5,748
2026-07-28T19:52:00+00:00,27939.75,27948,27934.75,27947.25,634
2026-07-28T19:53:00+00:00,27946.75,27958.75,27944.5,27958.25,960
2026-07-28T19:54:00+00:00,27958.25,27988.25,27957.75,27982.25,2010
2026-07-28T19:55:00+00:00,27982,27982.25,27931.75,27949,2449
2026-07-28T19:56:00+00:00,27949.25,27958.75,27939.5,27944,1442
2026-07-28T19:57:00+00:00,27943.75,27945,27932.5,27937.75,1024
2026-07-28T19:58:00+00:00,27937.75,27943,27933.75,27937.75,1802
2026-07-28T19:59:00+00:00,27938,27941.25,27911,27918.5,7013
2026-07-28T20:00:00+00:00,27919.5,27955,27918.25,27952.5,2877
2026-07-28T20:01:00+00:00,27953,27953.25,27931.25,27933,785
2026-07-28T20:02:00+00:00,27932.25,27935,27914,27915.25,892
2026-07-28T20:03:00+00:00,27915,27921,27912.5,27919.5,963
2026-07-28T20:04:00+00:00,27919.5,27929.25,27916.75,27916.75,386
2026-07-28T20:05:00+00:00,27916.25,27967.75,27916.25,27927,1552
2026-07-28T20:06:00+00:00,27926,27926.75,27884.25,27923,1276
2026-07-28T20:07:00+00:00,27921,27929.5,27894.75,27899,453
2026-07-28T20:08:00+00:00,27900.5,27925.75,27899,27919.25,591
2026-07-28T20:09:00+00:00,27918.75,27922.25,27895.75,27906.25,469
2026-07-28T20:10:00+00:00,27905.25,27907.75,27898.5,27902.25,351
2026-07-28T20:11:00+00:00,27903.5,27918.5,27903.5,27912,485
2026-07-28T20:12:00+00:00,27912.5,27926.5,27912,27922.25,357
2026-07-28T20:13:00+00:00,27922.25,27937.25,27922.25,27931.75,418
2026-07-28T20:14:00+00:00,27932.75,27933,27916.25,27918.5,432
2026-07-29T13:30:00+00:00,27914.5,27950,27862,27871,4815
2026-07-29T13:31:00+00:00,27870,27892.5,27836.5,27849.75,2843
2026-07-29T13:32:00+00:00,27850.5,27907.75,27837.5,27904,2847
2026-07-29T13:33:00+00:00,27903.25,27961.5,27891.25,27960.25,3283
2026-07-29T13:34:00+00:00,27961.25,27983.75,27955.5,27957.25,2678
2026-07-29T13:35:00+00:00,27956.75,27996,27952,27978.5,2201
2026-07-29T13:36:00+00:00,27977.25,27980.25,27924.5,27933.75,2716
2026-07-29T13:37:00+00:00,27932.75,27938,27880.25,27907,2154
2026-07-29T13:38:00+00:00,27906.75,27938.75,27872,27875.5,2003
2026-07-29T13:39:00+00:00,27877.5,27898.5,27863,27886.75,1919
2026-07-29T13:40:00+00:00,27887,27907.75,27858,27894,2140
2026-07-29T13:41:00+00:00,27892.5,27906.25,27872,27897,1575
2026-07-29T13:42:00+00:00,27897.75,27905,27874.25,27884.75,1351
2026-07-29T13:43:00+00:00,27885.25,27899,27865.5,27874.5,1371
2026-07-29T13:44:00+00:00,27876,27919.25,27875.5,27916.5,1521
2026-07-29T13:45:00+00:00,27916.25,27948,27894.5,27913.5,2385
2026-07-29T13:46:00+00:00,27911.75,27925,27863.75,27869.75,1590
2026-07-29T13:47:00+00:00,27869.25,27878.25,27816.75,27840.25,2658
2026-07-29T13:48:00+00:00,27840.25,27862.25,27829,27836,1375
2026-07-29T13:49:00+00:00,27836.75,27857,27816,27850.5,1527
2026-07-29T13:50:00+00:00,27849.75,27855.75,27792,27796.75,2106
2026-07-29T13:51:00+00:00,27796.25,27796.25,27758,27760.5,2213
2026-07-29T13:52:00+00:00,27760,27764,27723,27735,2401
2026-07-29T13:53:00+00:00,27736.75,27773.75,27721.75,27771.5,2083
2026-07-29T13:54:00+00:00,27772,27780.25,27739.25,27753.5,2057
2026-07-29T13:55:00+00:00,27752.75,27752.75,27698.5,27713.75,2335
2026-07-29T13:56:00+00:00,27714.25,27715.5,27683.25,27688.25,1808
2026-07-29T13:57:00+00:00,27689,27705,27667.75,27701.5,2332
2026-07-29T13:58:00+00:00,27703,27732.75,27701.75,27730,1982
2026-07-29T13:59:00+00:00,27730.25,27748.5,27707.25,27733.75,2217
2026-07-29T14:00:00+00:00,27735.25,27770,27733.5,27752.75,3330
2026-07-29T14:01:00+00:00,27752.75,27774,27738.5,27747.75,2489
2026-07-29T14:02:00+00:00,27749.5,27790,27747,27775.25,2322
2026-07-29T14:03:00+00:00,27774.5,27789.25,27759.25,27759.5,2029
2026-07-29T14:04:00+00:00,27758.5,27790,27751,27786.75,1705
2026-07-29T14:05:00+00:00,27787.75,27826.5,27787.75,27793.25,2284
2026-07-29T14:06:00+00:00,27793.25,27806.25,27753.5,27758.25,2313
2026-07-29T14:07:00+00:00,27757,27758.5,27717.25,27752.75,2208
2026-07-29T14:08:00+00:00,27751.75,27758.5,27722.75,27742.25,1317
2026-07-29T14:09:00+00:00,27743,27754.75,27721.5,27726.5,1591
2026-07-29T14:10:00+00:00,27726.5,27728.25,27700.25,27720.25,1931
2026-07-29T14:11:00+00:00,27721.75,27745,27713,27732.75,1516
2026-07-29T14:12:00+00:00,27731.5,27747.5,27661.75,27667.75,2778
2026-07-29T14:13:00+00:00,27667.25,27668,27640,27659,2592
2026-07-29T14:14:00+00:00,27658.75,27662.75,27635.75,27648,1846
2026-07-29T14:15:00+00:00,27648.75,27680.75,27645,27664,2263
2026-07-29T14:16:00+00:00,27664,27682.25,27648,27670.5,1841
2026-07-29T14:17:00+00:00,27670.5,27678.75,27643.5,27653.75,1611
2026-07-29T14:18:00+00:00,27654.75,27690,27651.75,27674,1969
2026-07-29T14:19:00+00:00,27674,27684.25,27655,27663.25,1633
2026-07-29T14:20:00+00:00,27663.5,27685.75,27649.75,27673.5,1462
2026-07-29T14:21:00+00:00,27674.5,27693.5,27663.75,27687,1488
2026-07-29T14:22:00+00:00,27686.75,27695.75,27675.75,27688.25,1320
2026-07-29T14:23:00+00:00,27685.5,27690.5,27654.25,27656.25,1038
2026-07-29T14:24:00+00:00,27656.75,27658.5,27605.5,27620,2655
2026-07-29T14:25:00+00:00,27620,27623,27574,27575.5,2749
2026-07-29T14:26:00+00:00,27574.5,27576,27538.75,27556.75,2887
2026-07-29T14:27:00+00:00,27556.75,27564,27539.5,27559.25,1591
2026-07-29T14:28:00+00:00,27559,27578.25,27555,27574,2065
2026-07-29T14:29:00+00:00,27574.75,27590.75,27565.75,27573.25,1712
2026-07-29T14:30:00+00:00,27571,27604.75,27567,27601.25,1824
2026-07-29T14:31:00+00:00,27599.75,27613.5,27588.5,27606.25,1585
2026-07-29T14:32:00+00:00,27605.75,27638.25,27602.75,27634.75,1835
2026-07-29T14:33:00+00:00,27633.75,27652.25,27625,27628,1652
2026-07-29T14:34:00+00:00,27627.75,27636.25,27601.25,27622.25,1935
2026-07-29T14:35:00+00:00,27621,27623,27594,27616.25,1721
2026-07-29T14:36:00+00:00,27618,27624.5,27597.5,27608.75,1410
2026-07-29T14:37:00+00:00,27608.25,27610,27587.25,27595.5,1064
2026-07-29T14:38:00+00:00,27595.25,27607,27575,27603.25,1488
2026-07-29T14:39:00+00:00,27602.75,27604,27554.5,27564,1577
2026-07-29T14:40:00+00:00,27562.75,27565.75,27521.75,27542,2351
2026-07-29T14:41:00+00:00,27542.25,27572.25,27534.5,27545,1942
2026-07-29T14:42:00+00:00,27543.75,27544.75,27516.25,27518,1466
2026-07-29T14:43:00+00:00,27518.25,27540.25,27515.75,27527,1715
2026-07-29T14:44:00+00:00,27526.75,27541.75,27510,27537.75,1527
2026-07-29T14:45:00+00:00,27537,27550.5,27522.5,27539.75,1512
2026-07-29T14:46:00+00:00,27539.25,27556,27518.25,27551.25,1405
2026-07-29T14:47:00+00:00,27551.5,27575.25,27543,27543.75,1619
2026-07-29T14:48:00+00:00,27544,27545.75,27520.75,27535.75,1236
2026-07-29T14:49:00+00:00,27536.5,27571.5,27530,27565.75,1648
2026-07-29T14:50:00+00:00,27566,27586,27557.25,27579.25,1736
2026-07-29T14:51:00+00:00,27578.25,27590.75,27558.5,27570.25,1491
2026-07-29T14:52:00+00:00,27570,27615.75,27570,27599.25,1639
2026-07-29T14:53:00+00:00,27597.5,27611.25,27589.75,27602.5,1394
2026-07-29T14:54:00+00:00,27601.75,27605.5,27575.75,27599.25,1391
2026-07-29T14:55:00+00:00,27599,27606.75,27567.25,27567.5,1120
2026-07-29T14:56:00+00:00,27566.75,27573.25,27554.25,27570.5,1421
2026-07-29T14:57:00+00:00,27571.25,27583,27551.25,27561.25,1327
2026-07-29T14:58:00+00:00,27561.5,27590,27557.25,27589.25,1177
2026-07-29T14:59:00+00:00,27588.5,27614.75,27588.25,27600,1541
2026-07-29T15:00:00+00:00,27600.5,27626.75,27581,27594.75,2173
2026-07-29T15:01:00+00:00,27595.5,27618.75,27585.25,27618,1253
2026-07-29T15:02:00+00:00,27617.75,27642,27612.25,27631,1835
2026-07-29T15:03:00+00:00,27631.25,27647.25,27623.25,27632.5,1268
2026-07-29T15:04:00+00:00,27632,27639.5,27619.25,27638.25,1885
2026-07-29T15:05:00+00:00,27638.25,27641,27590.5,27615.5,2201
2026-07-29T15:06:00+00:00,27614,27634.75,27606.75,27609.25,1448
2026-07-29T15:07:00+00:00,27608.5,27637.5,27605,27636.5,1306
2026-07-29T15:08:00+00:00,27636.75,27657.5,27621.75,27621.75,2033
2026-07-29T15:09:00+00:00,27623,27645.5,27615.75,27644.25,1127
2026-07-29T15:10:00+00:00,27644.25,27650.25,27611.25,27612.25,1216
2026-07-29T15:11:00+00:00,27611.75,27613,27565.75,27585,1882
2026-07-29T15:12:00+00:00,27583.75,27602,27578.25,27590.25,1338
2026-07-29T15:13:00+00:00,27589.75,27605.25,27579.25,27583.75,1120
2026-07-29T15:14:00+00:00,27584.25,27597.5,27566,27577.75,1054
2026-07-29T15:15:00+00:00,27577.5,27595,27564,27594.25,1179
2026-07-29T15:16:00+00:00,27593.25,27619.75,27584.5,27611.25,1402
2026-07-29T15:17:00+00:00,27611,27620,27583.75,27602.25,1035
2026-07-29T15:18:00+00:00,27603,27625,27603,27608.25,1014
2026-07-29T15:19:00+00:00,27609,27616.75,27558,27562.25,1604
2026-07-29T15:20:00+00:00,27563.5,27573,27547,27570,1500
2026-07-29T15:21:00+00:00,27569.75,27576.75,27554.5,27575,1006
2026-07-29T15:22:00+00:00,27575.5,27580.5,27554.75,27578.5,1032
2026-07-29T15:23:00+00:00,27579,27599,27574.25,27596.25,984
2026-07-29T15:24:00+00:00,27596.5,27605,27582.5,27602.75,998
2026-07-29T15:25:00+00:00,27601.5,27607,27578,27597,960
2026-07-29T15:26:00+00:00,27597,27617.5,27564,27577.25,1187
2026-07-29T15:27:00+00:00,27577.5,27588,27562.25,27565,811
2026-07-29T15:28:00+00:00,27565.25,27578,27558.5,27571.5,842
2026-07-29T15:29:00+00:00,27571,27575.5,27550.25,27555.75,932
2026-07-29T15:30:00+00:00,27556.25,27565,27540,27559.5,1512
2026-07-29T15:31:00+00:00,27559,27567.75,27543.75,27565.25,669
2026-07-29T15:32:00+00:00,27564.5,27576.75,27557.25,27565.75,791
2026-07-29T15:33:00+00:00,27566.25,27584.25,27553.75,27572.75,917
2026-07-29T15:34:00+00:00,27573,27584.5,27544.75,27559.5,907
2026-07-29T15:35:00+00:00,27559,27583.75,27550,27580,1004
2026-07-29T15:36:00+00:00,27581,27586.75,27566,27585.75,851
2026-07-29T15:37:00+00:00,27586.25,27596.75,27567,27576.25,947
2026-07-29T15:38:00+00:00,27576,27587.75,27554.25,27558.75,844
2026-07-29T15:39:00+00:00,27558.5,27559.75,27534,27535.25,705
2026-07-29T15:40:00+00:00,27534.5,27546.25,27528.25,27535.75,801
2026-07-29T15:41:00+00:00,27536.75,27556.5,27535.75,27548.25,787
2026-07-29T15:42:00+00:00,27548.75,27558.25,27530,27531.25,669
2026-07-29T15:43:00+00:00,27530.75,27536.5,27518,27518.75,933
2026-07-29T15:44:00+00:00,27519,27538.75,27519,27535.25,722
2026-07-29T15:45:00+00:00,27533.75,27542.5,27519,27528.75,759
2026-07-29T15:46:00+00:00,27529,27548.75,27528.5,27540.75,801
2026-07-29T15:47:00+00:00,27540,27552.25,27532.25,27549.75,679
2026-07-29T15:48:00+00:00,27549.5,27565.75,27545.25,27547.5,845
2026-07-29T15:49:00+00:00,27547.25,27561.25,27538.25,27558.5,704
2026-07-29T15:50:00+00:00,27557.75,27566.5,27541.75,27556,731
2026-07-29T15:51:00+00:00,27555.75,27562.25,27548.75,27554.5,569
2026-07-29T15:52:00+00:00,27554.25,27561,27540.25,27560.5,982
2026-07-29T15:53:00+00:00,27559,27562,27522.5,27531,750
2026-07-29T15:54:00+00:00,27531,27532.25,27487.5,27492.25,2352
2026-07-29T15:55:00+00:00,27493.5,27495,27471,27477,1656
2026-07-29T15:56:00+00:00,27475.5,27486.25,27464.5,27484.75,1178
2026-07-29T15:57:00+00:00,27484.25,27493.75,27479.5,27487.25,892
2026-07-29T15:58:00+00:00,27486.5,27494.5,27476.25,27492.5,892
2026-07-29T15:59:00+00:00,27493,27521.5,27492,27517,1267
2026-07-29T16:00:00+00:00,27518.25,27542,27493,27494.5,1822
2026-07-29T16:01:00+00:00,27495.25,27501.5,27475.75,27487,1257
2026-07-29T16:02:00+00:00,27486.75,27490,27474.25,27484,906
2026-07-29T16:03:00+00:00,27483.75,27486.25,27472.5,27475.75,670
2026-07-29T16:04:00+00:00,27476.25,27477.25,27454.75,27459.25,1490
2026-07-29T16:05:00+00:00,27459.5,27461.5,27426,27440.5,1992
2026-07-29T16:06:00+00:00,27440.25,27453.75,27433.75,27446.75,1150
2026-07-29T16:07:00+00:00,27446,27456,27438.75,27455,806
2026-07-29T16:08:00+00:00,27455,27463,27447,27458,933
2026-07-29T16:09:00+00:00,27457.75,27463.75,27443.25,27462,1038
2026-07-29T16:10:00+00:00,27461.75,27465.25,27453,27459.5,553
2026-07-29T16:11:00+00:00,27458.5,27466.75,27443.75,27448.5,606
2026-07-29T16:12:00+00:00,27447.75,27458.75,27444.5,27444.75,518
2026-07-29T16:13:00+00:00,27445.25,27454,27437.75,27440,622
2026-07-29T16:14:00+00:00,27441.25,27446.25,27419.5,27419.75,931
2026-07-29T16:15:00+00:00,27420.25,27437,27409.25,27429.75,1517
2026-07-29T16:16:00+00:00,27430.5,27432.5,27416.25,27424.75,709
2026-07-29T16:17:00+00:00,27424.5,27441.25,27414.75,27435.25,902
2026-07-29T16:18:00+00:00,27435.75,27449,27429.75,27446.75,740
2026-07-29T16:19:00+00:00,27446.5,27451.5,27441.5,27446.25,770
2026-07-29T16:20:00+00:00,27446.25,27464.5,27437.25,27463,882
2026-07-29T16:21:00+00:00,27463.25,27475.25,27460.25,27462.75,1258
2026-07-29T16:22:00+00:00,27463.25,27492.75,27462.75,27490.25,1088
2026-07-29T16:23:00+00:00,27490.75,27528,27487.75,27511.75,1637
2026-07-29T16:24:00+00:00,27511.75,27523.75,27503.75,27515.5,814
2026-07-29T16:25:00+00:00,27516.25,27536.25,27513.5,27524.25,899
2026-07-29T16:26:00+00:00,27524.5,27541.25,27517.5,27539,955
2026-07-29T16:27:00+00:00,27540.5,27542.25,27528.75,27536,1021
2026-07-29T16:28:00+00:00,27535.25,27554.25,27527.5,27548,989
2026-07-29T16:29:00+00:00,27548.25,27556.5,27545.25,27551,753
2026-07-29T16:30:00+00:00,27551.25,27586,27547.25,27571.5,1678
2026-07-29T16:31:00+00:00,27571.75,27578.75,27552.5,27565,973
2026-07-29T16:32:00+00:00,27566.25,27567,27537.5,27544.25,985
2026-07-29T16:33:00+00:00,27544.5,27556.25,27541.5,27548.75,756
2026-07-29T16:34:00+00:00,27548.25,27560,27525,27525.75,1206
2026-07-29T16:35:00+00:00,27525.25,27527.25,27500.75,27514,1546
2026-07-29T16:36:00+00:00,27513.5,27519.25,27495.5,27499.75,925
2026-07-29T16:37:00+00:00,27500.25,27522.25,27498.75,27519,906
2026-07-29T16:38:00+00:00,27519,27524.25,27510.75,27514.75,678
2026-07-29T16:39:00+00:00,27515.75,27533,27511.5,27527.75,786
2026-07-29T16:40:00+00:00,27527.25,27537.25,27511,27535.5,658
2026-07-29T16:41:00+00:00,27534.25,27539.25,27519.5,27521.5,643
2026-07-29T16:42:00+00:00,27521.25,27522.25,27489.5,27498.5,1025
2026-07-29T16:43:00+00:00,27498.25,27504.25,27488,27489.75,731
2026-07-29T16:44:00+00:00,27488.75,27506,27485.25,27504,647
2026-07-29T16:45:00+00:00,27502.5,27507,27489.5,27495.75,721
2026-07-29T16:46:00+00:00,27493.75,27503.75,27491.25,27500.75,637
2026-07-29T16:47:00+00:00,27500.5,27531.25,27499.5,27527.25,884
2026-07-29T16:48:00+00:00,27529,27536.75,27521.5,27526,894
2026-07-29T16:49:00+00:00,27525.25,27554.5,27523.75,27553,950
2026-07-29T16:50:00+00:00,27552,27564,27536.75,27550,945
2026-07-29T16:51:00+00:00,27549,27558.25,27542.75,27547.5,763
2026-07-29T16:52:00+00:00,27547.25,27570.5,27533.5,27568.5,869
2026-07-29T16:53:00+00:00,27567.25,27575.5,27562.25,27570.75,843
2026-07-29T16:54:00+00:00,27570.5,27571.25,27552.25,27563,639
2026-07-29T16:55:00+00:00,27561.5,27579.25,27556,27566.75,862
2026-07-29T16:56:00+00:00,27566.75,27579.5,27558.5,27578.75,576
2026-07-29T16:57:00+00:00,27579,27593,27573.5,27586.5,835
2026-07-29T16:58:00+00:00,27586.75,27588.25,27572.25,27584.25,782
2026-07-29T16:59:00+00:00,27583.5,27603.5,27583.5,27603.25,1287
2026-07-29T17:00:00+00:00,27603.75,27614.5,27595.25,27611,1222
2026-07-29T17:01:00+00:00,27610,27624,27606.75,27613.5,818
2026-07-29T17:02:00+00:00,27612.75,27621,27605.75,27616.5,800
2026-07-29T17:03:00+00:00,27615,27647.75,27610.75,27642.75,1330
2026-07-29T17:04:00+00:00,27643.5,27665,27638,27661,1262
2026-07-29T17:05:00+00:00,27659.75,27662,27634.25,27642.25,1097
2026-07-29T17:06:00+00:00,27642.5,27661,27636,27654.75,881
2026-07-29T17:07:00+00:00,27655.25,27658,27637.75,27642.25,848
2026-07-29T17:08:00+00:00,27643,27658,27635.75,27650,745
2026-07-29T17:09:00+00:00,27649,27657.5,27643,27652.75,683
2026-07-29T17:10:00+00:00,27652.25,27686.75,27648.25,27682,1355
2026-07-29T17:11:00+00:00,27681.5,27691.25,27678.25,27686.25,756
2026-07-29T17:12:00+00:00,27686,27698.5,27673,27696.75,894
2026-07-29T17:13:00+00:00,27696.5,27722.5,27696.5,27712.5,1417
2026-07-29T17:14:00+00:00,27712.25,27737.25,27707.5,27736.5,1403
2026-07-29T17:15:00+00:00,27736.5,27739.75,27719.25,27723,1320
2026-07-29T17:16:00+00:00,27723.5,27729,27712.75,27715.75,924
2026-07-29T17:17:00+00:00,27715.5,27732.5,27709,27722,731
2026-07-29T17:18:00+00:00,27721.5,27733,27711.25,27717.5,1096
2026-07-29T17:19:00+00:00,27717,27722.5,27711,27715.5,628
2026-07-29T17:20:00+00:00,27714.25,27734.5,27713.25,27726.75,1577
2026-07-29T17:21:00+00:00,27727.5,27748,27717.75,27746.25,750
2026-07-29T17:22:00+00:00,27745.75,27750,27723,27724.25,749
2026-07-29T17:23:00+00:00,27725.75,27736.25,27716,27728,876
2026-07-29T17:24:00+00:00,27727.75,27727.75,27691.75,27694.25,1046
2026-07-29T17:25:00+00:00,27693.75,27698.75,27678.75,27685,1156
2026-07-29T17:26:00+00:00,27684.75,27700.75,27680,27697.75,921
2026-07-29T17:27:00+00:00,27697.75,27702.5,27678.5,27680,477
2026-07-29T17:28:00+00:00,27679.5,27688.25,27672,27680.25,648
2026-07-29T17:29:00+00:00,27681.75,27682,27650.75,27650.75,860
2026-07-29T17:30:00+00:00,27650.75,27657.5,27634.25,27636,1115
2026-07-29T17:31:00+00:00,27634.5,27659,27629.5,27658,984
2026-07-29T17:32:00+00:00,27658.25,27676.5,27656.75,27674.25,930
2026-07-29T17:33:00+00:00,27674.25,27693,27672.75,27693,752
2026-07-29T17:34:00+00:00,27692.25,27695,27665,27673.5,713
2026-07-29T17:35:00+00:00,27673.75,27679.75,27651,27656.75,651
2026-07-29T17:36:00+00:00,27656,27661.75,27644.5,27644.75,523
2026-07-29T17:37:00+00:00,27644.5,27663,27638.5,27652,541
2026-07-29T17:38:00+00:00,27652.75,27664.5,27647,27650.25,369
2026-07-29T17:39:00+00:00,27650,27662.25,27648.25,27658.75,461
2026-07-29T17:40:00+00:00,27658.25,27666.75,27654,27662,881
2026-07-29T17:41:00+00:00,27662,27676.25,27660.5,27673.25,770
2026-07-29T17:42:00+00:00,27673.25,27687,27660,27662,1071
2026-07-29T17:43:00+00:00,27661.75,27689.75,27651.25,27686.75,545
2026-07-29T17:44:00+00:00,27687.75,27690.5,27674.75,27681,319
2026-07-29T17:45:00+00:00,27681.25,27686.25,27662.75,27664.75,310
2026-07-29T17:46:00+00:00,27664.25,27673.25,27656,27667.75,404
2026-07-29T17:47:00+00:00,27668,27675.25,27665,27674.75,258
2026-07-29T17:48:00+00:00,27675.25,27690.75,27671.5,27690,550
2026-07-29T17:49:00+00:00,27689.25,27698,27683.25,27695,667
2026-07-29T17:50:00+00:00,27696,27707.75,27694.5,27706.75,757
2026-07-29T17:51:00+00:00,27706,27718.75,27704,27717.5,497
2026-07-29T17:52:00+00:00,27717.25,27727.75,27706.75,27713,654
2026-07-29T17:53:00+00:00,27711.75,27723,27709.5,27720.75,480
2026-07-29T17:54:00+00:00,27720.75,27721.25,27707,27711.5,478
2026-07-29T17:55:00+00:00,27711.25,27717.25,27690.75,27699.25,845
2026-07-29T17:56:00+00:00,27700.25,27700.5,27686.75,27692.75,588
2026-07-29T17:57:00+00:00,27693,27693.25,27685.75,27689.5,580
2026-07-29T17:58:00+00:00,27689.25,27699,27677.75,27693.25,626
2026-07-29T17:59:00+00:00,27692.75,27726.75,27689.75,27721.75,781
2026-07-29T18:00:00+00:00,27723,27857,27714.75,27853,5213
2026-07-29T18:01:00+00:00,27847,27877.5,27810,27869.5,3004
2026-07-29T18:02:00+00:00,27867.5,27888.5,27840,27844.25,2936
2026-07-29T18:03:00+00:00,27843,27865.25,27820,27829.75,1779
2026-07-29T18:04:00+00:00,27832.25,27832.25,27778.75,27802,1860
2026-07-29T18:05:00+00:00,27801.25,27843,27789,27842.75,2490
2026-07-29T18:06:00+00:00,27841.5,27886.25,27840,27871,2289
2026-07-29T18:07:00+00:00,27873,27885,27859.25,27861.5,2100
2026-07-29T18:08:00+00:00,27862.75,27869,27835,27851.75,1546
2026-07-29T18:09:00+00:00,27851.25,27858,27824.5,27855.25,1371
2026-07-29T18:10:00+00:00,27853.5,27872.25,27831.25,27843,1368
2026-07-29T18:11:00+00:00,27842.5,27863.25,27822.25,27851.75,1748
2026-07-29T18:12:00+00:00,27852.25,27860.5,27824.25,27830.5,1470
2026-07-29T18:13:00+00:00,27829.5,27839.25,27798.75,27814.25,1201
2026-07-29T18:14:00+00:00,27813,27820,27775,27798.5,1429
2026-07-29T18:15:00+00:00,27800,27843.5,27799.5,27816.75,1772
2026-07-29T18:16:00+00:00,27816.5,27839,27804.75,27813.75,1152
2026-07-29T18:17:00+00:00,27812.25,27820.75,27772,27793.5,1367
2026-07-29T18:18:00+00:00,27793,27796.25,27763.75,27770.5,977
2026-07-29T18:19:00+00:00,27771.5,27774.5,27748.75,27764.5,1463
2026-07-29T18:20:00+00:00,27764.5,27775,27739,27753.5,1314
2026-07-29T18:21:00+00:00,27752.75,27767.75,27733.5,27746,1218
2026-07-29T18:22:00+00:00,27746,27752.25,27730.25,27750.25,1223
2026-07-29T18:23:00+00:00,27749.75,27766.5,27728.5,27733.75,1319
2026-07-29T18:24:00+00:00,27733.5,27765.25,27732.75,27749,903
2026-07-29T18:25:00+00:00,27747.75,27757.5,27727.5,27744.5,978
2026-07-29T18:26:00+00:00,27746,27766,27735.5,27746,845
2026-07-29T18:27:00+00:00,27747,27750.25,27730.5,27742.25,636
2026-07-29T18:28:00+00:00,27741,27760.25,27735.5,27750.25,913
2026-07-29T18:29:00+00:00,27750.5,27777.25,27744.5,27776.5,917
2026-07-29T18:30:00+00:00,27777,27805,27776.5,27803,1180
2026-07-29T18:31:00+00:00,27802.5,27820,27751.25,27756.75,2261
2026-07-29T18:32:00+00:00,27759.5,27766.5,27709,27752.25,2464
2026-07-29T18:33:00+00:00,27753.5,27783.5,27723.75,27762.25,1451
2026-07-29T18:34:00+00:00,27762.25,27770.25,27737.25,27756,659
2026-07-29T18:35:00+00:00,27755.75,27764.5,27726,27748.75,1046
2026-07-29T18:36:00+00:00,27747,27793,27731,27792.25,1239
2026-07-29T18:37:00+00:00,27790.75,27827.75,27779,27816.5,1804
2026-07-29T18:38:00+00:00,27815.75,27883.5,27815.75,27862,2272
2026-07-29T18:39:00+00:00,27862.5,27888.5,27838,27867.75,1597
2026-07-29T18:40:00+00:00,27868.75,27917,27865,27907.75,2710
2026-07-29T18:41:00+00:00,27908.75,27953,27906,27929.25,2334
2026-07-29T18:42:00+00:00,27930,27942.5,27898.5,27927.5,1921
2026-07-29T18:43:00+00:00,27929,27956.75,27914.75,27954.5,1850
2026-07-29T18:44:00+00:00,27951.5,27987.5,27943.5,27975.5,1784
2026-07-29T18:45:00+00:00,27974.5,27994.5,27961.25,27978.25,2071
2026-07-29T18:46:00+00:00,27978.5,28010,27970.75,27996.25,2252
2026-07-29T18:47:00+00:00,27995.75,28050.5,27987.75,28025.75,2030
2026-07-29T18:48:00+00:00,28025.5,28035.75,27993.75,28004.75,1884
2026-07-29T18:49:00+00:00,28006,28053.25,28002.5,28044,1268
2026-07-29T18:50:00+00:00,28044.25,28052.5,28014.75,28042.5,1443
2026-07-29T18:51:00+00:00,28043.5,28044.75,28000.5,28038.5,1398
2026-07-29T18:52:00+00:00,28038,28054.75,28032.5,28047,1279
2026-07-29T18:53:00+00:00,28046.5,28078.5,28046.25,28066.25,1617
2026-07-29T18:54:00+00:00,28066.5,28087.5,28063,28086,1073
2026-07-29T18:55:00+00:00,28086,28096.75,28067.25,28080,1825
2026-07-29T18:56:00+00:00,28078.75,28082.25,28045.5,28047.75,1699
2026-07-29T18:57:00+00:00,28047,28053.75,28021,28052.5,1642
2026-07-29T18:58:00+00:00,28051.75,28074,28046.75,28056.5,1110
2026-07-29T18:59:00+00:00,28056.25,28061.5,28032.25,28056.75,1519
2026-07-29T19:00:00+00:00,28057.5,28067.75,28026.5,28036.75,2000
2026-07-29T19:01:00+00:00,28035.25,28091.75,28023.25,28090.25,1694
2026-07-29T19:02:00+00:00,28089.5,28099.5,28057.75,28063.75,1924
2026-07-29T19:03:00+00:00,28063.75,28064.25,28011,28026,1586
2026-07-29T19:04:00+00:00,28025.75,28027.5,27967,27993.75,2246
2026-07-29T19:05:00+00:00,27992.5,27999.25,27948.5,27956.5,1807
2026-07-29T19:06:00+00:00,27955,27976.5,27949.75,27959.75,1627
2026-07-29T19:07:00+00:00,27960.25,27962.5,27917.5,27920.5,1860
2026-07-29T19:08:00+00:00,27919.75,27940.75,27890,27905.5,2171
2026-07-29T19:09:00+00:00,27905.25,27914.75,27877,27879,1770
2026-07-29T19:10:00+00:00,27878,27888.75,27839.5,27862.75,2498
2026-07-29T19:11:00+00:00,27861.75,27915.25,27858.75,27912.75,2314
2026-07-29T19:12:00+00:00,27912.5,27928,27872.75,27907.75,2097
2026-07-29T19:13:00+00:00,27906.25,27928.5,27899,27908.5,1310
2026-07-29T19:14:00+00:00,27908,27926.5,27896.25,27905,1153
2026-07-29T19:15:00+00:00,27905,27936,27885.5,27931.25,1559
2026-07-29T19:16:00+00:00,27929.25,27938,27875.5,27889.75,1634
2026-07-29T19:17:00+00:00,27889.75,27897.25,27843.25,27846.25,1540
2026-07-29T19:18:00+00:00,27847.5,27847.75,27805.75,27825.75,2004
2026-07-29T19:19:00+00:00,27826.75,27833.25,27807.5,27821.75,1539
2026-07-29T19:20:00+00:00,27821.5,27828.25,27770.75,27771.5,1960
2026-07-29T19:21:00+00:00,27771.5,27775.25,27721.25,27737.25,3414
2026-07-29T19:22:00+00:00,27736.75,27745.75,27680,27717,2537
2026-07-29T19:23:00+00:00,27717.5,27730,27701.75,27718.75,1785
2026-07-29T19:24:00+00:00,27719.75,27745,27703.75,27712.25,1700
2026-07-29T19:25:00+00:00,27710.5,27724.25,27674.5,27678.25,2245
2026-07-29T19:26:00+00:00,27679.25,27682,27640.75,27669.75,2103
2026-07-29T19:27:00+00:00,27670.75,27690,27644.5,27675.75,1944
2026-07-29T19:28:00+00:00,27677,27702,27669.75,27694.5,1814
2026-07-29T19:29:00+00:00,27693.5,27714.5,27684.25,27712.25,1743
2026-07-29T19:30:00+00:00,27711.25,27738.25,27696.25,27727.25,2075
2026-07-29T19:31:00+00:00,27726.75,27744,27696.75,27716.25,1800
2026-07-29T19:32:00+00:00,27716.5,27724.75,27664,27682.75,1646
2026-07-29T19:33:00+00:00,27682.25,27685.25,27593.25,27600.75,2344
2026-07-29T19:34:00+00:00,27600.75,27611.25,27572,27610.25,2135
2026-07-29T19:35:00+00:00,27610.5,27621.25,27580.25,27601.25,1826
2026-07-29T19:36:00+00:00,27601.25,27627.25,27584.75,27622.75,2050
2026-07-29T19:37:00+00:00,27623.25,27630.75,27577.5,27582.75,1684
2026-07-29T19:38:00+00:00,27583.5,27584.75,27525.75,27527.75,2320
2026-07-29T19:39:00+00:00,27526.75,27529,27503.5,27509.25,2102
2026-07-29T19:40:00+00:00,27507.75,27519.75,27472,27518.25,3199
2026-07-29T19:41:00+00:00,27519,27542,27497.25,27513,2306
2026-07-29T19:42:00+00:00,27513.75,27527,27503,27510,1894
2026-07-29T19:43:00+00:00,27510.25,27515,27468,27500.75,2206
2026-07-29T19:44:00+00:00,27501,27502.75,27458.75,27473.5,1691
2026-07-29T19:45:00+00:00,27473.25,27488.5,27454.25,27456,2609
2026-07-29T19:46:00+00:00,27455.75,27484.75,27442.5,27449,2527
2026-07-29T19:47:00+00:00,27449.25,27457.5,27421,27447.5,2014
2026-07-29T19:48:00+00:00,27446.75,27484,27444,27472.5,2083
2026-07-29T19:49:00+00:00,27472.5,27512.25,27457,27500.75,2001
2026-07-29T19:50:00+00:00,27499.75,27500.5,27433.5,27459.5,2634
2026-07-29T19:51:00+00:00,27458.25,27459,27423,27443.5,2055
2026-07-29T19:52:00+00:00,27443.5,27445.5,27394,27414.25,3096
2026-07-29T19:53:00+00:00,27415.5,27430.25,27406,27416.75,1755
2026-07-29T19:54:00+00:00,27417.5,27449,27416.25,27435.25,2020
2026-07-29T19:55:00+00:00,27434,27434,27364.75,27379,3542
2026-07-29T19:56:00+00:00,27379.75,27392,27355,27364.75,2333
2026-07-29T19:57:00+00:00,27364.75,27367,27344.75,27344.75,2351
2026-07-29T19:58:00+00:00,27344.75,27349.25,27331.5,27340.5,3034
2026-07-29T19:59:00+00:00,27341,27370.75,27317.5,27335,10612
2026-07-29T20:00:00+00:00,27338,27362.25,27287.5,27323,5150
2026-07-29T20:01:00+00:00,27325.5,27352,27227.25,27228.5,4096
2026-07-29T20:02:00+00:00,27232.25,27290.25,27225.5,27282,2512
2026-07-29T20:03:00+00:00,27283.5,27299,27247.75,27262.75,2093
2026-07-29T20:04:00+00:00,27259.75,27267.5,27201.5,27253.75,2148
2026-07-29T20:05:00+00:00,27254,27323.75,27254,27305.25,2376
2026-07-29T20:06:00+00:00,27303.25,27364,27281.75,27327,1480
2026-07-29T20:07:00+00:00,27327,27340,27293.75,27302.5,1061
2026-07-29T20:08:00+00:00,27303.25,27305.75,27265.75,27290.75,1071
2026-07-29T20:09:00+00:00,27292,27303.75,27254,27255,876
2026-07-29T20:10:00+00:00,27257.5,27267.25,27234.5,27252,835
2026-07-29T20:11:00+00:00,27252.25,27283.25,27231.75,27271.75,975
2026-07-29T20:12:00+00:00,27271,27295,27244.75,27289.25,820
2026-07-29T20:13:00+00:00,27290.75,27331.75,27289,27299.25,1437
2026-07-29T20:14:00+00:00,27298.75,27317,27290.25,27300.5,744
2026-07-30T13:30:00+00:00,27877.25,27891.5,27835.5,27859.25,6387
2026-07-30T13:31:00+00:00,27859,27892,27851.5,27879.25,3469
2026-07-30T13:32:00+00:00,27879,27885.75,27850,27862,3100
2026-07-30T13:33:00+00:00,27862.75,27863.5,27813.25,27843.5,3162
2026-07-30T13:34:00+00:00,27843,27880.75,27831.75,27871.25,2621
2026-07-30T13:35:00+00:00,27871.25,27903,27848.5,27890.5,3274
2026-07-30T13:36:00+00:00,27890.5,27919.5,27864.75,27896.75,3842
2026-07-30T13:37:00+00:00,27895,27902,27847.5,27884.75,3221
2026-07-30T13:38:00+00:00,27886,27908.25,27854.5,27889.25,2688
2026-07-30T13:39:00+00:00,27891,27901.5,27866,27889.25,2140
2026-07-30T13:40:00+00:00,27887.5,27901,27849.75,27881.75,2599
2026-07-30T13:41:00+00:00,27882.5,27905,27867.25,27887.5,1860
2026-07-30T13:42:00+00:00,27886.5,27941.25,27882.5,27933.75,2472
2026-07-30T13:43:00+00:00,27935.25,27966.75,27930,27965.25,2766
2026-07-30T13:44:00+00:00,27965,27996.5,27964.5,27976.25,3349
2026-07-30T13:45:00+00:00,27976.75,28015.5,27973.25,28014.75,3463
2026-07-30T13:46:00+00:00,28013.75,28036.25,28006.75,28030,2583
2026-07-30T13:47:00+00:00,28028,28038.5,28008.5,28036.75,2228
2026-07-30T13:48:00+00:00,28037.5,28050.75,28027.5,28040.5,2357
2026-07-30T13:49:00+00:00,28041,28067.5,28040.25,28064.5,2004
2026-07-30T13:50:00+00:00,28064.75,28114.75,28043.25,28105.5,5021
2026-07-30T13:51:00+00:00,28104.25,28125.5,28091.5,28093.5,3300
2026-07-30T13:52:00+00:00,28093,28095,28049,28062.75,2713
2026-07-30T13:53:00+00:00,28062.75,28098,28055.25,28079,2495
2026-07-30T13:54:00+00:00,28080,28111.5,28077.5,28102.5,1962
2026-07-30T13:55:00+00:00,28103,28133,28082.25,28125.75,2732
2026-07-30T13:56:00+00:00,28126.75,28137.75,28101.75,28108,2372
2026-07-30T13:57:00+00:00,28108.5,28119,28091,28110,1682
2026-07-30T13:58:00+00:00,28110.75,28123.25,28095.25,28123,1742
2026-07-30T13:59:00+00:00,28122.5,28162.25,28115.5,28151.75,2850
2026-07-30T14:00:00+00:00,28150.5,28157.5,28127.75,28155.75,2661
2026-07-30T14:01:00+00:00,28155.5,28168.75,28152,28168,3497
2026-07-30T14:02:00+00:00,28167.75,28183.75,28151.25,28158.5,3174
2026-07-30T14:03:00+00:00,28159.75,28173.5,28137.75,28168.25,2261
2026-07-30T14:04:00+00:00,28168.5,28177.5,28159,28160.25,1651
2026-07-30T14:05:00+00:00,28159.75,28166,28135,28146.75,2621
2026-07-30T14:06:00+00:00,28145.25,28151.5,28119.25,28131,2800
2026-07-30T14:07:00+00:00,28130.75,28139,28104,28106,2617
2026-07-30T14:08:00+00:00,28106,28111.5,28078.75,28089,2950
2026-07-30T14:09:00+00:00,28088.75,28096,28073.25,28086.25,2463
2026-07-30T14:10:00+00:00,28085.75,28107.75,28066.75,28083.75,2611
2026-07-30T14:11:00+00:00,28082.75,28107.75,28068.5,28104.75,1946
2026-07-30T14:12:00+00:00,28105.5,28116.75,28092.75,28112.5,2383
2026-07-30T14:13:00+00:00,28113,28116,28083.75,28089.5,1817
2026-07-30T14:14:00+00:00,28090.25,28113.75,28083.5,28107.5,1625
2026-07-30T14:15:00+00:00,28107.25,28131,28099.5,28112,1931
2026-07-30T14:16:00+00:00,28112.25,28131.25,28097,28129.25,1595
2026-07-30T14:17:00+00:00,28128.75,28140,28116,28117.25,2056
2026-07-30T14:18:00+00:00,28117.5,28119.5,28080.25,28107.5,2275
2026-07-30T14:19:00+00:00,28106.75,28125,28092.5,28113.25,1935
2026-07-30T14:20:00+00:00,28113.75,28126.5,28103,28125,1447
2026-07-30T14:21:00+00:00,28125.25,28166.25,28125.25,28154.5,2352
2026-07-30T14:22:00+00:00,28154.25,28162.25,28136,28156,1528
2026-07-30T14:23:00+00:00,28156,28173.75,28155.25,28160.75,1544
2026-07-30T14:24:00+00:00,28160.25,28174,28149.75,28163.5,2152
2026-07-30T14:25:00+00:00,28164,28175.25,28160,28172,1652
2026-07-30T14:26:00+00:00,28172.5,28178,28149.75,28172.5,1772
2026-07-30T14:27:00+00:00,28170.75,28213.75,28169.5,28210,3736
2026-07-30T14:28:00+00:00,28209.75,28240,28209.25,28223.5,2513
2026-07-30T14:29:00+00:00,28223.5,28231,28218.25,28226,1467
2026-07-30T14:30:00+00:00,28226.5,28227,28188.5,28219.5,2429
2026-07-30T14:31:00+00:00,28219,28246.5,28207,28234,1913
2026-07-30T14:32:00+00:00,28234.25,28241.25,28217.75,28239.25,1618
2026-07-30T14:33:00+00:00,28239,28242.75,28224.5,28237.5,1466
2026-07-30T14:34:00+00:00,28237.25,28239.5,28216,28234.5,1677
2026-07-30T14:35:00+00:00,28234.75,28237.75,28204.75,28207.75,1827
2026-07-30T14:36:00+00:00,28207.5,28241,28202.5,28235.75,1634
2026-07-30T14:37:00+00:00,28235.5,28244.5,28227.5,28237.75,1543
2026-07-30T14:38:00+00:00,28237.25,28237.5,28212.5,28213.25,1333
2026-07-30T14:39:00+00:00,28214.5,28221.75,28210,28219.75,1256
2026-07-30T14:40:00+00:00,28221,28235,28212.75,28227.75,1228
2026-07-30T14:41:00+00:00,28228.5,28241,28224,28231,866
2026-07-30T14:42:00+00:00,28230.75,28240,28205.25,28207,1077
2026-07-30T14:43:00+00:00,28206,28207.75,28183,28184.25,1574
2026-07-30T14:44:00+00:00,28184,28185.75,28160.25,28175.5,2237
2026-07-30T14:45:00+00:00,28175.5,28189.5,28158,28188.25,1767
2026-07-30T14:46:00+00:00,28187.25,28196,28154.25,28161.25,1657
2026-07-30T14:47:00+00:00,28160.25,28173,28151,28160.5,1505
2026-07-30T14:48:00+00:00,28160,28160.5,28130.5,28159.25,2189
2026-07-30T14:49:00+00:00,28159.25,28175,28142,28166,1784
2026-07-30T14:50:00+00:00,28166.25,28176.25,28140.25,28141.75,1612
2026-07-30T14:51:00+00:00,28142.5,28156.75,28112.75,28123,1934
2026-07-30T14:52:00+00:00,28123.25,28129,28103.25,28104.75,1340
2026-07-30T14:53:00+00:00,28105,28110.75,28085.75,28091.25,1605
2026-07-30T14:54:00+00:00,28090.75,28093.25,28063,28068.5,2021
2026-07-30T14:55:00+00:00,28068.75,28071.5,28042.25,28054.25,2023
2026-07-30T14:56:00+00:00,28054.5,28061,28024,28035.25,2076
2026-07-30T14:57:00+00:00,28035.75,28062,28022.5,28057,1888
2026-07-30T14:58:00+00:00,28056.5,28074.5,28044.75,28074.5,2008
2026-07-30T14:59:00+00:00,28074,28094.75,28065.5,28070.75,2202
2026-07-30T15:00:00+00:00,28071.5,28077.5,28013.5,28027,2522
2026-07-30T15:01:00+00:00,28026.5,28039.75,28012.75,28021,1976
2026-07-30T15:02:00+00:00,28020.25,28068.75,28016,28068.75,2891
2026-07-30T15:03:00+00:00,28068,28106.75,28067.5,28103.5,2410
2026-07-30T15:04:00+00:00,28103.25,28113.5,28079.75,28104.25,1578
2026-07-30T15:05:00+00:00,28105,28122,28097.25,28113.5,1477
2026-07-30T15:06:00+00:00,28114.75,28123.25,28088,28094.5,1739
2026-07-30T15:07:00+00:00,28094.5,28100.75,28064.5,28072.25,1477
2026-07-30T15:08:00+00:00,28072,28099,28054.75,28098,1374
2026-07-30T15:09:00+00:00,28097.25,28137.75,28094,28134,1808
2026-07-30T15:10:00+00:00,28134.25,28136.5,28070,28079.75,1442
2026-07-30T15:11:00+00:00,28079.25,28083.75,28036.75,28045.25,2153
2026-07-30T15:12:00+00:00,28044.75,28064.25,28035.5,28061,1215
2026-07-30T15:13:00+00:00,28060.5,28061.25,28020.25,28033,1381
2026-07-30T15:14:00+00:00,28032.5,28046.75,28019,28023.75,934
2026-07-30T15:15:00+00:00,28024.5,28061.25,28006.25,28061,1800
2026-07-30T15:16:00+00:00,28060,28076.25,28050.5,28054.5,1630
2026-07-30T15:17:00+00:00,28055,28068.5,28023,28029.25,2081
2026-07-30T15:18:00+00:00,28029.5,28049,28022.25,28044.75,1048
2026-07-30T15:19:00+00:00,28045,28056.25,28037.5,28047,1094
2026-07-30T15:20:00+00:00,28047,28060.5,28038,28056,1316
2026-07-30T15:21:00+00:00,28054.25,28099.5,28054,28077.5,1700
2026-07-30T15:22:00+00:00,28077,28088,28062.25,28075.25,979
2026-07-30T15:23:00+00:00,28075.25,28077,28031.5,28058,1293
2026-07-30T15:24:00+00:00,28057.25,28062.75,28036,28050.5,798
2026-07-30T15:25:00+00:00,28050.5,28078.75,28030,28037.5,1155
2026-07-30T15:26:00+00:00,28037,28042.75,27996.25,28041.5,2047
2026-07-30T15:27:00+00:00,28039.75,28052,28017.25,28019.5,1077
2026-07-30T15:28:00+00:00,28019.25,28025.5,28005,28021.75,1111
2026-07-30T15:29:00+00:00,28021.5,28033,28007.5,28010.5,1058
2026-07-30T15:30:00+00:00,28010.5,28023,28001,28007.25,1324
2026-07-30T15:31:00+00:00,28007.5,28042.25,28005.75,28032.75,1125
2026-07-30T15:32:00+00:00,28030.75,28055,28030.5,28038.5,1148
2026-07-30T15:33:00+00:00,28037.25,28051,28028.25,28050.25,1045
2026-07-30T15:34:00+00:00,28048.75,28073.5,28030,28072,1369
2026-07-30T15:35:00+00:00,28074,28089.25,28057,28059.75,1472
2026-07-30T15:36:00+00:00,28059.75,28087.75,28058,28087.75,891
2026-07-30T15:37:00+00:00,28085.75,28088,28041.5,28043.75,1135
2026-07-30T15:38:00+00:00,28043.5,28055.75,28036.5,28048.75,1049
2026-07-30T15:39:00+00:00,28049.75,28073.25,28043.25,28071,834
2026-07-30T15:40:00+00:00,28072,28086.25,28059,28075,1154
2026-07-30T15:41:00+00:00,28075.25,28084,28062.75,28078.75,892
2026-07-30T15:42:00+00:00,28078.25,28080.25,28055,28076.25,1059
2026-07-30T15:43:00+00:00,28076,28089.75,28066,28088.75,1234
2026-07-30T15:44:00+00:00,28087.75,28108.5,28086.5,28089.5,1394
2026-07-30T15:45:00+00:00,28090,28113.25,28090,28108.75,902
2026-07-30T15:46:00+00:00,28108.75,28133.75,28106.25,28123.75,1267
2026-07-30T15:47:00+00:00,28123.75,28131.5,28120.5,28121.75,632
2026-07-30T15:48:00+00:00,28122.5,28123.5,28100,28106.5,1062
2026-07-30T15:49:00+00:00,28106.25,28117,28090,28113,1175
2026-07-30T15:50:00+00:00,28113.5,28122.25,28087.25,28089.5,1147
2026-07-30T15:51:00+00:00,28089.75,28106.5,28076.5,28106.5,1333
2026-07-30T15:52:00+00:00,28105.75,28105.75,28049.25,28067.75,1462
2026-07-30T15:53:00+00:00,28068,28096.5,28063.25,28087.25,1509
2026-07-30T15:54:00+00:00,28087.75,28111.25,28077.75,28107.75,746
2026-07-30T15:55:00+00:00,28108.5,28130.25,28108.5,28122.5,946
2026-07-30T15:56:00+00:00,28122.75,28131.25,28114.75,28117,731
2026-07-30T15:57:00+00:00,28117.25,28120.25,28105.25,28112.25,908
2026-07-30T15:58:00+00:00,28112,28115.25,28088.25,28093.75,1008
2026-07-30T15:59:00+00:00,28094.5,28094.5,28072,28079.5,849
2026-07-30T16:00:00+00:00,28078.75,28081.75,28059,28070,1477
2026-07-30T16:01:00+00:00,28070,28096,28061.25,28095.25,1842
2026-07-30T16:02:00+00:00,28095.5,28115,28083.75,28114.75,1621
2026-07-30T16:03:00+00:00,28116,28126.75,28113.25,28120.5,924
2026-07-30T16:04:00+00:00,28120.5,28159,28119.25,28150.25,2201
2026-07-30T16:05:00+00:00,28150,28165.75,28148.75,28153.25,947
2026-07-30T16:06:00+00:00,28152.5,28161.25,28140.5,28142,709
2026-07-30T16:07:00+00:00,28143.5,28149.25,28135.75,28148.25,634
2026-07-30T16:08:00+00:00,28148.75,28153.25,28138,28151.5,644
2026-07-30T16:09:00+00:00,28151,28154.25,28136.25,28145.75,660
2026-07-30T16:10:00+00:00,28144.5,28161.75,28141.25,28153.75,780
2026-07-30T16:11:00+00:00,28153,28172,28148.25,28169.75,937
2026-07-30T16:12:00+00:00,28170.25,28182.25,28165,28181.75,755
2026-07-30T16:13:00+00:00,28182,28190,28180,28188,1023
2026-07-30T16:14:00+00:00,28187,28189.75,28174.75,28186,954
2026-07-30T16:15:00+00:00,28185.25,28191,28181,28182.75,759
2026-07-30T16:16:00+00:00,28183,28191.25,28178.25,28189,722
2026-07-30T16:17:00+00:00,28189.25,28190,28175.75,28189.25,997
2026-07-30T16:18:00+00:00,28189,28192.75,28171.5,28186.75,900
2026-07-30T16:19:00+00:00,28187.25,28191.5,28168.5,28171.5,737
2026-07-30T16:20:00+00:00,28171.75,28184.25,28165.5,28178.75,930
2026-07-30T16:21:00+00:00,28178.25,28182,28170,28181.25,592
2026-07-30T16:22:00+00:00,28181,28186.25,28163,28168,785
2026-07-30T16:23:00+00:00,28168.5,28168.5,28147.5,28163.5,1007
2026-07-30T16:24:00+00:00,28162.75,28169.75,28150.75,28156.75,703
2026-07-30T16:25:00+00:00,28156.25,28157,28145.25,28149.75,693
2026-07-30T16:26:00+00:00,28149.25,28156,28144,28151.5,504
2026-07-30T16:27:00+00:00,28150.75,28162.25,28147.75,28162,651
2026-07-30T16:28:00+00:00,28160.75,28163.5,28144.75,28150.5,514
2026-07-30T16:29:00+00:00,28149.75,28152.75,28140.5,28143.75,570
2026-07-30T16:30:00+00:00,28143.5,28150.5,28123.75,28126.25,912
2026-07-30T16:31:00+00:00,28125.75,28130,28113.75,28127.75,809
2026-07-30T16:32:00+00:00,28128,28134.5,28115,28130.25,721
2026-07-30T16:33:00+00:00,28129.5,28132.25,28119.25,28123,611
2026-07-30T16:34:00+00:00,28123.25,28126.75,28111.75,28119.75,714
2026-07-30T16:35:00+00:00,28120,28141.5,28116.5,28122.75,913
2026-07-30T16:36:00+00:00,28123.5,28136.5,28122.75,28130.5,633
2026-07-30T16:37:00+00:00,28130.75,28132,28119.25,28123,617
2026-07-30T16:38:00+00:00,28122.75,28127.25,28113.75,28120.5,588
2026-07-30T16:39:00+00:00,28120.75,28127.75,28115.5,28117.5,453
2026-07-30T16:40:00+00:00,28118,28118.25,28082,28086.25,1307
2026-07-30T16:41:00+00:00,28085.75,28090.5,28072,28079.75,1136
2026-07-30T16:42:00+00:00,28079.5,28085.25,28063,28067.75,1140
2026-07-30T16:43:00+00:00,28067,28080.75,28054.5,28062.75,1130
2026-07-30T16:44:00+00:00,28063.25,28070,28058.5,28068.75,702
2026-07-30T16:45:00+00:00,28068.25,28098,28066.25,28093,1899
2026-07-30T16:46:00+00:00,28092.25,28107.75,28092,28097.75,1087
2026-07-30T16:47:00+00:00,28098.25,28105.25,28089.75,28092,641
2026-07-30T16:48:00+00:00,28092.25,28098.75,28084.75,28086.5,574
2026-07-30T16:49:00+00:00,28086,28101.75,28085.5,28098,563
2026-07-30T16:50:00+00:00,28099.25,28106,28078.25,28083.75,741
2026-07-30T16:51:00+00:00,28083.75,28122.5,28083.25,28120.5,936
2026-07-30T16:52:00+00:00,28120.75,28136.5,28119.75,28133,1110
2026-07-30T16:53:00+00:00,28132.5,28133.5,28110,28113.75,944
2026-07-30T16:54:00+00:00,28113.5,28120,28109.5,28113.25,466
2026-07-30T16:55:00+00:00,28113.5,28131,28110,28129,740
2026-07-30T16:56:00+00:00,28128.5,28135.75,28124.25,28127.5,544
2026-07-30T16:57:00+00:00,28127.5,28132.5,28122,28123,487
2026-07-30T16:58:00+00:00,28122.75,28128.75,28114,28128,537
2026-07-30T16:59:00+00:00,28128,28131,28123.5,28126.75,493
2026-07-30T17:00:00+00:00,28127,28170.5,28126,28159.25,2015
2026-07-30T17:01:00+00:00,28159,28172,28153,28171,848
2026-07-30T17:02:00+00:00,28170.75,28174,28148,28151.75,1024
2026-07-30T17:03:00+00:00,28151.5,28162,28150.25,28151.5,738
2026-07-30T17:04:00+00:00,28152.5,28168.25,28152.25,28166.75,430
2026-07-30T17:05:00+00:00,28167.75,28172,28162,28167.75,470
2026-07-30T17:06:00+00:00,28167.5,28183.75,28166.5,28173.25,1189
2026-07-30T17:07:00+00:00,28174.5,28174.5,28160,28166.75,580
2026-07-30T17:08:00+00:00,28167,28176.25,28162.5,28175.25,400
2026-07-30T17:09:00+00:00,28173.25,28173.25,28160,28168.25,599
2026-07-30T17:10:00+00:00,28168.75,28182.75,28161,28168.75,687
2026-07-30T17:11:00+00:00,28168.25,28176.75,28157.75,28173.25,528
2026-07-30T17:12:00+00:00,28174.5,28176.5,28153.25,28158.25,989
2026-07-30T17:13:00+00:00,28159,28163,28154.5,28159,358
2026-07-30T17:14:00+00:00,28160,28162.25,28155,28159.25,328
2026-07-30T17:15:00+00:00,28158.25,28168,28156.25,28159.25,493
2026-07-30T17:16:00+00:00,28159.5,28183.5,28159,28179.5,625
2026-07-30T17:17:00+00:00,28180,28189,28180,28184.25,637
2026-07-30T17:18:00+00:00,28183.75,28191.5,28176.25,28181.5,701
2026-07-30T17:19:00+00:00,28181.5,28207.25,28179,28203,1065
2026-07-30T17:20:00+00:00,28202.75,28205,28193.75,28202.5,695
2026-07-30T17:21:00+00:00,28202.5,28207.75,28193,28199.5,639
2026-07-30T17:22:00+00:00,28199.5,28199.75,28178.5,28180.25,632
2026-07-30T17:23:00+00:00,28180.5,28193,28178.75,28191.25,441
2026-07-30T17:24:00+00:00,28191,28191.25,28182.5,28189.75,351
2026-07-30T17:25:00+00:00,28188.75,28191,28178,28182.75,458
2026-07-30T17:26:00+00:00,28183.25,28184.25,28174.25,28182,419
2026-07-30T17:27:00+00:00,28182,28190.5,28181,28181.75,385
2026-07-30T17:28:00+00:00,28182.25,28183.75,28164.25,28175,753
2026-07-30T17:29:00+00:00,28174.25,28177.25,28165.25,28169,458
2026-07-30T17:30:00+00:00,28169.5,28184,28167,28177.25,921
2026-07-30T17:31:00+00:00,28176,28180.5,28170.25,28177,486
2026-07-30T17:32:00+00:00,28176,28182.25,28171.5,28173.25,358
2026-07-30T17:33:00+00:00,28173,28177.25,28159,28166,558
2026-07-30T17:34:00+00:00,28166,28167.75,28153.25,28163.75,489
2026-07-30T17:35:00+00:00,28163.25,28176.75,28160.5,28176,508
2026-07-30T17:36:00+00:00,28175.75,28180.25,28168,28179,538
2026-07-30T17:37:00+00:00,28178.75,28180.75,28155,28159,709
2026-07-30T17:38:00+00:00,28159.25,28160,28139.5,28153.25,1242
2026-07-30T17:39:00+00:00,28153.5,28154.5,28142.25,28147.5,615
2026-07-30T17:40:00+00:00,28147.5,28164.75,28147,28157.75,575
2026-07-30T17:41:00+00:00,28158.25,28170.25,28157.5,28170.25,552
2026-07-30T17:42:00+00:00,28169.75,28185,28167.5,28173.5,828
2026-07-30T17:43:00+00:00,28173.25,28197.75,28173,28186,1091
2026-07-30T17:44:00+00:00,28185.75,28191.5,28181.5,28188.25,517
2026-07-30T17:45:00+00:00,28188.5,28193.5,28184.25,28187.75,509
2026-07-30T17:46:00+00:00,28186.5,28201.25,28184.75,28196.5,565
2026-07-30T17:47:00+00:00,28196.75,28200.75,28192,28195.75,457
2026-07-30T17:48:00+00:00,28195.25,28201.5,28193.25,28199.25,373
2026-07-30T17:49:00+00:00,28198.75,28199.5,28183.5,28183.5,443
2026-07-30T17:50:00+00:00,28183.25,28193.5,28180.25,28193.25,565
2026-07-30T17:51:00+00:00,28192.75,28208.5,28191.25,28200,765
2026-07-30T17:52:00+00:00,28200.5,28201.75,28175.75,28186.5,1294
2026-07-30T17:53:00+00:00,28186.75,28188.25,28174,28175,551
2026-07-30T17:54:00+00:00,28175,28184.5,28174.25,28175.75,367
2026-07-30T17:55:00+00:00,28176,28180,28165.5,28179,545
2026-07-30T17:56:00+00:00,28179,28184.5,28173.25,28180,433
2026-07-30T17:57:00+00:00,28180,28188.5,28177,28185,324
2026-07-30T17:58:00+00:00,28185,28186.5,28172.25,28177.75,337
2026-07-30T17:59:00+00:00,28177.75,28186.25,28174.25,28177.5,322
2026-07-30T18:00:00+00:00,28177.5,28196,28177.5,28191,626
2026-07-30T18:01:00+00:00,28192,28202.25,28191.5,28198.5,420
2026-07-30T18:02:00+00:00,28198.25,28198.25,28189.25,28193.25,336
2026-07-30T18:03:00+00:00,28193.25,28196,28179.75,28182.5,410
2026-07-30T18:04:00+00:00,28182.5,28184.75,28168.5,28169.75,348
2026-07-30T18:05:00+00:00,28169.25,28186,28167,28180,538
2026-07-30T18:06:00+00:00,28178.75,28194.25,28178.75,28194,361
2026-07-30T18:07:00+00:00,28193.25,28194.5,28185.5,28185.5,349
2026-07-30T18:08:00+00:00,28185.75,28192.75,28177.25,28192.75,525
2026-07-30T18:09:00+00:00,28192.75,28196.5,28188,28192.25,460
2026-07-30T18:10:00+00:00,28191.25,28195.75,28183.5,28191.25,412
2026-07-30T18:11:00+00:00,28190.5,28196.5,28185,28196.5,350
2026-07-30T18:12:00+00:00,28196.25,28196.25,28182.75,28195,443
2026-07-30T18:13:00+00:00,28194.5,28196,28186.5,28195.25,341
2026-07-30T18:14:00+00:00,28195,28205,28193,28200.5,788
2026-07-30T18:15:00+00:00,28200.5,28203.75,28182,28186.75,823
2026-07-30T18:16:00+00:00,28186.5,28191.5,28181,28183.25,439
2026-07-30T18:17:00+00:00,28182.75,28183,28171,28177.5,594
2026-07-30T18:18:00+00:00,28177.75,28185.25,28175,28176.5,423
2026-07-30T18:19:00+00:00,28176.5,28176.75,28162.25,28167.5,525
2026-07-30T18:20:00+00:00,28167.75,28176.25,28162.25,28172.25,492
2026-07-30T18:21:00+00:00,28172.5,28185,28170.5,28183.25,452
2026-07-30T18:22:00+00:00,28182.5,28190.75,28177,28189.5,638
2026-07-30T18:23:00+00:00,28189.5,28192.75,28181.75,28185.5,511
2026-07-30T18:24:00+00:00,28185.25,28190.5,28183,28184.75,266
2026-07-30T18:25:00+00:00,28185,28189.25,28180.25,28180.75,358
2026-07-30T18:26:00+00:00,28180.25,28185,28174.5,28182.75,332
2026-07-30T18:27:00+00:00,28183.25,28191.25,28180,28181.25,366
2026-07-30T18:28:00+00:00,28180.5,28186.5,28173.5,28182.75,320
2026-07-30T18:29:00+00:00,28183,28188,28178.75,28183,248
2026-07-30T18:30:00+00:00,28183,28198.75,28179.5,28197.5,550
2026-07-30T18:31:00+00:00,28197,28199,28175.5,28181.75,891
2026-07-30T18:32:00+00:00,28182.75,28184.25,28171.5,28177.75,394
2026-07-30T18:33:00+00:00,28178,28185.75,28177.5,28178.75,266
2026-07-30T18:34:00+00:00,28178.75,28180.25,28170.25,28174.75,474
2026-07-30T18:35:00+00:00,28174.5,28175.5,28164.75,28170.75,804
2026-07-30T18:36:00+00:00,28170,28172.5,28162.5,28166.5,367
2026-07-30T18:37:00+00:00,28168,28169.75,28158,28162.75,543
2026-07-30T18:38:00+00:00,28163,28176,28156.25,28158.25,619
2026-07-30T18:39:00+00:00,28157.75,28160.25,28148.5,28158.25,726
2026-07-30T18:40:00+00:00,28158.25,28171.5,28154.25,28170,511
2026-07-30T18:41:00+00:00,28169.5,28169.75,28153.75,28154.75,475
2026-07-30T18:42:00+00:00,28154,28166,28149.25,28153.25,502
2026-07-30T18:43:00+00:00,28153.5,28163.25,28152.75,28161,350
2026-07-30T18:44:00+00:00,28160.25,28171.25,28155.25,28167.5,395
2026-07-30T18:45:00+00:00,28167,28173.75,28165.5,28172.25,576
2026-07-30T18:46:00+00:00,28171.75,28186,28170,28183.25,648
2026-07-30T18:47:00+00:00,28183,28189.5,28181.25,28183.5,605
2026-07-30T18:48:00+00:00,28183.25,28187.25,28175.75,28176.5,565
2026-07-30T18:49:00+00:00,28176.25,28179.75,28173,28178.75,358
2026-07-30T18:50:00+00:00,28178.25,28186,28172.75,28174,563
2026-07-30T18:51:00+00:00,28173.5,28176.75,28164.25,28169,546
2026-07-30T18:52:00+00:00,28168.75,28177.75,28166.25,28169.25,351
2026-07-30T18:53:00+00:00,28168.5,28174.75,28164.25,28167.5,564
2026-07-30T18:54:00+00:00,28167.5,28172.75,28163.75,28164,255
2026-07-30T18:55:00+00:00,28164.25,28170.75,28162.25,28162.75,346
2026-07-30T18:56:00+00:00,28162.25,28168.5,28154.75,28167.75,580
2026-07-30T18:57:00+00:00,28168.25,28172.5,28160.5,28165.75,310
2026-07-30T18:58:00+00:00,28166.25,28172.25,28162.75,28169.5,349
2026-07-30T18:59:00+00:00,28169.75,28186.25,28169,28180.75,871
2026-07-30T19:00:00+00:00,28181,28195.75,28179.75,28195.25,1898
2026-07-30T19:01:00+00:00,28195.5,28200.25,28190.5,28194.5,944
2026-07-30T19:02:00+00:00,28194.75,28211.5,28194,28201.5,1203
2026-07-30T19:03:00+00:00,28201,28202.75,28192.5,28192.5,559
2026-07-30T19:04:00+00:00,28193.25,28202,28191.25,28198.75,658
2026-07-30T19:05:00+00:00,28199.25,28204.25,28194.75,28200,578
2026-07-30T19:06:00+00:00,28200.75,28219.75,28197.5,28219.75,948
2026-07-30T19:07:00+00:00,28219.75,28239,28219.25,28235.5,1513
2026-07-30T19:08:00+00:00,28235,28243.5,28233.5,28242.75,1059
2026-07-30T19:09:00+00:00,28242.5,28255.5,28242.25,28253.75,1321
2026-07-30T19:10:00+00:00,28254,28280.75,28252.25,28276.75,2618
2026-07-30T19:11:00+00:00,28276.75,28285.5,28272.25,28273,1180
2026-07-30T19:12:00+00:00,28273,28296.5,28273,28291,1817
2026-07-30T19:13:00+00:00,28291.5,28293.5,28279.75,28282.25,1073
2026-07-30T19:14:00+00:00,28282.5,28284.25,28273.5,28274.75,993
2026-07-30T19:15:00+00:00,28274.25,28281.25,28262,28264.75,1230
2026-07-30T19:16:00+00:00,28264.5,28288,28263.75,28287.25,1068
2026-07-30T19:17:00+00:00,28288,28292.5,28283,28285.75,785
2026-07-30T19:18:00+00:00,28285.75,28297.75,28283.75,28295,980
2026-07-30T19:19:00+00:00,28295.5,28295.75,28282.25,28285.75,759
2026-07-30T19:20:00+00:00,28286.25,28287.75,28275.5,28276.25,916
2026-07-30T19:21:00+00:00,28275.5,28279.75,28268.25,28269,823
2026-07-30T19:22:00+00:00,28268.25,28273.75,28257.25,28263.5,848
2026-07-30T19:23:00+00:00,28263.75,28271,28260.25,28270.5,769
2026-07-30T19:24:00+00:00,28270.75,28273.75,28263.5,28264,557
2026-07-30T19:25:00+00:00,28263.5,28271,28258.5,28260.5,800
2026-07-30T19:26:00+00:00,28260.5,28270.25,28254.75,28268,712
2026-07-30T19:27:00+00:00,28268,28270,28258.5,28263,487
2026-07-30T19:28:00+00:00,28263.25,28267,28255.25,28257.25,537
2026-07-30T19:29:00+00:00,28257.5,28258.5,28242,28244.5,1024
2026-07-30T19:30:00+00:00,28243.75,28255.25,28240,28253.25,988
2026-07-30T19:31:00+00:00,28253.25,28254.5,28235,28248,911
2026-07-30T19:32:00+00:00,28247.5,28251,28236,28238.5,737
2026-07-30T19:33:00+00:00,28239.5,28249,28239.5,28247.75,727
2026-07-30T19:34:00+00:00,28248.5,28257.25,28238.5,28242.75,955
2026-07-30T19:35:00+00:00,28243,28245.5,28231.75,28232.75,752
2026-07-30T19:36:00+00:00,28231.75,28232.75,28219.75,28220.5,1039
2026-07-30T19:37:00+00:00,28220.75,28237.25,28220,28229.25,800
2026-07-30T19:38:00+00:00,28228.75,28247.5,28228.25,28235.75,933
2026-07-30T19:39:00+00:00,28236,28243.75,28236,28238.5,543
2026-07-30T19:40:00+00:00,28238.75,28241.25,28227.75,28233.75,751
2026-07-30T19:41:00+00:00,28232.75,28240,28228.75,28233.5,619
2026-07-30T19:42:00+00:00,28233,28233.5,28221.75,28229.75,835
2026-07-30T19:43:00+00:00,28228.75,28241.75,28224.25,28236.25,705
2026-07-30T19:44:00+00:00,28235.25,28238.75,28231.5,28232.25,621
2026-07-30T19:45:00+00:00,28232.75,28244.75,28227.75,28239.75,1131
2026-07-30T19:46:00+00:00,28238.75,28242.75,28232.25,28232.75,762
2026-07-30T19:47:00+00:00,28232.75,28240.5,28224,28234.5,861
2026-07-30T19:48:00+00:00,28233.5,28234.25,28221.5,28221.5,679
2026-07-30T19:49:00+00:00,28221.75,28236.5,28217,28235.5,1211
2026-07-30T19:50:00+00:00,28236,28241.75,28218.5,28221,1720
2026-07-30T19:51:00+00:00,28220.5,28227.5,28207,28219.5,1654
2026-07-30T19:52:00+00:00,28219.75,28228.25,28213.75,28225,1242
2026-07-30T19:53:00+00:00,28224.5,28233.25,28208.5,28210,1828
2026-07-30T19:54:00+00:00,28209.25,28241,28207.75,28223.25,2214
2026-07-30T19:55:00+00:00,28223.75,28225.75,28202.5,28214.5,2281
2026-07-30T19:56:00+00:00,28214.25,28238.5,28211.5,28228.5,2360
2026-07-30T19:57:00+00:00,28229,28235.5,28224.25,28234.25,1784
2026-07-30T19:58:00+00:00,28234.75,28246.75,28230.25,28240,3361
2026-07-30T19:59:00+00:00,28240,28262.5,28211,28229,12823
2026-07-30T20:00:00+00:00,28228.75,28243.75,28205.5,28220.25,4535
2026-07-30T20:01:00+00:00,28217,28367,28215.75,28334.25,3441
2026-07-30T20:02:00+00:00,28332,28335,28303.5,28330.25,1459
2026-07-30T20:03:00+00:00,28329,28339,28308,28309.5,928
2026-07-30T20:04:00+00:00,28309.25,28336.75,28293,28336.25,1058
2026-07-30T20:05:00+00:00,28335,28335.25,28308.75,28316.25,615
2026-07-30T20:06:00+00:00,28315.75,28324,28301.5,28304.5,762
2026-07-30T20:07:00+00:00,28306.75,28330,28303.25,28316.25,686
2026-07-30T20:08:00+00:00,28316.25,28330,28308,28310,492
2026-07-30T20:09:00+00:00,28310,28312.25,28297.25,28300,438
2026-07-30T20:10:00+00:00,28301,28312.75,28291,28303,509
2026-07-30T20:11:00+00:00,28306.25,28311.5,28284,28289.75,602
2026-07-30T20:12:00+00:00,28287,28318.25,28285.25,28318,942
2026-07-30T20:13:00+00:00,28316,28326.25,28312.75,28321,244
2026-07-30T20:14:00+00:00,28323.5,28332,28319.25,28324.75,443
2026-07-31T13:30:00+00:00,28576.75,28613,28542.5,28598.75,5626
2026-07-31T13:31:00+00:00,28598.25,28633,28584.5,28626.25,3687
2026-07-31T13:32:00+00:00,28625.75,28666.75,28624.75,28663.5,3964
2026-07-31T13:33:00+00:00,28664,28695.5,28662.75,28687.25,3014
2026-07-31T13:34:00+00:00,28687,28709.5,28681,28682.25,3203
2026-07-31T13:35:00+00:00,28681.25,28725.75,28679.75,28709.25,2723
2026-07-31T13:36:00+00:00,28708.5,28711.5,28671.75,28681.5,2948
2026-07-31T13:37:00+00:00,28679.75,28686,28645.25,28659.5,2962
2026-07-31T13:38:00+00:00,28659.5,28663.25,28584,28605.5,4379
2026-07-31T13:39:00+00:00,28604.75,28610.75,28556,28561,3883
2026-07-31T13:40:00+00:00,28562.5,28575.25,28516.5,28537.25,3530
2026-07-31T13:41:00+00:00,28536,28578.25,28521.25,28526,2386
2026-07-31T13:42:00+00:00,28526.75,28542.5,28474.5,28479.25,3019
2026-07-31T13:43:00+00:00,28479.25,28504.75,28435.25,28470.5,3664
2026-07-31T13:44:00+00:00,28469.5,28483,28415.75,28419,3279
2026-07-31T13:45:00+00:00,28420,28472.75,28407.25,28432.75,3588
2026-07-31T13:46:00+00:00,28433.5,28433.5,28383.5,28399.5,3462
2026-07-31T13:47:00+00:00,28399.75,28419.25,28370,28380.75,2833
2026-07-31T13:48:00+00:00,28380,28392,28329.75,28350.5,4472
2026-07-31T13:49:00+00:00,28350.5,28368.75,28319.75,28360.5,3779
2026-07-31T13:50:00+00:00,28361,28387.25,28318,28348,3443
2026-07-31T13:51:00+00:00,28347,28393.25,28338.75,28390.75,2487
2026-07-31T13:52:00+00:00,28392.75,28407.5,28338,28346.25,3203
2026-07-31T13:53:00+00:00,28346,28346.5,28306.25,28323,3414
2026-07-31T13:54:00+00:00,28323.25,28339.5,28295.5,28333,2915
2026-07-31T13:55:00+00:00,28333.25,28365,28311.25,28361.75,3325
2026-07-31T13:56:00+00:00,28361.75,28398,28352.5,28397.25,3414
2026-07-31T13:57:00+00:00,28396.25,28414.5,28370,28372.75,2919
2026-07-31T13:58:00+00:00,28373.5,28384,28338.5,28341.75,2012
2026-07-31T13:59:00+00:00,28342.5,28381,28340.25,28360.5,1180
2026-07-31T14:00:00+00:00,28356.75,28393,28321.25,28344.75,2241
2026-07-31T14:01:00+00:00,28343.75,28349.25,28286.25,28323.5,2397
2026-07-31T14:02:00+00:00,28326.25,28339.25,28271.75,28287.5,2815
2026-07-31T14:03:00+00:00,28287.75,28311,28264.25,28282.75,2237
2026-07-31T14:04:00+00:00,28282.5,28288.25,28239.75,28242.5,3097
2026-07-31T14:05:00+00:00,28243.25,28258.5,28222,28250.5,3165
2026-07-31T14:06:00+00:00,28250.75,28272,28211,28212.25,2607
2026-07-31T14:07:00+00:00,28212,28217,28159.5,28190.25,3736
2026-07-31T14:08:00+00:00,28189.75,28195.25,28124,28149.25,3684
2026-07-31T14:09:00+00:00,28149.25,28168,28122.75,28152.75,3012
2026-07-31T14:10:00+00:00,28154,28174.5,28102,28127.5,3654
2026-07-31T14:11:00+00:00,28127.75,28171,28122,28169.75,2918
2026-07-31T14:12:00+00:00,28170,28192,28130.5,28140,3537
2026-07-31T14:13:00+00:00,28139.25,28146.75,28108.5,28119.5,2683
2026-07-31T14:14:00+00:00,28119.75,28150.5,28100.5,28137.5,2541
2026-07-31T14:15:00+00:00,28137,28163.75,28110.25,28124,3261
2026-07-31T14:16:00+00:00,28124.5,28127.25,28079.75,28111.5,3201
2026-07-31T14:17:00+00:00,28113.25,28161,28112.75,28135.75,2537
2026-07-31T14:18:00+00:00,28135,28196,28131,28194.75,2418
2026-07-31T14:19:00+00:00,28194.25,28214.5,28175,28177.5,4007
2026-07-31T14:20:00+00:00,28177,28236.25,28157,28224,2816
2026-07-31T14:21:00+00:00,28223.75,28235.5,28176,28203.75,2675
2026-07-31T14:22:00+00:00,28201.5,28248,28198.75,28236.5,2307
2026-07-31T14:23:00+00:00,28236.25,28247,28205.75,28230.25,2312
2026-07-31T14:24:00+00:00,28230.5,28232.75,28163.75,28196,2514
2026-07-31T14:25:00+00:00,28194,28222,28178.25,28195.25,1907
2026-07-31T14:26:00+00:00,28195.25,28209.25,28175.75,28193.75,1471
2026-07-31T14:27:00+00:00,28194.75,28232.25,28162.5,28225.5,2696
2026-07-31T14:28:00+00:00,28228.25,28254.75,28218.5,28251.5,1701
2026-07-31T14:29:00+00:00,28251.75,28258.75,28221.5,28249.75,1764
2026-07-31T14:30:00+00:00,28249.5,28266,28233.75,28255.75,1921
2026-07-31T14:31:00+00:00,28255.5,28281.75,28247,28251.25,2159
2026-07-31T14:32:00+00:00,28252,28257,28220.5,28256.25,1929
2026-07-31T14:33:00+00:00,28256.25,28275.75,28228,28230,1786
2026-07-31T14:34:00+00:00,28228.75,28248.25,28211.75,28236.75,1533
2026-07-31T14:35:00+00:00,28236.25,28285,28234.75,28281,1830
2026-07-31T14:36:00+00:00,28281.25,28288.75,28259,28276.75,1272
2026-07-31T14:37:00+00:00,28277,28292.75,28267.5,28276.5,1370
2026-07-31T14:38:00+00:00,28275.25,28290.75,28261.25,28262.25,991
2026-07-31T14:39:00+00:00,28261.5,28284.75,28258,28270,977
2026-07-31T14:40:00+00:00,28270.5,28296,28268.5,28286,1441
2026-07-31T14:41:00+00:00,28285.75,28291.5,28245,28249,1440
2026-07-31T14:42:00+00:00,28249,28250.5,28211.75,28237.25,1952
2026-07-31T14:43:00+00:00,28238,28262.75,28223.75,28259,1220
2026-07-31T14:44:00+00:00,28260,28280.75,28254.5,28268.75,1143
2026-07-31T14:45:00+00:00,28268.25,28279.25,28240.5,28250.5,2657
2026-07-31T14:46:00+00:00,28250.5,28305.75,28237,28274.75,2412
2026-07-31T14:47:00+00:00,28273.25,28284.75,28251,28279.25,1427
2026-07-31T14:48:00+00:00,28280.25,28317.5,28271.75,28317,1418
2026-07-31T14:49:00+00:00,28316.5,28338.75,28305.75,28332.5,1909
2026-07-31T14:50:00+00:00,28333.5,28342.75,28318,28327,1960
2026-07-31T14:51:00+00:00,28327,28345.5,28322.5,28339,1104
2026-07-31T14:52:00+00:00,28339.75,28342.5,28322.5,28332.25,1162
2026-07-31T14:53:00+00:00,28332,28345.5,28324,28338,1103
2026-07-31T14:54:00+00:00,28337,28339.25,28289.75,28298.25,1525
2026-07-31T14:55:00+00:00,28298.75,28307.25,28263.25,28276.5,1636
2026-07-31T14:56:00+00:00,28275.5,28322,28255.25,28313.25,1552
2026-07-31T14:57:00+00:00,28312.75,28333.75,28304.5,28310.25,1398
2026-07-31T14:58:00+00:00,28310,28321.5,28285.25,28321.5,1739
2026-07-31T14:59:00+00:00,28321.25,28323.25,28299.5,28307.5,1639
2026-07-31T15:00:00+00:00,28308.75,28326.25,28282.5,28285.75,1357
2026-07-31T15:01:00+00:00,28286.25,28307.25,28280.25,28290.5,1237
2026-07-31T15:02:00+00:00,28291,28314.25,28286,28303.25,1113
2026-07-31T15:03:00+00:00,28302.75,28312.5,28273.75,28288.25,1029
2026-07-31T15:04:00+00:00,28289.25,28328,28285.25,28321.75,1261
2026-07-31T15:05:00+00:00,28322,28342.25,28299.25,28300.75,1549
2026-07-31T15:06:00+00:00,28301.25,28324.75,28300,28305.75,985
2026-07-31T15:07:00+00:00,28305,28315.25,28288.5,28304.25,1097
2026-07-31T15:08:00+00:00,28304,28307.5,28283.75,28289,922
2026-07-31T15:09:00+00:00,28289.25,28293.5,28256.75,28277,1663
2026-07-31T15:10:00+00:00,28277,28285.75,28251.75,28267,1286
2026-07-31T15:11:00+00:00,28267.5,28270.25,28224,28231.5,1690
2026-07-31T15:12:00+00:00,28231.75,28270.25,28214.75,28266,1850
2026-07-31T15:13:00+00:00,28266.75,28279.75,28245.75,28275.75,1181
2026-07-31T15:14:00+00:00,28275.5,28299.75,28267.75,28269.25,1504
2026-07-31T15:15:00+00:00,28270.5,28339.25,28266.75,28307,2370
2026-07-31T15:16:00+00:00,28306,28309.75,28244.25,28259.25,1439
2026-07-31T15:17:00+00:00,28260.5,28266,28239.75,28253.25,904
2026-07-31T15:18:00+00:00,28253.25,28263,28236.25,28258.5,921
2026-07-31T15:19:00+00:00,28258.75,28271.75,28251.5,28261.25,851
2026-07-31T15:20:00+00:00,28260.5,28270.5,28236.75,28245,1048
2026-07-31T15:21:00+00:00,28245.25,28264.75,28220.5,28222.25,1127
2026-07-31T15:22:00+00:00,28222.75,28236.5,28206.25,28214,1408
2026-07-31T15:23:00+00:00,28214.75,28225,28201.75,28218.25,1070
2026-07-31T15:24:00+00:00,28218.5,28221.5,28193.25,28195.25,1239
2026-07-31T15:25:00+00:00,28196.25,28207.25,28173.5,28178.5,1988
2026-07-31T15:26:00+00:00,28178.25,28187.25,28132.25,28142.25,2295
2026-07-31T15:27:00+00:00,28141.75,28156.5,28131,28134,1602
2026-07-31T15:28:00+00:00,28134,28158,28122.25,28154.75,1478
2026-07-31T15:29:00+00:00,28154.25,28165,28135,28151.25,1457
2026-07-31T15:30:00+00:00,28152,28167.5,28138.75,28154.25,1708
2026-07-31T15:31:00+00:00,28155,28179.25,28148.75,28150.5,1738
2026-07-31T15:32:00+00:00,28150.75,28160.5,28140.25,28158.25,1330
2026-07-31T15:33:00+00:00,28157,28162.5,28138.5,28143.5,1341
2026-07-31T15:34:00+00:00,28143,28175.75,28115.5,28175,2067
2026-07-31T15:35:00+00:00,28175,28203.75,28171.75,28190.25,2162
2026-07-31T15:36:00+00:00,28190.75,28213.75,28186.25,28194.75,1484
2026-07-31T15:37:00+00:00,28194.5,28221.5,28194.25,28217.5,966
2026-07-31T15:38:00+00:00,28218.5,28261,28217.75,28248.75,1631
2026-07-31T15:39:00+00:00,28248.5,28253.75,28229.75,28234.75,1198
2026-07-31T15:40:00+00:00,28235.25,28249,28222.5,28228.75,1179
2026-07-31T15:41:00+00:00,28229,28230.5,28171.25,28180.25,1859
2026-07-31T15:42:00+00:00,28179.75,28192.5,28167,28181,1215
2026-07-31T15:43:00+00:00,28180.75,28202,28164,28200.75,1252
2026-07-31T15:44:00+00:00,28200.25,28217,28197.25,28215,940
2026-07-31T15:45:00+00:00,28215.25,28225.75,28190,28204.5,1156
2026-07-31T15:46:00+00:00,28204.75,28221,28193.25,28194.25,1073
2026-07-31T15:47:00+00:00,28195,28201.75,28164,28179,1394
2026-07-31T15:48:00+00:00,28180.25,28201,28169.25,28198.75,856
2026-07-31T15:49:00+00:00,28199.25,28209.5,28181.75,28194.5,843
2026-07-31T15:50:00+00:00,28194.5,28237,28189,28232.25,1335
2026-07-31T15:51:00+00:00,28232.25,28252.75,28226,28252.25,1236
2026-07-31T15:52:00+00:00,28251.5,28270.5,28230,28263.5,1558
2026-07-31T15:53:00+00:00,28263.5,28268.75,28242,28252.5,948
2026-07-31T15:54:00+00:00,28253.75,28288,28248.5,28280.25,1200
2026-07-31T15:55:00+00:00,28280.5,28291,28261.25,28270.5,1437
2026-07-31T15:56:00+00:00,28272.5,28283.75,28267.5,28278,950
2026-07-31T15:57:00+00:00,28278.25,28291,28276.5,28283,796
2026-07-31T15:58:00+00:00,28282.25,28295,28267,28267.25,1442
2026-07-31T15:59:00+00:00,28268.75,28277.75,28251.25,28274,948
2026-07-31T16:00:00+00:00,28274,28295,28257,28292,1382
2026-07-31T16:01:00+00:00,28293.25,28308.5,28286.75,28287.25,1577
2026-07-31T16:02:00+00:00,28287.75,28298,28270,28280,973
2026-07-31T16:03:00+00:00,28281.5,28292.75,28276.5,28287.25,607
2026-07-31T16:04:00+00:00,28287.25,28307.75,28284.75,28290.5,1163
2026-07-31T16:05:00+00:00,28291,28298,28272.25,28274.25,1002
2026-07-31T16:06:00+00:00,28274.5,28281.5,28252.25,28265,1057
2026-07-31T16:07:00+00:00,28265,28269.25,28243.75,28258.5,911
2026-07-31T16:08:00+00:00,28258.75,28277.25,28254.75,28276,557
2026-07-31T16:09:00+00:00,28275.5,28283.75,28271,28274.75,723
2026-07-31T16:10:00+00:00,28273.75,28288,28269,28279.25,713
2026-07-31T16:11:00+00:00,28279,28296,28272,28295,1082
2026-07-31T16:12:00+00:00,28294.5,28304.75,28282.5,28288.75,861
2026-07-31T16:13:00+00:00,28289.75,28304.5,28280,28303.75,682
2026-07-31T16:14:00+00:00,28304,28308.25,28283.25,28300.5,797
2026-07-31T16:15:00+00:00,28301.5,28310.25,28262.25,28265.75,1254
2026-07-31T16:16:00+00:00,28265.25,28284.5,28256,28281.25,887
2026-07-31T16:17:00+00:00,28281.5,28296.25,28273.75,28291,641
2026-07-31T16:18:00+00:00,28291.25,28300,28280,28297.25,600
2026-07-31T16:19:00+00:00,28298,28303.5,28285.75,28292.25,506
2026-07-31T16:20:00+00:00,28292.5,28309.25,28286.75,28309.25,626
2026-07-31T16:21:00+00:00,28309.25,28315.25,28293.25,28302.75,925
2026-07-31T16:22:00+00:00,28302.25,28319.25,28296.75,28310.25,895
2026-07-31T16:23:00+00:00,28310,28321,28309.5,28319,673
2026-07-31T16:24:00+00:00,28318.5,28342.5,28318.5,28332,1226
2026-07-31T16:25:00+00:00,28332.75,28334,28305.75,28313.5,901
2026-07-31T16:26:00+00:00,28313.5,28327.5,28305.25,28325.5,788
2026-07-31T16:27:00+00:00,28325.5,28339.25,28322.75,28323.25,739
2026-07-31T16:28:00+00:00,28323.5,28346.5,28319.75,28343.75,792
2026-07-31T16:29:00+00:00,28344.5,28364.25,28343.5,28363.75,1324
2026-07-31T16:30:00+00:00,28363.75,28381.5,28355,28355.5,1354
2026-07-31T16:31:00+00:00,28356.25,28376,28352.5,28376,976
2026-07-31T16:32:00+00:00,28376.5,28383.75,28372.5,28377.75,767
2026-07-31T16:33:00+00:00,28378.5,28388,28370,28385.5,791
2026-07-31T16:34:00+00:00,28385,28387,28371.25,28376.75,639
2026-07-31T16:35:00+00:00,28375.75,28388.75,28372.75,28382.75,757
2026-07-31T16:36:00+00:00,28384,28384.25,28361,28362.25,775
2026-07-31T16:37:00+00:00,28362.25,28375.5,28360.25,28370,599
2026-07-31T16:38:00+00:00,28370.25,28372.5,28355.75,28359,930
2026-07-31T16:39:00+00:00,28358.25,28371,28357,28362.75,648
2026-07-31T16:40:00+00:00,28363.5,28371.5,28355.25,28360.25,733
2026-07-31T16:41:00+00:00,28359.75,28364.25,28329,28330,1093
2026-07-31T16:42:00+00:00,28329.25,28342.25,28321,28337,1161
2026-07-31T16:43:00+00:00,28336,28343.5,28322.25,28326,642
2026-07-31T16:44:00+00:00,28327.75,28331,28313.75,28321.5,668
2026-07-31T16:45:00+00:00,28321.5,28333.25,28308.5,28325.5,828
2026-07-31T16:46:00+00:00,28326.75,28344.5,28313,28344.25,705
2026-07-31T16:47:00+00:00,28344.5,28347.5,28334.75,28344.5,708
2026-07-31T16:48:00+00:00,28344,28345.5,28332.5,28342.25,701
2026-07-31T16:49:00+00:00,28342.5,28349.75,28330,28348,709
2026-07-31T16:50:00+00:00,28348.5,28367,28344.5,28361,896
2026-07-31T16:51:00+00:00,28360.5,28383.75,28354.5,28372,945
2026-07-31T16:52:00+00:00,28371.75,28375.75,28363,28366.75,516
2026-07-31T16:53:00+00:00,28366.75,28372.25,28361.75,28368.25,524
2026-07-31T16:54:00+00:00,28369.25,28377,28352.75,28354.25,625
2026-07-31T16:55:00+00:00,28353,28371,28352,28367.25,829
2026-07-31T16:56:00+00:00,28367,28379.25,28362.75,28371,619
2026-07-31T16:57:00+00:00,28370.75,28387.5,28369.25,28385,702
2026-07-31T16:58:00+00:00,28385.25,28390,28375.25,28377.75,763
2026-07-31T16:59:00+00:00,28377.25,28381.25,28366.25,28366.75,542
2026-07-31T17:00:00+00:00,28367.25,28387.5,28360,28384.75,1065
2026-07-31T17:01:00+00:00,28385.25,28408,28379.25,28405.75,1198
2026-07-31T17:02:00+00:00,28406.25,28408.5,28397.75,28400.25,584
2026-07-31T17:03:00+00:00,28400,28409.5,28398.25,28406,460
2026-07-31T17:04:00+00:00,28405.5,28407.75,28394.25,28394.5,457
2026-07-31T17:05:00+00:00,28394.75,28405,28389,28397.25,596
2026-07-31T17:06:00+00:00,28396.25,28399.75,28382.75,28384.25,621
2026-07-31T17:07:00+00:00,28383.25,28385.5,28368.5,28368.75,762
2026-07-31T17:08:00+00:00,28368.5,28378,28364.75,28375.75,561
2026-07-31T17:09:00+00:00,28375.75,28383,28369.5,28379,570
2026-07-31T17:10:00+00:00,28379.5,28394.5,28367.75,28386,532
2026-07-31T17:11:00+00:00,28385.75,28404.75,28385.75,28402.25,674
2026-07-31T17:12:00+00:00,28401.75,28411.25,28401.5,28404.25,705
2026-07-31T17:13:00+00:00,28404.25,28407,28398.25,28401,370
2026-07-31T17:14:00+00:00,28401.5,28407,28394.75,28402,384
2026-07-31T17:15:00+00:00,28403,28421.25,28398.25,28412.75,886
2026-07-31T17:16:00+00:00,28413,28422,28403.5,28406.75,632
2026-07-31T17:17:00+00:00,28406.25,28409,28399.75,28399.75,352
2026-07-31T17:18:00+00:00,28400,28408.5,28396,28402.75,391
2026-07-31T17:19:00+00:00,28403,28420.25,28402,28417.75,445
2026-07-31T17:20:00+00:00,28417.5,28423,28416.5,28420.25,475
2026-07-31T17:21:00+00:00,28420.75,28420.75,28408.5,28409.5,548
2026-07-31T17:22:00+00:00,28410,28413.75,28397,28413.75,615
2026-07-31T17:23:00+00:00,28413.75,28429.5,28412,28429.25,624
2026-07-31T17:24:00+00:00,28429.5,28456,28428.25,28453.75,1301
2026-07-31T17:25:00+00:00,28454,28465,28451.75,28461.75,1033
2026-07-31T17:26:00+00:00,28461,28464.75,28449.75,28464.25,865
2026-07-31T17:27:00+00:00,28464.5,28477.5,28454.25,28456,1367
2026-07-31T17:28:00+00:00,28456,28469.25,28454.25,28456.75,841
2026-07-31T17:29:00+00:00,28457,28468,28455,28461.5,832
2026-07-31T17:30:00+00:00,28462.5,28463.25,28450.5,28454.75,917
2026-07-31T17:31:00+00:00,28454.25,28468.25,28453.25,28461.25,533
2026-07-31T17:32:00+00:00,28461.25,28467,28449,28461.5,725
2026-07-31T17:33:00+00:00,28460.75,28481.25,28459,28481.25,1046
2026-07-31T17:34:00+00:00,28481.25,28485.5,28476.25,28482,804
2026-07-31T17:35:00+00:00,28481,28490.5,28475.75,28486.25,774
2026-07-31T17:36:00+00:00,28486,28493.75,28485,28490,932
2026-07-31T17:37:00+00:00,28489,28499.5,28488.5,28498.5,702
2026-07-31T17:38:00+00:00,28498,28503,28478.5,28479,1162
2026-07-31T17:39:00+00:00,28478.5,28478.5,28454.75,28455.75,1309
2026-07-31T17:40:00+00:00,28454.75,28471.75,28452,28465.75,733
2026-07-31T17:41:00+00:00,28466.25,28468.25,28452,28456.25,804
2026-07-31T17:42:00+00:00,28456,28456.75,28443.25,28447.5,926
2026-07-31T17:43:00+00:00,28447.25,28461,28446,28460.5,558
2026-07-31T17:44:00+00:00,28459.5,28466.75,28451.5,28457.5,520
2026-07-31T17:45:00+00:00,28456.25,28464.75,28450.75,28451.5,636
2026-07-31T17:46:00+00:00,28451.5,28475.75,28451.5,28463.75,843
2026-07-31T17:47:00+00:00,28463.75,28465.25,28433.75,28434.75,837
2026-07-31T17:48:00+00:00,28435,28438.5,28419.75,28427.5,1189
2026-07-31T17:49:00+00:00,28428,28433.75,28417.75,28421,659
2026-07-31T17:50:00+00:00,28421,28432,28415.75,28430.25,775
2026-07-31T17:51:00+00:00,28430.25,28449.75,28420,28449.75,850
2026-07-31T17:52:00+00:00,28450,28466.25,28445.25,28446.5,1189
2026-07-31T17:53:00+00:00,28447.75,28453.5,28440.5,28442.25,499
2026-07-31T17:54:00+00:00,28442.75,28451,28440,28443.25,544
2026-07-31T17:55:00+00:00,28444,28455.75,28441.75,28450,499
2026-07-31T17:56:00+00:00,28450,28458.75,28445.75,28447.5,444
2026-07-31T17:57:00+00:00,28446.5,28448,28435.5,28446.25,634
2026-07-31T17:58:00+00:00,28445.25,28447.5,28435,28436.5,410
2026-07-31T17:59:00+00:00,28436.25,28436.25,28424.5,28429,551
2026-07-31T18:00:00+00:00,28429,28443.25,28418.25,28441,995
2026-07-31T18:01:00+00:00,28441.5,28459.75,28441.5,28447.25,686
2026-07-31T18:02:00+00:00,28446.75,28448.75,28436.25,28441.75,494
2026-07-31T18:03:00+00:00,28441.75,28444.75,28428.75,28430,486
2026-07-31T18:04:00+00:00,28430.5,28439.5,28426,28426,466
2026-07-31T18:05:00+00:00,28426.25,28428.5,28414.75,28426,734
2026-07-31T18:06:00+00:00,28427.5,28452.25,28427.25,28444.5,821
2026-07-31T18:07:00+00:00,28444,28447,28428.25,28433,496
2026-07-31T18:08:00+00:00,28432.75,28443.5,28428,28436.75,388
2026-07-31T18:09:00+00:00,28436.5,28439.75,28427.5,28429,481
2026-07-31T18:10:00+00:00,28428.75,28437.25,28417.25,28419.75,590
2026-07-31T18:11:00+00:00,28419.5,28420.75,28397.75,28402.75,1029
2026-07-31T18:12:00+00:00,28403.25,28410.75,28396,28398.25,873
2026-07-31T18:13:00+00:00,28398.5,28409.25,28395.25,28406.75,687
2026-07-31T18:14:00+00:00,28406.5,28414.25,28396.25,28403.75,879
2026-07-31T18:15:00+00:00,28402.75,28419.5,28398.5,28417.5,723
2026-07-31T18:16:00+00:00,28418,28424.5,28413.75,28418.5,643
2026-07-31T18:17:00+00:00,28419.75,28433,28415.5,28423,463
2026-07-31T18:18:00+00:00,28423,28446,28421.25,28440.5,681
2026-07-31T18:19:00+00:00,28441,28442.25,28426.25,28427.25,546
2026-07-31T18:20:00+00:00,28428,28441.5,28420.5,28433.25,631
2026-07-31T18:21:00+00:00,28433.25,28444,28428,28437.25,530
2026-07-31T18:22:00+00:00,28437.5,28443.75,28431,28438,477
2026-07-31T18:23:00+00:00,28437.75,28443.75,28434.5,28436.75,409
2026-07-31T18:24:00+00:00,28436.5,28445.5,28434.75,28437.25,438
2026-07-31T18:25:00+00:00,28437.75,28439.25,28414.75,28418.25,655
2026-07-31T18:26:00+00:00,28419.25,28424.25,28413,28418.5,399
2026-07-31T18:27:00+00:00,28419,28423,28413.25,28419.25,419
2026-07-31T18:28:00+00:00,28419,28426.5,28415.25,28418.25,341
2026-07-31T18:29:00+00:00,28419,28428.5,28417,28422,318
2026-07-31T18:30:00+00:00,28422,28441.5,28422,28440,583
2026-07-31T18:31:00+00:00,28440.25,28444,28433.75,28438.75,329
2026-07-31T18:32:00+00:00,28438.75,28440.25,28433.5,28440,282
2026-07-31T18:33:00+00:00,28439.5,28440.25,28433.25,28438.5,326
2026-07-31T18:34:00+00:00,28438.5,28448,28434.25,28434.75,410
2026-07-31T18:35:00+00:00,28434.75,28434.75,28415.75,28428,619
2026-07-31T18:36:00+00:00,28428.5,28436.75,28423,28424.25,377
2026-07-31T18:37:00+00:00,28423.75,28430,28415.75,28425.5,536
2026-07-31T18:38:00+00:00,28425,28433.5,28424.75,28430.25,255
2026-07-31T18:39:00+00:00,28431.75,28433.25,28425.5,28426.25,233
2026-07-31T18:40:00+00:00,28426.25,28427.75,28415.5,28424.75,424
2026-07-31T18:41:00+00:00,28425.25,28437.25,28423.25,28428.75,718
2026-07-31T18:42:00+00:00,28429.75,28441.25,28425,28440.25,330
2026-07-31T18:43:00+00:00,28440,28442.5,28434.5,28435,267
2026-07-31T18:44:00+00:00,28434.75,28439.25,28428.75,28432.5,259
2026-07-31T18:45:00+00:00,28432.5,28445,28430.5,28440.5,390
2026-07-31T18:46:00+00:00,28440.5,28443,28426.5,28426.5,529
2026-07-31T18:47:00+00:00,28425.75,28431,28422,28430.5,320
2026-07-31T18:48:00+00:00,28430.25,28439.5,28427.25,28439.25,345
2026-07-31T18:49:00+00:00,28439.5,28449.25,28435.75,28448,425
2026-07-31T18:50:00+00:00,28448,28462,28447.75,28458,816
2026-07-31T18:51:00+00:00,28458.25,28461,28449.5,28455.75,443
2026-07-31T18:52:00+00:00,28455.5,28461,28449.75,28450.75,387
2026-07-31T18:53:00+00:00,28450.25,28454,28446,28450.5,373
2026-07-31T18:54:00+00:00,28450.75,28451.75,28443.25,28446.25,356
2026-07-31T18:55:00+00:00,28446.25,28453,28429.25,28429.75,593
2026-07-31T18:56:00+00:00,28429.75,28433.75,28424,28430.25,465
2026-07-31T18:57:00+00:00,28429.5,28432.25,28416.5,28429.75,766
2026-07-31T18:58:00+00:00,28430,28435.25,28427.25,28432,368
2026-07-31T18:59:00+00:00,28430.5,28439.25,28428.25,28433.75,475
2026-07-31T19:00:00+00:00,28433.5,28458.75,28431.25,28449,861
2026-07-31T19:01:00+00:00,28448.25,28451.25,28434.75,28437.75,524
2026-07-31T19:02:00+00:00,28438.5,28445.75,28432.75,28434,576
2026-07-31T19:03:00+00:00,28433,28440.5,28427.5,28430,512
2026-07-31T19:04:00+00:00,28429.75,28430.75,28418.25,28420.5,459
2026-07-31T19:05:00+00:00,28421.5,28431.25,28410.25,28428.5,863
2026-07-31T19:06:00+00:00,28428.75,28429.75,28410.5,28415,444
2026-07-31T19:07:00+00:00,28415.5,28423.5,28405.5,28422.5,503
2026-07-31T19:08:00+00:00,28422.5,28427.75,28416.5,28425.75,508
2026-07-31T19:09:00+00:00,28426,28432.5,28423.25,28427.75,438
2026-07-31T19:10:00+00:00,28427.25,28438.25,28425.25,28432.25,509
2026-07-31T19:11:00+00:00,28432,28438.25,28424.75,28428,448
2026-07-31T19:12:00+00:00,28427.75,28442.25,28419,28439.5,673
2026-07-31T19:13:00+00:00,28439.5,28442.25,28435.5,28436,385
2026-07-31T19:14:00+00:00,28437,28440.5,28431.25,28433,278
2026-07-31T19:15:00+00:00,28433.5,28444.75,28426.25,28441.5,591
2026-07-31T19:16:00+00:00,28441.5,28446,28433.5,28436.75,436
2026-07-31T19:17:00+00:00,28437,28455.75,28435.25,28455.25,774
2026-07-31T19:18:00+00:00,28454.75,28473,28454.25,28471.5,1132
2026-07-31T19:19:00+00:00,28471,28487.5,28470.25,28485.5,870
2026-07-31T19:20:00+00:00,28485.5,28492,28479,28486.75,1210
2026-07-31T19:21:00+00:00,28487,28495,28484,28487.75,741
2026-07-31T19:22:00+00:00,28488.75,28498,28487.5,28488.25,719
2026-07-31T19:23:00+00:00,28488.5,28492.25,28477,28479,780
2026-07-31T19:24:00+00:00,28479,28481,28467.75,28470,963
2026-07-31T19:25:00+00:00,28469.75,28471.5,28461,28465.75,691
2026-07-31T19:26:00+00:00,28465.25,28480.5,28465.25,28472.5,528
2026-07-31T19:27:00+00:00,28472,28478.25,28468.5,28472.5,448
2026-07-31T19:28:00+00:00,28472.5,28478.25,28471.25,28473.75,428
2026-07-31T19:29:00+00:00,28473.5,28477.5,28468,28475.25,361
2026-07-31T19:30:00+00:00,28474.5,28480.5,28443.5,28453.75,1483
2026-07-31T19:31:00+00:00,28453.5,28454.5,28442.5,28451.25,688
2026-07-31T19:32:00+00:00,28451.5,28455.25,28441.75,28455.25,547
2026-07-31T19:33:00+00:00,28454.25,28460.75,28449.5,28451,570
2026-07-31T19:34:00+00:00,28451,28464,28448,28459.75,583
2026-07-31T19:35:00+00:00,28460,28469.75,28453.75,28465,841
2026-07-31T19:36:00+00:00,28464.5,28473.5,28460,28470.75,669
2026-07-31T19:37:00+00:00,28470.75,28471,28457.25,28462.5,591
2026-07-31T19:38:00+00:00,28462.25,28466.75,28451.75,28459.5,617
2026-07-31T19:39:00+00:00,28459.5,28463.75,28456.5,28458.5,474
2026-07-31T19:40:00+00:00,28458.75,28461.25,28445.25,28448,713
2026-07-31T19:41:00+00:00,28447.75,28453.5,28435.75,28437,854
2026-07-31T19:42:00+00:00,28437.75,28450.5,28434.5,28450.25,586
2026-07-31T19:43:00+00:00,28451.5,28474.5,28451.5,28474.5,772
2026-07-31T19:44:00+00:00,28473.75,28483.5,28468.75,28476.75,807
2026-07-31T19:45:00+00:00,28477,28498,28477,28485.25,1575
2026-07-31T19:46:00+00:00,28485.5,28505.75,28484.75,28498.25,1445
2026-07-31T19:47:00+00:00,28499,28505.5,28482.25,28484.5,934
2026-07-31T19:48:00+00:00,28483.75,28489.5,28481.25,28486.75,651
2026-07-31T19:49:00+00:00,28486.75,28510,28483.75,28509.25,858
2026-07-31T19:50:00+00:00,28508.5,28518.5,28488,28491,2356
2026-07-31T19:51:00+00:00,28491.5,28491.5,28473.75,28481.75,1393
2026-07-31T19:52:00+00:00,28482,28504,28480.5,28500.5,1003
2026-07-31T19:53:00+00:00,28500.25,28516.75,28492,28512.25,1244
2026-07-31T19:54:00+00:00,28512.75,28524,28502.75,28507.5,2807
2026-07-31T19:55:00+00:00,28507,28517.5,28461.75,28470.75,2494
2026-07-31T19:56:00+00:00,28471,28481.5,28469.5,28474.25,1167
2026-07-31T19:57:00+00:00,28474.5,28479.25,28455.5,28457,1407
2026-07-31T19:58:00+00:00,28457.25,28464.5,28448.25,28458.75,1708
2026-07-31T19:59:00+00:00,28458.25,28462.25,28380,28402.75,12977
2026-07-31T20:00:00+00:00,28402.5,28434.25,28400,28409.25,4034
2026-07-31T20:01:00+00:00,28409.5,28412.75,28386.75,28387,1809
2026-07-31T20:02:00+00:00,28388,28389.5,28340.5,28353,2223
2026-07-31T20:03:00+00:00,28353.75,28362,28345,28350,935
2026-07-31T20:04:00+00:00,28351.5,28368.75,28346.75,28362.5,988
2026-07-31T20:05:00+00:00,28363.25,28375,28347.5,28359.5,870
2026-07-31T20:06:00+00:00,28359.25,28379,28356.75,28374.5,746
2026-07-31T20:07:00+00:00,28375,28378.5,28360.75,28372.5,407
2026-07-31T20:08:00+00:00,28372.5,28393.5,28369.75,28391.5,448
2026-07-31T20:09:00+00:00,28392.5,28400.25,28386.5,28391.25,582
2026-07-31T20:10:00+00:00,28391,28402.75,28387.75,28395.5,446
2026-07-31T20:11:00+00:00,28396,28401.25,28390.5,28392.5,302
2026-07-31T20:12:00+00:00,28392.5,28400,28390,28394,343
2026-07-31T20:13:00+00:00,28394.25,28404,28394.25,28396.5,479
2026-07-31T20:14:00+00:00,28396.25,28400.5,28392.25,28393.75,363
2026-08-03T13:30:00+00:00,31636.739999999998,31645.019999999997,31572.440000000002,31575.39,9726
2026-08-03T13:31:00+00:00,31575.39,31597.019999999997,31554.769999999997,31565.769999999997,9751
2026-08-03T13:32:00+00:00,31565.769999999997,31581.14,31531.019999999997,31564.269999999997,10165
2026-08-03T13:33:00+00:00,31564.269999999997,31578.519999999997,31541.89,31572.64,9756
2026-08-03T13:34:00+00:00,31572.64,31617.89,31568.019999999997,31597.269999999997,10444
2026-08-03T13:35:00+00:00,31597.269999999997,31678.64,31592.269999999997,31665.64,9359
2026-08-03T13:36:00+00:00,31665.64,31716.64,31659.64,31715.769999999997,8758
2026-08-03T13:37:00+00:00,31715.769999999997,31755.89,31704.39,31705.519999999997,9442
2026-08-03T13:38:00+00:00,31705.519999999997,31722.39,31681.39,31717.64,9860
2026-08-03T13:39:00+00:00,31717.64,31734.14,31695.269999999997,31718.519999999997,9259
2026-08-03T13:40:00+00:00,31718.519999999997,31737.769999999997,31658.269999999997,31687.64,9427
2026-08-03T13:41:00+00:00,31687.64,31706.39,31669.019999999997,31685.14,9159
2026-08-03T13:42:00+00:00,31685.14,31695.39,31637.14,31648.14,7574
2026-08-03T13:43:00+00:00,31648.14,31662.769999999997,31637.14,31656.39,8503
2026-08-03T13:44:00+00:00,31656.39,31714.519999999997,31653.940000000002,31708.690000000002,4948
2026-08-03T13:45:00+00:00,31708.690000000002,31741.019999999997,31702.64,31705.269999999997,8331
2026-08-03T13:46:00+00:00,31705.269999999997,31718.89,31660.269999999997,31666.39,8015
2026-08-03T13:47:00+00:00,31666.39,31711.769999999997,31666.39,31711.769999999997,8158
2026-08-03T13:48:00+00:00,31711.769999999997,31754.64,31700.89,31721.519999999997,9396
2026-08-03T13:49:00+00:00,31721.519999999997,31725.39,31689.39,31690.89,6368
2026-08-03T13:50:00+00:00,31690.89,31711.89,31675.440000000002,31684.519999999997,7989
2026-08-03T13:51:00+00:00,31684.519999999997,31722.769999999997,31683.769999999997,31722.14,8163
2026-08-03T13:52:00+00:00,31722.14,31724.39,31696.14,31705.89,8308
2026-08-03T13:53:00+00:00,31705.89,31739.769999999997,31700.89,31739.769999999997,7891
2026-08-03T13:54:00+00:00,31739.769999999997,31741.64,31712.019999999997,31741.64,7548
2026-08-03T13:55:00+00:00,31741.64,31780.269999999997,31731.64,31772.769999999997,8452
2026-08-03T13:56:00+00:00,31772.769999999997,31782.39,31761.019999999997,31774.519999999997,7577
2026-08-03T13:57:00+00:00,31774.519999999997,31801.019999999997,31774.39,31798.769999999997,6754
2026-08-03T13:58:00+00:00,31798.769999999997,31825.769999999997,31789.019999999997,31821.14,5237
2026-08-03T13:59:00+00:00,31821.14,31842.440000000002,31807.269999999997,31840.89,3623
2026-08-03T14:00:00+00:00,31840.89,31840.89,31795.519999999997,31820.64,6806
2026-08-03T14:01:00+00:00,31820.64,31821.39,31789.769999999997,31798.64,7214
2026-08-03T14:02:00+00:00,31798.64,31801.89,31775.519999999997,31798.769999999997,9716
2026-08-03T14:03:00+00:00,31798.769999999997,31825.64,31782.019999999997,31784.14,10453
2026-08-03T14:04:00+00:00,31784.14,31786.89,31752.39,31770.019999999997,8662
2026-08-03T14:05:00+00:00,31770.019999999997,31795.39,31758.269999999997,31786.64,9023
2026-08-03T14:06:00+00:00,31786.64,31813.14,31786.64,31797.769999999997,8486
2026-08-03T14:07:00+00:00,31797.769999999997,31804.14,31767.269999999997,31767.89,9673
2026-08-03T14:08:00+00:00,31767.89,31795.269999999997,31747.519999999997,31782.39,10019
2026-08-03T14:09:00+00:00,31782.39,31801.39,31782.14,31788.14,8910
2026-08-03T14:10:00+00:00,31788.14,31815.769999999997,31778.769999999997,31804.269999999997,8389
2026-08-03T14:11:00+00:00,31804.269999999997,31820.269999999997,31799.64,31818.269999999997,6952
2026-08-03T14:12:00+00:00,31818.269999999997,31831.769999999997,31807.269999999997,31810.019999999997,6899
2026-08-03T14:13:00+00:00,31810.019999999997,31825.64,31803.64,31808.269999999997,6795
2026-08-03T14:14:00+00:00,31808.269999999997,31808.269999999997,31775.769999999997,31787.519999999997,7055
2026-08-03T14:15:00+00:00,31787.519999999997,31792.89,31776.39,31792.89,9210
2026-08-03T14:16:00+00:00,31792.89,31835.269999999997,31792.89,31827.39,7081
2026-08-03T14:17:00+00:00,31827.39,31838.39,31817.64,31831.269999999997,7450
2026-08-03T14:18:00+00:00,31831.269999999997,31854.39,31827.769999999997,31845.519999999997,6014
2026-08-03T14:19:00+00:00,31845.519999999997,31848.769999999997,31830.019999999997,31830.019999999997,6835
2026-08-03T14:20:00+00:00,31830.019999999997,31854.64,31823.519999999997,31853.769999999997,7550
2026-08-03T14:21:00+00:00,31853.769999999997,31866.519999999997,31847.519999999997,31866.39,6181
2026-08-03T14:22:00+00:00,31866.39,31876.14,31859.769999999997,31860.14,5404
2026-08-03T14:23:00+00:00,31860.14,31874.89,31859.019999999997,31872.64,5826
2026-08-03T14:24:00+00:00,31872.64,31880.519999999997,31865.769999999997,31878.14,5455
2026-08-03T14:25:00+00:00,31878.14,31896.269999999997,31878.14,31879.39,5395
2026-08-03T14:26:00+00:00,31879.39,31883.769999999997,31871.019999999997,31882.769999999997,5568
2026-08-03T14:27:00+00:00,31882.769999999997,31887.269999999997,31856.39,31870.769999999997,5943
2026-08-03T14:28:00+00:00,31870.769999999997,31887.769999999997,31865.519999999997,31873.269999999997,5095
2026-08-03T14:29:00+00:00,31873.269999999997,31900.019999999997,31871.269999999997,31894.519999999997,5053
2026-08-03T14:30:00+00:00,31894.519999999997,31898.269999999997,31878.269999999997,31886.019999999997,6075
2026-08-03T14:31:00+00:00,31886.019999999997,31900.14,31883.64,31890.269999999997,4997
2026-08-03T14:32:00+00:00,31890.269999999997,31900.64,31890.269999999997,31893.519999999997,4233
2026-08-03T14:33:00+00:00,31893.519999999997,31907.769999999997,31892.39,31900.14,4249
2026-08-03T14:34:00+00:00,31900.14,31904.519999999997,31888.269999999997,31900.769999999997,4239
2026-08-03T14:35:00+00:00,31900.769999999997,31914.14,31900.14,31913.39,3869
2026-08-03T14:36:00+00:00,31913.39,31926.64,31905.769999999997,31925.019999999997,4346
2026-08-03T14:37:00+00:00,31925.019999999997,31937.019999999997,31921.019999999997,31928.14,3589
2026-08-03T14:38:00+00:00,31928.14,31932.269999999997,31922.269999999997,31925.269999999997,3496
2026-08-03T14:39:00+00:00,31925.269999999997,31947.519999999997,31924.89,31933.14,4024
2026-08-03T14:40:00+00:00,31933.14,31946.39,31927.269999999997,31942.519999999997,4249
2026-08-03T14:41:00+00:00,31942.519999999997,31950.14,31932.519999999997,31936.39,4179
2026-08-03T14:42:00+00:00,31936.39,31939.019999999997,31921.519999999997,31933.019999999997,4767
2026-08-03T14:43:00+00:00,31933.019999999997,31935.019999999997,31919.14,31930.519999999997,4407
2026-08-03T14:44:00+00:00,31930.519999999997,31937.14,31922.39,31922.39,3288
2026-08-03T14:45:00+00:00,31922.39,31930.519999999997,31918.019999999997,31918.769999999997,4840
2026-08-03T14:46:00+00:00,31918.769999999997,31948.019999999997,31918.769999999997,31944.019999999997,4688
2026-08-03T14:47:00+00:00,31944.019999999997,31949.269999999997,31932.269999999997,31943.519999999997,4098
2026-08-03T14:48:00+00:00,31943.519999999997,31958.019999999997,31942.64,31947.519999999997,4252
2026-08-03T14:49:00+00:00,31947.519999999997,31960.519999999997,31943.39,31955.019999999997,3931
2026-08-03T14:50:00+00:00,31955.019999999997,31965.019999999997,31948.14,31964.519999999997,3931
2026-08-03T14:51:00+00:00,31964.519999999997,31994.519999999997,31964.519999999997,31992.769999999997,4014
2026-08-03T14:52:00+00:00,31992.769999999997,31999.519999999997,31988.769999999997,31997.14,3632
2026-08-03T14:53:00+00:00,31997.14,32011.519999999997,31997.14,32011.519999999997,3517
2026-08-03T14:54:00+00:00,32011.519999999997,32014.019999999997,31994.39,31996.269999999997,3792
2026-08-03T14:55:00+00:00,31996.269999999997,32018.14,31996.269999999997,32008.64,3945
2026-08-03T14:56:00+00:00,32008.64,32017.019999999997,32002.14,32003.769999999997,3947
2026-08-03T14:57:00+00:00,32003.769999999997,32011.89,31998.89,32007.39,3863
2026-08-03T14:58:00+00:00,32007.39,32012.14,31999.519999999997,32011.89,3704
2026-08-03T14:59:00+00:00,32011.89,32019.39,32009.39,32017.89,3132
2026-08-03T15:00:00+00:00,32017.89,32018.019999999997,32004.269999999997,32009.519999999997,3542
2026-08-03T15:01:00+00:00,32009.519999999997,32014.269999999997,32001.019999999997,32012.019999999997,3142
2026-08-03T15:02:00+00:00,32012.019999999997,32014.269999999997,32004.269999999997,32007.769999999997,2743
2026-08-03T15:03:00+00:00,32007.769999999997,32010.519999999997,32002.39,32006.519999999997,3149
2026-08-03T15:04:00+00:00,32006.519999999997,32008.769999999997,31998.39,32007.519999999997,2968
2026-08-03T15:05:00+00:00,32007.519999999997,32011.519999999997,31994.14,31994.14,3083
2026-08-03T15:06:00+00:00,31994.14,31994.269999999997,31977.269999999997,31993.89,4136
2026-08-03T15:07:00+00:00,31993.89,32006.89,31987.769999999997,32002.269999999997,4306
2026-08-03T15:08:00+00:00,32002.269999999997,32005.14,31984.519999999997,31994.269999999997,3941
2026-08-03T15:09:00+00:00,31994.269999999997,31995.64,31977.89,31983.519999999997,3426
2026-08-03T15:10:00+00:00,31983.519999999997,31983.519999999997,31973.019999999997,31980.769999999997,4170
2026-08-03T15:11:00+00:00,31980.769999999997,31981.769999999997,31969.64,31981.019999999997,3615
2026-08-03T15:12:00+00:00,31981.019999999997,31983.019999999997,31964.269999999997,31983.019999999997,3799
2026-08-03T15:13:00+00:00,31983.019999999997,31997.14,31979.519999999997,31987.019999999997,3964
2026-08-03T15:14:00+00:00,31987.019999999997,31990.269999999997,31970.269999999997,31973.39,3862
2026-08-03T15:15:00+00:00,31973.39,31991.519999999997,31972.89,31990.769999999997,3909
2026-08-03T15:16:00+00:00,31990.769999999997,32003.14,31990.019999999997,31998.39,3250
2026-08-03T15:17:00+00:00,31998.39,31999.519999999997,31982.269999999997,31992.269999999997,3734
2026-08-03T15:18:00+00:00,31992.269999999997,31999.89,31989.019999999997,31993.89,2756
2026-08-03T15:19:00+00:00,31993.89,32002.019999999997,31991.019999999997,31996.269999999997,3094
2026-08-03T15:20:00+00:00,31996.269999999997,32014.39,31996.269999999997,32013.519999999997,3452
2026-08-03T15:21:00+00:00,32013.519999999997,32014.019999999997,31998.64,32003.769999999997,3391
2026-08-03T15:22:00+00:00,32003.769999999997,32008.769999999997,31986.39,32008.769999999997,3642
2026-08-03T15:23:00+00:00,32008.769999999997,32009.769999999997,32000.769999999997,32007.769999999997,2784
2026-08-03T15:24:00+00:00,32007.769999999997,32011.39,31995.14,31996.64,2878
2026-08-03T15:25:00+00:00,31996.64,32008.269999999997,31983.14,31996.190000000002,2818
2026-08-03T15:26:00+00:00,31996.190000000002,31996.190000000002,31976.269999999997,31977.14,3356
2026-08-03T15:27:00+00:00,31977.14,31982.64,31970.769999999997,31975.769999999997,3996
2026-08-03T15:28:00+00:00,31975.769999999997,31978.769999999997,31940.64,31952.769999999997,4185
2026-08-03T15:29:00+00:00,31952.769999999997,31959.39,31946.519999999997,31949.64,4719
2026-08-03T15:30:00+00:00,31949.64,31978.019999999997,31948.64,31966.269999999997,5212
2026-08-03T15:31:00+00:00,31966.269999999997,31990.14,31964.019999999997,31977.14,3344
2026-08-03T15:32:00+00:00,31977.14,31987.519999999997,31970.019999999997,31973.64,3288
2026-08-03T15:33:00+00:00,31973.64,31990.519999999997,31969.769999999997,31990.269999999997,4255
2026-08-03T15:34:00+00:00,31990.269999999997,31996.269999999997,31977.019999999997,31981.019999999997,4021
2026-08-03T15:35:00+00:00,31981.019999999997,31992.269999999997,31971.769999999997,31992.269999999997,4538
2026-08-03T15:36:00+00:00,31992.269999999997,31994.019999999997,31977.519999999997,31979.89,3564
2026-08-03T15:37:00+00:00,31979.89,31983.39,31966.519999999997,31971.019999999997,3613
2026-08-03T15:38:00+00:00,31971.019999999997,31978.769999999997,31964.519999999997,31972.64,4017
2026-08-03T15:39:00+00:00,31972.64,31989.269999999997,31972.64,31983.019999999997,3106
2026-08-03T15:40:00+00:00,31983.019999999997,32003.269999999997,31981.519999999997,31995.769999999997,3108
2026-08-03T15:41:00+00:00,31995.769999999997,32004.519999999997,31988.519999999997,31991.019999999997,2597
2026-08-03T15:42:00+00:00,31991.019999999997,32001.269999999997,31988.519999999997,31999.269999999997,2757
2026-08-03T15:43:00+00:00,31999.269999999997,32004.14,31995.64,31998.019999999997,2649
2026-08-03T15:44:00+00:00,31998.019999999997,32002.519999999997,31996.14,31998.519999999997,2308
2026-08-03T15:45:00+00:00,31998.519999999997,32008.769999999997,31998.519999999997,32002.019999999997,3136
2026-08-03T15:46:00+00:00,32002.019999999997,32009.14,31999.64,32003.14,2479
2026-08-03T15:47:00+00:00,32003.14,32004.519999999997,31997.019999999997,32001.64,2495
2026-08-03T15:48:00+00:00,32001.64,32004.14,31993.269999999997,31996.64,2398
2026-08-03T15:49:00+00:00,31996.64,32011.269999999997,31995.269999999997,32002.019999999997,2693
2026-08-03T15:50:00+00:00,32002.019999999997,32006.14,31999.39,32004.269999999997,2076
2026-08-03T15:51:00+00:00,32004.269999999997,32007.519999999997,31992.769999999997,32002.89,2506
2026-08-03T15:52:00+00:00,32002.89,32008.39,32000.019999999997,32007.019999999997,2218
2026-08-03T15:53:00+00:00,32007.019999999997,32023.39,32005.769999999997,32023.39,2237
2026-08-03T15:54:00+00:00,32023.39,32028.519999999997,32020.89,32020.89,2376
2026-08-03T15:55:00+00:00,32020.89,32021.89,32011.14,32016.269999999997,2726
2026-08-03T15:56:00+00:00,32016.269999999997,32017.64,32007.14,32007.14,2365
2026-08-03T15:57:00+00:00,32007.14,32009.39,31996.14,32002.019999999997,2729
2026-08-03T15:58:00+00:00,32002.019999999997,32010.14,31997.519999999997,32004.89,2427
2026-08-03T15:59:00+00:00,32004.89,32012.769999999997,31998.519999999997,32008.64,2518
2026-08-03T16:00:00+00:00,32008.64,32024.64,32008.519999999997,32016.019999999997,2667
2026-08-03T16:01:00+00:00,32016.019999999997,32022.019999999997,32006.64,32018.89,2433
2026-08-03T16:02:00+00:00,32018.89,32022.64,32014.14,32020.14,2065
2026-08-03T16:03:00+00:00,32020.14,32025.89,32019.39,32024.64,1913
2026-08-03T16:04:00+00:00,32024.64,32030.769999999997,32021.89,32023.019999999997,2033
2026-08-03T16:05:00+00:00,32023.019999999997,32034.64,32022.64,32034.14,2070
2026-08-03T16:06:00+00:00,32034.14,32036.519999999997,32028.269999999997,32031.019999999997,1867
2026-08-03T16:07:00+00:00,32031.019999999997,32032.769999999997,32025.39,32025.64,2052
2026-08-03T16:08:00+00:00,32025.64,32036.89,32017.269999999997,32018.89,2288
2026-08-03T16:09:00+00:00,32018.89,32030.39,32016.14,32028.89,2269
2026-08-03T16:10:00+00:00,32028.89,32029.89,32020.39,32026.019999999997,2335
2026-08-03T16:11:00+00:00,32026.019999999997,32029.519999999997,32020.269999999997,32022.39,2306
2026-08-03T16:12:00+00:00,32022.39,32026.519999999997,32018.269999999997,32026.14,2027
2026-08-03T16:13:00+00:00,32026.14,32028.519999999997,32019.64,32025.269999999997,1827
2026-08-03T16:14:00+00:00,32025.269999999997,32034.89,32021.019999999997,32031.019999999997,1929
2026-08-03T16:15:00+00:00,32031.019999999997,32036.269999999997,32029.39,32033.39,1830
2026-08-03T16:16:00+00:00,32033.39,32045.269999999997,32033.14,32041.64,1989
2026-08-03T16:17:00+00:00,32041.64,32051.769999999997,32041.14,32051.769999999997,1704
2026-08-03T16:18:00+00:00,32051.769999999997,32059.39,32047.269999999997,32059.269999999997,1462
2026-08-03T16:19:00+00:00,32059.269999999997,32063.39,32057.39,32061.39,1716
2026-08-03T16:20:00+00:00,32061.39,32062.769999999997,32048.14,32048.14,1642
2026-08-03T16:21:00+00:00,32048.14,32055.519999999997,32047.64,32051.39,1762
2026-08-03T16:22:00+00:00,32051.39,32057.269999999997,32051.39,32057.269999999997,1398
2026-08-03T16:23:00+00:00,32057.269999999997,32060.64,32051.14,32052.64,1662
2026-08-03T16:24:00+00:00,32052.64,32052.64,32043.64,32049.64,1437
2026-08-03T16:25:00+00:00,32049.64,32055.64,32049.64,32053.14,1702
2026-08-03T16:26:00+00:00,32053.14,32054.64,32042.14,32045.39,1989
2026-08-03T16:27:00+00:00,32045.39,32055.64,32044.89,32052.019999999997,1690
2026-08-03T16:28:00+00:00,32052.019999999997,32054.39,32048.769999999997,32051.519999999997,1505
2026-08-03T16:29:00+00:00,32051.519999999997,32055.39,32050.64,32053.019999999997,1299
2026-08-03T16:30:00+00:00,32053.019999999997,32056.769999999997,32052.14,32056.769999999997,1742
2026-08-03T16:31:00+00:00,32056.769999999997,32060.64,32054.39,32056.14,1571
2026-08-03T16:32:00+00:00,32056.14,32059.39,32040.019999999997,32051.769999999997,2232
2026-08-03T16:33:00+00:00,32051.769999999997,32054.39,32049.519999999997,32052.14,1680
2026-08-03T16:34:00+00:00,32052.14,32057.769999999997,32051.519999999997,32051.64,1719
2026-08-03T16:35:00+00:00,32051.64,32053.019999999997,32042.269999999997,32052.019999999997,1875
2026-08-03T16:36:00+00:00,32052.019999999997,32054.519999999997,32043.64,32044.39,1883
2026-08-03T16:37:00+00:00,32044.39,32046.64,32039.14,32039.519999999997,1694
2026-08-03T16:38:00+00:00,32039.519999999997,32042.519999999997,32032.89,32042.519999999997,1980
2026-08-03T16:39:00+00:00,32042.519999999997,32046.39,32032.269999999997,32038.769999999997,1837
2026-08-03T16:40:00+00:00,32038.769999999997,32044.769999999997,32038.019999999997,32041.769999999997,1765
2026-08-03T16:41:00+00:00,32041.769999999997,32044.019999999997,32036.64,32039.519999999997,1418
2026-08-03T16:42:00+00:00,32039.519999999997,32039.519999999997,32029.14,32031.769999999997,1762
2026-08-03T16:43:00+00:00,32031.769999999997,32045.769999999997,32028.519999999997,32044.14,1815
2026-08-03T16:44:00+00:00,32044.14,32051.519999999997,32043.39,32050.269999999997,1627
2026-08-03T16:45:00+00:00,32050.269999999997,32052.89,32047.64,32049.14,1666
2026-08-03T16:46:00+00:00,32049.14,32058.64,32047.89,32054.39,1537
2026-08-03T16:47:00+00:00,32054.39,32054.39,32047.39,32049.019999999997,1637
2026-08-03T16:48:00+00:00,32049.019999999997,32052.019999999997,32048.39,32050.769999999997,1242
2026-08-03T16:49:00+00:00,32050.769999999997,32053.89,32048.769999999997,32049.14,1140
2026-08-03T16:50:00+00:00,32049.14,32058.019999999997,32048.89,32057.519999999997,1478
2026-08-03T16:51:00+00:00,32057.519999999997,32059.269999999997,32044.64,32047.14,1710
2026-08-03T16:52:00+00:00,32047.14,32047.519999999997,32036.769999999997,32039.64,1713
2026-08-03T16:53:00+00:00,32039.64,32047.64,32036.269999999997,32046.39,1736
2026-08-03T16:54:00+00:00,32046.39,32050.64,32037.64,32039.269999999997,1617
2026-08-03T16:55:00+00:00,32039.269999999997,32044.269999999997,32036.519999999997,32039.39,1807
2026-08-03T16:56:00+00:00,32039.39,32045.269999999997,32037.019999999997,32044.019999999997,1508
2026-08-03T16:57:00+00:00,32044.019999999997,32049.019999999997,32040.89,32048.64,1822
2026-08-03T16:58:00+00:00,32048.64,32049.89,32042.39,32043.019999999997,1751
2026-08-03T16:59:00+00:00,32043.019999999997,32043.519999999997,32036.64,32038.39,1560
2026-08-03T17:00:00+00:00,32038.39,32042.519999999997,32030.769999999997,32031.769999999997,2283
2026-08-03T17:01:00+00:00,32031.769999999997,32043.39,32031.519999999997,32038.39,1984
2026-08-03T17:02:00+00:00,32038.39,32048.39,32035.269999999997,32043.64,1941
2026-08-03T17:03:00+00:00,32043.64,32043.64,32032.019999999997,32039.269999999997,1804
2026-08-03T17:04:00+00:00,32039.269999999997,32044.14,32034.769999999997,32043.519999999997,1668
2026-08-03T17:05:00+00:00,32043.519999999997,32049.39,32040.89,32045.39,1806
2026-08-03T17:06:00+00:00,32045.39,32047.269999999997,32042.519999999997,32047.269999999997,1479
2026-08-03T17:07:00+00:00,32047.269999999997,32048.89,32043.269999999997,32043.89,1492
2026-08-03T17:08:00+00:00,32043.89,32045.64,32039.89,32045.39,1299
2026-08-03T17:09:00+00:00,32045.39,32058.14,32045.14,32053.019999999997,1665
2026-08-03T17:10:00+00:00,32053.019999999997,32069.019999999997,32052.769999999997,32068.89,1599
2026-08-03T17:11:00+00:00,32068.89,32078.64,32068.769999999997,32073.89,1841
2026-08-03T17:12:00+00:00,32073.89,32078.64,32073.769999999997,32074.14,1510
2026-08-03T17:13:00+00:00,32074.14,32078.39,32072.019999999997,32076.769999999997,1337
2026-08-03T17:14:00+00:00,32076.769999999997,32079.14,32074.269999999997,32074.519999999997,1152
2026-08-03T17:15:00+00:00,32074.519999999997,32082.89,32072.14,32074.269999999997,1507
2026-08-03T17:16:00+00:00,32074.269999999997,32078.64,32072.89,32074.39,1201
2026-08-03T17:17:00+00:00,32074.39,32078.64,32072.39,32077.89,1208
2026-08-03T17:18:00+00:00,32077.89,32086.269999999997,32076.019999999997,32085.019999999997,1239
2026-08-03T17:19:00+00:00,32085.019999999997,32087.14,32078.019999999997,32086.39,1319
2026-08-03T17:20:00+00:00,32086.39,32086.769999999997,32077.39,32077.89,1216
2026-08-03T17:21:00+00:00,32077.89,32085.019999999997,32076.89,32082.89,1121
2026-08-03T17:22:00+00:00,32082.89,32091.89,32082.89,32090.769999999997,1320
2026-08-03T17:23:00+00:00,32090.769999999997,32097.269999999997,32090.769999999997,32094.64,1107
2026-08-03T17:24:00+00:00,32094.64,32097.64,32093.39,32095.019999999997,1191
2026-08-03T17:25:00+00:00,32095.019999999997,32096.64,32090.39,32090.519999999997,1001
2026-08-03T17:26:00+00:00,32090.519999999997,32097.89,32089.14,32097.64,1008
2026-08-03T17:27:00+00:00,32097.64,32106.14,32096.769999999997,32097.64,1336
2026-08-03T17:28:00+00:00,32097.64,32103.019999999997,32096.269999999997,32097.14,1152
2026-08-03T17:29:00+00:00,32097.14,32102.39,32097.14,32101.89,1061
2026-08-03T17:30:00+00:00,32101.89,32105.89,32101.39,32102.89,1412
2026-08-03T17:31:00+00:00,32102.89,32104.14,32094.14,32097.769999999997,1323
2026-08-03T17:32:00+00:00,32097.769999999997,32099.519999999997,32091.64,32096.64,1309
2026-08-03T17:33:00+00:00,32096.64,32105.64,32093.64,32102.269999999997,1234
2026-08-03T17:34:00+00:00,32102.269999999997,32109.39,32099.89,32107.89,1397
2026-08-03T17:35:00+00:00,32107.89,32109.64,32103.14,32107.769999999997,1625
2026-08-03T17:36:00+00:00,32107.769999999997,32110.14,32102.64,32103.269999999997,1122
2026-08-03T17:37:00+00:00,32103.269999999997,32105.89,32100.64,32101.019999999997,1380
2026-08-03T17:38:00+00:00,32101.019999999997,32103.14,32096.39,32101.519999999997,1185
2026-08-03T17:39:00+00:00,32101.519999999997,32101.64,32094.39,32095.14,1217
2026-08-03T17:40:00+00:00,32095.14,32098.769999999997,32091.39,32098.019999999997,1099
2026-08-03T17:41:00+00:00,32098.019999999997,32100.519999999997,32095.39,32099.14,1241
2026-08-03T17:42:00+00:00,32099.14,32104.14,32099.019999999997,32101.269999999997,1154
2026-08-03T17:43:00+00:00,32101.269999999997,32103.14,32097.39,32097.39,1115
2026-08-03T17:44:00+00:00,32097.39,32102.64,32097.269999999997,32101.89,1035
2026-08-03T17:45:00+00:00,32101.89,32109.89,32101.14,32105.39,1342
2026-08-03T17:46:00+00:00,32105.39,32109.64,32104.39,32107.14,1035
2026-08-03T17:47:00+00:00,32107.14,32112.14,32105.89,32106.89,1111
2026-08-03T17:48:00+00:00,32106.89,32110.64,32104.64,32110.14,942
2026-08-03T17:49:00+00:00,32110.14,32110.89,32104.39,32108.39,1008
2026-08-03T17:50:00+00:00,32108.39,32113.14,32106.64,32107.89,1195
2026-08-03T17:51:00+00:00,32107.89,32110.14,32106.89,32109.64,1007
2026-08-03T17:52:00+00:00,32109.64,32111.519999999997,32108.519999999997,32111.14,959
2026-08-03T17:53:00+00:00,32111.14,32114.39,32109.39,32112.769999999997,926
2026-08-03T17:54:00+00:00,32112.769999999997,32115.519999999997,32112.39,32115.14,885
2026-08-03T17:55:00+00:00,32115.14,32129.89,32114.89,32126.39,1620
2026-08-03T17:56:00+00:00,32126.39,32132.64,32126.39,32127.64,1453
2026-08-03T17:57:00+00:00,32127.64,32135.64,32127.14,32134.39,1352
2026-08-03T17:58:00+00:00,32134.39,32137.89,32133.14,32133.39,1199
2026-08-03T17:59:00+00:00,32133.39,32137.89,32132.269999999997,32133.769999999997,1284
2026-08-03T18:00:00+00:00,32133.769999999997,32145.269999999997,32133.769999999997,32140.89,2028
2026-08-03T18:01:00+00:00,32140.89,32149.39,32139.89,32141.89,1508
2026-08-03T18:02:00+00:00,32141.89,32150.39,32141.769999999997,32148.39,1374
2026-08-03T18:03:00+00:00,32148.39,32152.769999999997,32146.769999999997,32152.64,1171
2026-08-03T18:04:00+00:00,32152.64,32163.14,32152.14,32162.14,1555
2026-08-03T18:05:00+00:00,32162.14,32174.14,32162.14,32171.14,1820
2026-08-03T18:06:00+00:00,32171.14,32172.14,32165.14,32170.519999999997,1424
2026-08-03T18:07:00+00:00,32170.519999999997,32173.019999999997,32164.14,32165.39,1234
2026-08-03T18:08:00+00:00,32165.39,32170.39,32157.769999999997,32170.39,1463
2026-08-03T18:09:00+00:00,32170.39,32173.89,32169.269999999997,32170.89,1386
2026-08-03T18:10:00+00:00,32170.89,32179.89,32169.519999999997,32178.019999999997,1618
2026-08-03T18:11:00+00:00,32178.019999999997,32178.14,32159.89,32161.019999999997,2011
2026-08-03T18:12:00+00:00,32161.019999999997,32164.519999999997,32151.019999999997,32160.64,2014
2026-08-03T18:13:00+00:00,32160.64,32165.64,32153.89,32157.769999999997,1854
2026-08-03T18:14:00+00:00,32157.769999999997,32160.769999999997,32155.269999999997,32156.39,1464
2026-08-03T18:15:00+00:00,32156.39,32170.14,32156.39,32166.89,1642
2026-08-03T18:16:00+00:00,32166.89,32171.14,32166.269999999997,32170.39,1447
2026-08-03T18:17:00+00:00,32170.39,32175.019999999997,32160.89,32161.39,1513
2026-08-03T18:18:00+00:00,32161.39,32163.14,32151.769999999997,32152.14,1557
2026-08-03T18:19:00+00:00,32152.14,32152.14,32142.269999999997,32144.89,1525
2026-08-03T18:20:00+00:00,32144.89,32146.39,32135.64,32142.769999999997,1908
2026-08-03T18:21:00+00:00,32142.769999999997,32148.39,32136.89,32142.89,1838
2026-08-03T18:22:00+00:00,32142.89,32150.14,32140.769999999997,32148.39,1631
2026-08-03T18:23:00+00:00,32148.39,32150.64,32145.64,32150.019999999997,1259
2026-08-03T18:24:00+00:00,32150.019999999997,32150.019999999997,32136.269999999997,32137.64,1438
2026-08-03T18:25:00+00:00,32137.64,32143.14,32130.39,32134.019999999997,1463
2026-08-03T18:26:00+00:00,32134.019999999997,32134.269999999997,32125.39,32126.14,1685
2026-08-03T18:27:00+00:00,32126.14,32126.14,32114.39,32119.39,2022
2026-08-03T18:28:00+00:00,32119.39,32119.769999999997,32108.39,32109.14,2202
2026-08-03T18:29:00+00:00,32109.14,32114.89,32107.019999999997,32108.39,1662
2026-08-03T18:30:00+00:00,32108.39,32122.519999999997,32107.019999999997,32107.019999999997,2510
2026-08-03T18:31:00+00:00,32107.019999999997,32113.769999999997,32102.519999999997,32113.269999999997,1888
2026-08-03T18:32:00+00:00,32113.269999999997,32117.019999999997,32110.14,32116.39,2038
2026-08-03T18:33:00+00:00,32116.39,32119.64,32104.019999999997,32106.269999999997,1880
2026-08-03T18:34:00+00:00,32106.269999999997,32115.519999999997,32101.89,32109.14,2036
2026-08-03T18:35:00+00:00,32109.14,32113.89,32107.019999999997,32111.769999999997,1891
2026-08-03T18:36:00+00:00,32111.769999999997,32114.64,32099.769999999997,32105.39,1879
2026-08-03T18:37:00+00:00,32105.39,32107.64,32099.769999999997,32107.64,1653
2026-08-03T18:38:00+00:00,32107.64,32114.39,32101.64,32114.39,1982
2026-08-03T18:39:00+00:00,32114.39,32117.89,32103.89,32105.39,2155
2026-08-03T18:40:00+00:00,32105.39,32110.39,32102.39,32109.519999999997,1818
2026-08-03T18:41:00+00:00,32109.519999999997,32117.769999999997,32104.269999999997,32117.769999999997,1758
2026-08-03T18:42:00+00:00,32117.769999999997,32121.39,32112.89,32115.14,2264
2026-08-03T18:43:00+00:00,32115.14,32122.769999999997,32113.89,32122.14,1520
2026-08-03T18:44:00+00:00,32122.14,32130.39,32121.89,32129.64,1778
2026-08-03T18:45:00+00:00,32129.64,32138.769999999997,32121.64,32123.89,2276
2026-08-03T18:46:00+00:00,32123.89,32125.519999999997,32109.519999999997,32124.89,2409
2026-08-03T18:47:00+00:00,32124.89,32124.89,32114.39,32117.89,1781
2026-08-03T18:48:00+00:00,32117.89,32130.89,32116.519999999997,32130.64,1632
2026-08-03T18:49:00+00:00,32130.64,32138.769999999997,32128.89,32137.64,1488
2026-08-03T18:50:00+00:00,32137.64,32139.64,32128.64,32129.519999999997,1646
2026-08-03T18:51:00+00:00,32129.519999999997,32134.39,32126.269999999997,32132.519999999997,1520
2026-08-03T18:52:00+00:00,32132.519999999997,32138.64,32131.39,32132.269999999997,1244
2026-08-03T18:53:00+00:00,32132.269999999997,32142.019999999997,32131.14,32138.64,1631
2026-08-03T18:54:00+00:00,32138.64,32139.89,32131.019999999997,32131.019999999997,1595
2026-08-03T18:55:00+00:00,32131.019999999997,32134.64,32128.64,32129.269999999997,1417
2026-08-03T18:56:00+00:00,32129.269999999997,32131.14,32123.64,32124.14,1362
2026-08-03T18:57:00+00:00,32124.14,32128.14,32120.89,32128.14,1575
2026-08-03T18:58:00+00:00,32128.14,32133.769999999997,32125.269999999997,32131.519999999997,1455
2026-08-03T18:59:00+00:00,32131.519999999997,32133.14,32123.14,32123.64,1194
2026-08-03T19:00:00+00:00,32123.64,32150.89,32123.39,32141.269999999997,2435
2026-08-03T19:01:00+00:00,32141.269999999997,32158.89,32139.14,32153.769999999997,2170
2026-08-03T19:02:00+00:00,32153.769999999997,32159.89,32153.14,32153.89,1969
2026-08-03T19:03:00+00:00,32153.89,32156.89,32149.019999999997,32154.14,1798
2026-08-03T19:04:00+00:00,32154.14,32155.269999999997,32145.39,32150.14,1350
2026-08-03T19:05:00+00:00,32150.14,32152.39,32128.89,32138.14,2174
2026-08-03T19:06:00+00:00,32138.14,32145.39,32128.39,32142.64,2237
2026-08-03T19:07:00+00:00,32142.64,32143.019999999997,32134.269999999997,32134.519999999997,1855
2026-08-03T19:08:00+00:00,32134.519999999997,32134.519999999997,32121.519999999997,32131.64,2409
2026-08-03T19:09:00+00:00,32131.64,32132.019999999997,32124.769999999997,32125.769999999997,1490
2026-08-03T19:10:00+00:00,32125.769999999997,32132.14,32124.019999999997,32125.39,1797
2026-08-03T19:11:00+00:00,32125.39,32135.519999999997,32124.89,32134.14,1692
2026-08-03T19:12:00+00:00,32134.14,32136.019999999997,32127.89,32131.14,1747
2026-08-03T19:13:00+00:00,32131.14,32131.14,32111.769999999997,32117.019999999997,1973
2026-08-03T19:14:00+00:00,32117.019999999997,32121.269999999997,32112.64,32116.14,1851
2026-08-03T19:15:00+00:00,32116.14,32126.519999999997,32115.64,32125.64,2187
2026-08-03T19:16:00+00:00,32125.64,32130.14,32120.519999999997,32124.269999999997,1930
2026-08-03T19:17:00+00:00,32124.269999999997,32133.769999999997,32120.64,32131.39,1793
2026-08-03T19:18:00+00:00,32131.39,32138.14,32130.269999999997,32131.89,1634
2026-08-03T19:19:00+00:00,32131.89,32140.89,32131.89,32138.519999999997,1584
2026-08-03T19:20:00+00:00,32138.519999999997,32141.14,32128.64,32129.14,1708
2026-08-03T19:21:00+00:00,32129.14,32136.64,32127.519999999997,32135.269999999997,1436
2026-08-03T19:22:00+00:00,32135.269999999997,32139.769999999997,32134.14,32136.64,1407
2026-08-03T19:23:00+00:00,32136.64,32138.64,32133.269999999997,32134.39,1065
2026-08-03T19:24:00+00:00,32134.39,32137.89,32132.269999999997,32132.89,1531
2026-08-03T19:25:00+00:00,32132.89,32134.89,32129.14,32130.019999999997,1354
2026-08-03T19:26:00+00:00,32130.019999999997,32134.769999999997,32126.14,32130.769999999997,1584
2026-08-03T19:27:00+00:00,32130.769999999997,32138.39,32130.269999999997,32138.39,1187
2026-08-03T19:28:00+00:00,32138.39,32140.519999999997,32126.519999999997,32126.519999999997,1515
2026-08-03T19:29:00+00:00,32126.519999999997,32134.14,32124.769999999997,32129.39,1592
2026-08-03T19:30:00+00:00,32129.39,32142.14,32128.769999999997,32131.019999999997,2298
2026-08-03T19:31:00+00:00,32131.019999999997,32136.39,32123.269999999997,32132.019999999997,2159
2026-08-03T19:32:00+00:00,32132.019999999997,32132.769999999997,32125.39,32125.39,1814
2026-08-03T19:33:00+00:00,32125.39,32127.269999999997,32120.39,32120.64,1676
2026-08-03T19:34:00+00:00,32120.64,32131.519999999997,32120.64,32128.519999999997,1874
2026-08-03T19:35:00+00:00,32128.519999999997,32134.64,32128.019999999997,32132.39,1755
2026-08-03T19:36:00+00:00,32132.39,32139.519999999997,32122.64,32123.64,1872
2026-08-03T19:37:00+00:00,32123.64,32127.64,32120.519999999997,32126.14,1943
2026-08-03T19:38:00+00:00,32126.14,32129.769999999997,32122.64,32123.39,1445
2026-08-03T19:39:00+00:00,32123.39,32127.769999999997,32118.769999999997,32120.769999999997,1505
2026-08-03T19:40:00+00:00,32120.769999999997,32126.89,32116.64,32126.39,2130
2026-08-03T19:41:00+00:00,32126.39,32130.39,32116.269999999997,32118.39,1995
2026-08-03T19:42:00+00:00,32118.39,32126.64,32118.39,32123.14,1943
2026-08-03T19:43:00+00:00,32123.14,32126.019999999997,32120.269999999997,32122.519999999997,1768
2026-08-03T19:44:00+00:00,32122.519999999997,32135.769999999997,32122.519999999997,32131.39,1762
2026-08-03T19:45:00+00:00,32131.39,32134.89,32128.14,32130.769999999997,2254
2026-08-03T19:46:00+00:00,32130.769999999997,32133.519999999997,32118.14,32122.64,1868
2026-08-03T19:47:00+00:00,32122.64,32130.64,32118.89,32129.269999999997,1836
2026-08-03T19:48:00+00:00,32129.269999999997,32137.769999999997,32127.89,32131.019999999997,1727
2026-08-03T19:49:00+00:00,32131.019999999997,32134.019999999997,32128.769999999997,32132.14,1380
2026-08-03T19:50:00+00:00,32132.14,32148.64,32131.64,32137.64,3363
2026-08-03T19:51:00+00:00,32137.64,32150.64,32135.89,32143.89,2925
2026-08-03T19:52:00+00:00,32143.89,32151.89,32143.14,32144.019999999997,2387
2026-08-03T19:53:00+00:00,32144.019999999997,32147.519999999997,32125.39,32126.14,2626
2026-08-03T19:54:00+00:00,32126.14,32126.14,32108.019999999997,32116.519999999997,3440
2026-08-03T19:55:00+00:00,32116.519999999997,32116.519999999997,32095.39,32098.019999999997,4505
2026-08-03T19:56:00+00:00,32098.019999999997,32099.519999999997,32082.769999999997,32098.769999999997,3478
2026-08-03T19:57:00+00:00,32098.769999999997,32108.39,32096.519999999997,32105.019999999997,3508
2026-08-03T19:58:00+00:00,32105.019999999997,32117.39,32103.14,32112.519999999997,3366
2026-08-03T19:59:00+00:00,32112.519999999997,32120.519999999997,32097.89,32117.14,6412
2026-08-04T13:30:00+00:00,32451.4,32519.92,32427.67,32518.550000000003,8637
2026-08-04T13:31:00+00:00,32518.550000000003,32531.550000000003,32511.800000000003,32531.550000000003,9067
2026-08-04T13:32:00+00:00,32531.550000000003,32555.300000000003,32531.550000000003,32554.300000000003,8272
2026-08-04T13:33:00+00:00,32554.300000000003,32585.800000000003,32546.550000000003,32585.800000000003,7168
2026-08-04T13:34:00+00:00,32585.800000000003,32600.300000000003,32569.050000000003,32598.050000000003,6528
2026-08-04T13:35:00+00:00,32598.050000000003,32627.300000000003,32598.050000000003,32623.17,6908
2026-08-04T13:36:00+00:00,32623.17,32630.050000000003,32602.800000000003,32604.050000000003,6655
2026-08-04T13:37:00+00:00,32604.050000000003,32604.800000000003,32576.42,32592.550000000003,8016
2026-08-04T13:38:00+00:00,32592.550000000003,32625.800000000003,32576.800000000003,32578.300000000003,7652
2026-08-04T13:39:00+00:00,32578.300000000003,32609.17,32570.42,32609.17,8877
2026-08-04T13:40:00+00:00,32609.17,32631.67,32602.550000000003,32615.800000000003,8167
2026-08-04T13:41:00+00:00,32615.800000000003,32646.92,32615.800000000003,32645.050000000003,7098
2026-08-04T13:42:00+00:00,32645.050000000003,32669.050000000003,32634.300000000003,32662.800000000003,7181
2026-08-04T13:43:00+00:00,32662.800000000003,32668.800000000003,32637.550000000003,32638.300000000003,6555
2026-08-04T13:44:00+00:00,32638.300000000003,32644.17,32612.050000000003,32628.300000000003,7967
2026-08-04T13:45:00+00:00,32628.300000000003,32672.550000000003,32628.300000000003,32670.050000000003,7881
2026-08-04T13:46:00+00:00,32670.050000000003,32676.67,32652.92,32659.300000000003,7377
2026-08-04T13:47:00+00:00,32659.300000000003,32663.550000000003,32644.42,32652.300000000003,7380
2026-08-04T13:48:00+00:00,32652.300000000003,32678.050000000003,32648.550000000003,32664.050000000003,7256
2026-08-04T13:49:00+00:00,32664.050000000003,32675.67,32655.17,32675.67,6849
2026-08-04T13:50:00+00:00,32675.67,32715.800000000003,32673.550000000003,32701.92,6878
2026-08-04T13:51:00+00:00,32701.92,32718.300000000003,32701.050000000003,32703.550000000003,5734
2026-08-04T13:52:00+00:00,32703.550000000003,32711.050000000003,32696.92,32707.67,6474
2026-08-04T13:53:00+00:00,32707.67,32713.17,32693.050000000003,32707.550000000003,6536
2026-08-04T13:54:00+00:00,32707.550000000003,32719.550000000003,32700.42,32717.92,5758
2026-08-04T13:55:00+00:00,32717.92,32718.800000000003,32678.92,32681.300000000003,5791
2026-08-04T13:56:00+00:00,32681.300000000003,32683.050000000003,32642.800000000003,32653.17,7426
2026-08-04T13:57:00+00:00,32653.17,32677.050000000003,32649.42,32662.300000000003,6453
2026-08-04T13:58:00+00:00,32662.300000000003,32680.67,32660.300000000003,32676.67,4908
2026-08-04T13:59:00+00:00,32676.67,32682.17,32653.17,32682.17,4435
2026-08-04T14:00:00+00:00,32682.17,32684.17,32651.550000000003,32674.67,6294
2026-08-04T14:01:00+00:00,32674.67,32686.17,32653.92,32685.92,7044
2026-08-04T14:02:00+00:00,32685.92,32713.050000000003,32685.92,32700.050000000003,6671
2026-08-04T14:03:00+00:00,32700.050000000003,32714.17,32685.97,32704.92,5937
2026-08-04T14:04:00+00:00,32704.92,32713.800000000003,32703.050000000003,32703.67,5752
2026-08-04T14:05:00+00:00,32703.67,32736.050000000003,32702.67,32732.300000000003,6525
2026-08-04T14:06:00+00:00,32732.300000000003,32739.67,32727.050000000003,32731.050000000003,5470
2026-08-04T14:07:00+00:00,32731.050000000003,32745.550000000003,32728.17,32738.800000000003,4997
2026-08-04T14:08:00+00:00,32738.800000000003,32749.67,32738.300000000003,32747.300000000003,4348
2026-08-04T14:09:00+00:00,32747.300000000003,32748.050000000003,32720.92,32735.42,5340
2026-08-04T14:10:00+00:00,32735.42,32739.92,32724.050000000003,32737.800000000003,5076
2026-08-04T14:11:00+00:00,32737.800000000003,32750.050000000003,32732.550000000003,32748.17,4415
2026-08-04T14:12:00+00:00,32748.17,32755.42,32745.67,32753.42,3846
2026-08-04T14:13:00+00:00,32753.42,32760.67,32742.800000000003,32745.550000000003,4142
2026-08-04T14:14:00+00:00,32745.550000000003,32758.550000000003,32745.550000000003,32757.67,4300
2026-08-04T14:15:00+00:00,32757.67,32762.800000000003,32749.800000000003,32753.300000000003,4100
2026-08-04T14:16:00+00:00,32753.300000000003,32758.92,32734.92,32740.050000000003,4867
2026-08-04T14:17:00+00:00,32740.050000000003,32749.050000000003,32731.17,32747.67,5206
2026-08-04T14:18:00+00:00,32747.67,32753.050000000003,32728.42,32735.42,4748
2026-08-04T14:19:00+00:00,32735.42,32748.42,32719.300000000003,32739.800000000003,5264
2026-08-04T14:20:00+00:00,32739.800000000003,32741.67,32708.550000000003,32720.550000000003,6386
2026-08-04T14:21:00+00:00,32720.550000000003,32723.550000000003,32707.050000000003,32723.550000000003,6104
2026-08-04T14:22:00+00:00,32723.550000000003,32734.300000000003,32714.050000000003,32723.550000000003,6327
2026-08-04T14:23:00+00:00,32723.550000000003,32732.42,32701.800000000003,32731.050000000003,5368
2026-08-04T14:24:00+00:00,32731.050000000003,32734.17,32707.17,32725.800000000003,5327
2026-08-04T14:25:00+00:00,32725.800000000003,32754.550000000003,32724.17,32753.050000000003,5806
2026-08-04T14:26:00+00:00,32753.050000000003,32759.17,32748.67,32751.67,4967
2026-08-04T14:27:00+00:00,32751.67,32765.92,32751.67,32765.17,4857
2026-08-04T14:28:00+00:00,32765.17,32776.17,32765.17,32771.3,5693
2026-08-04T14:29:00+00:00,32771.3,32779.8,32760.92,32776.8,4708
2026-08-04T14:30:00+00:00,32776.8,32777.42,32744.17,32745.67,5770
2026-08-04T14:31:00+00:00,32745.67,32770.17,32745.300000000003,32755.42,5191
2026-08-04T14:32:00+00:00,32755.42,32774.42,32748.550000000003,32774.42,5002
2026-08-04T14:33:00+00:00,32774.42,32783.8,32763.800000000003,32772.92,4857
2026-08-04T14:34:00+00:00,32772.92,32774.17,32758.550000000003,32759.92,4072
2026-08-04T14:35:00+00:00,32759.92,32773.05,32759.92,32767.300000000003,4686
2026-08-04T14:36:00+00:00,32767.300000000003,32770.05,32747.92,32749.550000000003,4433
2026-08-04T14:37:00+00:00,32749.550000000003,32768.3,32737.300000000003,32762.92,4982
2026-08-04T14:38:00+00:00,32762.92,32780.72,32744.42,32744.800000000003,4514
2026-08-04T14:39:00+00:00,32744.800000000003,32750.42,32734.800000000003,32744.42,4540
2026-08-04T14:40:00+00:00,32744.42,32758.300000000003,32739.550000000003,32749.800000000003,4852
2026-08-04T14:41:00+00:00,32749.800000000003,32753.550000000003,32741.550000000003,32749.800000000003,3852
2026-08-04T14:42:00+00:00,32749.800000000003,32768.05,32746.300000000003,32762.17,4008
2026-08-04T14:43:00+00:00,32762.17,32764.67,32751.550000000003,32761.92,4534
2026-08-04T14:44:00+00:00,32761.92,32774.3,32757.92,32774.3,3986
2026-08-04T14:45:00+00:00,32774.3,32774.3,32759.42,32763.92,4337
2026-08-04T14:46:00+00:00,32763.92,32777.05,32759.800000000003,32768.42,3795
2026-08-04T14:47:00+00:00,32768.42,32773.67,32763.550000000003,32773.67,3984
2026-08-04T14:48:00+00:00,32773.67,32774.55,32762.050000000003,32769.05,3302
2026-08-04T14:49:00+00:00,32769.05,32772.8,32760.800000000003,32763.300000000003,3743
2026-08-04T14:50:00+00:00,32763.300000000003,32772.3,32753.92,32757.17,4135
2026-08-04T14:51:00+00:00,32757.17,32761.050000000003,32746.050000000003,32750.42,4001
2026-08-04T14:52:00+00:00,32750.42,32767.17,32748.92,32762.67,3418
2026-08-04T14:53:00+00:00,32762.67,32764.92,32756.42,32757.550000000003,2965
2026-08-04T14:54:00+00:00,32757.550000000003,32767.17,32752.92,32762.17,3091
2026-08-04T14:55:00+00:00,32762.17,32762.17,32743.42,32749.17,3154
2026-08-04T14:56:00+00:00,32749.17,32759.67,32743.92,32745.050000000003,3319
2026-08-04T14:57:00+00:00,32745.050000000003,32757.92,32741.67,32741.67,2996
2026-08-04T14:58:00+00:00,32741.67,32754.800000000003,32741.67,32749.550000000003,3118
2026-08-04T14:59:00+00:00,32749.550000000003,32768.67,32748.17,32766.550000000003,2748
2026-08-04T15:00:00+00:00,32766.550000000003,32773.92,32762.42,32765.300000000003,3070
2026-08-04T15:01:00+00:00,32765.300000000003,32786.42,32763.800000000003,32781.55,3377
2026-08-04T15:02:00+00:00,32781.55,32796.42,32781.55,32795.17,3480
2026-08-04T15:03:00+00:00,32795.17,32806.05,32792.17,32798.17,3244
2026-08-04T15:04:00+00:00,32798.17,32805.05,32798.17,32801.92,2818
2026-08-04T15:05:00+00:00,32801.92,32804.05,32788.42,32790.8,2866
2026-08-04T15:06:00+00:00,32790.8,32796.3,32784.3,32795.92,3101
2026-08-04T15:07:00+00:00,32795.92,32800.05,32789.55,32798.42,2853
2026-08-04T15:08:00+00:00,32798.42,32800.92,32791.42,32798.3,2994
2026-08-04T15:09:00+00:00,32798.3,32812.67,32798.3,32811.42,2625
2026-08-04T15:10:00+00:00,32811.42,32812.92,32804.92,32810.92,2451
2026-08-04T15:11:00+00:00,32810.92,32815.67,32806.92,32815.42,2064
2026-08-04T15:12:00+00:00,32815.42,32831.3,32815.17,32830.17,2370
2026-08-04T15:13:00+00:00,32830.17,32841.67,32830.17,32839.67,2336
2026-08-04T15:14:00+00:00,32839.67,32839.8,32831.67,32836.3,2421
2026-08-04T15:15:00+00:00,32836.3,32841.55,32830.92,32840.3,2735
2026-08-04T15:16:00+00:00,32840.3,32845.92,32837.92,32839.55,2349
2026-08-04T15:17:00+00:00,32839.55,32843.3,32835.05,32838.17,2474
2026-08-04T15:18:00+00:00,32838.17,32843.05,32834.67,32843.05,2238
2026-08-04T15:19:00+00:00,32843.05,32851.92,32841.17,32849.92,2090
2026-08-04T15:20:00+00:00,32849.92,32858.8,32848.3,32857.92,2059
2026-08-04T15:21:00+00:00,32857.92,32865.92,32856.42,32865.92,1886
2026-08-04T15:22:00+00:00,32865.92,32876.92,32864.17,32864.42,2854
2026-08-04T15:23:00+00:00,32864.42,32878.42,32863.92,32875.17,2510
2026-08-04T15:24:00+00:00,32875.17,32877.42,32871.42,32875.8,2018
2026-08-04T15:25:00+00:00,32875.8,32879.92,32870.8,32871.92,2094
2026-08-04T15:26:00+00:00,32871.92,32873.67,32864.3,32869.67,2222
2026-08-04T15:27:00+00:00,32869.67,32872.05,32853.8,32855.3,2412
2026-08-04T15:28:00+00:00,32855.3,32861.92,32851.42,32858.55,2627
2026-08-04T15:29:00+00:00,32858.55,32861.67,32852.05,32856.55,2168
2026-08-04T15:30:00+00:00,32856.55,32862.17,32851.67,32854.05,2733
2026-08-04T15:31:00+00:00,32854.05,32861.3,32848.17,32861.3,1724
2026-08-04T15:32:00+00:00,32861.3,32861.3,32851.17,32853.55,1819
2026-08-04T15:33:00+00:00,32853.55,32855.55,32845.8,32845.8,1993
2026-08-04T15:34:00+00:00,32845.8,32849.55,32839.42,32846.55,2652
2026-08-04T15:35:00+00:00,32846.55,32862.8,32845.55,32858.92,2786
2026-08-04T15:36:00+00:00,32858.92,32861.67,32854.8,32857.42,2278
2026-08-04T15:37:00+00:00,32857.42,32864.67,32856.55,32862.42,2099
2026-08-04T15:38:00+00:00,32862.42,32891.17,32851.42,32888.67,3517
2026-08-04T15:39:00+00:00,32888.67,32898.3,32880.67,32884.8,3889
2026-08-04T15:40:00+00:00,32884.8,32893.67,32879.17,32881.55,2793
2026-08-04T15:41:00+00:00,32881.55,32888.17,32877.92,32882.67,2180
2026-08-04T15:42:00+00:00,32882.67,32887.17,32873.55,32886.42,2484
2026-08-04T15:43:00+00:00,32886.42,32889.55,32884.42,32889.17,2286
2026-08-04T15:44:00+00:00,32889.17,32895.92,32886.3,32893.92,2240
2026-08-04T15:45:00+00:00,32893.92,32902.42,32893.42,32901.17,2724
2026-08-04T15:46:00+00:00,32901.17,32903.42,32898.42,32901.42,1933
2026-08-04T15:47:00+00:00,32901.42,32906.17,32893.92,32904.05,2410
2026-08-04T15:48:00+00:00,32904.05,32907.3,32900.17,32904.92,2109
2026-08-04T15:49:00+00:00,32904.92,32904.92,32897.55,32900.17,2006
2026-08-04T15:50:00+00:00,32900.17,32907.8,32898.67,32903.92,2181
2026-08-04T15:51:00+00:00,32903.92,32909.42,32903.05,32904.67,1659
2026-08-04T15:52:00+00:00,32904.67,32913.67,32904.3,32910.92,1568
2026-08-04T15:53:00+00:00,32910.92,32911.92,32895.67,32898.92,2283
2026-08-04T15:54:00+00:00,32898.92,32898.92,32890.55,32893.42,2502
2026-08-04T15:55:00+00:00,32893.42,32902.05,32888.17,32900.67,2490
2026-08-04T15:56:00+00:00,32900.67,32902.3,32892.05,32894.3,2035
2026-08-04T15:57:00+00:00,32894.3,32897.17,32891.3,32895.05,1847
2026-08-04T15:58:00+00:00,32895.05,32896.8,32891.67,32894.05,1800
2026-08-04T15:59:00+00:00,32894.05,32894.17,32884.67,32888.55,2170
2026-08-04T16:00:00+00:00,32888.55,32911.3,32887.05,32911.3,2950
2026-08-04T16:01:00+00:00,32911.3,32916.17,32905.55,32910.17,2451
2026-08-04T16:02:00+00:00,32910.17,32910.42,32903.67,32906.55,2020
2026-08-04T16:03:00+00:00,32906.55,32908.17,32904.3,32904.67,1652
2026-08-04T16:04:00+00:00,32904.67,32907.17,32901.17,32904.8,2067
2026-08-04T16:05:00+00:00,32904.8,32914.55,32904.8,32909.67,1952
2026-08-04T16:06:00+00:00,32909.67,32909.92,32897.17,32899.42,2285
2026-08-04T16:07:00+00:00,32899.42,32903.3,32897.67,32899.8,1869
2026-08-04T16:08:00+00:00,32899.8,32904.17,32895.05,32897.42,2131
2026-08-04T16:09:00+00:00,32897.42,32898.55,32892.92,32893.17,1589
2026-08-04T16:10:00+00:00,32893.17,32896.55,32889.22,32892.55,1670
2026-08-04T16:11:00+00:00,32892.55,32892.55,32882.05,32882.05,1758
2026-08-04T16:12:00+00:00,32882.05,32892.3,32878.92,32890.8,2249
2026-08-04T16:13:00+00:00,32890.8,32901.92,32889.05,32898.17,2000
2026-08-04T16:14:00+00:00,32898.17,32898.92,32890.55,32891.92,1677
2026-08-04T16:15:00+00:00,32891.92,32900.17,32891.17,32900.05,1907
2026-08-04T16:16:00+00:00,32900.05,32906.55,32897.92,32902.8,2147
2026-08-04T16:17:00+00:00,32902.8,32907.17,32900.92,32905.55,1544
2026-08-04T16:18:00+00:00,32905.55,32913.67,32903.67,32912.55,1698
2026-08-04T16:19:00+00:00,32912.55,32924.42,32911.3,32921.92,2037
2026-08-04T16:20:00+00:00,32921.92,32927.92,32920.17,32926.67,1656
2026-08-04T16:21:00+00:00,32926.67,32933.67,32925.42,32930.92,1790
2026-08-04T16:22:00+00:00,32930.92,32932.67,32928.92,32929.55,1419
2026-08-04T16:23:00+00:00,32929.55,32931.42,32925.3,32930.05,1606
2026-08-04T16:24:00+00:00,32930.05,32936.92,32930.05,32932.67,1439
2026-08-04T16:25:00+00:00,32932.67,32932.92,32922.92,32929.67,1892
2026-08-04T16:26:00+00:00,32929.67,32933.17,32926.17,32931.3,1428
2026-08-04T16:27:00+00:00,32931.3,32932.55,32927.92,32930.17,1332
2026-08-04T16:28:00+00:00,32930.17,32931.8,32926.17,32928.17,1238
2026-08-04T16:29:00+00:00,32928.17,32928.17,32921.17,32923.55,1445
2026-08-04T16:30:00+00:00,32923.55,32927.8,32913.17,32926.42,2336
2026-08-04T16:31:00+00:00,32926.42,32934.17,32923.05,32932.67,1760
2026-08-04T16:32:00+00:00,32932.67,32938.67,32932.42,32934.8,1461
2026-08-04T16:33:00+00:00,32934.8,32940.67,32933.3,32940.05,1376
2026-08-04T16:34:00+00:00,32940.05,32942.67,32937.42,32937.42,1373
2026-08-04T16:35:00+00:00,32937.42,32942.8,32934.92,32940.55,1353
2026-08-04T16:36:00+00:00,32940.55,32946.67,32940.17,32945.3,1309
2026-08-04T16:37:00+00:00,32945.3,32948.42,32942.42,32942.92,1287
2026-08-04T16:38:00+00:00,32942.92,32942.92,32925.42,32931.8,2133
2026-08-04T16:39:00+00:00,32931.8,32936.3,32930.42,32932.3,1516
2026-08-04T16:40:00+00:00,32932.3,32933.92,32925.42,32926.67,1395
2026-08-04T16:41:00+00:00,32926.67,32929.67,32922.67,32922.67,1836
2026-08-04T16:42:00+00:00,32922.67,32930.42,32922.67,32928.67,1443
2026-08-04T16:43:00+00:00,32928.67,32934.8,32927.92,32931.92,1237
2026-08-04T16:44:00+00:00,32931.92,32947.05,32931.92,32943.3,1467
2026-08-04T16:45:00+00:00,32943.3,32951.8,32943.3,32949.92,1686
2026-08-04T16:46:00+00:00,32949.92,32953.67,32949.92,32951.42,1486
2026-08-04T16:47:00+00:00,32951.42,32955.17,32947.67,32954.92,1527
2026-08-04T16:48:00+00:00,32954.92,32959.42,32951.92,32951.92,1581
2026-08-04T16:49:00+00:00,32951.92,32960.3,32949.67,32960.3,1556
2026-08-04T16:50:00+00:00,32960.3,32960.3,32952.05,32955.17,1544
2026-08-04T16:51:00+00:00,32955.17,32960.92,32955.05,32958.17,1328
2026-08-04T16:52:00+00:00,32958.17,32961.67,32953.17,32957.3,1334
2026-08-04T16:53:00+00:00,32957.3,32961.42,32954.3,32959.92,1294
2026-08-04T16:54:00+00:00,32959.92,32961.42,32952.8,32953.42,1228
2026-08-04T16:55:00+00:00,32953.42,32957.55,32950.92,32950.92,1527
2026-08-04T16:56:00+00:00,32950.92,32957.67,32949.3,32957.67,1314
2026-08-04T16:57:00+00:00,32957.67,32961.55,32953.67,32957.92,1314
2026-08-04T16:58:00+00:00,32957.92,32959.42,32954.67,32956.55,1106
2026-08-04T16:59:00+00:00,32956.55,32960.42,32953.67,32960.3,1151
2026-08-04T17:00:00+00:00,32960.3,32980.55,32957.17,32978.42,2221
2026-08-04T17:01:00+00:00,32978.42,32989.67,32978.42,32983.55,2187
2026-08-04T17:02:00+00:00,32983.55,32985.92,32977.92,32979.42,2020
2026-08-04T17:03:00+00:00,32979.42,32988.92,32978.17,32988.55,1806
2026-08-04T17:04:00+00:00,32988.55,32999.67,32988.55,32998.3,1948
2026-08-04T17:05:00+00:00,32998.3,33010.67,32992.17,32992.17,2806
2026-08-04T17:06:00+00:00,32992.17,32997.67,32988.17,32997.05,2139
2026-08-04T17:07:00+00:00,32997.05,33010.92,32997.05,33010.42,1680
2026-08-04T17:08:00+00:00,33010.42,33011.17,33003.17,33008.92,1754
2026-08-04T17:09:00+00:00,33008.92,33009.42,32999.17,33003.05,1477
2026-08-04T17:10:00+00:00,33003.05,33009.67,33001.42,33003.55,1624
2026-08-04T17:11:00+00:00,33003.55,33013.42,32999.8,33009.67,1779
2026-08-04T17:12:00+00:00,33009.67,33016.3,33009.67,33014.42,1477
2026-08-04T17:13:00+00:00,33014.42,33015.3,33005.3,33008.55,1568
2026-08-04T17:14:00+00:00,33008.55,33014.92,33007.55,33013.8,1310
2026-08-04T17:15:00+00:00,33013.8,33018.17,33009.8,33015.92,2069
2026-08-04T17:16:00+00:00,33015.92,33015.92,33002.3,33005.17,1807
2026-08-04T17:17:00+00:00,33005.17,33020.8,33004.8,33014.17,1949
2026-08-04T17:18:00+00:00,33014.17,33015.8,33004.92,33009.17,1784
2026-08-04T17:19:00+00:00,33009.17,33011.8,33004.67,33007.55,1593
2026-08-04T17:20:00+00:00,33007.55,33012.55,33000.17,33000.17,2032
2026-08-04T17:21:00+00:00,33000.17,33008.42,32997.92,33004.05,1856
2026-08-04T17:22:00+00:00,33004.05,33009.17,33000.92,33005.05,1912
2026-08-04T17:23:00+00:00,33005.05,33018.42,33002.92,33017.92,1812
2026-08-04T17:24:00+00:00,33017.92,33022.17,33014.92,33019.92,1788
2026-08-04T17:25:00+00:00,33019.92,33024.17,33018.92,33024.17,1523
2026-08-04T17:26:00+00:00,33024.17,33038.92,33024.17,33034.42,2062
2026-08-04T17:27:00+00:00,33034.42,33042.17,33031.3,33039.67,1874
2026-08-04T17:28:00+00:00,33039.67,33042.3,33034.17,33034.17,1642
2026-08-04T17:29:00+00:00,33034.17,33037.05,33031.67,33035.67,1763
2026-08-04T17:30:00+00:00,33035.67,33036.42,33021.92,33031.42,2645
2026-08-04T17:31:00+00:00,33031.42,33031.67,33020.92,33025.3,1820
2026-08-04T17:32:00+00:00,33025.3,33037.55,33025.3,33037.55,1484
2026-08-04T17:33:00+00:00,33037.55,33040.42,33028.3,33031.17,1612
2026-08-04T17:34:00+00:00,33031.17,33036.42,33025.67,33036.17,1596
2026-08-04T17:35:00+00:00,33036.17,33040.92,33032.42,33036.67,1567
2026-08-04T17:36:00+00:00,33036.67,33045.92,33035.05,33045.92,1303
2026-08-04T17:37:00+00:00,33045.92,33055.05,33045.92,33053.42,1598
2026-08-04T17:38:00+00:00,33053.42,33064.92,33053.3,33061.05,1731
2026-08-04T17:39:00+00:00,33061.05,33064.67,33057.67,33063.67,1367
2026-08-04T17:40:00+00:00,33063.67,33071.8,33062.67,33070.67,1379
2026-08-04T17:41:00+00:00,33070.67,33076.3,33068.42,33071.8,1740
2026-08-04T17:42:00+00:00,33071.8,33076.3,33070.67,33075.42,1418
2026-08-04T17:43:00+00:00,33075.42,33076.67,33067.55,33074.92,1644
2026-08-04T17:44:00+00:00,33074.92,33081.92,33074.8,33081.42,1678
2026-08-04T17:45:00+00:00,33081.42,33099.05,33081.42,33098.05,2415
2026-08-04T17:46:00+00:00,33098.05,33104.17,33094.05,33102.05,2083
2026-08-04T17:47:00+00:00,33102.05,33106.92,33099.42,33102.3,1885
2026-08-04T17:48:00+00:00,33102.3,33112.3,33101.17,33112.3,1982
2026-08-04T17:49:00+00:00,33112.3,33114.67,33093.8,33097.17,2508
2026-08-04T17:50:00+00:00,33097.17,33097.17,33071.8,33074.8,3711
2026-08-04T17:51:00+00:00,33074.8,33077.3,33059.17,33063.8,4537
2026-08-04T17:52:00+00:00,33063.8,33074.55,33058.67,33066.3,3730
2026-08-04T17:53:00+00:00,33066.3,33076.05,33065.3,33074.55,2832
2026-08-04T17:54:00+00:00,33074.55,33075.92,33063.17,33063.17,2347
2026-08-04T17:55:00+00:00,33063.17,33070.67,33051.17,33067.3,3625
2026-08-04T17:56:00+00:00,33067.3,33077.55,33063.92,33069.05,2562
2026-08-04T17:57:00+00:00,33069.05,33075.17,33069.05,33074.92,2158
2026-08-04T17:58:00+00:00,33074.92,33081.92,33070.05,33070.05,2353
2026-08-04T17:59:00+00:00,33070.05,33070.67,33050.97,33050.97,2588
2026-08-04T18:00:00+00:00,33050.97,33057.55,33025.47,33036.8,4734
2026-08-04T18:01:00+00:00,33036.8,33058.42,33036.42,33058.42,3825
2026-08-04T18:02:00+00:00,33058.42,33071.55,33054.92,33063.17,3900
2026-08-04T18:03:00+00:00,33063.17,33066.55,33054.05,33065.8,3944
2026-08-04T18:04:00+00:00,33065.8,33065.8,33032.3,33035.05,3281
2026-08-04T18:05:00+00:00,33035.05,33046.92,33027.42,33045.8,3814
2026-08-04T18:06:00+00:00,33045.8,33049.42,33027.92,33043.67,3487
2026-08-04T18:07:00+00:00,33043.67,33062.17,33043.67,33051.92,2881
2026-08-04T18:08:00+00:00,33051.92,33052.3,33043.42,33051.8,2693
2026-08-04T18:09:00+00:00,33051.8,33064.55,33048.17,33055.8,2520
2026-08-04T18:10:00+00:00,33055.8,33061.55,33047.8,33053.17,3005
2026-08-04T18:11:00+00:00,33053.17,33055.8,33044.8,33046.55,2664
2026-08-04T18:12:00+00:00,33046.55,33055.3,33043.3,33053.3,2860
2026-08-04T18:13:00+00:00,33053.3,33068.55,33048.8,33064.92,2746
2026-08-04T18:14:00+00:00,33064.92,33076.8,33057.8,33076.42,2459
2026-08-04T18:15:00+00:00,33076.42,33084.17,33075.55,33079.55,2678
2026-08-04T18:16:00+00:00,33079.55,33081.55,33072.92,33076.67,2278
2026-08-04T18:17:00+00:00,33076.67,33081.92,33074.55,33075.05,2120
2026-08-04T18:18:00+00:00,33075.05,33085.67,33073.42,33085.67,2057
2026-08-04T18:19:00+00:00,33085.67,33090.55,33082.17,33085.8,1899
2026-08-04T18:20:00+00:00,33085.8,33090.55,33082.17,33090.05,2175
2026-08-04T18:21:00+00:00,33090.05,33091.42,33077.17,33082.42,1781
2026-08-04T18:22:00+00:00,33082.42,33096.67,33081.3,33088.3,1825
2026-08-04T18:23:00+00:00,33088.3,33096.3,33088.3,33090.3,1694
2026-08-04T18:24:00+00:00,33090.3,33092.67,33084.3,33086.92,1791
2026-08-04T18:25:00+00:00,33086.92,33094.55,33085.8,33086.67,1631
2026-08-04T18:26:00+00:00,33086.67,33088.67,33079.55,33083.55,2044
2026-08-04T18:27:00+00:00,33083.55,33087.92,33077.55,33079.8,1915
2026-08-04T18:28:00+00:00,33079.8,33089.3,33079.05,33088.17,1976
2026-08-04T18:29:00+00:00,33088.17,33096.17,33087.05,33096.17,1700
2026-08-04T18:30:00+00:00,33096.17,33109.67,33095.42,33108.92,1642
2026-08-04T18:31:00+00:00,33108.92,33109.92,33097.67,33098.67,1864
2026-08-04T18:32:00+00:00,33098.67,33106.05,33098.3,33103.55,1387
2026-08-04T18:33:00+00:00,33103.55,33104.3,33093.05,33096.42,1684
2026-08-04T18:34:00+00:00,33096.42,33100.8,33086.3,33089.55,1832
2026-08-04T18:35:00+00:00,33089.55,33094.67,33086.3,33089.3,1855
2026-08-04T18:36:00+00:00,33089.3,33093.3,33087.55,33090.55,1598
2026-08-04T18:37:00+00:00,33090.55,33091.55,33071.92,33077.42,2332
2026-08-04T18:38:00+00:00,33077.42,33080.8,33071.55,33073.3,2189
2026-08-04T18:39:00+00:00,33073.3,33076.92,33071.3,33075.92,1995
2026-08-04T18:40:00+00:00,33075.92,33075.92,33059.17,33064.55,2468
2026-08-04T18:41:00+00:00,33064.55,33080.55,33063.42,33078.17,2531
2026-08-04T18:42:00+00:00,33078.17,33078.42,33061.8,33062.8,2122
2026-08-04T18:43:00+00:00,33062.8,33068.42,33058.05,33067.17,2575
2026-08-04T18:44:00+00:00,33067.17,33077.05,33067.17,33071.05,2483
2026-08-04T18:45:00+00:00,33071.05,33091.55,33071.05,33086.8,2698
2026-08-04T18:46:00+00:00,33086.8,33099.05,33086.17,33098.05,2168
2026-08-04T18:47:00+00:00,33098.05,33102.55,33092.55,33102.55,2120
2026-08-04T18:48:00+00:00,33102.55,33108.42,33100.42,33106.05,2026
2026-08-04T18:49:00+00:00,33106.05,33112.17,33097.47,33099.3,2085
2026-08-04T18:50:00+00:00,33099.3,33110.17,33097.67,33109.92,1706
2026-08-04T18:51:00+00:00,33109.92,33111.92,33102.8,33105.42,1765
2026-08-04T18:52:00+00:00,33105.42,33107.55,33099.55,33102.92,1951
2026-08-04T18:53:00+00:00,33102.92,33102.92,33093.3,33099.42,1934
2026-08-04T18:54:00+00:00,33099.42,33103.8,33092.92,33097.17,2059
2026-08-04T18:55:00+00:00,33097.17,33103.55,33093.42,33097.05,2054
2026-08-04T18:56:00+00:00,33097.05,33102.17,33094.3,33097.42,1723
2026-08-04T18:57:00+00:00,33097.42,33099.42,33092.92,33095.92,1896
2026-08-04T18:58:00+00:00,33095.92,33102.05,33095.05,33100.05,1862
2026-08-04T18:59:00+00:00,33100.05,33100.42,33095.3,33098.55,2062
2026-08-04T19:00:00+00:00,33098.55,33119.8,33096.55,33119.17,3612
2026-08-04T19:01:00+00:00,33119.17,33138.67,33119.17,33132.42,2885
2026-08-04T19:02:00+00:00,33132.42,33139.3,33129.42,33139.3,2656
2026-08-04T19:03:00+00:00,33139.3,33142.67,33137.92,33141.92,1929
2026-08-04T19:04:00+00:00,33141.92,33142.42,33129.17,33131.42,2004
2026-08-04T19:05:00+00:00,33131.42,33140.55,33121.17,33124.05,2252
2026-08-04T19:06:00+00:00,33124.05,33135.92,33120.67,33133.17,2462
2026-08-04T19:07:00+00:00,33133.17,33135.92,33129.05,33135.55,2059
2026-08-04T19:08:00+00:00,33135.55,33139.05,33129.17,33139.05,1767
2026-08-04T19:09:00+00:00,33139.05,33148.17,33136.42,33147.05,1697
2026-08-04T19:10:00+00:00,33147.05,33149.05,33141.67,33143.8,1803
2026-08-04T19:11:00+00:00,33143.8,33150.92,33142.92,33149.67,1530
2026-08-04T19:12:00+00:00,33149.67,33150.92,33141.17,33143.17,1946
2026-08-04T19:13:00+00:00,33143.17,33149.17,33139.8,33146.92,1756
2026-08-04T19:14:00+00:00,33146.92,33149.67,33142.17,33143.92,1622
2026-08-04T19:15:00+00:00,33143.92,33151.55,33143.17,33144.42,2018
2026-08-04T19:16:00+00:00,33144.42,33161.05,33140.3,33159.67,2041
2026-08-04T19:17:00+00:00,33159.67,33162.17,33153.92,33157.3,1768
2026-08-04T19:18:00+00:00,33157.3,33159.17,33150.8,33151.55,1580
2026-08-04T19:19:00+00:00,33151.55,33157.67,33148.42,33157.67,1862
2026-08-04T19:20:00+00:00,33157.67,33160.17,33155.17,33156.42,1680
2026-08-04T19:21:00+00:00,33156.42,33157.67,33147.17,33148.42,1638
2026-08-04T19:22:00+00:00,33148.42,33150.42,33141.17,33141.92,1924
2026-08-04T19:23:00+00:00,33141.92,33148.55,33134.67,33141.92,2438
2026-08-04T19:24:00+00:00,33141.92,33147.55,33138.17,33139.42,1960
2026-08-04T19:25:00+00:00,33139.42,33144.55,33124.17,33129.3,2793
2026-08-04T19:26:00+00:00,33129.3,33129.3,33120.17,33122.92,2847
2026-08-04T19:27:00+00:00,33122.92,33130.67,33120.42,33122.42,2538
2026-08-04T19:28:00+00:00,33122.42,33123.17,33110.92,33110.92,2855
2026-08-04T19:29:00+00:00,33110.92,33116.67,33106.8,33116.67,2714
2026-08-04T19:30:00+00:00,33116.67,33121.17,33107.05,33119.55,3936
2026-08-04T19:31:00+00:00,33119.55,33130.67,33111.05,33130.67,3313
2026-08-04T19:32:00+00:00,33130.67,33130.92,33121.67,33127.42,2540
2026-08-04T19:33:00+00:00,33127.42,33132.8,33124.3,33126.42,2247
2026-08-04T19:34:00+00:00,33126.42,33130.42,33120.17,33129.55,2407
2026-08-04T19:35:00+00:00,33129.55,33133.67,33122.3,33129.92,2789
2026-08-04T19:36:00+00:00,33129.92,33132.8,33121.05,33132.42,2296
2026-08-04T19:37:00+00:00,33132.42,33147.42,33132.05,33144.67,2200
2026-08-04T19:38:00+00:00,33144.67,33148.17,33142.42,33142.92,1708
2026-08-04T19:39:00+00:00,33142.92,33146.67,33136.42,33138.92,1823
2026-08-04T19:40:00+00:00,33138.92,33146.42,33137.05,33146.42,1905
2026-08-04T19:41:00+00:00,33146.42,33152.17,33146.3,33148.17,1598
2026-08-04T19:42:00+00:00,33148.17,33158.42,33148.17,33158.05,1624
2026-08-04T19:43:00+00:00,33158.05,33161.05,33147.17,33160.3,2112
2026-08-04T19:44:00+00:00,33160.3,33167.92,33159.3,33166.92,2252
2026-08-04T19:45:00+00:00,33166.92,33167.67,33157.42,33165.67,2512
2026-08-04T19:46:00+00:00,33165.67,33173.42,33156.17,33159.17,2514
2026-08-04T19:47:00+00:00,33159.17,33159.17,33145.42,33146.67,2722
2026-08-04T19:48:00+00:00,33146.67,33146.67,33137.8,33146.67,2906
2026-08-04T19:49:00+00:00,33146.67,33146.67,33137.17,33138.17,2106
2026-08-04T19:50:00+00:00,33138.17,33138.97,33115.3,33124.42,5333
2026-08-04T19:51:00+00:00,33124.42,33129.42,33113.3,33113.3,3998
2026-08-04T19:52:00+00:00,33113.3,33120.8,33103.05,33117.55,3860
2026-08-04T19:53:00+00:00,33117.55,33123.05,33105.8,33109.42,3166
2026-08-04T19:54:00+00:00,33109.42,33109.42,33088.17,33088.17,4134
2026-08-04T19:55:00+00:00,33088.17,33101.42,33080.92,33086.3,5748
2026-08-04T19:56:00+00:00,33086.3,33087.92,33069.92,33072.92,3911
2026-08-04T19:57:00+00:00,33072.92,33079.42,33068.67,33074.92,4559
2026-08-04T19:58:00+00:00,33074.92,33093.92,33071.17,33092.92,4239
2026-08-04T19:59:00+00:00,33092.92,33110.92,33065.8,33089.42,6866
2026-08-05T13:30:00+00:00,33189.88,33209.53,33164.03,33180.28,15948
2026-08-05T13:31:00+00:00,33180.28,33205.78,33180.28,33199.78,13772
2026-08-05T13:32:00+00:00,33199.78,33202.78,33152.16,33173.03,12712
2026-08-05T13:33:00+00:00,33173.03,33218.03,33173.03,33210.41,11471
2026-08-05T13:34:00+00:00,33210.41,33228.03,33195.16,33227.66,11026
2026-08-05T13:35:00+00:00,33227.66,33236.91,33208.78,33223.41,12448
2026-08-05T13:36:00+00:00,33223.41,33225.53,33129.28,33145.91,13897
2026-08-05T13:37:00+00:00,33145.91,33159.78,33126.78,33153.41,13714
2026-08-05T13:38:00+00:00,33153.41,33214.03,33153.41,33187.78,12140
2026-08-05T13:39:00+00:00,33187.78,33236.83,33163.91,33221.41,11142
2026-08-05T13:40:00+00:00,33221.41,33252.66,33197.03,33218.03,11277
2026-08-05T13:41:00+00:00,33218.03,33231.53,33200.28,33231.28,12203
2026-08-05T13:42:00+00:00,33231.28,33251.16,33224.16,33247.16,9835
2026-08-05T13:43:00+00:00,33247.16,33266.91,33246.28,33266.91,6657
2026-08-05T13:44:00+00:00,33266.91,33270.78,33241.28,33261.83,5815
2026-08-05T13:45:00+00:00,33261.83,33287.03,33236.03,33244.16,10921
2026-08-05T13:46:00+00:00,33244.16,33267.03,33234.53,33246.28,10274
2026-08-05T13:47:00+00:00,33246.28,33264.28,33242.78,33258.78,9706
2026-08-05T13:48:00+00:00,33258.78,33283.41,33252.66,33272.03,8780
2026-08-05T13:49:00+00:00,33272.03,33274.66,33261.91,33270.66,9417
2026-08-05T13:50:00+00:00,33270.66,33279.16,33215.16,33228.41,10487
2026-08-05T13:51:00+00:00,33228.41,33248.03,33208.91,33225.28,11072
2026-08-05T13:52:00+00:00,33225.28,33235.66,33199.58,33213.53,10899
2026-08-05T13:53:00+00:00,33213.53,33250.53,33205.53,33229.66,10689
2026-08-05T13:54:00+00:00,33229.66,33243.41,33186.41,33242.41,10011
2026-08-05T13:55:00+00:00,33242.41,33245.91,33209.66,33212.28,9257
2026-08-05T13:56:00+00:00,33212.28,33223.16,33194.91,33210.28,9280
2026-08-05T13:57:00+00:00,33210.28,33237.66,33209.16,33236.16,8170
2026-08-05T13:58:00+00:00,33236.16,33269.91,33232.78,33268.66,6249
2026-08-05T13:59:00+00:00,33268.66,33273.03,33242.33,33265.28,4636
2026-08-05T14:00:00+00:00,33265.28,33265.28,33199.16,33224.41,10112
2026-08-05T14:01:00+00:00,33224.41,33225.41,33172.66,33177.28,10582
2026-08-05T14:02:00+00:00,33177.28,33179.28,33134.16,33151.03,12461
2026-08-05T14:03:00+00:00,33151.03,33178.28,33142.78,33172.28,11296
2026-08-05T14:04:00+00:00,33172.28,33186.91,33145.53,33179.53,11452
2026-08-05T14:05:00+00:00,33179.53,33229.41,33179.53,33193.53,12268
2026-08-05T14:06:00+00:00,33193.53,33208.91,33176.53,33205.03,10242
2026-08-05T14:07:00+00:00,33205.03,33220.91,33201.53,33210.41,9896
2026-08-05T14:08:00+00:00,33210.41,33229.78,33209.41,33213.28,10397
2026-08-05T14:09:00+00:00,33213.28,33244.41,33205.41,33218.66,9633
2026-08-05T14:10:00+00:00,33218.66,33232.16,33184.53,33231.53,8557
2026-08-05T14:11:00+00:00,33231.53,33234.41,33199.16,33207.16,9744
2026-08-05T14:12:00+00:00,33207.16,33226.16,33197.53,33202.91,9863
2026-08-05T14:13:00+00:00,33202.91,33224.41,33202.28,33216.03,9606
2026-08-05T14:14:00+00:00,33216.03,33232.16,33208.53,33213.53,8610
2026-08-05T14:15:00+00:00,33213.53,33240.66,33210.53,33227.66,9034
2026-08-05T14:16:00+00:00,33227.66,33232.78,33198.03,33201.66,9074
2026-08-05T14:17:00+00:00,33201.66,33216.53,33200.03,33214.91,8970
2026-08-05T14:18:00+00:00,33214.91,33227.91,33205.41,33227.91,8272
2026-08-05T14:19:00+00:00,33227.91,33227.91,33187.03,33189.03,9145
2026-08-05T14:20:00+00:00,33189.03,33190.16,33159.66,33176.91,10034
2026-08-05T14:21:00+00:00,33176.91,33191.41,33151.66,33160.41,10383
2026-08-05T14:22:00+00:00,33160.41,33170.28,33140.41,33148.41,9638
2026-08-05T14:23:00+00:00,33148.41,33152.16,33117.41,33139.28,10139
2026-08-05T14:24:00+00:00,33139.28,33183.66,33134.53,33174.66,9849
2026-08-05T14:25:00+00:00,33174.66,33204.66,33168.66,33168.66,9229
2026-08-05T14:26:00+00:00,33168.66,33190.16,33147.28,33163.66,10793
2026-08-05T14:27:00+00:00,33163.66,33173.91,33152.66,33171.53,8844
2026-08-05T14:28:00+00:00,33171.53,33173.41,33140.91,33142.66,8889
2026-08-05T14:29:00+00:00,33142.66,33153.91,33127.41,33130.28,8693
2026-08-05T14:30:00+00:00,33130.28,33132.78,33087.78,33110.53,9507
2026-08-05T14:31:00+00:00,33110.53,33116.03,33075.16,33076.66,9058
2026-08-05T14:32:00+00:00,33076.66,33098.78,33069.66,33094.16,9213
2026-08-05T14:33:00+00:00,33094.16,33119.28,33083.91,33114.53,9094
2026-08-05T14:34:00+00:00,33114.53,33125.16,33088.78,33100.53,7954
2026-08-05T14:35:00+00:00,33100.53,33126.91,33093.53,33110.66,8791
2026-08-05T14:36:00+00:00,33110.66,33110.66,33082.16,33099.91,9517
2026-08-05T14:37:00+00:00,33099.91,33117.66,33063.16,33063.66,8560
2026-08-05T14:38:00+00:00,33063.66,33086.16,33056.16,33076.66,8157
2026-08-05T14:39:00+00:00,33076.66,33093.03,33056.28,33056.28,8778
2026-08-05T14:40:00+00:00,33056.28,33072.41,33045.41,33045.91,8636
2026-08-05T14:41:00+00:00,33045.91,33068.91,33041.41,33067.16,8658
2026-08-05T14:42:00+00:00,33067.16,33085.78,33046.66,33077.16,8691
2026-08-05T14:43:00+00:00,33077.16,33083.28,33060.16,33078.16,6342
2026-08-05T14:44:00+00:00,33078.16,33086.28,33054.91,33077.03,7754
2026-08-05T14:45:00+00:00,33077.03,33083.03,33054.41,33060.28,8071
2026-08-05T14:46:00+00:00,33060.28,33098.41,33058.91,33089.53,8138
2026-08-05T14:47:00+00:00,33089.53,33095.41,33082.53,33087.91,7959
2026-08-05T14:48:00+00:00,33087.91,33100.91,33083.41,33095.16,6528
2026-08-05T14:49:00+00:00,33095.16,33119.78,33093.03,33107.41,6331
2026-08-05T14:50:00+00:00,33107.41,33119.91,33085.16,33088.53,7846
2026-08-05T14:51:00+00:00,33088.53,33094.16,33058.16,33067.28,8479
2026-08-05T14:52:00+00:00,33067.28,33073.03,33039.66,33053.03,8314
2026-08-05T14:53:00+00:00,33053.03,33056.91,33005.53,33013.16,8163
2026-08-05T14:54:00+00:00,33013.16,33040.16,33007.28,33039.16,7629
2026-08-05T14:55:00+00:00,33039.16,33043.91,33017.53,33035.66,7165
2026-08-05T14:56:00+00:00,33035.66,33048.16,33021.41,33045.41,7027
2026-08-05T14:57:00+00:00,33045.41,33077.03,33042.53,33063.03,7424
2026-08-05T14:58:00+00:00,33063.03,33077.66,33046.66,33049.16,6445
2026-08-05T14:59:00+00:00,33049.16,33077.53,33047.03,33063.16,5572
2026-08-05T15:00:00+00:00,33063.16,33095.91,33063.16,33088.91,6919
2026-08-05T15:01:00+00:00,33088.91,33089.66,33059.53,33070.03,6940
2026-08-05T15:02:00+00:00,33070.03,33086.53,33067.03,33072.91,6180
2026-08-05T15:03:00+00:00,33072.91,33073.78,33046.28,33052.16,6690
2026-08-05T15:04:00+00:00,33052.16,33061.03,33041.28,33061.03,6414
2026-08-05T15:05:00+00:00,33061.03,33072.78,33050.53,33050.53,6657
2026-08-05T15:06:00+00:00,33050.53,33077.16,33043.91,33071.66,6322
2026-08-05T15:07:00+00:00,33071.66,33084.16,33070.41,33079.78,5759
2026-08-05T15:08:00+00:00,33079.78,33080.41,33063.41,33067.91,5813
2026-08-05T15:09:00+00:00,33067.91,33100.91,33067.41,33086.91,6541
2026-08-05T15:10:00+00:00,33086.91,33096.66,33081.91,33096.66,5317
2026-08-05T15:11:00+00:00,33096.66,33105.53,33069.91,33075.66,6553
2026-08-05T15:12:00+00:00,33075.66,33097.78,33072.66,33079.66,6008
2026-08-05T15:13:00+00:00,33079.66,33079.78,33053.91,33054.16,6867
2026-08-05T15:14:00+00:00,33054.16,33061.28,33049.66,33054.66,5973
2026-08-05T15:15:00+00:00,33054.66,33064.16,33033.53,33034.78,6483
2026-08-05T15:16:00+00:00,33034.78,33040.03,33016.66,33038.66,5604
2026-08-05T15:17:00+00:00,33038.66,33039.91,33019.78,33024.16,4983
2026-08-05T15:18:00+00:00,33024.16,33024.78,32980.03,33011.91,8169
2026-08-05T15:19:00+00:00,33011.91,33048.16,33006.91,33048.03,6976
2026-08-05T15:20:00+00:00,33048.03,33049.78,33035.03,33048.91,5662
2026-08-05T15:21:00+00:00,33048.91,33059.41,33037.41,33058.16,5871
2026-08-05T15:22:00+00:00,33058.16,33060.91,33049.28,33049.91,5487
2026-08-05T15:23:00+00:00,33049.91,33062.66,33039.03,33039.03,5152
2026-08-05T15:24:00+00:00,33039.03,33060.66,33029.16,33035.03,5137
2026-08-05T15:25:00+00:00,33035.03,33043.16,33021.66,33027.28,5409
2026-08-05T15:26:00+00:00,33027.28,33033.53,33022.78,33027.03,4053
2026-08-05T15:27:00+00:00,33027.03,33046.66,33023.78,33035.16,5132
2026-08-05T15:28:00+00:00,33035.16,33035.53,33012.28,33017.91,5023
2026-08-05T15:29:00+00:00,33017.91,33032.03,33011.03,33024.28,4198
2026-08-05T15:30:00+00:00,33024.28,33045.53,33022.03,33045.53,5363
2026-08-05T15:31:00+00:00,33045.53,33075.28,33045.53,33063.53,3456
2026-08-05T15:32:00+00:00,33063.53,33073.16,33062.66,33066.91,3976
2026-08-05T15:33:00+00:00,33066.91,33068.78,33048.91,33057.66,5844
2026-08-05T15:34:00+00:00,33057.66,33061.41,33028.41,33034.28,5402
2026-08-05T15:35:00+00:00,33034.28,33049.91,33034.28,33049.41,4745
2026-08-05T15:36:00+00:00,33049.41,33049.66,33035.66,33047.66,4786
2026-08-05T15:37:00+00:00,33047.66,33067.53,33042.16,33059.53,4732
2026-08-05T15:38:00+00:00,33059.53,33063.78,33049.41,33051.16,4490
2026-08-05T15:39:00+00:00,33051.16,33069.66,33046.91,33058.41,5053
2026-08-05T15:40:00+00:00,33058.41,33066.91,33046.53,33053.66,4564
2026-08-05T15:41:00+00:00,33053.66,33055.53,33032.16,33052.16,4639
2026-08-05T15:42:00+00:00,33052.16,33056.16,33040.66,33054.91,4540
2026-08-05T15:43:00+00:00,33054.91,33055.91,33033.16,33037.66,3928
2026-08-05T15:44:00+00:00,33037.66,33037.91,33027.66,33035.03,4147
2026-08-05T15:45:00+00:00,33035.03,33035.03,33005.28,33019.28,4952
2026-08-05T15:46:00+00:00,33019.28,33022.41,33006.28,33022.16,3802
2026-08-05T15:47:00+00:00,33022.16,33028.41,33016.91,33021.78,4069
2026-08-05T15:48:00+00:00,33021.78,33029.91,33013.28,33026.66,3862
2026-08-05T15:49:00+00:00,33026.66,33032.53,33004.41,33007.78,4591
2026-08-05T15:50:00+00:00,33007.78,33021.66,33004.91,33014.78,4507
2026-08-05T15:51:00+00:00,33014.78,33016.91,32992.53,32993.03,4089
2026-08-05T15:52:00+00:00,32993.03,32997.78,32987.53,32988.78,3475
2026-08-05T15:53:00+00:00,32988.78,33009.16,32988.03,33004.91,3892
2026-08-05T15:54:00+00:00,33004.91,33010.78,32989.16,32993.03,3223
2026-08-05T15:55:00+00:00,32993.03,32993.03,32981.28,32984.16,3042
2026-08-05T15:56:00+00:00,32984.16,32985.28,32960.53,32967.66,4445
2026-08-05T15:57:00+00:00,32967.66,32967.66,32930.78,32949.03,5734
2026-08-05T15:58:00+00:00,32949.03,32974.53,32944.16,32966.78,4894
2026-08-05T15:59:00+00:00,32966.78,32977.41,32953.66,32953.78,4023
2026-08-05T16:00:00+00:00,32953.78,32971.41,32952.41,32963.91,6440
2026-08-05T16:01:00+00:00,32963.91,32965.91,32949.16,32949.78,5612
2026-08-05T16:02:00+00:00,32949.78,32952.16,32927.03,32941.91,6928
2026-08-05T16:03:00+00:00,32941.91,32954.91,32935.16,32952.91,7568
2026-08-05T16:04:00+00:00,32952.91,32980.41,32952.91,32971.91,6566
2026-08-05T16:05:00+00:00,32971.91,32974.16,32960.66,32971.41,6065
2026-08-05T16:06:00+00:00,32971.41,32977.91,32946.16,32959.03,5810
2026-08-05T16:07:00+00:00,32959.03,32968.91,32946.53,32948.78,5882
2026-08-05T16:08:00+00:00,32948.78,32952.66,32931.91,32931.91,5048
2026-08-05T16:09:00+00:00,32931.91,32939.66,32919.28,32936.91,6079
2026-08-05T16:10:00+00:00,32936.91,32945.66,32926.91,32932.41,5589
2026-08-05T16:11:00+00:00,32932.41,32944.28,32927.16,32934.91,4304
2026-08-05T16:12:00+00:00,32934.91,32938.16,32917.66,32930.78,5388
2026-08-05T16:13:00+00:00,32930.78,32936.66,32918.66,32927.28,5245
2026-08-05T16:14:00+00:00,32927.28,32947.91,32921.41,32947.66,4478
2026-08-05T16:15:00+00:00,32947.66,32953.28,32935.78,32945.66,5605
2026-08-05T16:16:00+00:00,32945.66,32976.41,32943.66,32967.16,4067
2026-08-05T16:17:00+00:00,32967.16,32973.53,32957.78,32965.78,3449
2026-08-05T16:18:00+00:00,32965.78,32967.41,32958.66,32964.66,3939
2026-08-05T16:19:00+00:00,32964.66,32967.53,32947.91,32953.66,3657
2026-08-05T16:20:00+00:00,32953.66,32993.16,32952.66,32993.03,4293
2026-08-05T16:21:00+00:00,32993.03,33008.16,32992.03,33006.28,3556
2026-08-05T16:22:00+00:00,33006.28,33008.41,32992.78,33005.41,3252
2026-08-05T16:23:00+00:00,33005.41,33007.53,32980.41,32980.66,3686
2026-08-05T16:24:00+00:00,32980.66,32991.66,32969.91,32984.66,4879
2026-08-05T16:25:00+00:00,32984.66,33009.03,32984.66,33004.91,3768
2026-08-05T16:26:00+00:00,33004.91,33024.28,33002.91,33023.91,3029
2026-08-05T16:27:00+00:00,33023.91,33039.16,33021.66,33021.66,3610
2026-08-05T16:28:00+00:00,33021.66,33030.53,33017.03,33029.16,3218
2026-08-05T16:29:00+00:00,33029.16,33046.66,33029.16,33044.66,2629
2026-08-05T16:30:00+00:00,33044.66,33054.66,33021.03,33021.66,4303
2026-08-05T16:31:00+00:00,33021.66,33024.41,33009.41,33010.53,4348
2026-08-05T16:32:00+00:00,33010.53,33024.91,33008.66,33020.28,4382
2026-08-05T16:33:00+00:00,33020.28,33020.66,32986.03,32992.41,5456
2026-08-05T16:34:00+00:00,32992.41,33013.03,32992.41,33011.16,4040
2026-08-05T16:35:00+00:00,33011.16,33012.78,32989.91,33000.41,4233
2026-08-05T16:36:00+00:00,33000.41,33004.41,32989.41,33000.03,3764
2026-08-05T16:37:00+00:00,33000.03,33012.28,32996.28,33010.41,3654
2026-08-05T16:38:00+00:00,33010.41,33020.66,33006.41,33020.16,3799
2026-08-05T16:39:00+00:00,33020.16,33025.91,33008.41,33012.91,3632
2026-08-05T16:40:00+00:00,33012.91,33024.53,33011.91,33023.41,4020
2026-08-05T16:41:00+00:00,33023.41,33035.78,33023.41,33025.41,2897
2026-08-05T16:42:00+00:00,33025.41,33025.91,33001.16,33003.53,3828
2026-08-05T16:43:00+00:00,33003.53,33017.41,33000.16,33015.91,3600
2026-08-05T16:44:00+00:00,33015.91,33019.66,33002.66,33003.91,3612
2026-08-05T16:45:00+00:00,33003.91,33016.03,32994.41,33013.41,3869
2026-08-05T16:46:00+00:00,33013.41,33016.91,33002.41,33006.41,3123
2026-08-05T16:47:00+00:00,33006.41,33014.78,33005.66,33009.41,3094
2026-08-05T16:48:00+00:00,33009.41,33014.28,33000.66,33013.41,3465
2026-08-05T16:49:00+00:00,33013.41,33016.03,33003.91,33006.16,2933
2026-08-05T16:50:00+00:00,33006.16,33027.28,33002.03,33026.91,3496
2026-08-05T16:51:00+00:00,33026.91,33033.53,33017.66,33022.16,3074
2026-08-05T16:52:00+00:00,33022.16,33030.16,33018.03,33024.16,2772
2026-08-05T16:53:00+00:00,33024.16,33040.16,33019.91,33039.03,3089
2026-08-05T16:54:00+00:00,33039.03,33039.03,33027.41,33030.41,2910
2026-08-05T16:55:00+00:00,33030.41,33035.91,33024.28,33027.66,3400
2026-08-05T16:56:00+00:00,33027.66,33033.41,33022.66,33025.91,3362
2026-08-05T16:57:00+00:00,33025.91,33035.41,33024.91,33033.41,2651
2026-08-05T16:58:00+00:00,33033.41,33037.53,33019.66,33022.91,2755
2026-08-05T16:59:00+00:00,33022.91,33029.41,33017.91,33024.66,2423
2026-08-05T17:00:00+00:00,33024.66,33034.16,33005.91,33020.91,4011
2026-08-05T17:01:00+00:00,33020.91,33034.41,33020.66,33032.66,3324
2026-08-05T17:02:00+00:00,33032.66,33032.66,33003.66,33006.16,3783
2026-08-05T17:03:00+00:00,33006.16,33012.41,32996.41,33007.41,3465
2026-08-05T17:04:00+00:00,33007.41,33008.66,32986.28,32992.28,3433
2026-08-05T17:05:00+00:00,32992.28,32998.91,32984.91,32996.16,4371
2026-08-05T17:06:00+00:00,32996.16,33001.28,32969.16,32977.28,3951
2026-08-05T17:07:00+00:00,32977.28,32995.16,32974.78,32984.28,3287
2026-08-05T17:08:00+00:00,32984.28,32989.53,32979.78,32987.41,3873
2026-08-05T17:09:00+00:00,32987.41,32990.66,32974.41,32975.28,3582
2026-08-05T17:10:00+00:00,32975.28,32977.28,32960.53,32963.91,3964
2026-08-05T17:11:00+00:00,32963.91,32991.41,32960.03,32990.91,3884
2026-08-05T17:12:00+00:00,32990.91,32998.66,32984.16,32994.91,3593
2026-08-05T17:13:00+00:00,32994.91,32995.41,32977.41,32980.66,3364
2026-08-05T17:14:00+00:00,32980.66,32987.91,32978.91,32982.66,3540
2026-08-05T17:15:00+00:00,32982.66,32994.91,32964.16,32992.66,3788
2026-08-05T17:16:00+00:00,32992.66,32997.28,32979.41,32981.66,3347
2026-08-05T17:17:00+00:00,32981.66,32981.91,32966.16,32974.91,3807
2026-08-05T17:18:00+00:00,32974.91,32980.16,32968.28,32977.91,3095
2026-08-05T17:19:00+00:00,32977.91,32986.91,32971.78,32975.16,3281
2026-08-05T17:20:00+00:00,32975.16,32981.41,32971.28,32979.16,3389
2026-08-05T17:21:00+00:00,32979.16,32980.03,32971.66,32975.41,2926
2026-08-05T17:22:00+00:00,32975.41,32977.78,32956.78,32957.41,3466
2026-08-05T17:23:00+00:00,32957.41,32975.41,32956.16,32968.41,3052
2026-08-05T17:24:00+00:00,32968.41,32980.28,32965.53,32980.28,3008
2026-08-05T17:25:00+00:00,32980.28,32985.41,32973.16,32983.41,3652
2026-08-05T17:26:00+00:00,32983.41,32993.53,32982.91,32993.53,2416
2026-08-05T17:27:00+00:00,32993.53,32996.41,32984.41,32986.41,2851
2026-08-05T17:28:00+00:00,32986.41,32989.91,32980.41,32984.16,2938
2026-08-05T17:29:00+00:00,32984.16,32984.16,32967.16,32969.66,3146
2026-08-05T17:30:00+00:00,32969.66,32970.53,32957.66,32964.41,3181
2026-08-05T17:31:00+00:00,32964.41,32968.91,32955.16,32968.91,2896
2026-08-05T17:32:00+00:00,32968.91,32975.66,32962.28,32972.03,2454
2026-08-05T17:33:00+00:00,32972.03,32976.66,32961.41,32975.03,2581
2026-08-05T17:34:00+00:00,32975.03,32984.91,32966.78,32972.16,3105
2026-08-05T17:35:00+00:00,32972.16,32983.16,32966.91,32979.66,3036
2026-08-05T17:36:00+00:00,32979.66,32984.03,32970.78,32975.16,2464
2026-08-05T17:37:00+00:00,32975.16,32984.03,32965.66,32978.91,2505
2026-08-05T17:38:00+00:00,32978.91,32980.91,32972.41,32978.16,2715
2026-08-05T17:39:00+00:00,32978.16,32980.41,32970.91,32975.16,2606
2026-08-05T17:40:00+00:00,32975.16,32993.41,32972.91,32990.03,2644
2026-08-05T17:41:00+00:00,32990.03,32990.03,32972.91,32972.91,2477
2026-08-05T17:42:00+00:00,32972.91,32980.53,32969.03,32974.66,2558
2026-08-05T17:43:00+00:00,32974.66,32984.16,32971.03,32981.66,2344
2026-08-05T17:44:00+00:00,32981.66,32983.53,32972.53,32972.53,2022
2026-08-05T17:45:00+00:00,32972.53,32972.53,32950.91,32962.66,3124
2026-08-05T17:46:00+00:00,32962.66,32968.53,32955.91,32967.16,2326
2026-08-05T17:47:00+00:00,32967.16,32977.16,32958.66,32975.91,2466
2026-08-05T17:48:00+00:00,32975.91,32978.66,32969.03,32978.66,2201
2026-08-05T17:49:00+00:00,32978.66,32988.66,32977.66,32980.41,2096
2026-08-05T17:50:00+00:00,32980.41,32989.41,32972.91,32973.41,2126
2026-08-05T17:51:00+00:00,32973.41,32987.91,32972.16,32986.03,2004
2026-08-05T17:52:00+00:00,32986.03,32986.66,32973.41,32979.16,1806
2026-08-05T17:53:00+00:00,32979.16,32979.16,32969.16,32975.78,2022
2026-08-05T17:54:00+00:00,32975.78,32977.91,32964.41,32967.53,2039
2026-08-05T17:55:00+00:00,32967.53,32969.41,32960.53,32968.66,2378
2026-08-05T17:56:00+00:00,32968.66,32978.28,32964.28,32977.16,1884
2026-08-05T17:57:00+00:00,32977.16,32978.66,32968.41,32978.16,1742
2026-08-05T17:58:00+00:00,32978.16,32984.78,32977.53,32977.53,1910
2026-08-05T17:59:00+00:00,32977.53,32979.41,32969.41,32972.16,1984
2026-08-05T18:00:00+00:00,32972.16,32982.66,32968.91,32976.41,2874
2026-08-05T18:01:00+00:00,32976.41,32980.66,32971.78,32972.91,2231
2026-08-05T18:02:00+00:00,32972.91,32985.28,32968.03,32981.16,2532
2026-08-05T18:03:00+00:00,32981.16,32990.91,32977.66,32987.16,2229
2026-08-05T18:04:00+00:00,32987.16,33000.53,32984.66,32997.41,1684
2026-08-05T18:05:00+00:00,32997.41,32998.41,32986.66,32995.16,2135
2026-08-05T18:06:00+00:00,32995.16,32997.41,32975.28,32984.66,2892
2026-08-05T18:07:00+00:00,32984.66,32984.66,32973.16,32975.53,2879
2026-08-05T18:08:00+00:00,32975.53,32983.28,32970.91,32982.66,2758
2026-08-05T18:09:00+00:00,32982.66,32987.78,32976.53,32983.16,2239
2026-08-05T18:10:00+00:00,32983.16,32990.78,32982.16,32986.16,2249
2026-08-05T18:11:00+00:00,32986.16,32999.53,32983.91,32996.91,1727
2026-08-05T18:12:00+00:00,32996.91,32998.78,32986.91,32990.41,1615
2026-08-05T18:13:00+00:00,32990.41,32993.53,32985.66,32986.66,1648
2026-08-05T18:14:00+00:00,32986.66,32990.66,32977.28,32977.66,2094
2026-08-05T18:15:00+00:00,32977.66,32996.78,32971.41,32996.28,2684
2026-08-05T18:16:00+00:00,32996.28,32996.66,32989.41,32991.41,1801
2026-08-05T18:17:00+00:00,32991.41,32993.91,32977.41,32978.78,2210
2026-08-05T18:18:00+00:00,32978.78,32985.66,32974.91,32985.16,1996
2026-08-05T18:19:00+00:00,32985.16,32993.16,32984.16,32987.91,1604
2026-08-05T18:20:00+00:00,32987.91,32992.66,32981.78,32991.03,1838
2026-08-05T18:21:00+00:00,32991.03,32992.91,32986.78,32987.28,1749
2026-08-05T18:22:00+00:00,32987.28,32989.41,32974.28,32981.66,2305
2026-08-05T18:23:00+00:00,32981.66,32984.41,32976.03,32984.41,1835
2026-08-05T18:24:00+00:00,32984.41,32985.03,32978.16,32979.91,1947
2026-08-05T18:25:00+00:00,32979.91,32991.91,32979.66,32991.28,1723
2026-08-05T18:26:00+00:00,32991.28,32996.03,32989.03,32990.53,1729
2026-08-05T18:27:00+00:00,32990.53,32993.28,32987.28,32988.03,1748
2026-08-05T18:28:00+00:00,32988.03,32991.28,32982.41,32984.41,1950
2026-08-05T18:29:00+00:00,32984.41,32993.66,32984.41,32991.78,1566
2026-08-05T18:30:00+00:00,32991.78,32991.78,32961.91,32963.16,2574
2026-08-05T18:31:00+00:00,32963.16,32963.16,32948.53,32950.28,2763
2026-08-05T18:32:00+00:00,32950.28,32952.41,32943.41,32946.16,3043
2026-08-05T18:33:00+00:00,32946.16,32954.53,32944.41,32952.66,2533
2026-08-05T18:34:00+00:00,32952.66,32962.16,32945.91,32955.28,2459
2026-08-05T18:35:00+00:00,32955.28,32965.16,32952.16,32964.66,2399
2026-08-05T18:36:00+00:00,32964.66,32973.16,32960.03,32964.41,2266
2026-08-05T18:37:00+00:00,32964.41,32969.16,32958.28,32967.16,1721
2026-08-05T18:38:00+00:00,32967.16,32971.03,32959.41,32965.53,1731
2026-08-05T18:39:00+00:00,32965.53,32970.41,32957.16,32957.16,1853
2026-08-05T18:40:00+00:00,32957.16,32965.91,32952.91,32958.16,2276
2026-08-05T18:41:00+00:00,32958.16,32959.41,32949.41,32956.41,2123
2026-08-05T18:42:00+00:00,32956.41,32962.91,32951.16,32961.78,1926
2026-08-05T18:43:00+00:00,32961.78,32961.91,32954.78,32956.66,1720
2026-08-05T18:44:00+00:00,32956.66,32960.66,32954.91,32957.41,1654
2026-08-05T18:45:00+00:00,32957.41,32972.16,32953.28,32972.16,2092
2026-08-05T18:46:00+00:00,32972.16,32974.41,32960.78,32969.66,1776
2026-08-05T18:47:00+00:00,32969.66,32973.91,32967.41,32969.66,1680
2026-08-05T18:48:00+00:00,32969.66,32980.16,32968.66,32972.41,1632
2026-08-05T18:49:00+00:00,32972.41,32974.91,32966.66,32968.66,1293
2026-08-05T18:50:00+00:00,32968.66,32976.66,32964.53,32971.66,1439
2026-08-05T18:51:00+00:00,32971.66,32973.16,32961.03,32964.16,1335
2026-08-05T18:52:00+00:00,32964.16,32967.53,32958.28,32963.78,1635
2026-08-05T18:53:00+00:00,32963.78,32967.91,32958.28,32962.16,1545
2026-08-05T18:54:00+00:00,32962.16,32967.28,32958.16,32960.16,1539
2026-08-05T18:55:00+00:00,32960.16,32961.41,32948.03,32948.03,1822
2026-08-05T18:56:00+00:00,32948.03,32948.03,32940.78,32942.91,1985
2026-08-05T18:57:00+00:00,32942.91,32952.91,32939.53,32952.03,1818
2026-08-05T18:58:00+00:00,32952.03,32956.16,32946.16,32948.66,1482
2026-08-05T18:59:00+00:00,32948.66,32951.53,32941.16,32941.66,1599
2026-08-05T19:00:00+00:00,32941.66,32959.28,32933.91,32954.66,2800
2026-08-05T19:01:00+00:00,32954.66,32967.66,32951.53,32966.41,2586
2026-08-05T19:02:00+00:00,32966.41,32970.78,32963.41,32965.78,2497
2026-08-05T19:03:00+00:00,32965.78,32972.91,32964.28,32972.66,2035
2026-08-05T19:04:00+00:00,32972.66,32976.28,32970.03,32974.91,1944
2026-08-05T19:05:00+00:00,32974.91,32993.16,32970.16,32987.78,2641
2026-08-05T19:06:00+00:00,32987.78,32988.41,32974.16,32974.78,2234
2026-08-05T19:07:00+00:00,32974.78,32988.91,32969.91,32987.16,2349
2026-08-05T19:08:00+00:00,32987.16,32988.28,32978.53,32986.28,1756
2026-08-05T19:09:00+00:00,32986.28,32986.91,32979.16,32983.16,1533
2026-08-05T19:10:00+00:00,32983.16,32984.91,32977.53,32983.91,1886
2026-08-05T19:11:00+00:00,32983.91,32985.66,32977.41,32982.16,1876
2026-08-05T19:12:00+00:00,32982.16,32988.28,32981.91,32985.03,1798
2026-08-05T19:13:00+00:00,32985.03,32991.41,32983.16,32983.16,1892
2026-08-05T19:14:00+00:00,32983.16,32989.53,32982.41,32989.16,1702
2026-08-05T19:15:00+00:00,32989.16,32993.28,32983.91,32989.16,1977
2026-08-05T19:16:00+00:00,32989.16,32994.41,32983.41,32987.28,1833
2026-08-05T19:17:00+00:00,32987.28,32989.53,32981.53,32985.91,1725
2026-08-05T19:18:00+00:00,32985.91,32989.91,32984.66,32988.78,1536
2026-08-05T19:19:00+00:00,32988.78,32991.28,32979.66,32981.78,1618
2026-08-05T19:20:00+00:00,32981.78,32990.91,32981.41,32983.91,1865
2026-08-05T19:21:00+00:00,32983.91,32983.91,32970.41,32979.53,1911
2026-08-05T19:22:00+00:00,32979.53,32983.28,32976.41,32979.28,1918
2026-08-05T19:23:00+00:00,32979.28,32989.66,32977.66,32986.78,1565
2026-08-05T19:24:00+00:00,32986.78,32988.28,32978.91,32980.91,1747
2026-08-05T19:25:00+00:00,32980.91,32982.28,32973.41,32974.66,1776
2026-08-05T19:26:00+00:00,32974.66,32987.91,32974.66,32987.28,1814
2026-08-05T19:27:00+00:00,32987.28,32991.53,32983.41,32984.66,1388
2026-08-05T19:28:00+00:00,32984.66,32985.28,32977.16,32981.16,1536
2026-08-05T19:29:00+00:00,32981.16,32981.16,32970.91,32971.91,1449
2026-08-05T19:30:00+00:00,32971.91,32978.16,32965.66,32974.66,3024
2026-08-05T19:31:00+00:00,32974.66,32974.66,32956.91,32958.16,2450
2026-08-05T19:32:00+00:00,32958.16,32963.41,32956.91,32961.41,2017
2026-08-05T19:33:00+00:00,32961.41,32961.41,32940.66,32949.91,2527
2026-08-05T19:34:00+00:00,32949.91,32950.66,32944.16,32946.41,2021
2026-08-05T19:35:00+00:00,32946.41,32946.41,32927.78,32932.16,2654
2026-08-05T19:36:00+00:00,32932.16,32941.41,32928.41,32941.41,2086
2026-08-05T19:37:00+00:00,32941.41,32947.41,32935.91,32944.16,2594
2026-08-05T19:38:00+00:00,32944.16,32951.78,32936.16,32936.16,2125
2026-08-05T19:39:00+00:00,32936.16,32938.03,32928.91,32930.41,1955
2026-08-05T19:40:00+00:00,32930.41,32943.66,32925.66,32942.91,2126
2026-08-05T19:41:00+00:00,32942.91,32945.41,32935.53,32940.53,1883
2026-08-05T19:42:00+00:00,32940.53,32949.53,32938.91,32940.53,2072
2026-08-05T19:43:00+00:00,32940.53,32941.41,32930.66,32932.78,2494
2026-08-05T19:44:00+00:00,32932.78,32932.78,32921.53,32926.66,2590
2026-08-05T19:45:00+00:00,32926.66,32934.03,32919.66,32926.28,3576
2026-08-05T19:46:00+00:00,32926.28,32926.28,32905.03,32908.16,2644
2026-08-05T19:47:00+00:00,32908.16,32924.41,32908.16,32924.41,2574
2026-08-05T19:48:00+00:00,32924.41,32924.41,32916.91,32919.16,2742
2026-08-05T19:49:00+00:00,32919.16,32930.16,32918.66,32929.66,2224
2026-08-05T19:50:00+00:00,32929.66,32940.08,32926.28,32930.66,3860
2026-08-05T19:51:00+00:00,32930.66,32937.16,32928.03,32931.78,2782
2026-08-05T19:52:00+00:00,32931.78,32931.78,32919.91,32926.66,3088
2026-08-05T19:53:00+00:00,32926.66,32929.03,32917.16,32929.03,2861
2026-08-05T19:54:00+00:00,32929.03,32929.03,32916.66,32926.16,3180
2026-08-05T19:55:00+00:00,32926.16,32926.16,32908.78,32908.78,4277
2026-08-05T19:56:00+00:00,32908.78,32909.03,32889.53,32896.41,2864
2026-08-05T19:57:00+00:00,32896.41,32900.03,32880.78,32887.78,3608
2026-08-05T19:58:00+00:00,32887.78,32888.78,32877.78,32882.03,3298
2026-08-05T19:59:00+00:00,32882.03,32882.91,32809.03,32822.91,8524
2026-08-06T13:30:00+00:00,32554.410000000003,32588.440000000002,32543.690000000002,32547.190000000002,9685
2026-08-06T13:31:00+00:00,32547.190000000002,32573.809999999998,32524.059999999998,32526.809999999998,11798
2026-08-06T13:32:00+00:00,32526.809999999998,32529.690000000002,32482.190000000002,32482.809999999998,11416
2026-08-06T13:33:00+00:00,32482.809999999998,32500.440000000002,32461.309999999998,32493.309999999998,11221
2026-08-06T13:34:00+00:00,32493.309999999998,32561.559999999998,32492.440000000002,32560.940000000002,11628
2026-08-06T13:35:00+00:00,32560.940000000002,32589.940000000002,32543.690000000002,32589.059999999998,12877
2026-08-06T13:36:00+00:00,32589.059999999998,32639.690000000002,32588.440000000002,32635.809999999998,11412
2026-08-06T13:37:00+00:00,32635.809999999998,32667.559999999998,32635.809999999998,32640.059999999998,11084
2026-08-06T13:38:00+00:00,32640.059999999998,32662.309999999998,32618.940000000002,32618.940000000002,11257
2026-08-06T13:39:00+00:00,32618.940000000002,32631.809999999998,32602.690000000002,32605.690000000002,10957
2026-08-06T13:40:00+00:00,32605.690000000002,32665.690000000002,32597.190000000002,32655.809999999998,11268
2026-08-06T13:41:00+00:00,32655.809999999998,32677.059999999998,32648.440000000002,32664.559999999998,12031
2026-08-06T13:42:00+00:00,32664.559999999998,32668.190000000002,32636.309999999998,32636.309999999998,12985
2026-08-06T13:43:00+00:00,32636.309999999998,32674.059999999998,32632.940000000002,32669.809999999998,10716
2026-08-06T13:44:00+00:00,32669.809999999998,32692.559999999998,32665.690000000002,32677.809999999998,10124
2026-08-06T13:45:00+00:00,32677.809999999998,32699.690000000002,32673.309999999998,32684.690000000002,10360
2026-08-06T13:46:00+00:00,32684.690000000002,32711.559999999998,32668.059999999998,32711.559999999998,11695
2026-08-06T13:47:00+00:00,32711.559999999998,32733.059999999998,32708.940000000002,32731.940000000002,9453
2026-08-06T13:48:00+00:00,32731.940000000002,32745.940000000002,32731.940000000002,32742.940000000002,8120
2026-08-06T13:49:00+00:00,32742.940000000002,32753.440000000002,32726.190000000002,32745.940000000002,7777
2026-08-06T13:50:00+00:00,32745.940000000002,32759.559999999998,32734.440000000002,32750.309999999998,8922
2026-08-06T13:51:00+00:00,32750.309999999998,32767.809999999998,32736.559999999998,32766.440000000002,8593
2026-08-06T13:52:00+00:00,32766.440000000002,32769.31,32731.309999999998,32736.440000000002,9205
2026-08-06T13:53:00+00:00,32736.440000000002,32757.559999999998,32725.190000000002,32731.690000000002,9553
2026-08-06T13:54:00+00:00,32731.690000000002,32739.559999999998,32710.690000000002,32721.190000000002,9379
2026-08-06T13:55:00+00:00,32721.190000000002,32739.190000000002,32706.690000000002,32732.559999999998,10404
2026-08-06T13:56:00+00:00,32732.559999999998,32756.809999999998,32709.940000000002,32718.940000000002,10210
2026-08-06T13:57:00+00:00,32718.940000000002,32747.559999999998,32717.809999999998,32734.190000000002,10500
2026-08-06T13:58:00+00:00,32734.190000000002,32742.309999999998,32724.940000000002,32741.940000000002,9846
2026-08-06T13:59:00+00:00,32741.940000000002,32756.940000000002,32726.190000000002,32747.059999999998,9470
2026-08-06T14:00:00+00:00,32747.059999999998,32776.94,32725.690000000002,32747.190000000002,10851
2026-08-06T14:01:00+00:00,32747.190000000002,32755.559999999998,32717.690000000002,32737.559999999998,9844
2026-08-06T14:02:00+00:00,32737.559999999998,32757.440000000002,32732.809999999998,32757.190000000002,8528
2026-08-06T14:03:00+00:00,32757.190000000002,32758.309999999998,32710.190000000002,32711.190000000002,8832
2026-08-06T14:04:00+00:00,32711.190000000002,32739.940000000002,32707.940000000002,32737.190000000002,9495
2026-08-06T14:05:00+00:00,32737.190000000002,32751.809999999998,32727.690000000002,32737.809999999998,7397
2026-08-06T14:06:00+00:00,32737.809999999998,32767.940000000002,32729.559999999998,32767.940000000002,9520
2026-08-06T14:07:00+00:00,32767.940000000002,32797.19,32766.940000000002,32780.31,8326
2026-08-06T14:08:00+00:00,32780.31,32796.94,32774.94,32794.19,6559
2026-08-06T14:09:00+00:00,32794.19,32803.06,32784.44,32795.19,7285
2026-08-06T14:10:00+00:00,32795.19,32816.31,32795.19,32807.81,7533
2026-08-06T14:11:00+00:00,32807.81,32835.31,32806.69,32835.31,5627
2026-08-06T14:12:00+00:00,32835.31,32838.31,32809.94,32811.19,6373
2026-08-06T14:13:00+00:00,32811.19,32836.31,32810.81,32826.69,5412
2026-08-06T14:14:00+00:00,32826.69,32832.56,32818.56,32827.69,5560
2026-08-06T14:15:00+00:00,32827.69,32839.31,32807.94,32835.31,7609
2026-08-06T14:16:00+00:00,32835.31,32841.44,32828.94,32829.31,5782
2026-08-06T14:17:00+00:00,32829.31,32871.94,32827.56,32867.56,6338
2026-08-06T14:18:00+00:00,32867.56,32870.81,32846.44,32864.56,7003
2026-08-06T14:19:00+00:00,32864.56,32866.06,32851.81,32860.19,6154
2026-08-06T14:20:00+00:00,32860.19,32874.94,32856.69,32867.69,5649
2026-08-06T14:21:00+00:00,32867.69,32870.81,32854.44,32863.94,6293
2026-08-06T14:22:00+00:00,32863.94,32885.69,32859.69,32873.69,5773
2026-08-06T14:23:00+00:00,32873.69,32882.94,32865.94,32865.94,5853
2026-08-06T14:24:00+00:00,32865.94,32877.94,32850.19,32852.19,6424
2026-08-06T14:25:00+00:00,32852.19,32859.94,32815.81,32839.94,9735
2026-08-06T14:26:00+00:00,32839.94,32839.94,32802.19,32815.94,9437
2026-08-06T14:27:00+00:00,32815.94,32816.56,32795.44,32805.56,10410
2026-08-06T14:28:00+00:00,32805.56,32828.69,32798.44,32810.56,10054
2026-08-06T14:29:00+00:00,32810.56,32813.31,32785.94,32805.19,8414
2026-08-06T14:30:00+00:00,32805.19,32834.94,32805.19,32816.94,9979
2026-08-06T14:31:00+00:00,32816.94,32821.44,32796.44,32817.69,8655
2026-08-06T14:32:00+00:00,32817.69,32834.94,32806.19,32832.44,7215
2026-08-06T14:33:00+00:00,32832.44,32843.06,32827.19,32841.31,6285
2026-08-06T14:34:00+00:00,32841.31,32857.69,32836.44,32851.94,6856
2026-08-06T14:35:00+00:00,32851.94,32868.31,32845.19,32867.44,6659
2026-08-06T14:36:00+00:00,32867.44,32869.69,32834.19,32847.94,6439
2026-08-06T14:37:00+00:00,32847.94,32848.94,32810.31,32825.94,7475
2026-08-06T14:38:00+00:00,32825.94,32829.19,32794.69,32794.94,7414
2026-08-06T14:39:00+00:00,32794.94,32796.94,32770.44,32772.56,7775
2026-08-06T14:40:00+00:00,32772.56,32796.69,32767.190000000002,32793.19,8138
2026-08-06T14:41:00+00:00,32793.19,32817.94,32781.81,32817.94,6754
2026-08-06T14:42:00+00:00,32817.94,32836.69,32813.19,32830.44,7578
2026-08-06T14:43:00+00:00,32830.44,32839.31,32819.06,32839.31,5987
2026-08-06T14:44:00+00:00,32839.31,32841.69,32802.31,32802.31,6233
2026-08-06T14:45:00+00:00,32802.31,32804.94,32764.690000000002,32789.31,7867
2026-08-06T14:46:00+00:00,32789.31,32792.19,32753.809999999998,32756.309999999998,7217
2026-08-06T14:47:00+00:00,32756.309999999998,32788.94,32754.440000000002,32788.94,7912
2026-08-06T14:48:00+00:00,32788.94,32794.56,32776.31,32783.44,6008
2026-08-06T14:49:00+00:00,32783.44,32793.94,32777.44,32778.31,6740
2026-08-06T14:50:00+00:00,32778.31,32816.81,32769.69,32811.94,8415
2026-08-06T14:51:00+00:00,32811.94,32813.56,32783.56,32789.19,6781
2026-08-06T14:52:00+00:00,32789.19,32802.69,32779.94,32793.44,7569
2026-08-06T14:53:00+00:00,32793.44,32805.69,32780.19,32781.19,6627
2026-08-06T14:54:00+00:00,32781.19,32834.06,32779.19,32834.06,7256
2026-08-06T14:55:00+00:00,32834.06,32837.94,32819.81,32832.56,7379
2026-08-06T14:56:00+00:00,32832.56,32856.19,32822.94,32855.94,6485
2026-08-06T14:57:00+00:00,32855.94,32874.19,32848.69,32861.81,6488
2026-08-06T14:58:00+00:00,32861.81,32869.94,32852.56,32856.06,6159
2026-08-06T14:59:00+00:00,32856.06,32878.31,32851.69,32876.56,5279
2026-08-06T15:00:00+00:00,32876.56,32897.19,32869.69,32870.94,6265
2026-08-06T15:01:00+00:00,32870.94,32877.31,32860.69,32872.19,6307
2026-08-06T15:02:00+00:00,32872.19,32874.44,32850.19,32854.94,6769
2026-08-06T15:03:00+00:00,32854.94,32856.06,32819.56,32828.19,8118
2026-08-06T15:04:00+00:00,32828.19,32840.69,32823.44,32832.06,6170
2026-08-06T15:05:00+00:00,32832.06,32857.69,32832.06,32856.19,7253
2026-08-06T15:06:00+00:00,32856.19,32872.19,32849.69,32869.56,6434
2026-08-06T15:07:00+00:00,32869.56,32881.69,32864.56,32879.19,6203
2026-08-06T15:08:00+00:00,32879.19,32893.94,32877.44,32878.69,5829
2026-08-06T15:09:00+00:00,32878.69,32892.69,32865.19,32891.44,6145
2026-08-06T15:10:00+00:00,32891.44,32905.44,32887.19,32902.69,5011
2026-08-06T15:11:00+00:00,32902.69,32905.56,32887.94,32890.94,4168
2026-08-06T15:12:00+00:00,32890.94,32899.31,32880.69,32880.69,4585
2026-08-06T15:13:00+00:00,32880.69,32890.31,32876.81,32876.81,4985
2026-08-06T15:14:00+00:00,32876.81,32876.94,32860.94,32865.81,5293
2026-08-06T15:15:00+00:00,32865.81,32876.19,32859.19,32873.94,5560
2026-08-06T15:16:00+00:00,32873.94,32880.94,32861.94,32880.94,5232
2026-08-06T15:17:00+00:00,32880.94,32882.06,32843.69,32843.69,5834
2026-08-06T15:18:00+00:00,32843.69,32848.94,32822.44,32830.69,7268
2026-08-06T15:19:00+00:00,32830.69,32830.69,32799.94,32800.56,6402
2026-08-06T15:20:00+00:00,32800.56,32821.44,32790.06,32816.69,8027
2026-08-06T15:21:00+00:00,32816.69,32824.44,32795.06,32818.19,6364
2026-08-06T15:22:00+00:00,32818.19,32820.19,32801.44,32802.94,6821
2026-08-06T15:23:00+00:00,32802.94,32816.56,32784.44,32810.69,7734
2026-08-06T15:24:00+00:00,32810.69,32819.69,32794.94,32797.19,7170
2026-08-06T15:25:00+00:00,32797.19,32812.44,32785.31,32808.06,6572
2026-08-06T15:26:00+00:00,32808.06,32823.94,32803.06,32806.94,6769
2026-08-06T15:27:00+00:00,32806.94,32830.44,32801.81,32802.94,5687
2026-08-06T15:28:00+00:00,32802.94,32825.19,32800.56,32824.44,5539
2026-08-06T15:29:00+00:00,32824.44,32829.94,32814.31,32827.56,5546
2026-08-06T15:30:00+00:00,32827.56,32842.06,32823.44,32840.06,6016
2026-08-06T15:31:00+00:00,32840.06,32845.81,32814.19,32814.19,4587
2026-08-06T15:32:00+00:00,32814.19,32814.19,32797.69,32801.81,4795
2026-08-06T15:33:00+00:00,32801.81,32801.81,32787.69,32796.19,5729
2026-08-06T15:34:00+00:00,32796.19,32797.31,32772.69,32772.69,5794
2026-08-06T15:35:00+00:00,32772.69,32794.94,32771.31,32794.94,5962
2026-08-06T15:36:00+00:00,32794.94,32796.69,32772.69,32772.69,5779
2026-08-06T15:37:00+00:00,32772.69,32782.31,32760.440000000002,32781.69,6134
2026-08-06T15:38:00+00:00,32781.69,32793.31,32771.19,32780.81,5406
2026-08-06T15:39:00+00:00,32780.81,32799.44,32777.69,32784.56,4726
2026-08-06T15:40:00+00:00,32784.56,32803.94,32781.44,32796.94,5135
2026-08-06T15:41:00+00:00,32796.94,32802.56,32783.69,32787.06,4935
2026-08-06T15:42:00+00:00,32787.06,32795.19,32776.19,32776.94,4437
2026-08-06T15:43:00+00:00,32776.94,32776.94,32763.190000000002,32770.44,4673
2026-08-06T15:44:00+00:00,32770.44,32777.44,32752.940000000002,32755.059999999998,5545
2026-08-06T15:45:00+00:00,32755.059999999998,32771.69,32751.309999999998,32761.190000000002,4778
2026-08-06T15:46:00+00:00,32761.190000000002,32807.69,32759.190000000002,32805.19,5283
2026-08-06T15:47:00+00:00,32805.19,32814.06,32801.56,32803.44,5145
2026-08-06T15:48:00+00:00,32803.44,32829.06,32800.81,32829.06,5049
2026-08-06T15:49:00+00:00,32829.06,32832.44,32805.81,32809.69,4375
2026-08-06T15:50:00+00:00,32809.69,32843.69,32809.31,32825.56,5462
2026-08-06T15:51:00+00:00,32825.56,32826.06,32789.31,32795.81,5072
2026-08-06T15:52:00+00:00,32795.81,32811.44,32778.69,32791.31,4960
2026-08-06T15:53:00+00:00,32791.31,32799.44,32761.309999999998,32771.69,5972
2026-08-06T15:54:00+00:00,32771.69,32778.81,32742.559999999998,32746.190000000002,6190
2026-08-06T15:55:00+00:00,32746.190000000002,32757.940000000002,32736.440000000002,32757.940000000002,7516
2026-08-06T15:56:00+00:00,32757.940000000002,32774.81,32757.690000000002,32761.190000000002,6518
2026-08-06T15:57:00+00:00,32761.190000000002,32773.56,32756.690000000002,32771.69,6077
2026-08-06T15:58:00+00:00,32771.69,32771.94,32746.190000000002,32752.309999999998,5420
2026-08-06T15:59:00+00:00,32752.309999999998,32752.940000000002,32725.690000000002,32734.690000000002,4336
2026-08-06T16:00:00+00:00,32734.690000000002,32742.440000000002,32716.940000000002,32717.690000000002,5587
2026-08-06T16:01:00+00:00,32717.690000000002,32722.059999999998,32701.059999999998,32719.940000000002,5835
2026-08-06T16:02:00+00:00,32719.940000000002,32733.940000000002,32716.940000000002,32726.940000000002,5684
2026-08-06T16:03:00+00:00,32726.940000000002,32732.690000000002,32714.940000000002,32714.940000000002,5111
2026-08-06T16:04:00+00:00,32714.940000000002,32721.940000000002,32698.440000000002,32721.940000000002,5420
2026-08-06T16:05:00+00:00,32721.940000000002,32741.940000000002,32714.059999999998,32736.440000000002,6205
2026-08-06T16:06:00+00:00,32736.440000000002,32739.190000000002,32716.440000000002,32727.940000000002,5609
2026-08-06T16:07:00+00:00,32727.940000000002,32744.440000000002,32727.690000000002,32739.440000000002,5479
2026-08-06T16:08:00+00:00,32739.440000000002,32761.190000000002,32739.440000000002,32744.940000000002,5039
2026-08-06T16:09:00+00:00,32744.940000000002,32750.190000000002,32734.190000000002,32745.440000000002,4700
2026-08-06T16:10:00+00:00,32745.440000000002,32760.690000000002,32744.309999999998,32752.690000000002,4803
2026-08-06T16:11:00+00:00,32752.690000000002,32754.190000000002,32720.940000000002,32720.940000000002,4477
2026-08-06T16:12:00+00:00,32720.940000000002,32732.059999999998,32720.440000000002,32732.059999999998,4014
2026-08-06T16:13:00+00:00,32732.059999999998,32732.690000000002,32708.309999999998,32708.309999999998,3952
2026-08-06T16:14:00+00:00,32708.309999999998,32716.059999999998,32703.940000000002,32707.440000000002,4125
2026-08-06T16:15:00+00:00,32707.440000000002,32717.190000000002,32699.309999999998,32705.690000000002,5179
2026-08-06T16:16:00+00:00,32705.690000000002,32705.690000000002,32676.440000000002,32702.690000000002,6693
2026-08-06T16:17:00+00:00,32702.690000000002,32710.190000000002,32697.309999999998,32703.940000000002,6186
2026-08-06T16:18:00+00:00,32703.940000000002,32723.559999999998,32694.940000000002,32719.190000000002,5531
2026-08-06T16:19:00+00:00,32719.190000000002,32723.440000000002,32710.059999999998,32713.809999999998,5223
2026-08-06T16:20:00+00:00,32713.809999999998,32717.940000000002,32688.809999999998,32698.190000000002,4558
2026-08-06T16:21:00+00:00,32698.190000000002,32712.690000000002,32692.690000000002,32703.440000000002,5118
2026-08-06T16:22:00+00:00,32703.440000000002,32708.440000000002,32687.690000000002,32688.940000000002,4858
2026-08-06T16:23:00+00:00,32688.940000000002,32693.559999999998,32679.440000000002,32685.190000000002,5285
2026-08-06T16:24:00+00:00,32685.190000000002,32706.190000000002,32669.190000000002,32706.190000000002,5515
2026-08-06T16:25:00+00:00,32706.190000000002,32711.940000000002,32691.690000000002,32691.690000000002,5289
2026-08-06T16:26:00+00:00,32691.690000000002,32701.440000000002,32687.940000000002,32693.059999999998,4845
2026-08-06T16:27:00+00:00,32693.059999999998,32702.440000000002,32684.809999999998,32700.940000000002,5535
2026-08-06T16:28:00+00:00,32700.940000000002,32705.309999999998,32689.440000000002,32689.440000000002,5200
2026-08-06T16:29:00+00:00,32689.440000000002,32703.690000000002,32687.940000000002,32690.940000000002,4036
2026-08-06T16:30:00+00:00,32690.940000000002,32713.690000000002,32687.440000000002,32713.690000000002,5125
2026-08-06T16:31:00+00:00,32713.690000000002,32717.440000000002,32706.690000000002,32710.559999999998,4268
2026-08-06T16:32:00+00:00,32710.559999999998,32726.309999999998,32698.940000000002,32698.940000000002,4571
2026-08-06T16:33:00+00:00,32698.940000000002,32699.690000000002,32681.940000000002,32690.059999999998,5100
2026-08-06T16:34:00+00:00,32690.059999999998,32699.559999999998,32685.190000000002,32698.940000000002,4207
2026-08-06T16:35:00+00:00,32698.940000000002,32705.809999999998,32687.190000000002,32695.440000000002,4444
2026-08-06T16:36:00+00:00,32695.440000000002,32713.690000000002,32691.440000000002,32710.190000000002,3806
2026-08-06T16:37:00+00:00,32710.190000000002,32725.690000000002,32704.190000000002,32723.309999999998,4360
2026-08-06T16:38:00+00:00,32723.309999999998,32734.559999999998,32721.690000000002,32730.940000000002,3437
2026-08-06T16:39:00+00:00,32730.940000000002,32741.809999999998,32728.940000000002,32741.690000000002,3248
2026-08-06T16:40:00+00:00,32741.690000000002,32746.809999999998,32725.440000000002,32734.190000000002,3849
2026-08-06T16:41:00+00:00,32734.190000000002,32741.690000000002,32706.690000000002,32721.940000000002,4151
2026-08-06T16:42:00+00:00,32721.940000000002,32733.559999999998,32716.440000000002,32725.440000000002,4182
2026-08-06T16:43:00+00:00,32725.440000000002,32731.440000000002,32713.190000000002,32714.059999999998,3701
2026-08-06T16:44:00+00:00,32714.059999999998,32714.059999999998,32697.190000000002,32697.940000000002,4034
2026-08-06T16:45:00+00:00,32697.940000000002,32716.440000000002,32697.059999999998,32708.440000000002,4142
2026-08-06T16:46:00+00:00,32708.440000000002,32708.690000000002,32688.440000000002,32689.309999999998,4353
2026-08-06T16:47:00+00:00,32689.309999999998,32705.190000000002,32688.440000000002,32704.809999999998,4559
2026-08-06T16:48:00+00:00,32704.809999999998,32720.690000000002,32702.559999999998,32712.690000000002,4065
2026-08-06T16:49:00+00:00,32712.690000000002,32733.690000000002,32709.940000000002,32733.309999999998,3771
2026-08-06T16:50:00+00:00,32733.309999999998,32740.440000000002,32724.809999999998,32728.559999999998,4057
2026-08-06T16:51:00+00:00,32728.559999999998,32743.940000000002,32724.309999999998,32736.940000000002,3555
2026-08-06T16:52:00+00:00,32736.940000000002,32745.940000000002,32731.309999999998,32745.190000000002,4076
2026-08-06T16:53:00+00:00,32745.190000000002,32752.940000000002,32738.940000000002,32742.440000000002,3705
2026-08-06T16:54:00+00:00,32742.440000000002,32745.440000000002,32726.059999999998,32729.940000000002,3611
2026-08-06T16:55:00+00:00,32729.940000000002,32745.940000000002,32728.940000000002,32745.940000000002,3735
2026-08-06T16:56:00+00:00,32745.940000000002,32750.059999999998,32739.440000000002,32747.309999999998,3089
2026-08-06T16:57:00+00:00,32747.309999999998,32756.059999999998,32739.940000000002,32742.809999999998,3171
2026-08-06T16:58:00+00:00,32742.809999999998,32762.059999999998,32741.809999999998,32760.440000000002,2869
2026-08-06T16:59:00+00:00,32760.440000000002,32777.19,32760.440000000002,32776.44,3250
2026-08-06T17:00:00+00:00,32776.44,32788.94,32772.19,32788.31,3849
2026-08-06T17:01:00+00:00,32788.31,32792.69,32775.69,32779.06,3480
2026-08-06T17:02:00+00:00,32779.06,32780.69,32767.690000000002,32768.19,3902
2026-08-06T17:03:00+00:00,32768.19,32777.31,32765.940000000002,32765.940000000002,3606
2026-08-06T17:04:00+00:00,32765.940000000002,32774.94,32761.940000000002,32766.190000000002,3671
2026-08-06T17:05:00+00:00,32766.190000000002,32787.19,32764.190000000002,32787.19,3405
2026-08-06T17:06:00+00:00,32787.19,32793.44,32779.94,32782.19,3046
2026-08-06T17:07:00+00:00,32782.19,32782.19,32755.940000000002,32760.940000000002,3728
2026-08-06T17:08:00+00:00,32760.940000000002,32760.940000000002,32751.440000000002,32759.690000000002,3522
2026-08-06T17:09:00+00:00,32759.690000000002,32770.69,32756.440000000002,32759.559999999998,3683
2026-08-06T17:10:00+00:00,32759.559999999998,32767.940000000002,32754.940000000002,32762.940000000002,3306
2026-08-06T17:11:00+00:00,32762.940000000002,32764.190000000002,32748.690000000002,32753.690000000002,3449
2026-08-06T17:12:00+00:00,32753.690000000002,32758.940000000002,32749.440000000002,32758.440000000002,3154
2026-08-06T17:13:00+00:00,32758.440000000002,32768.81,32756.690000000002,32759.309999999998,3186
2026-08-06T17:14:00+00:00,32759.309999999998,32763.440000000002,32738.690000000002,32743.940000000002,3260
2026-08-06T17:15:00+00:00,32743.940000000002,32747.690000000002,32731.809999999998,32737.190000000002,3615
2026-08-06T17:16:00+00:00,32737.190000000002,32750.440000000002,32736.690000000002,32742.190000000002,3317
2026-08-06T17:17:00+00:00,32742.190000000002,32753.809999999998,32737.940000000002,32751.440000000002,3023
2026-08-06T17:18:00+00:00,32751.440000000002,32762.309999999998,32748.440000000002,32762.190000000002,3017
2026-08-06T17:19:00+00:00,32762.190000000002,32770.69,32753.940000000002,32762.190000000002,2959
2026-08-06T17:20:00+00:00,32762.190000000002,32769.69,32758.309999999998,32766.809999999998,2806
2026-08-06T17:21:00+00:00,32766.809999999998,32767.190000000002,32743.059999999998,32752.690000000002,3280
2026-08-06T17:22:00+00:00,32752.690000000002,32757.440000000002,32749.190000000002,32751.690000000002,2810
2026-08-06T17:23:00+00:00,32751.690000000002,32761.059999999998,32747.190000000002,32749.190000000002,2961
2026-08-06T17:24:00+00:00,32749.190000000002,32750.690000000002,32739.440000000002,32742.940000000002,3165
2026-08-06T17:25:00+00:00,32742.940000000002,32765.809999999998,32742.940000000002,32765.440000000002,3726
2026-08-06T17:26:00+00:00,32765.440000000002,32768.94,32754.440000000002,32762.190000000002,2925
2026-08-06T17:27:00+00:00,32762.190000000002,32767.309999999998,32759.059999999998,32762.440000000002,2592
2026-08-06T17:28:00+00:00,32762.440000000002,32768.31,32759.440000000002,32763.190000000002,2878
2026-08-06T17:29:00+00:00,32763.190000000002,32766.440000000002,32745.940000000002,32747.190000000002,2849
2026-08-06T17:30:00+00:00,32747.190000000002,32761.690000000002,32741.559999999998,32753.690000000002,3224
2026-08-06T17:31:00+00:00,32753.690000000002,32762.190000000002,32745.440000000002,32745.440000000002,2371
2026-08-06T17:32:00+00:00,32745.440000000002,32761.809999999998,32745.440000000002,32754.440000000002,2566
2026-08-06T17:33:00+00:00,32754.440000000002,32758.440000000002,32746.559999999998,32748.190000000002,2697
2026-08-06T17:34:00+00:00,32748.190000000002,32755.940000000002,32743.690000000002,32750.940000000002,2389
2026-08-06T17:35:00+00:00,32750.940000000002,32761.690000000002,32749.190000000002,32753.690000000002,2697
2026-08-06T17:36:00+00:00,32753.690000000002,32757.190000000002,32744.190000000002,32750.690000000002,2430
2026-08-06T17:37:00+00:00,32750.690000000002,32755.559999999998,32743.940000000002,32752.690000000002,2681
2026-08-06T17:38:00+00:00,32752.690000000002,32757.440000000002,32741.690000000002,32744.690000000002,2644
2026-08-06T17:39:00+00:00,32744.690000000002,32748.309999999998,32729.61,32731.440000000002,2643
2026-08-06T17:40:00+00:00,32731.440000000002,32739.690000000002,32721.190000000002,32721.309999999998,2813
2026-08-06T17:41:00+00:00,32721.309999999998,32722.190000000002,32713.940000000002,32716.940000000002,3115
2026-08-06T17:42:00+00:00,32716.940000000002,32728.440000000002,32715.690000000002,32726.309999999998,3470
2026-08-06T17:43:00+00:00,32726.309999999998,32726.440000000002,32713.309999999998,32718.690000000002,2584
2026-08-06T17:44:00+00:00,32718.690000000002,32729.309999999998,32713.690000000002,32729.309999999998,2822
2026-08-06T17:45:00+00:00,32729.309999999998,32739.690000000002,32723.190000000002,32734.190000000002,3461
2026-08-06T17:46:00+00:00,32734.190000000002,32740.940000000002,32721.059999999998,32736.190000000002,2735
2026-08-06T17:47:00+00:00,32736.190000000002,32739.440000000002,32721.809999999998,32726.809999999998,2601
2026-08-06T17:48:00+00:00,32726.809999999998,32726.940000000002,32719.559999999998,32725.190000000002,2812
2026-08-06T17:49:00+00:00,32725.190000000002,32728.690000000002,32716.809999999998,32716.809999999998,2361
2026-08-06T17:50:00+00:00,32716.809999999998,32726.440000000002,32714.190000000002,32714.440000000002,2713
2026-08-06T17:51:00+00:00,32714.440000000002,32735.309999999998,32714.059999999998,32729.940000000002,2921
2026-08-06T17:52:00+00:00,32729.940000000002,32747.190000000002,32729.559999999998,32746.440000000002,3060
2026-08-06T17:53:00+00:00,32746.440000000002,32748.440000000002,32736.440000000002,32741.190000000002,2636
2026-08-06T17:54:00+00:00,32741.190000000002,32745.059999999998,32735.690000000002,32741.309999999998,2157
2026-08-06T17:55:00+00:00,32741.309999999998,32748.440000000002,32735.440000000002,32735.690000000002,2388
2026-08-06T17:56:00+00:00,32735.690000000002,32742.190000000002,32729.440000000002,32732.690000000002,2161
2026-08-06T17:57:00+00:00,32732.690000000002,32750.059999999998,32732.440000000002,32750.059999999998,2142
2026-08-06T17:58:00+00:00,32750.059999999998,32751.690000000002,32744.690000000002,32747.190000000002,2110
2026-08-06T17:59:00+00:00,32747.190000000002,32749.190000000002,32744.190000000002,32748.059999999998,2060
2026-08-06T18:00:00+00:00,32748.059999999998,32756.940000000002,32736.190000000002,32752.940000000002,3453
2026-08-06T18:01:00+00:00,32752.940000000002,32753.440000000002,32734.940000000002,32735.309999999998,2525
2026-08-06T18:02:00+00:00,32735.309999999998,32739.059999999998,32728.690000000002,32735.190000000002,2547
2026-08-06T18:03:00+00:00,32735.190000000002,32738.309999999998,32727.690000000002,32738.309999999998,2644
2026-08-06T18:04:00+00:00,32738.309999999998,32751.190000000002,32737.690000000002,32750.690000000002,2645
2026-08-06T18:05:00+00:00,32750.690000000002,32754.309999999998,32745.940000000002,32746.690000000002,2494
2026-08-06T18:06:00+00:00,32746.690000000002,32751.940000000002,32741.940000000002,32743.059999999998,2288
2026-08-06T18:07:00+00:00,32743.059999999998,32758.559999999998,32737.940000000002,32757.190000000002,2797
2026-08-06T18:08:00+00:00,32757.190000000002,32758.809999999998,32744.309999999998,32745.809999999998,2407
2026-08-06T18:09:00+00:00,32745.809999999998,32753.690000000002,32737.440000000002,32753.440000000002,2645
2026-08-06T18:10:00+00:00,32753.440000000002,32754.440000000002,32739.809999999998,32740.309999999998,2163
2026-08-06T18:11:00+00:00,32740.309999999998,32747.059999999998,32739.440000000002,32745.190000000002,2074
2026-08-06T18:12:00+00:00,32745.190000000002,32751.690000000002,32742.940000000002,32744.440000000002,2050
2026-08-06T18:13:00+00:00,32744.440000000002,32753.059999999998,32738.940000000002,32751.809999999998,2096
2026-08-06T18:14:00+00:00,32751.809999999998,32765.309999999998,32748.940000000002,32762.440000000002,3098
2026-08-06T18:15:00+00:00,32762.440000000002,32769.19,32759.440000000002,32762.559999999998,2682
2026-08-06T18:16:00+00:00,32762.559999999998,32785.94,32719.059999999998,32785.94,5730
2026-08-06T18:17:00+00:00,32785.94,32790.56,32770.94,32772.94,4647
2026-08-06T18:18:00+00:00,32772.94,32784.94,32769.69,32782.19,2660
2026-08-06T18:19:00+00:00,32782.19,32784.94,32772.19,32772.94,2349
2026-08-06T18:20:00+00:00,32772.94,32780.44,32769.56,32777.44,2524
2026-08-06T18:21:00+00:00,32777.44,32791.94,32777.44,32787.19,2509
2026-08-06T18:22:00+00:00,32787.19,32793.94,32786.19,32792.69,2237
2026-08-06T18:23:00+00:00,32792.69,32794.94,32784.19,32785.69,2174
2026-08-06T18:24:00+00:00,32785.69,32788.69,32781.19,32787.94,2095
2026-08-06T18:25:00+00:00,32787.94,32791.19,32777.56,32777.94,2270
2026-08-06T18:26:00+00:00,32777.94,32783.19,32767.690000000002,32770.56,2298
2026-08-06T18:27:00+00:00,32770.56,32778.06,32767.190000000002,32775.31,2430
2026-08-06T18:28:00+00:00,32775.31,32783.31,32770.56,32782.56,2852
2026-08-06T18:29:00+00:00,32782.56,32782.69,32771.31,32776.56,2252
2026-08-06T18:30:00+00:00,32776.56,32779.69,32767.690000000002,32772.44,2330
2026-08-06T18:31:00+00:00,32772.44,32779.69,32770.69,32773.44,2230
2026-08-06T18:32:00+00:00,32773.44,32776.94,32766.440000000002,32766.940000000002,1827
2026-08-06T18:33:00+00:00,32766.940000000002,32766.940000000002,32757.559999999998,32761.940000000002,2256
2026-08-06T18:34:00+00:00,32761.940000000002,32763.940000000002,32751.440000000002,32754.190000000002,2293
2026-08-06T18:35:00+00:00,32754.190000000002,32766.309999999998,32751.059999999998,32754.940000000002,2452
2026-08-06T18:36:00+00:00,32754.940000000002,32759.309999999998,32752.940000000002,32757.809999999998,1599
2026-08-06T18:37:00+00:00,32757.809999999998,32758.690000000002,32748.190000000002,32752.940000000002,1557
2026-08-06T18:38:00+00:00,32752.940000000002,32753.440000000002,32738.559999999998,32739.809999999998,1957
2026-08-06T18:39:00+00:00,32739.809999999998,32742.690000000002,32734.440000000002,32737.690000000002,1946
2026-08-06T18:40:00+00:00,32737.690000000002,32742.440000000002,32733.309999999998,32740.940000000002,2286
2026-08-06T18:41:00+00:00,32740.940000000002,32743.440000000002,32726.940000000002,32727.440000000002,2088
2026-08-06T18:42:00+00:00,32727.440000000002,32727.690000000002,32720.690000000002,32725.690000000002,2394
2026-08-06T18:43:00+00:00,32725.690000000002,32739.190000000002,32725.059999999998,32737.190000000002,2180
2026-08-06T18:44:00+00:00,32737.190000000002,32741.309999999998,32735.190000000002,32740.440000000002,1662
2026-08-06T18:45:00+00:00,32740.440000000002,32752.559999999998,32737.309999999998,32752.190000000002,2605
2026-08-06T18:46:00+00:00,32752.190000000002,32756.309999999998,32747.309999999998,32748.190000000002,2275
2026-08-06T18:47:00+00:00,32748.190000000002,32748.190000000002,32741.559999999998,32745.809999999998,1901
2026-08-06T18:48:00+00:00,32745.809999999998,32754.940000000002,32738.059999999998,32738.059999999998,2090
2026-08-06T18:49:00+00:00,32738.059999999998,32740.309999999998,32729.809999999998,32731.690000000002,2320
2026-08-06T18:50:00+00:00,32731.690000000002,32740.190000000002,32729.059999999998,32738.190000000002,2411
2026-08-06T18:51:00+00:00,32738.190000000002,32740.940000000002,32729.940000000002,32730.190000000002,2064
2026-08-06T18:52:00+00:00,32730.190000000002,32731.059999999998,32726.690000000002,32728.940000000002,1848
2026-08-06T18:53:00+00:00,32728.940000000002,32730.940000000002,32725.809999999998,32729.440000000002,1657
2026-08-06T18:54:00+00:00,32729.440000000002,32736.309999999998,32726.559999999998,32733.059999999998,1875
2026-08-06T18:55:00+00:00,32733.059999999998,32736.809999999998,32727.809999999998,32736.440000000002,2040
2026-08-06T18:56:00+00:00,32736.440000000002,32742.309999999998,32734.559999999998,32738.940000000002,2159
2026-08-06T18:57:00+00:00,32738.940000000002,32747.690000000002,32736.690000000002,32747.440000000002,2027
2026-08-06T18:58:00+00:00,32747.440000000002,32749.309999999998,32739.940000000002,32740.940000000002,2123
2026-08-06T18:59:00+00:00,32740.940000000002,32741.059999999998,32731.809999999998,32734.309999999998,1952
2026-08-06T19:00:00+00:00,32734.309999999998,32745.440000000002,32729.809999999998,32740.190000000002,2601
2026-08-06T19:01:00+00:00,32740.190000000002,32765.309999999998,32737.809999999998,32764.940000000002,2539
2026-08-06T19:02:00+00:00,32764.940000000002,32774.69,32764.809999999998,32767.559999999998,2678
2026-08-06T19:03:00+00:00,32767.559999999998,32771.31,32765.940000000002,32769.19,2203
2026-08-06T19:04:00+00:00,32769.19,32783.44,32768.06,32782.06,2103
2026-08-06T19:05:00+00:00,32782.06,32782.31,32765.190000000002,32769.19,2377
2026-08-06T19:06:00+00:00,32769.19,32778.31,32766.309999999998,32768.06,1999
2026-08-06T19:07:00+00:00,32768.06,32772.69,32754.059999999998,32772.19,2439
2026-08-06T19:08:00+00:00,32772.19,32788.19,32770.94,32779.69,2269
2026-08-06T19:09:00+00:00,32779.69,32786.19,32776.94,32784.69,1856
2026-08-06T19:10:00+00:00,32784.69,32787.19,32779.69,32783.69,2087
2026-08-06T19:11:00+00:00,32783.69,32785.19,32777.94,32785.19,1618
2026-08-06T19:12:00+00:00,32785.19,32789.56,32776.94,32777.31,2083
2026-08-06T19:13:00+00:00,32777.31,32779.81,32766.809999999998,32767.059999999998,2237
2026-08-06T19:14:00+00:00,32767.059999999998,32767.059999999998,32752.440000000002,32755.440000000002,2334
2026-08-06T19:15:00+00:00,32755.440000000002,32758.690000000002,32748.690000000002,32751.309999999998,2339
2026-08-06T19:16:00+00:00,32751.309999999998,32753.809999999998,32747.940000000002,32751.059999999998,1915
2026-08-06T19:17:00+00:00,32751.059999999998,32753.190000000002,32746.059999999998,32752.059999999998,1976
2026-08-06T19:18:00+00:00,32752.059999999998,32752.190000000002,32744.309999999998,32749.809999999998,1722
2026-08-06T19:19:00+00:00,32749.809999999998,32753.559999999998,32745.809999999998,32747.690000000002,1859
2026-08-06T19:20:00+00:00,32747.690000000002,32769.81,32747.690000000002,32767.940000000002,2110
2026-08-06T19:21:00+00:00,32767.940000000002,32770.44,32757.940000000002,32759.940000000002,1758
2026-08-06T19:22:00+00:00,32759.940000000002,32763.190000000002,32753.059999999998,32756.690000000002,1951
2026-08-06T19:23:00+00:00,32756.690000000002,32757.559999999998,32747.559999999998,32751.440000000002,1810
2026-08-06T19:24:00+00:00,32751.440000000002,32753.059999999998,32727.559999999998,32728.559999999998,2746
2026-08-06T19:25:00+00:00,32728.559999999998,32740.309999999998,32717.190000000002,32739.690000000002,4419
2026-08-06T19:26:00+00:00,32739.690000000002,32744.190000000002,32727.809999999998,32732.940000000002,2901
2026-08-06T19:27:00+00:00,32732.940000000002,32740.440000000002,32730.440000000002,32733.309999999998,3061
2026-08-06T19:28:00+00:00,32733.309999999998,32742.190000000002,32731.690000000002,32741.059999999998,2624
2026-08-06T19:29:00+00:00,32741.059999999998,32743.440000000002,32721.940000000002,32726.940000000002,2810
2026-08-06T19:30:00+00:00,32726.940000000002,32743.440000000002,32709.809999999998,32740.940000000002,4265
2026-08-06T19:31:00+00:00,32740.940000000002,32752.190000000002,32739.190000000002,32752.190000000002,3093
2026-08-06T19:32:00+00:00,32752.190000000002,32764.440000000002,32750.059999999998,32755.190000000002,3063
2026-08-06T19:33:00+00:00,32755.190000000002,32755.940000000002,32743.559999999998,32744.940000000002,2237
2026-08-06T19:34:00+00:00,32744.940000000002,32758.309999999998,32743.940000000002,32757.440000000002,2258
2026-08-06T19:35:00+00:00,32757.440000000002,32757.690000000002,32747.190000000002,32752.190000000002,2555
2026-08-06T19:36:00+00:00,32752.190000000002,32753.809999999998,32742.940000000002,32749.809999999998,2188
2026-08-06T19:37:00+00:00,32749.809999999998,32750.440000000002,32740.809999999998,32741.559999999998,1902
2026-08-06T19:38:00+00:00,32741.559999999998,32742.440000000002,32731.059999999998,32731.059999999998,2192
2026-08-06T19:39:00+00:00,32731.059999999998,32735.940000000002,32728.940000000002,32729.309999999998,1784
2026-08-06T19:40:00+00:00,32729.309999999998,32733.809999999998,32727.309999999998,32730.059999999998,2075
2026-08-06T19:41:00+00:00,32730.059999999998,32730.059999999998,32717.559999999998,32717.690000000002,2142
2026-08-06T19:42:00+00:00,32717.690000000002,32721.309999999998,32712.940000000002,32714.940000000002,2858
2026-08-06T19:43:00+00:00,32714.940000000002,32720.809999999998,32713.440000000002,32713.690000000002,2755
2026-08-06T19:44:00+00:00,32713.690000000002,32724.440000000002,32712.059999999998,32723.690000000002,2910
2026-08-06T19:45:00+00:00,32723.690000000002,32729.059999999998,32718.809999999998,32724.309999999998,3601
2026-08-06T19:46:00+00:00,32724.309999999998,32730.690000000002,32712.440000000002,32715.309999999998,3019
2026-08-06T19:47:00+00:00,32715.309999999998,32719.809999999998,32707.809999999998,32708.309999999998,2819
2026-08-06T19:48:00+00:00,32708.309999999998,32719.440000000002,32707.190000000002,32717.190000000002,2401
2026-08-06T19:49:00+00:00,32717.190000000002,32728.059999999998,32716.440000000002,32727.940000000002,2127
2026-08-06T19:50:00+00:00,32727.940000000002,32727.940000000002,32698.690000000002,32700.940000000002,5027
2026-08-06T19:51:00+00:00,32700.940000000002,32707.440000000002,32695.690000000002,32703.059999999998,3091
2026-08-06T19:52:00+00:00,32703.059999999998,32708.809999999998,32694.940000000002,32701.809999999998,3200
2026-08-06T19:53:00+00:00,32701.809999999998,32744.940000000002,32695.190000000002,32734.059999999998,3688
2026-08-06T19:54:00+00:00,32734.059999999998,32754.809999999998,32733.309999999998,32750.690000000002,3935
2026-08-06T19:55:00+00:00,32750.690000000002,32750.690000000002,32730.559999999998,32742.559999999998,4416
2026-08-06T19:56:00+00:00,32742.559999999998,32745.059999999998,32734.440000000002,32742.440000000002,2846
2026-08-06T19:57:00+00:00,32742.440000000002,32744.059999999998,32738.809999999998,32738.809999999998,3312
2026-08-06T19:58:00+00:00,32738.809999999998,32741.559999999998,32733.059999999998,32733.190000000002,2973
2026-08-06T19:59:00+00:00,32733.190000000002,32734.309999999998,32698.309999999998,32717.059999999998,7154
2026-08-07T13:30:00+00:00,32935.61,32956.13,32908.26,32953.26,11383
2026-08-07T13:31:00+00:00,32953.26,32964.38,32916.01,32962.38,13029
2026-08-07T13:32:00+00:00,32962.38,32997.01,32962.38,32996.76,13238
2026-08-07T13:33:00+00:00,32996.76,33035.26,32996.76,33021.76,11394
2026-08-07T13:34:00+00:00,33021.76,33028.63,32996.26,33028.01,10092
2026-08-07T13:35:00+00:00,33028.01,33031.51,32971.51,33011.26,10769
2026-08-07T13:36:00+00:00,33011.26,33012.76,32931.63,32944.88,11059
2026-08-07T13:37:00+00:00,32944.88,32966.63,32921.76,32946.38,13938
2026-08-07T13:38:00+00:00,32946.38,32996.88,32946.38,32988.01,12417
2026-08-07T13:39:00+00:00,32988.01,32998.88,32952.38,32954.88,10320
2026-08-07T13:40:00+00:00,32954.88,32972.76,32932.51,32960.26,10857
2026-08-07T13:41:00+00:00,32960.26,32976.88,32932.63,32945.76,10600
2026-08-07T13:42:00+00:00,32945.76,32959.88,32929.26,32958.13,11568
2026-08-07T13:43:00+00:00,32958.13,33005.13,32947.76,33000.38,10294
2026-08-07T13:44:00+00:00,33000.38,33018.13,32996.88,33010.88,10857
2026-08-07T13:45:00+00:00,33010.88,33040.26,32976.13,32980.01,11720
2026-08-07T13:46:00+00:00,32980.01,32983.63,32933.13,32959.88,11188
2026-08-07T13:47:00+00:00,32959.88,32979.63,32956.51,32973.63,11416
2026-08-07T13:48:00+00:00,32973.63,32998.88,32966.76,32967.38,11142
2026-08-07T13:49:00+00:00,32967.38,32995.76,32959.26,32995.76,10388
2026-08-07T13:50:00+00:00,32995.76,33010.01,32981.01,33004.88,10590
2026-08-07T13:51:00+00:00,33004.88,33015.26,32988.88,33006.01,10686
2026-08-07T13:52:00+00:00,33006.01,33022.13,32996.88,32998.63,9675
2026-08-07T13:53:00+00:00,32998.63,33005.26,32976.26,32980.51,10532
2026-08-07T13:54:00+00:00,32980.51,32986.88,32968.63,32977.13,10694
2026-08-07T13:55:00+00:00,32977.13,32983.13,32949.38,32965.26,10969
2026-08-07T13:56:00+00:00,32965.26,32966.13,32908.76,32919.51,11686
2026-08-07T13:57:00+00:00,32919.51,32921.01,32875.01,32889.38,11187
2026-08-07T13:58:00+00:00,32889.38,32904.88,32867.26,32880.26,10890
2026-08-07T13:59:00+00:00,32880.26,32911.63,32875.01,32902.26,10760
2026-08-07T14:00:00+00:00,32902.26,32932.26,32871.38,32921.76,10506
2026-08-07T14:01:00+00:00,32921.76,32925.13,32877.63,32886.13,10974
2026-08-07T14:02:00+00:00,32886.13,32900.63,32863.88,32900.63,10511
2026-08-07T14:03:00+00:00,32900.63,32900.63,32864.88,32876.26,9481
2026-08-07T14:04:00+00:00,32876.26,32876.26,32840.76,32842.01,9647
2026-08-07T14:05:00+00:00,32842.01,32874.51,32837.51,32860.13,9246
2026-08-07T14:06:00+00:00,32860.13,32901.76,32853.88,32901.13,10387
2026-08-07T14:07:00+00:00,32901.13,32905.76,32871.88,32891.51,10012
2026-08-07T14:08:00+00:00,32891.51,32902.51,32858.88,32875.76,9161
2026-08-07T14:09:00+00:00,32875.76,32878.26,32846.63,32854.38,9693
2026-08-07T14:10:00+00:00,32854.38,32863.51,32836.13,32859.51,10297
2026-08-07T14:11:00+00:00,32859.51,32869.26,32822.63,32824.51,9994
2026-08-07T14:12:00+00:00,32824.51,32824.51,32787.51,32816.26,10165
2026-08-07T14:13:00+00:00,32816.26,32834.63,32806.01,32827.76,10494
2026-08-07T14:14:00+00:00,32827.76,32840.26,32806.51,32807.01,10277
2026-08-07T14:15:00+00:00,32807.01,32846.88,32793.38,32844.38,11849
2026-08-07T14:16:00+00:00,32844.38,32881.76,32844.38,32877.26,10762
2026-08-07T14:17:00+00:00,32877.26,32897.01,32869.26,32870.63,9659
2026-08-07T14:18:00+00:00,32870.63,32915.51,32861.76,32915.38,10830
2026-08-07T14:19:00+00:00,32915.38,32941.76,32913.63,32941.76,9581
2026-08-07T14:20:00+00:00,32941.76,32952.88,32919.26,32940.26,9586
2026-08-07T14:21:00+00:00,32940.26,32951.01,32931.13,32945.51,7987
2026-08-07T14:22:00+00:00,32945.51,32948.26,32912.63,32918.13,9453
2026-08-07T14:23:00+00:00,32918.13,32964.51,32918.01,32963.63,9663
2026-08-07T14:24:00+00:00,32963.63,32966.26,32923.51,32924.76,8203
2026-08-07T14:25:00+00:00,32924.76,32972.51,32924.26,32970.88,8096
2026-08-07T14:26:00+00:00,32970.88,32981.13,32969.01,32975.26,6953
2026-08-07T14:27:00+00:00,32975.26,32992.76,32971.26,32985.26,7826
2026-08-07T14:28:00+00:00,32985.26,33001.76,32980.38,32995.38,5372
2026-08-07T14:29:00+00:00,32995.38,32998.51,32979.51,32984.88,7265
2026-08-07T14:30:00+00:00,32984.88,32996.63,32954.76,32961.51,9425
2026-08-07T14:31:00+00:00,32961.51,32967.26,32939.01,32961.01,8412
2026-08-07T14:32:00+00:00,32961.01,32976.76,32952.76,32964.76,8109
2026-08-07T14:33:00+00:00,32964.76,32968.01,32943.51,32954.76,7922
2026-08-07T14:34:00+00:00,32954.76,32956.63,32937.51,32954.26,6803
2026-08-07T14:35:00+00:00,32954.26,32966.01,32919.51,32928.38,8771
2026-08-07T14:36:00+00:00,32928.38,32937.63,32910.63,32920.26,9106
2026-08-07T14:37:00+00:00,32920.26,32946.01,32920.01,32932.76,8540
2026-08-07T14:38:00+00:00,32932.76,32958.63,32931.26,32936.01,7752
2026-08-07T14:39:00+00:00,32936.01,32936.63,32894.51,32900.76,7121
2026-08-07T14:40:00+00:00,32900.76,32925.76,32892.88,32923.51,9302
2026-08-07T14:41:00+00:00,32923.51,32928.01,32908.76,32921.26,8289
2026-08-07T14:42:00+00:00,32921.26,32940.88,32899.88,32910.76,8417
2026-08-07T14:43:00+00:00,32910.76,32915.26,32884.88,32897.76,7291
2026-08-07T14:44:00+00:00,32897.76,32904.01,32884.76,32899.76,6910
2026-08-07T14:45:00+00:00,32899.76,32919.51,32892.13,32916.76,9151
2026-08-07T14:46:00+00:00,32916.76,32935.88,32897.76,32930.13,7953
2026-08-07T14:47:00+00:00,32930.13,32949.88,32925.01,32949.88,7416
2026-08-07T14:48:00+00:00,32949.88,32953.88,32927.38,32933.63,6262
2026-08-07T14:49:00+00:00,32933.63,32942.13,32923.01,32930.51,6345
2026-08-07T14:50:00+00:00,32930.51,32948.76,32929.76,32941.51,6770
2026-08-07T14:51:00+00:00,32941.51,32947.51,32907.76,32916.63,6804
2026-08-07T14:52:00+00:00,32916.63,32923.88,32891.88,32909.51,8033
2026-08-07T14:53:00+00:00,32909.51,32919.63,32902.76,32906.01,7401
2026-08-07T14:54:00+00:00,32906.01,32915.26,32897.76,32904.51,7262
2026-08-07T14:55:00+00:00,32904.51,32928.38,32899.26,32927.01,8029
2026-08-07T14:56:00+00:00,32927.01,32938.01,32914.38,32917.26,6667
2026-08-07T14:57:00+00:00,32917.26,32943.63,32913.01,32934.76,6421
2026-08-07T14:58:00+00:00,32934.76,32955.26,32930.88,32951.26,5776
2026-08-07T14:59:00+00:00,32951.26,32953.26,32924.13,32943.51,4061
2026-08-07T15:00:00+00:00,32943.51,32952.63,32938.26,32947.51,6007
2026-08-07T15:01:00+00:00,32947.51,32963.13,32940.26,32945.76,6511
2026-08-07T15:02:00+00:00,32945.76,32955.01,32932.88,32949.88,5741
2026-08-07T15:03:00+00:00,32949.88,32967.13,32942.63,32963.01,5265
2026-08-07T15:04:00+00:00,32963.01,32970.01,32958.13,32967.01,4222
2026-08-07T15:05:00+00:00,32967.01,32981.76,32964.38,32980.01,4097
2026-08-07T15:06:00+00:00,32980.01,32987.63,32978.38,32987.01,3729
2026-08-07T15:07:00+00:00,32987.01,32991.26,32976.63,32977.26,4365
2026-08-07T15:08:00+00:00,32977.26,32990.63,32973.51,32990.63,5205
2026-08-07T15:09:00+00:00,32990.63,32991.26,32973.63,32979.26,4406
2026-08-07T15:10:00+00:00,32979.26,32998.26,32979.01,32995.01,4548
2026-08-07T15:11:00+00:00,32995.01,33005.26,32977.88,32979.51,4320
2026-08-07T15:12:00+00:00,32979.51,32995.51,32974.01,32974.76,4272
2026-08-07T15:13:00+00:00,32974.76,32979.88,32961.88,32977.01,5375
2026-08-07T15:14:00+00:00,32977.01,32987.13,32974.51,32982.76,4976
2026-08-07T15:15:00+00:00,32982.76,32986.13,32973.76,32976.26,4137
2026-08-07T15:16:00+00:00,32976.26,32989.88,32972.26,32984.38,4419
2026-08-07T15:17:00+00:00,32984.38,32987.26,32971.13,32975.26,4448
2026-08-07T15:18:00+00:00,32975.26,32989.38,32969.76,32987.51,3837
2026-08-07T15:19:00+00:00,32987.51,32988.01,32977.26,32981.01,3509
2026-08-07T15:20:00+00:00,32981.01,32994.26,32976.76,32991.38,3358
2026-08-07T15:21:00+00:00,32991.38,32992.76,32976.26,32990.76,3634
2026-08-07T15:22:00+00:00,32990.76,33005.13,32989.88,33003.63,3731
2026-08-07T15:23:00+00:00,33003.63,33012.76,32999.01,33009.88,3534
2026-08-07T15:24:00+00:00,33009.88,33021.13,33009.76,33018.63,3530
2026-08-07T15:25:00+00:00,33018.63,33034.13,33017.13,33033.38,3026
2026-08-07T15:26:00+00:00,33033.38,33045.63,33033.26,33041.76,3342
2026-08-07T15:27:00+00:00,33041.76,33048.63,33040.88,33047.26,2939
2026-08-07T15:28:00+00:00,33047.26,33051.51,33043.26,33048.88,3211
2026-08-07T15:29:00+00:00,33048.88,33049.88,33040.26,33049.01,2877
2026-08-07T15:30:00+00:00,33049.01,33067.51,33049.01,33067.38,3639
2026-08-07T15:31:00+00:00,33067.38,33072.26,33065.51,33067.13,2580
2026-08-07T15:32:00+00:00,33067.13,33076.51,33065.13,33076.51,2792
2026-08-07T15:33:00+00:00,33076.51,33077.38,33058.76,33060.88,3038
2026-08-07T15:34:00+00:00,33060.88,33069.51,33059.76,33062.88,3430
2026-08-07T15:35:00+00:00,33062.88,33065.88,33043.76,33049.76,4319
2026-08-07T15:36:00+00:00,33049.76,33054.01,33042.38,33047.88,3849
2026-08-07T15:37:00+00:00,33047.88,33062.26,33044.13,33061.26,3590
2026-08-07T15:38:00+00:00,33061.26,33061.88,33045.88,33046.13,3088
2026-08-07T15:39:00+00:00,33046.13,33051.26,33042.01,33047.76,2807
2026-08-07T15:40:00+00:00,33047.76,33059.76,33045.26,33047.13,3303
2026-08-07T15:41:00+00:00,33047.13,33049.01,33021.01,33022.88,3684
2026-08-07T15:42:00+00:00,33022.88,33032.51,33019.26,33025.13,3996
2026-08-07T15:43:00+00:00,33025.13,33029.38,33017.76,33027.51,4295
2026-08-07T15:44:00+00:00,33027.51,33046.51,33026.76,33034.51,3825
2026-08-07T15:45:00+00:00,33034.51,33037.26,33026.38,33031.51,3765
2026-08-07T15:46:00+00:00,33031.51,33044.51,33029.01,33035.26,3780
2026-08-07T15:47:00+00:00,33035.26,33041.13,33031.51,33034.01,3016
2026-08-07T15:48:00+00:00,33034.01,33044.38,33033.76,33037.26,3126
2026-08-07T15:49:00+00:00,33037.26,33056.51,33034.26,33053.38,3527
2026-08-07T15:50:00+00:00,33053.38,33062.13,33050.51,33062.01,2852
2026-08-07T15:51:00+00:00,33062.01,33065.63,33052.63,33053.88,2687
2026-08-07T15:52:00+00:00,33053.88,33059.51,33044.38,33048.38,3320
2026-08-07T15:53:00+00:00,33048.38,33048.63,33020.13,33029.51,3355
2026-08-07T15:54:00+00:00,33029.51,33039.88,33025.01,33038.51,3343
2026-08-07T15:55:00+00:00,33038.51,33044.26,33035.51,33040.38,3418
2026-08-07T15:56:00+00:00,33040.38,33042.26,33030.51,33039.01,2713
2026-08-07T15:57:00+00:00,33039.01,33039.38,33025.88,33027.01,3362
2026-08-07T15:58:00+00:00,33027.01,33031.01,33019.51,33029.51,3229
2026-08-07T15:59:00+00:00,33029.51,33037.13,33026.88,33036.63,2933
2026-08-07T16:00:00+00:00,33036.63,33042.88,33022.51,33024.63,4712
2026-08-07T16:01:00+00:00,33024.63,33028.63,33018.13,33028.13,3706
2026-08-07T16:02:00+00:00,33028.13,33038.26,33024.51,33027.63,3833
2026-08-07T16:03:00+00:00,33027.63,33033.63,33021.13,33029.51,2997
2026-08-07T16:04:00+00:00,33029.51,33036.01,33021.76,33034.88,3120
2026-08-07T16:05:00+00:00,33034.88,33046.63,33032.76,33038.13,3634
2026-08-07T16:06:00+00:00,33038.13,33044.88,33038.13,33043.76,2587
2026-08-07T16:07:00+00:00,33043.76,33050.26,33039.51,33049.76,2334
2026-08-07T16:08:00+00:00,33049.76,33052.63,33042.63,33044.13,2210
2026-08-07T16:09:00+00:00,33044.13,33048.38,33033.13,33047.76,2806
2026-08-07T16:10:00+00:00,33047.76,33051.63,33042.51,33045.63,2462
2026-08-07T16:11:00+00:00,33045.63,33050.38,33042.76,33047.13,2293
2026-08-07T16:12:00+00:00,33047.13,33047.76,33031.76,33036.51,2672
2026-08-07T16:13:00+00:00,33036.51,33036.76,33026.88,33029.13,2506
2026-08-07T16:14:00+00:00,33029.13,33035.01,33021.38,33023.76,2166
2026-08-07T16:15:00+00:00,33023.76,33031.76,33019.38,33031.76,3442
2026-08-07T16:16:00+00:00,33031.76,33040.76,33030.01,33034.01,2699
2026-08-07T16:17:00+00:00,33034.01,33038.51,33031.01,33031.76,2424
2026-08-07T16:18:00+00:00,33031.76,33035.26,33025.26,33025.51,2502
2026-08-07T16:19:00+00:00,33025.51,33026.38,33010.51,33017.13,2733
2026-08-07T16:20:00+00:00,33017.13,33037.76,33010.13,33022.76,3191
2026-08-07T16:21:00+00:00,33022.76,33024.38,32995.01,32999.13,3159
2026-08-07T16:22:00+00:00,32999.13,33001.13,32990.63,32998.88,3517
2026-08-07T16:23:00+00:00,32998.88,33001.63,32978.13,32980.51,4202
2026-08-07T16:24:00+00:00,32980.51,32984.76,32969.76,32971.13,4074
2026-08-07T16:25:00+00:00,32971.13,32975.76,32933.76,32944.01,5782
2026-08-07T16:26:00+00:00,32944.01,32945.51,32916.26,32923.63,5861
2026-08-07T16:27:00+00:00,32923.63,32935.13,32912.51,32933.76,4720
2026-08-07T16:28:00+00:00,32933.76,32937.38,32914.63,32936.76,4822
2026-08-07T16:29:00+00:00,32936.76,32941.88,32925.01,32936.76,4970
2026-08-07T16:30:00+00:00,32936.76,32942.76,32897.88,32899.51,6822
2026-08-07T16:31:00+00:00,32899.51,32909.13,32894.76,32898.26,5822
2026-08-07T16:32:00+00:00,32898.26,32929.01,32895.01,32929.01,5527
2026-08-07T16:33:00+00:00,32929.01,32935.38,32924.88,32932.26,5335
2026-08-07T16:34:00+00:00,32932.26,32961.13,32931.01,32959.01,4967
2026-08-07T16:35:00+00:00,32959.01,32959.01,32942.26,32951.26,4005
2026-08-07T16:36:00+00:00,32951.26,32965.38,32951.26,32955.01,3907
2026-08-07T16:37:00+00:00,32955.01,32957.76,32948.26,32953.63,3930
2026-08-07T16:38:00+00:00,32953.63,32959.13,32948.01,32953.51,3853
2026-08-07T16:39:00+00:00,32953.51,32979.51,32953.51,32975.01,4306
2026-08-07T16:40:00+00:00,32975.01,32983.01,32970.88,32973.76,3632
2026-08-07T16:41:00+00:00,32973.76,32980.01,32971.26,32977.26,3075
2026-08-07T16:42:00+00:00,32977.26,32977.26,32958.13,32959.01,3513
2026-08-07T16:43:00+00:00,32959.01,32969.26,32958.01,32967.76,3184
2026-08-07T16:44:00+00:00,32967.76,32978.13,32964.38,32977.13,3289
2026-08-07T16:45:00+00:00,32977.13,32990.63,32977.01,32990.38,2853
2026-08-07T16:46:00+00:00,32990.38,32994.51,32982.63,32982.63,2650
2026-08-07T16:47:00+00:00,32982.63,32989.13,32980.63,32983.88,2469
2026-08-07T16:48:00+00:00,32983.88,32989.13,32977.76,32981.13,2249
2026-08-07T16:49:00+00:00,32981.13,32995.88,32980.01,32990.88,2021
2026-08-07T16:50:00+00:00,32990.88,33003.13,32990.26,33001.13,2275
2026-08-07T16:51:00+00:00,33001.13,33001.26,32981.13,32981.51,2573
2026-08-07T16:52:00+00:00,32981.51,32986.38,32968.76,32969.26,3149
2026-08-07T16:53:00+00:00,32969.26,32975.13,32963.88,32975.13,2761
2026-08-07T16:54:00+00:00,32975.13,32977.51,32967.01,32969.26,2370
2026-08-07T16:55:00+00:00,32969.26,32979.01,32966.88,32976.38,2484
2026-08-07T16:56:00+00:00,32976.38,32987.01,32973.13,32974.76,2657
2026-08-07T16:57:00+00:00,32974.76,32979.51,32969.26,32969.76,2653
2026-08-07T16:58:00+00:00,32969.76,32972.63,32965.63,32968.26,2675
2026-08-07T16:59:00+00:00,32968.26,32973.01,32961.88,32962.51,2387
2026-08-07T17:00:00+00:00,32962.51,32965.76,32950.26,32953.38,3766
2026-08-07T17:01:00+00:00,32953.38,32970.88,32953.38,32966.51,3680
2026-08-07T17:02:00+00:00,32966.51,32976.76,32966.51,32970.51,3296
2026-08-07T17:03:00+00:00,32970.51,32980.26,32969.63,32974.38,3032
2026-08-07T17:04:00+00:00,32974.38,32975.63,32964.26,32967.76,2628
2026-08-07T17:05:00+00:00,32967.76,32980.76,32965.63,32978.51,3243
2026-08-07T17:06:00+00:00,32978.51,32984.26,32974.26,32984.26,2731
2026-08-07T17:07:00+00:00,32984.26,32986.63,32979.51,32984.63,2098
2026-08-07T17:08:00+00:00,32984.63,32990.76,32982.26,32987.51,2163
2026-08-07T17:09:00+00:00,32987.51,32989.13,32981.38,32987.63,2711
2026-08-07T17:10:00+00:00,32987.63,32989.88,32976.88,32979.51,2594
2026-08-07T17:11:00+00:00,32979.51,32985.63,32976.88,32978.76,1719
2026-08-07T17:12:00+00:00,32978.76,32981.01,32965.63,32965.76,2065
2026-08-07T17:13:00+00:00,32965.76,32968.63,32962.13,32967.63,2464
2026-08-07T17:14:00+00:00,32967.63,32968.01,32957.13,32958.51,2496
2026-08-07T17:15:00+00:00,32958.51,32967.76,32954.38,32963.88,2866
2026-08-07T17:16:00+00:00,32963.88,32978.13,32958.13,32971.26,2669
2026-08-07T17:17:00+00:00,32971.26,32972.01,32965.76,32971.88,1783
2026-08-07T17:18:00+00:00,32971.88,32978.76,32968.01,32974.51,1808
2026-08-07T17:19:00+00:00,32974.51,32982.26,32973.76,32979.26,2111
2026-08-07T17:20:00+00:00,32979.26,32987.01,32978.88,32979.76,2139
2026-08-07T17:21:00+00:00,32979.76,32979.88,32971.76,32974.01,2299
2026-08-07T17:22:00+00:00,32974.01,32986.01,32973.51,32980.63,2262
2026-08-07T17:23:00+00:00,32980.63,32981.26,32967.88,32970.13,2364
2026-08-07T17:24:00+00:00,32970.13,32971.63,32955.26,32955.38,2382
2026-08-07T17:25:00+00:00,32955.38,32961.38,32949.88,32958.63,2431
2026-08-07T17:26:00+00:00,32958.63,32961.76,32956.13,32959.63,1620
2026-08-07T17:27:00+00:00,32959.63,32963.13,32958.13,32959.51,1688
2026-08-07T17:28:00+00:00,32959.51,32968.76,32955.63,32968.26,1852
2026-08-07T17:29:00+00:00,32968.26,32978.38,32968.13,32970.63,2078
2026-08-07T17:30:00+00:00,32970.63,32977.26,32970.01,32970.01,1879
2026-08-07T17:31:00+00:00,32970.01,32970.38,32963.76,32967.63,1756
2026-08-07T17:32:00+00:00,32967.63,32970.51,32963.13,32963.51,1737
2026-08-07T17:33:00+00:00,32963.51,32975.76,32950.01,32967.01,3514
2026-08-07T17:34:00+00:00,32967.01,32969.88,32956.01,32959.01,2360
2026-08-07T17:35:00+00:00,32959.01,32970.63,32957.13,32968.63,1989
2026-08-07T17:36:00+00:00,32968.63,32972.63,32966.13,32971.76,1712
2026-08-07T17:37:00+00:00,32971.76,32971.76,32963.63,32964.76,1587
2026-08-07T17:38:00+00:00,32964.76,32973.63,32964.13,32972.13,1734
2026-08-07T17:39:00+00:00,32972.13,32986.88,32969.51,32984.76,1951
2026-08-07T17:40:00+00:00,32984.76,32985.76,32969.88,32970.51,1933
2026-08-07T17:41:00+00:00,32970.51,32973.13,32965.76,32966.51,1798
2026-08-07T17:42:00+00:00,32966.51,32968.63,32963.38,32964.63,2053
2026-08-07T17:43:00+00:00,32964.63,32972.88,32962.38,32972.88,1966
2026-08-07T17:44:00+00:00,32972.88,32973.63,32967.88,32968.38,1511
2026-08-07T17:45:00+00:00,32968.38,32975.51,32963.38,32972.88,1987
2026-08-07T17:46:00+00:00,32972.88,32977.88,32972.01,32975.76,1523
2026-08-07T17:47:00+00:00,32975.76,32976.01,32969.88,32970.13,1635
2026-08-07T17:48:00+00:00,32970.13,32975.38,32969.01,32973.01,1543
2026-08-07T17:49:00+00:00,32973.01,32975.38,32967.38,32969.13,1267
2026-08-07T17:50:00+00:00,32969.13,32981.63,32969.13,32974.51,1612
2026-08-07T17:51:00+00:00,32974.51,32975.01,32958.51,32966.26,2032
2026-08-07T17:52:00+00:00,32966.26,32967.51,32960.13,32965.88,1884
2026-08-07T17:53:00+00:00,32965.88,32966.51,32961.88,32964.76,1452
2026-08-07T17:54:00+00:00,32964.76,32974.76,32962.13,32974.13,1526
2026-08-07T17:55:00+00:00,32974.13,32976.88,32966.76,32968.01,1528
2026-08-07T17:56:00+00:00,32968.01,32977.38,32966.63,32971.63,1718
2026-08-07T17:57:00+00:00,32971.63,32980.01,32971.13,32979.38,1373
2026-08-07T17:58:00+00:00,32979.38,32980.38,32973.88,32974.38,1334
2026-08-07T17:59:00+00:00,32974.38,32975.38,32966.13,32966.38,1300
2026-08-07T18:00:00+00:00,32966.38,32972.26,32964.38,32968.01,2476
2026-08-07T18:01:00+00:00,32968.01,32976.63,32966.13,32976.63,1836
2026-08-07T18:02:00+00:00,32976.63,32977.13,32970.38,32974.38,1624
2026-08-07T18:03:00+00:00,32974.38,32976.88,32970.26,32972.88,1491
2026-08-07T18:04:00+00:00,32972.88,32973.26,32968.26,32969.63,1554
2026-08-07T18:05:00+00:00,32969.63,32969.63,32959.38,32961.63,2168
2026-08-07T18:06:00+00:00,32961.63,32970.01,32960.51,32966.13,1689
2026-08-07T18:07:00+00:00,32966.13,32970.01,32957.51,32968.13,1672
2026-08-07T18:08:00+00:00,32968.13,32975.63,32967.63,32969.01,1453
2026-08-07T18:09:00+00:00,32969.01,32970.88,32964.38,32966.38,1249
2026-08-07T18:10:00+00:00,32966.38,32970.13,32963.76,32967.76,1501
2026-08-07T18:11:00+00:00,32967.76,32968.51,32962.51,32963.88,1426
2026-08-07T18:12:00+00:00,32963.88,32964.13,32952.88,32955.76,1690
2026-08-07T18:13:00+00:00,32955.76,32956.38,32943.38,32945.13,1610
2026-08-07T18:14:00+00:00,32945.13,32946.13,32936.26,32943.63,2037
2026-08-07T18:15:00+00:00,32943.63,32947.01,32939.26,32943.01,2081
2026-08-07T18:16:00+00:00,32943.01,32948.13,32940.26,32942.51,2007
2026-08-07T18:17:00+00:00,32942.51,32947.01,32940.76,32944.26,1754
2026-08-07T18:18:00+00:00,32944.26,32956.88,32944.01,32954.88,1998
2026-08-07T18:19:00+00:00,32954.880000000005,32955.51,32948.380000000005,32950.380000000005,1552
2026-08-07T18:20:00+00:00,32950.380000000005,32954.380000000005,32948.130000000005,32948.380000000005,1335
2026-08-07T18:21:00+00:00,32947.26,32953.38,32941.88,32942.51,1695
2026-08-07T18:22:00+00:00,32942.51,32951.63,32939.26,32948.13,1816
2026-08-07T18:23:00+00:00,32948.13,32949.26,32943.51,32943.88,1436
2026-08-07T18:24:00+00:00,32943.88,32945.01,32934.88,32940.51,1577
2026-08-07T18:25:00+00:00,32940.51,32944.51,32933.88,32933.88,1461
2026-08-07T18:26:00+00:00,32933.88,32936.13,32930.51,32931.01,1545
2026-08-07T18:27:00+00:00,32931.01,32943.76,32931.01,32937.76,1907
2026-08-07T18:28:00+00:00,32937.76,32938.63,32928.38,32930.01,1855
2026-08-07T18:29:00+00:00,32930.01,32934.13,32926.01,32928.63,1550
2026-08-07T18:30:00+00:00,32928.63,32932.51,32924.01,32927.76,1761
2026-08-07T18:31:00+00:00,32927.76,32931.38,32924.63,32931.38,1876
2026-08-07T18:32:00+00:00,32931.38,32938.88,32926.51,32938.88,2135
2026-08-07T18:33:00+00:00,32938.88,32947.13,32935.01,32944.88,2003
2026-08-07T18:34:00+00:00,32944.88,32945.76,32924.26,32926.88,1962
2026-08-07T18:35:00+00:00,32926.88,32933.38,32915.76,32915.88,1948
2026-08-07T18:36:00+00:00,32915.88,32924.88,32915.88,32920.63,1937
2026-08-07T18:37:00+00:00,32920.63,32929.38,32920.63,32925.63,1898
2026-08-07T18:38:00+00:00,32925.63,32927.01,32919.13,32919.38,1473
2026-08-07T18:39:00+00:00,32919.38,32925.76,32914.13,32921.26,1743
2026-08-07T18:40:00+00:00,32921.26,32921.88,32919.01,32921.63,1428
2026-08-07T18:41:00+00:00,32921.63,32924.26,32919.88,32922.13,1508
2026-08-07T18:42:00+00:00,32922.13,32923.38,32915.88,32920.01,1644
2026-08-07T18:43:00+00:00,32920.01,32920.76,32914.63,32915.26,1534
2026-08-07T18:44:00+00:00,32915.26,32915.76,32902.38,32904.13,2516
2026-08-07T18:45:00+00:00,32904.13,32909.13,32902.01,32909.13,2180
2026-08-07T18:46:00+00:00,32909.13,32911.51,32900.63,32902.13,1993
2026-08-07T18:47:00+00:00,32902.13,32905.51,32899.88,32903.76,1569
2026-08-07T18:48:00+00:00,32903.76,32918.88,32903.76,32918.26,1955
2026-08-07T18:49:00+00:00,32918.26,32923.88,32917.01,32922.38,1611
2026-08-07T18:50:00+00:00,32922.38,32929.63,32919.88,32928.51,1563
2026-08-07T18:51:00+00:00,32928.51,32934.26,32925.88,32933.88,1379
2026-08-07T18:52:00+00:00,32933.88,32934.26,32924.38,32927.88,1523
2026-08-07T18:53:00+00:00,32927.88,32929.01,32921.13,32927.38,1471
2026-08-07T18:54:00+00:00,32927.38,32928.88,32918.76,32920.13,1536
2026-08-07T18:55:00+00:00,32920.13,32923.88,32916.76,32918.26,1726
2026-08-07T18:56:00+00:00,32918.26,32921.38,32913.13,32914.01,1304
2026-08-07T18:57:00+00:00,32914.01,32927.51,32913.01,32927.38,1406
2026-08-07T18:58:00+00:00,32927.38,32937.01,32927.38,32932.38,1931
2026-08-07T18:59:00+00:00,32932.38,32947.26,32932.38,32947.26,1304
2026-08-07T19:00:00+00:00,32947.26,32965.13,32946.68,32962.51,2645
2026-08-07T19:01:00+00:00,32962.51,32994.26,32962.26,32976.76,3831
2026-08-07T19:02:00+00:00,32976.76,32979.26,32968.76,32968.76,2688
2026-08-07T19:03:00+00:00,32968.76,32970.26,32965.26,32967.76,2245
2026-08-07T19:04:00+00:00,32967.76,32973.13,32966.01,32968.76,1591
2026-08-07T19:05:00+00:00,32968.76,32987.63,32967.51,32987.38,2351
2026-08-07T19:06:00+00:00,32987.38,33002.51,32984.51,32999.63,1999
2026-08-07T19:07:00+00:00,32999.63,33011.13,32998.63,33009.63,1993
2026-08-07T19:08:00+00:00,33009.63,33012.76,33005.88,33006.51,2067
2026-08-07T19:09:00+00:00,33006.51,33016.51,33002.63,33015.63,2230
2026-08-07T19:10:00+00:00,33015.63,33032.26,33014.88,33030.76,2849
2026-08-07T19:11:00+00:00,33030.76,33032.13,33026.13,33030.38,2177
2026-08-07T19:12:00+00:00,33030.38,33032.38,33025.38,33029.76,2111
2026-08-07T19:13:00+00:00,33029.76,33030.63,33023.38,33024.63,1682
2026-08-07T19:14:00+00:00,33024.63,33028.51,33020.63,33022.63,1999
2026-08-07T19:15:00+00:00,33022.63,33043.51,33022.01,33043.51,2795
2026-08-07T19:16:00+00:00,33043.51,33044.13,33030.26,33044.13,2829
2026-08-07T19:17:00+00:00,33044.13,33045.13,33026.13,33026.51,2910
2026-08-07T19:18:00+00:00,33026.51,33029.26,33022.38,33027.01,2204
2026-08-07T19:19:00+00:00,33027.01,33027.88,33014.88,33016.01,2207
2026-08-07T19:20:00+00:00,33016.01,33035.13,33016.01,33031.38,2695
2026-08-07T19:21:00+00:00,33031.38,33035.63,33026.38,33026.63,2199
2026-08-07T19:22:00+00:00,33026.63,33030.63,33022.13,33028.38,2400
2026-08-07T19:23:00+00:00,33028.38,33036.63,33025.01,33036.13,2061
2026-08-07T19:24:00+00:00,33036.13,33037.51,33018.88,33021.01,2252
2026-08-07T19:25:00+00:00,33021.01,33026.13,33020.13,33022.01,1902
2026-08-07T19:26:00+00:00,33022.01,33030.38,33021.13,33029.51,1851
2026-08-07T19:27:00+00:00,33029.51,33029.51,33018.76,33025.38,2517
2026-08-07T19:28:00+00:00,33025.38,33029.13,33023.26,33026.88,1639
2026-08-07T19:29:00+00:00,33026.88,33034.01,33020.88,33033.63,1923
2026-08-07T19:30:00+00:00,33033.63,33033.88,33008.13,33009.13,3831
2026-08-07T19:31:00+00:00,33009.13,33019.76,33008.76,33017.38,3049
2026-08-07T19:32:00+00:00,33017.38,33018.38,33012.76,33014.51,2477
2026-08-07T19:33:00+00:00,33014.51,33015.38,33007.38,33008.38,2262
2026-08-07T19:34:00+00:00,33008.38,33008.88,32999.63,33001.51,2116
2026-08-07T19:35:00+00:00,33001.51,33009.38,32997.13,33006.13,2527
2026-08-07T19:36:00+00:00,33006.13,33012.76,32999.51,33012.01,2137
2026-08-07T19:37:00+00:00,33012.01,33014.01,33009.63,33012.38,1873
2026-08-07T19:38:00+00:00,33012.38,33023.76,33012.13,33018.76,2070
2026-08-07T19:39:00+00:00,33018.76,33023.26,33016.38,33018.13,1682
2026-08-07T19:40:00+00:00,33018.13,33020.13,33000.88,33003.76,2350
2026-08-07T19:41:00+00:00,33003.76,33004.01,32996.38,33001.63,1950
2026-08-07T19:42:00+00:00,33001.63,33012.88,33001.13,33012.88,1962
2026-08-07T19:43:00+00:00,33012.88,33013.26,33004.38,33004.76,1609
2026-08-07T19:44:00+00:00,33004.76,33013.63,33001.88,33002.26,1769
2026-08-07T19:45:00+00:00,33002.26,33011.13,33002.26,33010.76,2596
2026-08-07T19:46:00+00:00,33010.76,33017.88,33006.88,33007.51,2074
2026-08-07T19:47:00+00:00,33007.51,33013.88,33001.26,33013.38,1913
2026-08-07T19:48:00+00:00,33013.38,33017.26,33007.01,33013.88,1973
2026-08-07T19:49:00+00:00,33013.88,33019.01,33012.88,33013.51,1495
2026-08-07T19:50:00+00:00,33013.51,33035.38,33013.51,33032.63,2703
2026-08-07T19:51:00+00:00,33032.63,33037.13,33026.01,33029.01,2239
2026-08-07T19:52:00+00:00,33029.01,33034.01,33025.88,33032.38,2031
2026-08-07T19:53:00+00:00,33032.38,33050.51,33031.63,33050.26,2081
2026-08-07T19:54:00+00:00,33050.26,33055.88,33048.76,33051.13,1954
2026-08-07T19:55:00+00:00,33051.13,33070.88,33043.63,33045.76,3791
2026-08-07T19:56:00+00:00,33045.76,33048.88,33041.26,33046.51,2718
2026-08-07T19:57:00+00:00,33046.51,33071.63,33046.51,33068.38,2787
2026-08-07T19:58:00+00:00,33068.38,33082.63,33068.01,33077.38,2754
2026-08-07T19:59:00+00:00,33077.38,33082.63,33049.51,33057.38,6925
2026-08-10T13:30:00+00:00,33033.03,33065.060000000005,33016.48,33051.93,14771
2026-08-10T13:31:00+00:00,33051.93,33061.18,33025.93,33043.68,13978
2026-08-10T13:32:00+00:00,33043.68,33059.93,33028.060000000005,33049.68,12056
2026-08-10T13:33:00+00:00,33049.68,33069.18,33032.43,33032.68,10540
2026-08-10T13:34:00+00:00,33032.68,33032.810000000005,32965.310000000005,32968.810000000005,11946
2026-08-10T13:35:00+00:00,32968.810000000005,33015.310000000005,32956.18,33011.060000000005,15819
2026-08-10T13:36:00+00:00,33011.060000000005,33038.43,33001.43,33002.18,14091
2026-08-10T13:37:00+00:00,33002.18,33015.68,32979.43,32986.560000000005,12620
2026-08-10T13:38:00+00:00,32986.560000000005,32997.43,32968.93,32989.68,10403
2026-08-10T13:39:00+00:00,32989.68,32995.310000000005,32963.310000000005,32991.560000000005,11724
2026-08-10T13:40:00+00:00,32991.560000000005,32999.810000000005,32962.060000000005,32973.18,10992
2026-08-10T13:41:00+00:00,32973.18,32984.810000000005,32947.18,32983.68,9998
2026-08-10T13:42:00+00:00,32983.68,33005.93,32978.18,32985.18,10656
2026-08-10T13:43:00+00:00,32985.18,33002.18,32978.68,33002.18,9525
2026-08-10T13:44:00+00:00,33002.18,33016.060000000005,32996.93,33003.68,9571
2026-08-10T13:45:00+00:00,33003.68,33031.68,32996.310000000005,33000.060000000005,10425
2026-08-10T13:46:00+00:00,33000.060000000005,33019.810000000005,32995.93,33016.560000000005,10626
2026-08-10T13:47:00+00:00,33016.560000000005,33036.810000000005,33011.060000000005,33036.310000000005,10270
2026-08-10T13:48:00+00:00,33036.310000000005,33039.810000000005,33026.93,33037.560000000005,8286
2026-08-10T13:49:00+00:00,33037.560000000005,33054.43,33034.060000000005,33045.810000000005,7797
2026-08-10T13:50:00+00:00,33045.810000000005,33060.18,33023.060000000005,33033.43,8660
2026-08-10T13:51:00+00:00,33033.43,33043.93,33021.560000000005,33034.310000000005,8858
2026-08-10T13:52:00+00:00,33034.310000000005,33036.810000000005,32994.43,33018.810000000005,10283
2026-08-10T13:53:00+00:00,33018.810000000005,33020.18,32982.68,33003.560000000005,9409
2026-08-10T13:54:00+00:00,33003.560000000005,33019.310000000005,32996.560000000005,33005.43,7972
2026-08-10T13:55:00+00:00,33005.43,33027.060000000005,32988.310000000005,32989.310000000005,8517
2026-08-10T13:56:00+00:00,32989.310000000005,33009.68,32985.18,33009.560000000005,9170
2026-08-10T13:57:00+00:00,33009.560000000005,33026.310000000005,32997.810000000005,33017.310000000005,7560
2026-08-10T13:58:00+00:00,33017.310000000005,33037.810000000005,33015.810000000005,33023.810000000005,7333
2026-08-10T13:59:00+00:00,33023.810000000005,33046.93,33014.060000000005,33034.810000000005,7544
2026-08-10T14:00:00+00:00,33034.810000000005,33047.43,33017.060000000005,33033.060000000005,8743
2026-08-10T14:01:00+00:00,33033.060000000005,33054.560000000005,33016.560000000005,33052.060000000005,8182
2026-08-10T14:02:00+00:00,33052.060000000005,33059.560000000005,33038.810000000005,33042.560000000005,6307
2026-08-10T14:03:00+00:00,33042.560000000005,33050.810000000005,33032.310000000005,33034.560000000005,6641
2026-08-10T14:04:00+00:00,33034.560000000005,33052.93,33024.560000000005,33047.560000000005,7210
2026-08-10T14:05:00+00:00,33047.560000000005,33064.43,33045.310000000005,33056.310000000005,6193
2026-08-10T14:06:00+00:00,33056.310000000005,33089.060000000005,33055.560000000005,33085.93,5926
2026-08-10T14:07:00+00:00,33085.93,33090.68,33081.68,33084.810000000005,4579
2026-08-10T14:08:00+00:00,33084.810000000005,33091.310000000005,33076.43,33078.18,5242
2026-08-10T14:09:00+00:00,33078.18,33103.93,33068.43,33102.560000000005,5274
2026-08-10T14:10:00+00:00,33102.560000000005,33114.310000000005,33098.48,33114.060000000005,4371
2026-08-10T14:11:00+00:00,33114.060000000005,33119.310000000005,33100.68,33108.310000000005,4814
2026-08-10T14:12:00+00:00,33108.310000000005,33117.93,33105.68,33113.560000000005,4134
2026-08-10T14:13:00+00:00,33113.560000000005,33119.93,33105.810000000005,33111.560000000005,4772
2026-08-10T14:14:00+00:00,33111.560000000005,33112.68,33103.18,33109.310000000005,4416
2026-08-10T14:15:00+00:00,33109.310000000005,33128.060000000005,33102.68,33109.060000000005,6234
2026-08-10T14:16:00+00:00,33109.060000000005,33115.93,33095.48,33113.060000000005,4426
2026-08-10T14:17:00+00:00,33113.060000000005,33114.060000000005,33098.68,33101.43,3683
2026-08-10T14:18:00+00:00,33101.43,33104.560000000005,33085.43,33090.68,5065
2026-08-10T14:19:00+00:00,33090.68,33099.68,33083.68,33090.810000000005,5121
2026-08-10T14:20:00+00:00,33090.810000000005,33112.810000000005,33087.810000000005,33109.810000000005,4642
2026-08-10T14:21:00+00:00,33109.810000000005,33110.310000000005,33088.310000000005,33091.310000000005,4536
2026-08-10T14:22:00+00:00,33091.310000000005,33100.93,33079.68,33087.810000000005,5273
2026-08-10T14:23:00+00:00,33087.810000000005,33090.93,33071.060000000005,33076.060000000005,5656
2026-08-10T14:24:00+00:00,33076.060000000005,33078.310000000005,33055.48,33066.060000000005,6349
2026-08-10T14:25:00+00:00,33066.060000000005,33081.810000000005,33043.43,33078.18,7409
2026-08-10T14:26:00+00:00,33078.18,33089.560000000005,33066.18,33075.810000000005,6033
2026-08-10T14:27:00+00:00,33075.810000000005,33087.93,33070.68,33081.810000000005,5188
2026-08-10T14:28:00+00:00,33081.810000000005,33093.560000000005,33071.310000000005,33092.810000000005,4661
2026-08-10T14:29:00+00:00,33092.810000000005,33097.43,33079.93,33086.18,4486
2026-08-10T14:30:00+00:00,33086.18,33095.93,33079.810000000005,33094.060000000005,6715
2026-08-10T14:31:00+00:00,33094.060000000005,33107.810000000005,33090.060000000005,33102.310000000005,5584
2026-08-10T14:32:00+00:00,33102.310000000005,33110.310000000005,33099.68,33107.810000000005,4366
2026-08-10T14:33:00+00:00,33107.810000000005,33108.93,33094.18,33095.060000000005,4538
2026-08-10T14:34:00+00:00,33095.060000000005,33100.560000000005,33078.93,33089.060000000005,5077
2026-08-10T14:35:00+00:00,33089.060000000005,33118.93,33087.810000000005,33110.18,4935
2026-08-10T14:36:00+00:00,33110.18,33116.43,33108.560000000005,33110.560000000005,3340
2026-08-10T14:37:00+00:00,33110.560000000005,33120.93,33108.18,33117.560000000005,3463
2026-08-10T14:38:00+00:00,33117.560000000005,33117.93,33080.060000000005,33085.560000000005,5903
2026-08-10T14:39:00+00:00,33085.560000000005,33094.060000000005,33074.68,33088.060000000005,5389
2026-08-10T14:40:00+00:00,33088.060000000005,33101.310000000005,33082.810000000005,33088.310000000005,5172
2026-08-10T14:41:00+00:00,33088.310000000005,33099.93,33085.310000000005,33094.810000000005,3681
2026-08-10T14:42:00+00:00,33094.810000000005,33110.810000000005,33091.310000000005,33107.810000000005,3783
2026-08-10T14:43:00+00:00,33107.810000000005,33108.810000000005,33092.73,33104.310000000005,3467
2026-08-10T14:44:00+00:00,33104.310000000005,33104.810000000005,33085.310000000005,33095.060000000005,3242
2026-08-10T14:45:00+00:00,33095.060000000005,33114.060000000005,33090.43,33112.93,3598
2026-08-10T14:46:00+00:00,33112.93,33113.560000000005,33095.560000000005,33102.560000000005,3541
2026-08-10T14:47:00+00:00,33102.560000000005,33106.810000000005,33094.93,33098.310000000005,3516
2026-08-10T14:48:00+00:00,33098.310000000005,33104.810000000005,33090.93,33100.060000000005,3567
2026-08-10T14:49:00+00:00,33100.060000000005,33109.560000000005,33095.310000000005,33098.310000000005,2987
2026-08-10T14:50:00+00:00,33098.310000000005,33105.43,33093.43,33094.060000000005,3775
2026-08-10T14:51:00+00:00,33094.060000000005,33097.060000000005,33071.18,33073.68,4167
2026-08-10T14:52:00+00:00,33073.68,33077.810000000005,33055.68,33066.060000000005,4857
2026-08-10T14:53:00+00:00,33066.060000000005,33067.18,33035.43,33036.060000000005,5597
2026-08-10T14:54:00+00:00,33036.060000000005,33039.310000000005,33023.18,33023.93,6276
2026-08-10T14:55:00+00:00,33023.93,33032.560000000005,33015.060000000005,33022.060000000005,6696
2026-08-10T14:56:00+00:00,33022.060000000005,33044.060000000005,33019.310000000005,33032.060000000005,6687
2026-08-10T14:57:00+00:00,33032.060000000005,33033.310000000005,33014.310000000005,33030.060000000005,5404
2026-08-10T14:58:00+00:00,33030.060000000005,33035.060000000005,33016.68,33019.560000000005,4352
2026-08-10T14:59:00+00:00,33019.560000000005,33029.060000000005,33005.93,33007.560000000005,5036
2026-08-10T15:00:00+00:00,33007.560000000005,33019.310000000005,32999.18,33004.310000000005,6582
2026-08-10T15:01:00+00:00,33004.310000000005,33034.93,33002.310000000005,33031.060000000005,6180
2026-08-10T15:02:00+00:00,33031.060000000005,33039.68,33016.68,33028.060000000005,5318
2026-08-10T15:03:00+00:00,33028.060000000005,33036.810000000005,33022.43,33028.560000000005,4936
2026-08-10T15:04:00+00:00,33028.560000000005,33043.560000000005,33025.310000000005,33028.560000000005,5158
2026-08-10T15:05:00+00:00,33028.560000000005,33040.43,33025.68,33038.060000000005,4830
2026-08-10T15:06:00+00:00,33038.060000000005,33041.560000000005,33021.93,33030.810000000005,4513
2026-08-10T15:07:00+00:00,33030.810000000005,33050.68,33029.310000000005,33043.68,3889
2026-08-10T15:08:00+00:00,33043.68,33049.43,33025.43,33025.560000000005,3689
2026-08-10T15:09:00+00:00,33025.560000000005,33026.93,33010.93,33011.060000000005,5056
2026-08-10T15:10:00+00:00,33011.060000000005,33026.310000000005,33007.310000000005,33022.810000000005,4681
2026-08-10T15:11:00+00:00,33022.810000000005,33034.68,33010.43,33011.68,4327
2026-08-10T15:12:00+00:00,33011.68,33020.68,32994.68,32998.560000000005,4306
2026-08-10T15:13:00+00:00,32998.560000000005,33024.43,32996.93,33022.310000000005,3960
2026-08-10T15:14:00+00:00,33022.310000000005,33029.18,33016.93,33021.310000000005,3918
2026-08-10T15:15:00+00:00,33021.310000000005,33042.810000000005,33018.93,33041.810000000005,4824
2026-08-10T15:16:00+00:00,33041.810000000005,33045.560000000005,33026.810000000005,33029.93,3533
2026-08-10T15:17:00+00:00,33029.93,33035.060000000005,33021.93,33031.93,3575
2026-08-10T15:18:00+00:00,33031.93,33034.060000000005,33018.43,33022.310000000005,3664
2026-08-10T15:19:00+00:00,33022.310000000005,33037.43,33018.560000000005,33027.810000000005,3538
2026-08-10T15:20:00+00:00,33027.810000000005,33037.060000000005,33024.68,33025.060000000005,3554
2026-08-10T15:21:00+00:00,33025.060000000005,33026.060000000005,33013.560000000005,33017.810000000005,3617
2026-08-10T15:22:00+00:00,33017.810000000005,33018.93,33007.310000000005,33011.560000000005,3690
2026-08-10T15:23:00+00:00,33011.560000000005,33021.93,33003.310000000005,33013.560000000005,3695
2026-08-10T15:24:00+00:00,33013.560000000005,33015.93,33001.93,33012.310000000005,3274
2026-08-10T15:25:00+00:00,33012.310000000005,33016.060000000005,32989.560000000005,32992.43,3843
2026-08-10T15:26:00+00:00,32992.43,32996.93,32981.68,32992.810000000005,3401
2026-08-10T15:27:00+00:00,32992.810000000005,33007.560000000005,32986.060000000005,33004.310000000005,4190
2026-08-10T15:28:00+00:00,33004.310000000005,33012.060000000005,32997.810000000005,33007.43,3119
2026-08-10T15:29:00+00:00,33007.43,33013.43,33003.560000000005,33005.810000000005,3033
2026-08-10T15:30:00+00:00,33005.810000000005,33015.93,32995.560000000005,33000.560000000005,4802
2026-08-10T15:31:00+00:00,33000.560000000005,33002.310000000005,32985.18,32993.810000000005,2823
2026-08-10T15:32:00+00:00,32993.810000000005,32994.060000000005,32978.43,32989.060000000005,2597
2026-08-10T15:33:00+00:00,32989.060000000005,32997.18,32985.810000000005,32989.810000000005,3146
2026-08-10T15:34:00+00:00,32989.810000000005,32991.810000000005,32976.310000000005,32979.060000000005,3556
2026-08-10T15:35:00+00:00,32979.060000000005,32994.560000000005,32969.18,32987.060000000005,3853
2026-08-10T15:36:00+00:00,32987.060000000005,32993.18,32980.060000000005,32981.060000000005,2976
2026-08-10T15:37:00+00:00,32981.060000000005,32990.810000000005,32979.43,32989.560000000005,2830
2026-08-10T15:38:00+00:00,32989.560000000005,32991.93,32980.43,32990.560000000005,2605
2026-08-10T15:39:00+00:00,32990.560000000005,32998.060000000005,32987.18,32989.810000000005,2702
2026-08-10T15:40:00+00:00,32989.810000000005,33010.810000000005,32981.18,33007.18,3457
2026-08-10T15:41:00+00:00,33007.18,33014.18,33003.43,33013.18,2742
2026-08-10T15:42:00+00:00,33013.18,33017.18,33008.93,33009.18,2413
2026-08-10T15:43:00+00:00,33009.18,33025.060000000005,33004.060000000005,33024.93,2883
2026-08-10T15:44:00+00:00,33024.93,33037.060000000005,33023.310000000005,33036.060000000005,2679
2026-08-10T15:45:00+00:00,33036.060000000005,33046.18,33035.68,33039.18,2928
2026-08-10T15:46:00+00:00,33039.18,33040.93,33028.810000000005,33029.810000000005,2490
2026-08-10T15:47:00+00:00,33029.810000000005,33039.68,33027.93,33029.93,2061
2026-08-10T15:48:00+00:00,33029.93,33034.93,33020.060000000005,33020.18,2313
2026-08-10T15:49:00+00:00,33020.18,33026.810000000005,33014.810000000005,33023.560000000005,2375
2026-08-10T15:50:00+00:00,33023.560000000005,33040.43,33021.68,33036.43,2796
2026-08-10T15:51:00+00:00,33036.43,33051.310000000005,33034.93,33049.93,2535
2026-08-10T15:52:00+00:00,33049.93,33060.560000000005,33049.310000000005,33060.18,2272
2026-08-10T15:53:00+00:00,33060.18,33064.18,33058.68,33061.68,2077
2026-08-10T15:54:00+00:00,33061.68,33076.93,33061.560000000005,33074.68,2897
2026-08-10T15:55:00+00:00,33074.68,33075.18,33065.68,33069.68,2526
2026-08-10T15:56:00+00:00,33069.68,33074.060000000005,33065.93,33073.560000000005,1881
2026-08-10T15:57:00+00:00,33073.560000000005,33082.68,33073.560000000005,33080.68,2118
2026-08-10T15:58:00+00:00,33080.68,33082.060000000005,33075.43,33076.810000000005,1612
2026-08-10T15:59:00+00:00,33076.810000000005,33079.060000000005,33070.93,33072.310000000005,1905
2026-08-10T16:00:00+00:00,33072.310000000005,33086.93,33069.43,33081.060000000005,3176
2026-08-10T16:01:00+00:00,33081.060000000005,33082.18,33071.93,33075.560000000005,2118
2026-08-10T16:02:00+00:00,33075.560000000005,33081.43,33074.43,33080.68,2139
2026-08-10T16:03:00+00:00,33080.68,33081.93,33073.43,33075.18,2199
2026-08-10T16:04:00+00:00,33075.18,33078.060000000005,33069.43,33076.68,2387
2026-08-10T16:05:00+00:00,33076.68,33078.43,33066.43,33071.93,2377
2026-08-10T16:06:00+00:00,33071.93,33073.68,33060.18,33063.18,2427
2026-08-10T16:07:00+00:00,33063.18,33067.93,33060.43,33060.43,2127
2026-08-10T16:08:00+00:00,33060.43,33063.560000000005,33050.310000000005,33051.060000000005,2239
2026-08-10T16:09:00+00:00,33051.060000000005,33057.310000000005,33044.310000000005,33054.060000000005,2839
2026-08-10T16:10:00+00:00,33054.060000000005,33057.560000000005,33049.68,33052.93,1961
2026-08-10T16:11:00+00:00,33052.93,33061.18,33046.43,33047.43,2314
2026-08-10T16:12:00+00:00,33047.43,33050.560000000005,33039.93,33044.68,2686
2026-08-10T16:13:00+00:00,33044.68,33053.68,33043.18,33053.43,1897
2026-08-10T16:14:00+00:00,33053.43,33054.68,33048.68,33050.310000000005,2247
2026-08-10T16:15:00+00:00,33050.310000000005,33054.68,33032.93,33036.68,3652
2026-08-10T16:16:00+00:00,33036.68,33059.560000000005,33036.060000000005,33058.060000000005,2445
2026-08-10T16:17:00+00:00,33058.060000000005,33063.310000000005,33053.93,33054.18,2145
2026-08-10T16:18:00+00:00,33054.18,33061.43,33049.93,33053.810000000005,2221
2026-08-10T16:19:00+00:00,33053.810000000005,33056.310000000005,33047.560000000005,33049.43,2607
2026-08-10T16:20:00+00:00,33049.43,33064.310000000005,33047.810000000005,33059.060000000005,2466
2026-08-10T16:21:00+00:00,33059.060000000005,33061.810000000005,33046.060000000005,33048.68,2727
2026-08-10T16:22:00+00:00,33048.68,33054.43,33043.93,33053.060000000005,2284
2026-08-10T16:23:00+00:00,33053.060000000005,33064.810000000005,33051.060000000005,33064.68,2178
2026-08-10T16:24:00+00:00,33064.68,33068.93,33055.560000000005,33067.310000000005,2278
2026-08-10T16:25:00+00:00,33067.310000000005,33071.810000000005,33056.68,33067.060000000005,2839
2026-08-10T16:26:00+00:00,33067.060000000005,33068.68,33047.18,33047.18,2460
2026-08-10T16:27:00+00:00,33047.18,33053.060000000005,33039.310000000005,33039.68,2065
2026-08-10T16:28:00+00:00,33039.68,33047.43,33037.560000000005,33045.68,2438
2026-08-10T16:29:00+00:00,33045.68,33046.93,33036.060000000005,33037.810000000005,2245
2026-08-10T16:30:00+00:00,33037.810000000005,33042.060000000005,33033.93,33035.43,2719
2026-08-10T16:31:00+00:00,33035.43,33045.18,33034.43,33042.43,2158
2026-08-10T16:32:00+00:00,33042.43,33042.43,32974.68,33010.43,6218
2026-08-10T16:33:00+00:00,33010.43,33010.810000000005,32993.23,33009.310000000005,5922
2026-08-10T16:34:00+00:00,33009.310000000005,33014.18,32999.810000000005,33006.18,4210
2026-08-10T16:35:00+00:00,33006.18,33019.310000000005,33000.810000000005,33017.310000000005,4629
2026-08-10T16:36:00+00:00,33017.310000000005,33024.18,33005.560000000005,33012.060000000005,4063
2026-08-10T16:37:00+00:00,33012.060000000005,33016.310000000005,32999.560000000005,33003.310000000005,3771
2026-08-10T16:38:00+00:00,33003.310000000005,33003.810000000005,32988.93,32996.18,3903
2026-08-10T16:39:00+00:00,32996.18,33003.560000000005,32992.310000000005,32997.310000000005,3070
2026-08-10T16:40:00+00:00,32997.310000000005,33002.310000000005,32991.310000000005,32998.68,3507
2026-08-10T16:41:00+00:00,32998.68,32998.810000000005,32976.93,32982.060000000005,3600
2026-08-10T16:42:00+00:00,32982.060000000005,32989.560000000005,32977.060000000005,32978.18,3754
2026-08-10T16:43:00+00:00,32978.18,32979.560000000005,32961.810000000005,32963.810000000005,2776
2026-08-10T16:44:00+00:00,32963.810000000005,32970.93,32958.560000000005,32970.560000000005,2809
2026-08-10T16:45:00+00:00,32970.560000000005,32973.68,32960.810000000005,32969.310000000005,4259
2026-08-10T16:46:00+00:00,32969.310000000005,32985.560000000005,32964.310000000005,32982.93,3691
2026-08-10T16:47:00+00:00,32982.93,32991.43,32979.43,32988.560000000005,2861
2026-08-10T16:48:00+00:00,32988.560000000005,32993.43,32982.68,32987.060000000005,2931
2026-08-10T16:49:00+00:00,32987.060000000005,32996.560000000005,32986.060000000005,32994.93,2609
2026-08-10T16:50:00+00:00,32994.93,32996.18,32979.93,32981.060000000005,2589
2026-08-10T16:51:00+00:00,32981.060000000005,32984.310000000005,32975.560000000005,32981.560000000005,2220
2026-08-10T16:52:00+00:00,32981.560000000005,32984.43,32977.310000000005,32980.060000000005,2004
2026-08-10T16:53:00+00:00,32980.060000000005,32981.93,32970.060000000005,32972.810000000005,2259
2026-08-10T16:54:00+00:00,32972.810000000005,32984.060000000005,32971.310000000005,32983.93,2063
2026-08-10T16:55:00+00:00,32983.93,33000.68,32983.68,32991.060000000005,2765
2026-08-10T16:56:00+00:00,32991.060000000005,33000.810000000005,32988.68,32999.810000000005,2216
2026-08-10T16:57:00+00:00,32999.810000000005,33003.310000000005,32997.43,32999.560000000005,2062
2026-08-10T16:58:00+00:00,32999.560000000005,33006.43,32993.310000000005,32995.68,2353
2026-08-10T16:59:00+00:00,32995.68,33008.93,32994.18,33007.93,1942
2026-08-10T17:00:00+00:00,33007.93,33011.060000000005,32999.560000000005,33009.43,2649
2026-08-10T17:01:00+00:00,33009.43,33011.68,32997.68,32997.68,2082
2026-08-10T17:02:00+00:00,32997.68,33004.68,32996.68,33001.310000000005,2258
2026-08-10T17:03:00+00:00,33001.310000000005,33001.43,32988.93,32989.68,2546
2026-08-10T17:04:00+00:00,32989.68,33003.310000000005,32989.310000000005,33001.560000000005,2115
2026-08-10T17:05:00+00:00,33001.560000000005,33006.560000000005,32997.560000000005,33001.93,2412
2026-08-10T17:06:00+00:00,33001.93,33008.060000000005,32999.810000000005,33002.560000000005,2010
2026-08-10T17:07:00+00:00,33002.560000000005,33017.43,32999.68,33015.68,2302
2026-08-10T17:08:00+00:00,33015.68,33026.43,33014.68,33023.060000000005,1853
2026-08-10T17:09:00+00:00,33023.060000000005,33029.810000000005,33021.810000000005,33028.68,1999
2026-08-10T17:10:00+00:00,33028.68,33037.060000000005,33028.560000000005,33030.43,2350
2026-08-10T17:11:00+00:00,33030.43,33032.18,33021.060000000005,33025.810000000005,1984
2026-08-10T17:12:00+00:00,33025.810000000005,33027.68,33021.93,33025.560000000005,1475
2026-08-10T17:13:00+00:00,33025.560000000005,33032.060000000005,33023.560000000005,33030.310000000005,1542
2026-08-10T17:14:00+00:00,33030.310000000005,33032.68,33026.560000000005,33028.68,1260
2026-08-10T17:15:00+00:00,33028.68,33038.310000000005,33028.560000000005,33035.810000000005,1671
2026-08-10T17:16:00+00:00,33035.810000000005,33039.43,33033.310000000005,33035.43,1595
2026-08-10T17:17:00+00:00,33035.43,33036.18,33031.18,33034.060000000005,1424
2026-08-10T17:18:00+00:00,33034.060000000005,33034.310000000005,33018.93,33020.43,1483
2026-08-10T17:19:00+00:00,33020.43,33024.810000000005,33017.93,33024.43,1293
2026-08-10T17:20:00+00:00,33024.43,33032.68,33024.43,33026.18,1487
2026-08-10T17:21:00+00:00,33026.18,33028.68,33020.43,33020.68,1445
2026-08-10T17:22:00+00:00,33020.68,33028.93,33020.060000000005,33022.560000000005,1308
2026-08-10T17:23:00+00:00,33022.560000000005,33028.18,33021.560000000005,33025.310000000005,1404
2026-08-10T17:24:00+00:00,33025.310000000005,33026.310000000005,33020.93,33024.68,1320
2026-08-10T17:25:00+00:00,33024.68,33027.93,33016.18,33017.18,1325
2026-08-10T17:26:00+00:00,33017.18,33018.43,33012.68,33014.18,1555
2026-08-10T17:27:00+00:00,33014.18,33019.18,33011.310000000005,33011.560000000005,1455
2026-08-10T17:28:00+00:00,33011.560000000005,33014.810000000005,33004.560000000005,33012.310000000005,1868
2026-08-10T17:29:00+00:00,33012.310000000005,33020.560000000005,33012.310000000005,33015.060000000005,1646
2026-08-10T17:30:00+00:00,33015.060000000005,33022.060000000005,33012.93,33020.810000000005,2152
2026-08-10T17:31:00+00:00,33020.810000000005,33024.93,33019.43,33021.93,1708
2026-08-10T17:32:00+00:00,33021.93,33024.310000000005,33019.43,33020.18,1661
2026-08-10T17:33:00+00:00,33020.18,33023.810000000005,33016.560000000005,33017.060000000005,1547
2026-08-10T17:34:00+00:00,33017.060000000005,33018.310000000005,33013.93,33015.93,1623
2026-08-10T17:35:00+00:00,33015.93,33019.18,33011.43,33011.68,1640
2026-08-10T17:36:00+00:00,33011.68,33015.18,33008.93,33009.310000000005,1437
2026-08-10T17:37:00+00:00,33009.310000000005,33009.310000000005,32993.060000000005,32993.43,1953
2026-08-10T17:38:00+00:00,32993.43,32999.68,32992.060000000005,32997.68,1838
2026-08-10T17:39:00+00:00,32997.68,33001.810000000005,32995.93,32997.68,1609
2026-08-10T17:40:00+00:00,32997.68,33003.93,32992.560000000005,33000.060000000005,1826
2026-08-10T17:41:00+00:00,33000.060000000005,33003.060000000005,32997.43,33001.68,1439
2026-08-10T17:42:00+00:00,33001.68,33006.68,32994.310000000005,32995.060000000005,1690
2026-08-10T17:43:00+00:00,32995.060000000005,32996.060000000005,32992.060000000005,32994.43,1391
2026-08-10T17:44:00+00:00,32994.43,32998.68,32984.18,32987.68,1893
2026-08-10T17:45:00+00:00,32987.68,32989.93,32982.18,32986.560000000005,1865
2026-08-10T17:46:00+00:00,32986.560000000005,32989.68,32983.310000000005,32988.18,1559
2026-08-10T17:47:00+00:00,32988.18,32991.68,32983.060000000005,32986.060000000005,1774
2026-08-10T17:48:00+00:00,32986.060000000005,32988.560000000005,32981.43,32985.93,1526
2026-08-10T17:49:00+00:00,32985.93,32987.93,32981.18,32981.93,1280
2026-08-10T17:50:00+00:00,32981.93,32987.93,32976.68,32977.68,1795
2026-08-10T17:51:00+00:00,32977.68,32978.43,32972.810000000005,32978.43,1595
2026-08-10T17:52:00+00:00,32978.43,32987.68,32976.060000000005,32987.43,1669
2026-08-10T17:53:00+00:00,32987.43,32989.68,32977.68,32980.310000000005,1668
2026-08-10T17:54:00+00:00,32980.310000000005,32983.560000000005,32976.810000000005,32980.560000000005,1296
2026-08-10T17:55:00+00:00,32980.560000000005,32991.060000000005,32975.810000000005,32980.060000000005,2078
2026-08-10T17:56:00+00:00,32980.060000000005,32980.310000000005,32973.93,32979.18,1239
2026-08-10T17:57:00+00:00,32979.18,32987.68,32977.43,32987.310000000005,1382
2026-08-10T17:58:00+00:00,32987.310000000005,32993.560000000005,32986.560000000005,32992.310000000005,1338
2026-08-10T17:59:00+00:00,32992.310000000005,32993.18,32986.810000000005,32987.43,1284
2026-08-10T18:00:00+00:00,32987.43,32996.18,32985.43,32990.93,2019
2026-08-10T18:01:00+00:00,32990.93,32992.93,32979.560000000005,32981.060000000005,2090
2026-08-10T18:02:00+00:00,32981.060000000005,32986.43,32978.43,32980.68,1956
2026-08-10T18:03:00+00:00,32980.68,32986.310000000005,32978.43,32983.810000000005,1546
2026-08-10T18:04:00+00:00,32983.810000000005,32985.060000000005,32981.060000000005,32982.43,1237
2026-08-10T18:05:00+00:00,32982.43,32985.93,32976.68,32984.310000000005,1541
2026-08-10T18:06:00+00:00,32984.310000000005,32988.310000000005,32979.68,32986.68,1276
2026-08-10T18:07:00+00:00,32986.68,32988.68,32984.810000000005,32985.810000000005,1149
2026-08-10T18:08:00+00:00,32985.810000000005,32998.060000000005,32985.060000000005,32995.310000000005,1292
2026-08-10T18:09:00+00:00,32995.310000000005,32995.560000000005,32990.43,32993.43,1174
2026-08-10T18:10:00+00:00,32993.43,33000.060000000005,32990.810000000005,32997.68,1438
2026-08-10T18:11:00+00:00,32997.68,33000.560000000005,32995.43,32997.43,1406
2026-08-10T18:12:00+00:00,32997.43,32999.560000000005,32986.43,32987.810000000005,1115
2026-08-10T18:13:00+00:00,32987.810000000005,32987.810000000005,32979.310000000005,32985.43,1650
2026-08-10T18:14:00+00:00,32985.43,32986.060000000005,32978.18,32979.68,1276
2026-08-10T18:15:00+00:00,32979.68,32982.43,32973.93,32976.43,1596
2026-08-10T18:16:00+00:00,32976.43,32979.810000000005,32972.310000000005,32977.810000000005,1247
2026-08-10T18:17:00+00:00,32977.810000000005,32984.43,32975.810000000005,32980.810000000005,1241
2026-08-10T18:18:00+00:00,32980.810000000005,32982.560000000005,32974.68,32975.68,1156
2026-08-10T18:19:00+00:00,32975.68,32978.18,32971.68,32975.310000000005,1474
2026-08-10T18:20:00+00:00,32975.310000000005,32978.060000000005,32970.810000000005,32974.68,1270
2026-08-10T18:21:00+00:00,32974.68,32977.68,32972.93,32977.18,1320
2026-08-10T18:22:00+00:00,32977.18,32983.93,32974.18,32979.18,1591
2026-08-10T18:23:00+00:00,32979.18,32980.560000000005,32977.310000000005,32979.93,1051
2026-08-10T18:24:00+00:00,32979.93,32981.93,32977.18,32978.310000000005,1139
2026-08-10T18:25:00+00:00,32978.310000000005,32983.810000000005,32977.18,32982.93,1131
2026-08-10T18:26:00+00:00,32982.93,32984.18,32975.68,32976.93,1136
2026-08-10T18:27:00+00:00,32976.93,32978.060000000005,32973.43,32973.93,1085
2026-08-10T18:28:00+00:00,32973.93,32977.68,32971.810000000005,32977.43,1095
2026-08-10T18:29:00+00:00,32977.43,32979.43,32974.560000000005,32975.810000000005,932
2026-08-10T18:30:00+00:00,32975.810000000005,32980.93,32970.43,32978.43,1752
2026-08-10T18:31:00+00:00,32978.43,32991.310000000005,32977.93,32990.310000000005,1763
2026-08-10T18:32:00+00:00,32990.310000000005,32992.18,32985.560000000005,32990.310000000005,1483
2026-08-10T18:33:00+00:00,32990.310000000005,32991.43,32985.43,32990.43,1208
2026-08-10T18:34:00+00:00,32990.43,32992.93,32987.810000000005,32991.18,996
2026-08-10T18:35:00+00:00,32991.18,32998.43,32991.18,32992.43,1523
2026-08-10T18:36:00+00:00,32992.43,32993.18,32982.93,32983.810000000005,1508
2026-08-10T18:37:00+00:00,32983.810000000005,32984.68,32975.43,32977.18,1539
2026-08-10T18:38:00+00:00,32977.18,32979.560000000005,32975.18,32976.310000000005,1008
2026-08-10T18:39:00+00:00,32976.310000000005,32983.560000000005,32974.68,32983.18,1216
2026-08-10T18:40:00+00:00,32983.18,32987.18,32982.310000000005,32987.18,1286
2026-08-10T18:41:00+00:00,32987.18,32992.18,32985.68,32991.810000000005,1367
2026-08-10T18:42:00+00:00,32991.810000000005,33000.560000000005,32989.310000000005,32999.68,1372
2026-08-10T18:43:00+00:00,32999.68,33000.43,32993.810000000005,32994.93,1193
2026-08-10T18:44:00+00:00,32994.93,33001.810000000005,32994.060000000005,33000.060000000005,1145
2026-08-10T18:45:00+00:00,33000.060000000005,33002.060000000005,32995.68,33000.93,1429
2026-08-10T18:46:00+00:00,33000.93,33001.18,32993.68,32994.93,1270
2026-08-10T18:47:00+00:00,32994.93,32999.18,32994.93,32997.18,1006
2026-08-10T18:48:00+00:00,32997.18,32998.43,32991.93,32995.93,1021
2026-08-10T18:49:00+00:00,32995.93,32996.060000000005,32988.18,32993.810000000005,1274
2026-08-10T18:50:00+00:00,32993.810000000005,33001.43,32993.560000000005,33000.560000000005,1155
2026-08-10T18:51:00+00:00,33000.560000000005,33008.18,32995.810000000005,32998.060000000005,1413
2026-08-10T18:52:00+00:00,32998.060000000005,33003.93,32997.68,33002.18,1058
2026-08-10T18:53:00+00:00,33002.18,33004.93,33000.93,33002.43,875
2026-08-10T18:54:00+00:00,33002.43,33003.810000000005,33000.68,33003.060000000005,929
2026-08-10T18:55:00+00:00,33003.060000000005,33003.93,32995.68,32995.810000000005,1185
2026-08-10T18:56:00+00:00,32995.810000000005,33004.060000000005,32995.68,33003.18,1038
2026-08-10T18:57:00+00:00,33003.18,33011.310000000005,33000.810000000005,33011.18,1244
2026-08-10T18:58:00+00:00,33011.18,33012.68,33005.93,33008.18,1156
2026-08-10T18:59:00+00:00,33008.18,33012.310000000005,33006.93,33010.68,1090
2026-08-10T19:00:00+00:00,33010.68,33016.060000000005,33006.93,33008.68,1944
2026-08-10T19:01:00+00:00,33008.68,33017.68,33008.310000000005,33013.810000000005,1286
2026-08-10T19:02:00+00:00,33013.810000000005,33018.810000000005,33012.43,33014.310000000005,1033
2026-08-10T19:03:00+00:00,33014.310000000005,33021.060000000005,33011.560000000005,33019.560000000005,1082
2026-08-10T19:04:00+00:00,33019.560000000005,33021.18,33010.68,33010.93,1148
2026-08-10T19:05:00+00:00,33010.93,33013.560000000005,33003.93,33007.060000000005,1281
2026-08-10T19:06:00+00:00,33007.060000000005,33011.93,33003.810000000005,33007.560000000005,1222
2026-08-10T19:07:00+00:00,33007.560000000005,33010.43,33006.18,33009.68,975
2026-08-10T19:08:00+00:00,33009.68,33016.560000000005,33008.310000000005,33015.68,1078
2026-08-10T19:09:00+00:00,33015.68,33016.810000000005,33010.43,33015.43,1099
2026-08-10T19:10:00+00:00,33015.43,33016.68,33010.68,33015.18,1158
2026-08-10T19:11:00+00:00,33015.18,33019.18,33014.68,33015.810000000005,968
2026-08-10T19:12:00+00:00,33015.810000000005,33018.43,33012.93,33017.68,1054
2026-08-10T19:13:00+00:00,33017.68,33022.93,33017.43,33021.310000000005,916
2026-08-10T19:14:00+00:00,33021.310000000005,33021.93,33017.68,33017.68,1003
2026-08-10T19:15:00+00:00,33017.68,33020.93,33016.18,33017.18,975
2026-08-10T19:16:00+00:00,33017.18,33017.560000000005,33010.310000000005,33011.43,1027
2026-08-10T19:17:00+00:00,33011.43,33019.810000000005,33010.68,33017.93,1080
2026-08-10T19:18:00+00:00,33017.93,33024.18,33017.43,33020.43,1056
2026-08-10T19:19:00+00:00,33020.43,33020.43,33012.310000000005,33012.93,1052
2026-08-10T19:20:00+00:00,33012.93,33016.68,33009.68,33010.93,1200
2026-08-10T19:21:00+00:00,33010.93,33015.060000000005,33009.060000000005,33013.810000000005,1260
2026-08-10T19:22:00+00:00,33013.810000000005,33016.43,33010.310000000005,33010.68,1032
2026-08-10T19:23:00+00:00,33010.68,33016.68,33009.68,33014.18,1106
2026-08-10T19:24:00+00:00,33014.18,33022.43,33010.93,33021.810000000005,1408
2026-08-10T19:25:00+00:00,33021.810000000005,33022.68,33014.43,33015.18,1257
2026-08-10T19:26:00+00:00,33015.18,33023.93,33013.43,33020.18,1256
2026-08-10T19:27:00+00:00,33020.18,33020.18,33011.060000000005,33012.560000000005,1405
2026-08-10T19:28:00+00:00,33012.560000000005,33017.560000000005,33011.18,33013.93,1376
2026-08-10T19:29:00+00:00,33013.93,33015.060000000005,33008.060000000005,33010.18,1297
2026-08-10T19:30:00+00:00,33010.18,33014.310000000005,33006.18,33012.060000000005,2343
2026-08-10T19:31:00+00:00,33012.060000000005,33016.18,33010.68,33013.93,1789
2026-08-10T19:32:00+00:00,33013.93,33016.43,33005.060000000005,33009.18,1779
2026-08-10T19:33:00+00:00,33009.18,33010.68,33004.93,33006.060000000005,1459
2026-08-10T19:34:00+00:00,33006.060000000005,33008.560000000005,33003.18,33005.18,1416
2026-08-10T19:35:00+00:00,33005.18,33009.93,33001.810000000005,33004.810000000005,1298
2026-08-10T19:36:00+00:00,33004.810000000005,33011.43,33003.68,33008.43,1257
2026-08-10T19:37:00+00:00,33008.43,33011.560000000005,33007.310000000005,33009.810000000005,1163
2026-08-10T19:38:00+00:00,33009.810000000005,33014.43,33008.93,33013.93,1336
2026-08-10T19:39:00+00:00,33013.93,33021.43,33013.810000000005,33016.18,1526
2026-08-10T19:40:00+00:00,33016.18,33017.68,33003.810000000005,33004.18,1450
2026-08-10T19:41:00+00:00,33004.18,33006.43,32998.43,33001.93,1614
2026-08-10T19:42:00+00:00,33001.93,33010.93,33000.68,33008.18,1226
2026-08-10T19:43:00+00:00,33008.18,33010.43,33003.810000000005,33006.43,1057
2026-08-10T19:44:00+00:00,33006.43,33007.43,33003.560000000005,33004.060000000005,1128
2026-08-10T19:45:00+00:00,33004.060000000005,33006.810000000005,32995.060000000005,32995.43,2240
2026-08-10T19:46:00+00:00,32995.43,33001.560000000005,32994.43,32995.810000000005,1584
2026-08-10T19:47:00+00:00,32995.810000000005,33005.310000000005,32995.810000000005,33002.68,1520
2026-08-10T19:48:00+00:00,33002.68,33004.310000000005,32996.93,32998.18,1188
2026-08-10T19:49:00+00:00,32998.18,33012.310000000005,32997.68,33010.060000000005,1281
2026-08-10T19:50:00+00:00,33010.060000000005,33010.18,32976.560000000005,32977.060000000005,3636
2026-08-10T19:51:00+00:00,32977.060000000005,32981.68,32968.68,32972.060000000005,2383
2026-08-10T19:52:00+00:00,32972.060000000005,32975.060000000005,32960.98,32966.310000000005,2498
2026-08-10T19:53:00+00:00,32966.310000000005,32976.060000000005,32961.810000000005,32970.68,2235
2026-08-10T19:54:00+00:00,32970.68,32981.810000000005,32962.48,32964.560000000005,2766
2026-08-10T19:55:00+00:00,32964.560000000005,32984.18,32964.560000000005,32973.68,3573
2026-08-10T19:56:00+00:00,32973.68,32974.18,32965.43,32966.43,1856
2026-08-10T19:57:00+00:00,32966.43,32968.68,32957.810000000005,32960.93,2237
2026-08-10T19:58:00+00:00,32960.93,32963.43,32955.310000000005,32961.93,2523
2026-08-10T19:59:00+00:00,32961.93,32973.310000000005,32950.810000000005,32972.310000000005,7745
2026-08-11T13:30:00+00:00,33070.55,33073.82,33003.07,33009.57,13008
2026-08-11T13:31:00+00:00,33009.57,33018.200000000004,32975.32,32998.57,11773
2026-08-11T13:32:00+00:00,32998.57,33008.32,32971.200000000004,32992.700000000004,12629
2026-08-11T13:33:00+00:00,32992.700000000004,33000.32,32963.450000000004,32967.950000000004,10366
2026-08-11T13:34:00+00:00,32967.950000000004,32976.200000000004,32957.950000000004,32967.82,9118
2026-08-11T13:35:00+00:00,32967.82,32974.57,32928.200000000004,32929.200000000004,10773
2026-08-11T13:36:00+00:00,32929.200000000004,32949.700000000004,32918.450000000004,32937.700000000004,10052
2026-08-11T13:37:00+00:00,32937.700000000004,32969.32,32935.950000000004,32953.57,8946
2026-08-11T13:38:00+00:00,32953.57,32956.950000000004,32910.57,32939.82,10232
2026-08-11T13:39:00+00:00,32939.82,32940.32,32913.700000000004,32933.57,8624
2026-08-11T13:40:00+00:00,32933.57,32971.450000000004,32931.950000000004,32964.950000000004,9897
2026-08-11T13:41:00+00:00,32964.950000000004,32986.950000000004,32953.200000000004,32975.700000000004,7894
2026-08-11T13:42:00+00:00,32975.700000000004,32987.82,32954.450000000004,32976.450000000004,8654
2026-08-11T13:43:00+00:00,32976.450000000004,32981.950000000004,32956.200000000004,32961.700000000004,7429
2026-08-11T13:44:00+00:00,32961.700000000004,32964.450000000004,32937.37,32955.200000000004,8289
2026-08-11T13:45:00+00:00,32955.200000000004,32956.950000000004,32912.57,32914.32,10472
2026-08-11T13:46:00+00:00,32914.32,32915.200000000004,32875.57,32896.450000000004,9413
2026-08-11T13:47:00+00:00,32896.450000000004,32904.200000000004,32863.62,32891.57,10144
2026-08-11T13:48:00+00:00,32891.57,32906.700000000004,32882.57,32903.57,9856
2026-08-11T13:49:00+00:00,32903.57,32910.07,32884.200000000004,32892.200000000004,8813
2026-08-11T13:50:00+00:00,32892.200000000004,32914.32,32877.200000000004,32877.450000000004,9948
2026-08-11T13:51:00+00:00,32877.450000000004,32898.200000000004,32874.700000000004,32896.200000000004,9459
2026-08-11T13:52:00+00:00,32896.200000000004,32922.700000000004,32887.700000000004,32920.57,8955
2026-08-11T13:53:00+00:00,32920.57,32927.57,32893.32,32907.57,8265
2026-08-11T13:54:00+00:00,32907.57,32913.700000000004,32883.950000000004,32895.200000000004,8207
2026-08-11T13:55:00+00:00,32895.200000000004,32917.82,32888.32,32910.07,8882
2026-08-11T13:56:00+00:00,32910.07,32932.82,32903.82,32931.950000000004,8654
2026-08-11T13:57:00+00:00,32931.950000000004,32937.450000000004,32922.200000000004,32925.950000000004,7427
2026-08-11T13:58:00+00:00,32925.950000000004,32933.07,32915.950000000004,32930.32,4641
2026-08-11T13:59:00+00:00,32930.32,32966.200000000004,32926.07,32964.950000000004,5256
2026-08-11T14:00:00+00:00,32964.950000000004,32981.450000000004,32950.450000000004,32977.700000000004,8624
2026-08-11T14:01:00+00:00,32977.700000000004,32993.32,32972.700000000004,32987.700000000004,7009
2026-08-11T14:02:00+00:00,32987.700000000004,32990.32,32976.450000000004,32983.200000000004,6920
2026-08-11T14:03:00+00:00,32983.200000000004,33000.32,32976.200000000004,32993.950000000004,5932
2026-08-11T14:04:00+00:00,32993.950000000004,33002.200000000004,32983.32,32988.32,4969
2026-08-11T14:05:00+00:00,32988.32,33006.32,32983.32,33003.200000000004,6371
2026-08-11T14:06:00+00:00,33003.200000000004,33016.450000000004,33002.950000000004,33011.450000000004,5076
2026-08-11T14:07:00+00:00,33011.450000000004,33019.200000000004,33000.200000000004,33015.950000000004,5369
2026-08-11T14:08:00+00:00,33015.950000000004,33024.200000000004,33004.57,33007.57,5372
2026-08-11T14:09:00+00:00,33007.57,33017.82,32996.700000000004,33009.82,5135
2026-08-11T14:10:00+00:00,33009.82,33021.950000000004,33006.82,33011.700000000004,4803
2026-08-11T14:11:00+00:00,33011.700000000004,33015.700000000004,33003.07,33008.700000000004,4177
2026-08-11T14:12:00+00:00,33008.700000000004,33012.700000000004,32999.57,33009.950000000004,4544
2026-08-11T14:13:00+00:00,33009.950000000004,33015.07,33003.200000000004,33004.32,4071
2026-08-11T14:14:00+00:00,33004.32,33012.07,32988.62,32993.950000000004,4772
2026-08-11T14:15:00+00:00,32993.950000000004,33004.32,32978.450000000004,33002.950000000004,6175
2026-08-11T14:16:00+00:00,33002.950000000004,33022.57,32999.200000000004,33012.450000000004,5621
2026-08-11T14:17:00+00:00,33012.450000000004,33014.57,32987.87,32988.450000000004,5401
2026-08-11T14:18:00+00:00,32988.450000000004,32996.32,32971.82,32984.200000000004,6682
2026-08-11T14:19:00+00:00,32984.200000000004,32994.82,32977.57,32980.700000000004,6025
2026-08-11T14:20:00+00:00,32980.700000000004,32997.450000000004,32977.07,32987.450000000004,6186
2026-08-11T14:21:00+00:00,32987.450000000004,32992.950000000004,32969.450000000004,32992.200000000004,5864
2026-08-11T14:22:00+00:00,32992.200000000004,33004.950000000004,32980.700000000004,32981.950000000004,6731
2026-08-11T14:23:00+00:00,32981.950000000004,32997.07,32980.450000000004,32992.950000000004,5298
2026-08-11T14:24:00+00:00,32992.950000000004,32999.82,32976.82,32980.200000000004,5306
2026-08-11T14:25:00+00:00,32980.200000000004,32993.57,32974.07,32988.450000000004,5689
2026-08-11T14:26:00+00:00,32988.450000000004,32992.700000000004,32976.950000000004,32984.200000000004,5288
2026-08-11T14:27:00+00:00,32984.200000000004,33002.07,32982.700000000004,32986.57,5315
2026-08-11T14:28:00+00:00,32986.57,33002.57,32978.82,33001.450000000004,4201
2026-08-11T14:29:00+00:00,33001.450000000004,33013.200000000004,32995.57,33009.07,4330
2026-08-11T14:30:00+00:00,33009.07,33016.450000000004,32976.07,32978.200000000004,5965
2026-08-11T14:31:00+00:00,32978.200000000004,32990.07,32964.37,32977.82,5133
2026-08-11T14:32:00+00:00,32977.82,32991.32,32976.82,32985.450000000004,3845
2026-08-11T14:33:00+00:00,32985.450000000004,33001.450000000004,32982.37,32997.950000000004,3961
2026-08-11T14:34:00+00:00,32997.950000000004,33004.700000000004,32990.87,33004.450000000004,4000
2026-08-11T14:35:00+00:00,33004.450000000004,33009.57,32990.700000000004,32999.950000000004,4965
2026-08-11T14:36:00+00:00,32999.950000000004,33006.82,32994.82,33001.82,4475
2026-08-11T14:37:00+00:00,33001.82,33009.32,32980.07,32983.07,5140
2026-08-11T14:38:00+00:00,32983.07,32987.32,32973.950000000004,32981.950000000004,4707
2026-08-11T14:39:00+00:00,32981.950000000004,32985.57,32975.700000000004,32975.950000000004,4011
2026-08-11T14:40:00+00:00,32975.950000000004,32988.950000000004,32972.07,32980.450000000004,4614
2026-08-11T14:41:00+00:00,32980.450000000004,32987.07,32974.950000000004,32985.450000000004,4221
2026-08-11T14:42:00+00:00,32985.450000000004,32990.32,32972.07,32982.450000000004,4683
2026-08-11T14:43:00+00:00,32982.450000000004,32985.82,32967.32,32971.200000000004,3579
2026-08-11T14:44:00+00:00,32971.200000000004,32976.32,32960.07,32973.450000000004,3339
2026-08-11T14:45:00+00:00,32973.450000000004,32986.450000000004,32971.700000000004,32984.950000000004,3702
2026-08-11T14:46:00+00:00,32984.950000000004,32997.32,32984.700000000004,32994.700000000004,3577
2026-08-11T14:47:00+00:00,32994.700000000004,33003.57,32988.32,33002.32,3187
2026-08-11T14:48:00+00:00,33002.32,33011.07,33000.700000000004,33006.32,2993
2026-08-11T14:49:00+00:00,33006.32,33014.950000000004,33001.32,33011.57,3144
2026-08-11T14:50:00+00:00,33011.57,33013.450000000004,32997.32,33000.200000000004,4214
2026-08-11T14:51:00+00:00,33000.200000000004,33024.200000000004,32996.950000000004,33021.07,3990
2026-08-11T14:52:00+00:00,33021.07,33036.32,33016.82,33030.200000000004,3150
2026-08-11T14:53:00+00:00,33030.200000000004,33031.700000000004,33014.700000000004,33015.200000000004,3097
2026-08-11T14:54:00+00:00,33015.200000000004,33030.82,33013.450000000004,33025.700000000004,3538
2026-08-11T14:55:00+00:00,33025.700000000004,33035.57,33021.700000000004,33022.82,3596
2026-08-11T14:56:00+00:00,33022.82,33031.32,33020.82,33021.450000000004,2888
2026-08-11T14:57:00+00:00,33021.450000000004,33028.57,33019.57,33022.950000000004,2909
2026-08-11T14:58:00+00:00,33022.950000000004,33028.32,33013.950000000004,33016.82,2952
2026-08-11T14:59:00+00:00,33016.82,33019.07,33004.07,33007.82,3432
2026-08-11T15:00:00+00:00,33007.82,33016.700000000004,33007.700000000004,33015.07,3801
2026-08-11T15:01:00+00:00,33015.07,33023.700000000004,33013.57,33020.57,2645
2026-08-11T15:02:00+00:00,33020.57,33022.07,33007.82,33012.57,2756
2026-08-11T15:03:00+00:00,33012.57,33020.950000000004,33005.82,33013.950000000004,2806
2026-08-11T15:04:00+00:00,33013.950000000004,33017.950000000004,33003.200000000004,33008.200000000004,3046
2026-08-11T15:05:00+00:00,33008.200000000004,33008.950000000004,32986.200000000004,32987.57,3692
2026-08-11T15:06:00+00:00,32987.57,32991.07,32970.700000000004,32975.32,4099
2026-08-11T15:07:00+00:00,32975.32,32979.57,32965.32,32967.950000000004,3588
2026-08-11T15:08:00+00:00,32967.950000000004,32969.82,32948.82,32958.32,4457
2026-08-11T15:09:00+00:00,32958.32,32961.07,32943.82,32945.450000000004,3940
2026-08-11T15:10:00+00:00,32945.450000000004,32949.57,32939.57,32948.07,4300
2026-08-11T15:11:00+00:00,32948.07,32950.700000000004,32935.07,32949.700000000004,4482
2026-08-11T15:12:00+00:00,32949.700000000004,32959.450000000004,32943.950000000004,32950.57,4858
2026-08-11T15:13:00+00:00,32950.57,32958.07,32940.57,32940.57,3645
2026-08-11T15:14:00+00:00,32940.57,32952.82,32939.82,32943.57,3509
2026-08-11T15:15:00+00:00,32943.57,32945.82,32934.32,32943.200000000004,4195
2026-08-11T15:16:00+00:00,32943.200000000004,32947.450000000004,32939.200000000004,32944.700000000004,3481
2026-08-11T15:17:00+00:00,32944.700000000004,32950.32,32936.32,32938.450000000004,4007
2026-08-11T15:18:00+00:00,32938.450000000004,32941.32,32929.450000000004,32930.200000000004,4228
2026-08-11T15:19:00+00:00,32930.200000000004,32948.82,32929.200000000004,32940.07,3461
2026-08-11T15:20:00+00:00,32940.07,32946.07,32934.32,32943.07,3844
2026-08-11T15:21:00+00:00,32943.07,32960.82,32942.82,32960.32,2909
2026-08-11T15:22:00+00:00,32960.32,32966.82,32956.450000000004,32959.57,2690
2026-08-11T15:23:00+00:00,32959.57,32960.57,32949.32,32950.450000000004,2689
2026-08-11T15:24:00+00:00,32950.450000000004,32950.950000000004,32934.700000000004,32938.700000000004,2949
2026-08-11T15:25:00+00:00,32938.700000000004,32952.700000000004,32933.450000000004,32951.57,3676
2026-08-11T15:26:00+00:00,32951.57,32953.950000000004,32945.07,32947.32,2897
2026-08-11T15:27:00+00:00,32947.32,32949.07,32938.82,32939.32,2903
2026-08-11T15:28:00+00:00,32939.32,32945.32,32933.57,32934.32,2715
2026-08-11T15:29:00+00:00,32934.32,32942.82,32933.57,32934.450000000004,2895
2026-08-11T15:30:00+00:00,32934.450000000004,32948.700000000004,32933.200000000004,32948.450000000004,3795
2026-08-11T15:31:00+00:00,32948.450000000004,32951.200000000004,32938.950000000004,32939.32,2289
2026-08-11T15:32:00+00:00,32939.32,32944.82,32933.700000000004,32941.700000000004,2110
2026-08-11T15:33:00+00:00,32941.700000000004,32945.700000000004,32926.37,32929.450000000004,2577
2026-08-11T15:34:00+00:00,32929.450000000004,32929.950000000004,32897.950000000004,32905.700000000004,5908
2026-08-11T15:35:00+00:00,32905.700000000004,32915.450000000004,32900.700000000004,32909.700000000004,4705
2026-08-11T15:36:00+00:00,32909.700000000004,32914.450000000004,32906.200000000004,32911.57,2969
2026-08-11T15:37:00+00:00,32911.57,32919.82,32906.32,32917.700000000004,3294
2026-08-11T15:38:00+00:00,32917.700000000004,32922.57,32908.950000000004,32913.700000000004,2917
2026-08-11T15:39:00+00:00,32913.700000000004,32924.450000000004,32898.700000000004,32901.82,3320
2026-08-11T15:40:00+00:00,32901.82,32911.57,32895.62,32907.82,3214
2026-08-11T15:41:00+00:00,32907.82,32912.32,32899.57,32907.950000000004,3164
2026-08-11T15:42:00+00:00,32907.950000000004,32914.57,32901.200000000004,32914.450000000004,2722
2026-08-11T15:43:00+00:00,32914.450000000004,32923.950000000004,32913.32,32922.07,3053
2026-08-11T15:44:00+00:00,32922.07,32926.57,32917.32,32924.700000000004,2331
2026-08-11T15:45:00+00:00,32924.700000000004,32925.450000000004,32911.82,32911.82,2939
2026-08-11T15:46:00+00:00,32911.82,32912.200000000004,32903.950000000004,32904.450000000004,2901
2026-08-11T15:47:00+00:00,32904.450000000004,32908.57,32900.07,32900.950000000004,2493
2026-08-11T15:48:00+00:00,32900.950000000004,32909.200000000004,32900.200000000004,32904.700000000004,2141
2026-08-11T15:49:00+00:00,32904.700000000004,32909.32,32898.950000000004,32899.450000000004,2492
2026-08-11T15:50:00+00:00,32899.450000000004,32916.700000000004,32899.200000000004,32915.450000000004,2423
2026-08-11T15:51:00+00:00,32915.450000000004,32916.200000000004,32898.950000000004,32899.82,2199
2026-08-11T15:52:00+00:00,32899.82,32903.32,32895.700000000004,32896.82,2349
2026-08-11T15:53:00+00:00,32896.82,32899.950000000004,32893.07,32894.82,2378
2026-08-11T15:54:00+00:00,32894.82,32902.32,32893.57,32897.82,1901
2026-08-11T15:55:00+00:00,32897.82,32907.32,32896.82,32898.32,2500
2026-08-11T15:56:00+00:00,32898.32,32902.32,32895.32,32898.57,2048
2026-08-11T15:57:00+00:00,32898.57,32901.700000000004,32893.07,32893.450000000004,1861
2026-08-11T15:58:00+00:00,32893.450000000004,32897.57,32890.82,32897.450000000004,2163
2026-08-11T15:59:00+00:00,32897.450000000004,32905.950000000004,32893.82,32894.57,2268
2026-08-11T16:00:00+00:00,32894.57,32905.950000000004,32894.57,32902.57,2751
2026-08-11T16:01:00+00:00,32902.57,32903.950000000004,32885.950000000004,32888.82,2669
2026-08-11T16:02:00+00:00,32888.82,32894.950000000004,32884.07,32889.07,2735
2026-08-11T16:03:00+00:00,32889.07,32890.950000000004,32879.57,32880.57,2213
2026-08-11T16:04:00+00:00,32880.57,32887.82,32879.82,32884.07,1928
2026-08-11T16:05:00+00:00,32884.07,32901.950000000004,32882.82,32901.57,2458
2026-08-11T16:06:00+00:00,32901.57,32909.82,32899.82,32904.950000000004,2219
2026-08-11T16:07:00+00:00,32904.950000000004,32911.82,32904.950000000004,32905.950000000004,2082
2026-08-11T16:08:00+00:00,32905.950000000004,32911.82,32899.950000000004,32909.450000000004,2012
2026-08-11T16:09:00+00:00,32909.450000000004,32912.700000000004,32906.07,32911.200000000004,1845
2026-08-11T16:10:00+00:00,32911.200000000004,32913.200000000004,32906.950000000004,32910.700000000004,2390
2026-08-11T16:11:00+00:00,32910.700000000004,32910.700000000004,32893.62,32896.57,2248
2026-08-11T16:12:00+00:00,32896.57,32902.200000000004,32891.200000000004,32896.57,2064
2026-08-11T16:13:00+00:00,32896.57,32897.32,32891.57,32892.07,1530
2026-08-11T16:14:00+00:00,32892.07,32897.82,32881.200000000004,32883.82,2200
2026-08-11T16:15:00+00:00,32883.82,32893.32,32883.07,32892.57,2149
2026-08-11T16:16:00+00:00,32892.57,32899.450000000004,32888.200000000004,32897.82,2167
2026-08-11T16:17:00+00:00,32897.82,32901.32,32892.82,32893.32,1835
2026-08-11T16:18:00+00:00,32893.32,32893.950000000004,32884.32,32889.700000000004,1837
2026-08-11T16:19:00+00:00,32889.700000000004,32891.57,32874.87,32880.07,1811
2026-08-11T16:20:00+00:00,32880.07,32886.57,32874.32,32876.82,2111
2026-08-11T16:21:00+00:00,32876.82,32878.450000000004,32871.82,32877.07,1836
2026-08-11T16:22:00+00:00,32877.07,32889.450000000004,32876.07,32886.82,2044
2026-08-11T16:23:00+00:00,32886.82,32892.82,32884.450000000004,32887.57,2170
2026-08-11T16:24:00+00:00,32887.57,32890.200000000004,32872.450000000004,32874.32,2601
2026-08-11T16:25:00+00:00,32874.32,32875.07,32853.700000000004,32866.700000000004,3895
2026-08-11T16:26:00+00:00,32866.700000000004,32872.82,32859.32,32867.950000000004,2650
2026-08-11T16:27:00+00:00,32867.950000000004,32878.700000000004,32865.87,32877.82,1988
2026-08-11T16:28:00+00:00,32877.82,32877.82,32864.450000000004,32870.32,1972
2026-08-11T16:29:00+00:00,32870.32,32878.450000000004,32869.82,32877.57,1560
2026-08-11T16:30:00+00:00,32877.57,32882.32,32874.950000000004,32880.82,2097
2026-08-11T16:31:00+00:00,32880.82,32880.82,32866.82,32867.32,2000
2026-08-11T16:32:00+00:00,32867.32,32870.700000000004,32863.07,32866.32,1744
2026-08-11T16:33:00+00:00,32866.32,32869.950000000004,32862.82,32864.950000000004,1570
2026-08-11T16:34:00+00:00,32864.950000000004,32869.32,32863.57,32865.200000000004,1359
2026-08-11T16:35:00+00:00,32865.200000000004,32879.950000000004,32863.82,32877.57,1652
2026-08-11T16:36:00+00:00,32877.57,32885.700000000004,32877.32,32882.82,1657
2026-08-11T16:37:00+00:00,32882.82,32896.57,32882.82,32892.57,1927
2026-08-11T16:38:00+00:00,32892.57,32892.82,32885.07,32889.700000000004,1657
2026-08-11T16:39:00+00:00,32889.700000000004,32893.57,32888.07,32893.32,1294
2026-08-11T16:40:00+00:00,32893.32,32893.57,32876.450000000004,32882.57,1991
2026-08-11T16:41:00+00:00,32882.57,32887.32,32878.950000000004,32879.32,1528
2026-08-11T16:42:00+00:00,32879.32,32882.32,32877.82,32879.07,1376
2026-08-11T16:43:00+00:00,32879.07,32880.32,32868.450000000004,32870.57,1574
2026-08-11T16:44:00+00:00,32870.57,32872.07,32865.700000000004,32868.450000000004,1631
2026-08-11T16:45:00+00:00,32868.450000000004,32869.82,32860.37,32863.57,1871
2026-08-11T16:46:00+00:00,32863.57,32865.57,32846.62,32852.82,2395
2026-08-11T16:47:00+00:00,32852.82,32858.07,32849.32,32854.32,1965
2026-08-11T16:48:00+00:00,32854.32,32858.32,32851.450000000004,32855.32,1645
2026-08-11T16:49:00+00:00,32855.32,32865.07,32854.700000000004,32863.82,1623
2026-08-11T16:50:00+00:00,32863.82,32871.700000000004,32862.07,32866.950000000004,2055
2026-08-11T16:51:00+00:00,32866.950000000004,32872.57,32863.82,32871.82,1482
2026-08-11T16:52:00+00:00,32871.82,32874.57,32868.32,32870.200000000004,1708
2026-08-11T16:53:00+00:00,32870.200000000004,32872.07,32864.82,32867.32,1723
2026-08-11T16:54:00+00:00,32867.32,32873.200000000004,32866.07,32873.07,1405
2026-08-11T16:55:00+00:00,32873.07,32874.07,32867.700000000004,32868.07,1383
2026-08-11T16:56:00+00:00,32868.07,32868.57,32854.450000000004,32857.32,2090
2026-08-11T16:57:00+00:00,32857.32,32859.32,32853.82,32855.57,1434
2026-08-11T16:58:00+00:00,32855.57,32861.07,32854.07,32857.32,1554
2026-08-11T16:59:00+00:00,32857.32,32863.82,32856.57,32857.700000000004,1188
2026-08-11T17:00:00+00:00,32857.700000000004,32866.32,32852.32,32855.950000000004,1728
2026-08-11T17:01:00+00:00,32855.950000000004,32857.57,32850.32,32851.950000000004,872
2026-08-11T17:02:00+00:00,32851.950000000004,32851.950000000004,32837.82,32839.450000000004,1726
2026-08-11T17:03:00+00:00,32839.450000000004,32847.450000000004,32836.57,32847.200000000004,1818
2026-08-11T17:04:00+00:00,32847.200000000004,32850.200000000004,32836.82,32837.32,1639
2026-08-11T17:05:00+00:00,32837.32,32843.32,32834.57,32838.200000000004,1387
2026-08-11T17:06:00+00:00,32838.200000000004,32853.200000000004,32837.82,32849.82,1672
2026-08-11T17:07:00+00:00,32849.82,32851.32,32846.07,32849.700000000004,1584
2026-08-11T17:08:00+00:00,32849.700000000004,32854.57,32846.07,32846.950000000004,1447
2026-08-11T17:09:00+00:00,32846.950000000004,32847.82,32842.950000000004,32844.57,1401
2026-08-11T17:10:00+00:00,32844.57,32844.700000000004,32833.450000000004,32834.57,1729
2026-08-11T17:11:00+00:00,32834.57,32835.700000000004,32821.07,32824.82,2118
2026-08-11T17:12:00+00:00,32824.82,32825.07,32814.87,32818.700000000004,2041
2026-08-11T17:13:00+00:00,32818.700000000004,32821.32,32811.32,32817.950000000004,1915
2026-08-11T17:14:00+00:00,32817.950000000004,32819.32,32808.82,32810.07,1919
2026-08-11T17:15:00+00:00,32810.07,32818.950000000004,32804.32,32817.450000000004,2320
2026-08-11T17:16:00+00:00,32817.450000000004,32821.57,32812.07,32815.82,1872
2026-08-11T17:17:00+00:00,32815.82,32828.32,32815.57,32827.700000000004,2196
2026-08-11T17:18:00+00:00,32827.700000000004,32833.07,32825.950000000004,32830.57,1643
2026-08-11T17:19:00+00:00,32830.57,32838.82,32828.82,32832.32,1734
2026-08-11T17:20:00+00:00,32832.32,32835.57,32827.700000000004,32832.82,1924
2026-08-11T17:21:00+00:00,32832.82,32848.950000000004,32824.07,32846.07,2227
2026-08-11T17:22:00+00:00,32846.07,32846.82,32831.82,32834.450000000004,1970
2026-08-11T17:23:00+00:00,32834.450000000004,32840.32,32827.700000000004,32833.82,2157
2026-08-11T17:24:00+00:00,32833.82,32840.32,32827.57,32839.07,2176
2026-08-11T17:25:00+00:00,32839.07,32849.57,32834.200000000004,32836.57,2151
2026-08-11T17:26:00+00:00,32836.57,32840.700000000004,32831.32,32839.450000000004,1452
2026-08-11T17:27:00+00:00,32839.450000000004,32840.07,32830.07,32835.82,1591
2026-08-11T17:28:00+00:00,32835.82,32845.57,32833.450000000004,32840.200000000004,1785
2026-08-11T17:29:00+00:00,32840.200000000004,32846.700000000004,32837.450000000004,32837.82,1547
2026-08-11T17:30:00+00:00,32837.82,32843.200000000004,32830.57,32834.07,2134
2026-08-11T17:31:00+00:00,32834.07,32839.07,32831.57,32834.82,1953
2026-08-11T17:32:00+00:00,32834.82,32838.07,32832.82,32834.200000000004,1533
2026-08-11T17:33:00+00:00,32834.200000000004,32842.82,32834.200000000004,32839.950000000004,1811
2026-08-11T17:34:00+00:00,32839.950000000004,32846.32,32836.450000000004,32845.950000000004,1829
2026-08-11T17:35:00+00:00,32845.950000000004,32860.07,32845.700000000004,32854.82,2419
2026-08-11T17:36:00+00:00,32854.82,32857.82,32852.700000000004,32855.07,1627
2026-08-11T17:37:00+00:00,32855.07,32856.57,32848.57,32850.950000000004,1591
2026-08-11T17:38:00+00:00,32850.950000000004,32852.57,32838.07,32838.32,1574
2026-08-11T17:39:00+00:00,32838.32,32845.07,32836.450000000004,32842.57,1592
2026-08-11T17:40:00+00:00,32842.57,32850.07,32840.57,32848.950000000004,1764
2026-08-11T17:41:00+00:00,32848.950000000004,32859.32,32843.950000000004,32857.32,1535
2026-08-11T17:42:00+00:00,32857.32,32869.82,32856.82,32867.700000000004,1615
2026-08-11T17:43:00+00:00,32867.700000000004,32869.450000000004,32864.57,32864.57,1323
2026-08-11T17:44:00+00:00,32864.57,32868.82,32863.700000000004,32865.82,1269
2026-08-11T17:45:00+00:00,32865.82,32866.07,32856.57,32861.32,1720
2026-08-11T17:46:00+00:00,32861.32,32863.32,32857.57,32860.57,1248
2026-08-11T17:47:00+00:00,32860.57,32862.57,32856.950000000004,32862.57,1289
2026-08-11T17:48:00+00:00,32862.57,32872.32,32862.32,32868.07,1472
2026-08-11T17:49:00+00:00,32868.07,32869.82,32856.200000000004,32861.82,1407
2026-08-11T17:50:00+00:00,32861.82,32869.200000000004,32861.700000000004,32863.57,1377
2026-08-11T17:51:00+00:00,32863.57,32867.200000000004,32861.82,32865.32,1100
2026-08-11T17:52:00+00:00,32865.32,32867.57,32863.57,32866.82,1004
2026-08-11T17:53:00+00:00,32866.82,32867.700000000004,32861.700000000004,32867.07,1159
2026-08-11T17:54:00+00:00,32867.07,32871.200000000004,32866.700000000004,32870.07,1184
2026-08-11T17:55:00+00:00,32870.07,32871.07,32864.32,32865.82,1163
2026-08-11T17:56:00+00:00,32865.82,32865.82,32858.07,32858.82,1625
2026-08-11T17:57:00+00:00,32858.82,32865.07,32856.450000000004,32856.57,1401
2026-08-11T17:58:00+00:00,32856.57,32863.700000000004,32853.950000000004,32862.82,1329
2026-08-11T17:59:00+00:00,32862.82,32865.200000000004,32858.32,32860.57,1260
2026-08-11T18:00:00+00:00,32860.57,32864.700000000004,32851.07,32859.82,2116
2026-08-11T18:01:00+00:00,32859.82,32860.57,32853.200000000004,32854.82,1669
2026-08-11T18:02:00+00:00,32854.82,32855.07,32849.200000000004,32852.07,1653
2026-08-11T18:03:00+00:00,32852.07,32862.450000000004,32850.82,32862.32,1534
2026-08-11T18:04:00+00:00,32862.32,32866.82,32856.57,32861.450000000004,1777
2026-08-11T18:05:00+00:00,32861.450000000004,32866.07,32853.950000000004,32855.07,1678
2026-08-11T18:06:00+00:00,32855.07,32858.82,32836.82,32837.82,2265
2026-08-11T18:07:00+00:00,32837.82,32841.82,32834.32,32839.07,1845
2026-08-11T18:08:00+00:00,32839.07,32843.200000000004,32833.57,32834.82,1545
2026-08-11T18:09:00+00:00,32834.82,32843.32,32834.32,32836.57,1784
2026-08-11T18:10:00+00:00,32836.57,32840.57,32834.07,32838.57,1708
2026-08-11T18:11:00+00:00,32838.57,32844.450000000004,32837.450000000004,32843.07,1805
2026-08-11T18:12:00+00:00,32843.07,32845.950000000004,32837.82,32839.32,1485
2026-08-11T18:13:00+00:00,32839.32,32846.32,32835.07,32837.57,1545
2026-08-11T18:14:00+00:00,32837.57,32841.82,32836.82,32839.07,1285
2026-08-11T18:15:00+00:00,32839.07,32845.82,32836.07,32837.57,1627
2026-08-11T18:16:00+00:00,32837.57,32839.82,32833.07,32834.32,1670
2026-08-11T18:17:00+00:00,32834.32,32838.07,32833.82,32834.32,1531
2026-08-11T18:18:00+00:00,32834.32,32841.82,32833.32,32839.07,1524
2026-08-11T18:19:00+00:00,32839.07,32843.82,32833.07,32836.07,1466
2026-08-11T18:20:00+00:00,32836.07,32836.07,32820.37,32822.07,1894
2026-08-11T18:21:00+00:00,32822.07,32822.32,32808.950000000004,32817.32,2411
2026-08-11T18:22:00+00:00,32817.32,32818.57,32811.82,32813.57,2104
2026-08-11T18:23:00+00:00,32813.57,32816.82,32805.700000000004,32809.700000000004,2015
2026-08-11T18:24:00+00:00,32809.700000000004,32816.950000000004,32809.32,32814.700000000004,1927
2026-08-11T18:25:00+00:00,32814.700000000004,32817.57,32812.32,32816.950000000004,1743
2026-08-11T18:26:00+00:00,32816.950000000004,32818.82,32809.950000000004,32812.07,1555
2026-08-11T18:27:00+00:00,32812.07,32813.950000000004,32789.450000000004,32793.200000000004,3051
2026-08-11T18:28:00+00:00,32793.200000000004,32794.07,32782.32,32783.700000000004,2958
2026-08-11T18:29:00+00:00,32783.700000000004,32788.32,32764.950000000004,32775.700000000004,3828
2026-08-11T18:30:00+00:00,32775.700000000004,32786.57,32772.200000000004,32783.32,4135
2026-08-11T18:31:00+00:00,32783.32,32794.450000000004,32781.82,32793.700000000004,1956
2026-08-11T18:32:00+00:00,32793.700000000004,32801.82,32787.57,32798.200000000004,2017
2026-08-11T18:33:00+00:00,32798.200000000004,32801.32,32790.450000000004,32791.07,1878
2026-08-11T18:34:00+00:00,32791.07,32801.07,32790.82,32800.07,1745
2026-08-11T18:35:00+00:00,32800.07,32805.32,32795.07,32800.82,2229
2026-08-11T18:36:00+00:00,32800.82,32805.32,32800.450000000004,32803.450000000004,1477
2026-08-11T18:37:00+00:00,32803.450000000004,32808.32,32791.07,32791.82,1811
2026-08-11T18:38:00+00:00,32791.82,32795.200000000004,32787.700000000004,32791.82,1948
2026-08-11T18:39:00+00:00,32791.82,32795.450000000004,32790.200000000004,32794.450000000004,1330
2026-08-11T18:40:00+00:00,32794.450000000004,32794.82,32786.57,32788.32,1611
2026-08-11T18:41:00+00:00,32788.32,32791.07,32777.450000000004,32778.07,2017
2026-08-11T18:42:00+00:00,32778.07,32787.07,32775.32,32786.450000000004,1903
2026-08-11T18:43:00+00:00,32786.450000000004,32786.950000000004,32778.200000000004,32784.57,1540
2026-08-11T18:44:00+00:00,32784.57,32790.32,32779.700000000004,32780.57,1779
2026-08-11T18:45:00+00:00,32780.57,32789.82,32779.950000000004,32787.950000000004,1901
2026-08-11T18:46:00+00:00,32787.950000000004,32793.32,32787.82,32791.07,1549
2026-08-11T18:47:00+00:00,32791.07,32799.07,32790.07,32794.950000000004,1316
2026-08-11T18:48:00+00:00,32794.950000000004,32807.82,32794.950000000004,32806.57,1271
2026-08-11T18:49:00+00:00,32806.57,32820.200000000004,32805.700000000004,32817.07,1727
2026-08-11T18:50:00+00:00,32817.07,32819.450000000004,32813.32,32813.950000000004,1780
2026-08-11T18:51:00+00:00,32813.950000000004,32820.450000000004,32811.950000000004,32817.82,1415
2026-08-11T18:52:00+00:00,32817.82,32824.82,32816.57,32824.57,1160
2026-08-11T18:53:00+00:00,32824.57,32830.32,32819.82,32825.32,1652
2026-08-11T18:54:00+00:00,32825.32,32830.950000000004,32824.82,32826.57,1234
2026-08-11T18:55:00+00:00,32826.57,32828.200000000004,32820.82,32824.57,1463
2026-08-11T18:56:00+00:00,32824.57,32825.32,32818.07,32820.57,1464
2026-08-11T18:57:00+00:00,32820.57,32828.57,32819.700000000004,32825.57,1202
2026-08-11T18:58:00+00:00,32825.57,32825.57,32814.32,32817.700000000004,1375
2026-08-11T18:59:00+00:00,32817.700000000004,32820.200000000004,32814.07,32814.200000000004,1471
2026-08-11T19:00:00+00:00,32814.200000000004,32822.57,32807.950000000004,32812.32,2429
2026-08-11T19:01:00+00:00,32812.32,32817.57,32806.82,32810.57,1772
2026-08-11T19:02:00+00:00,32810.57,32816.07,32810.450000000004,32815.450000000004,1115
2026-08-11T19:03:00+00:00,32815.450000000004,32825.700000000004,32814.450000000004,32823.32,1490
2026-08-11T19:04:00+00:00,32823.32,32826.950000000004,32818.32,32824.57,1407
2026-08-11T19:05:00+00:00,32824.57,32825.32,32816.950000000004,32820.57,1363
2026-08-11T19:06:00+00:00,32820.57,32824.57,32809.950000000004,32811.82,1514
2026-08-11T19:07:00+00:00,32811.82,32811.82,32803.200000000004,32803.700000000004,1951
2026-08-11T19:08:00+00:00,32803.700000000004,32811.200000000004,32803.07,32807.82,1689
2026-08-11T19:09:00+00:00,32807.82,32814.950000000004,32804.200000000004,32814.450000000004,1599
2026-08-11T19:10:00+00:00,32814.450000000004,32826.200000000004,32811.32,32821.82,1923
2026-08-11T19:11:00+00:00,32821.82,32827.450000000004,32821.82,32826.450000000004,1353
2026-08-11T19:12:00+00:00,32826.450000000004,32828.950000000004,32823.200000000004,32824.57,1394
2026-08-11T19:13:00+00:00,32824.57,32845.32,32823.950000000004,32845.07,1735
2026-08-11T19:14:00+00:00,32845.07,32845.950000000004,32834.57,32839.200000000004,1674
2026-08-11T19:15:00+00:00,32839.200000000004,32840.57,32835.32,32836.07,1530
2026-08-11T19:16:00+00:00,32836.07,32840.700000000004,32833.82,32838.32,1266
2026-08-11T19:17:00+00:00,32838.32,32844.57,32836.200000000004,32837.57,1449
2026-08-11T19:18:00+00:00,32837.57,32844.32,32836.57,32841.82,1277
2026-08-11T19:19:00+00:00,32841.82,32846.700000000004,32834.82,32837.07,1523
2026-08-11T19:20:00+00:00,32837.07,32843.32,32834.32,32840.57,1504
2026-08-11T19:21:00+00:00,32840.57,32847.200000000004,32840.07,32844.950000000004,1469
2026-08-11T19:22:00+00:00,32844.950000000004,32846.450000000004,32840.450000000004,32842.82,1251
2026-08-11T19:23:00+00:00,32842.82,32847.57,32839.82,32840.82,1245
2026-08-11T19:24:00+00:00,32840.82,32848.57,32840.450000000004,32844.57,1227
2026-08-11T19:25:00+00:00,32844.57,32846.200000000004,32838.07,32843.700000000004,1621
2026-08-11T19:26:00+00:00,32843.700000000004,32849.700000000004,32839.82,32848.32,1364
2026-08-11T19:27:00+00:00,32848.32,32848.450000000004,32841.700000000004,32845.82,1393
2026-08-11T19:28:00+00:00,32845.82,32856.07,32845.07,32855.700000000004,1297
2026-08-11T19:29:00+00:00,32855.700000000004,32858.450000000004,32852.700000000004,32855.82,1374
2026-08-11T19:30:00+00:00,32855.82,32869.450000000004,32851.82,32863.07,2700
2026-08-11T19:31:00+00:00,32863.07,32870.32,32861.200000000004,32865.32,1945
2026-08-11T19:32:00+00:00,32865.32,32870.07,32858.82,32860.200000000004,1690
2026-08-11T19:33:00+00:00,32860.200000000004,32865.700000000004,32859.32,32864.950000000004,1405
2026-08-11T19:34:00+00:00,32864.950000000004,32869.82,32864.32,32868.700000000004,1444
2026-08-11T19:35:00+00:00,32868.700000000004,32870.700000000004,32865.200000000004,32868.07,1490
2026-08-11T19:36:00+00:00,32868.07,32877.200000000004,32863.450000000004,32876.57,1663
2026-08-11T19:37:00+00:00,32876.57,32887.700000000004,32875.700000000004,32883.700000000004,1833
2026-08-11T19:38:00+00:00,32883.700000000004,32890.07,32881.200000000004,32888.57,1484
2026-08-11T19:39:00+00:00,32888.57,32891.450000000004,32884.57,32891.200000000004,1404
2026-08-11T19:40:00+00:00,32891.200000000004,32891.82,32876.82,32882.450000000004,1740
2026-08-11T19:41:00+00:00,32882.450000000004,32883.700000000004,32874.57,32878.700000000004,1606
2026-08-11T19:42:00+00:00,32878.700000000004,32880.200000000004,32872.32,32872.700000000004,1479
2026-08-11T19:43:00+00:00,32872.700000000004,32880.57,32871.82,32873.32,1519
2026-08-11T19:44:00+00:00,32873.32,32875.07,32868.82,32871.57,1656
2026-08-11T19:45:00+00:00,32871.57,32874.700000000004,32855.32,32857.32,2684
2026-08-11T19:46:00+00:00,32857.32,32864.07,32851.700000000004,32859.32,2148
2026-08-11T19:47:00+00:00,32859.32,32862.700000000004,32854.450000000004,32859.57,1864
2026-08-11T19:48:00+00:00,32859.57,32860.32,32854.57,32857.07,1625
2026-08-11T19:49:00+00:00,32857.07,32866.07,32855.200000000004,32859.700000000004,1523
2026-08-11T19:50:00+00:00,32859.700000000004,32862.82,32839.200000000004,32851.32,3861
2026-08-11T19:51:00+00:00,32851.32,32857.82,32844.57,32855.450000000004,2453
2026-08-11T19:52:00+00:00,32855.450000000004,32856.07,32844.57,32845.82,1861
2026-08-11T19:53:00+00:00,32845.82,32852.57,32840.700000000004,32850.200000000004,2503
2026-08-11T19:54:00+00:00,32850.200000000004,32880.07,32843.37,32877.200000000004,3264
2026-08-11T19:55:00+00:00,32877.200000000004,32881.450000000004,32864.12,32872.32,3420
2026-08-11T19:56:00+00:00,32872.32,32876.07,32863.700000000004,32870.450000000004,2113
2026-08-11T19:57:00+00:00,32870.450000000004,32871.32,32862.700000000004,32866.57,1860
2026-08-11T19:58:00+00:00,32866.57,32870.950000000004,32858.700000000004,32866.950000000004,2492
2026-08-11T19:59:00+00:00,32866.950000000004,32871.700000000004,32844.07,32866.950000000004,7080
2026-08-12T13:30:00+00:00,33225.71,33235.98,33200.11,33209.36,12510
2026-08-12T13:31:00+00:00,33209.36,33209.86,33146.61,33164.61,13980
2026-08-12T13:32:00+00:00,33164.61,33167.11,33132.48,33133.36,11533
2026-08-12T13:33:00+00:00,33133.36,33152.73,33122.98,33142.86,12360
2026-08-12T13:34:00+00:00,33142.86,33154.86,33112.73,33112.98,11257
2026-08-12T13:35:00+00:00,33112.98,33138.36,33105.48,33133.11,13272
2026-08-12T13:36:00+00:00,33133.11,33170.36,33119.98,33164.48,10479
2026-08-12T13:37:00+00:00,33164.48,33177.28,33142.98,33143.61,9882
2026-08-12T13:38:00+00:00,33143.61,33159.23,33123.03,33128.98,11360
2026-08-12T13:39:00+00:00,33128.98,33132.48,33101.98,33124.86,10650
2026-08-12T13:40:00+00:00,33124.86,33131.98,33088.23,33103.86,11107
2026-08-12T13:41:00+00:00,33103.86,33123.23,33100.11,33122.86,11300
2026-08-12T13:42:00+00:00,33122.86,33139.73,33117.11,33122.61,10751
2026-08-12T13:43:00+00:00,33122.61,33138.11,33113.86,33133.61,10535
2026-08-12T13:44:00+00:00,33133.61,33137.98,33118.11,33134.61,9895
2026-08-12T13:45:00+00:00,33134.61,33143.36,33120.73,33125.23,12389
2026-08-12T13:46:00+00:00,33125.23,33141.11,33105.61,33140.61,10193
2026-08-12T13:47:00+00:00,33140.61,33161.36,33136.73,33150.36,8287
2026-08-12T13:48:00+00:00,33150.36,33204.48,33149.61,33203.36,8227
2026-08-12T13:49:00+00:00,33203.36,33203.98,33189.61,33196.36,6976
2026-08-12T13:50:00+00:00,33196.36,33197.36,33180.23,33189.86,7368
2026-08-12T13:51:00+00:00,33189.86,33189.86,33149.48,33159.36,8165
2026-08-12T13:52:00+00:00,33159.36,33159.61,33133.36,33149.73,8564
2026-08-12T13:53:00+00:00,33149.73,33155.48,33131.98,33155.36,7590
2026-08-12T13:54:00+00:00,33155.36,33165.98,33120.73,33131.11,7710
2026-08-12T13:55:00+00:00,33131.11,33139.86,33119.03,33135.48,7776
2026-08-12T13:56:00+00:00,33135.48,33137.36,33095.23,33098.86,7850
2026-08-12T13:57:00+00:00,33098.86,33127.11,33095.61,33120.36,7882
2026-08-12T13:58:00+00:00,33120.36,33149.11,33117.36,33143.23,7129
2026-08-12T13:59:00+00:00,33143.23,33156.23,33137.98,33141.98,6825
2026-08-12T14:00:00+00:00,33141.98,33146.73,33118.23,33135.36,9586
2026-08-12T14:01:00+00:00,33135.36,33148.98,33124.73,33137.86,7922
2026-08-12T14:02:00+00:00,33137.86,33138.11,33105.11,33111.36,6858
2026-08-12T14:03:00+00:00,33111.36,33121.11,33106.61,33113.86,6721
2026-08-12T14:04:00+00:00,33113.86,33115.48,33091.36,33091.86,7303
2026-08-12T14:05:00+00:00,33091.86,33129.86,33082.78,33121.61,8362
2026-08-12T14:06:00+00:00,33121.61,33140.86,33116.86,33138.36,5973
2026-08-12T14:07:00+00:00,33138.36,33145.36,33132.73,33134.11,5546
2026-08-12T14:08:00+00:00,33134.11,33148.23,33125.73,33144.98,5556
2026-08-12T14:09:00+00:00,33144.98,33156.48,33139.98,33155.48,5577
2026-08-12T14:10:00+00:00,33155.48,33160.48,33145.36,33160.36,5397
2026-08-12T14:11:00+00:00,33160.36,33170.98,33153.73,33156.61,5501
2026-08-12T14:12:00+00:00,33156.61,33160.11,33139.11,33139.48,5399
2026-08-12T14:13:00+00:00,33139.48,33140.61,33119.48,33131.48,6881
2026-08-12T14:14:00+00:00,33131.48,33147.98,33124.11,33127.61,5290
2026-08-12T14:15:00+00:00,33127.61,33144.36,33119.36,33140.11,6246
2026-08-12T14:16:00+00:00,33140.11,33143.73,33131.11,33133.11,5437
2026-08-12T14:17:00+00:00,33133.11,33141.36,33122.36,33137.36,6371
2026-08-12T14:18:00+00:00,33137.36,33152.86,33135.36,33149.11,6227
2026-08-12T14:19:00+00:00,33149.11,33152.48,33111.36,33112.86,5605
2026-08-12T14:20:00+00:00,33112.86,33117.23,33099.11,33113.86,5766
2026-08-12T14:21:00+00:00,33113.86,33120.86,33103.48,33119.36,5940
2026-08-12T14:22:00+00:00,33119.36,33143.48,33115.61,33118.11,5935
2026-08-12T14:23:00+00:00,33118.11,33136.48,33116.48,33136.48,4819
2026-08-12T14:24:00+00:00,33136.48,33158.86,33135.73,33156.23,4450
2026-08-12T14:25:00+00:00,33156.23,33159.86,33145.48,33154.11,4337
2026-08-12T14:26:00+00:00,33154.11,33180.11,33151.36,33176.61,4568
2026-08-12T14:27:00+00:00,33176.61,33178.11,33166.48,33170.61,3884
2026-08-12T14:28:00+00:00,33170.61,33178.73,33155.48,33159.23,4135
2026-08-12T14:29:00+00:00,33159.23,33162.11,33138.86,33151.11,5029
2026-08-12T14:30:00+00:00,33151.11,33159.48,33136.11,33142.61,7245
2026-08-12T14:31:00+00:00,33142.61,33146.48,33063.23,33122.11,10163
2026-08-12T14:32:00+00:00,33122.11,33132.86,33113.23,33118.98,7251
2026-08-12T14:33:00+00:00,33118.98,33143.61,33117.61,33135.36,5697
2026-08-12T14:34:00+00:00,33135.36,33136.36,33102.23,33112.86,6156
2026-08-12T14:35:00+00:00,33112.86,33125.98,33096.36,33117.61,6481
2026-08-12T14:36:00+00:00,33117.61,33139.23,33113.36,33133.86,6264
2026-08-12T14:37:00+00:00,33133.86,33153.23,33133.48,33147.61,5281
2026-08-12T14:38:00+00:00,33147.61,33163.98,33143.86,33147.61,5533
2026-08-12T14:39:00+00:00,33147.61,33156.48,33141.61,33155.61,4541
2026-08-12T14:40:00+00:00,33155.61,33159.48,33146.23,33156.36,4491
2026-08-12T14:41:00+00:00,33156.36,33162.36,33151.36,33154.86,4024
2026-08-12T14:42:00+00:00,33154.86,33157.86,33129.48,33140.61,4533
2026-08-12T14:43:00+00:00,33140.61,33153.23,33133.48,33151.11,3887
2026-08-12T14:44:00+00:00,33151.11,33159.48,33145.86,33159.36,3551
2026-08-12T14:45:00+00:00,33159.36,33163.98,33150.36,33159.61,4085
2026-08-12T14:46:00+00:00,33159.61,33165.86,33151.86,33154.11,3948
2026-08-12T14:47:00+00:00,33154.11,33158.61,33126.36,33132.48,5284
2026-08-12T14:48:00+00:00,33132.48,33140.11,33125.61,33134.61,4419
2026-08-12T14:49:00+00:00,33134.61,33139.86,33130.23,33138.48,4254
2026-08-12T14:50:00+00:00,33138.48,33139.11,33105.86,33110.98,5237
2026-08-12T14:51:00+00:00,33110.98,33112.36,33097.73,33109.11,4882
2026-08-12T14:52:00+00:00,33109.11,33122.11,33099.73,33121.61,5143
2026-08-12T14:53:00+00:00,33121.61,33127.23,33103.73,33124.11,5257
2026-08-12T14:54:00+00:00,33124.11,33130.36,33090.73,33096.36,5936
2026-08-12T14:55:00+00:00,33096.36,33100.73,33083.11,33088.86,5674
2026-08-12T14:56:00+00:00,33088.86,33110.61,33088.23,33097.11,5472
2026-08-12T14:57:00+00:00,33097.11,33113.98,33096.36,33106.73,4497
2026-08-12T14:58:00+00:00,33106.73,33113.36,33100.98,33101.86,4938
2026-08-12T14:59:00+00:00,33101.86,33110.86,33095.78,33102.11,5120
2026-08-12T15:00:00+00:00,33102.11,33109.86,33088.23,33105.48,6512
2026-08-12T15:01:00+00:00,33105.48,33113.48,33098.98,33112.86,4851
2026-08-12T15:02:00+00:00,33112.86,33113.61,33090.61,33101.61,4860
2026-08-12T15:03:00+00:00,33101.61,33104.11,33076.11,33078.23,4560
2026-08-12T15:04:00+00:00,33078.23,33086.98,33074.11,33085.86,4690
2026-08-12T15:05:00+00:00,33085.86,33089.98,33076.48,33088.23,4956
2026-08-12T15:06:00+00:00,33088.23,33113.23,33080.48,33111.11,4885
2026-08-12T15:07:00+00:00,33111.11,33112.48,33099.73,33109.73,3853
2026-08-12T15:08:00+00:00,33109.73,33110.98,33096.48,33103.98,3795
2026-08-12T15:09:00+00:00,33103.98,33111.61,33101.11,33105.73,4372
2026-08-12T15:10:00+00:00,33105.73,33108.11,33083.48,33085.86,4871
2026-08-12T15:11:00+00:00,33085.86,33098.36,33083.73,33098.11,3761
2026-08-12T15:12:00+00:00,33098.11,33120.98,33094.11,33120.86,3993
2026-08-12T15:13:00+00:00,33120.86,33125.11,33112.98,33119.36,3576
2026-08-12T15:14:00+00:00,33119.36,33126.23,33111.73,33114.86,3539
2026-08-12T15:15:00+00:00,33114.86,33121.86,33107.73,33109.73,4237
2026-08-12T15:16:00+00:00,33109.73,33119.98,33106.98,33108.86,3287
2026-08-12T15:17:00+00:00,33108.86,33117.98,33101.98,33116.73,3297
2026-08-12T15:18:00+00:00,33116.73,33117.36,33103.86,33104.11,2474
2026-08-12T15:19:00+00:00,33104.11,33109.11,33097.36,33105.61,3615
2026-08-12T15:20:00+00:00,33105.61,33112.61,33098.61,33100.61,3881
2026-08-12T15:21:00+00:00,33100.61,33109.98,33095.98,33108.86,3992
2026-08-12T15:22:00+00:00,33108.86,33109.11,33083.61,33087.11,3364
2026-08-12T15:23:00+00:00,33087.11,33091.48,33079.86,33090.73,2697
2026-08-12T15:24:00+00:00,33090.73,33093.11,33082.48,33083.98,2275
2026-08-12T15:25:00+00:00,33083.98,33089.73,33078.23,33083.36,2862
2026-08-12T15:26:00+00:00,33083.36,33092.23,33080.36,33089.36,2481
2026-08-12T15:27:00+00:00,33089.36,33093.36,33080.98,33087.61,3443
2026-08-12T15:28:00+00:00,33087.61,33096.11,33080.36,33093.36,3564
2026-08-12T15:29:00+00:00,33093.36,33109.36,33087.73,33109.36,3289
2026-08-12T15:30:00+00:00,33109.36,33113.48,33093.98,33099.23,3926
2026-08-12T15:31:00+00:00,33099.23,33102.36,33084.23,33086.48,2146
2026-08-12T15:32:00+00:00,33086.48,33092.23,33068.73,33078.61,2756
2026-08-12T15:33:00+00:00,33078.61,33081.23,33057.86,33060.61,2953
2026-08-12T15:34:00+00:00,33060.61,33070.98,33053.86,33066.36,4037
2026-08-12T15:35:00+00:00,33066.36,33080.23,33065.73,33074.61,3900
2026-08-12T15:36:00+00:00,33074.61,33092.73,33068.48,33088.98,3233
2026-08-12T15:37:00+00:00,33088.98,33089.23,33080.36,33082.36,2688
2026-08-12T15:38:00+00:00,33082.36,33085.61,33077.73,33081.98,2609
2026-08-12T15:39:00+00:00,33081.98,33084.48,33064.73,33067.36,2581
2026-08-12T15:40:00+00:00,33067.36,33069.36,33054.11,33054.86,2868
2026-08-12T15:41:00+00:00,33054.86,33067.11,33053.48,33066.73,2769
2026-08-12T15:42:00+00:00,33066.73,33076.98,33065.73,33071.86,2816
2026-08-12T15:43:00+00:00,33071.86,33077.36,33069.36,33072.23,2858
2026-08-12T15:44:00+00:00,33072.23,33074.48,33060.48,33063.23,2717
2026-08-12T15:45:00+00:00,33063.23,33066.98,33053.86,33061.48,3024
2026-08-12T15:46:00+00:00,33061.48,33071.23,33056.98,33069.23,2592
2026-08-12T15:47:00+00:00,33069.23,33081.36,33063.23,33080.73,2690
2026-08-12T15:48:00+00:00,33080.73,33082.36,33066.86,33070.98,2746
2026-08-12T15:49:00+00:00,33070.98,33082.11,33067.98,33081.73,2650
2026-08-12T15:50:00+00:00,33081.73,33083.11,33069.11,33070.11,2726
2026-08-12T15:51:00+00:00,33070.11,33077.36,33069.61,33074.86,2017
2026-08-12T15:52:00+00:00,33074.86,33083.36,33074.36,33082.73,2062
2026-08-12T15:53:00+00:00,33082.73,33088.86,33081.48,33084.86,1658
2026-08-12T15:54:00+00:00,33084.86,33086.36,33071.73,33072.36,1709
2026-08-12T15:55:00+00:00,33072.36,33077.98,33065.48,33065.48,2523
2026-08-12T15:56:00+00:00,33065.48,33074.98,33064.61,33070.73,2171
2026-08-12T15:57:00+00:00,33070.73,33075.86,33068.86,33068.98,2005
2026-08-12T15:58:00+00:00,33068.98,33070.86,33064.23,33067.11,1720
2026-08-12T15:59:00+00:00,33067.11,33072.11,33065.48,33066.86,1731
2026-08-12T16:00:00+00:00,33066.86,33083.36,33063.86,33083.11,3283
2026-08-12T16:01:00+00:00,33083.11,33092.11,33082.61,33090.23,2194
2026-08-12T16:02:00+00:00,33090.23,33095.11,33089.11,33093.73,1903
2026-08-12T16:03:00+00:00,33093.73,33095.98,33083.86,33084.11,2332
2026-08-12T16:04:00+00:00,33084.11,33092.98,33083.23,33085.36,2044
2026-08-12T16:05:00+00:00,33085.36,33090.98,33083.48,33087.86,1966
2026-08-12T16:06:00+00:00,33087.86,33090.86,33081.73,33084.36,1537
2026-08-12T16:07:00+00:00,33084.36,33090.23,33082.48,33083.36,1748
2026-08-12T16:08:00+00:00,33083.36,33098.36,33079.98,33098.11,2074
2026-08-12T16:09:00+00:00,33098.11,33106.36,33097.11,33106.23,1663
2026-08-12T16:10:00+00:00,33106.23,33107.48,33095.11,33100.61,1802
2026-08-12T16:11:00+00:00,33100.61,33109.23,33099.98,33108.11,1466
2026-08-12T16:12:00+00:00,33108.11,33108.23,33094.48,33098.98,1717
2026-08-12T16:13:00+00:00,33098.98,33110.98,33098.73,33107.48,1608
2026-08-12T16:14:00+00:00,33107.48,33112.23,33106.36,33107.86,1487
2026-08-12T16:15:00+00:00,33107.86,33111.23,33098.61,33101.48,1923
2026-08-12T16:16:00+00:00,33101.48,33108.73,33092.86,33102.61,2134
2026-08-12T16:17:00+00:00,33102.61,33105.36,33097.11,33100.73,1357
2026-08-12T16:18:00+00:00,33100.73,33105.48,33100.23,33100.86,1623
2026-08-12T16:19:00+00:00,33100.86,33102.86,33093.23,33096.48,1702
2026-08-12T16:20:00+00:00,33096.48,33102.23,33095.23,33095.61,1476
2026-08-12T16:21:00+00:00,33095.61,33107.61,33092.73,33106.86,1546
2026-08-12T16:22:00+00:00,33106.86,33115.98,33105.86,33115.36,1649
2026-08-12T16:23:00+00:00,33115.36,33118.48,33113.23,33114.73,1565
2026-08-12T16:24:00+00:00,33114.73,33116.48,33111.23,33116.23,1512
2026-08-12T16:25:00+00:00,33116.23,33122.48,33114.23,33120.48,1609
2026-08-12T16:26:00+00:00,33120.48,33120.86,33113.61,33113.98,1298
2026-08-12T16:27:00+00:00,33113.98,33114.36,33103.98,33108.48,1790
2026-08-12T16:28:00+00:00,33108.48,33113.48,33107.61,33110.23,1333
2026-08-12T16:29:00+00:00,33110.23,33110.98,33107.73,33108.48,1037
2026-08-12T16:30:00+00:00,33108.48,33115.11,33108.23,33109.73,1677
2026-08-12T16:31:00+00:00,33109.73,33109.73,33090.11,33092.73,2209
2026-08-12T16:32:00+00:00,33092.73,33099.11,33088.36,33098.73,2016
2026-08-12T16:33:00+00:00,33098.73,33101.61,33093.23,33095.98,1799
2026-08-12T16:34:00+00:00,33095.98,33098.48,33086.11,33086.86,1505
2026-08-12T16:35:00+00:00,33086.86,33097.11,33086.11,33086.98,1640
2026-08-12T16:36:00+00:00,33086.98,33098.73,33085.61,33093.36,1802
2026-08-12T16:37:00+00:00,33093.36,33109.48,33091.36,33109.23,1471
2026-08-12T16:38:00+00:00,33109.23,33113.48,33108.61,33109.23,1577
2026-08-12T16:39:00+00:00,33109.23,33120.73,33109.23,33119.86,1648
2026-08-12T16:40:00+00:00,33119.86,33128.23,33118.73,33124.98,1683
2026-08-12T16:41:00+00:00,33124.98,33129.23,33123.86,33126.48,1509
2026-08-12T16:42:00+00:00,33126.48,33129.23,33123.48,33126.36,1348
2026-08-12T16:43:00+00:00,33126.36,33128.23,33117.73,33118.48,1424
2026-08-12T16:44:00+00:00,33118.48,33122.73,33116.23,33120.11,1372
2026-08-12T16:45:00+00:00,33120.11,33122.11,33116.36,33117.23,1522
2026-08-12T16:46:00+00:00,33117.23,33123.23,33113.98,33120.36,1351
2026-08-12T16:47:00+00:00,33120.36,33127.73,33120.11,33121.23,1337
2026-08-12T16:48:00+00:00,33121.23,33131.36,33118.98,33127.48,1350
2026-08-12T16:49:00+00:00,33127.48,33133.48,33126.86,33131.23,1117
2026-08-12T16:50:00+00:00,33131.23,33147.11,33130.98,33145.73,1591
2026-08-12T16:51:00+00:00,33145.73,33150.48,33143.73,33144.48,1464
2026-08-12T16:52:00+00:00,33144.48,33150.11,33138.98,33149.73,1647
2026-08-12T16:53:00+00:00,33149.73,33151.61,33147.36,33149.73,1238
2026-08-12T16:54:00+00:00,33149.73,33152.48,33144.98,33145.98,1246
2026-08-12T16:55:00+00:00,33145.98,33148.61,33139.23,33143.23,1631
2026-08-12T16:56:00+00:00,33143.23,33146.11,33140.98,33145.48,1470
2026-08-12T16:57:00+00:00,33145.48,33148.48,33142.98,33144.23,1137
2026-08-12T16:58:00+00:00,33144.23,33146.98,33138.98,33139.86,1164
2026-08-12T16:59:00+00:00,33139.86,33143.73,33138.11,33140.11,1108
2026-08-12T17:00:00+00:00,33140.11,33147.11,33137.36,33143.98,1294
2026-08-12T17:01:00+00:00,33143.98,33153.61,33143.98,33149.73,964
2026-08-12T17:02:00+00:00,33149.73,33150.23,33144.98,33147.23,1169
2026-08-12T17:03:00+00:00,33147.23,33152.23,33144.98,33152.23,1167
2026-08-12T17:04:00+00:00,33152.23,33158.86,33151.36,33154.23,1466
2026-08-12T17:05:00+00:00,33154.23,33157.98,33152.86,33157.48,1106
2026-08-12T17:06:00+00:00,33157.48,33158.11,33150.48,33156.98,1078
2026-08-12T17:07:00+00:00,33156.98,33158.98,33154.73,33155.98,1126
2026-08-12T17:08:00+00:00,33155.98,33158.61,33152.98,33152.98,1142
2026-08-12T17:09:00+00:00,33152.98,33153.98,33143.23,33143.36,1331
2026-08-12T17:10:00+00:00,33143.36,33147.98,33139.11,33143.11,1515
2026-08-12T17:11:00+00:00,33143.11,33145.48,33135.48,33137.36,1264
2026-08-12T17:12:00+00:00,33137.36,33140.11,33132.48,33139.98,1376
2026-08-12T17:13:00+00:00,33139.98,33142.86,33138.73,33142.73,997
2026-08-12T17:14:00+00:00,33142.73,33146.36,33140.73,33146.11,1084
2026-08-12T17:15:00+00:00,33146.11,33146.48,33129.23,33131.23,1639
2026-08-12T17:16:00+00:00,33131.23,33132.36,33124.23,33129.98,1667
2026-08-12T17:17:00+00:00,33129.98,33134.61,33126.86,33131.48,1300
2026-08-12T17:18:00+00:00,33131.48,33134.61,33125.98,33128.23,1101
2026-08-12T17:19:00+00:00,33128.23,33134.36,33124.86,33133.98,1468
2026-08-12T17:20:00+00:00,33133.98,33141.73,33132.61,33140.23,1544
2026-08-12T17:21:00+00:00,33140.23,33144.48,33135.48,33141.36,1632
2026-08-12T17:22:00+00:00,33141.36,33142.11,33135.98,33136.48,1394
2026-08-12T17:23:00+00:00,33136.48,33141.61,33134.36,33135.73,1290
2026-08-12T17:24:00+00:00,33135.73,33141.98,33135.48,33139.23,1251
2026-08-12T17:25:00+00:00,33139.23,33149.61,33138.36,33149.61,1225
2026-08-12T17:26:00+00:00,33149.61,33153.98,33148.48,33153.73,1231
2026-08-12T17:27:00+00:00,33153.73,33154.48,33148.61,33150.36,1139
2026-08-12T17:28:00+00:00,33150.36,33150.73,33143.73,33144.98,1150
2026-08-12T17:29:00+00:00,33144.98,33145.98,33139.48,33144.73,1538
2026-08-12T17:30:00+00:00,33144.73,33146.11,33136.11,33140.23,1929
2026-08-12T17:31:00+00:00,33140.23,33145.98,33140.23,33143.86,1268
2026-08-12T17:32:00+00:00,33143.86,33150.48,33143.73,33146.98,1266
2026-08-12T17:33:00+00:00,33146.98,33154.11,33142.73,33145.48,1692
2026-08-12T17:34:00+00:00,33145.48,33146.48,33141.48,33144.36,1070
2026-08-12T17:35:00+00:00,33144.36,33145.48,33141.48,33142.73,1130
2026-08-12T17:36:00+00:00,33142.73,33149.98,33141.98,33149.36,1226
2026-08-12T17:37:00+00:00,33149.36,33152.36,33147.86,33150.98,993
2026-08-12T17:38:00+00:00,33150.98,33151.86,33148.11,33148.48,860
2026-08-12T17:39:00+00:00,33148.48,33149.98,33144.98,33148.86,1091
2026-08-12T17:40:00+00:00,33148.86,33154.11,33142.98,33151.98,1363
2026-08-12T17:41:00+00:00,33151.98,33154.73,33150.48,33154.73,983
2026-08-12T17:42:00+00:00,33154.73,33155.11,33151.73,33152.23,959
2026-08-12T17:43:00+00:00,33152.23,33156.86,33151.73,33155.73,841
2026-08-12T17:44:00+00:00,33155.73,33156.36,33149.98,33149.98,1090
2026-08-12T17:45:00+00:00,33149.98,33152.98,33147.48,33149.73,1207
2026-08-12T17:46:00+00:00,33149.73,33151.86,33146.98,33151.73,1138
2026-08-12T17:47:00+00:00,33151.73,33155.11,33149.98,33151.23,1172
2026-08-12T17:48:00+00:00,33151.23,33152.73,33146.61,33149.36,1415
2026-08-12T17:49:00+00:00,33149.36,33150.98,33145.36,33147.48,1155
2026-08-12T17:50:00+00:00,33147.48,33152.86,33143.98,33151.98,1205
2026-08-12T17:51:00+00:00,33151.98,33158.73,33150.73,33154.36,1265
2026-08-12T17:52:00+00:00,33154.36,33156.61,33150.98,33152.61,1094
2026-08-12T17:53:00+00:00,33152.61,33156.48,33148.23,33148.23,1127
2026-08-12T17:54:00+00:00,33148.23,33148.48,33138.73,33142.48,1352
2026-08-12T17:55:00+00:00,33142.48,33144.73,33136.36,33137.73,1180
2026-08-12T17:56:00+00:00,33137.73,33144.98,33137.36,33143.23,1109
2026-08-12T17:57:00+00:00,33143.23,33145.48,33141.23,33145.23,944
2026-08-12T17:58:00+00:00,33145.23,33147.23,33140.98,33146.23,1021
2026-08-12T17:59:00+00:00,33146.23,33147.73,33143.86,33144.98,1035
2026-08-12T18:00:00+00:00,33144.98,33149.86,33139.23,33139.36,1338
2026-08-12T18:01:00+00:00,33139.36,33141.61,33135.98,33139.23,1248
2026-08-12T18:02:00+00:00,33140.3,33142.3,33136.9,33138.3,626
2026-08-12T18:03:00+00:00,33137.36,33139.11,33134.23,33135.61,1017
2026-08-12T18:04:00+00:00,33135.61,33138.48,33134.23,33135.61,1000
2026-08-12T18:05:00+00:00,33135.61,33138.98,33132.98,33136.61,1073
2026-08-12T18:06:00+00:00,33136.61,33137.48,33125.61,33126.73,1425
2026-08-12T18:07:00+00:00,33126.73,33129.98,33125.61,33129.86,1008
2026-08-12T18:08:00+00:00,33129.86,33134.36,33128.23,33129.73,874
2026-08-12T18:09:00+00:00,33129.73,33134.98,33128.23,33134.11,918
2026-08-12T18:10:00+00:00,33134.11,33139.36,33133.48,33136.61,1183
2026-08-12T18:11:00+00:00,33136.61,33151.73,33135.48,33150.86,1304
2026-08-12T18:12:00+00:00,33150.86,33153.23,33147.73,33148.86,1261
2026-08-12T18:13:00+00:00,33148.86,33150.23,33146.36,33146.86,951
2026-08-12T18:14:00+00:00,33146.86,33147.11,33141.48,33142.23,909
2026-08-12T18:15:00+00:00,33142.23,33143.73,33137.86,33141.23,1351
2026-08-12T18:16:00+00:00,33141.23,33142.73,33138.86,33139.98,874
2026-08-12T18:17:00+00:00,33139.98,33140.11,33130.86,33131.36,1323
2026-08-12T18:18:00+00:00,33131.36,33132.86,33128.36,33132.61,1032
2026-08-12T18:19:00+00:00,33132.61,33136.23,33132.11,33135.73,964
2026-08-12T18:20:00+00:00,33135.73,33137.86,33125.36,33127.98,1250
2026-08-12T18:21:00+00:00,33127.98,33138.11,33127.48,33137.98,1142
2026-08-12T18:22:00+00:00,33137.98,33140.73,33134.36,33139.23,972
2026-08-12T18:23:00+00:00,33139.23,33139.98,33135.98,33138.48,918
2026-08-12T18:24:00+00:00,33138.48,33144.23,33136.61,33143.48,1087
2026-08-12T18:25:00+00:00,33143.48,33148.48,33136.98,33137.86,1447
2026-08-12T18:26:00+00:00,33137.86,33138.36,33133.23,33137.11,1109
2026-08-12T18:27:00+00:00,33137.11,33137.98,33132.73,33135.11,974
2026-08-12T18:28:00+00:00,33135.11,33135.73,33128.98,33132.11,1289
2026-08-12T18:29:00+00:00,33132.11,33135.36,33127.36,33128.73,1152
2026-08-12T18:30:00+00:00,33128.73,33136.98,33128.36,33136.98,1207
2026-08-12T18:31:00+00:00,33136.98,33141.61,33130.73,33141.23,1019
2026-08-12T18:32:00+00:00,33141.23,33147.23,33140.48,33145.48,1292
2026-08-12T18:33:00+00:00,33145.48,33146.61,33141.36,33142.48,1023
2026-08-12T18:34:00+00:00,33142.48,33143.73,33137.23,33137.98,1035
2026-08-12T18:35:00+00:00,33137.98,33141.86,33136.61,33141.73,1101
2026-08-12T18:36:00+00:00,33141.73,33144.48,33140.61,33143.48,1109
2026-08-12T18:37:00+00:00,33143.48,33145.73,33141.98,33144.23,855
2026-08-12T18:38:00+00:00,33144.23,33147.23,33143.48,33146.48,859
2026-08-12T18:39:00+00:00,33146.48,33147.86,33142.98,33145.73,768
2026-08-12T18:40:00+00:00,33145.73,33156.36,33144.98,33155.73,1129
2026-08-12T18:41:00+00:00,33155.73,33166.61,33155.73,33160.23,1123
2026-08-12T18:42:00+00:00,33160.23,33162.36,33155.23,33156.48,1191
2026-08-12T18:43:00+00:00,33156.48,33160.23,33153.11,33154.73,976
2026-08-12T18:44:00+00:00,33154.73,33155.73,33153.23,33153.98,798
2026-08-12T18:45:00+00:00,33153.98,33154.48,33147.61,33149.73,1315
2026-08-12T18:46:00+00:00,33149.73,33154.98,33147.11,33153.73,1220
2026-08-12T18:47:00+00:00,33153.73,33154.23,33143.86,33147.73,1253
2026-08-12T18:48:00+00:00,33147.73,33152.73,33147.23,33152.73,941
2026-08-12T18:49:00+00:00,33152.73,33153.98,33148.48,33152.98,904
2026-08-12T18:50:00+00:00,33152.98,33154.73,33149.11,33151.23,953
2026-08-12T18:51:00+00:00,33151.23,33157.86,33151.11,33156.98,816
2026-08-12T18:52:00+00:00,33156.98,33157.98,33148.86,33149.98,1043
2026-08-12T18:53:00+00:00,33149.98,33151.48,33148.36,33148.48,841
2026-08-12T18:54:00+00:00,33148.48,33149.86,33143.73,33143.86,953
2026-08-12T18:55:00+00:00,33143.86,33144.11,33134.23,33134.23,1371
2026-08-12T18:56:00+00:00,33134.23,33136.98,33130.23,33130.23,1157
2026-08-12T18:57:00+00:00,33130.23,33131.23,33119.86,33121.48,1917
2026-08-12T18:58:00+00:00,33121.48,33130.11,33121.48,33127.73,1358
2026-08-12T18:59:00+00:00,33127.73,33132.36,33123.98,33124.98,1159
2026-08-12T19:00:00+00:00,33124.98,33137.48,33124.73,33135.48,1725
2026-08-12T19:01:00+00:00,33135.48,33136.98,33129.23,33133.61,1197
2026-08-12T19:02:00+00:00,33133.61,33133.61,33126.98,33128.36,1056
2026-08-12T19:03:00+00:00,33128.36,33131.23,33125.73,33125.98,924
2026-08-12T19:04:00+00:00,33125.98,33128.48,33124.11,33125.73,1060
2026-08-12T19:05:00+00:00,33125.73,33133.98,33124.61,33133.98,997
2026-08-12T19:06:00+00:00,33133.98,33139.23,33133.11,33135.48,1209
2026-08-12T19:07:00+00:00,33135.48,33137.23,33132.48,33132.86,998
2026-08-12T19:08:00+00:00,33132.86,33135.36,33128.11,33133.23,1194
2026-08-12T19:09:00+00:00,33133.23,33134.23,33126.48,33126.61,973
2026-08-12T19:10:00+00:00,33126.61,33128.61,33119.73,33119.98,1196
2026-08-12T19:11:00+00:00,33119.98,33123.23,33117.23,33117.98,1425
2026-08-12T19:12:00+00:00,33117.98,33120.73,33114.73,33119.48,1108
2026-08-12T19:13:00+00:00,33119.48,33123.23,33116.98,33120.98,1078
2026-08-12T19:14:00+00:00,33120.98,33121.61,33113.86,33118.98,1184
2026-08-12T19:15:00+00:00,33118.98,33126.86,33116.61,33120.98,1434
2026-08-12T19:16:00+00:00,33120.98,33129.36,33120.98,33128.48,1145
2026-08-12T19:17:00+00:00,33128.48,33132.73,33127.11,33128.23,1102
2026-08-12T19:18:00+00:00,33128.23,33130.23,33124.48,33124.73,1141
2026-08-12T19:19:00+00:00,33124.73,33125.86,33120.86,33123.73,1207
2026-08-12T19:20:00+00:00,33123.73,33124.86,33110.73,33111.48,1430
2026-08-12T19:21:00+00:00,33111.48,33113.11,33101.61,33104.11,1692
2026-08-12T19:22:00+00:00,33104.11,33108.73,33103.86,33106.73,1139
2026-08-12T19:23:00+00:00,33106.73,33106.98,33100.73,33104.86,1412
2026-08-12T19:24:00+00:00,33104.86,33107.36,33099.73,33100.23,1196
2026-08-12T19:25:00+00:00,33100.23,33104.98,33097.48,33103.23,1246
2026-08-12T19:26:00+00:00,33103.23,33108.23,33101.48,33102.73,1249
2026-08-12T19:27:00+00:00,33102.73,33104.73,33091.98,33092.73,1399
2026-08-12T19:28:00+00:00,33092.73,33097.48,33090.86,33097.11,1354
2026-08-12T19:29:00+00:00,33097.11,33103.36,33095.73,33102.11,1521
2026-08-12T19:30:00+00:00,33102.11,33102.86,33088.23,33091.73,2399
2026-08-12T19:31:00+00:00,33091.73,33098.11,33088.48,33096.36,1888
2026-08-12T19:32:00+00:00,33096.36,33099.73,33095.98,33096.98,1442
2026-08-12T19:33:00+00:00,33096.98,33098.73,33088.36,33089.36,1509
2026-08-12T19:34:00+00:00,33089.36,33094.61,33087.23,33093.36,1335
2026-08-12T19:35:00+00:00,33093.36,33098.61,33090.98,33096.11,1498
2026-08-12T19:36:00+00:00,33096.11,33097.98,33089.23,33090.98,1250
2026-08-12T19:37:00+00:00,33090.98,33091.48,33086.48,33087.23,1196
2026-08-12T19:38:00+00:00,33087.23,33092.23,33085.36,33091.98,1227
2026-08-12T19:39:00+00:00,33091.98,33092.73,33085.61,33088.73,1257
2026-08-12T19:40:00+00:00,33088.73,33089.73,33078.61,33087.48,1801
2026-08-12T19:41:00+00:00,33087.48,33088.36,33079.86,33081.23,1415
2026-08-12T19:42:00+00:00,33081.23,33081.86,33070.86,33072.36,1670
2026-08-12T19:43:00+00:00,33072.36,33079.73,33066.61,33078.73,1947
2026-08-12T19:44:00+00:00,33078.73,33087.23,33077.23,33083.73,1832
2026-08-12T19:45:00+00:00,33083.73,33091.86,33080.36,33080.48,2661
2026-08-12T19:46:00+00:00,33080.48,33084.48,33075.61,33077.11,1677
2026-08-12T19:47:00+00:00,33077.11,33093.23,33077.11,33091.48,1602
2026-08-12T19:48:00+00:00,33091.48,33099.48,33088.98,33099.36,1451
2026-08-12T19:49:00+00:00,33099.36,33103.36,33095.98,33100.61,1261
2026-08-12T19:50:00+00:00,33100.61,33101.78,33080.73,33082.86,3465
2026-08-12T19:51:00+00:00,33082.86,33083.98,33074.23,33075.48,2583
2026-08-12T19:52:00+00:00,33075.48,33089.48,33075.48,33086.36,2003
2026-08-12T19:53:00+00:00,33086.36,33094.23,33082.36,33093.11,2295
2026-08-12T19:54:00+00:00,33093.11,33101.11,33083.86,33090.73,3471
2026-08-12T19:55:00+00:00,33090.73,33096.73,33060.98,33063.98,4544
2026-08-12T19:56:00+00:00,33063.98,33072.36,33060.61,33071.86,2430
2026-08-12T19:57:00+00:00,33071.86,33077.23,33063.11,33076.61,2308
2026-08-12T19:58:00+00:00,33076.61,33080.23,33074.23,33075.98,2185
2026-08-12T19:59:00+00:00,33075.98,33093.73,33070.23,33087.23,6543
2026-08-13T13:30:00+00:00,33146.880000000005,33148.78,33117.03,33129.53,13579
2026-08-13T13:31:00+00:00,33129.53,33142.53,33103.16,33108.66,14517
2026-08-13T13:32:00+00:00,33108.66,33123.91,33100.28,33117.16,10798
2026-08-13T13:33:00+00:00,33117.16,33149.91,33116.53,33137.66,10790
2026-08-13T13:34:00+00:00,33137.66,33183.91,33137.41,33182.41,8887
2026-08-13T13:35:00+00:00,33182.41,33216.91,33177.03,33216.28,7723
2026-08-13T13:36:00+00:00,33216.28,33262.16,33214.78,33261.28,8208
2026-08-13T13:37:00+00:00,33261.28,33274.03,33257.03,33267.66,7810
2026-08-13T13:38:00+00:00,33267.66,33268.41,33256.91,33264.03,6484
2026-08-13T13:39:00+00:00,33264.03,33276.28,33257.41,33274.66,6440
2026-08-13T13:40:00+00:00,33274.66,33286.03,33270.28,33282.53,6349
2026-08-13T13:41:00+00:00,33282.53,33290.16,33248.16,33248.53,5653
2026-08-13T13:42:00+00:00,33248.53,33274.91,33246.03,33268.28,6021
2026-08-13T13:43:00+00:00,33268.28,33274.03,33243.91,33244.16,5348
2026-08-13T13:44:00+00:00,33244.16,33254.53,33232.53,33249.91,5800
2026-08-13T13:45:00+00:00,33249.91,33301.53,33242.16,33300.03,8279
2026-08-13T13:46:00+00:00,33300.03,33333.41,33299.78,33331.66,6600
2026-08-13T13:47:00+00:00,33331.66,33349.91,33327.53,33345.28,6024
2026-08-13T13:48:00+00:00,33345.28,33361.78,33341.03,33359.78,5416
2026-08-13T13:49:00+00:00,33359.78,33382.16,33358.53,33371.78,5831
2026-08-13T13:50:00+00:00,33371.78,33391.66,33356.03,33389.66,7369
2026-08-13T13:51:00+00:00,33389.66,33390.78,33377.16,33385.66,4768
2026-08-13T13:52:00+00:00,33385.66,33390.16,33368.28,33375.41,5132
2026-08-13T13:53:00+00:00,33375.41,33376.28,33360.03,33361.03,5495
2026-08-13T13:54:00+00:00,33361.03,33387.78,33359.91,33382.78,5700
2026-08-13T13:55:00+00:00,33382.78,33386.91,33367.28,33368.91,4998
2026-08-13T13:56:00+00:00,33368.91,33385.03,33359.53,33384.91,5507
2026-08-13T13:57:00+00:00,33384.91,33391.28,33379.03,33389.41,4457
2026-08-13T13:58:00+00:00,33389.41,33417.66,33387.53,33414.91,5177
2026-08-13T13:59:00+00:00,33414.91,33417.28,33409.91,33412.78,4063
2026-08-13T14:00:00+00:00,33412.78,33421.03,33392.78,33418.53,6442
2026-08-13T14:01:00+00:00,33418.53,33418.53,33397.03,33405.03,4600
2026-08-13T14:02:00+00:00,33405.03,33422.66,33403.78,33418.16,4403
2026-08-13T14:03:00+00:00,33418.16,33418.41,33401.66,33405.91,4224
2026-08-13T14:04:00+00:00,33405.91,33415.91,33396.78,33413.66,4054
2026-08-13T14:05:00+00:00,33413.66,33426.28,33410.66,33418.41,4037
2026-08-13T14:06:00+00:00,33418.41,33420.41,33406.91,33409.91,3221
2026-08-13T14:07:00+00:00,33409.91,33413.91,33397.78,33408.91,3723
2026-08-13T14:08:00+00:00,33408.91,33412.28,33401.41,33410.91,3833
2026-08-13T14:09:00+00:00,33410.91,33421.41,33410.03,33415.91,3404
2026-08-13T14:10:00+00:00,33415.91,33435.03,33415.28,33434.41,3395
2026-08-13T14:11:00+00:00,33434.41,33447.78,33429.16,33445.53,3471
2026-08-13T14:12:00+00:00,33445.53,33447.03,33439.91,33443.78,2665
2026-08-13T14:13:00+00:00,33443.78,33451.28,33440.16,33443.28,2832
2026-08-13T14:14:00+00:00,33443.28,33446.91,33433.91,33442.53,2772
2026-08-13T14:15:00+00:00,33442.53,33445.41,33435.78,33441.41,3193
2026-08-13T14:16:00+00:00,33441.41,33452.28,33435.28,33443.66,3581
2026-08-13T14:17:00+00:00,33443.66,33445.41,33431.28,33442.66,3732
2026-08-13T14:18:00+00:00,33442.66,33454.28,33436.28,33446.16,2896
2026-08-13T14:19:00+00:00,33446.16,33451.53,33433.28,33434.66,3227
2026-08-13T14:20:00+00:00,33434.66,33434.78,33422.16,33430.53,3134
2026-08-13T14:21:00+00:00,33430.53,33444.41,33427.28,33443.28,3600
2026-08-13T14:22:00+00:00,33443.28,33445.41,33435.78,33444.28,2956
2026-08-13T14:23:00+00:00,33444.28,33453.28,33441.78,33447.53,3198
2026-08-13T14:24:00+00:00,33447.53,33452.91,33441.91,33442.53,2563
2026-08-13T14:25:00+00:00,33442.53,33451.53,33434.78,33449.53,3153
2026-08-13T14:26:00+00:00,33449.53,33450.41,33441.53,33445.53,2645
2026-08-13T14:27:00+00:00,33445.53,33450.78,33440.66,33448.78,2222
2026-08-13T14:28:00+00:00,33448.78,33470.16,33444.16,33467.78,2905
2026-08-13T14:29:00+00:00,33467.78,33474.53,33463.91,33470.41,2584
2026-08-13T14:30:00+00:00,33470.41,33475.41,33464.28,33473.03,3560
2026-08-13T14:31:00+00:00,33473.03,33486.03,33471.03,33485.91,3134
2026-08-13T14:32:00+00:00,33485.91,33497.28,33483.28,33491.53,2975
2026-08-13T14:33:00+00:00,33491.53,33493.41,33484.78,33488.16,2798
2026-08-13T14:34:00+00:00,33488.16,33503.28,33488.03,33499.91,2487
2026-08-13T14:35:00+00:00,33499.91,33503.78,33495.66,33499.28,2521
2026-08-13T14:36:00+00:00,33499.28,33501.78,33491.03,33497.78,2549
2026-08-13T14:37:00+00:00,33497.78,33500.53,33492.41,33493.78,2541
2026-08-13T14:38:00+00:00,33493.78,33493.78,33477.03,33483.91,2985
2026-08-13T14:39:00+00:00,33483.91,33492.91,33482.78,33488.41,2602
2026-08-13T14:40:00+00:00,33488.41,33497.16,33486.66,33494.41,3002
2026-08-13T14:41:00+00:00,33494.41,33494.53,33477.16,33478.03,2661
2026-08-13T14:42:00+00:00,33478.03,33483.28,33474.53,33480.53,2708
2026-08-13T14:43:00+00:00,33480.53,33485.41,33469.53,33479.78,3126
2026-08-13T14:44:00+00:00,33479.78,33480.91,33472.53,33473.03,2585
2026-08-13T14:45:00+00:00,33473.03,33473.66,33455.53,33456.78,3709
2026-08-13T14:46:00+00:00,33456.78,33478.03,33453.41,33472.66,4015
2026-08-13T14:47:00+00:00,33472.66,33478.03,33467.41,33471.41,3195
2026-08-13T14:48:00+00:00,33471.41,33473.16,33453.08,33461.03,3564
2026-08-13T14:49:00+00:00,33461.03,33463.03,33449.03,33455.66,4279
2026-08-13T14:50:00+00:00,33455.66,33461.66,33445.03,33447.16,4341
2026-08-13T14:51:00+00:00,33447.16,33462.03,33446.78,33455.91,3013
2026-08-13T14:52:00+00:00,33455.91,33465.16,33450.16,33459.78,3903
2026-08-13T14:53:00+00:00,33459.78,33460.66,33448.78,33455.66,3358
2026-08-13T14:54:00+00:00,33455.66,33464.66,33451.53,33463.53,3483
2026-08-13T14:55:00+00:00,33463.53,33464.16,33437.53,33441.03,4035
2026-08-13T14:56:00+00:00,33441.03,33447.03,33436.28,33443.53,3488
2026-08-13T14:57:00+00:00,33443.53,33452.53,33440.53,33451.78,3233
2026-08-13T14:58:00+00:00,33451.78,33454.53,33438.78,33452.91,3568
2026-08-13T14:59:00+00:00,33452.91,33453.16,33435.03,33436.28,3815
2026-08-13T15:00:00+00:00,33436.28,33458.03,33431.16,33455.53,4399
2026-08-13T15:01:00+00:00,33455.53,33464.78,33455.28,33463.16,3020
2026-08-13T15:02:00+00:00,33463.16,33468.16,33451.16,33452.91,3732
2026-08-13T15:03:00+00:00,33452.91,33456.03,33433.53,33435.53,3872
2026-08-13T15:04:00+00:00,33435.53,33441.03,33432.03,33435.53,3864
2026-08-13T15:05:00+00:00,33435.53,33456.66,33434.78,33455.91,3820
2026-08-13T15:06:00+00:00,33455.91,33460.66,33445.78,33451.28,3611
2026-08-13T15:07:00+00:00,33451.28,33455.66,33442.03,33442.03,3519
2026-08-13T15:08:00+00:00,33442.03,33452.03,33435.66,33441.16,3494
2026-08-13T15:09:00+00:00,33441.16,33453.03,33438.03,33451.16,3281
2026-08-13T15:10:00+00:00,33451.16,33459.16,33442.91,33458.66,3438
2026-08-13T15:11:00+00:00,33458.66,33464.16,33457.03,33460.66,2873
2026-08-13T15:12:00+00:00,33460.66,33463.91,33448.03,33448.66,3355
2026-08-13T15:13:00+00:00,33448.66,33464.53,33447.03,33463.41,3793
2026-08-13T15:14:00+00:00,33463.41,33464.91,33449.66,33454.41,3362
2026-08-13T15:15:00+00:00,33454.41,33458.66,33448.28,33456.03,3645
2026-08-13T15:16:00+00:00,33456.03,33459.91,33448.03,33450.41,3703
2026-08-13T15:17:00+00:00,33450.41,33462.16,33445.91,33451.78,3379
2026-08-13T15:18:00+00:00,33451.78,33455.41,33439.28,33447.66,3456
2026-08-13T15:19:00+00:00,33447.66,33463.53,33444.66,33462.91,3195
2026-08-13T15:20:00+00:00,33462.91,33469.16,33457.53,33461.66,3787
2026-08-13T15:21:00+00:00,33461.66,33472.03,33458.41,33471.91,3405
2026-08-13T15:22:00+00:00,33471.91,33472.91,33460.78,33470.41,2876
2026-08-13T15:23:00+00:00,33470.41,33470.66,33462.28,33470.41,2807
2026-08-13T15:24:00+00:00,33470.41,33475.41,33466.41,33467.91,3077
2026-08-13T15:25:00+00:00,33467.91,33472.78,33452.66,33453.78,3464
2026-08-13T15:26:00+00:00,33453.78,33460.41,33445.41,33459.53,3626
2026-08-13T15:27:00+00:00,33459.53,33467.16,33435.33,33445.41,4185
2026-08-13T15:28:00+00:00,33445.41,33448.16,33417.53,33420.66,4466
2026-08-13T15:29:00+00:00,33420.66,33431.91,33416.41,33424.91,4996
2026-08-13T15:30:00+00:00,33424.91,33431.91,33417.03,33421.66,6293
2026-08-13T15:31:00+00:00,33421.66,33435.03,33415.91,33415.91,3346
2026-08-13T15:32:00+00:00,33415.91,33422.16,33405.91,33406.03,3516
2026-08-13T15:33:00+00:00,33406.03,33417.78,33404.28,33409.91,4027
2026-08-13T15:34:00+00:00,33409.91,33413.91,33380.41,33382.91,5481
2026-08-13T15:35:00+00:00,33382.91,33402.41,33380.66,33392.41,5294
2026-08-13T15:36:00+00:00,33392.41,33395.41,33369.91,33378.03,5314
2026-08-13T15:37:00+00:00,33378.03,33381.41,33365.16,33380.41,4299
2026-08-13T15:38:00+00:00,33380.41,33382.66,33367.28,33381.66,4056
2026-08-13T15:39:00+00:00,33381.66,33390.03,33376.66,33387.91,3951
2026-08-13T15:40:00+00:00,33387.91,33388.78,33368.03,33378.16,4536
2026-08-13T15:41:00+00:00,33378.16,33396.03,33378.16,33394.16,4210
2026-08-13T15:42:00+00:00,33394.16,33412.78,33393.66,33412.53,3639
2026-08-13T15:43:00+00:00,33412.53,33413.28,33402.28,33403.16,2996
2026-08-13T15:44:00+00:00,33403.16,33406.28,33393.16,33393.28,3560
2026-08-13T15:45:00+00:00,33393.28,33393.66,33375.41,33378.41,3879
2026-08-13T15:46:00+00:00,33378.41,33387.78,33378.16,33382.53,3390
2026-08-13T15:47:00+00:00,33382.53,33383.41,33369.91,33376.53,3741
2026-08-13T15:48:00+00:00,33376.53,33379.16,33369.78,33371.16,2741
2026-08-13T15:49:00+00:00,33371.16,33378.41,33362.91,33377.41,3511
2026-08-13T15:50:00+00:00,33377.41,33379.16,33368.53,33371.78,2963
2026-08-13T15:51:00+00:00,33371.78,33372.03,33351.78,33356.41,3590
2026-08-13T15:52:00+00:00,33356.41,33357.16,33341.66,33353.03,3462
2026-08-13T15:53:00+00:00,33353.03,33362.91,33348.16,33361.91,3005
2026-08-13T15:54:00+00:00,33361.91,33364.53,33353.41,33356.53,2586
2026-08-13T15:55:00+00:00,33356.53,33365.41,33351.78,33360.41,3228
2026-08-13T15:56:00+00:00,33360.41,33369.16,33357.28,33368.53,2569
2026-08-13T15:57:00+00:00,33368.53,33373.53,33353.16,33355.28,3063
2026-08-13T15:58:00+00:00,33355.28,33355.53,33343.41,33346.66,2731
2026-08-13T15:59:00+00:00,33346.66,33353.53,33341.28,33351.78,2502
2026-08-13T16:00:00+00:00,33351.78,33366.91,33351.03,33366.41,3086
2026-08-13T16:01:00+00:00,33366.41,33381.28,33365.78,33380.78,2771
2026-08-13T16:02:00+00:00,33380.78,33395.28,33378.16,33393.78,2475
2026-08-13T16:03:00+00:00,33393.78,33401.53,33387.78,33401.28,2194
2026-08-13T16:04:00+00:00,33401.28,33401.78,33384.78,33386.78,2053
2026-08-13T16:05:00+00:00,33386.78,33405.16,33386.78,33404.03,2108
2026-08-13T16:06:00+00:00,33404.03,33409.03,33398.28,33399.91,2115
2026-08-13T16:07:00+00:00,33399.91,33405.16,33394.28,33398.41,1872
2026-08-13T16:08:00+00:00,33398.41,33409.03,33397.53,33407.41,1640
2026-08-13T16:09:00+00:00,33407.41,33409.41,33398.03,33400.91,2062
2026-08-13T16:10:00+00:00,33400.91,33407.28,33399.91,33401.91,2001
2026-08-13T16:11:00+00:00,33401.91,33409.03,33396.28,33396.66,1973
2026-08-13T16:12:00+00:00,33396.66,33402.03,33391.91,33392.03,2179
2026-08-13T16:13:00+00:00,33392.03,33394.41,33381.41,33383.53,2293
2026-08-13T16:14:00+00:00,33383.53,33386.03,33375.41,33377.91,1861
2026-08-13T16:15:00+00:00,33377.91,33388.66,33377.16,33384.66,2892
2026-08-13T16:16:00+00:00,33384.66,33386.91,33372.28,33373.66,2135
2026-08-13T16:17:00+00:00,33373.66,33382.53,33370.53,33376.41,2357
2026-08-13T16:18:00+00:00,33376.41,33383.28,33375.03,33377.91,1926
2026-08-13T16:19:00+00:00,33377.91,33384.91,33375.41,33380.78,2367
2026-08-13T16:20:00+00:00,33380.78,33387.66,33373.91,33386.66,2449
2026-08-13T16:21:00+00:00,33386.66,33391.03,33380.91,33388.53,2190
2026-08-13T16:22:00+00:00,33388.53,33399.53,33385.41,33399.28,1911
2026-08-13T16:23:00+00:00,33399.28,33400.78,33395.53,33400.41,1556
2026-08-13T16:24:00+00:00,33400.41,33405.28,33399.78,33402.03,1631
2026-08-13T16:25:00+00:00,33402.03,33422.28,33400.53,33420.91,2501
2026-08-13T16:26:00+00:00,33420.91,33422.16,33417.16,33417.53,1624
2026-08-13T16:27:00+00:00,33417.53,33425.78,33415.91,33419.66,1697
2026-08-13T16:28:00+00:00,33419.66,33421.53,33415.78,33419.53,1447
2026-08-13T16:29:00+00:00,33419.53,33423.41,33415.78,33423.41,1422
2026-08-13T16:30:00+00:00,33423.41,33433.53,33420.53,33432.91,1804
2026-08-13T16:31:00+00:00,33432.91,33436.28,33422.03,33429.53,1735
2026-08-13T16:32:00+00:00,33429.53,33432.03,33423.03,33423.91,1756
2026-08-13T16:33:00+00:00,33423.91,33434.28,33423.78,33432.53,1415
2026-08-13T16:34:00+00:00,33432.53,33434.91,33423.91,33423.91,1245
2026-08-13T16:35:00+00:00,33423.91,33431.66,33421.78,33428.53,1730
2026-08-13T16:36:00+00:00,33428.53,33430.41,33422.41,33423.91,1650
2026-08-13T16:37:00+00:00,33423.91,33428.78,33418.41,33421.03,1827
2026-08-13T16:38:00+00:00,33421.03,33426.28,33416.03,33423.41,1915
2026-08-13T16:39:00+00:00,33423.41,33426.53,33404.91,33413.28,2325
2026-08-13T16:40:00+00:00,33413.28,33414.66,33407.28,33409.78,1718
2026-08-13T16:41:00+00:00,33409.78,33415.91,33406.66,33415.41,1616
2026-08-13T16:42:00+00:00,33415.41,33424.41,33411.03,33423.16,1920
2026-08-13T16:43:00+00:00,33423.16,33424.16,33419.78,33423.16,1357
2026-08-13T16:44:00+00:00,33423.16,33424.41,33419.66,33420.03,1271
2026-08-13T16:45:00+00:00,33420.03,33427.78,33419.28,33424.53,1653
2026-08-13T16:46:00+00:00,33424.53,33426.53,33420.78,33423.91,1349
2026-08-13T16:47:00+00:00,33423.91,33428.78,33422.78,33427.78,1317
2026-08-13T16:48:00+00:00,33427.78,33432.66,33427.03,33430.91,1272
2026-08-13T16:49:00+00:00,33430.91,33432.41,33427.16,33429.28,1168
2026-08-13T16:50:00+00:00,33429.28,33434.66,33428.03,33434.41,1185
2026-08-13T16:51:00+00:00,33434.41,33440.03,33431.53,33432.78,1614
2026-08-13T16:52:00+00:00,33432.78,33433.78,33424.41,33424.53,1483
2026-08-13T16:53:00+00:00,33424.53,33427.53,33422.28,33422.91,1435
2026-08-13T16:54:00+00:00,33422.91,33426.28,33418.16,33418.41,1906
2026-08-13T16:55:00+00:00,33418.41,33424.66,33413.28,33422.41,1846
2026-08-13T16:56:00+00:00,33422.41,33423.16,33416.53,33419.41,1433
2026-08-13T16:57:00+00:00,33419.41,33423.41,33417.53,33421.03,1339
2026-08-13T16:58:00+00:00,33421.03,33425.16,33420.78,33424.78,1126
2026-08-13T16:59:00+00:00,33424.78,33430.41,33424.28,33430.28,1019
2026-08-13T17:00:00+00:00,33430.28,33446.91,33429.41,33445.66,2140
2026-08-13T17:01:00+00:00,33445.66,33453.78,33444.03,33449.91,1038
2026-08-13T17:02:00+00:00,33449.91,33452.16,33447.91,33448.91,1181
2026-08-13T17:03:00+00:00,33448.91,33455.53,33446.66,33455.28,1441
2026-08-13T17:04:00+00:00,33455.28,33456.53,33451.33,33454.91,1296
2026-08-13T17:05:00+00:00,33454.91,33464.03,33453.03,33463.28,1177
2026-08-13T17:06:00+00:00,33463.28,33465.03,33454.78,33455.66,1288
2026-08-13T17:07:00+00:00,33455.66,33460.03,33454.03,33457.53,1139
2026-08-13T17:08:00+00:00,33457.53,33468.53,33457.16,33461.53,1248
2026-08-13T17:09:00+00:00,33461.53,33465.03,33457.03,33463.78,1042
2026-08-13T17:10:00+00:00,33463.78,33467.03,33460.78,33466.28,1035
2026-08-13T17:11:00+00:00,33466.28,33469.28,33464.28,33468.66,1030
2026-08-13T17:12:00+00:00,33468.66,33469.28,33464.16,33465.28,1068
2026-08-13T17:13:00+00:00,33465.28,33466.03,33461.16,33464.03,1027
2026-08-13T17:14:00+00:00,33464.03,33465.66,33461.66,33462.91,863
2026-08-13T17:15:00+00:00,33462.91,33467.16,33461.53,33462.78,1279
2026-08-13T17:16:00+00:00,33462.78,33470.28,33462.66,33468.78,1168
2026-08-13T17:17:00+00:00,33468.78,33472.41,33467.03,33469.03,1142
2026-08-13T17:18:00+00:00,33469.03,33476.16,33467.03,33472.53,1089
2026-08-13T17:19:00+00:00,33472.53,33480.41,33470.53,33480.03,990
2026-08-13T17:20:00+00:00,33480.03,33486.66,33476.91,33476.91,1666
2026-08-13T17:21:00+00:00,33476.91,33481.41,33474.66,33479.03,1100
2026-08-13T17:22:00+00:00,33479.03,33479.28,33472.66,33476.66,1140
2026-08-13T17:23:00+00:00,33476.66,33479.53,33473.16,33475.28,1136
2026-08-13T17:24:00+00:00,33475.28,33479.03,33474.03,33478.03,975
2026-08-13T17:25:00+00:00,33478.03,33480.78,33474.78,33477.16,960
2026-08-13T17:26:00+00:00,33477.16,33479.41,33473.28,33476.28,1196
2026-08-13T17:27:00+00:00,33476.28,33481.28,33476.03,33479.28,1059
2026-08-13T17:28:00+00:00,33479.28,33482.66,33478.41,33479.53,975
2026-08-13T17:29:00+00:00,33479.53,33481.78,33472.41,33474.41,1209
2026-08-13T17:30:00+00:00,33474.41,33481.53,33472.41,33478.28,1157
2026-08-13T17:31:00+00:00,33478.28,33480.16,33473.28,33475.53,1006
2026-08-13T17:32:00+00:00,33475.53,33477.53,33472.53,33474.53,1023
2026-08-13T17:33:00+00:00,33474.53,33476.16,33466.91,33468.03,1148
2026-08-13T17:34:00+00:00,33468.03,33472.28,33467.03,33470.66,1148
2026-08-13T17:35:00+00:00,33470.66,33473.03,33468.03,33469.91,1137
2026-08-13T17:36:00+00:00,33469.91,33472.03,33468.41,33469.78,1023
2026-08-13T17:37:00+00:00,33469.78,33471.28,33461.28,33461.41,1582
2026-08-13T17:38:00+00:00,33461.41,33465.28,33459.91,33462.03,1265
2026-08-13T17:39:00+00:00,33462.03,33462.28,33458.03,33461.78,1164
2026-08-13T17:40:00+00:00,33461.78,33468.16,33459.03,33467.53,1362
2026-08-13T17:41:00+00:00,33467.53,33467.66,33457.41,33458.16,1212
2026-08-13T17:42:00+00:00,33458.16,33459.53,33452.91,33457.53,1300
2026-08-13T17:43:00+00:00,33457.53,33460.91,33455.78,33458.16,1076
2026-08-13T17:44:00+00:00,33458.16,33459.03,33451.03,33451.03,1168
2026-08-13T17:45:00+00:00,33451.03,33464.66,33450.91,33460.53,1719
2026-08-13T17:46:00+00:00,33460.53,33461.66,33455.03,33456.53,1137
2026-08-13T17:47:00+00:00,33456.53,33458.03,33453.28,33455.91,1074
2026-08-13T17:48:00+00:00,33455.91,33460.16,33454.53,33457.53,1264
2026-08-13T17:49:00+00:00,33457.53,33457.53,33451.41,33454.16,1135
2026-08-13T17:50:00+00:00,33454.16,33459.03,33453.91,33456.28,1163
2026-08-13T17:51:00+00:00,33456.28,33458.78,33448.16,33450.78,1322
2026-08-13T17:52:00+00:00,33450.78,33451.16,33447.66,33448.91,967
2026-08-13T17:53:00+00:00,33448.91,33449.66,33444.28,33449.66,953
2026-08-13T17:54:00+00:00,33449.66,33450.28,33442.03,33443.91,960
2026-08-13T17:55:00+00:00,33443.91,33447.28,33441.78,33446.03,1133
2026-08-13T17:56:00+00:00,33446.03,33447.66,33441.03,33441.28,1066
2026-08-13T17:57:00+00:00,33441.28,33453.16,33441.03,33452.91,1131
2026-08-13T17:58:00+00:00,33452.91,33456.03,33449.28,33453.03,1035
2026-08-13T17:59:00+00:00,33453.03,33453.66,33440.53,33441.28,1271
2026-08-13T18:00:00+00:00,33441.28,33448.53,33441.28,33441.28,1490
2026-08-13T18:01:00+00:00,33441.28,33445.78,33440.16,33442.91,1219
2026-08-13T18:02:00+00:00,33442.91,33447.66,33439.16,33440.41,1093
2026-08-13T18:03:00+00:00,33440.41,33445.41,33439.91,33445.03,1087
2026-08-13T18:04:00+00:00,33445.03,33446.41,33438.41,33444.03,1142
2026-08-13T18:05:00+00:00,33444.03,33451.91,33443.66,33449.66,1390
2026-08-13T18:06:00+00:00,33449.66,33450.28,33436.91,33437.03,1379
2026-08-13T18:07:00+00:00,33437.03,33442.28,33433.03,33435.66,1321
2026-08-13T18:08:00+00:00,33435.66,33437.16,33431.41,33432.53,1126
2026-08-13T18:09:00+00:00,33432.53,33436.03,33431.66,33434.03,1108
2026-08-13T18:10:00+00:00,33434.03,33440.41,33426.28,33438.41,1587
2026-08-13T18:11:00+00:00,33438.41,33439.28,33435.16,33437.53,1088
2026-08-13T18:12:00+00:00,33437.53,33441.28,33434.16,33435.91,1459
2026-08-13T18:13:00+00:00,33435.91,33439.03,33433.53,33435.78,1228
2026-08-13T18:14:00+00:00,33435.78,33439.78,33433.66,33438.28,1072
2026-08-13T18:15:00+00:00,33438.28,33444.53,33437.78,33440.53,1567
2026-08-13T18:16:00+00:00,33440.53,33442.91,33432.16,33433.66,1302
2026-08-13T18:17:00+00:00,33433.66,33439.28,33431.03,33437.66,1279
2026-08-13T18:18:00+00:00,33437.66,33439.28,33432.53,33433.53,913
2026-08-13T18:19:00+00:00,33433.53,33435.16,33430.16,33431.78,991
2026-08-13T18:20:00+00:00,33431.78,33435.66,33425.16,33434.91,1408
2026-08-13T18:21:00+00:00,33434.91,33435.28,33429.53,33434.03,1305
2026-08-13T18:22:00+00:00,33434.03,33437.41,33431.66,33436.28,995
2026-08-13T18:23:00+00:00,33436.28,33437.41,33424.78,33426.28,1000
2026-08-13T18:24:00+00:00,33426.28,33427.66,33418.03,33420.53,1371
2026-08-13T18:25:00+00:00,33420.53,33432.03,33419.91,33426.78,1491
2026-08-13T18:26:00+00:00,33426.78,33431.28,33425.28,33429.53,1065
2026-08-13T18:27:00+00:00,33429.53,33429.91,33421.28,33422.66,1018
2026-08-13T18:28:00+00:00,33422.66,33432.41,33421.53,33431.41,1305
2026-08-13T18:29:00+00:00,33431.41,33431.66,33427.28,33428.53,1080
2026-08-13T18:30:00+00:00,33428.53,33442.28,33428.41,33439.28,1315
2026-08-13T18:31:00+00:00,33439.28,33443.91,33438.66,33442.28,1153
2026-08-13T18:32:00+00:00,33442.28,33446.03,33440.78,33444.41,1194
2026-08-13T18:33:00+00:00,33444.41,33456.28,33444.28,33455.28,1720
2026-08-13T18:34:00+00:00,33455.28,33456.78,33449.03,33452.41,1297
2026-08-13T18:35:00+00:00,33452.41,33456.41,33449.03,33455.28,1202
2026-08-13T18:36:00+00:00,33455.28,33457.53,33450.16,33450.91,1291
2026-08-13T18:37:00+00:00,33450.91,33459.53,33450.91,33455.78,1447
2026-08-13T18:38:00+00:00,33455.78,33459.28,33454.28,33458.78,1388
2026-08-13T18:39:00+00:00,33458.78,33459.28,33452.28,33457.28,1249
2026-08-13T18:40:00+00:00,33457.28,33461.03,33453.16,33454.53,1452
2026-08-13T18:41:00+00:00,33454.53,33469.66,33453.78,33468.16,1752
2026-08-13T18:42:00+00:00,33468.16,33473.53,33465.78,33468.28,1518
2026-08-13T18:43:00+00:00,33468.28,33468.66,33462.66,33465.91,1195
2026-08-13T18:44:00+00:00,33465.91,33470.53,33464.41,33465.41,1252
2026-08-13T18:45:00+00:00,33465.41,33473.03,33465.28,33470.66,1192
2026-08-13T18:46:00+00:00,33470.66,33478.16,33469.66,33477.78,1404
2026-08-13T18:47:00+00:00,33477.78,33479.53,33473.78,33476.53,1286
2026-08-13T18:48:00+00:00,33476.53,33476.78,33473.53,33475.78,1293
2026-08-13T18:49:00+00:00,33475.78,33478.03,33474.03,33477.03,1166
2026-08-13T18:50:00+00:00,33477.03,33477.91,33472.16,33473.78,1469
2026-08-13T18:51:00+00:00,33473.78,33477.91,33472.66,33474.03,1000
2026-08-13T18:52:00+00:00,33474.03,33479.53,33469.03,33479.53,1165
2026-08-13T18:53:00+00:00,33479.53,33480.53,33476.03,33478.03,1062
2026-08-13T18:54:00+00:00,33478.03,33480.53,33475.78,33475.78,962
2026-08-13T18:55:00+00:00,33475.78,33479.28,33472.78,33477.16,1156
2026-08-13T18:56:00+00:00,33477.16,33482.41,33476.53,33478.53,1025
2026-08-13T18:57:00+00:00,33478.53,33481.41,33475.16,33476.53,1225
2026-08-13T18:58:00+00:00,33476.53,33480.53,33473.53,33480.16,1120
2026-08-13T18:59:00+00:00,33480.16,33482.66,33479.78,33480.78,912
2026-08-13T19:00:00+00:00,33480.78,33491.28,33478.78,33490.03,1457
2026-08-13T19:01:00+00:00,33490.03,33491.53,33485.78,33488.03,1103
2026-08-13T19:02:00+00:00,33488.03,33491.16,33486.41,33487.03,1052
2026-08-13T19:03:00+00:00,33487.03,33488.66,33484.28,33488.16,1364
2026-08-13T19:04:00+00:00,33488.16,33488.78,33479.91,33482.78,1139
2026-08-13T19:05:00+00:00,33482.78,33491.53,33476.91,33491.28,1498
2026-08-13T19:06:00+00:00,33491.28,33501.41,33491.28,33497.53,1689
2026-08-13T19:07:00+00:00,33497.53,33500.53,33493.16,33496.78,1216
2026-08-13T19:08:00+00:00,33496.78,33505.78,33495.28,33505.16,1404
2026-08-13T19:09:00+00:00,33505.16,33509.53,33499.53,33503.53,1425
2026-08-13T19:10:00+00:00,33503.53,33504.28,33497.53,33498.41,1144
2026-08-13T19:11:00+00:00,33498.41,33499.28,33494.91,33496.78,1112
2026-08-13T19:12:00+00:00,33496.78,33497.28,33481.28,33482.03,1503
2026-08-13T19:13:00+00:00,33482.03,33484.78,33468.91,33471.03,1959
2026-08-13T19:14:00+00:00,33471.03,33475.53,33469.53,33475.28,1530
2026-08-13T19:15:00+00:00,33475.28,33476.78,33465.53,33476.78,2196
2026-08-13T19:16:00+00:00,33476.78,33477.41,33460.08,33464.03,2025
2026-08-13T19:17:00+00:00,33464.03,33467.03,33458.78,33466.03,1574
2026-08-13T19:18:00+00:00,33466.03,33472.16,33463.28,33470.91,1918
2026-08-13T19:19:00+00:00,33470.91,33477.66,33469.03,33477.28,1691
2026-08-13T19:20:00+00:00,33477.28,33481.91,33474.91,33480.78,1556
2026-08-13T19:21:00+00:00,33480.78,33482.53,33472.28,33473.41,1359
2026-08-13T19:22:00+00:00,33473.41,33476.16,33470.78,33475.28,1328
2026-08-13T19:23:00+00:00,33475.28,33477.16,33472.03,33475.78,1022
2026-08-13T19:24:00+00:00,33475.78,33476.16,33469.28,33470.03,1394
2026-08-13T19:25:00+00:00,33470.03,33472.16,33459.78,33460.16,1658
2026-08-13T19:26:00+00:00,33460.16,33461.91,33452.16,33457.91,1772
2026-08-13T19:27:00+00:00,33457.91,33462.03,33455.41,33461.28,1648
2026-08-13T19:28:00+00:00,33461.28,33469.16,33460.78,33466.28,1218
2026-08-13T19:29:00+00:00,33466.28,33467.03,33454.78,33459.78,1544
2026-08-13T19:30:00+00:00,33459.78,33464.03,33447.66,33461.66,3083
2026-08-13T19:31:00+00:00,33461.66,33464.28,33460.41,33461.16,1465
2026-08-13T19:32:00+00:00,33461.16,33464.28,33456.03,33456.66,1770
2026-08-13T19:33:00+00:00,33456.66,33460.53,33453.16,33453.16,1620
2026-08-13T19:34:00+00:00,33453.16,33453.66,33448.03,33453.03,1676
2026-08-13T19:35:00+00:00,33453.03,33460.53,33450.16,33451.78,2068
2026-08-13T19:36:00+00:00,33451.78,33458.41,33449.78,33455.03,1579
2026-08-13T19:37:00+00:00,33455.03,33456.41,33451.66,33454.78,1543
2026-08-13T19:38:00+00:00,33454.78,33458.41,33449.78,33450.28,1384
2026-08-13T19:39:00+00:00,33450.28,33456.78,33449.78,33456.66,1227
2026-08-13T19:40:00+00:00,33456.66,33460.03,33454.16,33457.78,1548
2026-08-13T19:41:00+00:00,33457.78,33459.03,33447.03,33458.53,1567
2026-08-13T19:42:00+00:00,33458.53,33459.28,33448.78,33449.03,1430
2026-08-13T19:43:00+00:00,33449.03,33451.28,33445.78,33449.53,1559
2026-08-13T19:44:00+00:00,33449.53,33452.16,33439.66,33441.28,1535
2026-08-13T19:45:00+00:00,33441.28,33441.91,33434.53,33435.41,2676
2026-08-13T19:46:00+00:00,33435.41,33443.66,33435.03,33440.53,1564
2026-08-13T19:47:00+00:00,33440.53,33440.53,33433.41,33433.53,1396
2026-08-13T19:48:00+00:00,33433.53,33440.41,33432.16,33438.78,1510
2026-08-13T19:49:00+00:00,33438.78,33441.41,33433.03,33438.53,1273
2026-08-13T19:50:00+00:00,33438.53,33439.28,33423.28,33426.28,3226
2026-08-13T19:51:00+00:00,33426.28,33431.03,33419.91,33429.41,1851
2026-08-13T19:52:00+00:00,33429.41,33435.03,33424.91,33426.03,1837
2026-08-13T19:53:00+00:00,33426.03,33430.66,33421.03,33429.78,1816
2026-08-13T19:54:00+00:00,33429.78,33442.16,33427.03,33429.41,2689
2026-08-13T19:55:00+00:00,33429.41,33434.41,33410.16,33417.28,3498
2026-08-13T19:56:00+00:00,33417.28,33420.53,33411.78,33417.28,1877
2026-08-13T19:57:00+00:00,33417.28,33426.53,33414.41,33421.41,2097
2026-08-13T19:58:00+00:00,33421.41,33427.41,33415.66,33421.03,2194
2026-08-13T19:59:00+00:00,33421.03,33434.28,33418.41,33431.03,6591
2026-08-14T13:30:00+00:00,33478.19,33506.340000000004,33462.590000000004,33485.590000000004,13722
2026-08-14T13:31:00+00:00,33485.590000000004,33505.840000000004,33465.22,33482.47,12662
2026-08-14T13:32:00+00:00,33482.47,33496.340000000004,33468.47,33474.72,12128
2026-08-14T13:33:00+00:00,33474.72,33476.47,33448.840000000004,33451.22,10505
2026-08-14T13:34:00+00:00,33451.22,33461.22,33443.590000000004,33443.72,7713
2026-08-14T13:35:00+00:00,33443.72,33456.090000000004,33433.97,33437.47,9398
2026-08-14T13:36:00+00:00,33437.47,33447.090000000004,33413.64,33415.47,8627
2026-08-14T13:37:00+00:00,33415.47,33431.72,33407.22,33431.22,8122
2026-08-14T13:38:00+00:00,33431.22,33451.840000000004,33428.97,33438.72,8028
2026-08-14T13:39:00+00:00,33438.72,33459.22,33434.72,33458.090000000004,6224
2026-08-14T13:40:00+00:00,33458.090000000004,33466.97,33438.340000000004,33444.97,8897
2026-08-14T13:41:00+00:00,33444.97,33468.090000000004,33432.340000000004,33456.340000000004,8006
2026-08-14T13:42:00+00:00,33456.340000000004,33477.47,33452.340000000004,33475.090000000004,7139
2026-08-14T13:43:00+00:00,33475.090000000004,33485.590000000004,33470.47,33483.840000000004,6273
2026-08-14T13:44:00+00:00,33483.840000000004,33499.47,33482.090000000004,33497.72,6535
2026-08-14T13:45:00+00:00,33497.72,33512.47,33492.090000000004,33503.47,7263
2026-08-14T13:46:00+00:00,33503.47,33505.840000000004,33473.72,33479.22,7772
2026-08-14T13:47:00+00:00,33479.22,33501.590000000004,33462.840000000004,33500.340000000004,7837
2026-08-14T13:48:00+00:00,33500.340000000004,33517.840000000004,33490.22,33507.97,6482
2026-08-14T13:49:00+00:00,33507.97,33511.72,33475.47,33476.22,7197
2026-08-14T13:50:00+00:00,33476.22,33486.590000000004,33465.840000000004,33479.840000000004,7949
2026-08-14T13:51:00+00:00,33479.840000000004,33502.340000000004,33455.840000000004,33495.090000000004,6614
2026-08-14T13:52:00+00:00,33495.090000000004,33501.590000000004,33476.64,33487.47,5349
2026-08-14T13:53:00+00:00,33487.47,33487.47,33467.47,33481.090000000004,6552
2026-08-14T13:54:00+00:00,33481.090000000004,33490.840000000004,33475.47,33476.22,6441
2026-08-14T13:55:00+00:00,33476.22,33480.72,33466.340000000004,33475.97,6215
2026-08-14T13:56:00+00:00,33475.97,33488.090000000004,33470.840000000004,33482.97,5536
2026-08-14T13:57:00+00:00,33482.97,33482.97,33450.89,33456.840000000004,5338
2026-08-14T13:58:00+00:00,33456.840000000004,33465.72,33448.14,33463.090000000004,4817
2026-08-14T13:59:00+00:00,33463.090000000004,33470.22,33452.89,33463.64,4033
2026-08-14T14:00:00+00:00,33463.64,33472.090000000004,33442.14,33468.72,6443
2026-08-14T14:01:00+00:00,33468.72,33471.47,33457.64,33460.47,5030
2026-08-14T14:02:00+00:00,33460.47,33480.97,33457.590000000004,33479.22,5420
2026-08-14T14:03:00+00:00,33479.22,33481.72,33467.590000000004,33479.97,5275
2026-08-14T14:04:00+00:00,33479.97,33494.840000000004,33475.840000000004,33491.72,4716
2026-08-14T14:05:00+00:00,33491.72,33505.590000000004,33487.97,33499.22,4832
2026-08-14T14:06:00+00:00,33499.22,33509.590000000004,33497.590000000004,33500.72,4217
2026-08-14T14:07:00+00:00,33500.72,33506.590000000004,33494.090000000004,33499.47,4116
2026-08-14T14:08:00+00:00,33499.47,33499.840000000004,33476.340000000004,33479.47,4564
2026-08-14T14:09:00+00:00,33479.47,33490.97,33463.64,33470.97,5865
2026-08-14T14:10:00+00:00,33470.97,33481.97,33461.22,33463.22,5278
2026-08-14T14:11:00+00:00,33463.22,33475.47,33453.22,33474.22,5434
2026-08-14T14:12:00+00:00,33474.22,33480.97,33465.47,33475.22,5382
2026-08-14T14:13:00+00:00,33475.22,33481.090000000004,33468.97,33474.590000000004,3952
2026-08-14T14:14:00+00:00,33474.590000000004,33478.840000000004,33458.590000000004,33458.72,3654
2026-08-14T14:15:00+00:00,33458.72,33465.72,33451.47,33463.22,5157
2026-08-14T14:16:00+00:00,33463.22,33465.97,33439.39,33444.97,5013
2026-08-14T14:17:00+00:00,33444.97,33450.090000000004,33434.22,33437.22,5030
2026-08-14T14:18:00+00:00,33437.22,33437.47,33415.72,33423.340000000004,5161
2026-08-14T14:19:00+00:00,33423.340000000004,33427.090000000004,33405.090000000004,33409.97,4977
2026-08-14T14:20:00+00:00,33409.97,33430.590000000004,33403.14,33424.47,6244
2026-08-14T14:21:00+00:00,33424.47,33428.340000000004,33405.590000000004,33421.47,5571
2026-08-14T14:22:00+00:00,33421.47,33421.47,33397.72,33399.22,4769
2026-08-14T14:23:00+00:00,33399.22,33414.090000000004,33394.340000000004,33399.340000000004,5106
2026-08-14T14:24:00+00:00,33399.340000000004,33402.47,33386.840000000004,33397.47,5094
2026-08-14T14:25:00+00:00,33397.47,33406.340000000004,33390.840000000004,33397.47,5520
2026-08-14T14:26:00+00:00,33397.47,33406.840000000004,33388.840000000004,33394.72,5544
2026-08-14T14:27:00+00:00,33394.72,33400.340000000004,33381.340000000004,33384.72,4790
2026-08-14T14:28:00+00:00,33384.72,33386.72,33371.97,33380.840000000004,4496
2026-08-14T14:29:00+00:00,33380.840000000004,33397.97,33373.840000000004,33396.97,4766
2026-08-14T14:30:00+00:00,33396.97,33400.590000000004,33367.72,33369.340000000004,6971
2026-08-14T14:31:00+00:00,33369.340000000004,33387.97,33366.590000000004,33384.22,5434
2026-08-14T14:32:00+00:00,33384.22,33393.22,33367.590000000004,33380.590000000004,4591
2026-08-14T14:33:00+00:00,33380.590000000004,33380.97,33368.090000000004,33372.47,3443
2026-08-14T14:34:00+00:00,33372.47,33384.47,33368.840000000004,33376.340000000004,3769
2026-08-14T14:35:00+00:00,33376.340000000004,33392.840000000004,33373.340000000004,33387.090000000004,4675
2026-08-14T14:36:00+00:00,33387.090000000004,33405.22,33384.97,33403.97,4040
2026-08-14T14:37:00+00:00,33403.97,33409.72,33396.090000000004,33396.590000000004,3675
2026-08-14T14:38:00+00:00,33396.590000000004,33406.47,33395.47,33399.340000000004,3743
2026-08-14T14:39:00+00:00,33399.340000000004,33412.47,33392.22,33405.72,4054
2026-08-14T14:40:00+00:00,33405.72,33406.090000000004,33381.590000000004,33383.47,4667
2026-08-14T14:41:00+00:00,33383.47,33393.72,33379.47,33393.090000000004,3905
2026-08-14T14:42:00+00:00,33393.090000000004,33402.47,33389.090000000004,33400.97,4028
2026-08-14T14:43:00+00:00,33400.97,33405.090000000004,33390.72,33394.72,3395
2026-08-14T14:44:00+00:00,33394.72,33401.22,33391.72,33392.97,2660
2026-08-14T14:45:00+00:00,33392.97,33396.840000000004,33380.22,33385.97,3702
2026-08-14T14:46:00+00:00,33385.97,33401.840000000004,33383.090000000004,33396.72,3593
2026-08-14T14:47:00+00:00,33396.72,33400.72,33391.47,33392.97,3234
2026-08-14T14:48:00+00:00,33392.97,33402.840000000004,33392.340000000004,33398.340000000004,2967
2026-08-14T14:49:00+00:00,33398.340000000004,33398.340000000004,33383.47,33387.340000000004,2844
2026-08-14T14:50:00+00:00,33387.340000000004,33394.47,33383.97,33393.340000000004,2720
2026-08-14T14:51:00+00:00,33393.340000000004,33399.090000000004,33388.340000000004,33392.22,2520
2026-08-14T14:52:00+00:00,33392.22,33402.97,33385.840000000004,33401.47,2518
2026-08-14T14:53:00+00:00,33401.47,33403.090000000004,33380.22,33381.97,2537
2026-08-14T14:54:00+00:00,33381.97,33391.590000000004,33381.090000000004,33381.590000000004,2277
2026-08-14T14:55:00+00:00,33381.590000000004,33387.340000000004,33378.590000000004,33385.22,2565
2026-08-14T14:56:00+00:00,33385.22,33386.47,33372.72,33379.340000000004,2904
2026-08-14T14:57:00+00:00,33379.340000000004,33385.090000000004,33377.090000000004,33380.47,2276
2026-08-14T14:58:00+00:00,33380.47,33381.72,33371.47,33375.22,2069
2026-08-14T14:59:00+00:00,33375.22,33375.340000000004,33360.340000000004,33360.340000000004,2550
2026-08-14T15:00:00+00:00,33360.340000000004,33377.090000000004,33357.840000000004,33376.590000000004,3396
2026-08-14T15:01:00+00:00,33376.590000000004,33378.840000000004,33360.97,33374.22,3017
2026-08-14T15:02:00+00:00,33374.22,33376.22,33354.090000000004,33357.72,2639
2026-08-14T15:03:00+00:00,33357.72,33361.22,33347.72,33351.97,2291
2026-08-14T15:04:00+00:00,33351.97,33360.47,33346.840000000004,33360.22,2546
2026-08-14T15:05:00+00:00,33360.22,33362.840000000004,33354.22,33360.22,2557
2026-08-14T15:06:00+00:00,33360.22,33368.340000000004,33351.47,33361.22,3025
2026-08-14T15:07:00+00:00,33361.22,33367.590000000004,33351.840000000004,33354.47,2697
2026-08-14T15:08:00+00:00,33354.47,33355.47,33344.840000000004,33345.47,2597
2026-08-14T15:09:00+00:00,33345.47,33349.090000000004,33339.22,33343.72,2771
2026-08-14T15:10:00+00:00,33343.72,33348.590000000004,33339.090000000004,33347.590000000004,2468
2026-08-14T15:11:00+00:00,33347.590000000004,33353.840000000004,33340.090000000004,33343.090000000004,2613
2026-08-14T15:12:00+00:00,33343.090000000004,33345.47,33334.22,33343.72,2917
2026-08-14T15:13:00+00:00,33343.72,33345.97,33335.47,33338.97,2224
2026-08-14T15:14:00+00:00,33338.97,33338.97,33325.590000000004,33327.840000000004,3073
2026-08-14T15:15:00+00:00,33327.840000000004,33344.72,33326.840000000004,33335.590000000004,3035
2026-08-14T15:16:00+00:00,33335.590000000004,33341.090000000004,33332.090000000004,33340.47,2173
2026-08-14T15:17:00+00:00,33340.47,33343.590000000004,33332.47,33340.840000000004,2568
2026-08-14T15:18:00+00:00,33340.840000000004,33348.090000000004,33335.340000000004,33340.97,2557
2026-08-14T15:19:00+00:00,33340.97,33342.47,33331.14,33341.47,2040
2026-08-14T15:20:00+00:00,33341.47,33347.090000000004,33336.22,33337.22,2206
2026-08-14T15:21:00+00:00,33337.22,33338.97,33318.97,33319.22,3030
2026-08-14T15:22:00+00:00,33319.22,33321.72,33299.22,33299.340000000004,3406
2026-08-14T15:23:00+00:00,33299.340000000004,33304.840000000004,33295.47,33302.97,3080
2026-08-14T15:24:00+00:00,33302.97,33303.090000000004,33281.840000000004,33284.47,3693
2026-08-14T15:25:00+00:00,33284.47,33293.97,33281.72,33284.72,3681
2026-08-14T15:26:00+00:00,33284.72,33289.340000000004,33270.72,33281.590000000004,3733
2026-08-14T15:27:00+00:00,33281.590000000004,33291.22,33279.340000000004,33285.97,3364
2026-08-14T15:28:00+00:00,33285.97,33296.840000000004,33283.840000000004,33293.22,3594
2026-08-14T15:29:00+00:00,33293.22,33311.840000000004,33293.090000000004,33310.22,3384
2026-08-14T15:30:00+00:00,33310.22,33311.97,33293.090000000004,33296.72,3555
2026-08-14T15:31:00+00:00,33296.72,33300.090000000004,33281.47,33289.47,3485
2026-08-14T15:32:00+00:00,33289.47,33300.47,33285.590000000004,33293.47,2705
2026-08-14T15:33:00+00:00,33293.47,33294.840000000004,33283.590000000004,33283.590000000004,2346
2026-08-14T15:34:00+00:00,33283.590000000004,33287.590000000004,33279.72,33285.840000000004,2608
2026-08-14T15:35:00+00:00,33285.840000000004,33296.47,33284.72,33292.97,2448
2026-08-14T15:36:00+00:00,33292.97,33302.590000000004,33286.340000000004,33288.090000000004,2466
2026-08-14T15:37:00+00:00,33288.090000000004,33288.840000000004,33277.47,33285.72,2421
2026-08-14T15:38:00+00:00,33285.72,33296.090000000004,33280.590000000004,33290.47,2522
2026-08-14T15:39:00+00:00,33290.47,33292.590000000004,33276.590000000004,33279.47,2375
2026-08-14T15:40:00+00:00,33279.47,33281.22,33267.340000000004,33272.840000000004,3147
2026-08-14T15:41:00+00:00,33272.840000000004,33277.840000000004,33270.97,33275.47,2635
2026-08-14T15:42:00+00:00,33275.47,33276.72,33267.090000000004,33272.97,2678
2026-08-14T15:43:00+00:00,33272.97,33281.590000000004,33269.590000000004,33275.97,2177
2026-08-14T15:44:00+00:00,33275.97,33287.090000000004,33275.97,33286.340000000004,2014
2026-08-14T15:45:00+00:00,33286.340000000004,33303.090000000004,33283.090000000004,33301.590000000004,2507
2026-08-14T15:46:00+00:00,33301.590000000004,33303.340000000004,33297.97,33298.840000000004,1849
2026-08-14T15:47:00+00:00,33298.840000000004,33299.340000000004,33284.340000000004,33285.340000000004,2316
2026-08-14T15:48:00+00:00,33285.340000000004,33291.72,33268.590000000004,33272.47,2884
2026-08-14T15:49:00+00:00,33272.47,33278.72,33270.090000000004,33275.090000000004,1888
2026-08-14T15:50:00+00:00,33275.090000000004,33281.22,33271.840000000004,33276.22,2114
2026-08-14T15:51:00+00:00,33276.22,33280.47,33266.47,33280.090000000004,2572
2026-08-14T15:52:00+00:00,33280.090000000004,33296.090000000004,33277.590000000004,33294.97,2545
2026-08-14T15:53:00+00:00,33294.97,33295.590000000004,33288.090000000004,33292.590000000004,1861
2026-08-14T15:54:00+00:00,33292.590000000004,33300.340000000004,33292.590000000004,33293.97,1750
2026-08-14T15:55:00+00:00,33293.97,33299.22,33292.340000000004,33293.090000000004,1888
2026-08-14T15:56:00+00:00,33293.090000000004,33297.590000000004,33289.840000000004,33296.090000000004,1826
2026-08-14T15:57:00+00:00,33296.090000000004,33302.97,33290.090000000004,33302.47,2179
2026-08-14T15:58:00+00:00,33302.47,33309.97,33301.72,33303.340000000004,1937
2026-08-14T15:59:00+00:00,33303.340000000004,33309.090000000004,33302.22,33303.590000000004,1575
2026-08-14T16:00:00+00:00,33303.590000000004,33320.840000000004,33302.97,33320.840000000004,2229
2026-08-14T16:01:00+00:00,33320.840000000004,33321.590000000004,33312.72,33313.590000000004,1899
2026-08-14T16:02:00+00:00,33313.590000000004,33316.090000000004,33306.840000000004,33309.47,1932
2026-08-14T16:03:00+00:00,33309.47,33312.590000000004,33303.97,33312.090000000004,1961
2026-08-14T16:04:00+00:00,33312.090000000004,33318.590000000004,33309.47,33310.840000000004,2062
2026-08-14T16:05:00+00:00,33310.840000000004,33314.590000000004,33303.590000000004,33309.090000000004,1745
2026-08-14T16:06:00+00:00,33309.090000000004,33309.590000000004,33298.97,33303.22,1873
2026-08-14T16:07:00+00:00,33303.22,33313.090000000004,33302.47,33303.090000000004,1768
2026-08-14T16:08:00+00:00,33303.090000000004,33305.72,33293.590000000004,33294.340000000004,2020
2026-08-14T16:09:00+00:00,33294.340000000004,33298.22,33287.97,33296.840000000004,2319
2026-08-14T16:10:00+00:00,33296.840000000004,33308.47,33294.47,33307.72,1710
2026-08-14T16:11:00+00:00,33307.72,33314.090000000004,33302.840000000004,33312.47,1886
2026-08-14T16:12:00+00:00,33312.47,33317.47,33307.340000000004,33317.340000000004,1418
2026-08-14T16:13:00+00:00,33317.340000000004,33319.840000000004,33310.340000000004,33318.47,1830
2026-08-14T16:14:00+00:00,33318.47,33319.72,33314.840000000004,33317.590000000004,1328
2026-08-14T16:15:00+00:00,33317.590000000004,33324.090000000004,33317.22,33321.840000000004,1367
2026-08-14T16:16:00+00:00,33321.840000000004,33325.340000000004,33319.72,33324.840000000004,1200
2026-08-14T16:17:00+00:00,33324.840000000004,33325.340000000004,33319.340000000004,33321.47,1325
2026-08-14T16:18:00+00:00,33321.47,33322.97,33318.340000000004,33319.840000000004,1255
2026-08-14T16:19:00+00:00,33319.840000000004,33321.840000000004,33314.72,33319.22,1442
2026-08-14T16:20:00+00:00,33319.22,33320.840000000004,33312.97,33319.22,1385
2026-08-14T16:21:00+00:00,33319.22,33330.840000000004,33316.97,33329.840000000004,1387
2026-08-14T16:22:00+00:00,33329.840000000004,33329.840000000004,33323.97,33324.590000000004,1144
2026-08-14T16:23:00+00:00,33324.590000000004,33327.090000000004,33322.340000000004,33326.090000000004,1035
2026-08-14T16:24:00+00:00,33326.090000000004,33331.840000000004,33325.72,33330.22,937
2026-08-14T16:25:00+00:00,33330.22,33334.090000000004,33328.72,33333.840000000004,832
2026-08-14T16:26:00+00:00,33333.840000000004,33342.340000000004,33333.340000000004,33340.590000000004,1180
2026-08-14T16:27:00+00:00,33340.590000000004,33344.590000000004,33338.090000000004,33339.590000000004,1027
2026-08-14T16:28:00+00:00,33339.590000000004,33342.090000000004,33335.340000000004,33338.340000000004,933
2026-08-14T16:29:00+00:00,33338.340000000004,33340.97,33335.340000000004,33338.590000000004,1005
2026-08-14T16:30:00+00:00,33338.590000000004,33339.590000000004,33326.14,33331.97,1615
2026-08-14T16:31:00+00:00,33331.97,33333.47,33319.840000000004,33322.97,1897
2026-08-14T16:32:00+00:00,33322.97,33323.840000000004,33308.590000000004,33308.72,2104
2026-08-14T16:33:00+00:00,33308.72,33310.840000000004,33303.590000000004,33310.340000000004,2037
2026-08-14T16:34:00+00:00,33310.340000000004,33312.590000000004,33304.840000000004,33310.340000000004,1662
2026-08-14T16:35:00+00:00,33310.340000000004,33322.72,33308.22,33321.090000000004,1827
2026-08-14T16:36:00+00:00,33321.090000000004,33328.840000000004,33316.72,33328.340000000004,1762
2026-08-14T16:37:00+00:00,33328.340000000004,33335.22,33325.89,33330.22,1606
2026-08-14T16:38:00+00:00,33330.22,33331.090000000004,33319.47,33322.47,1521
2026-08-14T16:39:00+00:00,33322.47,33322.840000000004,33315.72,33318.47,1436
2026-08-14T16:40:00+00:00,33318.47,33319.97,33313.090000000004,33315.590000000004,1505
2026-08-14T16:41:00+00:00,33315.590000000004,33315.590000000004,33301.97,33309.090000000004,2049
2026-08-14T16:42:00+00:00,33309.090000000004,33309.840000000004,33305.340000000004,33307.22,1377
2026-08-14T16:43:00+00:00,33307.22,33315.090000000004,33306.840000000004,33309.590000000004,1524
2026-08-14T16:44:00+00:00,33309.590000000004,33311.090000000004,33303.97,33304.590000000004,1422
2026-08-14T16:45:00+00:00,33304.590000000004,33312.22,33299.72,33307.840000000004,2095
2026-08-14T16:46:00+00:00,33307.840000000004,33308.340000000004,33298.97,33303.47,1540
2026-08-14T16:47:00+00:00,33303.47,33309.090000000004,33301.47,33303.22,1417
2026-08-14T16:48:00+00:00,33303.22,33311.590000000004,33302.840000000004,33308.840000000004,1474
2026-08-14T16:49:00+00:00,33308.840000000004,33313.840000000004,33307.47,33311.47,1485
2026-08-14T16:50:00+00:00,33311.47,33311.47,33298.47,33302.590000000004,1574
2026-08-14T16:51:00+00:00,33302.590000000004,33306.340000000004,33298.72,33300.97,1364
2026-08-14T16:52:00+00:00,33300.97,33303.090000000004,33295.47,33296.590000000004,1378
2026-08-14T16:53:00+00:00,33296.590000000004,33309.97,33295.97,33297.590000000004,1458
2026-08-14T16:54:00+00:00,33297.590000000004,33301.47,33293.090000000004,33299.47,1494
2026-08-14T16:55:00+00:00,33299.47,33304.340000000004,33297.47,33303.090000000004,1389
2026-08-14T16:56:00+00:00,33303.090000000004,33306.97,33296.840000000004,33304.090000000004,1533
2026-08-14T16:57:00+00:00,33304.090000000004,33305.090000000004,33300.340000000004,33301.97,1034
2026-08-14T16:58:00+00:00,33301.97,33302.97,33290.39,33295.090000000004,1575
2026-08-14T16:59:00+00:00,33295.090000000004,33297.840000000004,33293.090000000004,33296.090000000004,1266
2026-08-14T17:00:00+00:00,33296.090000000004,33302.72,33293.590000000004,33297.22,1606
2026-08-14T17:01:00+00:00,33297.22,33301.340000000004,33294.22,33298.590000000004,1634
2026-08-14T17:02:00+00:00,33298.590000000004,33299.090000000004,33290.340000000004,33291.47,1501
2026-08-14T17:03:00+00:00,33291.47,33302.840000000004,33290.840000000004,33301.47,1491
2026-08-14T17:04:00+00:00,33301.47,33303.590000000004,33297.47,33298.090000000004,1338
2026-08-14T17:05:00+00:00,33298.090000000004,33305.090000000004,33296.590000000004,33297.840000000004,1388
2026-08-14T17:06:00+00:00,33297.840000000004,33304.47,33296.97,33301.97,1358
2026-08-14T17:07:00+00:00,33301.97,33309.72,33301.97,33308.47,1443
2026-08-14T17:08:00+00:00,33308.47,33311.22,33301.72,33310.590000000004,1127
2026-08-14T17:09:00+00:00,33310.590000000004,33311.090000000004,33300.840000000004,33304.340000000004,1192
2026-08-14T17:10:00+00:00,33304.340000000004,33306.840000000004,33300.840000000004,33304.090000000004,1312
2026-08-14T17:11:00+00:00,33304.090000000004,33317.090000000004,33301.340000000004,33313.47,1747
2026-08-14T17:12:00+00:00,33313.47,33315.340000000004,33302.590000000004,33309.47,2046
2026-08-14T17:13:00+00:00,33309.47,33311.22,33301.590000000004,33303.090000000004,1223
2026-08-14T17:14:00+00:00,33303.090000000004,33307.22,33302.340000000004,33306.340000000004,1109
2026-08-14T17:15:00+00:00,33306.340000000004,33310.840000000004,33305.72,33307.590000000004,1094
2026-08-14T17:16:00+00:00,33307.590000000004,33308.090000000004,33294.97,33296.840000000004,1629
2026-08-14T17:17:00+00:00,33296.840000000004,33305.090000000004,33295.590000000004,33305.090000000004,1113
2026-08-14T17:18:00+00:00,33305.090000000004,33309.590000000004,33303.090000000004,33307.22,1167
2026-08-14T17:19:00+00:00,33307.22,33310.22,33303.47,33305.840000000004,1052
2026-08-14T17:20:00+00:00,33305.840000000004,33308.72,33301.340000000004,33307.090000000004,1180
2026-08-14T17:21:00+00:00,33307.090000000004,33309.590000000004,33301.72,33303.090000000004,1063
2026-08-14T17:22:00+00:00,33303.090000000004,33313.590000000004,33301.840000000004,33308.22,1148
2026-08-14T17:23:00+00:00,33308.22,33309.840000000004,33300.590000000004,33302.840000000004,1061
2026-08-14T17:24:00+00:00,33302.840000000004,33303.340000000004,33288.090000000004,33291.340000000004,1705
2026-08-14T17:25:00+00:00,33291.340000000004,33296.47,33285.47,33296.340000000004,1698
2026-08-14T17:26:00+00:00,33296.340000000004,33296.590000000004,33289.47,33295.840000000004,1474
2026-08-14T17:27:00+00:00,33295.840000000004,33301.590000000004,33294.090000000004,33300.840000000004,1221
2026-08-14T17:28:00+00:00,33300.840000000004,33303.72,33298.22,33299.840000000004,1158
2026-08-14T17:29:00+00:00,33299.840000000004,33300.47,33293.590000000004,33296.840000000004,1135
2026-08-14T17:30:00+00:00,33296.840000000004,33302.090000000004,33294.22,33296.47,1889
2026-08-14T17:31:00+00:00,33296.47,33306.47,33294.590000000004,33304.97,1713
2026-08-14T17:32:00+00:00,33304.97,33308.97,33301.72,33306.47,1416
2026-08-14T17:33:00+00:00,33306.47,33309.47,33303.590000000004,33305.340000000004,1247
2026-08-14T17:34:00+00:00,33305.340000000004,33306.72,33300.840000000004,33305.840000000004,997
2026-08-14T17:35:00+00:00,33305.840000000004,33306.72,33300.090000000004,33306.22,1104
2026-08-14T17:36:00+00:00,33306.22,33309.590000000004,33302.340000000004,33303.590000000004,1208
2026-08-14T17:37:00+00:00,33303.590000000004,33304.22,33288.72,33294.090000000004,1743
2026-08-14T17:38:00+00:00,33294.090000000004,33296.340000000004,33288.840000000004,33291.090000000004,1378
2026-08-14T17:39:00+00:00,33291.090000000004,33296.72,33288.340000000004,33294.22,1174
2026-08-14T17:40:00+00:00,33294.22,33303.22,33289.97,33300.840000000004,1176
2026-08-14T17:41:00+00:00,33300.840000000004,33301.590000000004,33292.72,33296.97,1313
2026-08-14T17:42:00+00:00,33296.97,33299.97,33290.97,33292.090000000004,1180
2026-08-14T17:43:00+00:00,33292.090000000004,33294.72,33289.22,33291.590000000004,1044
2026-08-14T17:44:00+00:00,33291.590000000004,33296.090000000004,33290.840000000004,33295.340000000004,1087
2026-08-14T17:45:00+00:00,33295.340000000004,33301.840000000004,33295.090000000004,33298.090000000004,1651
2026-08-14T17:46:00+00:00,33302.3,33305.8,33300.8,33303.7,560
2026-08-14T17:47:00+00:00,33299.47,33300.840000000004,33295.72,33299.72,1001
2026-08-14T17:48:00+00:00,33299.72,33301.22,33295.22,33297.090000000004,975
2026-08-14T17:49:00+00:00,33297.090000000004,33299.22,33291.590000000004,33295.47,1105
2026-08-14T17:50:00+00:00,33295.47,33295.840000000004,33287.22,33290.72,1102
2026-08-14T17:51:00+00:00,33290.72,33296.22,33288.97,33295.590000000004,1086
2026-08-14T17:52:00+00:00,33295.590000000004,33305.22,33294.97,33302.590000000004,1214
2026-08-14T17:53:00+00:00,33302.590000000004,33312.590000000004,33302.47,33311.590000000004,1235
2026-08-14T17:54:00+00:00,33311.590000000004,33314.590000000004,33309.72,33311.090000000004,1075
2026-08-14T17:55:00+00:00,33311.090000000004,33311.22,33303.590000000004,33306.340000000004,1438
2026-08-14T17:56:00+00:00,33306.340000000004,33315.47,33306.090000000004,33311.340000000004,1027
2026-08-14T17:57:00+00:00,33311.340000000004,33321.590000000004,33310.590000000004,33316.340000000004,1245
2026-08-14T17:58:00+00:00,33316.340000000004,33319.840000000004,33314.340000000004,33314.590000000004,900
2026-08-14T17:59:00+00:00,33314.590000000004,33321.840000000004,33314.590000000004,33318.72,941
2026-08-14T18:00:00+00:00,33318.72,33320.72,33313.090000000004,33314.22,1219
2026-08-14T18:01:00+00:00,33314.22,33318.72,33310.840000000004,33313.340000000004,1370
2026-08-14T18:02:00+00:00,33313.340000000004,33326.22,33311.840000000004,33324.340000000004,1527
2026-08-14T18:03:00+00:00,33324.340000000004,33328.340000000004,33320.72,33322.590000000004,1195
2026-08-14T18:04:00+00:00,33322.590000000004,33328.590000000004,33321.090000000004,33326.090000000004,996
2026-08-14T18:05:00+00:00,33326.090000000004,33326.840000000004,33320.590000000004,33324.340000000004,1116
2026-08-14T18:06:00+00:00,33324.340000000004,33328.22,33316.590000000004,33317.090000000004,1166
2026-08-14T18:07:00+00:00,33317.090000000004,33322.840000000004,33316.590000000004,33318.97,1147
2026-08-14T18:08:00+00:00,33318.97,33325.840000000004,33318.840000000004,33322.840000000004,1188
2026-08-14T18:09:00+00:00,33322.840000000004,33327.340000000004,33319.22,33325.840000000004,1100
2026-08-14T18:10:00+00:00,33325.840000000004,33327.97,33320.72,33324.97,1124
2026-08-14T18:11:00+00:00,33324.97,33326.97,33319.840000000004,33320.090000000004,1034
2026-08-14T18:12:00+00:00,33320.090000000004,33324.22,33317.840000000004,33322.590000000004,1015
2026-08-14T18:13:00+00:00,33322.590000000004,33324.22,33319.840000000004,33321.340000000004,1083
2026-08-14T18:14:00+00:00,33321.340000000004,33321.840000000004,33314.590000000004,33316.340000000004,852
2026-08-14T18:15:00+00:00,33316.340000000004,33326.47,33315.72,33325.22,1059
2026-08-14T18:16:00+00:00,33325.22,33327.22,33322.840000000004,33326.090000000004,851
2026-08-14T18:17:00+00:00,33326.090000000004,33327.840000000004,33324.590000000004,33325.97,812
2026-08-14T18:18:00+00:00,33325.97,33327.590000000004,33323.340000000004,33325.340000000004,776
2026-08-14T18:19:00+00:00,33325.340000000004,33325.72,33318.590000000004,33321.840000000004,1088
2026-08-14T18:20:00+00:00,33321.840000000004,33322.090000000004,33315.840000000004,33320.590000000004,1081
2026-08-14T18:21:00+00:00,33320.590000000004,33326.97,33320.340000000004,33325.97,903
2026-08-14T18:22:00+00:00,33325.97,33329.97,33323.340000000004,33324.840000000004,862
2026-08-14T18:23:00+00:00,33324.840000000004,33325.590000000004,33319.090000000004,33322.22,943
2026-08-14T18:24:00+00:00,33322.22,33323.340000000004,33316.97,33318.090000000004,922
2026-08-14T18:25:00+00:00,33318.090000000004,33322.340000000004,33317.840000000004,33321.840000000004,841
2026-08-14T18:26:00+00:00,33321.840000000004,33324.340000000004,33317.47,33318.840000000004,964
2026-08-14T18:27:00+00:00,33318.840000000004,33320.840000000004,33313.590000000004,33314.340000000004,1142
2026-08-14T18:28:00+00:00,33314.340000000004,33314.47,33302.72,33305.340000000004,1638
2026-08-14T18:29:00+00:00,33305.340000000004,33308.840000000004,33303.840000000004,33304.97,1055
2026-08-14T18:30:00+00:00,33304.97,33312.97,33302.47,33308.090000000004,1400
2026-08-14T18:31:00+00:00,33308.090000000004,33309.97,33303.72,33304.340000000004,1355
2026-08-14T18:32:00+00:00,33304.340000000004,33304.840000000004,33300.090000000004,33304.72,1272
2026-08-14T18:33:00+00:00,33304.72,33307.840000000004,33303.22,33307.22,1081
2026-08-14T18:34:00+00:00,33307.22,33309.840000000004,33304.840000000004,33309.590000000004,968
2026-08-14T18:35:00+00:00,33309.590000000004,33310.090000000004,33303.590000000004,33304.840000000004,1023
2026-08-14T18:36:00+00:00,33304.840000000004,33311.22,33304.340000000004,33307.47,911
2026-08-14T18:37:00+00:00,33307.47,33310.590000000004,33305.72,33310.340000000004,961
2026-08-14T18:38:00+00:00,33310.340000000004,33314.590000000004,33307.72,33312.340000000004,897
2026-08-14T18:39:00+00:00,33312.340000000004,33315.47,33312.090000000004,33313.340000000004,916
2026-08-14T18:40:00+00:00,33313.340000000004,33318.97,33310.840000000004,33318.340000000004,1046
2026-08-14T18:41:00+00:00,33318.340000000004,33323.090000000004,33317.840000000004,33322.340000000004,1219
2026-08-14T18:42:00+00:00,33322.340000000004,33323.090000000004,33318.47,33323.090000000004,870
2026-08-14T18:43:00+00:00,33323.090000000004,33324.97,33321.840000000004,33323.590000000004,845
2026-08-14T18:44:00+00:00,33323.590000000004,33327.47,33322.97,33324.72,808
2026-08-14T18:45:00+00:00,33324.72,33326.22,33320.97,33322.47,896
2026-08-14T18:46:00+00:00,33322.47,33322.590000000004,33315.47,33316.840000000004,1163
2026-08-14T18:47:00+00:00,33316.840000000004,33324.97,33316.47,33321.840000000004,922
2026-08-14T18:48:00+00:00,33321.840000000004,33323.590000000004,33320.590000000004,33322.590000000004,605
2026-08-14T18:49:00+00:00,33322.590000000004,33325.47,33321.590000000004,33324.590000000004,740
2026-08-14T18:50:00+00:00,33324.590000000004,33336.090000000004,33324.590000000004,33335.590000000004,1188
2026-08-14T18:51:00+00:00,33335.590000000004,33338.840000000004,33334.47,33338.090000000004,982
2026-08-14T18:52:00+00:00,33338.090000000004,33341.22,33332.22,33332.840000000004,1006
2026-08-14T18:53:00+00:00,33332.840000000004,33334.340000000004,33328.090000000004,33332.97,964
2026-08-14T18:54:00+00:00,33332.97,33334.97,33330.97,33334.47,794
2026-08-14T18:55:00+00:00,33334.47,33335.090000000004,33328.97,33330.090000000004,919
2026-08-14T18:56:00+00:00,33330.090000000004,33332.22,33328.090000000004,33330.090000000004,825
2026-08-14T18:57:00+00:00,33330.090000000004,33331.340000000004,33328.47,33330.090000000004,570
2026-08-14T18:58:00+00:00,33330.090000000004,33330.590000000004,33324.340000000004,33326.22,858
2026-08-14T18:59:00+00:00,33326.22,33327.72,33323.47,33325.840000000004,791
2026-08-14T19:00:00+00:00,33325.840000000004,33328.47,33315.22,33315.840000000004,1707
2026-08-14T19:01:00+00:00,33315.840000000004,33322.97,33314.47,33320.840000000004,1311
2026-08-14T19:02:00+00:00,33320.840000000004,33324.340000000004,33319.72,33320.090000000004,865
2026-08-14T19:03:00+00:00,33320.090000000004,33325.22,33319.840000000004,33323.840000000004,927
2026-08-14T19:04:00+00:00,33323.840000000004,33324.22,33315.840000000004,33320.340000000004,1135
2026-08-14T19:05:00+00:00,33320.340000000004,33324.090000000004,33319.840000000004,33322.340000000004,874
2026-08-14T19:06:00+00:00,33322.340000000004,33322.47,33314.97,33316.840000000004,1026
2026-08-14T19:07:00+00:00,33316.840000000004,33319.22,33314.340000000004,33316.47,958
2026-08-14T19:08:00+00:00,33316.47,33324.47,33315.340000000004,33323.340000000004,991
2026-08-14T19:09:00+00:00,33323.340000000004,33331.590000000004,33322.840000000004,33329.340000000004,1215
2026-08-14T19:10:00+00:00,33329.340000000004,33330.590000000004,33323.340000000004,33325.090000000004,1130
2026-08-14T19:11:00+00:00,33325.090000000004,33325.97,33322.090000000004,33322.97,981
2026-08-14T19:12:00+00:00,33322.97,33326.340000000004,33319.090000000004,33319.340000000004,949
2026-08-14T19:13:00+00:00,33319.340000000004,33323.97,33318.590000000004,33321.47,971
2026-08-14T19:14:00+00:00,33321.47,33324.840000000004,33318.840000000004,33320.340000000004,877
2026-08-14T19:15:00+00:00,33320.340000000004,33325.090000000004,33319.22,33323.590000000004,896
2026-08-14T19:16:00+00:00,33323.590000000004,33323.840000000004,33319.72,33320.47,896
2026-08-14T19:17:00+00:00,33320.47,33324.090000000004,33317.840000000004,33321.840000000004,939
2026-08-14T19:18:00+00:00,33321.840000000004,33329.340000000004,33313.64,33327.97,1137
2026-08-14T19:19:00+00:00,33327.97,33329.47,33324.840000000004,33325.590000000004,825
2026-08-14T19:20:00+00:00,33325.590000000004,33327.090000000004,33321.090000000004,33324.090000000004,885
2026-08-14T19:21:00+00:00,33324.090000000004,33325.47,33318.090000000004,33318.840000000004,1012
2026-08-14T19:22:00+00:00,33318.840000000004,33324.47,33318.090000000004,33322.840000000004,924
2026-08-14T19:23:00+00:00,33322.840000000004,33325.22,33321.72,33324.590000000004,768
2026-08-14T19:24:00+00:00,33324.590000000004,33326.090000000004,33320.590000000004,33324.22,996
2026-08-14T19:25:00+00:00,33324.22,33329.22,33322.590000000004,33328.590000000004,1028
2026-08-14T19:26:00+00:00,33328.590000000004,33333.090000000004,33327.22,33332.090000000004,993
2026-08-14T19:27:00+00:00,33332.090000000004,33333.72,33328.090000000004,33328.340000000004,858
2026-08-14T19:28:00+00:00,33328.340000000004,33340.840000000004,33328.340000000004,33338.590000000004,1042
2026-08-14T19:29:00+00:00,33338.590000000004,33338.72,33333.340000000004,33333.840000000004,1110
2026-08-14T19:30:00+00:00,33333.840000000004,33337.590000000004,33331.590000000004,33334.590000000004,1720
2026-08-14T19:31:00+00:00,33334.590000000004,33336.72,33328.72,33332.090000000004,1383
2026-08-14T19:32:00+00:00,33332.090000000004,33339.340000000004,33331.72,33336.840000000004,1136
2026-08-14T19:33:00+00:00,33336.840000000004,33340.840000000004,33335.840000000004,33336.590000000004,1025
2026-08-14T19:34:00+00:00,33336.590000000004,33340.840000000004,33336.340000000004,33339.340000000004,1010
2026-08-14T19:35:00+00:00,33339.340000000004,33343.47,33337.72,33341.590000000004,1102
2026-08-14T19:36:00+00:00,33341.590000000004,33345.47,33341.22,33341.340000000004,1049
2026-08-14T19:37:00+00:00,33341.340000000004,33343.590000000004,33336.22,33336.340000000004,1159
2026-08-14T19:38:00+00:00,33336.340000000004,33342.090000000004,33333.590000000004,33341.840000000004,1171
2026-08-14T19:39:00+00:00,33341.840000000004,33346.22,33341.840000000004,33342.97,1115
2026-08-14T19:40:00+00:00,33342.97,33348.72,33340.72,33346.590000000004,1205
2026-08-14T19:41:00+00:00,33346.590000000004,33346.840000000004,33341.340000000004,33344.840000000004,1182
2026-08-14T19:42:00+00:00,33344.840000000004,33349.840000000004,33344.72,33349.090000000004,944
2026-08-14T19:43:00+00:00,33349.090000000004,33352.590000000004,33347.47,33352.340000000004,1034
2026-08-14T19:44:00+00:00,33352.340000000004,33352.72,33343.090000000004,33346.090000000004,1263
2026-08-14T19:45:00+00:00,33346.090000000004,33347.840000000004,33339.72,33343.590000000004,1571
2026-08-14T19:46:00+00:00,33343.590000000004,33346.590000000004,33339.090000000004,33339.72,1216
2026-08-14T19:47:00+00:00,33339.72,33346.590000000004,33339.47,33345.340000000004,1035
2026-08-14T19:48:00+00:00,33345.340000000004,33349.72,33344.72,33348.47,1067
2026-08-14T19:49:00+00:00,33348.47,33356.97,33347.22,33356.840000000004,1062
2026-08-14T19:50:00+00:00,33356.840000000004,33366.47,33352.14,33360.590000000004,2785
2026-08-14T19:51:00+00:00,33360.590000000004,33365.090000000004,33359.090000000004,33362.840000000004,1769
2026-08-14T19:52:00+00:00,33362.840000000004,33362.840000000004,33354.340000000004,33356.090000000004,1572
2026-08-14T19:53:00+00:00,33356.090000000004,33363.97,33356.090000000004,33362.090000000004,1552
2026-08-14T19:54:00+00:00,33362.090000000004,33367.090000000004,33354.64,33363.590000000004,2102
2026-08-14T19:55:00+00:00,33363.590000000004,33366.97,33352.840000000004,33355.340000000004,2710
2026-08-14T19:56:00+00:00,33355.340000000004,33358.090000000004,33349.89,33354.97,1594
2026-08-14T19:57:00+00:00,33354.97,33357.72,33351.590000000004,33357.72,1382
2026-08-14T19:58:00+00:00,33357.72,33362.97,33355.22,33360.340000000004,1894
2026-08-14T19:59:00+00:00,33360.340000000004,33385.47,33359.22,33382.090000000004,5369
2026-08-16T22:00:00+00:00,30170,30196,30163.75,30174.75,456
2026-08-16T22:01:00+00:00,30172,30184.75,30170,30176,282
2026-08-16T22:02:00+00:00,30177,30184,30173.75,30179.75,179
2026-08-16T22:03:00+00:00,30179.75,30188.5,30179.25,30184.25,178
2026-08-16T22:04:00+00:00,30185,30192.25,30183,30188,171
2026-08-16T22:05:00+00:00,30188.75,30199.75,30188.75,30195,205
2026-08-16T22:06:00+00:00,30193.5,30197.25,30191,30196,60
2026-08-16T22:07:00+00:00,30197.25,30197.25,30188,30193.25,73
2026-08-16T22:08:00+00:00,30194,30194.5,30190.5,30192,43
2026-08-16T22:09:00+00:00,30191.75,30192.75,30187,30191.25,72
2026-08-16T22:10:00+00:00,30192.25,30192.5,30188.75,30191,48
2026-08-16T22:11:00+00:00,30191,30193.75,30190,30193.75,47
2026-08-16T22:12:00+00:00,30193.5,30202.5,30192.5,30198.75,150
2026-08-16T22:13:00+00:00,30197.5,30198.25,30193.5,30195,33
2026-08-16T22:14:00+00:00,30194.75,30197.5,30193.25,30196.5,68
2026-08-16T22:15:00+00:00,30197.75,30200.75,30196.25,30197.75,47
2026-08-16T22:16:00+00:00,30197.25,30198.75,30193.75,30193.75,51
2026-08-16T22:17:00+00:00,30193.75,30195.5,30192.75,30194.5,30
2026-08-16T22:18:00+00:00,30194.25,30196,30191.5,30195.25,29
2026-08-16T22:19:00+00:00,30194.75,30194.75,30192.5,30193.5,17
2026-08-16T22:20:00+00:00,30193.5,30199.25,30190.5,30196.5,65
2026-08-16T22:21:00+00:00,30196,30196.5,30192.25,30193,30
2026-08-16T22:22:00+00:00,30192,30193.75,30191.25,30193.75,18
2026-08-16T22:23:00+00:00,30193.75,30194.25,30192.25,30193.75,21
2026-08-16T22:24:00+00:00,30192.5,30196.5,30192,30192,41
2026-08-16T22:25:00+00:00,30192.5,30196,30192.5,30195.5,21
2026-08-16T22:26:00+00:00,30195.75,30195.75,30193.75,30194.75,21
2026-08-16T22:27:00+00:00,30194.75,30195,30192.5,30193.75,17
2026-08-16T22:28:00+00:00,30194.75,30195.5,30192.75,30193.5,21
2026-08-16T22:29:00+00:00,30194,30194,30192.5,30192.75,18
2026-08-16T22:30:00+00:00,30193,30194,30191,30194,50
2026-08-16T22:31:00+00:00,30194,30196.5,30190.5,30191.25,56
2026-08-16T22:32:00+00:00,30191.75,30192.5,30188.5,30192,68
2026-08-16T22:33:00+00:00,30190.75,30196.25,30190.75,30194.5,36
2026-08-16T22:34:00+00:00,30195.75,30195.75,30193.75,30193.75,11
2026-08-16T22:35:00+00:00,30194.25,30194.75,30193.5,30193.75,16
2026-08-16T22:36:00+00:00,30194.5,30195.25,30191.75,30191.75,15
2026-08-16T22:37:00+00:00,30190.75,30195,30189.25,30193.75,37
2026-08-16T22:38:00+00:00,30193.75,30195,30193.75,30194.75,11
2026-08-16T22:39:00+00:00,30195,30195,30192.25,30193.5,11
2026-08-16T22:40:00+00:00,30194,30195,30192.25,30193.25,26
2026-08-16T22:41:00+00:00,30192.25,30194.5,30191.25,30193.5,17
2026-08-16T22:42:00+00:00,30193,30193.75,30192.5,30193.25,8
2026-08-16T22:43:00+00:00,30192.5,30192.75,30191,30191,6
2026-08-16T22:44:00+00:00,30192,30192.25,30191.75,30192.25,8
2026-08-16T22:45:00+00:00,30192.75,30193.5,30192,30192.5,12
2026-08-16T22:46:00+00:00,30193.75,30194,30187.25,30191.75,81
2026-08-16T22:47:00+00:00,30192.25,30205,30192.25,30197.75,212
2026-08-16T22:48:00+00:00,30197.5,30205.75,30197.5,30205,104
2026-08-16T22:49:00+00:00,30205,30205.75,30202.5,30203.75,71
2026-08-16T22:50:00+00:00,30204,30204.75,30202.5,30203.25,25
2026-08-16T22:51:00+00:00,30203,30206.75,30203,30204.75,51
2026-08-16T22:52:00+00:00,30205.5,30208.5,30205.25,30206,114
2026-08-16T22:53:00+00:00,30207.25,30208.75,30206.5,30208,53
2026-08-16T22:54:00+00:00,30207,30211.75,30207,30208.75,106
2026-08-16T22:55:00+00:00,30208.75,30209,30206,30206.75,55
2026-08-16T22:56:00+00:00,30207.5,30207.75,30199.5,30199.5,123
2026-08-16T22:57:00+00:00,30200.75,30202.75,30199.5,30199.5,55
2026-08-16T22:58:00+00:00,30200.5,30201.25,30199.25,30201.25,15
2026-08-16T22:59:00+00:00,30201.5,30205,30201.25,30205,34
2026-08-16T23:00:00+00:00,30205.25,30207.25,30201.5,30201.5,55
2026-08-16T23:01:00+00:00,30202,30203.5,30199.25,30200.75,57
2026-08-16T23:02:00+00:00,30203,30203.25,30201.25,30202.75,14
2026-08-16T23:03:00+00:00,30202.75,30203.5,30201,30203.5,20
2026-08-16T23:04:00+00:00,30204.75,30205,30202.75,30202.75,12
2026-08-16T23:05:00+00:00,30203.75,30204.25,30203,30203.75,8
2026-08-16T23:06:00+00:00,30204.75,30206.75,30204.25,30204.25,50
2026-08-16T23:07:00+00:00,30204,30204.75,30203.25,30203.5,13
2026-08-16T23:08:00+00:00,30203.75,30204,30203.25,30203.25,12
2026-08-16T23:09:00+00:00,30203.75,30205,30203.25,30205,15
2026-08-16T23:10:00+00:00,30204.25,30205.75,30203.25,30203.25,17
2026-08-16T23:11:00+00:00,30203.25,30203.75,30201.25,30203.75,22
2026-08-16T23:12:00+00:00,30202,30202.5,30197.75,30199.5,123
2026-08-16T23:13:00+00:00,30199.25,30199.5,30196.25,30197.75,69
2026-08-16T23:14:00+00:00,30197.25,30198,30195.25,30197,45
2026-08-16T23:15:00+00:00,30197.25,30197.5,30195.75,30195.75,47
2026-08-16T23:16:00+00:00,30195.5,30197,30195,30196.5,50
2026-08-16T23:17:00+00:00,30197.25,30198.5,30196.5,30196.5,27
2026-08-16T23:18:00+00:00,30196.5,30197.5,30195.75,30196.25,13
2026-08-16T23:19:00+00:00,30195.5,30197,30194,30194.5,40
2026-08-16T23:20:00+00:00,30194.75,30195,30191.5,30192.25,51
2026-08-16T23:21:00+00:00,30193.25,30198,30191.5,30197.75,61
2026-08-16T23:22:00+00:00,30197.75,30204.25,30197.5,30201.5,131
2026-08-16T23:23:00+00:00,30200.5,30202.25,30196.75,30198.75,58
2026-08-16T23:24:00+00:00,30198,30200.5,30197.75,30200.25,40
2026-08-16T23:25:00+00:00,30200.75,30201,30198.75,30199,21
2026-08-16T23:26:00+00:00,30198.25,30199,30197.25,30197.25,4
2026-08-16T23:27:00+00:00,30196.75,30198.25,30195,30197.75,33
2026-08-16T23:28:00+00:00,30198.25,30198.25,30194,30196.5,35
2026-08-16T23:29:00+00:00,30196.5,30197.25,30195.75,30197,13
2026-08-16T23:30:00+00:00,30197.75,30197.75,30192.75,30195.25,55
2026-08-16T23:31:00+00:00,30195,30197.5,30193,30196,38
2026-08-16T23:32:00+00:00,30195,30199,30194.25,30198.5,33
2026-08-16T23:33:00+00:00,30198.5,30199,30197.5,30197.5,14
2026-08-16T23:34:00+00:00,30197.5,30197.5,30193,30193,22
2026-08-16T23:35:00+00:00,30193,30198,30193,30196.5,26
2026-08-16T23:36:00+00:00,30195.75,30196.5,30193.25,30196.25,14
2026-08-16T23:37:00+00:00,30196.25,30202,30196.25,30199,68
2026-08-16T23:38:00+00:00,30200.25,30201,30199.25,30200.25,14
2026-08-16T23:39:00+00:00,30199.75,30200,30199,30199.5,13
2026-08-16T23:40:00+00:00,30199.75,30202.25,30198.75,30200.5,32
2026-08-16T23:41:00+00:00,30200,30201.5,30199.5,30200.5,15
2026-08-16T23:42:00+00:00,30200,30202.25,30199.5,30200.75,27
2026-08-16T23:43:00+00:00,30201.5,30205,30201.5,30203.75,55
2026-08-16T23:44:00+00:00,30204,30206.25,30203.75,30206.25,43
2026-08-16T23:45:00+00:00,30204.75,30210.5,30204.5,30209.75,75
2026-08-16T23:46:00+00:00,30209,30217.75,30209,30215.75,195
2026-08-16T23:47:00+00:00,30215.5,30218.75,30215.25,30216,72
2026-08-16T23:48:00+00:00,30215.75,30221.25,30214.5,30220,102
2026-08-16T23:49:00+00:00,30221,30221.75,30216,30218.5,108
2026-08-16T23:50:00+00:00,30219.25,30226.75,30218.75,30225.25,232
2026-08-16T23:51:00+00:00,30224.5,30228,30223.5,30224.5,119
2026-08-16T23:52:00+00:00,30225.25,30226.25,30221,30221,74
2026-08-16T23:53:00+00:00,30221,30224,30219.25,30220.5,52
2026-08-16T23:54:00+00:00,30219.5,30221.25,30217.5,30218.25,74
2026-08-16T23:55:00+00:00,30218,30219.25,30212.5,30216.75,115
2026-08-16T23:56:00+00:00,30217.25,30218.25,30214.25,30215.75,33
2026-08-16T23:57:00+00:00,30215,30216.25,30213.75,30215,15
2026-08-16T23:58:00+00:00,30215.75,30217,30214.75,30217,27
2026-08-16T23:59:00+00:00,30217.25,30217.25,30213.25,30214.25,19
2026-08-17T00:00:00+00:00,30215,30221.25,30209,30212.75,303
2026-08-17T00:01:00+00:00,30212,30224,30211.75,30223.5,212
2026-08-17T00:02:00+00:00,30223.5,30227.25,30221.25,30222.5,145
2026-08-17T00:03:00+00:00,30222,30223.75,30216.5,30220,119
2026-08-17T00:04:00+00:00,30219,30219.5,30214.25,30215.25,69
2026-08-17T00:05:00+00:00,30214.75,30223.75,30214.25,30223.5,119
2026-08-17T00:06:00+00:00,30222.5,30223,30212.75,30215,104
2026-08-17T00:07:00+00:00,30213.25,30222,30212.5,30219.25,96
2026-08-17T00:08:00+00:00,30218.5,30225,30218.5,30222.75,87
2026-08-17T00:09:00+00:00,30222.75,30222.75,30211.5,30211.75,48
2026-08-17T00:10:00+00:00,30212.25,30215.25,30211.5,30214,81
2026-08-17T00:11:00+00:00,30214.75,30220.75,30213.5,30218.25,54
2026-08-17T00:12:00+00:00,30217.25,30223,30217.25,30222.5,78
2026-08-17T00:13:00+00:00,30222.25,30223,30218.25,30218.5,21
2026-08-17T00:14:00+00:00,30218.5,30220,30216.25,30219.5,22
2026-08-17T00:15:00+00:00,30218.5,30218.75,30215.25,30215.5,57
2026-08-17T00:16:00+00:00,30216,30216,30208.75,30210.75,106
2026-08-17T00:17:00+00:00,30211,30212,30209.75,30211,42
2026-08-17T00:18:00+00:00,30211.75,30213.25,30201,30201.25,173
2026-08-17T00:19:00+00:00,30201.75,30201.75,30189,30192.5,316
2026-08-17T00:20:00+00:00,30192,30199.5,30192,30198.25,143
2026-08-17T00:21:00+00:00,30198.5,30200,30197.75,30198,37
2026-08-17T00:22:00+00:00,30198.75,30198.75,30195.25,30198.5,65
2026-08-17T00:23:00+00:00,30199.25,30200,30194.25,30198.25,71
2026-08-17T00:24:00+00:00,30199,30199.75,30196.5,30198.5,46
2026-08-17T00:25:00+00:00,30198.5,30201.25,30196.5,30198.5,65
2026-08-17T00:26:00+00:00,30199.75,30202.5,30198.75,30201.25,87
2026-08-17T00:27:00+00:00,30201,30203.25,30198.25,30199,62
2026-08-17T00:28:00+00:00,30198.75,30204.25,30198,30199.5,119
2026-08-17T00:29:00+00:00,30198.5,30199.5,30195,30195.5,68
2026-08-17T00:30:00+00:00,30195.5,30198.25,30191.75,30193.25,93
2026-08-17T00:31:00+00:00,30193.25,30194,30191.75,30193.5,105
2026-08-17T00:32:00+00:00,30193.5,30194,30192,30193.75,19
2026-08-17T00:33:00+00:00,30193,30193,30190.75,30191,38
2026-08-17T00:34:00+00:00,30190.5,30191.75,30186.5,30190.75,121
2026-08-17T00:35:00+00:00,30191.25,30192.5,30187.75,30189.25,71
2026-08-17T00:36:00+00:00,30189.5,30193.75,30188,30190.75,53
2026-08-17T00:37:00+00:00,30190.25,30191.75,30186.75,30187,50
2026-08-17T00:38:00+00:00,30187,30190.25,30185.75,30190,52
2026-08-17T00:39:00+00:00,30190.75,30191.75,30185.5,30187.25,46
2026-08-17T00:40:00+00:00,30187.25,30191,30186.5,30189.25,30
2026-08-17T00:41:00+00:00,30190,30190.25,30187,30188.75,79
2026-08-17T00:42:00+00:00,30189,30193,30188.75,30189.75,61
2026-08-17T00:43:00+00:00,30191.25,30196,30191.25,30195.25,156
2026-08-17T00:44:00+00:00,30194.25,30194.75,30188.75,30188.75,74
2026-08-17T00:45:00+00:00,30189.25,30192.75,30185.5,30192.75,78
2026-08-17T00:46:00+00:00,30191.5,30191.5,30189.5,30190,30
2026-08-17T00:47:00+00:00,30190,30196.5,30190,30192.5,71
2026-08-17T00:48:00+00:00,30193,30197,30192,30196.75,45
2026-08-17T00:49:00+00:00,30196.5,30198,30192,30193.75,60
2026-08-17T00:50:00+00:00,30195.25,30195.5,30191.75,30191.75,37
2026-08-17T00:51:00+00:00,30191.75,30192.5,30190,30190.5,36
2026-08-17T00:52:00+00:00,30191.5,30193.5,30190.75,30193.5,17
2026-08-17T00:53:00+00:00,30194.75,30197,30194.5,30195.5,30
2026-08-17T00:54:00+00:00,30196.75,30198,30195.25,30196,40
2026-08-17T00:55:00+00:00,30195.5,30198,30195,30198,69
2026-08-17T00:56:00+00:00,30198,30198,30193.75,30195.5,41
2026-08-17T00:57:00+00:00,30194.75,30196.5,30191.5,30196.5,38
2026-08-17T00:58:00+00:00,30196.5,30197.25,30195.25,30196,19
2026-08-17T00:59:00+00:00,30197.25,30202,30196.25,30201.75,91
2026-08-17T01:00:00+00:00,30201,30216.25,30199.75,30215,280
2026-08-17T01:01:00+00:00,30215.25,30220,30202.25,30218,237
2026-08-17T01:02:00+00:00,30218,30221,30213.75,30214,107
2026-08-17T01:03:00+00:00,30214,30225,30213.25,30222,143
2026-08-17T01:04:00+00:00,30223.25,30227.5,30219.25,30227,147
2026-08-17T01:05:00+00:00,30227.25,30233.25,30223.5,30226,256
2026-08-17T01:06:00+00:00,30225,30231,30224.25,30228.75,128
2026-08-17T01:07:00+00:00,30228.5,30233.25,30226.5,30232.25,118
2026-08-17T01:08:00+00:00,30231.5,30231.75,30226.75,30227.5,52
2026-08-17T01:09:00+00:00,30228.25,30230.25,30225,30226.5,80
2026-08-17T01:10:00+00:00,30225.25,30226.75,30217,30218.5,193
2026-08-17T01:11:00+00:00,30218.75,30219.25,30215,30215,72
2026-08-17T01:12:00+00:00,30215.5,30220.5,30214.5,30217.5,68
2026-08-17T01:13:00+00:00,30218,30219.5,30216,30216.5,41
2026-08-17T01:14:00+00:00,30216.75,30217.5,30213.75,30214.25,54
2026-08-17T01:15:00+00:00,30214.5,30216,30207.75,30207.75,160
2026-08-17T01:16:00+00:00,30207.75,30211.5,30203.75,30209.5,148
2026-08-17T01:17:00+00:00,30210.5,30212.75,30204.5,30208.25,232
2026-08-17T01:18:00+00:00,30210.25,30221.75,30209,30218.75,169
2026-08-17T01:19:00+00:00,30218.75,30221,30216.25,30220,84
2026-08-17T01:20:00+00:00,30220.5,30232.75,30219.25,30232,172
2026-08-17T01:21:00+00:00,30231.5,30235.5,30228.25,30230.75,129
2026-08-17T01:22:00+00:00,30231.25,30239,30231.25,30234,174
2026-08-17T01:23:00+00:00,30234.75,30235,30232,30232.75,54
2026-08-17T01:24:00+00:00,30232.75,30233.75,30228,30230,74
2026-08-17T01:25:00+00:00,30229,30233.25,30227.75,30232,42
2026-08-17T01:26:00+00:00,30233.25,30233.75,30230.5,30230.75,23
2026-08-17T01:27:00+00:00,30231,30232,30228.5,30231,39
2026-08-17T01:28:00+00:00,30231.5,30234.75,30231.5,30234.5,24
2026-08-17T01:29:00+00:00,30234.25,30234.5,30228,30229.75,38
2026-08-17T01:30:00+00:00,30230.25,30232.5,30225.75,30226.75,71
2026-08-17T01:31:00+00:00,30227,30228.75,30222.5,30222.5,73
2026-08-17T01:32:00+00:00,30222.5,30225.5,30222.25,30224.25,34
2026-08-17T01:33:00+00:00,30223.25,30223.25,30209,30209,201
2026-08-17T01:34:00+00:00,30209.5,30213.5,30199,30204.25,208
2026-08-17T01:35:00+00:00,30204.5,30205.25,30200.75,30203.25,93
2026-08-17T01:36:00+00:00,30202.5,30203.25,30196.75,30198,139
2026-08-17T01:37:00+00:00,30197.5,30201.5,30196.75,30196.75,62
2026-08-17T01:38:00+00:00,30198.5,30205.5,30197.25,30204.25,90
2026-08-17T01:39:00+00:00,30205.5,30211.5,30205,30211.25,105
2026-08-17T01:40:00+00:00,30211.75,30213.75,30209.25,30209.75,77
2026-08-17T01:41:00+00:00,30208.75,30210.75,30200.25,30201.75,93
2026-08-17T01:42:00+00:00,30201.5,30203.25,30194.25,30196.25,377
2026-08-17T01:43:00+00:00,30197,30197,30191,30192.75,105
2026-08-17T01:44:00+00:00,30193.5,30199.5,30192.25,30199,52
2026-08-17T01:45:00+00:00,30198.5,30198.5,30192.75,30194.75,68
2026-08-17T01:46:00+00:00,30194.75,30199.75,30194,30199.5,51
2026-08-17T01:47:00+00:00,30199.25,30200.25,30195.75,30199.5,45
2026-08-17T01:48:00+00:00,30198.5,30203.25,30198.25,30202.5,67
2026-08-17T01:49:00+00:00,30201.75,30202.5,30198.75,30199.5,31
2026-08-17T01:50:00+00:00,30198.75,30199.5,30193.25,30196,110
2026-08-17T01:51:00+00:00,30195.75,30196.25,30187,30189,87
2026-08-17T01:52:00+00:00,30190,30192,30188.75,30189.5,83
2026-08-17T01:53:00+00:00,30189.75,30192,30188.25,30190,51
2026-08-17T01:54:00+00:00,30190.5,30193,30190.5,30192.5,19
2026-08-17T01:55:00+00:00,30192.75,30195,30191.75,30194,43
2026-08-17T01:56:00+00:00,30193.25,30194.25,30190.75,30192.25,38
2026-08-17T01:57:00+00:00,30192.25,30193,30189,30191.75,36
2026-08-17T01:58:00+00:00,30192.5,30195.25,30192.25,30194,44
2026-08-17T01:59:00+00:00,30193.25,30194,30191.25,30192,15
2026-08-17T02:00:00+00:00,30192,30194.5,30191.5,30193,32
2026-08-17T02:01:00+00:00,30193,30194.25,30192.5,30192.5,21
2026-08-17T02:02:00+00:00,30191.75,30192.75,30188,30189,82
2026-08-17T02:03:00+00:00,30190.25,30190.75,30187.25,30189.5,36
2026-08-17T02:04:00+00:00,30188.75,30191.25,30188.25,30189.5,32
2026-08-17T02:05:00+00:00,30189.25,30192,30185.25,30190,97
2026-08-17T02:06:00+00:00,30191,30191.75,30186.75,30188,77
2026-08-17T02:07:00+00:00,30188,30191,30185.75,30188.75,88
2026-08-17T02:08:00+00:00,30189.5,30196,30189.25,30195.5,91
2026-08-17T02:09:00+00:00,30194.75,30198.5,30193.5,30196,129
2026-08-17T02:10:00+00:00,30196.75,30196.75,30194,30194.5,31
2026-08-17T02:11:00+00:00,30194,30197,30192.25,30196.25,39
2026-08-17T02:12:00+00:00,30198.25,30199.5,30194.5,30195.75,66
2026-08-17T02:13:00+00:00,30196,30199.5,30196,30198.25,34
2026-08-17T02:14:00+00:00,30199.25,30200.5,30198.25,30200.25,45
2026-08-17T02:15:00+00:00,30200.75,30201,30197.75,30199,23
2026-08-17T02:16:00+00:00,30198.75,30202.25,30198.5,30201.25,31
2026-08-17T02:17:00+00:00,30201.25,30203.5,30200.5,30202.25,33
2026-08-17T02:18:00+00:00,30202.5,30204,30201.75,30203.25,23
2026-08-17T02:19:00+00:00,30203.5,30204.5,30200.75,30201.75,72
2026-08-17T02:20:00+00:00,30201.25,30205,30200.75,30201.5,57
2026-08-17T02:21:00+00:00,30202.5,30216.5,30202,30214.5,631
2026-08-17T02:22:00+00:00,30213.75,30215.75,30211.75,30213,135
2026-08-17T02:23:00+00:00,30213.25,30222.25,30212,30221.5,185
2026-08-17T02:24:00+00:00,30220.25,30220.25,30214,30214.25,106
2026-08-17T02:25:00+00:00,30215.25,30216.5,30211.75,30215,87
2026-08-17T02:26:00+00:00,30216.5,30217,30216,30216,17
2026-08-17T02:27:00+00:00,30216.75,30218,30216.25,30217.5,21
2026-08-17T02:28:00+00:00,30217.5,30217.5,30215.75,30217.25,32
2026-08-17T02:29:00+00:00,30215.75,30218,30215.25,30217.25,19
2026-08-17T02:30:00+00:00,30216.75,30219.5,30211.75,30218.5,114
2026-08-17T02:31:00+00:00,30218.25,30220.5,30216.75,30220.5,38
2026-08-17T02:32:00+00:00,30219.75,30223.5,30219.5,30220.75,62
2026-08-17T02:33:00+00:00,30221,30221,30217.5,30218.25,49
2026-08-17T02:34:00+00:00,30215.75,30218.75,30214.75,30218,44
2026-08-17T02:35:00+00:00,30218.25,30218.25,30215.5,30216.25,13
2026-08-17T02:36:00+00:00,30215.5,30215.5,30212.75,30214.25,32
2026-08-17T02:37:00+00:00,30214,30214,30212.25,30213.25,42
2026-08-17T02:38:00+00:00,30213.5,30216,30212.25,30215.25,45
2026-08-17T02:39:00+00:00,30215,30219.5,30215,30217.75,38
2026-08-17T02:40:00+00:00,30217,30218.5,30216.5,30217.5,15
2026-08-17T02:41:00+00:00,30218.75,30220,30218,30219,21
2026-08-17T02:42:00+00:00,30219.25,30219.5,30218.25,30219.5,7
2026-08-17T02:43:00+00:00,30219.25,30224.75,30219.25,30224.5,55
2026-08-17T02:44:00+00:00,30223.75,30225,30220,30222.25,50
2026-08-17T02:45:00+00:00,30220.5,30223,30220.5,30222.5,27
2026-08-17T02:46:00+00:00,30222,30223.25,30220.5,30222.25,20
2026-08-17T02:47:00+00:00,30222,30223.75,30220.25,30222.25,39
2026-08-17T02:48:00+00:00,30224,30227.25,30221.75,30222.5,103
2026-08-17T02:49:00+00:00,30222.5,30225.5,30221.5,30225.25,63
2026-08-17T02:50:00+00:00,30225,30226.25,30223.75,30225.5,37
2026-08-17T02:51:00+00:00,30225.25,30228.75,30224.5,30228.25,58
2026-08-17T02:52:00+00:00,30229,30230.5,30228.25,30228.75,75
2026-08-17T02:53:00+00:00,30229.5,30231.25,30224.5,30224.5,80
2026-08-17T02:54:00+00:00,30225.25,30226.5,30222.25,30224.5,67
2026-08-17T02:55:00+00:00,30224,30224,30221.25,30222.25,66
2026-08-17T02:56:00+00:00,30223.25,30224,30222,30223.25,31
2026-08-17T02:57:00+00:00,30223.5,30224,30220.75,30221.75,30
2026-08-17T02:58:00+00:00,30221,30223.5,30220,30220.5,40
2026-08-17T02:59:00+00:00,30220.5,30222.25,30220.25,30222.25,32
2026-08-17T03:00:00+00:00,30223,30225.75,30220.75,30223.75,135
2026-08-17T03:01:00+00:00,30224,30227,30223.5,30224,54
2026-08-17T03:02:00+00:00,30225.5,30227.5,30224.75,30224.75,40
2026-08-17T03:03:00+00:00,30224.25,30226.5,30222,30225.75,32
2026-08-17T03:04:00+00:00,30225.75,30229,30224.75,30229,37
2026-08-17T03:05:00+00:00,30228.5,30228.5,30225.5,30225.75,32
2026-08-17T03:06:00+00:00,30225.25,30225.25,30223.5,30223.5,22
2026-08-17T03:07:00+00:00,30224.5,30227,30224,30226.25,26
2026-08-17T03:08:00+00:00,30226,30227,30223.25,30225.5,41
2026-08-17T03:09:00+00:00,30225.75,30233.5,30225.75,30232.5,141
2026-08-17T03:10:00+00:00,30232.25,30235,30229.75,30233,82
2026-08-17T03:11:00+00:00,30231.5,30232.5,30222.5,30224.75,116
2026-08-17T03:12:00+00:00,30225.25,30227.25,30224,30226,49
2026-08-17T03:13:00+00:00,30226,30227.25,30226,30226.75,16
2026-08-17T03:14:00+00:00,30226.75,30228,30223.5,30226,39
2026-08-17T03:15:00+00:00,30227.5,30229.75,30226.75,30229.25,21
2026-08-17T03:16:00+00:00,30230,30234.75,30228,30234,61
2026-08-17T03:17:00+00:00,30233,30235.5,30231.5,30233.25,38
2026-08-17T03:18:00+00:00,30233.75,30234,30228,30228.25,19
2026-08-17T03:19:00+00:00,30228.25,30231.5,30227.5,30231.5,39
2026-08-17T03:20:00+00:00,30231.5,30233.5,30231.5,30232.75,19
2026-08-17T03:21:00+00:00,30232.75,30233.25,30231.5,30231.5,24
2026-08-17T03:22:00+00:00,30231.75,30234.75,30231.5,30234.25,25
2026-08-17T03:23:00+00:00,30233.25,30233.25,30230.5,30231.5,26
2026-08-17T03:24:00+00:00,30231,30233,30231,30233,9
2026-08-17T03:25:00+00:00,30232.75,30232.75,30230.5,30231.75,16
2026-08-17T03:26:00+00:00,30231.5,30234.25,30231.25,30232,41
2026-08-17T03:27:00+00:00,30232.75,30232.75,30229.25,30229.5,15
2026-08-17T03:28:00+00:00,30229.25,30233.75,30229.25,30233,28
2026-08-17T03:29:00+00:00,30233,30234.25,30232.25,30234.25,9
2026-08-17T03:30:00+00:00,30234.75,30235.25,30230.75,30232.5,22
2026-08-17T03:31:00+00:00,30232.5,30232.75,30226,30228,44
2026-08-17T03:32:00+00:00,30227,30230.75,30227,30230.75,22
2026-08-17T03:33:00+00:00,30231,30232.5,30230,30232.5,17
2026-08-17T03:34:00+00:00,30232.75,30236.25,30232.75,30235.5,59
2026-08-17T03:35:00+00:00,30235,30238,30233.75,30236,75
2026-08-17T03:36:00+00:00,30236,30238.5,30235.75,30237.5,41
2026-08-17T03:37:00+00:00,30237,30237.75,30235.75,30237.5,23
2026-08-17T03:38:00+00:00,30238.25,30240,30238,30238,61
2026-08-17T03:39:00+00:00,30239.75,30240,30238.25,30239.5,34
2026-08-17T03:40:00+00:00,30239.25,30240.75,30238,30239,51
2026-08-17T03:41:00+00:00,30239,30244,30238.75,30242.5,75
2026-08-17T03:42:00+00:00,30242.75,30243.25,30240.25,30243,59
2026-08-17T03:43:00+00:00,30243,30247.25,30241,30244.75,128
2026-08-17T03:44:00+00:00,30244.25,30244.5,30239.75,30241.5,71
2026-08-17T03:45:00+00:00,30241.25,30243,30241.25,30243,13
2026-08-17T03:46:00+00:00,30242.75,30243.25,30240.25,30241,30
2026-08-17T03:47:00+00:00,30241.5,30242,30241,30242,11
2026-08-17T03:48:00+00:00,30241.25,30241.25,30239,30240.25,47
2026-08-17T03:49:00+00:00,30241,30245.25,30238.75,30243,77
2026-08-17T03:50:00+00:00,30244.25,30244.5,30239.75,30242.25,53
2026-08-17T03:51:00+00:00,30242.5,30243,30240.25,30241.75,16
2026-08-17T03:52:00+00:00,30241.75,30242.75,30241.5,30242.5,7
2026-08-17T03:53:00+00:00,30242.25,30243.25,30241.75,30241.75,12
2026-08-17T03:54:00+00:00,30243,30245,30243,30244.5,26
2026-08-17T03:55:00+00:00,30243.5,30245.5,30243.5,30245.25,19
2026-08-17T03:56:00+00:00,30245.75,30246.25,30243.75,30246.25,28
2026-08-17T03:57:00+00:00,30246.25,30246.25,30244,30245.75,34
2026-08-17T03:58:00+00:00,30245.5,30246.25,30244.75,30245.75,26
2026-08-17T03:59:00+00:00,30246.25,30246.5,30244.5,30246.5,36
2026-08-17T04:00:00+00:00,30246.75,30249.25,30245,30245.25,87
2026-08-17T04:01:00+00:00,30245.25,30247.25,30243.5,30244.25,88
2026-08-17T04:02:00+00:00,30244.5,30245.5,30243.75,30245.5,42
2026-08-17T04:03:00+00:00,30245.25,30247.5,30244,30246.25,42
2026-08-17T04:04:00+00:00,30246.25,30247.25,30245.5,30246.75,25
2026-08-17T04:05:00+00:00,30247.5,30251,30246.5,30249.75,146
2026-08-17T04:06:00+00:00,30250.25,30250.25,30246,30246.75,50
2026-08-17T04:07:00+00:00,30246.75,30248,30245.75,30246.75,25
2026-08-17T04:08:00+00:00,30247.75,30248,30246.5,30247,8
2026-08-17T04:09:00+00:00,30246.75,30247.25,30246.5,30246.75,6
2026-08-17T04:10:00+00:00,30247.25,30248,30246.25,30247.25,30
2026-08-17T04:11:00+00:00,30248.25,30250.5,30247.5,30247.75,62
2026-08-17T04:12:00+00:00,30248,30249.25,30247.25,30247.5,34
2026-08-17T04:13:00+00:00,30247,30251.25,30247,30250.75,82
2026-08-17T04:14:00+00:00,30250.5,30255,30250,30251.25,120
2026-08-17T04:15:00+00:00,30250.5,30251,30249.5,30250.5,20
2026-08-17T04:16:00+00:00,30250.5,30250.5,30248,30248,28
2026-08-17T04:17:00+00:00,30247.75,30250,30246.25,30247,46
2026-08-17T04:18:00+00:00,30247.5,30248.75,30246,30246,46
2026-08-17T04:19:00+00:00,30247.5,30250.5,30246.75,30250.5,25
2026-08-17T04:20:00+00:00,30250.25,30252.25,30248.75,30250.25,30
2026-08-17T04:21:00+00:00,30250.25,30250.25,30246.5,30247.25,37
2026-08-17T04:22:00+00:00,30247.5,30249.75,30245.5,30247,79
2026-08-17T04:23:00+00:00,30247.5,30248.5,30244.5,30245,44
2026-08-17T04:24:00+00:00,30244.5,30245.5,30243.5,30243.75,24
2026-08-17T04:25:00+00:00,30244.25,30246.25,30244.25,30245.5,39
2026-08-17T04:26:00+00:00,30244.75,30245.5,30242.5,30243,66
2026-08-17T04:27:00+00:00,30243.5,30244.25,30241,30243.5,39
2026-08-17T04:28:00+00:00,30242.5,30242.5,30242.5,30242.5,1
2026-08-17T04:29:00+00:00,30242.5,30243,30240.5,30241,24
2026-08-17T04:30:00+00:00,30241,30241,30236.25,30237.5,88
2026-08-17T04:31:00+00:00,30237.75,30240,30237,30240,36
2026-08-17T04:32:00+00:00,30237.5,30237.75,30233.25,30234.75,129
2026-08-17T04:33:00+00:00,30235.5,30236.75,30235.25,30236.5,16
2026-08-17T04:34:00+00:00,30237.25,30238,30236.5,30236.5,23
2026-08-17T04:35:00+00:00,30236.75,30238.25,30235,30237.5,36
2026-08-17T04:36:00+00:00,30237.75,30239,30236.5,30239,25
2026-08-17T04:37:00+00:00,30238.25,30238.75,30237.25,30238.25,20
2026-08-17T04:38:00+00:00,30239,30239.75,30238.25,30238.5,16
2026-08-17T04:39:00+00:00,30239.25,30239.25,30238,30238.75,8
2026-08-17T04:40:00+00:00,30239.5,30243.5,30239,30243,68
2026-08-17T04:41:00+00:00,30242.75,30243.5,30240.75,30243.5,58
2026-08-17T04:42:00+00:00,30243,30244.25,30242.75,30243.5,25
2026-08-17T04:43:00+00:00,30243.75,30244.5,30242.75,30243,30
2026-08-17T04:44:00+00:00,30242.75,30244.75,30242.75,30243.5,8
2026-08-17T04:45:00+00:00,30244,30246,30244,30244.5,34
2026-08-17T04:46:00+00:00,30244.25,30245.75,30243.5,30244,16
2026-08-17T04:47:00+00:00,30244.75,30248.5,30244.75,30246.75,53
2026-08-17T04:48:00+00:00,30245.75,30245.75,30242.75,30242.75,34
2026-08-17T04:49:00+00:00,30241.75,30242.5,30239.75,30240,32
2026-08-17T04:50:00+00:00,30240.75,30242.25,30239.75,30240,35
2026-08-17T04:51:00+00:00,30240,30240,30234,30235,118
2026-08-17T04:52:00+00:00,30235.25,30236.75,30233,30234,82
2026-08-17T04:53:00+00:00,30234,30235.25,30234,30235.25,20
2026-08-17T04:54:00+00:00,30235.25,30236,30235,30235.25,9
2026-08-17T04:55:00+00:00,30235.5,30237.5,30235.25,30236,21
2026-08-17T04:56:00+00:00,30237.75,30238.25,30235,30236.25,48
2026-08-17T04:57:00+00:00,30236.25,30237.5,30234.75,30235.5,19
2026-08-17T04:58:00+00:00,30235,30236,30234.25,30234.25,9
2026-08-17T04:59:00+00:00,30234.5,30235.75,30234,30234.75,13
2026-08-17T05:00:00+00:00,30234.5,30239,30234.5,30236.75,53
2026-08-17T05:01:00+00:00,30236.5,30240,30236.25,30238.75,49
2026-08-17T05:02:00+00:00,30240,30244.25,30240,30242.25,67
2026-08-17T05:03:00+00:00,30243.5,30245.5,30242.75,30244.5,43
2026-08-17T05:04:00+00:00,30243.5,30243.75,30240.5,30241.5,45
2026-08-17T05:05:00+00:00,30241.5,30241.5,30237.25,30238.25,32
2026-08-17T05:06:00+00:00,30238.25,30242.5,30238.25,30240,30
2026-08-17T05:07:00+00:00,30240.25,30242.75,30240.25,30240.5,38
2026-08-17T05:08:00+00:00,30240.75,30245.25,30240.75,30245,25
2026-08-17T05:09:00+00:00,30244.75,30247,30244.75,30247,19
2026-08-17T05:10:00+00:00,30246,30246.5,30243,30243.75,47
2026-08-17T05:11:00+00:00,30243,30243.5,30242,30242,13
2026-08-17T05:12:00+00:00,30242.75,30243,30240.75,30242,48
2026-08-17T05:13:00+00:00,30242.5,30242.5,30238.5,30239.75,24
2026-08-17T05:14:00+00:00,30239.25,30243.25,30239.25,30241.25,14
2026-08-17T05:15:00+00:00,30243,30245.75,30243,30245.75,55
2026-08-17T05:16:00+00:00,30246,30246.75,30244.5,30244.5,17
2026-08-17T05:17:00+00:00,30244.25,30245.5,30241.5,30245.5,19
2026-08-17T05:18:00+00:00,30244.5,30244.5,30241.75,30243.5,14
2026-08-17T05:19:00+00:00,30244.5,30244.5,30243.5,30244,6
2026-08-17T05:20:00+00:00,30243.75,30245.25,30241.25,30244,30
2026-08-17T05:21:00+00:00,30244.5,30245.5,30242.75,30242.75,27
2026-08-17T05:22:00+00:00,30243,30245,30239.5,30239.5,28
2026-08-17T05:23:00+00:00,30240.75,30241.75,30238.5,30238.75,36
2026-08-17T05:24:00+00:00,30238.75,30239.5,30236,30236.25,24
2026-08-17T05:25:00+00:00,30235.25,30236.75,30230.5,30233.5,71
2026-08-17T05:26:00+00:00,30235,30236.75,30235,30236,13
2026-08-17T05:27:00+00:00,30237,30240.5,30236.75,30240.25,42
2026-08-17T05:28:00+00:00,30239,30240.75,30238.25,30240,12
2026-08-17T05:29:00+00:00,30238.75,30244.5,30238.75,30243.75,53
2026-08-17T05:30:00+00:00,30244.5,30248.5,30237.25,30243.5,196
2026-08-17T05:31:00+00:00,30244.5,30244.5,30241.5,30243,26
2026-08-17T05:32:00+00:00,30243.75,30258.5,30243.25,30250.5,365
2026-08-17T05:33:00+00:00,30251.5,30255.25,30249.75,30254.5,28
2026-08-17T05:34:00+00:00,30254,30257.25,30252.5,30257.25,41
2026-08-17T05:35:00+00:00,30256,30256.5,30252,30252.25,40
2026-08-17T05:36:00+00:00,30253,30253.25,30249.75,30249.75,32
2026-08-17T05:37:00+00:00,30250.5,30253.5,30250,30253,37
2026-08-17T05:38:00+00:00,30254,30258.5,30254,30257.75,43
2026-08-17T05:39:00+00:00,30257.75,30258.5,30256.25,30258.5,27
2026-08-17T05:40:00+00:00,30258.75,30262,30257.75,30262,110
2026-08-17T05:41:00+00:00,30262,30262.25,30259.75,30260.5,38
2026-08-17T05:42:00+00:00,30260.5,30261.25,30258.5,30260.25,23
2026-08-17T05:43:00+00:00,30260,30262,30260,30260.5,32
2026-08-17T05:44:00+00:00,30261,30263,30260.5,30263,37
2026-08-17T05:45:00+00:00,30263,30263.5,30262.25,30263.25,34
2026-08-17T05:46:00+00:00,30263.5,30263.5,30261.25,30261.75,28
2026-08-17T05:47:00+00:00,30262,30265.25,30262,30264.5,31
2026-08-17T05:48:00+00:00,30265,30266.25,30264.75,30265.25,45
2026-08-17T05:49:00+00:00,30265.5,30274,30265.5,30272.25,118
2026-08-17T05:50:00+00:00,30271.25,30271.5,30266,30268.75,88
2026-08-17T05:51:00+00:00,30268.75,30271,30268,30268.5,49
2026-08-17T05:52:00+00:00,30269.5,30270.5,30267.75,30269.25,29
2026-08-17T05:53:00+00:00,30269.5,30272,30269.5,30271.25,39
2026-08-17T05:54:00+00:00,30271,30273.5,30269.75,30270.25,81
2026-08-17T05:55:00+00:00,30269.5,30272.5,30268,30272.5,28
2026-08-17T05:56:00+00:00,30272.5,30274,30271,30271,46
2026-08-17T05:57:00+00:00,30271.25,30271.5,30269.5,30270.25,17
2026-08-17T05:58:00+00:00,30271,30273.25,30271,30272.75,48
2026-08-17T05:59:00+00:00,30272.25,30273.75,30271.75,30272,30
2026-08-17T06:00:00+00:00,30273.25,30280.5,30266.75,30271,443
2026-08-17T06:01:00+00:00,30271.25,30277.25,30271.25,30277.25,75
2026-08-17T06:02:00+00:00,30278,30282.25,30277.75,30282.25,146
2026-08-17T06:03:00+00:00,30280.75,30282,30278.25,30281,85
2026-08-17T06:04:00+00:00,30281.5,30292,30280.25,30290.5,363
2026-08-17T06:05:00+00:00,30291,30294,30289.25,30292.75,258
2026-08-17T06:06:00+00:00,30292.5,30293.5,30291.25,30292.75,50
2026-08-17T06:07:00+00:00,30293.25,30295,30291.75,30293.5,96
2026-08-17T06:08:00+00:00,30293.5,30294.25,30291,30291.75,88
2026-08-17T06:09:00+00:00,30291,30292.75,30289.75,30290.25,50
2026-08-17T06:10:00+00:00,30290.5,30291.75,30288,30288.5,52
2026-08-17T06:11:00+00:00,30288.75,30290,30285.5,30288.5,97
2026-08-17T06:12:00+00:00,30288.75,30290.75,30287,30289,28
2026-08-17T06:13:00+00:00,30289,30291,30289,30289,31
2026-08-17T06:14:00+00:00,30288,30289.25,30286.75,30287.5,41
2026-08-17T06:15:00+00:00,30287.75,30287.75,30278.5,30280,112
2026-08-17T06:16:00+00:00,30280.5,30282.25,30275.25,30275.25,92
2026-08-17T06:17:00+00:00,30275.75,30277,30272,30275.25,126
2026-08-17T06:18:00+00:00,30274.75,30279.5,30274.5,30278.75,60
2026-08-17T06:19:00+00:00,30278.75,30278.75,30275.5,30276.75,24
2026-08-17T06:20:00+00:00,30277,30278.25,30274.75,30276.25,48
2026-08-17T06:21:00+00:00,30277.25,30277.5,30274.5,30274.5,12
2026-08-17T06:22:00+00:00,30274.25,30276.5,30272.75,30276.5,25
2026-08-17T06:23:00+00:00,30276.25,30286.75,30276,30286.5,206
2026-08-17T06:24:00+00:00,30286.75,30287.75,30284.5,30286.5,81
2026-08-17T06:25:00+00:00,30286,30287.25,30285,30286.5,73
2026-08-17T06:26:00+00:00,30286.5,30287.5,30285.75,30287,79
2026-08-17T06:27:00+00:00,30287.75,30291.5,30287.25,30290.25,79
2026-08-17T06:28:00+00:00,30290.75,30296.5,30290.25,30295.5,168
2026-08-17T06:29:00+00:00,30296,30299,30295.75,30296.75,184
2026-08-17T06:30:00+00:00,30297.25,30298.5,30295,30295.5,71
2026-08-17T06:31:00+00:00,30296,30299,30295,30296.75,184
2026-08-17T06:32:00+00:00,30296.75,30298,30294,30296.25,114
2026-08-17T06:33:00+00:00,30297,30303,30296.5,30302,720
2026-08-17T06:34:00+00:00,30301.75,30310.25,30301,30306.5,310
2026-08-17T06:35:00+00:00,30307.25,30312.75,30307.25,30311,191
2026-08-17T06:36:00+00:00,30312,30313.5,30308.25,30308.5,96
2026-08-17T06:37:00+00:00,30309,30312.5,30309,30312.5,123
2026-08-17T06:38:00+00:00,30312,30316.75,30311.25,30315.25,63
2026-08-17T06:39:00+00:00,30316,30323.25,30315,30322,269
2026-08-17T06:40:00+00:00,30322.25,30327,30320.5,30322.75,241
2026-08-17T06:41:00+00:00,30322.5,30326.5,30317.75,30322.75,145
2026-08-17T06:42:00+00:00,30322,30324,30321.25,30322.5,74
2026-08-17T06:43:00+00:00,30322.25,30326,30321,30321.25,61
2026-08-17T06:44:00+00:00,30321.75,30321.75,30311.5,30314.5,145
2026-08-17T06:45:00+00:00,30315,30316.75,30313.25,30314.25,45
2026-08-17T06:46:00+00:00,30314,30314,30311,30313.75,95
2026-08-17T06:47:00+00:00,30314,30319,30313.75,30317.5,42
2026-08-17T06:48:00+00:00,30317.25,30322.75,30315.5,30322.5,55
2026-08-17T06:49:00+00:00,30323,30325.5,30320,30324.25,73
2026-08-17T06:50:00+00:00,30325.25,30326,30322.25,30322.25,29
2026-08-17T06:51:00+00:00,30323,30323,30320.75,30321,14
2026-08-17T06:52:00+00:00,30321.25,30321.25,30319.5,30320.25,10
2026-08-17T06:53:00+00:00,30320.5,30321.5,30319,30320.75,25
2026-08-17T06:54:00+00:00,30319.25,30319.25,30316.25,30316.25,24
2026-08-17T06:55:00+00:00,30317,30317,30315.75,30316.75,14
2026-08-17T06:56:00+00:00,30318.25,30318.75,30316.5,30317.75,31
2026-08-17T06:57:00+00:00,30318.25,30319.25,30314.5,30315.5,40
2026-08-17T06:58:00+00:00,30315.75,30324.5,30315.75,30321.5,50
2026-08-17T06:59:00+00:00,30322,30325,30319.5,30324.5,40
2026-08-17T07:00:00+00:00,30324.75,30325.25,30314,30322.75,199
2026-08-17T07:01:00+00:00,30322.25,30331.5,30321.75,30327.25,193
2026-08-17T07:02:00+00:00,30326.25,30326.75,30313.75,30317.5,235
2026-08-17T07:03:00+00:00,30317.75,30317.75,30306,30308.25,203
2026-08-17T07:04:00+00:00,30308,30312.25,30307.25,30311.25,65
2026-08-17T07:05:00+00:00,30311.25,30313,30310,30311.5,79
2026-08-17T07:06:00+00:00,30310.75,30311.5,30299.5,30301.5,207
2026-08-17T07:07:00+00:00,30302,30302.5,30298.5,30299.75,100
2026-08-17T07:08:00+00:00,30301.25,30303.75,30299.75,30301.5,41
2026-08-17T07:09:00+00:00,30301,30304.75,30299.75,30301,95
2026-08-17T07:10:00+00:00,30301.25,30301.5,30296,30296.25,61
2026-08-17T07:11:00+00:00,30296.25,30296.75,30286.5,30287,139
2026-08-17T07:12:00+00:00,30287.25,30289.75,30284.75,30284.75,86
2026-08-17T07:13:00+00:00,30285.5,30286.25,30278.75,30280,183
2026-08-17T07:14:00+00:00,30280.25,30282.25,30273.25,30275,195
2026-08-17T07:15:00+00:00,30276,30276.75,30261,30262,280
2026-08-17T07:16:00+00:00,30261.75,30271,30261.5,30270.75,134
2026-08-17T07:17:00+00:00,30269.5,30270.25,30262,30266.25,153
2026-08-17T07:18:00+00:00,30266.5,30273.75,30265.75,30269.75,107
2026-08-17T07:19:00+00:00,30269.75,30270,30265.25,30267,118
2026-08-17T07:20:00+00:00,30270,30270.25,30264.5,30265.5,64
2026-08-17T07:21:00+00:00,30265.75,30272.75,30265,30271.75,54
2026-08-17T07:22:00+00:00,30272.5,30273.5,30268.75,30272.75,80
2026-08-17T07:23:00+00:00,30272.75,30274,30271.5,30273.25,36
2026-08-17T07:24:00+00:00,30272,30274.5,30265.75,30271,132
2026-08-17T07:25:00+00:00,30269.25,30270.5,30266,30269.25,64
2026-08-17T07:26:00+00:00,30269.75,30270.25,30265,30267,75
2026-08-17T07:27:00+00:00,30267.25,30273.5,30263,30273.5,103
2026-08-17T07:28:00+00:00,30273.5,30276.5,30270.5,30276,93
2026-08-17T07:29:00+00:00,30275,30280.5,30273.5,30279.75,129
2026-08-17T07:30:00+00:00,30279.75,30284.5,30278.5,30281,145
2026-08-17T07:31:00+00:00,30280.5,30282.25,30276.75,30281.25,71
2026-08-17T07:32:00+00:00,30279.5,30288.25,30279.25,30285.75,120
2026-08-17T07:33:00+00:00,30287,30291.75,30285.75,30290,109
2026-08-17T07:34:00+00:00,30290.5,30300,30290,30297,148
2026-08-17T07:35:00+00:00,30297,30301.25,30296.5,30300.5,77
2026-08-17T07:36:00+00:00,30301.25,30315,30299.5,30314.5,203
2026-08-17T07:37:00+00:00,30313.75,30322,30313.75,30315.75,210
2026-08-17T07:38:00+00:00,30316.25,30317.5,30315,30316.5,50
2026-08-17T07:39:00+00:00,30316.75,30320.75,30315.25,30318.25,135
2026-08-17T07:40:00+00:00,30318.25,30320.5,30317.75,30318,61
2026-08-17T07:41:00+00:00,30319,30324.25,30318,30321.5,122
2026-08-17T07:42:00+00:00,30322.25,30323.25,30316,30316.5,79
2026-08-17T07:43:00+00:00,30316.5,30321.5,30316.25,30321,62
2026-08-17T07:44:00+00:00,30318.75,30320,30316.75,30318.25,27
2026-08-17T07:45:00+00:00,30317.75,30320.25,30313.5,30319.25,89
2026-08-17T07:46:00+00:00,30319.25,30322.25,30318.5,30322.25,35
2026-08-17T07:47:00+00:00,30322.25,30322.5,30316.5,30319.75,45
2026-08-17T07:48:00+00:00,30320,30320.25,30315.25,30317,55
2026-08-17T07:49:00+00:00,30316.5,30318.5,30312.75,30313.75,77
2026-08-17T07:50:00+00:00,30314,30316.25,30312.5,30315.25,38
2026-08-17T07:51:00+00:00,30315.75,30316,30312,30316,38
2026-08-17T07:52:00+00:00,30317.75,30318.75,30312,30314.25,155
2026-08-17T07:53:00+00:00,30312.5,30315,30312,30313.75,41
2026-08-17T07:54:00+00:00,30314.25,30315,30307.5,30310,116
2026-08-17T07:55:00+00:00,30309.25,30312,30306.75,30311.25,123
2026-08-17T07:56:00+00:00,30310.25,30310.5,30306.75,30307.25,47
2026-08-17T07:57:00+00:00,30307.25,30311,30307.25,30308,56
2026-08-17T07:58:00+00:00,30308.5,30313.25,30307.5,30309.75,102
2026-08-17T07:59:00+00:00,30310,30314,30308.5,30313,93
2026-08-17T08:00:00+00:00,30312,30313,30297,30301.5,292
2026-08-17T08:01:00+00:00,30301.5,30310.5,30301.5,30308.25,104
2026-08-17T08:02:00+00:00,30308.25,30315,30303.5,30311.75,94
2026-08-17T08:03:00+00:00,30313.75,30318,30311.75,30314,101
2026-08-17T08:04:00+00:00,30314.75,30317,30311,30313.75,79
2026-08-17T08:05:00+00:00,30314.25,30315.5,30307.5,30309.5,124
2026-08-17T08:06:00+00:00,30309.25,30316.75,30303.5,30306,190
2026-08-17T08:07:00+00:00,30306.75,30309.5,30300.5,30309,80
2026-08-17T08:08:00+00:00,30309,30320,30308.75,30318,130
2026-08-17T08:09:00+00:00,30319,30319.5,30316.75,30319,50
2026-08-17T08:10:00+00:00,30320,30328,30318.25,30321.75,175
2026-08-17T08:11:00+00:00,30322.5,30324.5,30306.25,30306.25,130
2026-08-17T08:12:00+00:00,30307.25,30316.75,30304.5,30315.75,93
2026-08-17T08:13:00+00:00,30315.75,30316,30311.5,30312.75,57
2026-08-17T08:14:00+00:00,30311.75,30313.25,30306,30307.25,57
2026-08-17T08:15:00+00:00,30307.25,30312.25,30304.75,30312.25,39
2026-08-17T08:16:00+00:00,30312,30313.25,30309,30313.25,33
2026-08-17T08:17:00+00:00,30313.5,30316.25,30309.5,30309.75,41
2026-08-17T08:18:00+00:00,30309,30319.5,30308,30317.25,78
2026-08-17T08:19:00+00:00,30318,30318,30303,30303.75,52
2026-08-17T08:20:00+00:00,30304.75,30309.25,30303.5,30308.25,34
2026-08-17T08:21:00+00:00,30309,30311.5,30307.5,30310.5,39
2026-08-17T08:22:00+00:00,30309.25,30312.5,30308.25,30309,44
2026-08-17T08:23:00+00:00,30310.25,30312.75,30308.25,30309.5,51
2026-08-17T08:24:00+00:00,30311.25,30317.5,30308,30314.75,55
2026-08-17T08:25:00+00:00,30315,30319.25,30314.25,30316,69
2026-08-17T08:26:00+00:00,30316,30318.5,30312.25,30314.5,36
2026-08-17T08:27:00+00:00,30314,30315.5,30310.5,30313.5,37
2026-08-17T08:28:00+00:00,30313.25,30313.75,30310.5,30311.5,30
2026-08-17T08:29:00+00:00,30313.25,30315.25,30312,30315.25,47
2026-08-17T08:30:00+00:00,30314,30317.5,30313.5,30314.5,37
2026-08-17T08:31:00+00:00,30314.25,30317.25,30312.25,30314,62
2026-08-17T08:32:00+00:00,30314.5,30317,30312.25,30315.25,46
2026-08-17T08:33:00+00:00,30316,30319,30315.5,30316.75,27
2026-08-17T08:34:00+00:00,30314.75,30318.5,30308.5,30308.5,86
2026-08-17T08:35:00+00:00,30309,30316.25,30307.25,30314,46
2026-08-17T08:36:00+00:00,30314.75,30318,30313,30313.75,46
2026-08-17T08:37:00+00:00,30315,30316,30310,30312.5,48
2026-08-17T08:38:00+00:00,30312.75,30313.5,30308.5,30311.5,60
2026-08-17T08:39:00+00:00,30312,30312,30305,30306,48
2026-08-17T08:40:00+00:00,30306.25,30306.25,30300.75,30301.75,68
2026-08-17T08:41:00+00:00,30301.5,30302.25,30291.75,30291.75,125
2026-08-17T08:42:00+00:00,30291.25,30294.5,30288.75,30291,111
2026-08-17T08:43:00+00:00,30290.25,30293.5,30289,30293,49
2026-08-17T08:44:00+00:00,30294,30294,30287.5,30288.25,46
2026-08-17T08:45:00+00:00,30288.25,30290.5,30287.5,30289.5,53
2026-08-17T08:46:00+00:00,30291,30292,30289.5,30291.5,28
2026-08-17T08:47:00+00:00,30291.5,30293.75,30290.5,30293,22
2026-08-17T08:48:00+00:00,30293.75,30297.25,30292.25,30294,34
2026-08-17T08:49:00+00:00,30294.75,30295,30289.5,30295,40
2026-08-17T08:50:00+00:00,30294,30296.5,30290.25,30295.25,72
2026-08-17T08:51:00+00:00,30295.75,30295.75,30288,30290.25,54
2026-08-17T08:52:00+00:00,30289.75,30291,30287.5,30289.75,23
2026-08-17T08:53:00+00:00,30289.75,30291.25,30283.75,30290.25,94
2026-08-17T08:54:00+00:00,30290,30295,30289,30293.75,40
2026-08-17T08:55:00+00:00,30293,30294.25,30290.25,30290.25,41
2026-08-17T08:56:00+00:00,30290.75,30301.75,30290.25,30301.75,106
2026-08-17T08:57:00+00:00,30302.5,30305.25,30301.25,30303.25,76
2026-08-17T08:58:00+00:00,30302.25,30302.75,30298,30299.75,61
2026-08-17T08:59:00+00:00,30298.25,30301.25,30298.25,30298.25,35
2026-08-17T09:00:00+00:00,30298.25,30300.5,30295.25,30296,58
2026-08-17T09:01:00+00:00,30296.5,30301.5,30296,30301.5,40
2026-08-17T09:02:00+00:00,30301.25,30301.25,30295,30295.25,23
2026-08-17T09:03:00+00:00,30294.75,30294.75,30290,30292,53
2026-08-17T09:04:00+00:00,30292.75,30293.25,30288,30292,144
2026-08-17T09:05:00+00:00,30291,30294.25,30290.5,30292,42
2026-08-17T09:06:00+00:00,30291.25,30291.5,30288.5,30289,33
2026-08-17T09:07:00+00:00,30289.75,30294.25,30289.75,30293,18
2026-08-17T09:08:00+00:00,30293.25,30293.5,30289,30290.75,53
2026-08-17T09:09:00+00:00,30291.25,30295,30290.75,30295,27
2026-08-17T09:10:00+00:00,30295.75,30296,30293,30294.75,24
2026-08-17T09:11:00+00:00,30295.25,30297.5,30294,30295.75,29
2026-08-17T09:12:00+00:00,30295.5,30296,30289.75,30293.5,26
2026-08-17T09:13:00+00:00,30294.5,30298.75,30293.5,30297.25,28
2026-08-17T09:14:00+00:00,30297.25,30298,30294.25,30297,23
2026-08-17T09:15:00+00:00,30297.25,30297.25,30290,30290,42
2026-08-17T09:16:00+00:00,30290.5,30291.75,30289.25,30289.25,30
2026-08-17T09:17:00+00:00,30289,30291.25,30287,30287,46
2026-08-17T09:18:00+00:00,30286.75,30287.75,30284.25,30287.75,45
2026-08-17T09:19:00+00:00,30286.75,30286.75,30278,30283,131
2026-08-17T09:20:00+00:00,30284.25,30285.25,30280.5,30281.25,58
2026-08-17T09:21:00+00:00,30281,30283.75,30280.5,30282.75,29
2026-08-17T09:22:00+00:00,30282.75,30283.5,30276.5,30277.5,76
2026-08-17T09:23:00+00:00,30277.5,30278.5,30271.5,30274,78
2026-08-17T09:24:00+00:00,30273.5,30276.25,30273.25,30273.75,55
2026-08-17T09:25:00+00:00,30273.5,30275,30273.5,30274.25,28
2026-08-17T09:26:00+00:00,30274.75,30276.5,30274,30274.25,19
2026-08-17T09:27:00+00:00,30273.5,30276.75,30273.25,30276.75,65
2026-08-17T09:28:00+00:00,30275.75,30276.75,30274,30274,28
2026-08-17T09:29:00+00:00,30275,30276.5,30267.75,30274.5,119
2026-08-17T09:30:00+00:00,30274.25,30280,30274,30280,61
2026-08-17T09:31:00+00:00,30279.5,30279.5,30273,30275.5,29
2026-08-17T09:32:00+00:00,30275.5,30275.5,30273.75,30275.25,15
2026-08-17T09:33:00+00:00,30275,30275.75,30272.25,30272.25,23
2026-08-17T09:34:00+00:00,30272.75,30274.25,30269.5,30273.75,55
2026-08-17T09:35:00+00:00,30274.75,30280.5,30274.75,30279.5,39
2026-08-17T09:36:00+00:00,30279.5,30283,30276.75,30279.5,57
2026-08-17T09:37:00+00:00,30280.25,30281.25,30269.25,30274.5,72
2026-08-17T09:38:00+00:00,30273.5,30273.75,30270.75,30270.75,27
2026-08-17T09:39:00+00:00,30271.75,30273.25,30267.75,30270.25,66
2026-08-17T09:40:00+00:00,30269.75,30273.5,30269,30271.5,107
2026-08-17T09:41:00+00:00,30273.25,30275.75,30271.75,30275.5,27
2026-08-17T09:42:00+00:00,30275.25,30276.5,30274,30276.5,16
2026-08-17T09:43:00+00:00,30276,30278.25,30275,30277.75,18
2026-08-17T09:44:00+00:00,30278,30283.25,30276.25,30282.75,46
2026-08-17T09:45:00+00:00,30281.75,30291.5,30279.25,30289.25,84
2026-08-17T09:46:00+00:00,30287,30287.25,30283,30284.25,54
2026-08-17T09:47:00+00:00,30283.5,30285.25,30282.5,30284.5,31
2026-08-17T09:48:00+00:00,30283.5,30284.5,30281.75,30282.75,28
2026-08-17T09:49:00+00:00,30283.75,30286.75,30281,30286,44
2026-08-17T09:50:00+00:00,30285.25,30288.25,30284.5,30286,69
2026-08-17T09:51:00+00:00,30284.5,30288.25,30280,30287.5,45
2026-08-17T09:52:00+00:00,30288.25,30288.25,30284,30284.25,37
2026-08-17T09:53:00+00:00,30283.75,30285.25,30282,30283.75,31
2026-08-17T09:54:00+00:00,30282,30286.25,30276.25,30286.25,65
2026-08-17T09:55:00+00:00,30286,30288,30284.75,30287.75,31
2026-08-17T09:56:00+00:00,30286.75,30288.25,30284.5,30286.25,33
2026-08-17T09:57:00+00:00,30285,30286,30283.75,30284.25,16
2026-08-17T09:58:00+00:00,30283.25,30289.5,30280.75,30281.25,39
2026-08-17T09:59:00+00:00,30281,30283.75,30280.75,30282,21
2026-08-17T10:00:00+00:00,30282,30284,30280,30281,41
2026-08-17T10:01:00+00:00,30281.75,30284.75,30281.5,30283.75,36
2026-08-17T10:02:00+00:00,30282.25,30283.75,30282.25,30283,16
2026-08-17T10:03:00+00:00,30282.75,30284,30281.75,30282.5,19
2026-08-17T10:04:00+00:00,30282.5,30285.25,30279,30285.25,64
2026-08-17T10:05:00+00:00,30282.75,30291.5,30282.5,30290.75,113
2026-08-17T10:06:00+00:00,30291,30293,30288.5,30291,151
2026-08-17T10:07:00+00:00,30291,30292.5,30279,30282.25,121
2026-08-17T10:08:00+00:00,30281.25,30281.25,30276,30279,64
2026-08-17T10:09:00+00:00,30279.5,30281,30278.5,30279.75,30
2026-08-17T10:10:00+00:00,30280.25,30283,30280,30282.25,37
2026-08-17T10:11:00+00:00,30282,30282,30278.5,30278.75,40
2026-08-17T10:12:00+00:00,30280.25,30290.75,30280.25,30290,51
2026-08-17T10:13:00+00:00,30290.25,30292.25,30289.5,30291.25,50
2026-08-17T10:14:00+00:00,30290.75,30296.5,30290.25,30295.5,71
2026-08-17T10:15:00+00:00,30294.5,30296.25,30293.75,30296,44
2026-08-17T10:16:00+00:00,30296.25,30296.75,30294.5,30296.75,57
2026-08-17T10:17:00+00:00,30296.5,30296.5,30294.75,30295.5,15
2026-08-17T10:18:00+00:00,30296.25,30303.25,30285,30290.25,206
2026-08-17T10:19:00+00:00,30292,30294.25,30290,30293,41
2026-08-17T10:20:00+00:00,30294,30294.5,30289.5,30291.75,52
2026-08-17T10:21:00+00:00,30292.25,30292.5,30287.5,30287.5,23
2026-08-17T10:22:00+00:00,30286.5,30288.75,30285,30288.75,53
2026-08-17T10:23:00+00:00,30287.5,30289,30287.5,30288.75,20
2026-08-17T10:24:00+00:00,30288.75,30288.75,30285.75,30287,21
2026-08-17T10:25:00+00:00,30286.75,30289,30283.75,30286.25,45
2026-08-17T10:26:00+00:00,30286.5,30286.75,30284.75,30285.25,18
2026-08-17T10:27:00+00:00,30286,30286.75,30279,30279,74
2026-08-17T10:28:00+00:00,30280.5,30288.25,30279,30285.75,81
2026-08-17T10:29:00+00:00,30285.5,30343,30284,30338,1057
2026-08-17T10:30:00+00:00,30334.25,30338.5,30296.25,30299.5,503
2026-08-17T10:31:00+00:00,30299.25,30312.25,30294,30310.75,199
2026-08-17T10:32:00+00:00,30306.75,30309,30299.25,30303,104
2026-08-17T10:33:00+00:00,30302.75,30303,30300,30301.75,41
2026-08-17T10:34:00+00:00,30303.5,30303.5,30294.5,30297.75,84
2026-08-17T10:35:00+00:00,30296.75,30301.75,30292.75,30299.75,152
2026-08-17T10:36:00+00:00,30299,30301.5,30294.25,30300.75,127
2026-08-17T10:37:00+00:00,30300,30302.75,30298,30301.75,75
2026-08-17T10:38:00+00:00,30302,30305,30301.25,30303,25
2026-08-17T10:39:00+00:00,30302.25,30304.5,30302,30302.75,50
2026-08-17T10:40:00+00:00,30303.25,30303.5,30298.75,30299,57
2026-08-17T10:41:00+00:00,30300,30308.5,30300,30307.5,38
2026-08-17T10:42:00+00:00,30309,30311.25,30305.75,30308.5,51
2026-08-17T10:43:00+00:00,30308.5,30309.5,30306,30307.75,42
2026-08-17T10:44:00+00:00,30307.5,30311,30306.5,30310.5,38
2026-08-17T10:45:00+00:00,30310.25,30311.25,30305,30308,51
2026-08-17T10:46:00+00:00,30308.75,30310.75,30308.75,30310.5,47
2026-08-17T10:47:00+00:00,30309.5,30311.5,30309.5,30311.25,19
2026-08-17T10:48:00+00:00,30310.75,30310.75,30307.75,30309.75,23
2026-08-17T10:49:00+00:00,30309.75,30309.75,30305.5,30306.5,43
2026-08-17T10:50:00+00:00,30306.75,30310.25,30306.75,30308.75,38
2026-08-17T10:51:00+00:00,30309,30311.5,30308.5,30310.25,92
2026-08-17T10:52:00+00:00,30310,30313.25,30309,30310.5,39
2026-08-17T10:53:00+00:00,30310.25,30311.75,30306.25,30308.25,40
2026-08-17T10:54:00+00:00,30307.75,30310.25,30307.75,30309.5,32
2026-08-17T10:55:00+00:00,30309.75,30310.5,30308.25,30309,38
2026-08-17T10:56:00+00:00,30309.25,30312,30309.25,30311.5,24
2026-08-17T10:57:00+00:00,30312,30313,30308.25,30308.25,38
2026-08-17T10:58:00+00:00,30308,30312.75,30308,30311,50
2026-08-17T10:59:00+00:00,30311.5,30316.5,30311,30315,88
2026-08-17T11:00:00+00:00,30313.75,30322,30296.25,30299.25,486
2026-08-17T11:01:00+00:00,30299.25,30315,30298.5,30313.5,188
2026-08-17T11:02:00+00:00,30314,30314,30310.5,30311.75,52
2026-08-17T11:03:00+00:00,30312.5,30315,30309.5,30310.5,55
2026-08-17T11:04:00+00:00,30310.75,30311.75,30309.5,30311.25,36
2026-08-17T11:05:00+00:00,30311.5,30318,30310,30318,144
2026-08-17T11:06:00+00:00,30317.25,30320,30316.25,30317.25,137
2026-08-17T11:07:00+00:00,30317,30319,30315.75,30318.75,111
2026-08-17T11:08:00+00:00,30318.5,30322.5,30318,30320.5,116
2026-08-17T11:09:00+00:00,30319.75,30325,30315.5,30320.5,153
2026-08-17T11:10:00+00:00,30320.25,30320.25,30311.25,30312.25,135
2026-08-17T11:11:00+00:00,30313.5,30315.25,30301,30302.75,74
2026-08-17T11:12:00+00:00,30302.25,30309.25,30302.25,30304.75,98
2026-08-17T11:13:00+00:00,30304.75,30305,30298,30298,76
2026-08-17T11:14:00+00:00,30300.5,30301.75,30299.5,30300.25,37
2026-08-17T11:15:00+00:00,30300.25,30301,30295,30295.5,89
2026-08-17T11:16:00+00:00,30295,30296,30290.75,30291.5,171
2026-08-17T11:17:00+00:00,30291,30293,30287.5,30288.75,83
2026-08-17T11:18:00+00:00,30289.5,30291.25,30288.5,30290.25,109
2026-08-17T11:19:00+00:00,30290.25,30291.25,30286.75,30288.25,78
2026-08-17T11:20:00+00:00,30289,30292.25,30287.75,30290.5,107
2026-08-17T11:21:00+00:00,30291,30295.75,30291,30293.5,87
2026-08-17T11:22:00+00:00,30293.5,30297.5,30292.5,30297.25,66
2026-08-17T11:23:00+00:00,30296.75,30298.5,30295,30298.25,85
2026-08-17T11:24:00+00:00,30298.5,30301.75,30295.5,30301.25,69
2026-08-17T11:25:00+00:00,30301.5,30306.75,30295,30297,122
2026-08-17T11:26:00+00:00,30298.5,30302,30297.75,30301.25,35
2026-08-17T11:27:00+00:00,30301.5,30301.5,30295.25,30297.5,51
2026-08-17T11:28:00+00:00,30298,30298,30295,30296.75,51
2026-08-17T11:29:00+00:00,30295.5,30300.5,30294.5,30299.5,67
2026-08-17T11:30:00+00:00,30300.25,30300.75,30295.5,30296.25,62
2026-08-17T11:31:00+00:00,30295.75,30298.5,30295,30298.25,40
2026-08-17T11:32:00+00:00,30299,30299,30295,30296,36
2026-08-17T11:33:00+00:00,30296.75,30301.75,30296,30301.75,47
2026-08-17T11:34:00+00:00,30301.25,30306,30301.25,30302.25,84
2026-08-17T11:35:00+00:00,30302.25,30302.25,30292.5,30296.5,99
2026-08-17T11:36:00+00:00,30297.75,30299.75,30295.25,30297.75,45
2026-08-17T11:37:00+00:00,30298.75,30299.75,30295,30295,59
2026-08-17T11:38:00+00:00,30295.5,30298.25,30294.25,30298.25,46
2026-08-17T11:39:00+00:00,30298.5,30301,30295.5,30299.25,64
2026-08-17T11:40:00+00:00,30297.75,30299,30295.5,30297,54
2026-08-17T11:41:00+00:00,30296.75,30298.25,30296,30296.5,24
2026-08-17T11:42:00+00:00,30297,30300.25,30296.5,30299.75,32
2026-08-17T11:43:00+00:00,30299.75,30301.75,30298,30301.5,60
2026-08-17T11:44:00+00:00,30302.25,30305.75,30299.5,30304.5,70
2026-08-17T11:45:00+00:00,30304.25,30309.25,30304,30307.25,84
2026-08-17T11:46:00+00:00,30307.75,30307.75,30304.25,30306.75,51
2026-08-17T11:47:00+00:00,30307,30308.5,30305.75,30306.25,33
2026-08-17T11:48:00+00:00,30307.5,30307.5,30306.25,30306.75,20
2026-08-17T11:49:00+00:00,30306.5,30310,30305,30309,71
2026-08-17T11:50:00+00:00,30308.25,30308.25,30305.75,30306,57
2026-08-17T11:51:00+00:00,30307.75,30307.75,30298.5,30299,121
2026-08-17T11:52:00+00:00,30298.75,30299.5,30296,30297.75,62
2026-08-17T11:53:00+00:00,30296,30296.5,30291.25,30294,93
2026-08-17T11:54:00+00:00,30293.5,30297,30291.75,30295.5,77
2026-08-17T11:55:00+00:00,30294.25,30298.5,30294.25,30297.5,29
2026-08-17T11:56:00+00:00,30298,30298.75,30293,30293.25,64
2026-08-17T11:57:00+00:00,30292.75,30293.25,30286.5,30289.25,155
2026-08-17T11:58:00+00:00,30289,30291.25,30288,30288,69
2026-08-17T11:59:00+00:00,30288,30289.5,30286,30286.75,101
2026-08-17T12:00:00+00:00,30286.75,30288.75,30282.75,30285,152
2026-08-17T12:01:00+00:00,30285.5,30287,30275.5,30276,202
2026-08-17T12:02:00+00:00,30277,30283.25,30276,30282.25,112
2026-08-17T12:03:00+00:00,30281.75,30281.75,30270.75,30271,178
2026-08-17T12:04:00+00:00,30271,30272,30249.5,30249.5,474
2026-08-17T12:05:00+00:00,30249.75,30257,30246.75,30252.75,268
2026-08-17T12:06:00+00:00,30253.75,30255.75,30247.75,30249,173
2026-08-17T12:07:00+00:00,30250.25,30257.5,30249,30256,114
2026-08-17T12:08:00+00:00,30256.25,30263.5,30255.75,30263.25,171
2026-08-17T12:09:00+00:00,30263.5,30272,30260.25,30271.25,187
2026-08-17T12:10:00+00:00,30271.25,30279.25,30270.5,30274.75,211
2026-08-17T12:11:00+00:00,30275.5,30277.75,30272,30273.75,61
2026-08-17T12:12:00+00:00,30272.5,30276,30268.25,30275.25,188
2026-08-17T12:13:00+00:00,30275.25,30276.25,30266.25,30271,93
2026-08-17T12:14:00+00:00,30271.5,30283,30271.5,30278.25,134
2026-08-17T12:15:00+00:00,30278.5,30280.75,30270.5,30272,114
2026-08-17T12:16:00+00:00,30271.5,30277.5,30269.25,30277.5,65
2026-08-17T12:17:00+00:00,30277.25,30277.5,30273,30273,55
2026-08-17T12:18:00+00:00,30273.25,30273.25,30269.25,30271.25,54
2026-08-17T12:19:00+00:00,30271,30276.25,30270,30275.75,154
2026-08-17T12:20:00+00:00,30276.25,30280,30274.5,30278.5,99
2026-08-17T12:21:00+00:00,30277.5,30281,30273,30273,84
2026-08-17T12:22:00+00:00,30273.5,30274.5,30270.5,30272.25,63
2026-08-17T12:23:00+00:00,30272.5,30278,30270.5,30276.75,67
2026-08-17T12:24:00+00:00,30275.5,30280,30271,30272,75
2026-08-17T12:25:00+00:00,30272.25,30277.75,30269.25,30269.25,102
2026-08-17T12:26:00+00:00,30270.5,30272.75,30220.75,30236.75,1469
2026-08-17T12:27:00+00:00,30236.5,30251,30235.5,30249.5,331
2026-08-17T12:28:00+00:00,30251,30251.25,30232.5,30246.75,321
2026-08-17T12:29:00+00:00,30245.5,30247,30234.75,30236,159
2026-08-17T12:30:00+00:00,30238.25,30250.5,30228.75,30249.25,339
2026-08-17T12:31:00+00:00,30247,30249.25,30240.5,30245.5,182
2026-08-17T12:32:00+00:00,30244.75,30246.75,30232.5,30232.5,166
2026-08-17T12:33:00+00:00,30232.75,30241,30221.25,30240.5,323
2026-08-17T12:34:00+00:00,30241.5,30242,30228,30229.5,125
2026-08-17T12:35:00+00:00,30230,30232.25,30220,30220.75,188
2026-08-17T12:36:00+00:00,30220,30226.25,30208.25,30214.5,344
2026-08-17T12:37:00+00:00,30214.25,30214.75,30206,30207.75,186
2026-08-17T12:38:00+00:00,30208.25,30210.5,30200,30203,347
2026-08-17T12:39:00+00:00,30203.25,30206.25,30194,30195.75,307
2026-08-17T12:40:00+00:00,30196.25,30210,30194.5,30208.25,274
2026-08-17T12:41:00+00:00,30209,30210,30204.5,30209,162
2026-08-17T12:42:00+00:00,30208.5,30212.75,30191,30191,460
2026-08-17T12:43:00+00:00,30190.75,30192.75,30185.25,30188.5,511
2026-08-17T12:44:00+00:00,30188.75,30190.5,30182.75,30189.5,185
2026-08-17T12:45:00+00:00,30189.25,30194,30186.5,30192.5,250
2026-08-17T12:46:00+00:00,30191,30192,30184,30191.75,186
2026-08-17T12:47:00+00:00,30192,30198,30190,30195.75,200
2026-08-17T12:48:00+00:00,30194,30196.75,30185,30186,266
2026-08-17T12:49:00+00:00,30187,30195,30180,30193.5,282
2026-08-17T12:50:00+00:00,30194.25,30197.25,30190.75,30197.25,238
2026-08-17T12:51:00+00:00,30196.25,30196.25,30185.25,30193,187
2026-08-17T12:52:00+00:00,30193.5,30206.5,30192.75,30205.25,240
2026-08-17T12:53:00+00:00,30205.75,30210.5,30203.75,30205.25,234
2026-08-17T12:54:00+00:00,30205,30206.75,30194.75,30198,226
2026-08-17T12:55:00+00:00,30198.5,30203.25,30192.25,30201.75,180
2026-08-17T12:56:00+00:00,30201.25,30205,30199,30205,148
2026-08-17T12:57:00+00:00,30204.75,30205.75,30201.75,30205.5,115
2026-08-17T12:58:00+00:00,30205.25,30213,30199,30201.75,297
2026-08-17T12:59:00+00:00,30202,30203,30196.25,30202.5,214
2026-08-17T13:00:00+00:00,30202.5,30212.25,30199.25,30211.5,320
2026-08-17T13:01:00+00:00,30211.25,30214.5,30207.5,30212.5,261
2026-08-17T13:02:00+00:00,30212,30214,30204.25,30204.75,151
2026-08-17T13:03:00+00:00,30205.25,30210.75,30204,30210.75,138
2026-08-17T13:04:00+00:00,30210.75,30210.75,30203,30205.75,96
2026-08-17T13:05:00+00:00,30206.5,30217.75,30206.25,30217.75,253
2026-08-17T13:06:00+00:00,30217.25,30220,30215.25,30217.5,236
2026-08-17T13:07:00+00:00,30217.75,30220,30214.5,30215.25,162
2026-08-17T13:08:00+00:00,30215.25,30223,30212.75,30220.75,308
2026-08-17T13:09:00+00:00,30222,30222.5,30218.5,30221.25,160
2026-08-17T13:10:00+00:00,30220.25,30225.75,30219.75,30221.25,282
2026-08-17T13:11:00+00:00,30220,30222,30215.25,30215.25,191
2026-08-17T13:12:00+00:00,30216,30222.25,30216,30221.25,77
2026-08-17T13:13:00+00:00,30221.75,30222.25,30216.5,30218.75,120
2026-08-17T13:14:00+00:00,30218.5,30221,30216,30218.5,87
2026-08-17T13:15:00+00:00,30219.5,30219.75,30214.25,30217.25,150
2026-08-17T13:16:00+00:00,30217.25,30219.5,30214.75,30217,76
2026-08-17T13:17:00+00:00,30216.75,30217.75,30213.25,30214.5,202
2026-08-17T13:18:00+00:00,30214,30216,30212.75,30214.75,221
2026-08-17T13:19:00+00:00,30215,30216.5,30210.75,30211,259
2026-08-17T13:20:00+00:00,30211.25,30213.5,30207.25,30210.5,543
2026-08-17T13:21:00+00:00,30211,30213.5,30206.25,30208.75,285
2026-08-17T13:22:00+00:00,30208.25,30212,30207.25,30210.75,236
2026-08-17T13:23:00+00:00,30211,30213.5,30205.5,30206,330
2026-08-17T13:24:00+00:00,30206.75,30211,30205.25,30209.75,267
2026-08-17T13:25:00+00:00,30210,30228.5,30208,30227.75,782
2026-08-17T13:26:00+00:00,30228,30234.75,30227.5,30230.75,464
2026-08-17T13:27:00+00:00,30231.5,30238,30221.75,30223.5,771
2026-08-17T13:28:00+00:00,30223.5,30224.75,30211.25,30221.75,735
2026-08-17T13:29:00+00:00,30222.5,30229.5,30218,30218.75,586
2026-08-17T13:30:00+00:00,30219.25,30257.5,30210,30253.25,4884
2026-08-17T13:31:00+00:00,30253.5,30266,30231,30248,3182
2026-08-17T13:32:00+00:00,30247.5,30248.75,30200.25,30205.5,2788
2026-08-17T13:33:00+00:00,30205.5,30239.5,30191,30225,3522
2026-08-17T13:34:00+00:00,30225.75,30238,30191.5,30196.5,2334
2026-08-17T13:35:00+00:00,30197.25,30227.75,30185,30225.75,2430
2026-08-17T13:36:00+00:00,30225.75,30239.25,30220.75,30233.25,1769
2026-08-17T13:37:00+00:00,30232,30237.25,30200.25,30207.75,1760
2026-08-17T13:38:00+00:00,30208.5,30218,30175,30187.25,2697
2026-08-17T13:39:00+00:00,30188,30189.75,30165.5,30178.5,2300
2026-08-17T13:40:00+00:00,30179,30195.25,30167.5,30191.25,2094
2026-08-17T13:41:00+00:00,30192.5,30223.25,30188,30217.25,1836
2026-08-17T13:42:00+00:00,30218.25,30230.5,30204.75,30222,1868
2026-08-17T13:43:00+00:00,30222,30224.5,30200.75,30201.25,1297
2026-08-17T13:44:00+00:00,30201.25,30204.25,30185,30196.5,1339
2026-08-17T13:45:00+00:00,30196.5,30220,30174.25,30182,1996
2026-08-17T13:46:00+00:00,30182.25,30194.5,30179.25,30181.5,1290
2026-08-17T13:47:00+00:00,30181.5,30201.5,30174.25,30196.5,1321
2026-08-17T13:48:00+00:00,30197,30215.25,30193.75,30212,1267
2026-08-17T13:49:00+00:00,30212.75,30229,30203.75,30226.25,1364
2026-08-17T13:50:00+00:00,30226.75,30233.25,30215,30218.5,1448
2026-08-17T13:51:00+00:00,30218.25,30247.75,30210.75,30245,1756
2026-08-17T13:52:00+00:00,30245.75,30254.25,30224.75,30225.75,1815
2026-08-17T13:53:00+00:00,30226,30240.5,30225.75,30237.5,1159
2026-08-17T13:54:00+00:00,30237.75,30249,30227,30249,884
2026-08-17T13:55:00+00:00,30249.5,30251.25,30235.5,30238,965
2026-08-17T13:56:00+00:00,30237.75,30238.25,30220.75,30232,1453
2026-08-17T13:57:00+00:00,30232.25,30240,30229.25,30232.75,1124
2026-08-17T13:58:00+00:00,30234.5,30240.75,30215,30221.25,1057
2026-08-17T13:59:00+00:00,30221,30236.75,30215,30235,984
2026-08-17T14:00:00+00:00,30234.75,30243.25,30217.75,30219.5,1759
2026-08-17T14:01:00+00:00,30219,30222.5,30203,30217,1667
2026-08-17T14:02:00+00:00,30218.25,30234.5,30198.25,30199.5,1721
2026-08-17T14:03:00+00:00,30199.5,30209.5,30186.25,30204.5,2115
2026-08-17T14:04:00+00:00,30204.5,30213.75,30197.75,30206.75,995
2026-08-17T14:05:00+00:00,30207.5,30214,30191.25,30196,1033
2026-08-17T14:06:00+00:00,30196.75,30198,30183.5,30184,1133
2026-08-17T14:07:00+00:00,30184.75,30194.75,30176.25,30176.5,1135
2026-08-17T14:08:00+00:00,30177,30187.5,30161,30185.75,2614
2026-08-17T14:09:00+00:00,30185.25,30198,30182,30196.5,1251
2026-08-17T14:10:00+00:00,30196.75,30218,30192,30214.75,2145
2026-08-17T14:11:00+00:00,30216,30217.75,30201,30203.25,1134
2026-08-17T14:12:00+00:00,30203.5,30220.5,30200.5,30216.5,1078
2026-08-17T14:13:00+00:00,30217.25,30218.5,30211.75,30218,642
2026-08-17T14:14:00+00:00,30218.25,30226.25,30215.5,30224.25,1046
2026-08-17T14:15:00+00:00,30224.75,30226,30215,30219.5,983
2026-08-17T14:16:00+00:00,30219.25,30219.5,30195.25,30196.5,1269
2026-08-17T14:17:00+00:00,30197,30202.5,30193.25,30202.5,852
2026-08-17T14:18:00+00:00,30202.25,30202.5,30181.25,30184,1097
2026-08-17T14:19:00+00:00,30184,30191.5,30174.75,30181,1316
2026-08-17T14:20:00+00:00,30181.25,30182.75,30164.25,30164.25,1197
2026-08-17T14:21:00+00:00,30164.75,30178.25,30162.25,30173.5,1066
2026-08-17T14:22:00+00:00,30173.25,30185,30171,30175.75,727
2026-08-17T14:23:00+00:00,30176.5,30183.75,30173.25,30173.75,513
2026-08-17T14:24:00+00:00,30174,30180.5,30155.25,30176.25,1632
2026-08-17T14:25:00+00:00,30176,30182.25,30169.75,30175,963
2026-08-17T14:26:00+00:00,30174.75,30183.5,30165.75,30180.25,1110
2026-08-17T14:27:00+00:00,30180.5,30187.5,30174,30179.75,856
2026-08-17T14:28:00+00:00,30180.25,30180.5,30168.5,30173.75,605
2026-08-17T14:29:00+00:00,30173.5,30198.75,30173.5,30197.75,1226
2026-08-17T14:30:00+00:00,30198,30200.5,30191.5,30197,876
2026-08-17T14:31:00+00:00,30196.75,30203.75,30186,30202.25,1051
2026-08-17T14:32:00+00:00,30203,30206.5,30194,30199.25,712
2026-08-17T14:33:00+00:00,30199.25,30205,30196,30199,403
2026-08-17T14:34:00+00:00,30199,30207,30197.25,30203.75,538
2026-08-17T14:35:00+00:00,30204,30204,30192.25,30196.75,709
2026-08-17T14:36:00+00:00,30197.25,30204,30186.5,30199,731
2026-08-17T14:37:00+00:00,30198.75,30202.5,30192.25,30201.25,563
2026-08-17T14:38:00+00:00,30201.5,30202.75,30192.75,30201,462
2026-08-17T14:39:00+00:00,30201.5,30206.5,30193.5,30194.25,521
2026-08-17T14:40:00+00:00,30194.5,30203.25,30192.5,30193,672
2026-08-17T14:41:00+00:00,30193.5,30203.75,30192.5,30203.25,682
2026-08-17T14:42:00+00:00,30202.25,30210,30199.5,30201.25,687
2026-08-17T14:43:00+00:00,30201.75,30217.25,30200,30204.75,887
2026-08-17T14:44:00+00:00,30205.25,30212.25,30202.5,30204.25,519
2026-08-17T14:45:00+00:00,30205,30214.25,30201.25,30203.25,696
2026-08-17T14:46:00+00:00,30203.25,30212.75,30199.25,30209.75,841
2026-08-17T14:47:00+00:00,30210.5,30222,30209,30220.75,856
2026-08-17T14:48:00+00:00,30220.5,30223.25,30218.5,30220,593
2026-08-17T14:49:00+00:00,30220,30221.5,30215.25,30215.75,451
2026-08-17T14:50:00+00:00,30216,30224,30213.25,30219.5,608
2026-08-17T14:51:00+00:00,30219.5,30231.5,30218.25,30228.25,947
2026-08-17T14:52:00+00:00,30227.75,30228.75,30211,30211.5,882
2026-08-17T14:53:00+00:00,30211.75,30215,30203.25,30209.75,1018
2026-08-17T14:54:00+00:00,30210,30212.25,30203,30209.5,721
2026-08-17T14:55:00+00:00,30209.75,30221.75,30208.5,30217,852
2026-08-17T14:56:00+00:00,30216.75,30225.75,30214,30223.25,509
2026-08-17T14:57:00+00:00,30224,30233.25,30223.25,30232.25,712
2026-08-17T14:58:00+00:00,30232.5,30244.75,30231,30244.25,1040
2026-08-17T14:59:00+00:00,30244.25,30246,30238.25,30244,925
2026-08-17T15:00:00+00:00,30244,30248.5,30233.25,30238.75,1405
2026-08-17T15:01:00+00:00,30238.75,30248.5,30235.25,30247.75,798
2026-08-17T15:02:00+00:00,30248.75,30254,30247.75,30250.75,1076
2026-08-17T15:03:00+00:00,30250.25,30260.75,30249.25,30260.75,1002
2026-08-17T15:04:00+00:00,30260.75,30277,30260,30269,1869
2026-08-17T15:05:00+00:00,30268.75,30273.25,30264.25,30273.25,1088
2026-08-17T15:06:00+00:00,30273.25,30284,30272.25,30282.25,1546
2026-08-17T15:07:00+00:00,30283,30287.5,30273.75,30279,1122
2026-08-17T15:08:00+00:00,30279,30280.75,30266.5,30268.25,937
2026-08-17T15:09:00+00:00,30268,30269.75,30257.25,30259.25,1166
2026-08-17T15:10:00+00:00,30259,30267.5,30258.25,30266,735
2026-08-17T15:11:00+00:00,30266,30275.25,30264.75,30273.75,739
2026-08-17T15:12:00+00:00,30273.75,30276.75,30268,30269.25,677
2026-08-17T15:13:00+00:00,30269.5,30271,30265.25,30267.75,634
2026-08-17T15:14:00+00:00,30267.5,30268.25,30255.75,30257.75,761
2026-08-17T15:15:00+00:00,30258,30274,30255,30272,1084
2026-08-17T15:16:00+00:00,30272.5,30276.25,30269.75,30273.25,731
2026-08-17T15:17:00+00:00,30273.25,30274.25,30264.75,30265.25,670
2026-08-17T15:18:00+00:00,30265.75,30269,30262,30265.75,504
2026-08-17T15:19:00+00:00,30265.75,30273.5,30264.75,30271.75,529
2026-08-17T15:20:00+00:00,30272.25,30278,30271,30271.75,975
2026-08-17T15:21:00+00:00,30271.25,30275.5,30270.5,30272.25,502
2026-08-17T15:22:00+00:00,30272.25,30274,30268,30271.25,680
2026-08-17T15:23:00+00:00,30270.75,30273.25,30266.5,30272,491
2026-08-17T15:24:00+00:00,30272.5,30274,30265,30269.75,463
2026-08-17T15:25:00+00:00,30269.75,30271.5,30255.5,30258,903
2026-08-17T15:26:00+00:00,30257.75,30264.75,30257.75,30264,641
2026-08-17T15:27:00+00:00,30264.5,30274.75,30264,30274,556
2026-08-17T15:28:00+00:00,30274,30276.5,30272.5,30276.25,417
2026-08-17T15:29:00+00:00,30276,30277.5,30268.75,30269,499
2026-08-17T15:30:00+00:00,30269.75,30273.5,30262.5,30272.25,851
2026-08-17T15:31:00+00:00,30272,30272.5,30263.5,30263.5,474
2026-08-17T15:32:00+00:00,30263,30264.25,30250.75,30253.75,1013
2026-08-17T15:33:00+00:00,30253.5,30253.75,30246,30247.25,987
2026-08-17T15:34:00+00:00,30247.25,30249.5,30241.75,30243.75,721
2026-08-17T15:35:00+00:00,30244.25,30247.75,30238,30244.5,957
2026-08-17T15:36:00+00:00,30243.75,30252,30239.5,30247.5,1130
2026-08-17T15:37:00+00:00,30248,30252.25,30243.25,30250.25,642
2026-08-17T15:38:00+00:00,30249.75,30251.5,30236.75,30239.5,599
2026-08-17T15:39:00+00:00,30239.5,30241,30222.75,30224.5,1492
2026-08-17T15:40:00+00:00,30223.5,30229,30216.5,30224,1459
2026-08-17T15:41:00+00:00,30224,30226.75,30207.75,30226,1554
2026-08-17T15:42:00+00:00,30226.25,30233,30220.25,30223,978
2026-08-17T15:43:00+00:00,30223,30224.25,30212.5,30216.25,729
2026-08-17T15:44:00+00:00,30215.5,30229.25,30212,30227.5,898
2026-08-17T15:45:00+00:00,30227,30233.25,30224.25,30230.5,728
2026-08-17T15:46:00+00:00,30230,30231.75,30222.5,30223.5,437
2026-08-17T15:47:00+00:00,30223.5,30229.5,30221.5,30227.25,334
2026-08-17T15:48:00+00:00,30227.75,30232.5,30224.5,30225.5,443
2026-08-17T15:49:00+00:00,30225.5,30225.5,30214,30218.5,711
2026-08-17T15:50:00+00:00,30218.5,30231.25,30214.75,30229.75,904
2026-08-17T15:51:00+00:00,30230,30240.75,30229.25,30240.75,1072
2026-08-17T15:52:00+00:00,30240,30242.25,30237,30240.5,651
2026-08-17T15:53:00+00:00,30241.25,30245.75,30240.25,30243.5,531
2026-08-17T15:54:00+00:00,30244,30249.75,30242.5,30242.75,520
2026-08-17T15:55:00+00:00,30242.75,30247,30238.75,30244.75,493
2026-08-17T15:56:00+00:00,30244.5,30246,30242.25,30244.25,275
2026-08-17T15:57:00+00:00,30244.5,30244.5,30239.25,30242.75,414
2026-08-17T15:58:00+00:00,30242.75,30246.75,30238.25,30246.5,386
2026-08-17T15:59:00+00:00,30246.5,30247,30239,30239.5,396
2026-08-17T16:00:00+00:00,30239.75,30243.25,30227.75,30229.25,738
2026-08-17T16:01:00+00:00,30228.5,30231.25,30225.25,30227.25,493
2026-08-17T16:02:00+00:00,30227.75,30232,30222,30223,528
2026-08-17T16:03:00+00:00,30221.75,30225.75,30218,30219.25,645
2026-08-17T16:04:00+00:00,30219.25,30221.25,30216,30217.75,488
2026-08-17T16:05:00+00:00,30216.75,30219,30207.75,30209.25,659
2026-08-17T16:06:00+00:00,30208.5,30212.25,30201.5,30203.25,694
2026-08-17T16:07:00+00:00,30203.25,30215.75,30200.5,30215.5,740
2026-08-17T16:08:00+00:00,30215.25,30221.75,30209.75,30213.5,712
2026-08-17T16:09:00+00:00,30212.75,30219.25,30207.5,30208,480
2026-08-17T16:10:00+00:00,30207.25,30214.75,30206.5,30206.5,534
2026-08-17T16:11:00+00:00,30206.25,30207.75,30200,30205.5,527
2026-08-17T16:12:00+00:00,30205.75,30209.25,30200.25,30209.25,486
2026-08-17T16:13:00+00:00,30209.5,30216,30207,30208,569
2026-08-17T16:14:00+00:00,30208.25,30210.75,30203.25,30204,327
2026-08-17T16:15:00+00:00,30204,30215.25,30200.25,30214.5,712
2026-08-17T16:16:00+00:00,30214,30218,30208.5,30211.75,441
2026-08-17T16:17:00+00:00,30211.25,30213.25,30208.75,30212,304
2026-08-17T16:18:00+00:00,30213,30215.25,30207,30207.75,294
2026-08-17T16:19:00+00:00,30207.25,30214.5,30207,30212.5,281
2026-08-17T16:20:00+00:00,30212.75,30217.5,30211,30212.25,376
2026-08-17T16:21:00+00:00,30212.25,30216,30207,30210.25,349
2026-08-17T16:22:00+00:00,30210.5,30212.5,30208.25,30209.5,280
2026-08-17T16:23:00+00:00,30209.5,30210.25,30203.25,30204.25,492
2026-08-17T16:24:00+00:00,30204,30206,30197,30199,573
2026-08-17T16:25:00+00:00,30198.75,30208,30196.5,30206.25,742
2026-08-17T16:26:00+00:00,30206.5,30207.25,30202.75,30206.25,376
2026-08-17T16:27:00+00:00,30206,30207,30201,30203.25,339
2026-08-17T16:28:00+00:00,30203.5,30204.25,30199,30202.75,313
2026-08-17T16:29:00+00:00,30202.75,30210.5,30202.75,30207.25,358
2026-08-17T16:30:00+00:00,30207.5,30212.75,30202.25,30205,822
2026-08-17T16:31:00+00:00,30204.25,30210.25,30202.25,30203,276
2026-08-17T16:32:00+00:00,30202.5,30205.25,30194.5,30194.75,509
2026-08-17T16:33:00+00:00,30194.75,30198.75,30193.25,30197.75,442
2026-08-17T16:34:00+00:00,30198.25,30198.25,30194.25,30197.25,226
2026-08-17T16:35:00+00:00,30197.5,30200,30193.25,30196,361
2026-08-17T16:36:00+00:00,30196,30201.5,30194.75,30195.5,375
2026-08-17T16:37:00+00:00,30194.75,30198.5,30192.75,30197.25,310
2026-08-17T16:38:00+00:00,30198,30200.5,30196.25,30196.5,287
2026-08-17T16:39:00+00:00,30196.25,30202.5,30195.25,30201,352
2026-08-17T16:40:00+00:00,30201.75,30202,30193.5,30195,371
2026-08-17T16:41:00+00:00,30194.25,30195.25,30186.75,30189.75,857
2026-08-17T16:42:00+00:00,30189.75,30192.25,30188.5,30188.5,234
2026-08-17T16:43:00+00:00,30188.25,30191,30185.75,30187.25,323
2026-08-17T16:44:00+00:00,30187.75,30188,30182,30183.5,546
2026-08-17T16:45:00+00:00,30183.5,30185,30179.75,30181.25,754
2026-08-17T16:46:00+00:00,30181.75,30190,30181.5,30188,517
2026-08-17T16:47:00+00:00,30187.75,30188.25,30178.5,30182.25,448
2026-08-17T16:48:00+00:00,30182,30184.25,30179,30181,358
2026-08-17T16:49:00+00:00,30181.5,30191.25,30180.75,30189.75,342
2026-08-17T16:50:00+00:00,30189.25,30189.75,30184.75,30189,237
2026-08-17T16:51:00+00:00,30189.5,30192.5,30186.25,30187,432
2026-08-17T16:52:00+00:00,30187.5,30187.75,30183,30183.75,319
2026-08-17T16:53:00+00:00,30183.75,30185.5,30180.25,30180.25,252
2026-08-17T16:54:00+00:00,30180,30191.5,30175.25,30190,772
2026-08-17T16:55:00+00:00,30190,30190.25,30184.5,30190,280
2026-08-17T16:56:00+00:00,30190,30192.75,30186.25,30186.25,339
2026-08-17T16:57:00+00:00,30186.25,30188,30178,30179.25,376
2026-08-17T16:58:00+00:00,30178.75,30184.75,30177.5,30184.75,363
2026-08-17T16:59:00+00:00,30185,30187,30183,30183.5,289
2026-08-17T17:00:00+00:00,30183.5,30186,30177.25,30183.5,581
2026-08-17T17:01:00+00:00,30183.5,30186.5,30180.75,30185,330
2026-08-17T17:02:00+00:00,30185.25,30187.25,30179.5,30181,332
2026-08-17T17:03:00+00:00,30181,30183.5,30177.5,30178.75,323
2026-08-17T17:04:00+00:00,30178.75,30179.25,30171.75,30173.5,459
2026-08-17T17:05:00+00:00,30173.5,30174.25,30162.25,30165.75,1005
2026-08-17T17:06:00+00:00,30166,30172,30165,30165.5,397
2026-08-17T17:07:00+00:00,30165.25,30168.5,30160.25,30161.75,557
2026-08-17T17:08:00+00:00,30161.25,30165,30154,30156.75,1317
2026-08-17T17:09:00+00:00,30157.25,30163.75,30157.25,30161,562
2026-08-17T17:10:00+00:00,30161.25,30164,30155.25,30158,611
2026-08-17T17:11:00+00:00,30158,30163.75,30152.25,30159.5,584
2026-08-17T17:12:00+00:00,30158.75,30162.5,30147,30149,834
2026-08-17T17:13:00+00:00,30149.25,30150.5,30144,30144.75,1071
2026-08-17T17:14:00+00:00,30145.25,30147.25,30128.25,30129.5,1296
2026-08-17T17:15:00+00:00,30128.5,30143.75,30125,30133.25,1660
2026-08-17T17:16:00+00:00,30134,30137,30128,30132.75,1504
2026-08-17T17:17:00+00:00,30132.25,30133.75,30114,30132.5,1334
2026-08-17T17:18:00+00:00,30132.5,30139.5,30129.75,30134.25,921
2026-08-17T17:19:00+00:00,30134.75,30136,30127.5,30129,556
2026-08-17T17:20:00+00:00,30128.75,30129.5,30115.5,30117.25,1242
2026-08-17T17:21:00+00:00,30117.25,30125.5,30113.25,30118.25,898
2026-08-17T17:22:00+00:00,30118,30121.5,30110.5,30111,778
2026-08-17T17:23:00+00:00,30111,30113.5,30097.25,30100,1901
2026-08-17T17:24:00+00:00,30100.75,30109,30095.25,30109,1246
2026-08-17T17:25:00+00:00,30109,30112.75,30102,30108.75,1128
2026-08-17T17:26:00+00:00,30108.5,30116,30105.5,30115.75,834
2026-08-17T17:27:00+00:00,30115.25,30116,30098.25,30104.75,1009
2026-08-17T17:28:00+00:00,30104.75,30108,30092.5,30099.5,869
2026-08-17T17:29:00+00:00,30100,30102.25,30095.5,30096.75,481
2026-08-17T17:30:00+00:00,30097,30106.75,30090.5,30098.75,1059
2026-08-17T17:31:00+00:00,30098.5,30101.25,30091.5,30100.5,1148
2026-08-17T17:32:00+00:00,30100,30112.75,30095.25,30112,1005
2026-08-17T17:33:00+00:00,30112.25,30113.5,30105.25,30109.5,577
2026-08-17T17:34:00+00:00,30110,30110.25,30091.75,30094.25,901
2026-08-17T17:35:00+00:00,30094.5,30100,30091,30097.75,611
2026-08-17T17:36:00+00:00,30098,30111.25,30096.25,30110.5,573
2026-08-17T17:37:00+00:00,30110.25,30116.75,30103.75,30105.75,1012
2026-08-17T17:38:00+00:00,30105.75,30107.5,30099.5,30106.25,536
2026-08-17T17:39:00+00:00,30105.75,30105.75,30092,30092,605
2026-08-17T17:40:00+00:00,30091.75,30104.5,30086.5,30098.75,1138
2026-08-17T17:41:00+00:00,30098.75,30117.25,30097.75,30114,773
2026-08-17T17:42:00+00:00,30113.25,30123,30113.25,30121.75,1008
2026-08-17T17:43:00+00:00,30121.75,30125.5,30116.5,30119.75,717
2026-08-17T17:44:00+00:00,30119.75,30128,30119.5,30123,560
2026-08-17T17:45:00+00:00,30123,30127.25,30120.5,30125.25,433
2026-08-17T17:46:00+00:00,30125.25,30125.5,30115.25,30118.75,491
2026-08-17T17:47:00+00:00,30119.25,30121.5,30114.5,30118.5,369
2026-08-17T17:48:00+00:00,30118.75,30119.5,30110,30110,394
2026-08-17T17:49:00+00:00,30110,30115.5,30108.5,30111.25,475
2026-08-17T17:50:00+00:00,30110.75,30115.75,30110,30110.5,278
2026-08-17T17:51:00+00:00,30112.25,30114.75,30105.75,30109.75,418
2026-08-17T17:52:00+00:00,30109.5,30112.75,30107.5,30109.75,260
2026-08-17T17:53:00+00:00,30110.25,30113.5,30106.25,30112.5,328
2026-08-17T17:54:00+00:00,30112.5,30117.25,30109.25,30112,510
2026-08-17T17:55:00+00:00,30112,30113.5,30104.75,30107.5,497
2026-08-17T17:56:00+00:00,30107.25,30107.5,30097,30102,525
2026-08-17T17:57:00+00:00,30101.5,30106.5,30099.25,30105.75,508
2026-08-17T17:58:00+00:00,30105.75,30109.5,30102.25,30109,391
2026-08-17T17:59:00+00:00,30108,30108.75,30101.25,30102.25,273
2026-08-17T18:00:00+00:00,30102,30114,30092.5,30096.5,1034
2026-08-17T18:01:00+00:00,30096,30099.5,30093.25,30095.25,465
2026-08-17T18:02:00+00:00,30095.75,30103.5,30093.75,30101,420
2026-08-17T18:03:00+00:00,30100,30102,30089.75,30101.75,967
2026-08-17T18:04:00+00:00,30101.25,30103.5,30091,30093.25,581
2026-08-17T18:05:00+00:00,30093,30093.25,30080.5,30089.75,1135
2026-08-17T18:06:00+00:00,30089,30097,30085.5,30089,787
2026-08-17T18:07:00+00:00,30089.75,30090.5,30079.25,30085.25,568
2026-08-17T18:08:00+00:00,30085,30091.5,30081,30086,405
2026-08-17T18:09:00+00:00,30085.5,30088.25,30081.5,30087.25,455
2026-08-17T18:10:00+00:00,30087.25,30094.25,30084,30093.25,501
2026-08-17T18:11:00+00:00,30094,30094.5,30085.25,30092.5,489
2026-08-17T18:12:00+00:00,30092.5,30102,30091.5,30100.75,456
2026-08-17T18:13:00+00:00,30100.5,30107.75,30100.5,30102.5,545
2026-08-17T18:14:00+00:00,30101.75,30106,30096,30100.25,416
2026-08-17T18:15:00+00:00,30100.25,30103,30093.5,30096.75,504
2026-08-17T18:16:00+00:00,30098.25,30103.25,30096.25,30100,396
2026-08-17T18:17:00+00:00,30099,30105,30098.75,30101.25,285
2026-08-17T18:18:00+00:00,30101.25,30104.75,30095,30097.5,549
2026-08-17T18:19:00+00:00,30097,30100.5,30092.5,30097.75,377
2026-08-17T18:20:00+00:00,30097.5,30098,30089.5,30092,415
2026-08-17T18:21:00+00:00,30092.75,30097.75,30090.5,30095.75,264
2026-08-17T18:22:00+00:00,30095.25,30099.75,30089.75,30099.25,706
2026-08-17T18:23:00+00:00,30099,30106.75,30097.5,30105,638
2026-08-17T18:24:00+00:00,30105.5,30107.75,30101.25,30106.75,439
2026-08-17T18:25:00+00:00,30106.25,30113.75,30105.5,30110.25,797
2026-08-17T18:26:00+00:00,30110.75,30111,30101,30103.25,586
2026-08-17T18:27:00+00:00,30103.5,30104.25,30095,30098.5,534
2026-08-17T18:28:00+00:00,30098,30102.75,30096,30099,415
2026-08-17T18:29:00+00:00,30099,30105.75,30099,30103,248
2026-08-17T18:30:00+00:00,30103.75,30109.25,30100.25,30104.75,565
2026-08-17T18:31:00+00:00,30103.75,30105.5,30095.5,30097,422
2026-08-17T18:32:00+00:00,30097.25,30104.5,30092.5,30103.75,612
2026-08-17T18:33:00+00:00,30104.25,30104.5,30099.75,30101.25,327
2026-08-17T18:34:00+00:00,30101,30106,30100,30100.75,290
2026-08-17T18:35:00+00:00,30101,30109.75,30101,30108,332
2026-08-17T18:36:00+00:00,30107,30107.75,30104.25,30106,245
2026-08-17T18:37:00+00:00,30106.5,30107.5,30101.75,30104.5,230
2026-08-17T18:38:00+00:00,30104.25,30110,30103.25,30104.75,412
2026-08-17T18:39:00+00:00,30105,30107.75,30103.75,30107,170
2026-08-17T18:40:00+00:00,30107,30109,30103.75,30108.75,184
2026-08-17T18:41:00+00:00,30108.75,30112.5,30105.25,30112.25,384
2026-08-17T18:42:00+00:00,30111.75,30116.5,30110,30116.5,439
2026-08-17T18:43:00+00:00,30116.25,30120,30115.25,30117.75,593
2026-08-17T18:44:00+00:00,30118,30119.5,30115.75,30117.25,263
2026-08-17T18:45:00+00:00,30117.75,30120.5,30115.5,30117,422
2026-08-17T18:46:00+00:00,30117.5,30121.75,30116.5,30119.25,245
2026-08-17T18:47:00+00:00,30119.25,30120.25,30116.75,30119,250
2026-08-17T18:48:00+00:00,30118.5,30124.5,30117.25,30124.25,456
2026-08-17T18:49:00+00:00,30124.25,30125,30121.25,30123.5,349
2026-08-17T18:50:00+00:00,30123,30127,30122.75,30126.25,409
2026-08-17T18:51:00+00:00,30126.5,30135,30126,30134.75,710
2026-08-17T18:52:00+00:00,30135,30136.5,30128.25,30128.75,464
2026-08-17T18:53:00+00:00,30128.5,30130,30124.5,30124.5,387
2026-08-17T18:54:00+00:00,30125.25,30127.5,30120,30122,535
2026-08-17T18:55:00+00:00,30122.75,30124,30117.5,30121.75,383
2026-08-17T18:56:00+00:00,30122.5,30123,30118.25,30119.5,295
2026-08-17T18:57:00+00:00,30119.5,30121.5,30117.25,30118,271
2026-08-17T18:58:00+00:00,30118.5,30124.25,30116.5,30124,492
2026-08-17T18:59:00+00:00,30123.5,30125,30121.5,30122.25,327
2026-08-17T19:00:00+00:00,30122.5,30124.75,30118.5,30123.5,418
2026-08-17T19:01:00+00:00,30123.25,30123.5,30116.75,30119.25,268
2026-08-17T19:02:00+00:00,30118.75,30119.75,30111.5,30112,643
2026-08-17T19:03:00+00:00,30112.25,30113,30110.25,30112.5,406
2026-08-17T19:04:00+00:00,30112.5,30115.5,30106.25,30107.5,494
2026-08-17T19:05:00+00:00,30106.5,30114.5,30104.5,30114,527
2026-08-17T19:06:00+00:00,30113.75,30115,30110.75,30110.75,278
2026-08-17T19:07:00+00:00,30110.75,30110.75,30103.5,30106.25,391
2026-08-17T19:08:00+00:00,30106.5,30106.75,30098.25,30100,581
2026-08-17T19:09:00+00:00,30100.5,30105,30098.75,30102.5,353
2026-08-17T19:10:00+00:00,30101.75,30103.5,30097,30101,290
2026-08-17T19:11:00+00:00,30100.5,30104.25,30096,30097.5,467
2026-08-17T19:12:00+00:00,30097.25,30100.75,30092,30093.75,403
2026-08-17T19:13:00+00:00,30094,30094.75,30087.25,30088.75,598
2026-08-17T19:14:00+00:00,30088.5,30091.5,30083.25,30084.75,451
2026-08-17T19:15:00+00:00,30084.75,30093.25,30082.25,30092.75,622
2026-08-17T19:16:00+00:00,30093,30098,30092,30096.75,498
2026-08-17T19:17:00+00:00,30096.5,30102.5,30095.75,30101,700
2026-08-17T19:18:00+00:00,30100.5,30106.25,30099,30106.25,806
2026-08-17T19:19:00+00:00,30106.25,30107.25,30091,30092.25,653
2026-08-17T19:20:00+00:00,30092,30097,30088.25,30088.75,602
2026-08-17T19:21:00+00:00,30089.75,30091,30082.75,30089.5,516
2026-08-17T19:22:00+00:00,30089.75,30091.75,30085.5,30090.5,468
2026-08-17T19:23:00+00:00,30090.75,30095.5,30088.5,30095.5,365
2026-08-17T19:24:00+00:00,30095.5,30098.25,30093.25,30096,368
2026-08-17T19:25:00+00:00,30096.75,30114,30095.5,30111.75,923
2026-08-17T19:26:00+00:00,30111.75,30112.5,30102.75,30105,598
2026-08-17T19:27:00+00:00,30104.5,30104.5,30096,30098.25,496
2026-08-17T19:28:00+00:00,30097.5,30103,30095.5,30099.75,430
2026-08-17T19:29:00+00:00,30100,30100.5,30092.5,30093.5,463
2026-08-17T19:30:00+00:00,30093.75,30095.25,30088.75,30091.75,793
2026-08-17T19:31:00+00:00,30090.75,30100.25,30090,30099,541
2026-08-17T19:32:00+00:00,30099.5,30104.5,30093.5,30098.25,775
2026-08-17T19:33:00+00:00,30098.25,30102,30094.25,30101.25,523
2026-08-17T19:34:00+00:00,30101.25,30105.5,30097,30097.25,450
2026-08-17T19:35:00+00:00,30097.5,30104.5,30096.75,30098.75,490
2026-08-17T19:36:00+00:00,30099.5,30101.25,30097.5,30098.75,420
2026-08-17T19:37:00+00:00,30099.25,30102.5,30097,30098.5,317
2026-08-17T19:38:00+00:00,30098.25,30104.5,30094.25,30103,478
2026-08-17T19:39:00+00:00,30103.25,30106,30102.75,30105.75,360
2026-08-17T19:40:00+00:00,30105.25,30111.75,30104.25,30107.75,654
2026-08-17T19:41:00+00:00,30107.5,30107.5,30096.5,30099.75,661
2026-08-17T19:42:00+00:00,30100,30102.5,30097.75,30100.5,282
2026-08-17T19:43:00+00:00,30101.25,30103,30096.5,30102.25,497
2026-08-17T19:44:00+00:00,30103,30110.25,30101.5,30102.25,613
2026-08-17T19:45:00+00:00,30102.75,30111.25,30102.75,30108.75,619
2026-08-17T19:46:00+00:00,30108,30109.75,30104.25,30106.75,327
2026-08-17T19:47:00+00:00,30106.5,30114.75,30106,30110.25,606
2026-08-17T19:48:00+00:00,30110,30116.75,30108.5,30116.5,461
2026-08-17T19:49:00+00:00,30116.5,30120,30113.5,30120,527
2026-08-17T19:50:00+00:00,30119.75,30123,30105,30105.75,1153
2026-08-17T19:51:00+00:00,30105.25,30109,30100.5,30101.25,887
2026-08-17T19:52:00+00:00,30100.75,30105.5,30097,30098.25,729
2026-08-17T19:53:00+00:00,30097.75,30101.75,30089,30101.75,1259
2026-08-17T19:54:00+00:00,30101.5,30106.25,30090,30093.5,1116
2026-08-17T19:55:00+00:00,30094,30097,30072,30074,1759
2026-08-17T19:56:00+00:00,30073.5,30077.25,30066.5,30076,1219
2026-08-17T19:57:00+00:00,30076.75,30088.25,30076.75,30085,1274
2026-08-17T19:58:00+00:00,30085.5,30097.25,30084.5,30096.5,1156
2026-08-17T19:59:00+00:00,30096.75,30105,30086.25,30091.5,6322
2026-08-17T20:00:00+00:00,30091,30094.75,30078.75,30090.75,2071
2026-08-17T20:01:00+00:00,30090.25,30098,30089.75,30097,547
2026-08-17T20:02:00+00:00,30097,30097.75,30086.5,30087.5,552
2026-08-17T20:03:00+00:00,30087.25,30087.75,30078,30082,886
2026-08-17T20:04:00+00:00,30081.5,30086,30079,30080.25,478
2026-08-17T20:05:00+00:00,30079.75,30082,30076.5,30077.5,387
2026-08-17T20:06:00+00:00,30077.5,30077.75,30070.75,30074,388
2026-08-17T20:07:00+00:00,30074.25,30081.25,30070.25,30080.25,503
2026-08-17T20:08:00+00:00,30080,30081.75,30074.75,30079.5,294
2026-08-17T20:09:00+00:00,30079,30082,30073,30080.5,368
2026-08-17T20:10:00+00:00,30081.25,30083.75,30079.5,30079.5,239
2026-08-17T20:11:00+00:00,30080,30084.5,30078,30083.5,238
2026-08-17T20:12:00+00:00,30083.75,30085,30082,30082,162
2026-08-17T20:13:00+00:00,30082.75,30085,30080.5,30083.75,142
2026-08-17T20:14:00+00:00,30083.5,30084,30076.75,30078.25,146
2026-08-17T20:15:00+00:00,30078.25,30079.5,30071.25,30073.25,206
2026-08-17T20:16:00+00:00,30073.5,30077.75,30070.5,30072.75,166
2026-08-17T20:17:00+00:00,30073.25,30080.75,30068.5,30079,241
2026-08-17T20:18:00+00:00,30079.25,30081.25,30076,30080.5,97
2026-08-17T20:19:00+00:00,30080.25,30081.25,30077.75,30080.75,52
2026-08-17T20:20:00+00:00,30081.25,30082.25,30079.25,30081,54
2026-08-17T20:21:00+00:00,30080,30081,30078.5,30078.75,28
2026-08-17T20:22:00+00:00,30079.5,30080.25,30078,30078.5,38
2026-08-17T20:23:00+00:00,30079.25,30080.5,30078.75,30080.25,23
2026-08-17T20:24:00+00:00,30080,30080,30077.5,30077.75,28
2026-08-17T20:25:00+00:00,30077.25,30078.75,30076,30076.5,42
2026-08-17T20:26:00+00:00,30077.25,30077.75,30076,30077.25,53
2026-08-17T20:27:00+00:00,30077.25,30078,30075.75,30077.5,38
2026-08-17T20:28:00+00:00,30078,30079.75,30075,30078.5,150
2026-08-17T20:29:00+00:00,30079,30079,30077.25,30078.5,66
2026-08-17T20:30:00+00:00,30077.75,30079.5,30075.75,30079.25,152
